time	V(n001)	V(n002)	V(n003)
0.000000000000000e+00	0.000000e+00	0.000000e+00	0.000000e+00
1.006310719978738e-09	0.000000e+00	0.000000e+00	0.000000e+00
2.000000000000000e-09	0.000000e+00	0.000000e+00	0.000000e+00
2.003785714285714e-09	1.609613e-07	0.000000e+00	0.000000e+00
2.007571428571428e-09	6.212353e-07	0.000000e+00	0.000000e+00
2.011357142857142e-09	1.380822e-06	0.000000e+00	0.000000e+00
2.015142857142856e-09	2.439721e-06	0.000000e+00	0.000000e+00
2.018928571428570e-09	3.797933e-06	0.000000e+00	0.000000e+00
2.022714285714284e-09	5.455458e-06	0.000000e+00	0.000000e+00
2.026499999999997e-09	7.412295e-06	0.000000e+00	0.000000e+00
2.027499999999997e-09	7.977939e-06	0.000000e+00	0.000000e+00
2.040071428571425e-09	1.693136e-05	0.000000e+00	0.000000e+00
2.052642857142852e-09	2.901574e-05	0.000000e+00	0.000000e+00
2.065214285714279e-09	4.423108e-05	0.000000e+00	0.000000e+00
2.077785714285706e-09	6.257739e-05	0.000000e+00	0.000000e+00
2.090357142857133e-09	8.405466e-05	0.000000e+00	0.000000e+00
2.102928571428561e-09	1.086629e-04	0.000000e+00	0.000000e+00
2.115499999999988e-09	1.364021e-04	0.000000e+00	0.000000e+00
2.139071428571414e-09	1.968571e-04	0.000000e+00	0.000000e+00
2.162642857142840e-09	2.671274e-04	0.000000e+00	0.000000e+00
2.186214285714266e-09	3.472132e-04	0.000000e+00	0.000000e+00
2.209785714285692e-09	4.371143e-04	0.000000e+00	0.000000e+00
2.233357142857118e-09	5.368308e-04	0.000000e+00	0.000000e+00
2.256928571428544e-09	6.463626e-04	0.000000e+00	0.000000e+00
2.280499999999970e-09	7.657098e-04	0.000000e+00	0.000000e+00
2.322785714285680e-09	1.004065e-03	0.000000e+00	0.000000e+00
2.365071428571390e-09	1.268068e-03	0.000000e+00	0.000000e+00
2.407357142857100e-09	1.557718e-03	0.000000e+00	0.000000e+00
2.449642857142810e-09	1.873015e-03	0.000000e+00	0.000000e+00
2.491928571428519e-09	2.213960e-03	0.000000e+00	0.000000e+00
2.534214285714229e-09	2.580552e-03	0.000000e+00	0.000000e+00
2.576499999999939e-09	2.972791e-03	0.000000e+00	0.000000e+00
2.644214285714217e-09	3.650635e-03	0.000000e+00	0.000000e+00
2.711928571428496e-09	4.374952e-03	0.000000e+00	0.000000e+00
2.779642857142774e-09	5.145741e-03	0.000000e+00	0.000000e+00
2.847357142857053e-09	5.963003e-03	0.000000e+00	0.000000e+00
2.915071428571331e-09	6.826736e-03	0.000000e+00	0.000000e+00
2.982785714285610e-09	7.736942e-03	0.000000e+00	0.000000e+00
3.050499999999888e-09	8.693621e-03	0.000000e+00	0.000000e+00
3.051499999999888e-09	8.707931e-03	0.000000e+00	0.000000e+00
3.176642857142744e-09	1.058648e-02	0.000000e+00	0.000000e+00
3.301785714285600e-09	1.255181e-02	0.000000e+00	0.000000e+00
3.426928571428455e-09	1.460392e-02	0.000000e+00	0.000000e+00
3.552071428571311e-09	1.674280e-02	0.000000e+00	0.000000e+00
3.677214285714167e-09	1.896846e-02	0.000000e+00	0.000000e+00
3.802357142857023e-09	2.128089e-02	0.000000e+00	0.000000e+00
3.927499999999878e-09	2.368009e-02	0.000000e+00	0.000000e+00
4.075499999999924e-09	2.656358e-02	0.000000e+00	0.000000e+00
4.221642857142826e-09	2.949525e-02	0.000000e+00	0.000000e+00
4.367785714285728e-09	3.247081e-02	0.000000e+00	0.000000e+00
4.513928571428629e-09	3.549024e-02	0.000000e+00	0.000000e+00
4.660071428571532e-09	3.855355e-02	0.000000e+00	0.000000e+00
4.806214285714434e-09	4.166074e-02	0.000000e+00	0.000000e+00
4.952357142857336e-09	4.481181e-02	0.000000e+00	0.000000e+00
5.098500000000238e-09	4.800675e-02	0.000000e+00	0.000000e+00
5.099500000000238e-09	4.802862e-02	0.000000e+00	0.000000e+00
5.245642857143140e-09	5.124319e-02	0.000000e+00	0.000000e+00
5.391785714286042e-09	5.447506e-02	0.000000e+00	0.000000e+00
5.537928571428944e-09	5.772422e-02	0.000000e+00	0.000000e+00
5.684071428571846e-09	6.099069e-02	0.000000e+00	0.000000e+00
5.830214285714748e-09	6.427445e-02	0.000000e+00	0.000000e+00
5.976357142857650e-09	6.757551e-02	0.000000e+00	0.000000e+00
6.122500000000552e-09	7.089386e-02	0.000000e+00	0.000000e+00
6.123500000000552e-09	7.091657e-02	0.000000e+00	0.000000e+00
7.147500000000866e-09	9.436548e-02	0.000000e+00	0.000000e+00
8.171500000000584e-09	1.180355e-01	0.000000e+00	0.000000e+00
9.195500000000051e-09	1.417927e-01	0.000000e+00	0.000000e+00
1.021949999999952e-08	1.655843e-01	0.000000e+00	0.000000e+00
1.124349999999898e-08	1.893895e-01	0.000000e+00	0.000000e+00
1.226749999999845e-08	2.131999e-01	0.000000e+00	0.000000e+00
1.329149999999792e-08	2.370125e-01	0.000000e+00	0.000000e+00
1.431549999999739e-08	2.608259e-01	0.000000e+00	0.000000e+00
1.533949999999758e-08	2.846397e-01	0.000000e+00	0.000000e+00
1.636349999999874e-08	3.084535e-01	0.000000e+00	0.000000e+00
1.738749999999990e-08	3.322675e-01	0.000000e+00	0.000000e+00
1.841150000000106e-08	3.560814e-01	0.000000e+00	0.000000e+00
1.943550000000222e-08	3.798954e-01	9.867999e-25	0.000000e+00
2.028850000000319e-08	3.997326e-01	9.654286e-10	0.000000e+00
2.029150000000319e-08	3.998023e-01	6.039514e-09	0.000000e+00
2.029450000000320e-08	3.998721e-01	1.162197e-08	0.000000e+00
2.029750000000320e-08	3.999419e-01	1.797081e-08	0.000000e+00
2.030050000000320e-08	4.000116e-01	2.545927e-08	0.000000e+00
2.030350000000321e-08	4.000814e-01	3.444572e-08	0.000000e+00
2.030650000000321e-08	4.001512e-01	4.529246e-08	0.000000e+00
2.030950000000321e-08	4.002209e-01	5.835784e-08	0.000000e+00
2.031250000000322e-08	4.002907e-01	7.399954e-08	0.000000e+00
2.032135714286037e-08	4.004967e-01	1.167089e-07	0.000000e+00
2.033021428571752e-08	4.007026e-01	2.160707e-07	0.000000e+00
2.033907142857468e-08	4.009086e-01	3.720848e-07	0.000000e+00
2.034792857143183e-08	4.011146e-01	5.847514e-07	0.000000e+00
2.035678571428898e-08	4.013206e-01	8.540703e-07	0.000000e+00
2.036564285714613e-08	4.015266e-01	1.180042e-06	0.000000e+00
2.037450000000329e-08	4.017326e-01	1.562665e-06	0.000000e+00
2.038650000000330e-08	4.020116e-01	2.201254e-06	0.000000e+00
2.039850000000331e-08	4.022907e-01	3.068327e-06	0.000000e+00
2.041050000000333e-08	4.025698e-01	4.163882e-06	0.000000e+00
2.042250000000334e-08	4.028488e-01	5.487920e-06	0.000000e+00
2.043450000000336e-08	4.031279e-01	7.040442e-06	0.000000e+00
2.044650000000337e-08	4.034070e-01	8.821446e-06	0.000000e+00
2.045850000000338e-08	4.036860e-01	1.083093e-05	0.000000e+00
2.045950000000338e-08	4.037093e-01	1.101543e-05	0.000000e+00
2.047492857143197e-08	4.040681e-01	1.403971e-05	0.000000e+00
2.049035714286056e-08	4.044269e-01	1.768082e-05	0.000000e+00
2.050578571428915e-08	4.047857e-01	2.193878e-05	0.000000e+00
2.052121428571774e-08	4.051445e-01	2.681358e-05	0.000000e+00
2.053664285714633e-08	4.055033e-01	3.230522e-05	0.000000e+00
2.055207142857492e-08	4.058621e-01	3.841370e-05	0.000000e+00
2.056750000000351e-08	4.062209e-01	4.513902e-05	0.000000e+00
2.058878571428924e-08	4.067160e-01	5.556262e-05	0.000000e+00
2.061007142857498e-08	4.072110e-01	6.766053e-05	0.000000e+00
2.063135714286072e-08	4.077060e-01	8.143275e-05	0.000000e+00
2.065264285714646e-08	4.082010e-01	9.687927e-05	0.000000e+00
2.067392857143220e-08	4.086960e-01	1.140001e-04	0.000000e+00
2.069521428571794e-08	4.091910e-01	1.327952e-04	0.000000e+00
2.071650000000367e-08	4.096861e-01	1.532647e-04	0.000000e+00
2.074992857143228e-08	4.104635e-01	1.890804e-04	0.000000e+00
2.078335714286089e-08	4.112409e-01	2.304078e-04	0.000000e+00
2.081678571428950e-08	4.120183e-01	2.772470e-04	0.000000e+00
2.085021428571811e-08	4.127957e-01	3.295979e-04	0.000000e+00
2.088364285714672e-08	4.135731e-01	3.874606e-04	0.000000e+00
2.091707142857533e-08	4.143505e-01	4.508350e-04	0.000000e+00
2.095050000000394e-08	4.151279e-01	5.197212e-04	0.000000e+00
2.101421428571830e-08	4.166096e-01	6.674015e-04	0.000000e+00
2.107792857143265e-08	4.180914e-01	8.402588e-04	0.000000e+00
2.114164285714701e-08	4.195731e-01	1.038293e-03	0.000000e+00
2.120535714286137e-08	4.210548e-01	1.261504e-03	0.000000e+00
2.126907142857573e-08	4.225365e-01	1.509893e-03	0.000000e+00
2.133278571429009e-08	4.240183e-01	1.783458e-03	0.000000e+00
2.139650000000445e-08	4.255000e-01	2.082200e-03	0.000000e+00
2.140878571429017e-08	4.257857e-01	2.143160e-03	0.000000e+00
2.142107142857590e-08	4.260714e-01	2.205125e-03	0.000000e+00
2.143335714286163e-08	4.263571e-01	2.268094e-03	0.000000e+00
2.144564285714736e-08	4.266429e-01	2.332068e-03	0.000000e+00
2.145792857143309e-08	4.269286e-01	2.397047e-03	0.000000e+00
2.147021428571882e-08	4.272143e-01	2.463030e-03	0.000000e+00
2.148250000000454e-08	4.275000e-01	2.530018e-03	0.000000e+00
2.148350000000454e-08	4.275233e-01	2.535515e-03	0.000000e+00
2.161978571429041e-08	4.306927e-01	3.351981e-03	0.000000e+00
2.175607142857628e-08	4.338621e-01	4.289796e-03	0.000000e+00
2.189235714286215e-08	4.370316e-01	5.348960e-03	0.000000e+00
2.202864285714802e-08	4.402010e-01	6.529472e-03	0.000000e+00
2.216492857143389e-08	4.433704e-01	7.831333e-03	0.000000e+00
2.230121428571976e-08	4.465399e-01	9.254543e-03	0.000000e+00
2.243750000000563e-08	4.497093e-01	1.079910e-02	0.000000e+00
2.250750000000571e-08	4.513372e-01	1.163251e-02	0.000000e+00
2.264954760003788e-08	4.546407e-01	1.342381e-02	0.000000e+00
2.279159520007006e-08	4.579441e-01	1.531557e-02	0.000000e+00
2.293364280010224e-08	4.612475e-01	1.730779e-02	0.000000e+00
2.307569040013442e-08	4.645510e-01	1.940047e-02	0.000000e+00
2.321773800016659e-08	4.678544e-01	2.159360e-02	0.000000e+00
2.335978560019877e-08	4.711578e-01	2.388719e-02	0.000000e+00
2.350183320023095e-08	4.744612e-01	2.628125e-02	0.000000e+00
2.350583320023095e-08	4.745539e-01	2.634944e-02	0.000000e+00
2.360654748594535e-08	4.767429e-01	2.809394e-02	0.000000e+00
2.370726177165975e-08	4.787755e-01	2.987425e-02	0.000000e+00
2.380797605737415e-08	4.806519e-01	3.169037e-02	0.000000e+00
2.390869034308855e-08	4.823719e-01	3.354232e-02	0.000000e+00
2.400940462880295e-08	4.839356e-01	3.543008e-02	0.000000e+00
2.411011891451735e-08	4.853429e-01	3.735366e-02	0.000000e+00
2.421083320023175e-08	4.865940e-01	3.931305e-02	0.000000e+00
2.425626177166037e-08	4.871342e-01	4.020547e-02	0.000000e+00
2.430169034308900e-08	4.876546e-01	4.110366e-02	0.000000e+00
2.434711891451762e-08	4.881552e-01	4.200760e-02	0.000000e+00
2.439254748594624e-08	4.886360e-01	4.291731e-02	0.000000e+00
2.443797605737486e-08	4.890970e-01	4.383278e-02	0.000000e+00
2.448340462880349e-08	4.895381e-01	4.475400e-02	0.000000e+00
2.452883320023211e-08	4.899594e-01	4.568100e-02	0.000000e+00
2.452983320023211e-08	4.899685e-01	4.570146e-02	0.000000e+00
2.463054748594651e-08	4.908315e-01	4.777784e-02	0.000000e+00
2.473126177166091e-08	4.916328e-01	4.987636e-02	0.000000e+00
2.483197605737531e-08	4.923725e-01	5.199703e-02	0.000000e+00
2.493269034308971e-08	4.930506e-01	5.413983e-02	0.000000e+00
2.503340462880411e-08	4.936670e-01	5.630478e-02	0.000000e+00
2.513411891451851e-08	4.942218e-01	5.849187e-02	0.000000e+00
2.523483320023291e-08	4.947150e-01	6.070111e-02	0.000000e+00
2.528026177166153e-08	4.949280e-01	6.170271e-02	0.000000e+00
2.532569034309016e-08	4.951331e-01	6.270778e-02	0.000000e+00
2.537111891451878e-08	4.953305e-01	6.371633e-02	0.000000e+00
2.541654748594740e-08	4.955200e-01	6.472836e-02	0.000000e+00
2.546197605737603e-08	4.957017e-01	6.574386e-02	0.000000e+00
2.550740462880465e-08	4.958757e-01	6.676283e-02	0.000000e+00
2.555283320023327e-08	4.960417e-01	6.778528e-02	0.000000e+00
2.555383320023327e-08	4.960454e-01	6.780782e-02	0.000000e+00
2.565469034309053e-08	4.963860e-01	7.009059e-02	0.000000e+00
2.575554748594779e-08	4.967023e-01	7.238650e-02	0.000000e+00
2.585640462880505e-08	4.969942e-01	7.469555e-02	0.000000e+00
2.595726177166230e-08	4.972618e-01	7.701775e-02	0.000000e+00
2.605811891451956e-08	4.975050e-01	7.935309e-02	0.000000e+00
2.615897605737682e-08	4.977239e-01	8.170156e-02	0.000000e+00
2.625983320023407e-08	4.979184e-01	8.406318e-02	0.000000e+00
2.630511891451984e-08	4.980021e-01	8.512649e-02	0.000000e+00
2.635040462880561e-08	4.980826e-01	8.619181e-02	0.000000e+00
2.639569034309137e-08	4.981601e-01	8.725915e-02	0.000000e+00
2.644097605737714e-08	4.982346e-01	8.832850e-02	0.000000e+00
2.648626177166290e-08	4.983060e-01	8.939986e-02	0.000000e+00
2.653154748594867e-08	4.983743e-01	9.047324e-02	0.000000e+00
2.657683320023443e-08	4.984396e-01	9.154862e-02	0.000000e+00
2.657783320023443e-08	4.984410e-01	9.157238e-02	0.000000e+00
2.667883320023455e-08	4.985754e-01	9.397827e-02	0.000000e+00
2.677983320023466e-08	4.987003e-01	9.639176e-02	0.000000e+00
2.688083320023478e-08	4.988155e-01	9.881284e-02	0.000000e+00
2.698183320023489e-08	4.989211e-01	1.012415e-01	0.000000e+00
2.708283320023501e-08	4.990171e-01	1.036778e-01	0.000000e+00
2.718383320023512e-08	4.991034e-01	1.061217e-01	0.000000e+00
2.728483320023524e-08	4.991801e-01	1.085731e-01	0.000000e+00
2.732997605737814e-08	4.992130e-01	1.096705e-01	0.000000e+00
2.737511891452105e-08	4.992446e-01	1.107690e-01	0.000000e+00
2.742026177166396e-08	4.992750e-01	1.118686e-01	0.000000e+00
2.746540462880687e-08	4.993043e-01	1.129694e-01	0.000000e+00
2.751054748594978e-08	4.993323e-01	1.140713e-01	0.000000e+00
2.755569034309269e-08	4.993592e-01	1.151744e-01	0.000000e+00
2.760083320023559e-08	4.993849e-01	1.162786e-01	0.000000e+00
2.760183320023560e-08	4.993854e-01	1.163030e-01	0.000000e+00
2.770340462880714e-08	4.994387e-01	1.187918e-01	0.000000e+00
2.780497605737868e-08	4.994881e-01	1.212849e-01	0.000000e+00
2.790654748595023e-08	4.995338e-01	1.237824e-01	0.000000e+00
2.800811891452177e-08	4.995756e-01	1.262842e-01	0.000000e+00
2.810969034309331e-08	4.996135e-01	1.287903e-01	0.000000e+00
2.821126177166486e-08	4.996477e-01	1.313008e-01	0.000000e+00
2.831283320023640e-08	4.996780e-01	1.338157e-01	0.000000e+00
2.835740462880788e-08	4.996907e-01	1.349202e-01	0.000000e+00
2.840197605737936e-08	4.997030e-01	1.360253e-01	0.000000e+00
2.844654748595084e-08	4.997148e-01	1.371310e-01	0.000000e+00
2.849111891452232e-08	4.997262e-01	1.382373e-01	0.000000e+00
2.853569034309380e-08	4.997371e-01	1.393443e-01	0.000000e+00
2.858026177166527e-08	4.997475e-01	1.404519e-01	0.000000e+00
2.862483320023676e-08	4.997575e-01	1.415602e-01	0.000000e+00
2.862583320023676e-08	4.997577e-01	1.415850e-01	0.000000e+00
2.872869034309402e-08	4.997790e-01	1.441449e-01	0.000000e+00
2.883154748595128e-08	4.997987e-01	1.467074e-01	0.000000e+00
2.893440462880854e-08	4.998168e-01	1.492723e-01	0.000000e+00
2.903726177166579e-08	4.998334e-01	1.518397e-01	0.000000e+00
2.914011891452305e-08	4.998485e-01	1.544096e-01	0.000000e+00
2.924297605738031e-08	4.998621e-01	1.569820e-01	0.000000e+00
2.934583320023757e-08	4.998741e-01	1.595569e-01	0.000000e+00
2.938911891452334e-08	4.998789e-01	1.606409e-01	0.000000e+00
2.943240462880910e-08	4.998836e-01	1.617253e-01	0.000000e+00
2.947569034309486e-08	4.998881e-01	1.628101e-01	0.000000e+00
2.951897605738063e-08	4.998924e-01	1.638951e-01	0.000000e+00
2.956226177166639e-08	4.998966e-01	1.649805e-01	0.000000e+00
2.960554748595215e-08	4.999006e-01	1.660662e-01	0.000000e+00
2.964883320023792e-08	4.999044e-01	1.671523e-01	0.000000e+00
2.964983320023792e-08	4.999045e-01	1.671774e-01	0.000000e+00
2.975583320023804e-08	4.999131e-01	1.698384e-01	0.000000e+00
2.986183320023815e-08	4.999211e-01	1.725009e-01	0.000000e+00
2.996783320023827e-08	4.999284e-01	1.751648e-01	0.000000e+00
3.007383320023840e-08	4.999351e-01	1.778302e-01	0.000000e+00
3.017983320023852e-08	4.999412e-01	1.804971e-01	0.000000e+00
3.028583320023864e-08	4.999466e-01	1.831654e-01	0.000000e+00
3.039183320023876e-08	4.999513e-01	1.858352e-01	0.000000e+00
3.043197605738166e-08	4.999531e-01	1.868466e-01	0.000000e+00
3.047211891452456e-08	4.999548e-01	1.878580e-01	0.000000e+00
3.051226177166747e-08	4.999564e-01	1.888696e-01	0.000000e+00
3.055240462881036e-08	4.999580e-01	1.898814e-01	0.000000e+00
3.059254748595327e-08	4.999595e-01	1.908933e-01	0.000000e+00
3.063269034309617e-08	4.999609e-01	1.919054e-01	0.000000e+00
3.067283320023907e-08	4.999623e-01	1.929177e-01	0.000000e+00
3.067383320023908e-08	4.999623e-01	1.929429e-01	0.000000e+00
3.078754748595349e-08	4.999660e-01	1.958112e-01	0.000000e+00
3.090126177166791e-08	4.999693e-01	1.986804e-01	0.000000e+00
3.101497605738232e-08	4.999724e-01	2.015506e-01	0.000000e+00
3.112869034309673e-08	4.999751e-01	2.044217e-01	0.000000e+00
3.124240462881115e-08	4.999776e-01	2.072937e-01	0.000000e+00
3.135611891452556e-08	4.999798e-01	2.101666e-01	0.000000e+00
3.146983320023998e-08	4.999817e-01	2.130404e-01	0.000000e+00
3.150226177166859e-08	4.999823e-01	2.138601e-01	0.000000e+00
3.153469034309719e-08	4.999828e-01	2.146797e-01	0.000000e+00
3.156711891452580e-08	4.999833e-01	2.154995e-01	0.000000e+00
3.159954748595441e-08	4.999838e-01	2.163193e-01	0.000000e+00
3.163197605738302e-08	4.999842e-01	2.171392e-01	0.000000e+00
3.166440462881163e-08	4.999847e-01	2.179591e-01	0.000000e+00
3.169683320024024e-08	4.999851e-01	2.187791e-01	0.000000e+00
3.169783320024024e-08	4.999852e-01	2.188043e-01	0.000000e+00
3.182854748595467e-08	4.999868e-01	2.221102e-01	0.000000e+00
3.195926177166911e-08	4.999882e-01	2.254166e-01	0.000000e+00
3.208997605738354e-08	4.999896e-01	2.287237e-01	0.000000e+00
3.222069034309797e-08	4.999908e-01	2.320315e-01	0.000000e+00
3.235140462881240e-08	4.999918e-01	2.353399e-01	0.000000e+00
3.248211891452684e-08	4.999928e-01	2.386489e-01	0.000000e+00
3.261283320024127e-08	4.999935e-01	2.419586e-01	0.000000e+00
3.272183320024140e-08	4.999942e-01	2.447187e-01	0.000000e+00
3.286797605738442e-08	4.999949e-01	2.484200e-01	0.000000e+00
3.301411891452744e-08	4.999955e-01	2.521218e-01	0.000000e+00
3.316026177167047e-08	4.999961e-01	2.558240e-01	0.000000e+00
3.330640462881349e-08	4.999966e-01	2.595266e-01	0.000000e+00
3.345254748595651e-08	4.999970e-01	2.632296e-01	0.000000e+00
3.359869034309953e-08	4.999974e-01	2.669331e-01	0.000000e+00
3.374483320024256e-08	4.999977e-01	2.706369e-01	0.000000e+00
3.374583320024256e-08	4.999977e-01	2.706623e-01	0.000000e+00
3.389197605738558e-08	4.999980e-01	2.743665e-01	0.000000e+00
3.403811891452860e-08	4.999982e-01	2.780709e-01	0.000000e+00
3.418426177167163e-08	4.999984e-01	2.817755e-01	0.000000e+00
3.433040462881465e-08	4.999986e-01	2.854804e-01	0.000000e+00
3.447654748595767e-08	4.999988e-01	2.891855e-01	0.000000e+00
3.462269034310069e-08	4.999990e-01	2.928909e-01	0.000000e+00
3.476883320024372e-08	4.999991e-01	2.965965e-01	0.000000e+00
3.476983320024372e-08	4.999991e-01	2.966218e-01	0.000000e+00
3.491597605738675e-08	4.999992e-01	3.003276e-01	0.000000e+00
3.506211891452976e-08	4.999993e-01	3.040334e-01	0.000000e+00
3.520826177167279e-08	4.999994e-01	3.077394e-01	0.000000e+00
3.535440462881581e-08	4.999995e-01	3.114456e-01	0.000000e+00
3.550054748595884e-08	4.999995e-01	3.151518e-01	0.000000e+00
3.564669034310185e-08	4.999996e-01	3.188582e-01	0.000000e+00
3.579283320024488e-08	4.999996e-01	3.225647e-01	0.000000e+00
3.579383320024488e-08	4.999996e-01	3.225901e-01	0.000000e+00
3.681783320024604e-08	4.999999e-01	3.485632e-01	0.000000e+00
3.784183320024720e-08	4.999999e-01	3.745389e-01	0.000000e+00
3.857683320024804e-08	5.000000e-01	3.931845e-01	0.000000e+00
3.857983320024804e-08	5.000000e-01	3.932606e-01	0.000000e+00
3.858283320024804e-08	5.000000e-01	3.933367e-01	0.000000e+00
3.858583320024805e-08	5.000000e-01	3.934128e-01	0.000000e+00
3.858883320024805e-08	5.000000e-01	3.934889e-01	0.000000e+00
3.859183320024805e-08	5.000000e-01	3.935650e-01	0.000000e+00
3.859483320024806e-08	4.999999e-01	3.936411e-01	0.000000e+00
3.859783320024806e-08	4.999999e-01	3.937172e-01	0.000000e+00
3.860083320024806e-08	4.999999e-01	3.937933e-01	0.000000e+00
3.860826177167665e-08	4.999999e-01	3.939818e-01	0.000000e+00
3.861569034310522e-08	4.999998e-01	3.941702e-01	0.000000e+00
3.862311891453380e-08	4.999997e-01	3.943587e-01	0.000000e+00
3.863054748596238e-08	4.999995e-01	3.945471e-01	0.000000e+00
3.863797605739097e-08	4.999992e-01	3.947356e-01	0.000000e+00
3.864540462881954e-08	4.999989e-01	3.949240e-01	0.000000e+00
3.865283320024812e-08	4.999986e-01	3.951125e-01	0.000000e+00
3.866540462881956e-08	4.999979e-01	3.954314e-01	0.000000e+00
3.867797605739101e-08	4.999969e-01	3.957503e-01	0.000000e+00
3.869054748596245e-08	4.999955e-01	3.960692e-01	0.000000e+00
3.870311891453389e-08	4.999939e-01	3.963882e-01	0.000000e+00
3.871569034310533e-08	4.999919e-01	3.967071e-01	0.000000e+00
3.872826177167678e-08	4.999896e-01	3.970260e-01	0.000000e+00
3.874083320024822e-08	4.999870e-01	3.973449e-01	0.000000e+00
3.875854748596253e-08	4.999827e-01	3.977943e-01	0.000000e+00
3.877626177167684e-08	4.999773e-01	3.982437e-01	0.000000e+00
3.879397605739114e-08	4.999710e-01	3.986931e-01	0.000000e+00
3.881169034310544e-08	4.999636e-01	3.991425e-01	0.000000e+00
3.882940462881975e-08	4.999552e-01	3.995919e-01	0.000000e+00
3.884711891453406e-08	4.999457e-01	4.000412e-01	0.000000e+00
3.886483320024836e-08	4.999352e-01	4.004906e-01	0.000000e+00
3.886583320024836e-08	4.999346e-01	4.005160e-01	0.000000e+00
3.889711891453411e-08	4.999132e-01	4.013097e-01	0.000000e+00
3.892840462881986e-08	4.998873e-01	4.021034e-01	0.000000e+00
3.895969034310561e-08	4.998569e-01	4.028970e-01	0.000000e+00
3.899097605739137e-08	4.998220e-01	4.036907e-01	0.000000e+00
3.902226177167712e-08	4.997827e-01	4.044844e-01	0.000000e+00
3.905354748596286e-08	4.997388e-01	4.052781e-01	0.000000e+00
3.908483320024861e-08	4.996904e-01	4.060718e-01	0.000000e+00
3.913569034310581e-08	4.996006e-01	4.073620e-01	0.000000e+00
3.918654748596301e-08	4.994971e-01	4.086522e-01	0.000000e+00
3.923740462882021e-08	4.993797e-01	4.099424e-01	0.000000e+00
3.928826177167742e-08	4.992485e-01	4.112326e-01	0.000000e+00
3.933911891453461e-08	4.991035e-01	4.125228e-01	0.000000e+00
3.938997605739182e-08	4.989447e-01	4.138129e-01	0.000000e+00
3.944083320024902e-08	4.987721e-01	4.151031e-01	0.000000e+00
3.950483320024909e-08	4.985336e-01	4.167268e-01	0.000000e+00
3.956883320024916e-08	4.982759e-01	4.183504e-01	0.000000e+00
3.963283320024923e-08	4.979991e-01	4.199740e-01	0.000000e+00
3.969683320024931e-08	4.977031e-01	4.215977e-01	0.000000e+00
3.976083320024938e-08	4.973880e-01	4.232213e-01	0.000000e+00
3.982483320024945e-08	4.970537e-01	4.248449e-01	0.000000e+00
3.988883320024952e-08	4.967003e-01	4.264686e-01	0.000000e+00
3.988983320024953e-08	4.966947e-01	4.264939e-01	0.000000e+00
4.003597605739255e-08	4.958032e-01	4.302015e-01	0.000000e+00
4.018211891453557e-08	4.948714e-01	4.339090e-01	0.000000e+00
4.032826177167860e-08	4.938992e-01	4.376166e-01	0.000000e+00
4.047440462882162e-08	4.928866e-01	4.413242e-01	0.000000e+00
4.062054748596464e-08	4.918337e-01	4.450317e-01	0.000000e+00
4.076669034310766e-08	4.907403e-01	4.487393e-01	0.000000e+00
4.091283320025069e-08	4.896066e-01	4.524469e-01	0.000000e+00
4.091383320025069e-08	4.895991e-01	4.524723e-01	0.000000e+00
4.105640462882228e-08	4.885046e-01	4.560899e-01	0.000000e+00
4.119897605739387e-08	4.874314e-01	4.597072e-01	0.000000e+00
4.134154748596546e-08	4.863796e-01	4.633240e-01	0.000000e+00
4.148411891453705e-08	4.853490e-01	4.669404e-01	0.000000e+00
4.162669034310864e-08	4.843398e-01	4.705563e-01	0.000000e+00
4.176926177168023e-08	4.833519e-01	4.741718e-01	0.000000e+00
4.191183320025182e-08	4.823854e-01	4.777869e-01	0.000000e+00
4.193783320025185e-08	4.822153e-01	4.784434e-01	0.000000e+00
4.206469034310913e-08	4.814012e-01	4.816542e-01	0.000000e+00
4.219154748596642e-08	4.806207e-01	4.847845e-01	0.000000e+00
4.231840462882371e-08	4.798737e-01	4.878343e-01	0.000000e+00
4.244526177168100e-08	4.791604e-01	4.908036e-01	0.000000e+00
4.257211891453828e-08	4.784807e-01	4.936923e-01	0.000000e+00
4.269897605739557e-08	4.778346e-01	4.965006e-01	0.000000e+00
4.282583320025285e-08	4.772220e-01	4.992284e-01	0.000000e+00
4.296183320025301e-08	4.766059e-01	5.020117e-01	0.000000e+00
4.310797605739603e-08	4.759910e-01	5.048594e-01	0.000000e+00
4.325411891453905e-08	4.754193e-01	5.075679e-01	0.000000e+00
4.340026177168208e-08	4.748907e-01	5.101374e-01	0.000000e+00
4.354640462882510e-08	4.744053e-01	5.125676e-01	0.000000e+00
4.369254748596812e-08	4.739630e-01	5.148587e-01	0.000000e+00
4.383869034311114e-08	4.735639e-01	5.170107e-01	0.000000e+00
4.398483320025417e-08	4.732080e-01	5.190235e-01	0.000000e+00
4.398583320025417e-08	4.732057e-01	5.190369e-01	0.000000e+00
4.413197605739720e-08	4.728896e-01	5.209173e-01	0.000000e+00
4.427811891454021e-08	4.726066e-01	5.226911e-01	0.000000e+00
4.442426177168324e-08	4.723569e-01	5.243583e-01	0.000000e+00
4.457040462882626e-08	4.721404e-01	5.259189e-01	0.000000e+00
4.471654748596929e-08	4.719570e-01	5.273729e-01	0.000000e+00
4.486269034311230e-08	4.718069e-01	5.287203e-01	0.000000e+00
4.500883320025533e-08	4.716899e-01	5.299611e-01	0.000000e+00
4.500983320025533e-08	4.716892e-01	5.299694e-01	0.000000e+00
4.510054748596972e-08	4.716292e-01	5.307005e-01	0.000000e+00
4.519126177168411e-08	4.715787e-01	5.314022e-01	0.000000e+00
4.528197605739850e-08	4.715377e-01	5.320745e-01	0.000000e+00
4.537269034311288e-08	4.715062e-01	5.327173e-01	0.000000e+00
4.546340462882727e-08	4.714842e-01	5.333306e-01	0.000000e+00
4.555411891454166e-08	4.714716e-01	5.339145e-01	0.000000e+00
4.564483320025605e-08	4.714685e-01	5.344690e-01	0.000000e+00
4.570026177168469e-08	4.714705e-01	5.347964e-01	0.000000e+00
4.575569034311332e-08	4.714752e-01	5.351150e-01	0.000000e+00
4.581111891454195e-08	4.714829e-01	5.354250e-01	0.000000e+00
4.586654748597059e-08	4.714934e-01	5.357262e-01	0.000000e+00
4.592197605739923e-08	4.715068e-01	5.360188e-01	0.000000e+00
4.597740462882786e-08	4.715231e-01	5.363026e-01	0.000000e+00
4.603283320025649e-08	4.715422e-01	5.365778e-01	0.000000e+00
4.603383320025649e-08	4.715426e-01	5.365826e-01	0.000000e+00
4.617997605739952e-08	4.716077e-01	5.372636e-01	0.000000e+00
4.632611891454254e-08	4.716875e-01	5.379014e-01	0.000000e+00
4.647226177168556e-08	4.717820e-01	5.384962e-01	0.000000e+00
4.661840462882858e-08	4.718911e-01	5.390478e-01	0.000000e+00
4.676454748597161e-08	4.720149e-01	5.395563e-01	0.000000e+00
4.691069034311463e-08	4.721534e-01	5.400217e-01	0.000000e+00
4.705683320025765e-08	4.723065e-01	5.404440e-01	0.000000e+00
4.705783320025765e-08	4.723076e-01	5.404468e-01	0.000000e+00
4.715454748597205e-08	4.724143e-01	5.407113e-01	-1.731535e-11
4.725126177168645e-08	4.725253e-01	5.409636e-01	-2.380438e-11
4.734797605740084e-08	4.726406e-01	5.412038e-01	-1.946708e-11
4.744469034311523e-08	4.727602e-01	5.414319e-01	-4.303453e-12
4.754140462882963e-08	4.728840e-01	5.416478e-01	2.168650e-11
4.763811891454402e-08	4.730122e-01	5.418515e-01	5.850278e-11
4.773483320025842e-08	4.731446e-01	5.420431e-01	1.061454e-10
4.774426177168701e-08	4.731576e-01	5.420614e-01	-2.492647e-10
4.775369034311558e-08	4.731707e-01	5.420795e-01	1.933237e-10
4.776311891454417e-08	4.731839e-01	5.420976e-01	1.433911e-09
4.777254748597275e-08	4.731970e-01	5.421156e-01	3.472496e-09
4.778197605740133e-08	4.732102e-01	5.421335e-01	6.309080e-09
4.779140462882991e-08	4.732234e-01	5.421513e-01	9.943663e-09
4.780083320025850e-08	4.732367e-01	5.421690e-01	1.437624e-08
4.781126177168708e-08	4.732514e-01	5.421885e-01	2.038820e-08
4.782169034311566e-08	4.732662e-01	5.422079e-01	3.129595e-08
4.783211891454424e-08	4.732809e-01	5.422272e-01	4.709949e-08
4.784254748597283e-08	4.732958e-01	5.422463e-01	6.779883e-08
4.785297605740142e-08	4.733106e-01	5.422653e-01	9.339396e-08
4.786340462882999e-08	4.733255e-01	5.422842e-01	1.238849e-07
4.787383320025858e-08	4.733405e-01	5.423030e-01	1.592716e-07
4.788683320025859e-08	4.733592e-01	5.423263e-01	2.113439e-07
4.789983320025861e-08	4.733779e-01	5.423495e-01	2.839645e-07
4.791283320025862e-08	4.733967e-01	5.423724e-01	3.771334e-07
4.792583320025864e-08	4.734156e-01	5.423952e-01	4.908504e-07
4.793883320025865e-08	4.734345e-01	5.424179e-01	6.251158e-07
4.795183320025867e-08	4.734535e-01	5.424403e-01	7.799293e-07
4.796483320025868e-08	4.734725e-01	5.424626e-01	9.552912e-07
4.798140462883013e-08	4.734969e-01	5.424908e-01	1.213183e-06
4.799797605740158e-08	4.735214e-01	5.425187e-01	1.543220e-06
4.801454748597303e-08	4.735459e-01	5.425464e-01	1.945402e-06
4.803111891454447e-08	4.735705e-01	5.425738e-01	2.419730e-06
4.804769034311592e-08	4.735953e-01	5.426010e-01	2.966202e-06
4.806426177168737e-08	4.736201e-01	5.426280e-01	3.584820e-06
4.808083320025881e-08	4.736450e-01	5.426546e-01	4.275583e-06
4.808183320025881e-08	4.736465e-01	5.426562e-01	4.321436e-06
4.810997605740171e-08	4.736890e-01	5.427009e-01	5.652912e-06
4.813811891454459e-08	4.737318e-01	5.427449e-01	7.422838e-06
4.816626177168748e-08	4.737748e-01	5.427882e-01	9.631214e-06
4.819440462883037e-08	4.738181e-01	5.428309e-01	1.227804e-05
4.822254748597326e-08	4.738616e-01	5.428728e-01	1.536331e-05
4.825069034311615e-08	4.739054e-01	5.429142e-01	1.888704e-05
4.827883320025904e-08	4.739494e-01	5.429548e-01	2.284921e-05
4.833483320025910e-08	4.740376e-01	5.430336e-01	3.170064e-05
4.839083320025917e-08	4.741268e-01	5.431102e-01	4.448891e-05
4.844683320025923e-08	4.742167e-01	5.431845e-01	6.121402e-05
4.850283320025929e-08	4.743075e-01	5.432565e-01	8.187597e-05
4.855883320025936e-08	4.743991e-01	5.433262e-01	1.064748e-04
4.861483320025942e-08	4.744916e-01	5.433936e-01	1.350104e-04
4.867083320025948e-08	4.745849e-01	5.434588e-01	1.674829e-04
4.873283320025955e-08	4.746890e-01	5.435286e-01	2.096000e-04
4.879483320025962e-08	4.747940e-01	5.435962e-01	2.608276e-04
4.885683320025969e-08	4.748999e-01	5.436615e-01	3.211656e-04
4.891883320025976e-08	4.750065e-01	5.437246e-01	3.906140e-04
4.898083320025983e-08	4.751140e-01	5.437855e-01	4.691728e-04
4.904283320025990e-08	4.752223e-01	5.438442e-01	5.568421e-04
4.910483320025997e-08	4.753314e-01	5.439007e-01	6.536218e-04
4.910583320025998e-08	4.753332e-01	5.439016e-01	6.553002e-04
4.922840462883154e-08	4.755513e-01	5.440067e-01	8.737964e-04
4.935097605740311e-08	4.757718e-01	5.441058e-01	1.152037e-03
4.947354748597468e-08	4.759946e-01	5.441988e-01	1.490021e-03
4.959611891454625e-08	4.762196e-01	5.442857e-01	1.887750e-03
4.971869034311781e-08	4.764470e-01	5.443665e-01	2.345223e-03
4.984126177168938e-08	4.766766e-01	5.444413e-01	2.862440e-03
4.996383320026095e-08	4.769086e-01	5.445099e-01	3.439402e-03
5.012983320026114e-08	4.772251e-01	5.445969e-01	4.350386e-03
5.027597605740416e-08	4.775067e-01	5.446658e-01	5.260868e-03
5.042211891454718e-08	4.777900e-01	5.447301e-01	6.292415e-03
5.056826177169021e-08	4.780752e-01	5.447898e-01	7.445027e-03
5.071440462883323e-08	4.783622e-01	5.448448e-01	8.718703e-03
5.086054748597625e-08	4.786509e-01	5.448952e-01	1.011344e-02
5.100669034311927e-08	4.789415e-01	5.449410e-01	1.162925e-02
5.115283320026230e-08	4.792339e-01	5.449822e-01	1.326612e-02
5.115383320026230e-08	4.792359e-01	5.449825e-01	1.327780e-02
5.129997605740532e-08	4.795294e-01	5.450206e-01	1.505009e-02
5.144611891454834e-08	4.798240e-01	5.450561e-01	1.695208e-02
5.159226177169137e-08	4.801197e-01	5.450891e-01	1.898379e-02
5.173840462883439e-08	4.804163e-01	5.451194e-01	2.114522e-02
5.188454748597741e-08	4.807140e-01	5.451472e-01	2.343636e-02
5.203069034312043e-08	4.810126e-01	5.451725e-01	2.585721e-02
5.217683320026346e-08	4.813123e-01	5.451952e-01	2.840778e-02
5.217783320026346e-08	4.813144e-01	5.451953e-01	2.842567e-02
5.232397605740648e-08	4.816148e-01	5.452163e-01	3.110850e-02
5.247011891454950e-08	4.819157e-01	5.452359e-01	3.391431e-02
5.261626177169253e-08	4.822173e-01	5.452540e-01	3.684310e-02
5.276240462883555e-08	4.825194e-01	5.452708e-01	3.989488e-02
5.290854748597857e-08	4.828221e-01	5.452861e-01	4.306964e-02
5.305469034312159e-08	4.831253e-01	5.452999e-01	4.636739e-02
5.320083320026462e-08	4.834291e-01	5.453124e-01	4.978811e-02
5.320183320026462e-08	4.834312e-01	5.453125e-01	4.981190e-02
5.334797605740765e-08	4.837354e-01	5.453240e-01	5.335132e-02
5.349411891455067e-08	4.840399e-01	5.453347e-01	5.699944e-02
5.364026177169369e-08	4.843448e-01	5.453447e-01	6.075626e-02
5.378640462883671e-08	4.846500e-01	5.453539e-01	6.462179e-02
5.393254748597974e-08	4.849555e-01	5.453623e-01	6.859602e-02
5.407869034312275e-08	4.852613e-01	5.453699e-01	7.267895e-02
5.422483320026578e-08	4.855674e-01	5.453767e-01	7.687058e-02
5.422583320026578e-08	4.855695e-01	5.453768e-01	7.689957e-02
5.437197605740881e-08	4.858758e-01	5.453831e-01	8.119254e-02
5.451811891455183e-08	4.861823e-01	5.453890e-01	8.557750e-02
5.466426177169485e-08	4.864890e-01	5.453944e-01	9.005447e-02
5.481040462883787e-08	4.867959e-01	5.453994e-01	9.462344e-02
5.495654748598090e-08	4.871030e-01	5.454040e-01	9.928441e-02
5.510269034312392e-08	4.874102e-01	5.454082e-01	1.040374e-01
5.524883320026694e-08	4.877176e-01	5.454119e-01	1.088823e-01
5.524983320026694e-08	4.877197e-01	5.454120e-01	1.089157e-01
5.539597605740997e-08	4.880272e-01	5.454155e-01	1.138446e-01
5.554211891455299e-08	4.883348e-01	5.454187e-01	1.188491e-01
5.568826177169601e-08	4.886425e-01	5.454217e-01	1.239293e-01
5.583440462883903e-08	4.889504e-01	5.454244e-01	1.290853e-01
5.598054748598206e-08	4.892583e-01	5.454269e-01	1.343169e-01
5.612669034312508e-08	4.895663e-01	5.454292e-01	1.396243e-01
5.627283320026810e-08	4.898744e-01	5.454313e-01	1.450074e-01
5.627383320026810e-08	4.898765e-01	5.454313e-01	1.450444e-01
5.635840462883963e-08	4.900548e-01	5.454324e-01	1.481889e-01
5.644297605741116e-08	4.902332e-01	5.454335e-01	1.513548e-01
5.652754748598268e-08	4.904115e-01	5.454345e-01	1.545421e-01
5.661211891455420e-08	4.905899e-01	5.454355e-01	1.577508e-01
5.669669034312572e-08	4.907683e-01	5.454364e-01	1.609810e-01
5.678126177169725e-08	4.909467e-01	5.454373e-01	1.642326e-01
5.686583320026878e-08	4.911252e-01	5.454382e-01	1.675057e-01
5.687311891455450e-08	4.911406e-01	5.454382e-01	1.677885e-01
5.688040462884022e-08	4.911559e-01	5.454383e-01	1.680715e-01
5.688769034312594e-08	4.911713e-01	5.454384e-01	1.683547e-01
5.689497605741167e-08	4.911867e-01	5.454385e-01	1.686379e-01
5.690226177169739e-08	4.912021e-01	5.454387e-01	1.689214e-01
5.690954748598311e-08	4.912174e-01	5.454389e-01	1.692049e-01
5.691683320026883e-08	4.912328e-01	5.454391e-01	1.694887e-01
5.692726177169742e-08	4.912548e-01	5.454394e-01	1.698950e-01
5.693769034312600e-08	4.912768e-01	5.454398e-01	1.703017e-01
5.694811891455458e-08	4.912988e-01	5.454403e-01	1.707087e-01
5.695854748598317e-08	4.913208e-01	5.454410e-01	1.711160e-01
5.696897605741175e-08	4.913428e-01	5.454417e-01	1.715235e-01
5.697940462884033e-08	4.913648e-01	5.454426e-01	1.719314e-01
5.698983320026892e-08	4.913869e-01	5.454436e-01	1.723396e-01
5.700626177169751e-08	4.914215e-01	5.454454e-01	1.729832e-01
5.702269034312609e-08	4.914562e-01	5.454478e-01	1.736276e-01
5.703911891455468e-08	4.914909e-01	5.454506e-01	1.742726e-01
5.705554748598328e-08	4.915255e-01	5.454540e-01	1.749185e-01
5.707197605741187e-08	4.915602e-01	5.454578e-01	1.755650e-01
5.708840462884045e-08	4.915949e-01	5.454621e-01	1.762123e-01
5.710483320026905e-08	4.916296e-01	5.454670e-01	1.768603e-01
5.713054748598336e-08	4.916838e-01	5.454757e-01	1.778760e-01
5.715626177169768e-08	4.917381e-01	5.454863e-01	1.788934e-01
5.718197605741199e-08	4.917924e-01	5.454985e-01	1.799126e-01
5.720769034312630e-08	4.918467e-01	5.455125e-01	1.809335e-01
5.723340462884062e-08	4.919009e-01	5.455282e-01	1.819561e-01
5.725911891455493e-08	4.919552e-01	5.455457e-01	1.829805e-01
5.728483320026925e-08	4.920095e-01	5.455649e-01	1.840066e-01
5.729783320026926e-08	4.920369e-01	5.455754e-01	1.845260e-01
5.734026177169789e-08	4.921265e-01	5.456132e-01	1.862242e-01
5.738269034312650e-08	4.922161e-01	5.456563e-01	1.879269e-01
5.742511891455512e-08	4.923057e-01	5.457048e-01	1.896341e-01
5.746754748598374e-08	4.923952e-01	5.457586e-01	1.913457e-01
5.750997605741237e-08	4.924848e-01	5.458177e-01	1.930617e-01
5.755240462884098e-08	4.925744e-01	5.458822e-01	1.947823e-01
5.759483320026960e-08	4.926640e-01	5.459520e-01	1.965072e-01
5.768526177169828e-08	4.928549e-01	5.461228e-01	2.001987e-01
5.777569034312695e-08	4.930459e-01	5.463096e-01	2.039085e-01
5.786611891455562e-08	4.932369e-01	5.465123e-01	2.076365e-01
5.795654748598430e-08	4.934278e-01	5.467309e-01	2.113827e-01
5.804697605741297e-08	4.936188e-01	5.469655e-01	2.151472e-01
5.813740462884164e-08	4.938098e-01	5.472159e-01	2.189299e-01
5.822783320027032e-08	4.940009e-01	5.474822e-01	2.227308e-01
5.832183320027043e-08	4.941994e-01	5.477606e-01	2.266989e-01
5.842540462884197e-08	4.944182e-01	5.480806e-01	2.310930e-01
5.852897605741352e-08	4.946370e-01	5.483961e-01	2.355071e-01
5.863254748598507e-08	4.948558e-01	5.487071e-01	2.399413e-01
5.873611891455661e-08	4.950746e-01	5.490136e-01	2.443955e-01
5.883969034312815e-08	4.952935e-01	5.493156e-01	2.488698e-01
5.894326177169970e-08	4.955123e-01	5.496132e-01	2.533641e-01
5.904683320027125e-08	4.957311e-01	5.499062e-01	2.578785e-01
5.908940462884272e-08	4.958211e-01	5.500206e-01	2.597390e-01
5.913197605741420e-08	4.959111e-01	5.501325e-01	2.616025e-01
5.917454748598568e-08	4.960010e-01	5.502418e-01	2.634690e-01
5.921711891455715e-08	4.960910e-01	5.503486e-01	2.653385e-01
5.925969034312863e-08	4.961809e-01	5.504529e-01	2.672110e-01
5.930226177170011e-08	4.962709e-01	5.505547e-01	2.690865e-01
5.934483320027159e-08	4.963609e-01	5.506539e-01	2.709650e-01
5.934583320027159e-08	4.963630e-01	5.506561e-01	2.710092e-01
5.943869034312883e-08	4.965592e-01	5.508628e-01	2.751174e-01
5.953154748598608e-08	4.967555e-01	5.510543e-01	2.792383e-01
5.962440462884332e-08	4.969517e-01	5.512307e-01	2.833721e-01
5.971726177170058e-08	4.971479e-01	5.513920e-01	2.875186e-01
5.981011891455783e-08	4.973442e-01	5.515382e-01	2.916779e-01
5.990297605741507e-08	4.975404e-01	5.516693e-01	2.958500e-01
5.999583320027232e-08	4.977367e-01	5.517853e-01	3.000349e-01
6.007583320027241e-08	4.979058e-01	5.518720e-01	3.036492e-01
6.010283320027244e-08	4.979621e-01	5.518990e-01	3.048711e-01
6.012983320027247e-08	4.980196e-01	5.519246e-01	3.060938e-01
6.015683320027250e-08	4.980783e-01	5.519489e-01	3.073175e-01
6.018383320027253e-08	4.981381e-01	5.519719e-01	3.085422e-01
6.021083320027256e-08	4.981991e-01	5.519935e-01	3.097679e-01
6.023783320027259e-08	4.982612e-01	5.520139e-01	3.109944e-01
6.026483320027262e-08	4.983245e-01	5.520329e-01	3.122220e-01
6.027969034312979e-08	4.983605e-01	5.520429e-01	3.128979e-01
6.029454748598694e-08	4.983972e-01	5.520525e-01	3.135740e-01
6.030940462884410e-08	4.984347e-01	5.520617e-01	3.142505e-01
6.032426177170126e-08	4.984730e-01	5.520706e-01	3.149272e-01
6.033911891455843e-08	4.985120e-01	5.520790e-01	3.156042e-01
6.035397605741558e-08	4.985518e-01	5.520871e-01	3.162815e-01
6.036883320027274e-08	4.985923e-01	5.520948e-01	3.169591e-01
6.036983320027274e-08	4.985951e-01	5.520954e-01	3.170047e-01
6.041554748598707e-08	4.987246e-01	5.521166e-01	3.190913e-01
6.046126177170142e-08	4.988642e-01	5.521345e-01	3.211805e-01
6.050697605741575e-08	4.990139e-01	5.521490e-01	3.232722e-01
6.055269034313010e-08	4.991737e-01	5.521603e-01	3.253664e-01
6.059840462884443e-08	4.993436e-01	5.521682e-01	3.274632e-01
6.064411891455877e-08	4.995236e-01	5.521727e-01	3.295624e-01
6.068983320027310e-08	4.997137e-01	5.521740e-01	3.316642e-01
6.076897605741605e-08	5.000726e-01	5.521681e-01	3.353089e-01
6.084811891455900e-08	5.004637e-01	5.521541e-01	3.389604e-01
6.092726177170195e-08	5.008870e-01	5.521318e-01	3.426187e-01
6.100640462884489e-08	5.013426e-01	5.521014e-01	3.462838e-01
6.108554748598783e-08	5.018304e-01	5.520628e-01	3.499557e-01
6.116469034313079e-08	5.023505e-01	5.520160e-01	3.536344e-01
6.124383320027373e-08	5.029027e-01	5.519610e-01	3.573199e-01
6.126511891455948e-08	5.030555e-01	5.519452e-01	3.583122e-01
6.128640462884521e-08	5.032102e-01	5.519290e-01	3.593049e-01
6.130769034313095e-08	5.033667e-01	5.519123e-01	3.602980e-01
6.132897605741668e-08	5.035251e-01	5.518951e-01	3.612916e-01
6.135026177170243e-08	5.036855e-01	5.518774e-01	3.622857e-01
6.137154748598816e-08	5.038477e-01	5.518593e-01	3.632802e-01
6.139283320027390e-08	5.040118e-01	5.518407e-01	3.642752e-01
6.139383320027390e-08	5.040195e-01	5.518398e-01	3.643219e-01
6.153997605741692e-08	5.052220e-01	5.516949e-01	3.711667e-01
6.168611891455995e-08	5.064645e-01	5.515364e-01	3.780301e-01
6.183226177170297e-08	5.077471e-01	5.513644e-01	3.849119e-01
6.197840462884599e-08	5.090697e-01	5.511787e-01	3.918123e-01
6.212454748598901e-08	5.104324e-01	5.509794e-01	3.987312e-01
6.227069034313204e-08	5.118351e-01	5.507665e-01	4.056687e-01
6.241683320027506e-08	5.132779e-01	5.505400e-01	4.126247e-01
6.241783320027506e-08	5.132875e-01	5.505385e-01	4.126723e-01
6.256397605741808e-08	5.147188e-01	5.503068e-01	4.196444e-01
6.271011891456112e-08	5.161271e-01	5.500733e-01	4.266309e-01
6.285626177170413e-08	5.175123e-01	5.498379e-01	4.336318e-01
6.300240462884715e-08	5.188746e-01	5.496006e-01	4.406472e-01
6.314854748599017e-08	5.202138e-01	5.493615e-01	4.476770e-01
6.329469034313320e-08	5.215301e-01	5.491205e-01	4.547212e-01
6.344083320027622e-08	5.228233e-01	5.488776e-01	4.617798e-01
6.344183320027623e-08	5.228319e-01	5.488759e-01	4.618282e-01
6.358797605741924e-08	5.240753e-01	5.486366e-01	4.688994e-01
6.373411891456228e-08	5.252737e-01	5.484016e-01	4.759818e-01
6.388026177170530e-08	5.264271e-01	5.481710e-01	4.830754e-01
6.402640462884831e-08	5.275356e-01	5.479446e-01	4.901803e-01
6.417254748599133e-08	5.285990e-01	5.477226e-01	4.972964e-01
6.431869034313437e-08	5.296175e-01	5.475050e-01	5.044237e-01
6.446483320027739e-08	5.305911e-01	5.472916e-01	5.115622e-01
6.446583320027739e-08	5.305976e-01	5.472902e-01	5.116110e-01
6.461197605742041e-08	5.315202e-01	5.470837e-01	5.187593e-01
6.475811891456344e-08	5.323996e-01	5.468836e-01	5.259163e-01
6.490426177170646e-08	5.332359e-01	5.466900e-01	5.330819e-01
6.505040462884948e-08	5.340292e-01	5.465029e-01	5.402564e-01
6.519654748599249e-08	5.347792e-01	5.463221e-01	5.474395e-01
6.534269034313553e-08	5.354862e-01	5.461479e-01	5.546314e-01
6.548883320027855e-08	5.361500e-01	5.459800e-01	5.618320e-01
6.548983320027855e-08	5.361544e-01	5.459789e-01	5.618812e-01
6.563597605742157e-08	5.367785e-01	5.458181e-01	5.690894e-01
6.578211891456460e-08	5.373694e-01	5.456637e-01	5.763043e-01
6.592826177170762e-08	5.379271e-01	5.455155e-01	5.835260e-01
6.607440462885064e-08	5.384517e-01	5.453736e-01	5.907544e-01
6.622054748599366e-08	5.389432e-01	5.452380e-01	5.979896e-01
6.636669034313669e-08	5.394014e-01	5.451088e-01	6.052316e-01
6.651283320027971e-08	5.398266e-01	5.449858e-01	6.124803e-01
6.651383320027971e-08	5.398294e-01	5.449849e-01	6.125300e-01
6.665997605742273e-08	5.402271e-01	5.448680e-01	6.197846e-01
6.680611891456576e-08	5.406020e-01	5.447562e-01	6.270445e-01
6.695226177170878e-08	5.409541e-01	5.446496e-01	6.343096e-01
6.709840462885180e-08	5.412835e-01	5.445482e-01	6.415800e-01
6.724454748599482e-08	5.415900e-01	5.444521e-01	6.488557e-01
6.739069034313785e-08	5.418738e-01	5.443611e-01	6.561366e-01
6.753683320028087e-08	5.421348e-01	5.442753e-01	6.634227e-01
6.753783320028087e-08	5.421365e-01	5.442748e-01	6.634726e-01
6.768397605742389e-08	5.423799e-01	5.441936e-01	6.707633e-01
6.783011891456692e-08	5.426086e-01	5.441164e-01	6.780581e-01
6.797626177170994e-08	5.428227e-01	5.440431e-01	6.853569e-01
6.812240462885296e-08	5.430221e-01	5.439737e-01	6.926599e-01
6.826854748599598e-08	5.432069e-01	5.439082e-01	6.999669e-01
6.841469034313901e-08	5.433770e-01	5.438467e-01	7.072779e-01
6.856083320028203e-08	5.435326e-01	5.437890e-01	7.145931e-01
6.856183320028203e-08	5.435336e-01	5.437887e-01	7.146432e-01
6.870797605742505e-08	5.436783e-01	5.437343e-01	7.219625e-01
6.885411891456808e-08	5.438139e-01	5.436828e-01	7.292846e-01
6.900026177171110e-08	5.439406e-01	5.436340e-01	7.366095e-01
6.914640462885412e-08	5.440583e-01	5.435880e-01	7.439370e-01
6.929254748599714e-08	5.441669e-01	5.435448e-01	7.512673e-01
6.943869034314017e-08	5.442666e-01	5.435043e-01	7.586002e-01
6.958483320028319e-08	5.443572e-01	5.434667e-01	7.659360e-01
6.958583320028319e-08	5.443579e-01	5.434664e-01	7.659861e-01
6.973197605742621e-08	5.444421e-01	5.434310e-01	7.733348e-01
6.987811891456924e-08	5.445209e-01	5.433975e-01	7.806520e-01
7.002426177171226e-08	5.445944e-01	5.433659e-01	7.879376e-01
7.017040462885528e-08	5.446625e-01	5.433362e-01	7.951917e-01
7.031654748599830e-08	5.447253e-01	5.433084e-01	8.024142e-01
7.046269034314133e-08	5.447827e-01	5.432825e-01	8.096051e-01
7.060883320028435e-08	5.448347e-01	5.432584e-01	8.167645e-01
7.060983320028435e-08	5.448351e-01	5.432582e-01	8.168132e-01
7.075597605742737e-08	5.448833e-01	5.432357e-01	8.239071e-01
7.090211891457040e-08	5.449285e-01	5.432143e-01	8.309143e-01
7.104826177171342e-08	5.449705e-01	5.431943e-01	8.378346e-01
7.119440462885644e-08	5.450094e-01	5.431754e-01	8.446681e-01
7.134054748599946e-08	5.450451e-01	5.431579e-01	8.514147e-01
7.148669034314249e-08	5.450777e-01	5.431415e-01	8.580746e-01
7.163283320028551e-08	5.451072e-01	5.431265e-01	8.646476e-01
7.163383320028551e-08	5.451074e-01	5.431263e-01	8.646921e-01
7.177997605742853e-08	5.451348e-01	5.431122e-01	8.711488e-01
7.192611891457157e-08	5.451603e-01	5.430989e-01	8.774859e-01
7.207226177171458e-08	5.451841e-01	5.430864e-01	8.837033e-01
7.221840462885760e-08	5.452060e-01	5.430746e-01	8.898010e-01
7.236454748600062e-08	5.452262e-01	5.430637e-01	8.957791e-01
7.251069034314366e-08	5.452446e-01	5.430535e-01	9.016374e-01
7.265683320028667e-08	5.452611e-01	5.430442e-01	9.073762e-01
7.265783320028668e-08	5.452613e-01	5.430441e-01	9.074150e-01
7.280397605742969e-08	5.452766e-01	5.430354e-01	9.130195e-01
7.295011891457273e-08	5.452910e-01	5.430272e-01	9.184955e-01
7.309626177171575e-08	5.453043e-01	5.430195e-01	9.238429e-01
7.324240462885876e-08	5.453166e-01	5.430123e-01	9.290618e-01
7.338854748600178e-08	5.453279e-01	5.430056e-01	9.341521e-01
7.353469034314482e-08	5.453381e-01	5.429994e-01	9.391138e-01
7.368083320028784e-08	5.453473e-01	5.429937e-01	9.439470e-01
7.368183320028784e-08	5.453475e-01	5.429937e-01	9.439796e-01
7.382797605743086e-08	5.453560e-01	5.429883e-01	9.486815e-01
7.397411891457389e-08	5.453640e-01	5.429833e-01	9.532613e-01
7.412026177171691e-08	5.453714e-01	5.429786e-01	9.577191e-01
7.426640462885993e-08	5.453782e-01	5.429742e-01	9.620549e-01
7.441254748600295e-08	5.453845e-01	5.429702e-01	9.662686e-01
7.455869034314598e-08	5.453902e-01	5.429664e-01	9.703603e-01
7.470483320028900e-08	5.453954e-01	5.429630e-01	9.743299e-01
7.470583320028900e-08	5.453954e-01	5.429629e-01	9.743567e-01
7.476997605743192e-08	5.453975e-01	5.429615e-01	9.760633e-01
7.483411891457486e-08	5.453996e-01	5.429601e-01	9.777484e-01
7.489826177171779e-08	5.454017e-01	5.429587e-01	9.794118e-01
7.496240462886072e-08	5.454036e-01	5.429574e-01	9.810535e-01
7.502654748600364e-08	5.454055e-01	5.429561e-01	9.826736e-01
7.509069034314658e-08	5.454073e-01	5.429548e-01	9.842720e-01
7.515483320028951e-08	5.454090e-01	5.429536e-01	9.858488e-01
7.516111891457523e-08	5.454092e-01	5.429535e-01	9.860023e-01
7.516740462886095e-08	5.454093e-01	5.429534e-01	9.861555e-01
7.517369034314667e-08	5.454094e-01	5.429533e-01	9.863085e-01
7.517997605743239e-08	5.454096e-01	5.429532e-01	9.864614e-01
7.518626177171812e-08	5.454097e-01	5.429531e-01	9.866140e-01
7.519254748600383e-08	5.454098e-01	5.429530e-01	9.867664e-01
7.519883320028956e-08	5.454099e-01	5.429528e-01	9.869186e-01
7.520383320028956e-08	5.454099e-01	5.429528e-01	9.870396e-01
7.520883320028957e-08	5.454099e-01	5.429527e-01	9.871604e-01
7.521383320028957e-08	5.454098e-01	5.429526e-01	9.872811e-01
7.521883320028958e-08	5.454098e-01	5.429525e-01	9.874017e-01
7.522383320028958e-08	5.454097e-01	5.429524e-01	9.875221e-01
7.522883320028959e-08	5.454096e-01	5.429523e-01	9.876424e-01
7.523383320028960e-08	5.454094e-01	5.429522e-01	9.877626e-01
7.524354748600389e-08	5.454091e-01	5.429520e-01	9.879957e-01
7.525326177171819e-08	5.454086e-01	5.429518e-01	9.882284e-01
7.526297605743248e-08	5.454079e-01	5.429516e-01	9.884606e-01
7.527269034314679e-08	5.454070e-01	5.429514e-01	9.886923e-01
7.528240462886108e-08	5.454060e-01	5.429512e-01	9.889236e-01
7.529211891457538e-08	5.454048e-01	5.429511e-01	9.891544e-01
7.530183320028967e-08	5.454035e-01	5.429509e-01	9.893847e-01
7.531783320028969e-08	5.454008e-01	5.429505e-01	9.897629e-01
7.533383320028971e-08	5.453976e-01	5.429502e-01	9.901400e-01
7.534983320028973e-08	5.453936e-01	5.429498e-01	9.905157e-01
7.536583320028975e-08	5.453890e-01	5.429493e-01	9.908902e-01
7.538183320028976e-08	5.453837e-01	5.429489e-01	9.912634e-01
7.539783320028978e-08	5.453778e-01	5.429484e-01	9.916353e-01
7.541383320028980e-08	5.453712e-01	5.429478e-01	9.920060e-01
7.543911891457555e-08	5.453593e-01	5.429469e-01	9.925892e-01
7.546440462886128e-08	5.453454e-01	5.429459e-01	9.931694e-01
7.548969034314703e-08	5.453295e-01	5.429446e-01	9.937464e-01
7.551497605743277e-08	5.453115e-01	5.429431e-01	9.943203e-01
7.554026177171852e-08	5.452916e-01	5.429413e-01	9.948912e-01
7.556554748600425e-08	5.452697e-01	5.429394e-01	9.954589e-01
7.559083320029000e-08	5.452458e-01	5.429373e-01	9.960235e-01
7.561054748600430e-08	5.452257e-01	5.429354e-01	9.964617e-01
7.563026177171862e-08	5.452044e-01	5.429333e-01	9.968980e-01
7.564997605743292e-08	5.451819e-01	5.429309e-01	9.973324e-01
7.566969034314724e-08	5.451583e-01	5.429283e-01	9.977650e-01
7.568940462886154e-08	5.451334e-01	5.429255e-01	9.981958e-01
7.570911891457586e-08	5.451074e-01	5.429224e-01	9.986247e-01
7.572883320029016e-08	5.450802e-01	5.429192e-01	9.990518e-01
7.572983320029016e-08	5.450788e-01	5.429190e-01	9.990734e-01
7.579669034314738e-08	5.449748e-01	5.429068e-01	1.000508e+00
7.586354748600459e-08	5.448629e-01	5.428895e-01	1.001922e+00
7.593040462886181e-08	5.447430e-01	5.428670e-01	1.003316e+00
7.599726177171904e-08	5.446151e-01	5.428393e-01	1.004689e+00
7.606411891457626e-08	5.444793e-01	5.428064e-01	1.006043e+00
7.613097605743347e-08	5.443356e-01	5.427683e-01	1.007377e+00
7.619783320029069e-08	5.441839e-01	5.427250e-01	1.008691e+00
7.627083320029077e-08	5.440154e-01	5.426694e-01	1.010103e+00
7.634383320029085e-08	5.438503e-01	5.426039e-01	1.011493e+00
7.641683320029094e-08	5.436886e-01	5.425284e-01	1.012861e+00
7.648983320029102e-08	5.435302e-01	5.424430e-01	1.014208e+00
7.656283320029110e-08	5.433752e-01	5.423476e-01	1.015532e+00
7.663583320029119e-08	5.432236e-01	5.422423e-01	1.016835e+00
7.670883320029127e-08	5.430754e-01	5.421270e-01	1.018115e+00
7.675383320029132e-08	5.429905e-01	5.420498e-01	1.018895e+00
7.681397605743424e-08	5.428816e-01	5.419401e-01	1.019924e+00
7.687411891457718e-08	5.427804e-01	5.418226e-01	1.020939e+00
7.693426177172010e-08	5.426869e-01	5.416973e-01	1.021941e+00
7.699440462886302e-08	5.426010e-01	5.415643e-01	1.022930e+00
7.705454748600594e-08	5.425228e-01	5.414235e-01	1.023904e+00
7.711469034314888e-08	5.424522e-01	5.412749e-01	1.024866e+00
7.717483320029180e-08	5.423893e-01	5.411186e-01	1.025814e+00
7.722011891457757e-08	5.423482e-01	5.409957e-01	1.026519e+00
7.726540462886333e-08	5.423120e-01	5.408686e-01	1.027217e+00
7.731069034314910e-08	5.422807e-01	5.407373e-01	1.027908e+00
7.735597605743486e-08	5.422543e-01	5.406018e-01	1.028592e+00
7.740126177172063e-08	5.422328e-01	5.404621e-01	1.029269e+00
7.744654748600639e-08	5.422163e-01	5.403183e-01	1.029938e+00
7.749183320029216e-08	5.422047e-01	5.401702e-01	1.030601e+00
7.750669034314932e-08	5.422019e-01	5.401208e-01	1.030817e+00
7.752154748600647e-08	5.421997e-01	5.400709e-01	1.031032e+00
7.753640462886363e-08	5.421980e-01	5.400207e-01	1.031247e+00
7.755126177172080e-08	5.421967e-01	5.399700e-01	1.031460e+00
7.756611891457796e-08	5.421961e-01	5.399189e-01	1.031673e+00
7.758097605743511e-08	5.421959e-01	5.398674e-01	1.031885e+00
7.759583320029227e-08	5.421962e-01	5.398155e-01	1.032097e+00
7.762169034314945e-08	5.421980e-01	5.397241e-01	1.032463e+00
7.764754748600661e-08	5.422013e-01	5.396316e-01	1.032828e+00
7.767340462886379e-08	5.422061e-01	5.395378e-01	1.033190e+00
7.769926177172097e-08	5.422124e-01	5.394429e-01	1.033549e+00
7.772511891457814e-08	5.422202e-01	5.393468e-01	1.033907e+00
7.775097605743530e-08	5.422294e-01	5.392495e-01	1.034263e+00
7.777683320029248e-08	5.422401e-01	5.391511e-01	1.034616e+00
7.777783320029248e-08	5.422406e-01	5.391473e-01	1.034630e+00
7.786126177172115e-08	5.422869e-01	5.388202e-01	1.035754e+00
7.794469034314982e-08	5.423451e-01	5.384842e-01	1.036858e+00
7.802811891457848e-08	5.424154e-01	5.381390e-01	1.037941e+00
7.811154748600714e-08	5.424977e-01	5.377849e-01	1.039004e+00
7.819497605743581e-08	5.425920e-01	5.374217e-01	1.040046e+00
7.827840462886448e-08	5.426983e-01	5.370494e-01	1.041067e+00
7.836183320029314e-08	5.428166e-01	5.366681e-01	1.042067e+00
7.841354748600748e-08	5.428936e-01	5.364319e-01	1.042677e+00
7.846526177172183e-08	5.429733e-01	5.361893e-01	1.043281e+00
7.851697605743617e-08	5.430556e-01	5.359404e-01	1.043877e+00
7.856869034315052e-08	5.431406e-01	5.356852e-01	1.044466e+00
7.862040462886486e-08	5.432282e-01	5.354236e-01	1.045047e+00
7.867211891457921e-08	5.433185e-01	5.351558e-01	1.045622e+00
7.872383320029355e-08	5.434114e-01	5.348816e-01	1.046189e+00
7.880183320029364e-08	5.435542e-01	5.344497e-01	1.047032e+00
7.889083320029374e-08	5.437239e-01	5.339283e-01	1.047974e+00
7.897983320029384e-08	5.438949e-01	5.333875e-01	1.048898e+00
7.906883320029394e-08	5.440674e-01	5.328274e-01	1.049802e+00
7.915783320029405e-08	5.442413e-01	5.322478e-01	1.050688e+00
7.924683320029415e-08	5.444167e-01	5.316489e-01	1.051555e+00
7.933583320029425e-08	5.445934e-01	5.310307e-01	1.052403e+00
7.942483320029435e-08	5.447717e-01	5.303930e-01	1.053232e+00
7.948197605743727e-08	5.448845e-01	5.299803e-01	1.053755e+00
7.953911891458020e-08	5.449961e-01	5.295669e-01	1.054272e+00
7.959626177172312e-08	5.451066e-01	5.291526e-01	1.054782e+00
7.965340462886603e-08	5.452160e-01	5.287376e-01	1.055285e+00
7.971054748600895e-08	5.453243e-01	5.283218e-01	1.055781e+00
7.976769034315188e-08	5.454315e-01	5.279052e-01	1.056270e+00
7.982483320029480e-08	5.455375e-01	5.274878e-01	1.056752e+00
7.982583320029480e-08	5.455394e-01	5.274806e-01	1.056760e+00
7.994854748600922e-08	5.457623e-01	5.265815e-01	1.057772e+00
8.007126177172365e-08	5.459749e-01	5.257179e-01	1.058755e+00
8.019397605743807e-08	5.461771e-01	5.248900e-01	1.059712e+00
8.031669034315251e-08	5.463689e-01	5.240977e-01	1.060641e+00
8.043940462886693e-08	5.465504e-01	5.233410e-01	1.061542e+00
8.056211891458136e-08	5.467216e-01	5.226198e-01	1.062416e+00
8.068483320029578e-08	5.468824e-01	5.219343e-01	1.063262e+00
8.084983320029596e-08	5.470782e-01	5.211188e-01	1.064363e+00
8.094983320029608e-08	5.471861e-01	5.206736e-01	1.065008e+00
8.104983320029619e-08	5.472863e-01	5.202719e-01	1.065639e+00
8.114983320029630e-08	5.473789e-01	5.199138e-01	1.066255e+00
8.124983320029642e-08	5.474639e-01	5.195993e-01	1.066857e+00
8.134983320029653e-08	5.475411e-01	5.193284e-01	1.067443e+00
8.144983320029664e-08	5.476107e-01	5.191010e-01	1.068015e+00
8.154983320029676e-08	5.476726e-01	5.189172e-01	1.068573e+00
8.159597605743966e-08	5.476989e-01	5.188488e-01	1.068826e+00
8.164211891458258e-08	5.477237e-01	5.187902e-01	1.069076e+00
8.168826177172549e-08	5.477470e-01	5.187414e-01	1.069323e+00
8.173440462886839e-08	5.477689e-01	5.187023e-01	1.069568e+00
8.178054748601130e-08	5.477894e-01	5.186731e-01	1.069810e+00
8.182669034315422e-08	5.478085e-01	5.186537e-01	1.070049e+00
8.187283320029712e-08	5.478261e-01	5.186441e-01	1.070286e+00
8.187383320029713e-08	5.478264e-01	5.186440e-01	1.070291e+00
8.189226177172572e-08	5.478331e-01	5.186430e-01	1.070384e+00
8.191069034315431e-08	5.478395e-01	5.186436e-01	1.070478e+00
8.192911891458291e-08	5.478457e-01	5.186457e-01	1.070570e+00
8.194754748601149e-08	5.478517e-01	5.186493e-01	1.070663e+00
8.196597605744008e-08	5.478575e-01	5.186546e-01	1.070755e+00
8.198440462886868e-08	5.478631e-01	5.186614e-01	1.070846e+00
8.200283320029727e-08	5.478685e-01	5.186697e-01	1.070938e+00
8.212454748601169e-08	5.478977e-01	5.187662e-01	1.071528e+00
8.224626177172612e-08	5.479196e-01	5.189275e-01	1.072103e+00
8.236797605744054e-08	5.479341e-01	5.191536e-01	1.072661e+00
8.248969034315497e-08	5.479413e-01	5.194444e-01	1.073204e+00
8.261140462886939e-08	5.479412e-01	5.198001e-01	1.073730e+00
8.273311891458382e-08	5.479338e-01	5.202205e-01	1.074239e+00
8.285483320029824e-08	5.479190e-01	5.207057e-01	1.074733e+00
8.289783320029829e-08	5.479129e-01	5.208908e-01	1.074904e+00
8.303811891458417e-08	5.478866e-01	5.215518e-01	1.075449e+00
8.317840462887003e-08	5.478552e-01	5.222852e-01	1.075977e+00
8.331869034315591e-08	5.478189e-01	5.230910e-01	1.076488e+00
8.345897605744178e-08	5.477777e-01	5.239692e-01	1.076982e+00
8.359926177172766e-08	5.477314e-01	5.249198e-01	1.077459e+00
8.373954748601352e-08	5.476802e-01	5.259428e-01	1.077918e+00
8.387983320029940e-08	5.476240e-01	5.270382e-01	1.078361e+00
8.392183320029945e-08	5.476070e-01	5.273772e-01	1.078491e+00
8.402069034315671e-08	5.475657e-01	5.281995e-01	1.078791e+00
8.411954748601395e-08	5.475235e-01	5.290511e-01	1.079084e+00
8.421840462887121e-08	5.474805e-01	5.299322e-01	1.079371e+00
8.431726177172847e-08	5.474367e-01	5.308427e-01	1.079651e+00
8.441611891458573e-08	5.473920e-01	5.317825e-01	1.079925e+00
8.451497605744297e-08	5.473465e-01	5.327518e-01	1.080191e+00
8.461383320030023e-08	5.473001e-01	5.337505e-01	1.080452e+00
8.466111891458601e-08	5.472779e-01	5.342371e-01	1.080575e+00
8.470840462887177e-08	5.472557e-01	5.347297e-01	1.080698e+00
8.475569034315754e-08	5.472334e-01	5.352282e-01	1.080820e+00
8.480297605744330e-08	5.472111e-01	5.357327e-01	1.080943e+00
8.485026177172907e-08	5.471887e-01	5.362432e-01	1.081064e+00
8.489754748601483e-08	5.471663e-01	5.367596e-01	1.081186e+00
8.494483320030061e-08	5.471439e-01	5.372819e-01	1.081307e+00
8.494583320030061e-08	5.471434e-01	5.372930e-01	1.081309e+00
8.505697605744359e-08	5.470905e-01	5.385450e-01	1.081593e+00
8.516811891458658e-08	5.470379e-01	5.398259e-01	1.081883e+00
8.527926177172956e-08	5.469857e-01	5.411356e-01	1.082179e+00
8.539040462887254e-08	5.469339e-01	5.424743e-01	1.082482e+00
8.550154748601552e-08	5.468825e-01	5.438418e-01	1.082791e+00
8.561269034315851e-08	5.468314e-01	5.452383e-01	1.083107e+00
8.572383320030149e-08	5.467808e-01	5.466636e-01	1.083429e+00
8.596983320030177e-08	5.466717e-01	5.499074e-01	1.084181e+00
8.611597605744479e-08	5.466086e-01	5.518960e-01	1.084654e+00
8.626211891458782e-08	5.465471e-01	5.539234e-01	1.085136e+00
8.640826177173084e-08	5.464874e-01	5.559894e-01	1.085629e+00
8.655440462887386e-08	5.464294e-01	5.580942e-01	1.086132e+00
8.670054748601688e-08	5.463731e-01	5.602378e-01	1.086644e+00
8.684669034315991e-08	5.463185e-01	5.624201e-01	1.087167e+00
8.699283320030293e-08	5.462655e-01	5.646412e-01	1.087699e+00
8.699383320030293e-08	5.462652e-01	5.646564e-01	1.087703e+00
8.713997605744595e-08	5.462143e-01	5.669119e-01	1.088237e+00
8.728611891458898e-08	5.461652e-01	5.691986e-01	1.088764e+00
8.743226177173200e-08	5.461180e-01	5.715167e-01	1.089283e+00
8.757840462887502e-08	5.460726e-01	5.738661e-01	1.089794e+00
8.772454748601804e-08	5.460290e-01	5.762469e-01	1.090298e+00
8.787069034316107e-08	5.459873e-01	5.786589e-01	1.090793e+00
8.801683320030409e-08	5.459474e-01	5.811023e-01	1.091281e+00
8.801783320030409e-08	5.459471e-01	5.811191e-01	1.091284e+00
8.816397605744711e-08	5.459090e-01	5.835906e-01	1.091754e+00
8.831011891459014e-08	5.458725e-01	5.860876e-01	1.092202e+00
8.845626177173316e-08	5.458376e-01	5.886102e-01	1.092631e+00
8.860240462887618e-08	5.458043e-01	5.911583e-01	1.093038e+00
8.874854748601920e-08	5.457725e-01	5.937320e-01	1.093425e+00
8.889469034316223e-08	5.457424e-01	5.963313e-01	1.093791e+00
8.904083320030525e-08	5.457138e-01	5.989561e-01	1.094137e+00
8.904183320030525e-08	5.457137e-01	5.989742e-01	1.094139e+00
8.918797605744827e-08	5.456866e-01	6.016220e-01	1.094459e+00
8.933411891459130e-08	5.456607e-01	6.042907e-01	1.094754e+00
8.948026177173432e-08	5.456361e-01	6.069803e-01	1.095026e+00
8.962640462887734e-08	5.456128e-01	6.096909e-01	1.095273e+00
8.977254748602036e-08	5.455907e-01	6.124223e-01	1.095497e+00
8.991869034316339e-08	5.455698e-01	6.151747e-01	1.095697e+00
9.006483320030641e-08	5.455502e-01	6.179479e-01	1.095873e+00
9.006583320030641e-08	5.455501e-01	6.179669e-01	1.095874e+00
9.020611891459229e-08	5.455323e-01	6.206467e-01	1.096019e+00
9.034640462887816e-08	5.455153e-01	6.233421e-01	1.096146e+00
9.048669034316404e-08	5.454992e-01	6.260534e-01	1.096254e+00
9.062697605744990e-08	5.454839e-01	6.287804e-01	1.096342e+00
9.076726177173578e-08	5.454695e-01	6.315233e-01	1.096411e+00
9.090754748602165e-08	5.454559e-01	6.342819e-01	1.096461e+00
9.104783320030753e-08	5.454431e-01	6.370562e-01	1.096492e+00
9.108983320030758e-08	5.454394e-01	6.378893e-01	1.096499e+00
9.116397605745051e-08	5.454331e-01	6.393632e-01	1.096507e+00
9.123811891459346e-08	5.454269e-01	6.408408e-01	1.096510e+00
9.131226177173640e-08	5.454209e-01	6.423222e-01	1.096509e+00
9.138640462887934e-08	5.454151e-01	6.438074e-01	1.096504e+00
9.146054748602228e-08	5.454094e-01	6.452962e-01	1.096495e+00
9.153469034316523e-08	5.454040e-01	6.467889e-01	1.096482e+00
9.160883320030816e-08	5.453987e-01	6.482853e-01	1.096464e+00
9.168083320030825e-08	5.453937e-01	6.497418e-01	1.096444e+00
9.175283320030833e-08	5.453888e-01	6.512015e-01	1.096420e+00
9.182483320030841e-08	5.453841e-01	6.526643e-01	1.096393e+00
9.189683320030849e-08	5.453795e-01	6.541304e-01	1.096363e+00
9.196883320030857e-08	5.453751e-01	6.555996e-01	1.096330e+00
9.204083320030865e-08	5.453708e-01	6.570720e-01	1.096293e+00
9.211283320030874e-08	5.453666e-01	6.585476e-01	1.096254e+00
9.211383320030874e-08	5.453666e-01	6.585681e-01	1.096253e+00
9.225997605745176e-08	5.453586e-01	6.615732e-01	1.096163e+00
9.240611891459479e-08	5.453511e-01	6.645894e-01	1.096064e+00
9.255226177173781e-08	5.453439e-01	6.676167e-01	1.095956e+00
9.269840462888083e-08	5.453372e-01	6.706553e-01	1.095839e+00
9.284454748602385e-08	5.453310e-01	6.737050e-01	1.095714e+00
9.299069034316688e-08	5.453252e-01	6.767658e-01	1.095581e+00
9.313683320030990e-08	5.453198e-01	6.798378e-01	1.095438e+00
9.313783320030990e-08	5.453197e-01	6.798589e-01	1.095437e+00
9.320583320030998e-08	5.453173e-01	6.812900e-01	1.095370e+00
9.327383320031005e-08	5.453150e-01	6.827241e-01	1.095301e+00
9.334183320031013e-08	5.453127e-01	6.841612e-01	1.095231e+00
9.340983320031021e-08	5.453105e-01	6.856013e-01	1.095160e+00
9.347783320031028e-08	5.453083e-01	6.870444e-01	1.095088e+00
9.354583320031036e-08	5.453062e-01	6.884905e-01	1.095015e+00
9.361383320031044e-08	5.453042e-01	6.899396e-01	1.094941e+00
9.364540462888190e-08	5.453033e-01	6.906166e-01	1.094907e+00
9.367697605745336e-08	5.453024e-01	6.912960e-01	1.094872e+00
9.370854748602483e-08	5.453014e-01	6.919776e-01	1.094837e+00
9.374011891459630e-08	5.453005e-01	6.926614e-01	1.094802e+00
9.377169034316776e-08	5.452996e-01	6.933476e-01	1.094767e+00
9.380326177173923e-08	5.452986e-01	6.940360e-01	1.094731e+00
9.383483320031069e-08	5.452977e-01	6.947266e-01	1.094696e+00
9.386626177173930e-08	5.452967e-01	6.954168e-01	1.094660e+00
9.389769034316791e-08	5.452956e-01	6.961089e-01	1.094624e+00
9.392911891459652e-08	5.452945e-01	6.968032e-01	1.094588e+00
9.396054748602511e-08	5.452932e-01	6.974995e-01	1.094553e+00
9.399197605745372e-08	5.452919e-01	6.981978e-01	1.094516e+00
9.402340462888233e-08	5.452906e-01	6.988982e-01	1.094480e+00
9.405483320031094e-08	5.452891e-01	6.996006e-01	1.094444e+00
9.406997605745381e-08	5.452884e-01	6.999396e-01	1.094426e+00
9.408511891459669e-08	5.452876e-01	7.002790e-01	1.094409e+00
9.410026177173956e-08	5.452867e-01	7.006187e-01	1.094391e+00
9.411540462888243e-08	5.452859e-01	7.009588e-01	1.094374e+00
9.413054748602530e-08	5.452849e-01	7.012992e-01	1.094356e+00
9.414569034316819e-08	5.452840e-01	7.016399e-01	1.094338e+00
9.416083320031106e-08	5.452830e-01	7.019811e-01	1.094321e+00
9.416183320031106e-08	5.452829e-01	7.020036e-01	1.094320e+00
9.420897605745397e-08	5.452796e-01	7.030685e-01	1.094264e+00
9.425611891459689e-08	5.452756e-01	7.041349e-01	1.094209e+00
9.430326177173979e-08	5.452709e-01	7.052028e-01	1.094154e+00
9.435040462888270e-08	5.452653e-01	7.062721e-01	1.094098e+00
9.439754748602561e-08	5.452590e-01	7.073430e-01	1.094042e+00
9.444469034316853e-08	5.452520e-01	7.084152e-01	1.093986e+00
9.449183320031143e-08	5.452442e-01	7.094890e-01	1.093930e+00
9.459083320031155e-08	5.452260e-01	7.117469e-01	1.093812e+00
9.468983320031166e-08	5.451995e-01	7.139960e-01	1.093694e+00
9.478883320031177e-08	5.451648e-01	7.162364e-01	1.093576e+00
9.488783320031188e-08	5.451219e-01	7.184682e-01	1.093457e+00
9.498683320031199e-08	5.450706e-01	7.206912e-01	1.093339e+00
9.508583320031211e-08	5.450111e-01	7.229055e-01	1.093221e+00
9.518483320031222e-08	5.449433e-01	7.251111e-01	1.093102e+00
9.518583320031222e-08	5.449425e-01	7.251333e-01	1.093101e+00
9.528397605745518e-08	5.448628e-01	7.273012e-01	1.092984e+00
9.538211891459816e-08	5.447694e-01	7.294568e-01	1.092868e+00
9.548026177174113e-08	5.446622e-01	7.316002e-01	1.092752e+00
9.557840462888409e-08	5.445413e-01	7.337313e-01	1.092637e+00
9.567654748602706e-08	5.444066e-01	7.358501e-01	1.092522e+00
9.577469034317003e-08	5.442581e-01	7.379566e-01	1.092408e+00
9.587283320031300e-08	5.440959e-01	7.400509e-01	1.092295e+00
9.620983320031338e-08	5.434174e-01	7.471841e-01	1.091913e+00
9.627740462888488e-08	5.432591e-01	7.486044e-01	1.091837e+00
9.634497605745639e-08	5.430936e-01	7.500238e-01	1.091762e+00
9.641254748602789e-08	5.429212e-01	7.514421e-01	1.091688e+00
9.648011891459941e-08	5.427416e-01	7.528595e-01	1.091614e+00
9.654769034317091e-08	5.425550e-01	7.542759e-01	1.091541e+00
9.661526177174241e-08	5.423612e-01	7.556913e-01	1.091468e+00
9.668283320031392e-08	5.421605e-01	7.571057e-01	1.091396e+00
9.672026177174253e-08	5.420460e-01	7.578896e-01	1.091356e+00
9.675769034317115e-08	5.419325e-01	7.586739e-01	1.091317e+00
9.679511891459976e-08	5.418202e-01	7.594587e-01	1.091277e+00
9.683254748602837e-08	5.417089e-01	7.602439e-01	1.091238e+00
9.686997605745698e-08	5.415988e-01	7.610295e-01	1.091199e+00
9.690740462888560e-08	5.414897e-01	7.618156e-01	1.091160e+00
9.694483320031421e-08	5.413817e-01	7.626021e-01	1.091121e+00
9.723383320031454e-08	5.406451e-01	7.687153e-01	1.090828e+00
9.734297605745752e-08	5.404202e-01	7.710429e-01	1.090720e+00
9.745211891460051e-08	5.401997e-01	7.733966e-01	1.090614e+00
9.756126177174349e-08	5.399834e-01	7.757763e-01	1.090510e+00
9.767040462888646e-08	5.397714e-01	7.781821e-01	1.090407e+00
9.777954748602944e-08	5.395637e-01	7.806139e-01	1.090305e+00
9.788869034317243e-08	5.393603e-01	7.830719e-01	1.090206e+00
9.799783320031541e-08	5.391611e-01	7.855558e-01	1.090108e+00
9.803483320031545e-08	5.390869e-01	7.864073e-01	1.090075e+00
9.807183320031549e-08	5.390109e-01	7.872628e-01	1.090042e+00
9.810883320031553e-08	5.389329e-01	7.881222e-01	1.090010e+00
9.814583320031558e-08	5.388532e-01	7.889856e-01	1.089978e+00
9.818283320031562e-08	5.387716e-01	7.898529e-01	1.089946e+00
9.821983320031566e-08	5.386881e-01	7.907242e-01	1.089914e+00
9.825683320031570e-08	5.386028e-01	7.915995e-01	1.089882e+00
9.825783320031570e-08	5.386004e-01	7.916232e-01	1.089881e+00
9.833697605745865e-08	5.384101e-01	7.935098e-01	1.089814e+00
9.841611891460160e-08	5.382089e-01	7.954149e-01	1.089748e+00
9.849526177174455e-08	5.379966e-01	7.973385e-01	1.089683e+00
9.857440462888749e-08	5.377735e-01	7.992807e-01	1.089618e+00
9.865354748603043e-08	5.375394e-01	8.012414e-01	1.089554e+00
9.873269034317339e-08	5.372944e-01	8.032207e-01	1.089492e+00
9.881183320031633e-08	5.370384e-01	8.052185e-01	1.089430e+00
9.887883320031641e-08	5.368126e-01	8.069240e-01	1.089378e+00
9.894583320031648e-08	5.365812e-01	8.086411e-01	1.089327e+00
9.901283320031656e-08	5.363441e-01	8.103698e-01	1.089276e+00
9.907983320031664e-08	5.361013e-01	8.121099e-01	1.089226e+00
9.914683320031671e-08	5.358528e-01	8.138617e-01	1.089177e+00
9.921383320031679e-08	5.355986e-01	8.156249e-01	1.089128e+00
9.928083320031686e-08	5.353388e-01	8.173997e-01	1.089080e+00
9.928183320031686e-08	5.353349e-01	8.174263e-01	1.089080e+00
9.942797605745988e-08	5.347403e-01	8.213443e-01	1.088977e+00
9.957411891460292e-08	5.341547e-01	8.252922e-01	1.088877e+00
9.972026177174594e-08	5.335780e-01	8.292699e-01	1.088779e+00
9.986640462888895e-08	5.330102e-01	8.332776e-01	1.088685e+00
1.000125474860320e-07	5.324514e-01	8.373151e-01	1.088593e+00
1.001586903431750e-07	5.319014e-01	8.413826e-01	1.088503e+00
1.003048332003180e-07	5.313604e-01	8.454798e-01	1.088416e+00
1.003058332003180e-07	5.313569e-01	8.455079e-01	1.088416e+00
1.004212617717467e-07	5.309620e-01	8.487469e-01	1.088349e+00
1.005366903431754e-07	5.305987e-01	8.519824e-01	1.088284e+00
1.006521189146041e-07	5.302672e-01	8.552143e-01	1.088220e+00
1.007675474860328e-07	5.299673e-01	8.584426e-01	1.088158e+00
1.008829760574615e-07	5.296991e-01	8.616672e-01	1.088097e+00
1.009984046288902e-07	5.294626e-01	8.648883e-01	1.088038e+00
1.011138332003189e-07	5.292578e-01	8.681058e-01	1.087980e+00
1.011445474860333e-07	5.292115e-01	8.689583e-01	1.087965e+00
1.011752617717476e-07	5.291682e-01	8.698097e-01	1.087950e+00
1.012059760574619e-07	5.291277e-01	8.706600e-01	1.087935e+00
1.012366903431762e-07	5.290902e-01	8.715093e-01	1.087920e+00
1.012674046288905e-07	5.290556e-01	8.723576e-01	1.087905e+00
1.012981189146049e-07	5.290239e-01	8.732048e-01	1.087890e+00
1.013288332003192e-07	5.289952e-01	8.740509e-01	1.087876e+00
1.013298332003192e-07	5.289944e-01	8.740785e-01	1.087875e+00
1.013681189146050e-07	5.289629e-01	8.751315e-01	1.087857e+00
1.014064046288907e-07	5.289363e-01	8.761824e-01	1.087839e+00
1.014446903431765e-07	5.289146e-01	8.772312e-01	1.087821e+00
1.014829760574622e-07	5.288978e-01	8.782778e-01	1.087804e+00
1.015212617717480e-07	5.288859e-01	8.793223e-01	1.087786e+00
1.015595474860337e-07	5.288789e-01	8.803646e-01	1.087769e+00
1.015978332003195e-07	5.288767e-01	8.814048e-01	1.087752e+00
1.016556903431767e-07	5.288830e-01	8.829724e-01	1.087726e+00
1.017135474860339e-07	5.289011e-01	8.845336e-01	1.087701e+00
1.017714046288911e-07	5.289310e-01	8.860886e-01	1.087676e+00
1.018292617717483e-07	5.289728e-01	8.876372e-01	1.087651e+00
1.018871189146055e-07	5.290265e-01	8.891794e-01	1.087626e+00
1.019449760574627e-07	5.290920e-01	8.907154e-01	1.087602e+00
1.020028332003200e-07	5.291694e-01	8.922450e-01	1.087578e+00
1.020528332003200e-07	5.292462e-01	8.935610e-01	1.087558e+00
1.021028332003201e-07	5.293321e-01	8.948713e-01	1.087538e+00
1.021528332003201e-07	5.294271e-01	8.961758e-01	1.087518e+00
1.022028332003202e-07	5.295313e-01	8.974747e-01	1.087498e+00
1.022528332003202e-07	5.296447e-01	8.987677e-01	1.087479e+00
1.023028332003203e-07	5.297671e-01	9.000551e-01	1.087460e+00
1.023528332003203e-07	5.298988e-01	9.013367e-01	1.087440e+00
1.023538332003203e-07	5.299014e-01	9.013623e-01	1.087440e+00
1.024064046288918e-07	5.300500e-01	9.027031e-01	1.087420e+00
1.024589760574633e-07	5.302087e-01	9.040367e-01	1.087401e+00
1.025115474860348e-07	5.303776e-01	9.053631e-01	1.087381e+00
1.025641189146063e-07	5.305565e-01	9.066824e-01	1.087362e+00
1.026166903431778e-07	5.307456e-01	9.079945e-01	1.087343e+00
1.026692617717493e-07	5.309449e-01	9.092995e-01	1.087325e+00
1.027218332003208e-07	5.311543e-01	9.105973e-01	1.087306e+00
1.027705474860351e-07	5.313573e-01	9.117930e-01	1.087289e+00
1.028192617717494e-07	5.315689e-01	9.129821e-01	1.087273e+00
1.028679760574638e-07	5.317891e-01	9.141645e-01	1.087257e+00
1.029166903431781e-07	5.320178e-01	9.153402e-01	1.087243e+00
1.029654046288925e-07	5.322550e-01	9.165092e-01	1.087229e+00
1.030141189146068e-07	5.325008e-01	9.176715e-01	1.087215e+00
1.030628332003212e-07	5.327552e-01	9.188272e-01	1.087203e+00
1.031054046288926e-07	5.329844e-01	9.198314e-01	1.087193e+00
1.031479760574641e-07	5.332200e-01	9.208302e-01	1.087185e+00
1.031905474860356e-07	5.334619e-01	9.218236e-01	1.087178e+00
1.032331189146071e-07	5.337101e-01	9.228116e-01	1.087173e+00
1.032756903431785e-07	5.339647e-01	9.237943e-01	1.087169e+00
1.033182617717500e-07	5.342256e-01	9.247716e-01	1.087166e+00
1.033608332003215e-07	5.344929e-01	9.257435e-01	1.087165e+00
1.033631189146072e-07	5.345075e-01	9.257955e-01	1.087165e+00
1.033654046288929e-07	5.345220e-01	9.258476e-01	1.087165e+00
1.033676903431786e-07	5.345366e-01	9.258996e-01	1.087165e+00
1.033699760574644e-07	5.345512e-01	9.259515e-01	1.087165e+00
1.033722617717501e-07	5.345657e-01	9.260035e-01	1.087165e+00
1.033745474860358e-07	5.345803e-01	9.260555e-01	1.087165e+00
1.033768332003215e-07	5.345950e-01	9.261074e-01	1.087165e+00
1.033778332003215e-07	5.346014e-01	9.261301e-01	1.087166e+00
1.034142617717501e-07	5.348372e-01	9.269555e-01	1.087167e+00
1.034506903431787e-07	5.350775e-01	9.277769e-01	1.087170e+00
1.034871189146074e-07	5.353222e-01	9.285942e-01	1.087175e+00
1.035235474860360e-07	5.355715e-01	9.294074e-01	1.087181e+00
1.035599760574646e-07	5.358252e-01	9.302165e-01	1.087189e+00
1.035964046288932e-07	5.360834e-01	9.310216e-01	1.087198e+00
1.036328332003218e-07	5.363461e-01	9.318227e-01	1.087210e+00
1.036694046288933e-07	5.366143e-01	9.326227e-01	1.087223e+00
1.037059760574647e-07	5.368869e-01	9.334185e-01	1.087238e+00
1.037425474860362e-07	5.371638e-01	9.342102e-01	1.087255e+00
1.037791189146077e-07	5.374450e-01	9.349977e-01	1.087275e+00
1.038156903431792e-07	5.377307e-01	9.357811e-01	1.087296e+00
1.038522617717506e-07	5.380207e-01	9.365602e-01	1.087319e+00
1.038888332003221e-07	5.383150e-01	9.373353e-01	1.087345e+00
1.039619760574650e-07	5.389169e-01	9.388727e-01	1.087402e+00
1.040351189146080e-07	5.395352e-01	9.403933e-01	1.087468e+00
1.041082617717509e-07	5.401699e-01	9.418971e-01	1.087544e+00
1.041814046288938e-07	5.408209e-01	9.433840e-01	1.087628e+00
1.042545474860368e-07	5.414884e-01	9.448540e-01	1.087722e+00
1.043276903431797e-07	5.421722e-01	9.463072e-01	1.087825e+00
1.044008332003227e-07	5.428724e-01	9.477435e-01	1.087938e+00
1.044018332003227e-07	5.428821e-01	9.477630e-01	1.087939e+00
1.045139760574657e-07	5.439875e-01	9.499317e-01	1.088132e+00
1.046261189146086e-07	5.451270e-01	9.520613e-01	1.088343e+00
1.047382617717516e-07	5.463006e-01	9.541518e-01	1.088572e+00
1.048504046288946e-07	5.475084e-01	9.562032e-01	1.088820e+00
1.049625474860376e-07	5.487503e-01	9.582155e-01	1.089087e+00
1.050746903431806e-07	5.500264e-01	9.601888e-01	1.089371e+00
1.051868332003236e-07	5.513366e-01	9.621229e-01	1.089674e+00
1.052208332003236e-07	5.517396e-01	9.627019e-01	1.089768e+00
1.052548332003236e-07	5.521453e-01	9.632774e-01	1.089863e+00
1.052888332003237e-07	5.525540e-01	9.638494e-01	1.089959e+00
1.053228332003237e-07	5.529654e-01	9.644180e-01	1.090056e+00
1.053568332003238e-07	5.533797e-01	9.649831e-01	1.090154e+00
1.053908332003238e-07	5.537968e-01	9.655446e-01	1.090253e+00
1.054248332003238e-07	5.542168e-01	9.661027e-01	1.090353e+00
1.054258332003238e-07	5.542292e-01	9.661191e-01	1.090356e+00
1.055279760574668e-07	5.555087e-01	9.677741e-01	1.090666e+00
1.056301189146098e-07	5.568112e-01	9.693989e-01	1.090979e+00
1.057322617717528e-07	5.581367e-01	9.709938e-01	1.091294e+00
1.058344046288957e-07	5.594853e-01	9.725585e-01	1.091612e+00
1.059365474860387e-07	5.608570e-01	9.740932e-01	1.091932e+00
1.060386903431817e-07	5.622517e-01	9.755978e-01	1.092255e+00
1.061408332003246e-07	5.636695e-01	9.770723e-01	1.092581e+00
1.061848332003247e-07	5.642864e-01	9.776989e-01	1.092718e+00
1.062288332003247e-07	5.649071e-01	9.783201e-01	1.092854e+00
1.062728332003248e-07	5.655316e-01	9.789362e-01	1.092988e+00
1.063168332003248e-07	5.661600e-01	9.795469e-01	1.093120e+00
1.063608332003249e-07	5.667921e-01	9.801524e-01	1.093250e+00
1.064048332003249e-07	5.674281e-01	9.807526e-01	1.093379e+00
1.064488332003250e-07	5.680679e-01	9.813476e-01	1.093506e+00
1.064498332003250e-07	5.680825e-01	9.813610e-01	1.093509e+00
1.065416903431822e-07	5.694309e-01	9.825857e-01	1.093768e+00
1.066335474860395e-07	5.707942e-01	9.837889e-01	1.094010e+00
1.067254046288967e-07	5.721725e-01	9.849706e-01	1.094235e+00
1.068172617717540e-07	5.735659e-01	9.861307e-01	1.094443e+00
1.069091189146112e-07	5.749742e-01	9.872693e-01	1.094633e+00
1.070009760574685e-07	5.763976e-01	9.883864e-01	1.094807e+00
1.070928332003257e-07	5.778359e-01	9.894820e-01	1.094963e+00
1.071471189146115e-07	5.786922e-01	9.901201e-01	1.095043e+00
1.072014046288973e-07	5.795532e-01	9.907512e-01	1.095116e+00
1.072556903431831e-07	5.804188e-01	9.913754e-01	1.095180e+00
1.073099760574688e-07	5.812891e-01	9.919926e-01	1.095236e+00
1.073642617717546e-07	5.821641e-01	9.926028e-01	1.095284e+00
1.074185474860404e-07	5.830438e-01	9.932061e-01	1.095324e+00
1.074728332003262e-07	5.839282e-01	9.938024e-01	1.095356e+00
1.074738332003262e-07	5.839445e-01	9.938133e-01	1.095356e+00
1.074986903431833e-07	5.843509e-01	9.940841e-01	1.095368e+00
1.075235474860405e-07	5.847583e-01	9.943534e-01	1.095377e+00
1.075484046288977e-07	5.851665e-01	9.946214e-01	1.095385e+00
1.075732617717548e-07	5.855757e-01	9.948880e-01	1.095391e+00
1.075981189146120e-07	5.859858e-01	9.951532e-01	1.095396e+00
1.076229760574692e-07	5.863969e-01	9.954170e-01	1.095398e+00
1.076478332003264e-07	5.868088e-01	9.956794e-01	1.095399e+00
1.076914046288978e-07	5.875331e-01	9.961360e-01	1.095396e+00
1.077349760574693e-07	5.882601e-01	9.965885e-01	1.095387e+00
1.077785474860408e-07	5.889898e-01	9.970369e-01	1.095373e+00
1.078221189146123e-07	5.897222e-01	9.974811e-01	1.095353e+00
1.078656903431837e-07	5.904572e-01	9.979212e-01	1.095327e+00
1.079092617717552e-07	5.911949e-01	9.983572e-01	1.095297e+00
1.079528332003267e-07	5.919353e-01	9.987891e-01	1.095260e+00
1.080059760574696e-07	5.928419e-01	9.993104e-01	1.095208e+00
1.080591189146125e-07	5.937522e-01	9.998259e-01	1.095148e+00
1.081122617717555e-07	5.946662e-01	1.000336e+00	1.095080e+00
1.081654046288984e-07	5.955839e-01	1.000840e+00	1.095004e+00
1.082185474860413e-07	5.965053e-01	1.001338e+00	1.094920e+00
1.082716903431842e-07	5.974304e-01	1.001830e+00	1.094828e+00
1.083248332003271e-07	5.983592e-01	1.002317e+00	1.094728e+00
1.083494046288986e-07	5.987899e-01	1.002540e+00	1.094679e+00
1.083739760574700e-07	5.992212e-01	1.002762e+00	1.094629e+00
1.083985474860415e-07	5.996533e-01	1.002982e+00	1.094577e+00
1.084231189146130e-07	6.000862e-01	1.003202e+00	1.094523e+00
1.084476903431844e-07	6.005198e-01	1.003420e+00	1.094468e+00
1.084722617717559e-07	6.009541e-01	1.003638e+00	1.094411e+00
1.084968332003273e-07	6.013892e-01	1.003854e+00	1.094353e+00
1.084978332003273e-07	6.014069e-01	1.003863e+00	1.094351e+00
1.086439760574703e-07	6.040116e-01	1.005121e+00	1.093964e+00
1.087901189146134e-07	6.066394e-01	1.006343e+00	1.093532e+00
1.089362617717564e-07	6.092904e-01	1.007527e+00	1.093053e+00
1.090824046288994e-07	6.119644e-01	1.008674e+00	1.092527e+00
1.092285474860424e-07	6.146616e-01	1.009783e+00	1.091955e+00
1.093746903431855e-07	6.173818e-01	1.010856e+00	1.091337e+00
1.095208332003285e-07	6.201252e-01	1.011891e+00	1.090672e+00
1.095218332003285e-07	6.201441e-01	1.011898e+00	1.090667e+00
1.096679760574715e-07	6.229079e-01	1.012900e+00	1.089966e+00
1.098141189146145e-07	6.256902e-01	1.013871e+00	1.089237e+00
1.099602617717575e-07	6.284909e-01	1.014812e+00	1.088478e+00
1.101064046289006e-07	6.313100e-01	1.015722e+00	1.087691e+00
1.102525474860436e-07	6.341476e-01	1.016603e+00	1.086875e+00
1.103986903431866e-07	6.370036e-01	1.017452e+00	1.086030e+00
1.105448332003296e-07	6.398781e-01	1.018272e+00	1.085157e+00
1.105458332003296e-07	6.398978e-01	1.018278e+00	1.085151e+00
1.106919760574727e-07	6.427886e-01	1.019070e+00	1.084258e+00
1.108381189146157e-07	6.456941e-01	1.019838e+00	1.083349e+00
1.109842617717587e-07	6.486143e-01	1.020581e+00	1.082424e+00
1.111304046289017e-07	6.515492e-01	1.021300e+00	1.081483e+00
1.112765474860447e-07	6.544988e-01	1.021995e+00	1.080526e+00
1.114226903431878e-07	6.574631e-01	1.022665e+00	1.079552e+00
1.115688332003308e-07	6.604421e-01	1.023311e+00	1.078563e+00
1.115698332003308e-07	6.604625e-01	1.023315e+00	1.078556e+00
1.116545474860452e-07	6.622051e-01	1.023681e+00	1.077979e+00
1.117392617717596e-07	6.639418e-01	1.024039e+00	1.077398e+00
1.118239760574739e-07	6.656724e-01	1.024390e+00	1.076814e+00
1.119086903431883e-07	6.673971e-01	1.024733e+00	1.076226e+00
1.119934046289027e-07	6.691157e-01	1.025069e+00	1.075636e+00
1.120781189146171e-07	6.708284e-01	1.025397e+00	1.075042e+00
1.121628332003315e-07	6.725351e-01	1.025718e+00	1.074444e+00
1.122242617717601e-07	6.737579e-01	1.025945e+00	1.074010e+00
1.122856903431888e-07	6.749801e-01	1.026167e+00	1.073574e+00
1.123471189146174e-07	6.762015e-01	1.026384e+00	1.073136e+00
1.124085474860460e-07	6.774221e-01	1.026596e+00	1.072698e+00
1.124699760574747e-07	6.786420e-01	1.026803e+00	1.072258e+00
1.125314046289033e-07	6.798612e-01	1.027004e+00	1.071817e+00
1.125928332003320e-07	6.810796e-01	1.027201e+00	1.071375e+00
1.125938332003320e-07	6.810995e-01	1.027205e+00	1.071367e+00
1.127134046289035e-07	6.834809e-01	1.027569e+00	1.070503e+00
1.128329760574751e-07	6.858947e-01	1.027918e+00	1.069635e+00
1.129525474860466e-07	6.883408e-01	1.028254e+00	1.068764e+00
1.130721189146182e-07	6.908193e-01	1.028574e+00	1.067889e+00
1.131916903431898e-07	6.933302e-01	1.028880e+00	1.067012e+00
1.133112617717613e-07	6.958735e-01	1.029172e+00	1.066131e+00
1.134308332003329e-07	6.984491e-01	1.029449e+00	1.065247e+00
1.134574046289044e-07	6.990273e-01	1.029510e+00	1.065050e+00
1.134839760574758e-07	6.996072e-01	1.029571e+00	1.064853e+00
1.135105474860473e-07	7.001886e-01	1.029632e+00	1.064656e+00
1.135371189146187e-07	7.007716e-01	1.029693e+00	1.064459e+00
1.135636903431902e-07	7.013562e-01	1.029754e+00	1.064262e+00
1.135902617717617e-07	7.019424e-01	1.029814e+00	1.064065e+00
1.136168332003331e-07	7.025301e-01	1.029874e+00	1.063868e+00
1.136178332003331e-07	7.025523e-01	1.029876e+00	1.063860e+00
1.137435474860475e-07	7.053642e-01	1.030153e+00	1.062925e+00
1.138692617717620e-07	7.081931e-01	1.030434e+00	1.061987e+00
1.139949760574764e-07	7.110388e-01	1.030720e+00	1.061048e+00
1.141206903431908e-07	7.139015e-01	1.031010e+00	1.060108e+00
1.142464046289053e-07	7.167811e-01	1.031304e+00	1.059166e+00
1.143721189146197e-07	7.196776e-01	1.031604e+00	1.058222e+00
1.144978332003341e-07	7.225910e-01	1.031907e+00	1.057277e+00
1.146418332003343e-07	7.259163e-01	1.032273e+00	1.056194e+00
1.146901189146201e-07	7.270312e-01	1.032398e+00	1.055830e+00
1.147384046289058e-07	7.281451e-01	1.032526e+00	1.055467e+00
1.147866903431916e-07	7.292581e-01	1.032655e+00	1.055103e+00
1.148349760574774e-07	7.303700e-01	1.032786e+00	1.054739e+00
1.148832617717631e-07	7.314811e-01	1.032918e+00	1.054375e+00
1.149315474860489e-07	7.325911e-01	1.033053e+00	1.054011e+00
1.149798332003347e-07	7.337002e-01	1.033188e+00	1.053647e+00
1.150205474860490e-07	7.346341e-01	1.033304e+00	1.053340e+00
1.150612617717633e-07	7.355669e-01	1.033419e+00	1.053033e+00
1.151019760574777e-07	7.364984e-01	1.033532e+00	1.052726e+00
1.151426903431920e-07	7.374288e-01	1.033644e+00	1.052419e+00
1.151834046289063e-07	7.383579e-01	1.033755e+00	1.052112e+00
1.152241189146207e-07	7.392859e-01	1.033864e+00	1.051805e+00
1.152648332003350e-07	7.402127e-01	1.033972e+00	1.051498e+00
1.153219760574779e-07	7.415110e-01	1.034118e+00	1.051067e+00
1.153791189146208e-07	7.428069e-01	1.034260e+00	1.050636e+00
1.154362617717638e-07	7.441003e-01	1.034399e+00	1.050205e+00
1.154934046289067e-07	7.453913e-01	1.034535e+00	1.049774e+00
1.155505474860496e-07	7.466799e-01	1.034667e+00	1.049343e+00
1.156076903431925e-07	7.479660e-01	1.034796e+00	1.048912e+00
1.156648332003354e-07	7.492496e-01	1.034921e+00	1.048482e+00
1.156658332003354e-07	7.492721e-01	1.034924e+00	1.048474e+00
1.157484046289070e-07	7.511218e-01	1.035100e+00	1.047852e+00
1.158309760574785e-07	7.529695e-01	1.035278e+00	1.047230e+00
1.159135474860500e-07	7.548152e-01	1.035460e+00	1.046608e+00
1.159961189146215e-07	7.566588e-01	1.035643e+00	1.045987e+00
1.160786903431931e-07	7.585005e-01	1.035830e+00	1.045366e+00
1.161612617717646e-07	7.603402e-01	1.036019e+00	1.044745e+00
1.162438332003361e-07	7.621778e-01	1.036211e+00	1.044125e+00
1.163074046289076e-07	7.635936e-01	1.036366e+00	1.043648e+00
1.163709760574791e-07	7.650114e-01	1.036526e+00	1.043171e+00
1.164345474860506e-07	7.664312e-01	1.036691e+00	1.042695e+00
1.164981189146221e-07	7.678530e-01	1.036861e+00	1.042218e+00
1.165616903431936e-07	7.692768e-01	1.037036e+00	1.041742e+00
1.166252617717651e-07	7.707026e-01	1.037216e+00	1.041267e+00
1.166888332003366e-07	7.721304e-01	1.037401e+00	1.040792e+00
1.166898332003366e-07	7.721528e-01	1.037404e+00	1.040784e+00
1.168029760574796e-07	7.747003e-01	1.037752e+00	1.039939e+00
1.169161189146226e-07	7.772652e-01	1.038109e+00	1.039096e+00
1.170292617717656e-07	7.798477e-01	1.038476e+00	1.038254e+00
1.171424046289085e-07	7.824476e-01	1.038853e+00	1.037413e+00
1.172555474860515e-07	7.850650e-01	1.039240e+00	1.036574e+00
1.173686903431945e-07	7.876999e-01	1.039637e+00	1.035737e+00
1.174818332003375e-07	7.903523e-01	1.040044e+00	1.034901e+00
1.175148332003375e-07	7.911311e-01	1.040162e+00	1.034657e+00
1.175478332003376e-07	7.919119e-01	1.040279e+00	1.034414e+00
1.175808332003376e-07	7.926946e-01	1.040396e+00	1.034171e+00
1.176138332003377e-07	7.934793e-01	1.040513e+00	1.033928e+00
1.176468332003377e-07	7.942659e-01	1.040630e+00	1.033685e+00
1.176798332003377e-07	7.950545e-01	1.040746e+00	1.033442e+00
1.177128332003378e-07	7.958451e-01	1.040863e+00	1.033200e+00
1.177138332003378e-07	7.958691e-01	1.040866e+00	1.033193e+00
1.178436903431951e-07	7.990012e-01	1.041328e+00	1.032240e+00
1.179735474860523e-07	8.021637e-01	1.041770e+00	1.031289e+00
1.181034046289096e-07	8.053566e-01	1.042192e+00	1.030342e+00
1.182332617717669e-07	8.085798e-01	1.042595e+00	1.029397e+00
1.183631189146242e-07	8.118335e-01	1.042978e+00	1.028456e+00
1.184929760574815e-07	8.151176e-01	1.043341e+00	1.027517e+00
1.186228332003388e-07	8.184321e-01	1.043685e+00	1.026581e+00
1.187378332003389e-07	8.213876e-01	1.043957e+00	1.025754e+00
1.188346903431962e-07	8.238945e-01	1.044168e+00	1.025060e+00
1.189315474860534e-07	8.264119e-01	1.044360e+00	1.024368e+00
1.190284046289107e-07	8.289398e-01	1.044533e+00	1.023678e+00
1.191252617717679e-07	8.314781e-01	1.044686e+00	1.022989e+00
1.192221189146252e-07	8.340270e-01	1.044820e+00	1.022302e+00
1.193189760574824e-07	8.365863e-01	1.044934e+00	1.021617e+00
1.194158332003397e-07	8.391562e-01	1.045029e+00	1.020934e+00
1.194651189146255e-07	8.404655e-01	1.045069e+00	1.020588e+00
1.195144046289112e-07	8.417761e-01	1.045104e+00	1.020241e+00
1.195636903431970e-07	8.430878e-01	1.045134e+00	1.019896e+00
1.196129760574828e-07	8.444008e-01	1.045158e+00	1.019550e+00
1.196622617717685e-07	8.457149e-01	1.045178e+00	1.019206e+00
1.197115474860543e-07	8.470302e-01	1.045192e+00	1.018861e+00
1.197608332003401e-07	8.483468e-01	1.045201e+00	1.018517e+00
1.197618332003401e-07	8.483735e-01	1.045201e+00	1.018511e+00
1.197855474860544e-07	8.490070e-01	1.045203e+00	1.018345e+00
1.198092617717687e-07	8.496407e-01	1.045204e+00	1.018180e+00
1.198329760574830e-07	8.502744e-01	1.045205e+00	1.018015e+00
1.198566903431973e-07	8.509082e-01	1.045203e+00	1.017850e+00
1.198804046289117e-07	8.515421e-01	1.045201e+00	1.017686e+00
1.199041189146260e-07	8.521761e-01	1.045198e+00	1.017521e+00
1.199278332003403e-07	8.528101e-01	1.045193e+00	1.017357e+00
1.200274046289118e-07	8.554755e-01	1.045160e+00	1.016667e+00
1.201269760574834e-07	8.581366e-01	1.045108e+00	1.015980e+00
1.202265474860549e-07	8.607935e-01	1.045038e+00	1.015295e+00
1.203261189146264e-07	8.634461e-01	1.044948e+00	1.014612e+00
1.204256903431980e-07	8.660945e-01	1.044840e+00	1.013931e+00
1.205252617717695e-07	8.687387e-01	1.044714e+00	1.013253e+00
1.206248332003411e-07	8.713786e-01	1.044568e+00	1.012577e+00
1.207858332003412e-07	8.756229e-01	1.044301e+00	1.011488e+00
1.209319760574843e-07	8.794597e-01	1.044017e+00	1.010499e+00
1.210781189146273e-07	8.832616e-01	1.043707e+00	1.009520e+00
1.212242617717703e-07	8.870286e-01	1.043372e+00	1.008553e+00
1.213704046289134e-07	8.907608e-01	1.043010e+00	1.007596e+00
1.215165474860564e-07	8.944582e-01	1.042623e+00	1.006650e+00
1.216626903431994e-07	8.981206e-01	1.042210e+00	1.005715e+00
1.218088332003424e-07	9.017482e-01	1.041771e+00	1.004791e+00
1.218098332003424e-07	9.017729e-01	1.041768e+00	1.004785e+00
1.219559760574854e-07	9.053522e-01	1.041311e+00	1.003887e+00
1.221021189146284e-07	9.088793e-01	1.040843e+00	1.002999e+00
1.222482617717715e-07	9.123542e-01	1.040364e+00	1.002121e+00
1.223944046289145e-07	9.157768e-01	1.039872e+00	1.001254e+00
1.225405474860575e-07	9.191472e-01	1.039369e+00	1.000397e+00
1.226866903432006e-07	9.224653e-01	1.038855e+00	9.995500e-01
1.228328332003436e-07	9.257311e-01	1.038329e+00	9.987135e-01
1.228338332003436e-07	9.257532e-01	1.038325e+00	9.987077e-01
1.229799760574866e-07	9.289584e-01	1.037795e+00	9.978713e-01
1.231261189146296e-07	9.321031e-01	1.037263e+00	9.970298e-01
1.232722617717726e-07	9.351871e-01	1.036730e+00	9.961833e-01
1.234184046289157e-07	9.382107e-01	1.036195e+00	9.953318e-01
1.235645474860587e-07	9.411737e-01	1.035659e+00	9.944752e-01
1.237106903432017e-07	9.440761e-01	1.035122e+00	9.936136e-01
1.238568332003447e-07	9.469180e-01	1.034584e+00	9.927470e-01
1.238578332003447e-07	9.469372e-01	1.034580e+00	9.927410e-01
1.239866903432020e-07	9.493897e-01	1.034108e+00	9.919703e-01
1.241155474860593e-07	9.517942e-01	1.033640e+00	9.911902e-01
1.242444046289166e-07	9.541507e-01	1.033176e+00	9.904005e-01
1.243732617717739e-07	9.564593e-01	1.032715e+00	9.896013e-01
1.245021189146312e-07	9.587198e-01	1.032257e+00	9.887927e-01
1.246309760574885e-07	9.609324e-01	1.031803e+00	9.879746e-01
1.247598332003458e-07	9.630970e-01	1.031353e+00	9.871470e-01
1.247771189146315e-07	9.633838e-01	1.031293e+00	9.870341e-01
1.247944046289172e-07	9.636698e-01	1.031233e+00	9.869207e-01
1.248116903432030e-07	9.639550e-01	1.031174e+00	9.868071e-01
1.248289760574887e-07	9.642392e-01	1.031114e+00	9.866931e-01
1.248462617717744e-07	9.645227e-01	1.031054e+00	9.865787e-01
1.248635474860602e-07	9.648053e-01	1.030995e+00	9.864641e-01
1.248808332003459e-07	9.650870e-01	1.030936e+00	9.863490e-01
1.248818332003459e-07	9.651033e-01	1.030932e+00	9.863424e-01
1.250279760574889e-07	9.674495e-01	1.030433e+00	9.853575e-01
1.251741189146319e-07	9.697378e-01	1.029942e+00	9.843396e-01
1.253202617717750e-07	9.719682e-01	1.029459e+00	9.832888e-01
1.254664046289180e-07	9.741407e-01	1.028983e+00	9.822050e-01
1.256125474860610e-07	9.762553e-01	1.028516e+00	9.810882e-01
1.257586903432040e-07	9.783120e-01	1.028055e+00	9.799385e-01
1.259048332003471e-07	9.803108e-01	1.027603e+00	9.787558e-01
1.259058332003471e-07	9.803243e-01	1.027600e+00	9.787475e-01
1.260519760574901e-07	9.822671e-01	1.027157e+00	9.775230e-01
1.261981189146331e-07	9.841584e-01	1.026722e+00	9.762771e-01
1.263442617717761e-07	9.859979e-01	1.026296e+00	9.750100e-01
1.264904046289192e-07	9.877859e-01	1.025879e+00	9.737217e-01
1.266365474860622e-07	9.895222e-01	1.025470e+00	9.724121e-01
1.267826903432052e-07	9.912068e-01	1.025070e+00	9.710813e-01
1.269288332003482e-07	9.928398e-01	1.024679e+00	9.697292e-01
1.269298332003482e-07	9.928508e-01	1.024676e+00	9.697199e-01
1.270298332003483e-07	9.939411e-01	1.024414e+00	9.687934e-01
1.271298332003484e-07	9.950100e-01	1.024155e+00	9.678686e-01
1.272298332003486e-07	9.960576e-01	1.023901e+00	9.669456e-01
1.273298332003487e-07	9.970839e-01	1.023650e+00	9.660244e-01
1.274298332003488e-07	9.980888e-01	1.023404e+00	9.651051e-01
1.275298332003489e-07	9.990724e-01	1.023161e+00	9.641875e-01
1.276298332003490e-07	1.000035e+00	1.022923e+00	9.632718e-01
1.276759760574919e-07	1.000472e+00	1.022814e+00	9.628528e-01
1.277221189146348e-07	1.000906e+00	1.022707e+00	9.624357e-01
1.277682617717777e-07	1.001335e+00	1.022600e+00	9.620205e-01
1.278144046289207e-07	1.001760e+00	1.022493e+00	9.616072e-01
1.278605474860636e-07	1.002180e+00	1.022388e+00	9.611957e-01
1.279066903432065e-07	1.002597e+00	1.022284e+00	9.607862e-01
1.279528332003494e-07	1.003009e+00	1.022180e+00	9.603786e-01
1.279538332003494e-07	1.003018e+00	1.022178e+00	9.603698e-01
1.280999760574924e-07	1.004295e+00	1.021855e+00	9.590883e-01
1.282461189146354e-07	1.005535e+00	1.021540e+00	9.578419e-01
1.283922617717784e-07	1.006738e+00	1.021234e+00	9.566306e-01
1.285384046289215e-07	1.007904e+00	1.020934e+00	9.554543e-01
1.286845474860645e-07	1.009032e+00	1.020643e+00	9.543131e-01
1.288306903432075e-07	1.010123e+00	1.020360e+00	9.532069e-01
1.289768332003505e-07	1.011177e+00	1.020084e+00	9.521358e-01
1.289778332003505e-07	1.011184e+00	1.020082e+00	9.521286e-01
1.291239760574936e-07	1.012204e+00	1.019814e+00	9.511059e-01
1.292701189146366e-07	1.013194e+00	1.019553e+00	9.501323e-01
1.294162617717796e-07	1.014153e+00	1.019298e+00	9.492078e-01
1.295624046289226e-07	1.015081e+00	1.019051e+00	9.483325e-01
1.297085474860657e-07	1.015979e+00	1.018810e+00	9.475062e-01
1.298546903432087e-07	1.016846e+00	1.018577e+00	9.467291e-01
1.300008332003517e-07	1.017683e+00	1.018350e+00	9.460011e-01
1.300018332003517e-07	1.017689e+00	1.018348e+00	9.459963e-01
1.300292617717803e-07	1.017843e+00	1.018306e+00	9.458660e-01
1.300566903432089e-07	1.017996e+00	1.018265e+00	9.457374e-01
1.300841189146375e-07	1.018149e+00	1.018224e+00	9.456107e-01
1.301115474860661e-07	1.018300e+00	1.018184e+00	9.454859e-01
1.301389760574947e-07	1.018451e+00	1.018145e+00	9.453628e-01
1.301664046289233e-07	1.018600e+00	1.018107e+00	9.452416e-01
1.301938332003519e-07	1.018749e+00	1.018069e+00	9.451222e-01
1.302275474860662e-07	1.018930e+00	1.018025e+00	9.449780e-01
1.302612617717806e-07	1.019110e+00	1.017983e+00	9.448365e-01
1.302949760574949e-07	1.019288e+00	1.017943e+00	9.446978e-01
1.303286903432092e-07	1.019466e+00	1.017904e+00	9.445619e-01
1.303624046289235e-07	1.019641e+00	1.017866e+00	9.444287e-01
1.303961189146379e-07	1.019816e+00	1.017830e+00	9.442983e-01
1.304298332003522e-07	1.019988e+00	1.017796e+00	9.441707e-01
1.304939760574951e-07	1.020314e+00	1.017737e+00	9.439355e-01
1.305581189146380e-07	1.020633e+00	1.017678e+00	9.437102e-01
1.306222617717810e-07	1.020947e+00	1.017618e+00	9.434947e-01
1.306864046289239e-07	1.021255e+00	1.017556e+00	9.432891e-01
1.307505474860668e-07	1.021558e+00	1.017495e+00	9.430934e-01
1.308146903432098e-07	1.021855e+00	1.017432e+00	9.429075e-01
1.308788332003527e-07	1.022146e+00	1.017369e+00	9.427315e-01
1.308996903432099e-07	1.022239e+00	1.017346e+00	9.426763e-01
1.309205474860670e-07	1.022331e+00	1.017323e+00	9.426221e-01
1.309414046289242e-07	1.022423e+00	1.017299e+00	9.425690e-01
1.309622617717813e-07	1.022514e+00	1.017274e+00	9.425169e-01
1.309831189146385e-07	1.022605e+00	1.017248e+00	9.424657e-01
1.310039760574957e-07	1.022695e+00	1.017222e+00	9.424157e-01
1.310248332003529e-07	1.022784e+00	1.017196e+00	9.423666e-01
1.310258332003529e-07	1.022788e+00	1.017194e+00	9.423643e-01
1.310782617717815e-07	1.023009e+00	1.017124e+00	9.422456e-01
1.311306903432101e-07	1.023225e+00	1.017047e+00	9.421331e-01
1.311831189146387e-07	1.023437e+00	1.016965e+00	9.420268e-01
1.312355474860674e-07	1.023644e+00	1.016877e+00	9.419268e-01
1.312879760574960e-07	1.023846e+00	1.016784e+00	9.418329e-01
1.313404046289247e-07	1.024043e+00	1.016685e+00	9.417454e-01
1.313928332003533e-07	1.024235e+00	1.016580e+00	9.416640e-01
1.314694046289248e-07	1.024508e+00	1.016414e+00	9.415563e-01
1.315459760574963e-07	1.024769e+00	1.016237e+00	9.414609e-01
1.316225474860678e-07	1.025020e+00	1.016051e+00	9.413779e-01
1.316991189146393e-07	1.025261e+00	1.015855e+00	9.413072e-01
1.317756903432109e-07	1.025491e+00	1.015649e+00	9.412489e-01
1.318522617717824e-07	1.025710e+00	1.015432e+00	9.412029e-01
1.319288332003539e-07	1.025919e+00	1.015206e+00	9.411693e-01
1.319459760574968e-07	1.025965e+00	1.015155e+00	9.411632e-01
1.319631189146396e-07	1.026010e+00	1.015104e+00	9.411578e-01
1.319802617717825e-07	1.026054e+00	1.015052e+00	9.411529e-01
1.319974046289254e-07	1.026098e+00	1.015001e+00	9.411487e-01
1.320145474860683e-07	1.026142e+00	1.014949e+00	9.411450e-01
1.320316903432111e-07	1.026185e+00	1.014896e+00	9.411418e-01
1.320488332003540e-07	1.026227e+00	1.014844e+00	9.411393e-01
1.320498332003540e-07	1.026230e+00	1.014841e+00	9.411392e-01
1.320926903432112e-07	1.026334e+00	1.014708e+00	9.411354e-01
1.321355474860684e-07	1.026435e+00	1.014575e+00	9.411351e-01
1.321784046289256e-07	1.026534e+00	1.014442e+00	9.411383e-01
1.322212617717828e-07	1.026630e+00	1.014308e+00	9.411449e-01
1.322641189146400e-07	1.026723e+00	1.014175e+00	9.411550e-01
1.323069760574972e-07	1.026813e+00	1.014040e+00	9.411685e-01
1.323498332003544e-07	1.026901e+00	1.013906e+00	9.411855e-01
1.324506903432116e-07	1.027095e+00	1.013586e+00	9.412394e-01
1.325515474860689e-07	1.027280e+00	1.013279e+00	9.413101e-01
1.326524046289261e-07	1.027457e+00	1.012984e+00	9.413974e-01
1.327532617717834e-07	1.027624e+00	1.012701e+00	9.415014e-01
1.328541189146406e-07	1.027782e+00	1.012430e+00	9.416222e-01
1.329549760574979e-07	1.027932e+00	1.012172e+00	9.417596e-01
1.330558332003552e-07	1.028073e+00	1.011925e+00	9.419137e-01
1.330738332003552e-07	1.028098e+00	1.011884e+00	9.419426e-01
1.330994046289267e-07	1.028134e+00	1.011827e+00	9.419845e-01
1.331249760574981e-07	1.028169e+00	1.011771e+00	9.420273e-01
1.331505474860696e-07	1.028204e+00	1.011717e+00	9.420710e-01
1.331761189146410e-07	1.028240e+00	1.011663e+00	9.421156e-01
1.332016903432125e-07	1.028275e+00	1.011612e+00	9.421612e-01
1.332272617717839e-07	1.028309e+00	1.011561e+00	9.422077e-01
1.332528332003554e-07	1.028344e+00	1.011512e+00	9.422551e-01
1.332782617717840e-07	1.028378e+00	1.011464e+00	9.423032e-01
1.333036903432126e-07	1.028414e+00	1.011418e+00	9.423521e-01
1.333291189146412e-07	1.028450e+00	1.011374e+00	9.424019e-01
1.333545474860698e-07	1.028487e+00	1.011331e+00	9.424526e-01
1.333799760574984e-07	1.028526e+00	1.011289e+00	9.425041e-01
1.334054046289270e-07	1.028565e+00	1.011249e+00	9.425565e-01
1.334308332003556e-07	1.028605e+00	1.011210e+00	9.426097e-01
1.334669760574985e-07	1.028665e+00	1.011158e+00	9.426869e-01
1.335031189146414e-07	1.028728e+00	1.011108e+00	9.427657e-01
1.335392617717843e-07	1.028795e+00	1.011063e+00	9.428461e-01
1.335754046289272e-07	1.028865e+00	1.011020e+00	9.429281e-01
1.336115474860701e-07	1.028937e+00	1.010981e+00	9.430117e-01
1.336476903432130e-07	1.029013e+00	1.010946e+00	9.430969e-01
1.336838332003559e-07	1.029092e+00	1.010913e+00	9.431837e-01
1.337216903432131e-07	1.029179e+00	1.010883e+00	9.432763e-01
1.337595474860703e-07	1.029267e+00	1.010858e+00	9.433706e-01
1.337974046289274e-07	1.029358e+00	1.010836e+00	9.434664e-01
1.338352617717846e-07	1.029451e+00	1.010818e+00	9.435638e-01
1.338731189146418e-07	1.029547e+00	1.010804e+00	9.436628e-01
1.339109760574990e-07	1.029645e+00	1.010794e+00	9.437634e-01
1.339488332003562e-07	1.029745e+00	1.010788e+00	9.438655e-01
1.339622617717847e-07	1.029780e+00	1.010787e+00	9.439021e-01
1.339756903432134e-07	1.029816e+00	1.010787e+00	9.439389e-01
1.339891189146419e-07	1.029852e+00	1.010787e+00	9.439759e-01
1.340025474860705e-07	1.029888e+00	1.010787e+00	9.440131e-01
1.340159760574991e-07	1.029924e+00	1.010788e+00	9.440504e-01
1.340294046289277e-07	1.029961e+00	1.010790e+00	9.440879e-01
1.340428332003563e-07	1.029997e+00	1.010792e+00	9.441257e-01
1.340978332003563e-07	1.030147e+00	1.010806e+00	9.442820e-01
1.341512617717850e-07	1.030294e+00	1.010827e+00	9.444369e-01
1.342046903432136e-07	1.030440e+00	1.010857e+00	9.445945e-01
1.342581189146422e-07	1.030585e+00	1.010894e+00	9.447546e-01
1.343115474860709e-07	1.030729e+00	1.010938e+00	9.449173e-01
1.343649760574995e-07	1.030871e+00	1.010990e+00	9.450826e-01
1.344184046289281e-07	1.031012e+00	1.011049e+00	9.452505e-01
1.344718332003568e-07	1.031151e+00	1.011116e+00	9.454209e-01
1.345418332003568e-07	1.031329e+00	1.011215e+00	9.456480e-01
1.346118332003569e-07	1.031501e+00	1.011323e+00	9.458786e-01
1.346818332003570e-07	1.031668e+00	1.011440e+00	9.461129e-01
1.347518332003571e-07	1.031830e+00	1.011566e+00	9.463507e-01
1.348218332003572e-07	1.031986e+00	1.011702e+00	9.465920e-01
1.348918332003572e-07	1.032138e+00	1.011846e+00	9.468370e-01
1.349618332003573e-07	1.032284e+00	1.012000e+00	9.470855e-01
1.349845474860716e-07	1.032330e+00	1.012051e+00	9.471667e-01
1.350072617717859e-07	1.032376e+00	1.012102e+00	9.472482e-01
1.350299760575003e-07	1.032422e+00	1.012154e+00	9.473301e-01
1.350526903432146e-07	1.032467e+00	1.012207e+00	9.474122e-01
1.350754046289289e-07	1.032511e+00	1.012260e+00	9.474947e-01
1.350981189146432e-07	1.032556e+00	1.012314e+00	9.475775e-01
1.351208332003575e-07	1.032600e+00	1.012368e+00	9.476606e-01
1.351218332003575e-07	1.032602e+00	1.012371e+00	9.476643e-01
1.352455474860719e-07	1.032826e+00	1.012684e+00	9.481235e-01
1.353692617717863e-07	1.033053e+00	1.012998e+00	9.485893e-01
1.354929760575008e-07	1.033281e+00	1.013313e+00	9.490617e-01
1.356166903432152e-07	1.033512e+00	1.013629e+00	9.495405e-01
1.357404046289296e-07	1.033744e+00	1.013945e+00	9.500259e-01
1.358641189146441e-07	1.033978e+00	1.014262e+00	9.505179e-01
1.359878332003585e-07	1.034215e+00	1.014580e+00	9.510163e-01
1.361458332003587e-07	1.034547e+00	1.014959e+00	9.516573e-01
1.362481189146445e-07	1.034774e+00	1.015195e+00	9.520763e-01
1.363504046289303e-07	1.035014e+00	1.015419e+00	9.524969e-01
1.364526903432162e-07	1.035267e+00	1.015631e+00	9.529190e-01
1.365549760575020e-07	1.035531e+00	1.015831e+00	9.533428e-01
1.366572617717878e-07	1.035809e+00	1.016019e+00	9.537681e-01
1.367595474860737e-07	1.036098e+00	1.016195e+00	9.541951e-01
1.368618332003595e-07	1.036401e+00	1.016358e+00	9.546236e-01
1.371698332003598e-07	1.037382e+00	1.016766e+00	9.559150e-01
1.372649760575028e-07	1.037707e+00	1.016867e+00	9.563147e-01
1.373601189146457e-07	1.038037e+00	1.016957e+00	9.567137e-01
1.374552617717887e-07	1.038373e+00	1.017037e+00	9.571122e-01
1.375504046289317e-07	1.038715e+00	1.017106e+00	9.575102e-01
1.376455474860747e-07	1.039062e+00	1.017165e+00	9.579076e-01
1.377406903432176e-07	1.039415e+00	1.017213e+00	9.583044e-01
1.378358332003606e-07	1.039774e+00	1.017251e+00	9.587007e-01
1.378868332003606e-07	1.039967e+00	1.017268e+00	9.589125e-01
1.379378332003607e-07	1.040159e+00	1.017282e+00	9.591240e-01
1.379888332003608e-07	1.040352e+00	1.017294e+00	9.593351e-01
1.380398332003608e-07	1.040545e+00	1.017304e+00	9.595458e-01
1.380908332003609e-07	1.040738e+00	1.017312e+00	9.597561e-01
1.381418332003609e-07	1.040931e+00	1.017317e+00	9.599661e-01
1.381928332003610e-07	1.041125e+00	1.017320e+00	9.601756e-01
1.381938332003610e-07	1.041128e+00	1.017320e+00	9.601797e-01
1.382575474860754e-07	1.041370e+00	1.017320e+00	9.604410e-01
1.383212617717897e-07	1.041609e+00	1.017318e+00	9.607014e-01
1.383849760575041e-07	1.041847e+00	1.017313e+00	9.609610e-01
1.384486903432184e-07	1.042084e+00	1.017306e+00	9.612199e-01
1.385124046289328e-07	1.042319e+00	1.017296e+00	9.614779e-01
1.385761189146471e-07	1.042552e+00	1.017284e+00	9.617351e-01
1.386398332003615e-07	1.042784e+00	1.017269e+00	9.619915e-01
1.387222617717901e-07	1.043080e+00	1.017246e+00	9.623220e-01
1.388046903432188e-07	1.043371e+00	1.017220e+00	9.626507e-01
1.388871189146475e-07	1.043656e+00	1.017193e+00	9.629778e-01
1.389695474860762e-07	1.043936e+00	1.017163e+00	9.633031e-01
1.390519760575048e-07	1.044210e+00	1.017131e+00	9.636268e-01
1.391344046289335e-07	1.044479e+00	1.017097e+00	9.639487e-01
1.392168332003621e-07	1.044741e+00	1.017060e+00	9.642689e-01
1.392178332003621e-07	1.044744e+00	1.017059e+00	9.642728e-01
1.393311189146480e-07	1.045094e+00	1.017006e+00	9.647067e-01
1.394444046289338e-07	1.045428e+00	1.016953e+00	9.651411e-01
1.395576903432197e-07	1.045747e+00	1.016900e+00	9.655760e-01
1.396709760575055e-07	1.046051e+00	1.016846e+00	9.660115e-01
1.397842617717914e-07	1.046340e+00	1.016792e+00	9.664475e-01
1.398975474860772e-07	1.046614e+00	1.016738e+00	9.668840e-01
1.400108332003630e-07	1.046872e+00	1.016683e+00	9.673211e-01
1.400436903432202e-07	1.046944e+00	1.016668e+00	9.674494e-01
1.400765474860774e-07	1.047014e+00	1.016653e+00	9.675782e-01
1.401094046289346e-07	1.047083e+00	1.016638e+00	9.677073e-01
1.401422617717918e-07	1.047150e+00	1.016623e+00	9.678367e-01
1.401751189146489e-07	1.047216e+00	1.016608e+00	9.679666e-01
1.402079760575061e-07	1.047281e+00	1.016594e+00	9.680968e-01
1.402408332003633e-07	1.047344e+00	1.016579e+00	9.682273e-01
1.402418332003633e-07	1.047346e+00	1.016579e+00	9.682313e-01
1.403492617717920e-07	1.047543e+00	1.016533e+00	9.686624e-01
1.404566903432207e-07	1.047725e+00	1.016489e+00	9.690959e-01
1.405641189146494e-07	1.047893e+00	1.016448e+00	9.695319e-01
1.406715474860781e-07	1.048046e+00	1.016408e+00	9.699703e-01
1.407789760575068e-07	1.048185e+00	1.016372e+00	9.704111e-01
1.408864046289355e-07	1.048309e+00	1.016337e+00	9.708544e-01
1.409938332003642e-07	1.048419e+00	1.016305e+00	9.713002e-01
1.410325474860785e-07	1.048456e+00	1.016294e+00	9.714603e-01
1.410712617717928e-07	1.048490e+00	1.016283e+00	9.716201e-01
1.411099760575071e-07	1.048523e+00	1.016273e+00	9.717798e-01
1.411486903432215e-07	1.048554e+00	1.016263e+00	9.719394e-01
1.411874046289358e-07	1.048584e+00	1.016254e+00	9.720987e-01
1.412261189146501e-07	1.048611e+00	1.016245e+00	9.722579e-01
1.412648332003645e-07	1.048637e+00	1.016236e+00	9.724169e-01
1.412658332003645e-07	1.048638e+00	1.016235e+00	9.724210e-01
1.413582617717931e-07	1.048693e+00	1.016216e+00	9.728000e-01
1.414506903432218e-07	1.048739e+00	1.016197e+00	9.731753e-01
1.415431189146505e-07	1.048776e+00	1.016181e+00	9.735470e-01
1.416355474860792e-07	1.048805e+00	1.016166e+00	9.739149e-01
1.417279760575078e-07	1.048824e+00	1.016153e+00	9.742792e-01
1.418204046289365e-07	1.048836e+00	1.016141e+00	9.746397e-01
1.419128332003652e-07	1.048838e+00	1.016131e+00	9.749966e-01
1.419665474860796e-07	1.048837e+00	1.016126e+00	9.752011e-01
1.420202617717939e-07	1.048832e+00	1.016121e+00	9.754037e-01
1.420739760575082e-07	1.048826e+00	1.016116e+00	9.756044e-01
1.421276903432226e-07	1.048817e+00	1.016112e+00	9.758032e-01
1.421814046289369e-07	1.048805e+00	1.016108e+00	9.760000e-01
1.422351189146513e-07	1.048791e+00	1.016105e+00	9.761949e-01
1.422888332003656e-07	1.048775e+00	1.016102e+00	9.763879e-01
1.422898332003656e-07	1.048775e+00	1.016102e+00	9.763915e-01
1.424275474860801e-07	1.048721e+00	1.016096e+00	9.768813e-01
1.425652617717945e-07	1.048655e+00	1.016091e+00	9.773519e-01
1.427029760575090e-07	1.048578e+00	1.016086e+00	9.778034e-01
1.428406903432234e-07	1.048490e+00	1.016082e+00	9.782357e-01
1.429784046289379e-07	1.048390e+00	1.016078e+00	9.786489e-01
1.431161189146523e-07	1.048278e+00	1.016075e+00	9.790429e-01
1.432538332003667e-07	1.048155e+00	1.016072e+00	9.794177e-01
1.433138332003668e-07	1.048099e+00	1.016070e+00	9.795719e-01
1.434229760575098e-07	1.047994e+00	1.016066e+00	9.798388e-01
1.435321189146527e-07	1.047884e+00	1.016060e+00	9.800939e-01
1.436412617717957e-07	1.047771e+00	1.016054e+00	9.803373e-01
1.437504046289387e-07	1.047653e+00	1.016045e+00	9.805690e-01
1.438595474860817e-07	1.047532e+00	1.016035e+00	9.807889e-01
1.439686903432247e-07	1.047406e+00	1.016024e+00	9.809971e-01
1.440778332003677e-07	1.047277e+00	1.016011e+00	9.811936e-01
1.441148332003677e-07	1.047233e+00	1.016006e+00	9.812592e-01
1.441518332003677e-07	1.047188e+00	1.016001e+00	9.813241e-01
1.441888332003678e-07	1.047144e+00	1.015996e+00	9.813883e-01
1.442258332003678e-07	1.047099e+00	1.015990e+00	9.814518e-01
1.442628332003679e-07	1.047053e+00	1.015984e+00	9.815146e-01
1.442998332003679e-07	1.047008e+00	1.015977e+00	9.815767e-01
1.443368332003680e-07	1.046962e+00	1.015971e+00	9.816381e-01
1.443378332003680e-07	1.046960e+00	1.015971e+00	9.816397e-01
1.444551189146538e-07	1.046813e+00	1.015948e+00	9.818287e-01
1.445724046289397e-07	1.046664e+00	1.015922e+00	9.820166e-01
1.446896903432255e-07	1.046513e+00	1.015893e+00	9.822032e-01
1.448069760575113e-07	1.046362e+00	1.015860e+00	9.823887e-01
1.449242617717972e-07	1.046209e+00	1.015823e+00	9.825730e-01
1.450415474860830e-07	1.046054e+00	1.015783e+00	9.827561e-01
1.451588332003689e-07	1.045898e+00	1.015739e+00	9.829381e-01
1.453618332003691e-07	1.045628e+00	1.015654e+00	9.832604e-01
1.454975474860836e-07	1.045447e+00	1.015590e+00	9.834803e-01
1.456332617717980e-07	1.045267e+00	1.015520e+00	9.837013e-01
1.457689760575124e-07	1.045087e+00	1.015444e+00	9.839233e-01
1.459046903432269e-07	1.044909e+00	1.015362e+00	9.841465e-01
1.460404046289413e-07	1.044731e+00	1.015274e+00	9.843707e-01
1.461761189146557e-07	1.044554e+00	1.015180e+00	9.845960e-01
1.463118332003702e-07	1.044377e+00	1.015079e+00	9.848225e-01
1.463858332003703e-07	1.044282e+00	1.015022e+00	9.849440e-01
1.465319760575133e-07	1.044095e+00	1.014904e+00	9.851856e-01
1.466781189146563e-07	1.043911e+00	1.014777e+00	9.854181e-01
1.468242617717993e-07	1.043729e+00	1.014644e+00	9.856416e-01
1.469704046289424e-07	1.043549e+00	1.014504e+00	9.858560e-01
1.471165474860854e-07	1.043372e+00	1.014356e+00	9.860614e-01
1.472626903432284e-07	1.043198e+00	1.014201e+00	9.862576e-01
1.474088332003714e-07	1.043025e+00	1.014039e+00	9.864448e-01
1.474098332003714e-07	1.043024e+00	1.014038e+00	9.864460e-01
1.475364046289430e-07	1.042878e+00	1.013891e+00	9.865946e-01
1.476629760575146e-07	1.042734e+00	1.013740e+00	9.867292e-01
1.477895474860862e-07	1.042592e+00	1.013583e+00	9.868497e-01
1.479161189146577e-07	1.042452e+00	1.013421e+00	9.869563e-01
1.480426903432293e-07	1.042315e+00	1.013255e+00	9.870488e-01
1.481692617718009e-07	1.042179e+00	1.013083e+00	9.871273e-01
1.482958332003724e-07	1.042047e+00	1.012906e+00	9.871919e-01
1.483154046289439e-07	1.042027e+00	1.012878e+00	9.872001e-01
1.483349760575153e-07	1.042006e+00	1.012850e+00	9.872080e-01
1.483545474860868e-07	1.041986e+00	1.012822e+00	9.872154e-01
1.483741189146582e-07	1.041965e+00	1.012794e+00	9.872225e-01
1.483936903432297e-07	1.041943e+00	1.012766e+00	9.872292e-01
1.484132617718011e-07	1.041922e+00	1.012738e+00	9.872355e-01
1.484328332003726e-07	1.041900e+00	1.012709e+00	9.872414e-01
1.484338332003726e-07	1.041899e+00	1.012708e+00	9.872417e-01
1.484616903432298e-07	1.041867e+00	1.012667e+00	9.872494e-01
1.484895474860870e-07	1.041833e+00	1.012626e+00	9.872562e-01
1.485174046289441e-07	1.041799e+00	1.012585e+00	9.872622e-01
1.485452617718013e-07	1.041763e+00	1.012543e+00	9.872674e-01
1.485731189146585e-07	1.041726e+00	1.012501e+00	9.872718e-01
1.486009760575156e-07	1.041688e+00	1.012459e+00	9.872753e-01
1.486288332003728e-07	1.041648e+00	1.012416e+00	9.872780e-01
1.486595474860871e-07	1.041603e+00	1.012369e+00	9.872800e-01
1.486902617718015e-07	1.041558e+00	1.012321e+00	9.872810e-01
1.487209760575158e-07	1.041511e+00	1.012273e+00	9.872810e-01
1.487516903432301e-07	1.041464e+00	1.012224e+00	9.872799e-01
1.487824046289444e-07	1.041415e+00	1.012175e+00	9.872778e-01
1.488131189146587e-07	1.041367e+00	1.012125e+00	9.872746e-01
1.488438332003731e-07	1.041317e+00	1.012075e+00	9.872704e-01
1.488932617718017e-07	1.041236e+00	1.011993e+00	9.872615e-01
1.489426903432303e-07	1.041157e+00	1.011910e+00	9.872498e-01
1.489921189146589e-07	1.041079e+00	1.011826e+00	9.872354e-01
1.490415474860876e-07	1.041003e+00	1.011741e+00	9.872183e-01
1.490909760575162e-07	1.040929e+00	1.011655e+00	9.871984e-01
1.491404046289448e-07	1.040856e+00	1.011567e+00	9.871758e-01
1.491898332003735e-07	1.040786e+00	1.011479e+00	9.871504e-01
1.492279760575164e-07	1.040734e+00	1.011410e+00	9.871290e-01
1.492661189146592e-07	1.040685e+00	1.011341e+00	9.871059e-01
1.493042617718021e-07	1.040638e+00	1.011272e+00	9.870812e-01
1.493424046289451e-07	1.040593e+00	1.011202e+00	9.870549e-01
1.493805474860880e-07	1.040551e+00	1.011132e+00	9.870269e-01
1.494186903432309e-07	1.040510e+00	1.011062e+00	9.869973e-01
1.494568332003738e-07	1.040472e+00	1.010991e+00	9.869661e-01
1.494578332003738e-07	1.040471e+00	1.010989e+00	9.869652e-01
1.495029760575167e-07	1.040430e+00	1.010906e+00	9.869261e-01
1.495481189146596e-07	1.040391e+00	1.010822e+00	9.868847e-01
1.495932617718025e-07	1.040355e+00	1.010739e+00	9.868410e-01
1.496384046289454e-07	1.040321e+00	1.010655e+00	9.867951e-01
1.496835474860883e-07	1.040291e+00	1.010573e+00	9.867470e-01
1.497286903432312e-07	1.040263e+00	1.010490e+00	9.866966e-01
1.497738332003741e-07	1.040238e+00	1.010407e+00	9.866439e-01
1.498479760575171e-07	1.040203e+00	1.010273e+00	9.865525e-01
1.499221189146600e-07	1.040169e+00	1.010140e+00	9.864553e-01
1.499962617718029e-07	1.040137e+00	1.010010e+00	9.863522e-01
1.500704046289459e-07	1.040106e+00	1.009883e+00	9.862434e-01
1.501445474860888e-07	1.040076e+00	1.009758e+00	9.861288e-01
1.502186903432318e-07	1.040048e+00	1.009635e+00	9.860084e-01
1.502928332003747e-07	1.040021e+00	1.009514e+00	9.858822e-01
1.503196903432319e-07	1.040009e+00	1.009471e+00	9.858351e-01
1.503465474860891e-07	1.039998e+00	1.009429e+00	9.857874e-01
1.503734046289462e-07	1.039985e+00	1.009387e+00	9.857389e-01
1.504002617718034e-07	1.039972e+00	1.009345e+00	9.856897e-01
1.504271189146606e-07	1.039959e+00	1.009303e+00	9.856398e-01
1.504539760575177e-07	1.039945e+00	1.009262e+00	9.855892e-01
1.504808332003749e-07	1.039930e+00	1.009222e+00	9.855378e-01
1.504818332003749e-07	1.039930e+00	1.009220e+00	9.855359e-01
1.505336903432321e-07	1.039900e+00	1.009143e+00	9.854347e-01
1.505855474860893e-07	1.039867e+00	1.009067e+00	9.853310e-01
1.506374046289465e-07	1.039831e+00	1.008992e+00	9.852247e-01
1.506892617718037e-07	1.039792e+00	1.008918e+00	9.851160e-01
1.507411189146609e-07	1.039750e+00	1.008845e+00	9.850047e-01
1.507929760575181e-07	1.039705e+00	1.008773e+00	9.848910e-01
1.508448332003753e-07	1.039657e+00	1.008702e+00	9.847747e-01
1.509118332003754e-07	1.039589e+00	1.008613e+00	9.846208e-01
1.509788332003755e-07	1.039515e+00	1.008523e+00	9.844632e-01
1.510458332003756e-07	1.039436e+00	1.008435e+00	9.843019e-01
1.511128332003756e-07	1.039351e+00	1.008347e+00	9.841368e-01
1.511798332003757e-07	1.039260e+00	1.008259e+00	9.839680e-01
1.512468332003758e-07	1.039165e+00	1.008172e+00	9.837954e-01
1.513138332003759e-07	1.039063e+00	1.008085e+00	9.836191e-01
1.513411189146616e-07	1.039020e+00	1.008050e+00	9.835463e-01
1.513684046289474e-07	1.038977e+00	1.008014e+00	9.834730e-01
1.513956903432331e-07	1.038933e+00	1.007978e+00	9.833992e-01
1.514229760575188e-07	1.038888e+00	1.007942e+00	9.833247e-01
1.514502617718046e-07	1.038843e+00	1.007906e+00	9.832498e-01
1.514775474860903e-07	1.038797e+00	1.007870e+00	9.831742e-01
1.515048332003761e-07	1.038750e+00	1.007833e+00	9.830981e-01
1.515058332003761e-07	1.038749e+00	1.007832e+00	9.830953e-01
1.515325474860904e-07	1.038702e+00	1.007797e+00	9.830203e-01
1.515592617718047e-07	1.038655e+00	1.007760e+00	9.829448e-01
1.515859760575190e-07	1.038608e+00	1.007723e+00	9.828688e-01
1.516126903432334e-07	1.038560e+00	1.007685e+00	9.827923e-01
1.516394046289477e-07	1.038512e+00	1.007646e+00	9.827152e-01
1.516661189146620e-07	1.038464e+00	1.007606e+00	9.826377e-01
1.516928332003763e-07	1.038415e+00	1.007566e+00	9.825596e-01
1.517309760575192e-07	1.038344e+00	1.007505e+00	9.824474e-01
1.517691189146621e-07	1.038273e+00	1.007443e+00	9.823342e-01
1.518072617718050e-07	1.038202e+00	1.007377e+00	9.822201e-01
1.518454046289479e-07	1.038130e+00	1.007309e+00	9.821050e-01
1.518835474860908e-07	1.038058e+00	1.007239e+00	9.819890e-01
1.519216903432337e-07	1.037986e+00	1.007166e+00	9.818721e-01
1.519598332003766e-07	1.037914e+00	1.007091e+00	9.817542e-01
1.520336903432338e-07	1.037773e+00	1.006937e+00	9.815234e-01
1.521075474860911e-07	1.037636e+00	1.006782e+00	9.812896e-01
1.521814046289483e-07	1.037504e+00	1.006627e+00	9.810529e-01
1.522552617718055e-07	1.037376e+00	1.006472e+00	9.808133e-01
1.523291189146627e-07	1.037252e+00	1.006316e+00	9.805708e-01
1.524029760575200e-07	1.037133e+00	1.006160e+00	9.803253e-01
1.524768332003772e-07	1.037018e+00	1.006004e+00	9.800769e-01
1.525298332003772e-07	1.036943e+00	1.005898e+00	9.798973e-01
1.525862617718059e-07	1.036867e+00	1.005788e+00	9.797045e-01
1.526426903432345e-07	1.036797e+00	1.005682e+00	9.795104e-01
1.526991189146631e-07	1.036733e+00	1.005581e+00	9.793151e-01
1.527555474860918e-07	1.036676e+00	1.005484e+00	9.791184e-01
1.528119760575204e-07	1.036626e+00	1.005391e+00	9.789205e-01
1.528684046289491e-07	1.036582e+00	1.005303e+00	9.787213e-01
1.529248332003777e-07	1.036544e+00	1.005219e+00	9.785208e-01
1.529574046289492e-07	1.036526e+00	1.005172e+00	9.784045e-01
1.529899760575206e-07	1.036511e+00	1.005127e+00	9.782879e-01
1.530225474860921e-07	1.036498e+00	1.005083e+00	9.781710e-01
1.530551189146635e-07	1.036488e+00	1.005040e+00	9.780537e-01
1.530876903432350e-07	1.036481e+00	1.004999e+00	9.779361e-01
1.531202617718065e-07	1.036476e+00	1.004959e+00	9.778181e-01
1.531528332003780e-07	1.036474e+00	1.004920e+00	9.776998e-01
1.531696903432351e-07	1.036474e+00	1.004900e+00	9.776385e-01
1.531865474860923e-07	1.036474e+00	1.004881e+00	9.775770e-01
1.532034046289494e-07	1.036476e+00	1.004862e+00	9.775155e-01
1.532202617718066e-07	1.036478e+00	1.004843e+00	9.774539e-01
1.532371189146638e-07	1.036481e+00	1.004824e+00	9.773922e-01
1.532539760575209e-07	1.036485e+00	1.004805e+00	9.773304e-01
1.532708332003781e-07	1.036489e+00	1.004787e+00	9.772686e-01
1.533111189146638e-07	1.036503e+00	1.004745e+00	9.771204e-01
1.533514046289496e-07	1.036521e+00	1.004703e+00	9.769718e-01
1.533916903432354e-07	1.036543e+00	1.004662e+00	9.768229e-01
1.534319760575211e-07	1.036570e+00	1.004622e+00	9.766735e-01
1.534722617718069e-07	1.036601e+00	1.004582e+00	9.765237e-01
1.535125474860927e-07	1.036636e+00	1.004543e+00	9.763736e-01
1.535528332003784e-07	1.036675e+00	1.004504e+00	9.762230e-01
1.535538332003784e-07	1.036676e+00	1.004503e+00	9.762192e-01
1.536374046289499e-07	1.036773e+00	1.004426e+00	9.759056e-01
1.537209760575214e-07	1.036887e+00	1.004343e+00	9.755908e-01
1.538045474860930e-07	1.037016e+00	1.004256e+00	9.752750e-01
1.538881189146645e-07	1.037162e+00	1.004163e+00	9.749581e-01
1.539716903432360e-07	1.037324e+00	1.004065e+00	9.746401e-01
1.540552617718075e-07	1.037502e+00	1.003962e+00	9.743210e-01
1.541388332003791e-07	1.037697e+00	1.003854e+00	9.740008e-01
1.542014046289506e-07	1.037851e+00	1.003765e+00	9.737607e-01
1.542639760575221e-07	1.038012e+00	1.003669e+00	9.735204e-01
1.543265474860936e-07	1.038178e+00	1.003566e+00	9.732799e-01
1.543891189146651e-07	1.038350e+00	1.003456e+00	9.730391e-01
1.544516903432366e-07	1.038528e+00	1.003340e+00	9.727981e-01
1.545142617718081e-07	1.038712e+00	1.003216e+00	9.725569e-01
1.545768332003796e-07	1.038902e+00	1.003086e+00	9.723154e-01
1.545778332003796e-07	1.038905e+00	1.003084e+00	9.723116e-01
1.546135474860939e-07	1.039015e+00	1.003006e+00	9.721737e-01
1.546492617718082e-07	1.039126e+00	1.002925e+00	9.720359e-01
1.546849760575225e-07	1.039238e+00	1.002841e+00	9.718980e-01
1.547206903432369e-07	1.039351e+00	1.002755e+00	9.717602e-01
1.547564046289512e-07	1.039465e+00	1.002666e+00	9.716224e-01
1.547921189146655e-07	1.039581e+00	1.002575e+00	9.714845e-01
1.548278332003798e-07	1.039697e+00	1.002480e+00	9.713467e-01
1.548834046289514e-07	1.039880e+00	1.002328e+00	9.711322e-01
1.549389760575228e-07	1.040063e+00	1.002170e+00	9.709178e-01
1.549945474860943e-07	1.040248e+00	1.002004e+00	9.707036e-01
1.550501189146658e-07	1.040432e+00	1.001832e+00	9.704895e-01
1.551056903432373e-07	1.040618e+00	1.001654e+00	9.702755e-01
1.551612617718088e-07	1.040804e+00	1.001469e+00	9.700617e-01
1.552168332003803e-07	1.040990e+00	1.001277e+00	9.698481e-01
1.552716903432375e-07	1.041174e+00	1.001081e+00	9.696374e-01
1.553265474860947e-07	1.041356e+00	1.000879e+00	9.694270e-01
1.553814046289519e-07	1.041536e+00	1.000671e+00	9.692168e-01
1.554362617718091e-07	1.041715e+00	1.000458e+00	9.690070e-01
1.554911189146663e-07	1.041892e+00	1.000238e+00	9.687974e-01
1.555459760575235e-07	1.042068e+00	1.000013e+00	9.685882e-01
1.556008332003807e-07	1.042242e+00	9.997813e-01	9.683792e-01
1.556018332003807e-07	1.042246e+00	9.997770e-01	9.683754e-01
1.557254046289523e-07	1.042632e+00	9.992310e-01	9.679056e-01
1.558489760575239e-07	1.042998e+00	9.986643e-01	9.674384e-01
1.559725474860954e-07	1.043344e+00	9.980768e-01	9.669736e-01
1.560961189146670e-07	1.043670e+00	9.974687e-01	9.665113e-01
1.562196903432386e-07	1.043975e+00	9.968399e-01	9.660516e-01
1.563432617718101e-07	1.044260e+00	9.961905e-01	9.655943e-01
1.564668332003817e-07	1.044524e+00	9.955203e-01	9.651395e-01
1.564894046289532e-07	1.044569e+00	9.953974e-01	9.650568e-01
1.565119760575246e-07	1.044613e+00	9.952741e-01	9.649743e-01
1.565345474860961e-07	1.044656e+00	9.951504e-01	9.648918e-01
1.565571189146675e-07	1.044698e+00	9.950264e-01	9.648094e-01
1.565796903432390e-07	1.044739e+00	9.949019e-01	9.647272e-01
1.566022617718104e-07	1.044780e+00	9.947771e-01	9.646451e-01
1.566248332003819e-07	1.044819e+00	9.946519e-01	9.645631e-01
1.566258332003819e-07	1.044821e+00	9.946464e-01	9.645594e-01
1.566852617718105e-07	1.044921e+00	9.943146e-01	9.643440e-01
1.567446903432392e-07	1.045014e+00	9.939814e-01	9.641293e-01
1.568041189146678e-07	1.045101e+00	9.936467e-01	9.639155e-01
1.568635474860965e-07	1.045181e+00	9.933105e-01	9.637024e-01
1.569229760575251e-07	1.045255e+00	9.929728e-01	9.634902e-01
1.569824046289537e-07	1.045323e+00	9.926336e-01	9.632788e-01
1.570418332003824e-07	1.045384e+00	9.922929e-01	9.630682e-01
1.570669760575252e-07	1.045408e+00	9.921487e-01	9.629793e-01
1.570921189146681e-07	1.045431e+00	9.920045e-01	9.628906e-01
1.571172617718110e-07	1.045452e+00	9.918603e-01	9.628021e-01
1.571424046289539e-07	1.045473e+00	9.917159e-01	9.627137e-01
1.571675474860968e-07	1.045492e+00	9.915715e-01	9.626255e-01
1.571926903432397e-07	1.045510e+00	9.914270e-01	9.625375e-01
1.572178332003826e-07	1.045527e+00	9.912825e-01	9.624496e-01
1.572698332003826e-07	1.045558e+00	9.909832e-01	9.622683e-01
1.573218332003827e-07	1.045585e+00	9.906844e-01	9.620877e-01
1.573738332003827e-07	1.045606e+00	9.903859e-01	9.619078e-01
1.574258332003828e-07	1.045623e+00	9.900879e-01	9.617287e-01
1.574778332003829e-07	1.045635e+00	9.897903e-01	9.615502e-01
1.575298332003829e-07	1.045642e+00	9.894930e-01	9.613725e-01
1.575818332003830e-07	1.045644e+00	9.891962e-01	9.611955e-01
1.575914046289544e-07	1.045644e+00	9.891417e-01	9.611631e-01
1.576009760575258e-07	1.045644e+00	9.890872e-01	9.611307e-01
1.576105474860973e-07	1.045644e+00	9.890328e-01	9.610983e-01
1.576201189146687e-07	1.045643e+00	9.889784e-01	9.610659e-01
1.576296903432402e-07	1.045642e+00	9.889240e-01	9.610336e-01
1.576392617718116e-07	1.045641e+00	9.888697e-01	9.610014e-01
1.576488332003830e-07	1.045640e+00	9.888154e-01	9.609692e-01
1.576498332003830e-07	1.045640e+00	9.888097e-01	9.609658e-01
1.577448332003832e-07	1.045620e+00	9.882711e-01	9.606454e-01
1.578398332003833e-07	1.045586e+00	9.877378e-01	9.603340e-01
1.579348332003834e-07	1.045537e+00	9.872097e-01	9.600316e-01
1.580298332003835e-07	1.045474e+00	9.866869e-01	9.597381e-01
1.581248332003836e-07	1.045397e+00	9.861694e-01	9.594535e-01
1.582198332003837e-07	1.045306e+00	9.856572e-01	9.591779e-01
1.583148332003838e-07	1.045201e+00	9.851502e-01	9.589112e-01
1.583659760575267e-07	1.045139e+00	9.848807e-01	9.587739e-01
1.584171189146696e-07	1.045074e+00	9.846134e-01	9.586398e-01
1.584682617718125e-07	1.045005e+00	9.843484e-01	9.585090e-01
1.585194046289555e-07	1.044933e+00	9.840856e-01	9.583814e-01
1.585705474860984e-07	1.044858e+00	9.838250e-01	9.582570e-01
1.586216903432413e-07	1.044779e+00	9.835667e-01	9.581358e-01
1.586728332003842e-07	1.044697e+00	9.833106e-01	9.580179e-01
1.586738332003842e-07	1.044695e+00	9.833056e-01	9.580156e-01
1.588199760575272e-07	1.044439e+00	9.825860e-01	9.577047e-01
1.589661189146702e-07	1.044163e+00	9.818892e-01	9.574037e-01
1.591122617718133e-07	1.043868e+00	9.812151e-01	9.571124e-01
1.592584046289563e-07	1.043554e+00	9.805636e-01	9.568309e-01
1.594045474860993e-07	1.043220e+00	9.799349e-01	9.565592e-01
1.595506903432424e-07	1.042867e+00	9.793289e-01	9.562973e-01
1.596968332003854e-07	1.042494e+00	9.787455e-01	9.560452e-01
1.596978332003854e-07	1.042492e+00	9.787416e-01	9.560434e-01
1.598144046289569e-07	1.042186e+00	9.782951e-01	9.558334e-01
1.599309760575285e-07	1.041875e+00	9.778644e-01	9.556150e-01
1.600475474861001e-07	1.041557e+00	9.774496e-01	9.553884e-01
1.601641189146716e-07	1.041233e+00	9.770506e-01	9.551534e-01
1.602806903432432e-07	1.040904e+00	9.766674e-01	9.549101e-01
1.603972617718147e-07	1.040568e+00	9.763001e-01	9.546584e-01
1.605138332003863e-07	1.040226e+00	9.759486e-01	9.543985e-01
1.607218332003865e-07	1.039609e+00	9.753610e-01	9.539008e-01
1.608478332003867e-07	1.039229e+00	9.750299e-01	9.535842e-01
1.609738332003868e-07	1.038848e+00	9.747166e-01	9.532476e-01
1.610998332003870e-07	1.038465e+00	9.744211e-01	9.528911e-01
1.612258332003871e-07	1.038080e+00	9.741436e-01	9.525147e-01
1.613518332003872e-07	1.037693e+00	9.738838e-01	9.521184e-01
1.614778332003874e-07	1.037305e+00	9.736420e-01	9.517021e-01
1.616038332003875e-07	1.036915e+00	9.734179e-01	9.512660e-01
1.617458332003877e-07	1.036477e+00	9.731854e-01	9.507440e-01
1.618919760575307e-07	1.036025e+00	9.729696e-01	9.501695e-01
1.620381189146737e-07	1.035574e+00	9.727750e-01	9.495756e-01
1.621842617718168e-07	1.035124e+00	9.726014e-01	9.489622e-01
1.623304046289598e-07	1.034675e+00	9.724490e-01	9.483294e-01
1.624765474861028e-07	1.034227e+00	9.723176e-01	9.476772e-01
1.626226903432458e-07	1.033780e+00	9.722074e-01	9.470055e-01
1.627688332003889e-07	1.033335e+00	9.721183e-01	9.463143e-01
1.627698332003889e-07	1.033332e+00	9.721177e-01	9.463096e-01
1.628665474861033e-07	1.033038e+00	9.720691e-01	9.458521e-01
1.629632617718176e-07	1.032745e+00	9.720285e-01	9.453957e-01
1.630599760575320e-07	1.032453e+00	9.719958e-01	9.449404e-01
1.631566903432464e-07	1.032162e+00	9.719710e-01	9.444863e-01
1.632534046289608e-07	1.031871e+00	9.719543e-01	9.440334e-01
1.633501189146752e-07	1.031582e+00	9.719454e-01	9.435816e-01
1.634468332003896e-07	1.031293e+00	9.719446e-01	9.431310e-01
1.634962617718182e-07	1.031146e+00	9.719468e-01	9.429035e-01
1.635456903432469e-07	1.030998e+00	9.719509e-01	9.426774e-01
1.635951189146755e-07	1.030852e+00	9.719569e-01	9.424529e-01
1.636445474861041e-07	1.030705e+00	9.719648e-01	9.422300e-01
1.636939760575328e-07	1.030558e+00	9.719744e-01	9.420086e-01
1.637434046289614e-07	1.030412e+00	9.719860e-01	9.417887e-01
1.637928332003900e-07	1.030266e+00	9.719994e-01	9.415703e-01
1.637938332003900e-07	1.030263e+00	9.719997e-01	9.415660e-01
1.639399760575330e-07	1.029832e+00	9.720510e-01	9.409291e-01
1.640861189146761e-07	1.029403e+00	9.721160e-01	9.403142e-01
1.642322617718191e-07	1.028975e+00	9.721945e-01	9.397213e-01
1.643784046289621e-07	1.028549e+00	9.722867e-01	9.391504e-01
1.645245474861051e-07	1.028124e+00	9.723924e-01	9.386014e-01
1.646706903432482e-07	1.027700e+00	9.725117e-01	9.380744e-01
1.648168332003912e-07	1.027278e+00	9.726447e-01	9.375694e-01
1.648178332003912e-07	1.027275e+00	9.726456e-01	9.375660e-01
1.649639760575342e-07	1.026854e+00	9.727902e-01	9.370887e-01
1.651101189146772e-07	1.026434e+00	9.729446e-01	9.366380e-01
1.652562617718202e-07	1.026014e+00	9.731087e-01	9.362139e-01
1.654024046289633e-07	1.025595e+00	9.732827e-01	9.358164e-01
1.655485474861063e-07	1.025177e+00	9.734664e-01	9.354455e-01
1.656946903432493e-07	1.024760e+00	9.736599e-01	9.351012e-01
1.658408332003923e-07	1.024343e+00	9.738631e-01	9.347835e-01
1.658418332003923e-07	1.024340e+00	9.738646e-01	9.347814e-01
1.659528332003925e-07	1.024024e+00	9.740238e-01	9.345586e-01
1.660638332003926e-07	1.023708e+00	9.741870e-01	9.343516e-01
1.661748332003927e-07	1.023392e+00	9.743540e-01	9.341602e-01
1.662858332003928e-07	1.023076e+00	9.745249e-01	9.339845e-01
1.663968332003930e-07	1.022761e+00	9.746996e-01	9.338245e-01
1.665078332003931e-07	1.022446e+00	9.748782e-01	9.336802e-01
1.666188332003932e-07	1.022130e+00	9.750607e-01	9.335515e-01
1.666475474861075e-07	1.022049e+00	9.751084e-01	9.335208e-01
1.666762617718218e-07	1.021967e+00	9.751571e-01	9.334911e-01
1.667049760575362e-07	1.021886e+00	9.752067e-01	9.334625e-01
1.667336903432505e-07	1.021804e+00	9.752572e-01	9.334349e-01
1.667624046289648e-07	1.021723e+00	9.753087e-01	9.334084e-01
1.667911189146791e-07	1.021641e+00	9.753611e-01	9.333829e-01
1.668198332003934e-07	1.021560e+00	9.754145e-01	9.333585e-01
1.668658332003935e-07	1.021429e+00	9.755023e-01	9.333215e-01
1.669361189146793e-07	1.021230e+00	9.756450e-01	9.332703e-01
1.670064046289651e-07	1.021030e+00	9.757875e-01	9.332254e-01
1.670766903432509e-07	1.020828e+00	9.759296e-01	9.331867e-01
1.671469760575367e-07	1.020626e+00	9.760714e-01	9.331544e-01
1.672172617718225e-07	1.020423e+00	9.762129e-01	9.331283e-01
1.672875474861083e-07	1.020219e+00	9.763541e-01	9.331085e-01
1.673578332003941e-07	1.020014e+00	9.764950e-01	9.330950e-01
1.674084046289656e-07	1.019866e+00	9.765906e-01	9.330892e-01
1.674589760575370e-07	1.019715e+00	9.766827e-01	9.330867e-01
1.675095474861085e-07	1.019564e+00	9.767715e-01	9.330874e-01
1.675601189146800e-07	1.019412e+00	9.768570e-01	9.330913e-01
1.676106903432515e-07	1.019258e+00	9.769391e-01	9.330985e-01
1.676612617718230e-07	1.019103e+00	9.770178e-01	9.331090e-01
1.677118332003945e-07	1.018947e+00	9.770931e-01	9.331227e-01
1.677371189146802e-07	1.018868e+00	9.771294e-01	9.331308e-01
1.677624046289660e-07	1.018789e+00	9.771650e-01	9.331396e-01
1.677876903432517e-07	1.018710e+00	9.771999e-01	9.331493e-01
1.678129760575374e-07	1.018630e+00	9.772340e-01	9.331598e-01
1.678382617718232e-07	1.018550e+00	9.772674e-01	9.331711e-01
1.678635474861089e-07	1.018469e+00	9.773001e-01	9.331833e-01
1.678888332003947e-07	1.018389e+00	9.773320e-01	9.331962e-01
1.678898332003947e-07	1.018385e+00	9.773332e-01	9.331967e-01
1.679869760575376e-07	1.018070e+00	9.774444e-01	9.332541e-01
1.680841189146806e-07	1.017752e+00	9.775553e-01	9.333234e-01
1.681812617718236e-07	1.017430e+00	9.776660e-01	9.334046e-01
1.682784046289665e-07	1.017105e+00	9.777766e-01	9.334976e-01
1.683755474861095e-07	1.016777e+00	9.778869e-01	9.336025e-01
1.684726903432525e-07	1.016446e+00	9.779970e-01	9.337193e-01
1.685698332003954e-07	1.016112e+00	9.781069e-01	9.338480e-01
1.686188332003955e-07	1.015944e+00	9.781680e-01	9.339173e-01
1.686678332003955e-07	1.015776e+00	9.782318e-01	9.339895e-01
1.687168332003956e-07	1.015609e+00	9.782983e-01	9.340648e-01
1.687658332003957e-07	1.015442e+00	9.783676e-01	9.341429e-01
1.688148332003957e-07	1.015276e+00	9.784396e-01	9.342241e-01
1.688638332003958e-07	1.015110e+00	9.785143e-01	9.343082e-01
1.689128332003958e-07	1.014945e+00	9.785917e-01	9.343952e-01
1.689138332003958e-07	1.014942e+00	9.785933e-01	9.343970e-01
1.689925474861102e-07	1.014678e+00	9.787253e-01	9.345432e-01
1.690712617718246e-07	1.014418e+00	9.788656e-01	9.346967e-01
1.691499760575389e-07	1.014163e+00	9.790142e-01	9.348577e-01
1.692286903432533e-07	1.013912e+00	9.791711e-01	9.350260e-01
1.693074046289677e-07	1.013665e+00	9.793362e-01	9.352018e-01
1.693861189146821e-07	1.013422e+00	9.795097e-01	9.353849e-01
1.694648332003964e-07	1.013184e+00	9.796914e-01	9.355754e-01
1.695179760575394e-07	1.013026e+00	9.798184e-01	9.357081e-01
1.695711189146823e-07	1.012872e+00	9.799480e-01	9.358440e-01
1.696242617718252e-07	1.012720e+00	9.800801e-01	9.359832e-01
1.696774046289681e-07	1.012571e+00	9.802149e-01	9.361255e-01
1.697305474861110e-07	1.012425e+00	9.803523e-01	9.362710e-01
1.697836903432540e-07	1.012282e+00	9.804922e-01	9.364198e-01
1.698368332003969e-07	1.012141e+00	9.806348e-01	9.365718e-01
1.698511189146826e-07	1.012104e+00	9.806733e-01	9.366132e-01
1.698654046289683e-07	1.012068e+00	9.807120e-01	9.366548e-01
1.698796903432541e-07	1.012031e+00	9.807507e-01	9.366966e-01
1.698939760575398e-07	1.011996e+00	9.807896e-01	9.367387e-01
1.699082617718255e-07	1.011960e+00	9.808286e-01	9.367810e-01
1.699225474861113e-07	1.011926e+00	9.808677e-01	9.368235e-01
1.699368332003970e-07	1.011891e+00	9.809070e-01	9.368662e-01
1.699378332003970e-07	1.011889e+00	9.809097e-01	9.368692e-01
1.699729760575399e-07	1.011807e+00	9.810068e-01	9.369753e-01
1.700081189146828e-07	1.011728e+00	9.811044e-01	9.370828e-01
1.700432617718257e-07	1.011652e+00	9.812025e-01	9.371916e-01
1.700784046289686e-07	1.011580e+00	9.813011e-01	9.373017e-01
1.701135474861115e-07	1.011511e+00	9.814002e-01	9.374132e-01
1.701486903432544e-07	1.011446e+00	9.814998e-01	9.375260e-01
1.701838332003973e-07	1.011383e+00	9.815999e-01	9.376401e-01
1.702444046289688e-07	1.011285e+00	9.817739e-01	9.378399e-01
1.703049760575403e-07	1.011191e+00	9.819477e-01	9.380434e-01
1.703655474861118e-07	1.011100e+00	9.821215e-01	9.382507e-01
1.704261189146832e-07	1.011012e+00	9.822952e-01	9.384617e-01
1.704866903432548e-07	1.010928e+00	9.824688e-01	9.386764e-01
1.705472617718262e-07	1.010848e+00	9.826423e-01	9.388949e-01
1.706078332003977e-07	1.010771e+00	9.828156e-01	9.391171e-01
1.706548332003978e-07	1.010709e+00	9.829490e-01	9.392919e-01
1.707018332003978e-07	1.010645e+00	9.830808e-01	9.394689e-01
1.707488332003979e-07	1.010580e+00	9.832110e-01	9.396479e-01
1.707958332003980e-07	1.010513e+00	9.833397e-01	9.398290e-01
1.708428332003980e-07	1.010445e+00	9.834667e-01	9.400121e-01
1.708898332003981e-07	1.010375e+00	9.835923e-01	9.401974e-01
1.709368332003981e-07	1.010303e+00	9.837162e-01	9.403847e-01
1.709618332003981e-07	1.010264e+00	9.837809e-01	9.404851e-01
1.710276903432554e-07	1.010158e+00	9.839493e-01	9.407525e-01
1.710935474861126e-07	1.010048e+00	9.841114e-01	9.410236e-01
1.711594046289698e-07	1.009934e+00	9.842674e-01	9.412983e-01
1.712252617718270e-07	1.009817e+00	9.844173e-01	9.415767e-01
1.712911189146842e-07	1.009697e+00	9.845609e-01	9.418588e-01
1.713569760575414e-07	1.009573e+00	9.846984e-01	9.421445e-01
1.714228332003987e-07	1.009446e+00	9.848298e-01	9.424340e-01
1.714966903432559e-07	1.009301e+00	9.849675e-01	9.427627e-01
1.715705474861131e-07	1.009157e+00	9.850956e-01	9.430954e-01
1.716444046289704e-07	1.009013e+00	9.852140e-01	9.434320e-01
1.717182617718276e-07	1.008871e+00	9.853228e-01	9.437727e-01
1.717921189146848e-07	1.008728e+00	9.854219e-01	9.441173e-01
1.718659760575420e-07	1.008587e+00	9.855114e-01	9.444658e-01
1.719398332003993e-07	1.008447e+00	9.855912e-01	9.448184e-01
1.719858332003993e-07	1.008362e+00	9.856362e-01	9.450396e-01
1.720468332003994e-07	1.008251e+00	9.856898e-01	9.453352e-01
1.721078332003994e-07	1.008143e+00	9.857380e-01	9.456331e-01
1.721688332003995e-07	1.008038e+00	9.857806e-01	9.459332e-01
1.722298332003996e-07	1.007936e+00	9.858178e-01	9.462355e-01
1.722908332003997e-07	1.007836e+00	9.858495e-01	9.465400e-01
1.723518332003997e-07	1.007739e+00	9.858758e-01	9.468468e-01
1.724128332003998e-07	1.007645e+00	9.858966e-01	9.471557e-01
1.724566903432570e-07	1.007580e+00	9.859089e-01	9.473790e-01
1.725005474861142e-07	1.007516e+00	9.859195e-01	9.476033e-01
1.725444046289714e-07	1.007453e+00	9.859282e-01	9.478286e-01
1.725882617718285e-07	1.007391e+00	9.859350e-01	9.480548e-01
1.726321189146857e-07	1.007331e+00	9.859400e-01	9.482819e-01
1.726759760575429e-07	1.007272e+00	9.859432e-01	9.485101e-01
1.727198332004001e-07	1.007214e+00	9.859446e-01	9.487392e-01
1.727611189146859e-07	1.007160e+00	9.859446e-01	9.489556e-01
1.728024046289717e-07	1.007107e+00	9.859439e-01	9.491728e-01
1.728436903432574e-07	1.007055e+00	9.859424e-01	9.493907e-01
1.728849760575432e-07	1.007003e+00	9.859402e-01	9.496094e-01
1.729262617718289e-07	1.006952e+00	9.859372e-01	9.498287e-01
1.729675474861147e-07	1.006901e+00	9.859334e-01	9.500488e-01
1.730088332004005e-07	1.006850e+00	9.859289e-01	9.502696e-01
1.730098332004005e-07	1.006849e+00	9.859288e-01	9.502749e-01
1.730619760575434e-07	1.006786e+00	9.859224e-01	9.505548e-01
1.731141189146863e-07	1.006722e+00	9.859163e-01	9.508356e-01
1.731662617718292e-07	1.006658e+00	9.859105e-01	9.511173e-01
1.732184046289721e-07	1.006593e+00	9.859050e-01	9.513999e-01
1.732705474861151e-07	1.006527e+00	9.858997e-01	9.516834e-01
1.733226903432580e-07	1.006461e+00	9.858948e-01	9.519679e-01
1.733748332004009e-07	1.006394e+00	9.858902e-01	9.522533e-01
1.733959760575438e-07	1.006366e+00	9.858888e-01	9.523692e-01
1.734171189146866e-07	1.006338e+00	9.858877e-01	9.524853e-01
1.734382617718295e-07	1.006310e+00	9.858867e-01	9.526014e-01
1.734594046289724e-07	1.006281e+00	9.858860e-01	9.527177e-01
1.734805474861153e-07	1.006252e+00	9.858855e-01	9.528341e-01
1.735016903432582e-07	1.006222e+00	9.858853e-01	9.529506e-01
1.735228332004010e-07	1.006193e+00	9.858853e-01	9.530673e-01
1.735535474861154e-07	1.006149e+00	9.858857e-01	9.532370e-01
1.735842617718297e-07	1.006104e+00	9.858868e-01	9.534069e-01
1.736149760575440e-07	1.006059e+00	9.858886e-01	9.535770e-01
1.736456903432583e-07	1.006012e+00	9.858911e-01	9.537474e-01
1.736764046289727e-07	1.005965e+00	9.858944e-01	9.539179e-01
1.737071189146870e-07	1.005916e+00	9.858984e-01	9.540887e-01
1.737378332004013e-07	1.005867e+00	9.859030e-01	9.542596e-01
1.737799760575442e-07	1.005798e+00	9.859107e-01	9.544946e-01
1.738221189146871e-07	1.005726e+00	9.859202e-01	9.547299e-01
1.738642617718300e-07	1.005651e+00	9.859315e-01	9.549654e-01
1.739064046289729e-07	1.005574e+00	9.859446e-01	9.552013e-01
1.739485474861158e-07	1.005495e+00	9.859596e-01	9.554374e-01
1.739906903432587e-07	1.005413e+00	9.859764e-01	9.556739e-01
1.740328332004016e-07	1.005329e+00	9.859951e-01	9.559107e-01
1.740338332004016e-07	1.005327e+00	9.859955e-01	9.559163e-01
1.740566903432588e-07	1.005280e+00	9.860066e-01	9.560448e-01
1.740795474861160e-07	1.005232e+00	9.860183e-01	9.561733e-01
1.741024046289731e-07	1.005184e+00	9.860307e-01	9.563020e-01
1.741252617718303e-07	1.005134e+00	9.860436e-01	9.564307e-01
1.741481189146875e-07	1.005084e+00	9.860572e-01	9.565594e-01
1.741709760575446e-07	1.005032e+00	9.860715e-01	9.566882e-01
1.741938332004018e-07	1.004980e+00	9.860863e-01	9.568171e-01
1.742466903432590e-07	1.004856e+00	9.861231e-01	9.571154e-01
1.742995474861162e-07	1.004727e+00	9.861637e-01	9.574138e-01
1.743524046289734e-07	1.004592e+00	9.862081e-01	9.577125e-01
1.744052617718306e-07	1.004453e+00	9.862561e-01	9.580113e-01
1.744581189146878e-07	1.004308e+00	9.863080e-01	9.583102e-01
1.745109760575450e-07	1.004158e+00	9.863636e-01	9.586094e-01
1.745638332004022e-07	1.004002e+00	9.864229e-01	9.589087e-01
1.746342617718309e-07	1.003786e+00	9.865082e-01	9.593076e-01
1.747046903432595e-07	1.003561e+00	9.866004e-01	9.597064e-01
1.747751189146882e-07	1.003325e+00	9.866994e-01	9.601050e-01
1.748455474861168e-07	1.003079e+00	9.868052e-01	9.605036e-01
1.749159760575455e-07	1.002824e+00	9.869179e-01	9.609020e-01
1.749864046289741e-07	1.002558e+00	9.870375e-01	9.613002e-01
1.750568332004028e-07	1.002283e+00	9.871638e-01	9.616984e-01
1.750578332004028e-07	1.002279e+00	9.871657e-01	9.617040e-01
1.751311189146886e-07	1.001982e+00	9.873046e-01	9.621178e-01
1.752044046289744e-07	1.001675e+00	9.874500e-01	9.625310e-01
1.752776903432602e-07	1.001358e+00	9.876019e-01	9.629435e-01
1.753509760575460e-07	1.001031e+00	9.877602e-01	9.633554e-01
1.754242617718318e-07	1.000694e+00	9.879250e-01	9.637667e-01
1.754975474861176e-07	1.000348e+00	9.880962e-01	9.641773e-01
1.755708332004034e-07	9.999918e-01	9.882739e-01	9.645872e-01
1.756385474861177e-07	9.996547e-01	9.884432e-01	9.649649e-01
1.757062617718321e-07	9.993111e-01	9.886165e-01	9.653419e-01
1.757739760575465e-07	9.989610e-01	9.887938e-01	9.657181e-01
1.758416903432608e-07	9.986044e-01	9.889751e-01	9.660935e-01
1.759094046289752e-07	9.982413e-01	9.891604e-01	9.664682e-01
1.759771189146895e-07	9.978716e-01	9.893497e-01	9.668421e-01
1.760448332004039e-07	9.974955e-01	9.895431e-01	9.672153e-01
1.760818332004039e-07	9.972880e-01	9.896498e-01	9.674192e-01
1.762279760575470e-07	9.964453e-01	9.900859e-01	9.682254e-01
1.763741189146900e-07	9.955903e-01	9.905271e-01	9.690316e-01
1.765202617718330e-07	9.947230e-01	9.909733e-01	9.698379e-01
1.766664046289761e-07	9.938435e-01	9.914246e-01	9.706444e-01
1.768125474861191e-07	9.929517e-01	9.918810e-01	9.714509e-01
1.769586903432621e-07	9.920476e-01	9.923424e-01	9.722575e-01
1.771048332004051e-07	9.911313e-01	9.928089e-01	9.730642e-01
1.771058332004051e-07	9.911251e-01	9.928120e-01	9.730697e-01
1.772519760575481e-07	9.902102e-01	9.932733e-01	9.738724e-01
1.773981189146911e-07	9.893048e-01	9.937242e-01	9.746635e-01
1.775442617718342e-07	9.884088e-01	9.941648e-01	9.754431e-01
1.776904046289772e-07	9.875223e-01	9.945950e-01	9.762112e-01
1.778365474861202e-07	9.866453e-01	9.950149e-01	9.769677e-01
1.779826903432633e-07	9.857777e-01	9.954244e-01	9.777126e-01
1.781288332004063e-07	9.849195e-01	9.958235e-01	9.784460e-01
1.781298332004063e-07	9.849138e-01	9.958262e-01	9.784510e-01
1.782759760575493e-07	9.840762e-01	9.962072e-01	9.791654e-01
1.784221189146923e-07	9.832618e-01	9.965692e-01	9.798651e-01
1.785682617718353e-07	9.824705e-01	9.969122e-01	9.805499e-01
1.787144046289784e-07	9.817024e-01	9.972363e-01	9.812199e-01
1.788605474861214e-07	9.809574e-01	9.975413e-01	9.818751e-01
1.790066903432644e-07	9.802357e-01	9.978274e-01	9.825156e-01
1.791528332004074e-07	9.795370e-01	9.980944e-01	9.831412e-01
1.791538332004074e-07	9.795324e-01	9.980962e-01	9.831454e-01
1.792556903432647e-07	9.790632e-01	9.982689e-01	9.835747e-01
1.793575474861220e-07	9.786078e-01	9.984312e-01	9.839906e-01
1.794594046289792e-07	9.781662e-01	9.985833e-01	9.843930e-01
1.795612617718365e-07	9.777383e-01	9.987251e-01	9.847820e-01
1.796631189146937e-07	9.773241e-01	9.988567e-01	9.851576e-01
1.797649760575510e-07	9.769238e-01	9.989780e-01	9.855197e-01
1.798668332004082e-07	9.765371e-01	9.990890e-01	9.858683e-01
1.801778332004086e-07	9.754450e-01	9.993653e-01	9.868312e-01
1.802902617718373e-07	9.750830e-01	9.994418e-01	9.871420e-01
1.804026903432660e-07	9.747379e-01	9.995069e-01	9.874425e-01
1.805151189146947e-07	9.744098e-01	9.995606e-01	9.877327e-01
1.806275474861234e-07	9.740986e-01	9.996029e-01	9.880126e-01
1.807399760575521e-07	9.738043e-01	9.996337e-01	9.882821e-01
1.808524046289808e-07	9.735269e-01	9.996532e-01	9.885414e-01
1.809648332004095e-07	9.732665e-01	9.996612e-01	9.887903e-01
1.809985474861238e-07	9.731916e-01	9.996617e-01	9.888656e-01
1.810322617718381e-07	9.731181e-01	9.996612e-01	9.889407e-01
1.810659760575525e-07	9.730460e-01	9.996599e-01	9.890157e-01
1.810996903432668e-07	9.729754e-01	9.996576e-01	9.890905e-01
1.811334046289811e-07	9.729063e-01	9.996543e-01	9.891652e-01
1.811671189146954e-07	9.728386e-01	9.996502e-01	9.892398e-01
1.812008332004098e-07	9.727724e-01	9.996451e-01	9.893142e-01
1.812018332004098e-07	9.727704e-01	9.996449e-01	9.893164e-01
1.813278332004099e-07	9.725366e-01	9.996170e-01	9.895918e-01
1.814538332004100e-07	9.723216e-01	9.995778e-01	9.898735e-01
1.815798332004102e-07	9.721253e-01	9.995274e-01	9.901615e-01
1.817058332004103e-07	9.719478e-01	9.994657e-01	9.904557e-01
1.818318332004105e-07	9.717891e-01	9.993929e-01	9.907562e-01
1.819578332004106e-07	9.716491e-01	9.993088e-01	9.910630e-01
1.820838332004108e-07	9.715279e-01	9.992136e-01	9.913761e-01
1.822258332004109e-07	9.714110e-01	9.990956e-01	9.917440e-01
1.823432617718396e-07	9.713314e-01	9.989883e-01	9.920584e-01
1.824606903432683e-07	9.712652e-01	9.988741e-01	9.923817e-01
1.825781189146970e-07	9.712124e-01	9.987528e-01	9.927137e-01
1.826955474861257e-07	9.711729e-01	9.986246e-01	9.930545e-01
1.828129760575544e-07	9.711468e-01	9.984894e-01	9.934041e-01
1.829304046289832e-07	9.711341e-01	9.983473e-01	9.937625e-01
1.830478332004118e-07	9.711347e-01	9.981982e-01	9.941297e-01
1.830765474861262e-07	9.711365e-01	9.981610e-01	9.942206e-01
1.831052617718405e-07	9.711390e-01	9.981234e-01	9.943120e-01
1.831339760575548e-07	9.711422e-01	9.980855e-01	9.944037e-01
1.831626903432691e-07	9.711461e-01	9.980473e-01	9.944960e-01
1.831914046289835e-07	9.711507e-01	9.980088e-01	9.945886e-01
1.832201189146978e-07	9.711560e-01	9.979699e-01	9.946817e-01
1.832488332004121e-07	9.711620e-01	9.979307e-01	9.947753e-01
1.832498332004121e-07	9.711623e-01	9.979293e-01	9.947786e-01
1.833959760575551e-07	9.712051e-01	9.977236e-01	9.952639e-01
1.835421189146981e-07	9.712633e-01	9.975113e-01	9.957561e-01
1.836882617718411e-07	9.713367e-01	9.972924e-01	9.962550e-01
1.838344046289842e-07	9.714253e-01	9.970671e-01	9.967607e-01
1.839805474861272e-07	9.715293e-01	9.968352e-01	9.972731e-01
1.841266903432702e-07	9.716484e-01	9.965968e-01	9.977923e-01
1.842728332004132e-07	9.717829e-01	9.963519e-01	9.983183e-01
1.842738332004132e-07	9.717838e-01	9.963502e-01	9.983219e-01
1.843632617718419e-07	9.718718e-01	9.961984e-01	9.986438e-01
1.844526903432706e-07	9.719642e-01	9.960451e-01	9.989657e-01
1.845421189146992e-07	9.720608e-01	9.958904e-01	9.992873e-01
1.846315474861279e-07	9.721618e-01	9.957341e-01	9.996089e-01
1.847209760575566e-07	9.722670e-01	9.955763e-01	9.999303e-01
1.848104046289853e-07	9.723766e-01	9.954171e-01	1.000252e+00
1.848998332004139e-07	9.724904e-01	9.952563e-01	1.000573e+00
1.849221189146997e-07	9.725193e-01	9.952161e-01	1.000652e+00
1.849444046289854e-07	9.725479e-01	9.951759e-01	1.000732e+00
1.849666903432712e-07	9.725762e-01	9.951355e-01	1.000811e+00
1.849889760575569e-07	9.726041e-01	9.950950e-01	1.000891e+00
1.850112617718426e-07	9.726316e-01	9.950545e-01	1.000970e+00
1.850335474861284e-07	9.726589e-01	9.950138e-01	1.001049e+00
1.850558332004141e-07	9.726858e-01	9.949731e-01	1.001129e+00
1.850895474861285e-07	9.727249e-01	9.949112e-01	1.001248e+00
1.851232617718428e-07	9.727633e-01	9.948488e-01	1.001368e+00
1.851569760575571e-07	9.728010e-01	9.947860e-01	1.001487e+00
1.851906903432714e-07	9.728379e-01	9.947227e-01	1.001606e+00
1.852244046289858e-07	9.728741e-01	9.946589e-01	1.001724e+00
1.852581189147001e-07	9.729095e-01	9.945947e-01	1.001842e+00
1.852918332004144e-07	9.729443e-01	9.945300e-01	1.001960e+00
1.852978332004144e-07	9.729505e-01	9.945183e-01	1.001981e+00
1.853408332004144e-07	9.729944e-01	9.944347e-01	1.002131e+00
1.853838332004145e-07	9.730398e-01	9.943498e-01	1.002280e+00
1.854268332004145e-07	9.730867e-01	9.942639e-01	1.002429e+00
1.854698332004146e-07	9.731351e-01	9.941767e-01	1.002577e+00
1.855128332004146e-07	9.731850e-01	9.940885e-01	1.002724e+00
1.855558332004147e-07	9.732363e-01	9.939991e-01	1.002871e+00
1.855988332004147e-07	9.732892e-01	9.939085e-01	1.003017e+00
1.856432617718434e-07	9.733473e-01	9.938136e-01	1.003167e+00
1.856876903432720e-07	9.734084e-01	9.937177e-01	1.003317e+00
1.857321189147006e-07	9.734726e-01	9.936209e-01	1.003465e+00
1.857765474861292e-07	9.735398e-01	9.935232e-01	1.003613e+00
1.858209760575578e-07	9.736099e-01	9.934245e-01	1.003759e+00
1.858654046289865e-07	9.736831e-01	9.933248e-01	1.003905e+00
1.859098332004151e-07	9.737594e-01	9.932242e-01	1.004050e+00
1.859685474861295e-07	9.738658e-01	9.930899e-01	1.004240e+00
1.860272617718438e-07	9.739752e-01	9.929554e-01	1.004428e+00
1.860859760575581e-07	9.740875e-01	9.928207e-01	1.004614e+00
1.861446903432725e-07	9.742028e-01	9.926858e-01	1.004799e+00
1.862034046289869e-07	9.743211e-01	9.925507e-01	1.004981e+00
1.862621189147012e-07	9.744424e-01	9.924155e-01	1.005162e+00
1.863208332004156e-07	9.745666e-01	9.922800e-01	1.005340e+00
1.863218332004156e-07	9.745687e-01	9.922777e-01	1.005343e+00
1.863929760575585e-07	9.747204e-01	9.921146e-01	1.005557e+00
1.864641189147014e-07	9.748696e-01	9.919537e-01	1.005767e+00
1.865352617718444e-07	9.750162e-01	9.917949e-01	1.005974e+00
1.866064046289873e-07	9.751603e-01	9.916384e-01	1.006178e+00
1.866775474861303e-07	9.753018e-01	9.914841e-01	1.006378e+00
1.867486903432732e-07	9.754408e-01	9.913320e-01	1.006575e+00
1.868198332004161e-07	9.755772e-01	9.911821e-01	1.006768e+00
1.868855474861305e-07	9.756971e-01	9.910468e-01	1.006943e+00
1.869512617718448e-07	9.758125e-01	9.909143e-01	1.007115e+00
1.870169760575592e-07	9.759234e-01	9.907846e-01	1.007284e+00
1.870826903432736e-07	9.760299e-01	9.906577e-01	1.007450e+00
1.871484046289879e-07	9.761319e-01	9.905336e-01	1.007612e+00
1.872141189147023e-07	9.762295e-01	9.904122e-01	1.007771e+00
1.872798332004166e-07	9.763225e-01	9.902936e-01	1.007926e+00
1.873458332004167e-07	9.764124e-01	9.901773e-01	1.008079e+00
1.874522617718454e-07	9.765443e-01	9.899965e-01	1.008318e+00
1.875586903432741e-07	9.766745e-01	9.898216e-01	1.008548e+00
1.876651189147028e-07	9.768029e-01	9.896524e-01	1.008768e+00
1.877715474861315e-07	9.769296e-01	9.894890e-01	1.008979e+00
1.878779760575602e-07	9.770545e-01	9.893314e-01	1.009180e+00
1.879844046289889e-07	9.771777e-01	9.891796e-01	1.009372e+00
1.880908332004176e-07	9.772991e-01	9.890336e-01	1.009554e+00
1.880952617718461e-07	9.773045e-01	9.890276e-01	1.009561e+00
1.880996903432747e-07	9.773099e-01	9.890216e-01	1.009568e+00
1.881041189147033e-07	9.773154e-01	9.890156e-01	1.009576e+00
1.881085474861319e-07	9.773208e-01	9.890096e-01	1.009583e+00
1.881129760575604e-07	9.773263e-01	9.890036e-01	1.009590e+00
1.881174046289890e-07	9.773318e-01	9.889975e-01	1.009598e+00
1.881218332004176e-07	9.773372e-01	9.889915e-01	1.009605e+00
1.881482617718462e-07	9.773701e-01	9.889559e-01	1.009648e+00
1.881746903432748e-07	9.774035e-01	9.889198e-01	1.009690e+00
1.882011189147034e-07	9.774374e-01	9.888834e-01	1.009732e+00
1.882275474861320e-07	9.774719e-01	9.888465e-01	1.009773e+00
1.882539760575606e-07	9.775069e-01	9.888093e-01	1.009814e+00
1.882804046289892e-07	9.775424e-01	9.887716e-01	1.009854e+00
1.883068332004178e-07	9.775784e-01	9.887336e-01	1.009893e+00
1.883698332004179e-07	9.776671e-01	9.886407e-01	1.009984e+00
1.884359760575608e-07	9.777634e-01	9.885374e-01	1.010076e+00
1.885021189147037e-07	9.778657e-01	9.884360e-01	1.010165e+00
1.885682617718467e-07	9.779739e-01	9.883365e-01	1.010250e+00
1.886344046289896e-07	9.780880e-01	9.882390e-01	1.010330e+00
1.887005474861326e-07	9.782080e-01	9.881433e-01	1.010408e+00
1.887666903432755e-07	9.783340e-01	9.880495e-01	1.010481e+00
1.888328332004184e-07	9.784659e-01	9.879576e-01	1.010550e+00
1.888749760575613e-07	9.785542e-01	9.879039e-01	1.010593e+00
1.889171189147042e-07	9.786456e-01	9.878530e-01	1.010634e+00
1.889592617718471e-07	9.787401e-01	9.878049e-01	1.010673e+00
1.890014046289900e-07	9.788376e-01	9.877596e-01	1.010711e+00
1.890435474861329e-07	9.789382e-01	9.877171e-01	1.010747e+00
1.890856903432758e-07	9.790419e-01	9.876774e-01	1.010782e+00
1.891278332004187e-07	9.791486e-01	9.876405e-01	1.010816e+00
1.891656903432759e-07	9.792473e-01	9.876102e-01	1.010844e+00
1.892035474861331e-07	9.793485e-01	9.875819e-01	1.010872e+00
1.892414046289903e-07	9.794521e-01	9.875557e-01	1.010898e+00
1.892792617718475e-07	9.795582e-01	9.875315e-01	1.010924e+00
1.893171189147047e-07	9.796668e-01	9.875094e-01	1.010948e+00
1.893549760575619e-07	9.797779e-01	9.874893e-01	1.010971e+00
1.893928332004190e-07	9.798914e-01	9.874713e-01	1.010992e+00
1.893938332004190e-07	9.798944e-01	9.874709e-01	1.010993e+00
1.894731189147048e-07	9.801417e-01	9.874417e-01	1.011034e+00
1.895524046289907e-07	9.803965e-01	9.874146e-01	1.011071e+00
1.896316903432765e-07	9.806591e-01	9.873897e-01	1.011103e+00
1.897109760575623e-07	9.809292e-01	9.873668e-01	1.011130e+00
1.897902617718481e-07	9.812070e-01	9.873459e-01	1.011152e+00
1.898695474861339e-07	9.814924e-01	9.873272e-01	1.011169e+00
1.899488332004197e-07	9.817855e-01	9.873106e-01	1.011181e+00
1.899918332004197e-07	9.819455e-01	9.872988e-01	1.011186e+00
1.900348332004198e-07	9.821061e-01	9.872854e-01	1.011189e+00
1.900778332004198e-07	9.822672e-01	9.872704e-01	1.011191e+00
1.901208332004199e-07	9.824290e-01	9.872538e-01	1.011192e+00
1.901638332004199e-07	9.825913e-01	9.872357e-01	1.011191e+00
1.902068332004200e-07	9.827542e-01	9.872161e-01	1.011189e+00
1.902498332004200e-07	9.829177e-01	9.871948e-01	1.011186e+00
1.902736903432772e-07	9.830082e-01	9.871820e-01	1.011184e+00
1.902975474861344e-07	9.830986e-01	9.871684e-01	1.011181e+00
1.903214046289915e-07	9.831888e-01	9.871541e-01	1.011178e+00
1.903452617718487e-07	9.832790e-01	9.871392e-01	1.011174e+00
1.903691189147059e-07	9.833690e-01	9.871235e-01	1.011171e+00
1.903929760575630e-07	9.834588e-01	9.871070e-01	1.011166e+00
1.904168332004202e-07	9.835486e-01	9.870899e-01	1.011162e+00
1.904178332004202e-07	9.835523e-01	9.870892e-01	1.011161e+00
1.904789760575631e-07	9.837821e-01	9.870417e-01	1.011148e+00
1.905401189147061e-07	9.840086e-01	9.869889e-01	1.011131e+00
1.906012617718490e-07	9.842320e-01	9.869306e-01	1.011113e+00
1.906624046289919e-07	9.844520e-01	9.868670e-01	1.011092e+00
1.907235474861348e-07	9.846689e-01	9.867980e-01	1.011069e+00
1.907846903432778e-07	9.848825e-01	9.867237e-01	1.011043e+00
1.908458332004207e-07	9.850929e-01	9.866439e-01	1.011015e+00
1.909308332004208e-07	9.853777e-01	9.865227e-01	1.010973e+00
1.910158332004209e-07	9.856508e-01	9.863932e-01	1.010926e+00
1.911008332004210e-07	9.859123e-01	9.862553e-01	1.010876e+00
1.911858332004211e-07	9.861622e-01	9.861092e-01	1.010821e+00
1.912708332004212e-07	9.864004e-01	9.859547e-01	1.010763e+00
1.913558332004213e-07	9.866270e-01	9.857920e-01	1.010701e+00
1.914408332004214e-07	9.868419e-01	9.856209e-01	1.010635e+00
1.914418332004214e-07	9.868444e-01	9.856189e-01	1.010634e+00
1.915352617718500e-07	9.870634e-01	9.854235e-01	1.010557e+00
1.916286903432787e-07	9.872667e-01	9.852250e-01	1.010477e+00
1.917221189147074e-07	9.874543e-01	9.850235e-01	1.010393e+00
1.918155474861361e-07	9.876263e-01	9.848190e-01	1.010305e+00
1.919089760575647e-07	9.877825e-01	9.846114e-01	1.010213e+00
1.920024046289934e-07	9.879231e-01	9.844008e-01	1.010118e+00
1.920958332004221e-07	9.880479e-01	9.841871e-01	1.010019e+00
1.921485474861365e-07	9.881121e-01	9.840678e-01	1.009962e+00
1.922012617718508e-07	9.881722e-01	9.839491e-01	1.009904e+00
1.922539760575651e-07	9.882283e-01	9.838311e-01	1.009845e+00
1.923066903432795e-07	9.882803e-01	9.837136e-01	1.009785e+00
1.923594046289938e-07	9.883282e-01	9.835968e-01	1.009724e+00
1.924121189147082e-07	9.883721e-01	9.834806e-01	1.009663e+00
1.924648332004225e-07	9.884118e-01	9.833650e-01	1.009600e+00
1.924658332004225e-07	9.884126e-01	9.833628e-01	1.009599e+00
1.925854046289941e-07	9.884854e-01	9.831041e-01	1.009453e+00
1.927049760575657e-07	9.885473e-01	9.828528e-01	1.009304e+00
1.928245474861372e-07	9.885983e-01	9.826087e-01	1.009152e+00
1.929441189147088e-07	9.886384e-01	9.823720e-01	1.008997e+00
1.930636903432804e-07	9.886676e-01	9.821426e-01	1.008838e+00
1.931832617718519e-07	9.886859e-01	9.819205e-01	1.008677e+00
1.933028332004235e-07	9.886932e-01	9.817057e-01	1.008512e+00
1.933294046289949e-07	9.886955e-01	9.816591e-01	1.008475e+00
1.933559760575664e-07	9.886976e-01	9.816128e-01	1.008438e+00
1.933825474861379e-07	9.886996e-01	9.815669e-01	1.008401e+00
1.934091189147093e-07	9.887015e-01	9.815214e-01	1.008364e+00
1.934356903432808e-07	9.887033e-01	9.814762e-01	1.008326e+00
1.934622617718522e-07	9.887050e-01	9.814314e-01	1.008289e+00
1.934888332004237e-07	9.887066e-01	9.813870e-01	1.008252e+00
1.934898332004237e-07	9.887066e-01	9.813853e-01	1.008250e+00
1.935361189147094e-07	9.887092e-01	9.813087e-01	1.008185e+00
1.935824046289952e-07	9.887120e-01	9.812330e-01	1.008119e+00
1.936286903432810e-07	9.887151e-01	9.811581e-01	1.008053e+00
1.936749760575668e-07	9.887185e-01	9.810842e-01	1.007987e+00
1.937212617718525e-07	9.887221e-01	9.810111e-01	1.007921e+00
1.937675474861383e-07	9.887260e-01	9.809390e-01	1.007854e+00
1.938138332004241e-07	9.887301e-01	9.808677e-01	1.007787e+00
1.938681189147098e-07	9.887357e-01	9.807851e-01	1.007708e+00
1.939224046289956e-07	9.887425e-01	9.807033e-01	1.007630e+00
1.939766903432814e-07	9.887506e-01	9.806222e-01	1.007551e+00
1.940309760575672e-07	9.887599e-01	9.805420e-01	1.007472e+00
1.940852617718529e-07	9.887705e-01	9.804625e-01	1.007392e+00
1.941395474861387e-07	9.887823e-01	9.803837e-01	1.007313e+00
1.941938332004245e-07	9.887953e-01	9.803058e-01	1.007233e+00
1.942394046289960e-07	9.888076e-01	9.802407e-01	1.007167e+00
1.942849760575674e-07	9.888212e-01	9.801757e-01	1.007101e+00
1.943305474861389e-07	9.888360e-01	9.801110e-01	1.007035e+00
1.943761189147104e-07	9.888522e-01	9.800465e-01	1.006971e+00
1.944216903432819e-07	9.888697e-01	9.799821e-01	1.006907e+00
1.944672617718534e-07	9.888885e-01	9.799180e-01	1.006843e+00
1.945128332004248e-07	9.889086e-01	9.798540e-01	1.006780e+00
1.945138332004249e-07	9.889091e-01	9.798527e-01	1.006779e+00
1.945825474861392e-07	9.889422e-01	9.797565e-01	1.006687e+00
1.946512617718536e-07	9.889788e-01	9.796599e-01	1.006597e+00
1.947199760575679e-07	9.890189e-01	9.795629e-01	1.006511e+00
1.947886903432823e-07	9.890625e-01	9.794655e-01	1.006426e+00
1.948574046289967e-07	9.891096e-01	9.793677e-01	1.006345e+00
1.949261189147110e-07	9.891603e-01	9.792696e-01	1.006266e+00
1.949948332004254e-07	9.892145e-01	9.791710e-01	1.006189e+00
1.950722617718540e-07	9.892801e-01	9.790589e-01	1.006107e+00
1.951496903432827e-07	9.893502e-01	9.789454e-01	1.006025e+00
1.952271189147114e-07	9.894248e-01	9.788303e-01	1.005945e+00
1.953045474861400e-07	9.895037e-01	9.787138e-01	1.005867e+00
1.953819760575687e-07	9.895872e-01	9.785957e-01	1.005789e+00
1.954594046289974e-07	9.896750e-01	9.784762e-01	1.005713e+00
1.955368332004260e-07	9.897674e-01	9.783552e-01	1.005638e+00
1.955378332004260e-07	9.897686e-01	9.783536e-01	1.005637e+00
1.956254046289976e-07	9.898784e-01	9.782144e-01	1.005552e+00
1.957129760575691e-07	9.899926e-01	9.780726e-01	1.005465e+00
1.958005474861406e-07	9.901113e-01	9.779284e-01	1.005377e+00
1.958881189147121e-07	9.902344e-01	9.777817e-01	1.005286e+00
1.959756903432837e-07	9.903619e-01	9.776325e-01	1.005194e+00
1.960632617718552e-07	9.904939e-01	9.774809e-01	1.005101e+00
1.961508332004267e-07	9.906303e-01	9.773267e-01	1.005006e+00
1.962094046289982e-07	9.907233e-01	9.772222e-01	1.004940e+00
1.962679760575697e-07	9.908175e-01	9.771166e-01	1.004874e+00
1.963265474861412e-07	9.909129e-01	9.770100e-01	1.004806e+00
1.963851189147127e-07	9.910095e-01	9.769024e-01	1.004738e+00
1.964436903432842e-07	9.911073e-01	9.767937e-01	1.004669e+00
1.965022617718557e-07	9.912063e-01	9.766840e-01	1.004599e+00
1.965608332004272e-07	9.913065e-01	9.765733e-01	1.004528e+00
1.965618332004272e-07	9.913082e-01	9.765715e-01	1.004527e+00
1.966836903432845e-07	9.915212e-01	9.763373e-01	1.004375e+00
1.968055474861417e-07	9.917347e-01	9.761006e-01	1.004222e+00
1.969274046289990e-07	9.919487e-01	9.758614e-01	1.004069e+00
1.970492617718563e-07	9.921633e-01	9.756198e-01	1.003914e+00
1.971711189147136e-07	9.923785e-01	9.753756e-01	1.003759e+00
1.972929760575709e-07	9.925942e-01	9.751290e-01	1.003603e+00
1.974148332004281e-07	9.928104e-01	9.748799e-01	1.003446e+00
1.975858332004283e-07	9.931065e-01	9.745312e-01	1.003228e+00
1.976804046289999e-07	9.932681e-01	9.743376e-01	1.003108e+00
1.977749760575714e-07	9.934264e-01	9.741451e-01	1.002986e+00
1.978695474861429e-07	9.935814e-01	9.739537e-01	1.002863e+00
1.979641189147145e-07	9.937331e-01	9.737634e-01	1.002739e+00
1.980586903432860e-07	9.938815e-01	9.735742e-01	1.002613e+00
1.981532617718575e-07	9.940265e-01	9.733860e-01	1.002486e+00
1.982478332004291e-07	9.941683e-01	9.731990e-01	1.002358e+00
1.982994046290006e-07	9.942435e-01	9.730981e-01	1.002288e+00
1.983509760575721e-07	9.943172e-01	9.729980e-01	1.002217e+00
1.984025474861436e-07	9.943895e-01	9.728987e-01	1.002146e+00
1.984541189147150e-07	9.944605e-01	9.728001e-01	1.002076e+00
1.985056903432865e-07	9.945299e-01	9.727023e-01	1.002005e+00
1.985572617718580e-07	9.945980e-01	9.726053e-01	1.001933e+00
1.986088332004295e-07	9.946647e-01	9.725091e-01	1.001862e+00
1.986098332004295e-07	9.946660e-01	9.725072e-01	1.001861e+00
1.987331189147153e-07	9.948195e-01	9.722800e-01	1.001690e+00
1.988564046290012e-07	9.949630e-01	9.720599e-01	1.001522e+00
1.989796903432871e-07	9.950966e-01	9.718470e-01	1.001355e+00
1.991029760575729e-07	9.952203e-01	9.716412e-01	1.001191e+00
1.992262617718588e-07	9.953340e-01	9.714425e-01	1.001030e+00
1.993495474861446e-07	9.954377e-01	9.712511e-01	1.000870e+00
1.994728332004305e-07	9.955315e-01	9.710668e-01	1.000713e+00
1.996338332004307e-07	9.956371e-01	9.708410e-01	1.000512e+00
1.997396903432879e-07	9.956964e-01	9.707006e-01	1.000383e+00
1.998455474861452e-07	9.957477e-01	9.705679e-01	1.000255e+00
1.999514046290025e-07	9.957911e-01	9.704427e-01	1.000128e+00
2.000572617718597e-07	9.958264e-01	9.703251e-01	1.000001e+00
2.001631189147170e-07	9.958537e-01	9.702150e-01	9.998754e-01
2.002689760575742e-07	9.958731e-01	9.701126e-01	9.997506e-01
2.003748332004315e-07	9.958844e-01	9.700177e-01	9.996266e-01
2.004151189147172e-07	9.958867e-01	9.699839e-01	9.995791e-01
2.004554046290030e-07	9.958878e-01	9.699513e-01	9.995315e-01
2.004956903432888e-07	9.958878e-01	9.699199e-01	9.994838e-01
2.005359760575745e-07	9.958867e-01	9.698897e-01	9.994359e-01
2.005762617718603e-07	9.958845e-01	9.698607e-01	9.993880e-01
2.006165474861461e-07	9.958811e-01	9.698329e-01	9.993401e-01
2.006568332004318e-07	9.958766e-01	9.698063e-01	9.992920e-01
2.006578332004318e-07	9.958765e-01	9.698056e-01	9.992908e-01
2.007675474861462e-07	9.958583e-01	9.697394e-01	9.991592e-01
2.008772617718606e-07	9.958323e-01	9.696824e-01	9.990261e-01
2.009869760575750e-07	9.957987e-01	9.696347e-01	9.988916e-01
2.010966903432895e-07	9.957572e-01	9.695963e-01	9.987557e-01
2.012064046290039e-07	9.957081e-01	9.695672e-01	9.986182e-01
2.013161189147183e-07	9.956512e-01	9.695474e-01	9.984793e-01
2.014258332004327e-07	9.955866e-01	9.695368e-01	9.983389e-01
2.014622617718613e-07	9.955637e-01	9.695354e-01	9.982920e-01
2.014986903432899e-07	9.955400e-01	9.695351e-01	9.982449e-01
2.015351189147185e-07	9.955156e-01	9.695357e-01	9.981977e-01
2.015715474861471e-07	9.954904e-01	9.695374e-01	9.981504e-01
2.016079760575757e-07	9.954644e-01	9.695401e-01	9.981030e-01
2.016444046290044e-07	9.954376e-01	9.695438e-01	9.980554e-01
2.016808332004330e-07	9.954101e-01	9.695486e-01	9.980077e-01
2.016818332004330e-07	9.954094e-01	9.695487e-01	9.980065e-01
2.018279760575760e-07	9.952904e-01	9.695787e-01	9.978119e-01
2.019741189147190e-07	9.951612e-01	9.696245e-01	9.976191e-01
2.021202617718620e-07	9.950216e-01	9.696862e-01	9.974281e-01
2.022664046290051e-07	9.948718e-01	9.697636e-01	9.972387e-01
2.024125474861481e-07	9.947118e-01	9.698569e-01	9.970511e-01
2.025586903432911e-07	9.945414e-01	9.699661e-01	9.968652e-01
2.027048332004341e-07	9.943608e-01	9.700910e-01	9.966810e-01
2.027058332004341e-07	9.943596e-01	9.700919e-01	9.966798e-01
2.027752617718628e-07	9.942711e-01	9.701564e-01	9.965953e-01
2.028446903432914e-07	9.941810e-01	9.702241e-01	9.965125e-01
2.029141189147201e-07	9.940890e-01	9.702950e-01	9.964314e-01
2.029835474861487e-07	9.939953e-01	9.703691e-01	9.963520e-01
2.030529760575774e-07	9.938999e-01	9.704464e-01	9.962744e-01
2.031224046290061e-07	9.938027e-01	9.705270e-01	9.961985e-01
2.031918332004347e-07	9.937037e-01	9.706108e-01	9.961244e-01
2.032165474861490e-07	9.936682e-01	9.706414e-01	9.960986e-01
2.032412617718633e-07	9.936324e-01	9.706729e-01	9.960732e-01
2.032659760575776e-07	9.935965e-01	9.707052e-01	9.960480e-01
2.032906903432919e-07	9.935603e-01	9.707384e-01	9.960231e-01
2.033154046290063e-07	9.935240e-01	9.707724e-01	9.959985e-01
2.033401189147206e-07	9.934874e-01	9.708073e-01	9.959742e-01
2.033648332004349e-07	9.934507e-01	9.708430e-01	9.959502e-01
2.034168332004349e-07	9.933729e-01	9.709229e-01	9.959007e-01
2.034688332004350e-07	9.932940e-01	9.710046e-01	9.958527e-01
2.035208332004351e-07	9.932140e-01	9.710881e-01	9.958062e-01
2.035728332004351e-07	9.931328e-01	9.711735e-01	9.957613e-01
2.036248332004352e-07	9.930505e-01	9.712606e-01	9.957179e-01
2.036768332004352e-07	9.929670e-01	9.713496e-01	9.956761e-01
2.037288332004353e-07	9.928824e-01	9.714404e-01	9.956357e-01
2.037298332004353e-07	9.928808e-01	9.714421e-01	9.956350e-01
2.037769760575782e-07	9.928027e-01	9.715230e-01	9.956000e-01
2.038241189147211e-07	9.927231e-01	9.716027e-01	9.955665e-01
2.038712617718640e-07	9.926420e-01	9.716813e-01	9.955345e-01
2.039184046290070e-07	9.925594e-01	9.717587e-01	9.955039e-01
2.039655474861499e-07	9.924752e-01	9.718350e-01	9.954748e-01
2.040126903432928e-07	9.923896e-01	9.719102e-01	9.954472e-01
2.040598332004357e-07	9.923024e-01	9.719842e-01	9.954211e-01
2.041279760575786e-07	9.921729e-01	9.720868e-01	9.953860e-01
2.041961189147215e-07	9.920400e-01	9.721889e-01	9.953545e-01
2.042642617718645e-07	9.919036e-01	9.722905e-01	9.953263e-01
2.043324046290074e-07	9.917638e-01	9.723917e-01	9.953017e-01
2.044005474861504e-07	9.916205e-01	9.724924e-01	9.952805e-01
2.044686903432933e-07	9.914738e-01	9.725925e-01	9.952627e-01
2.045368332004362e-07	9.913236e-01	9.726923e-01	9.952484e-01
2.045676903432934e-07	9.912548e-01	9.727389e-01	9.952431e-01
2.045985474861506e-07	9.911855e-01	9.727863e-01	9.952386e-01
2.046294046290078e-07	9.911157e-01	9.728345e-01	9.952349e-01
2.046602617718649e-07	9.910456e-01	9.728835e-01	9.952319e-01
2.046911189147221e-07	9.909749e-01	9.729332e-01	9.952296e-01
2.047219760575793e-07	9.909038e-01	9.729838e-01	9.952281e-01
2.047528332004365e-07	9.908323e-01	9.730351e-01	9.952273e-01
2.047538332004365e-07	9.908299e-01	9.730368e-01	9.952273e-01
2.047914046290079e-07	9.907423e-01	9.731007e-01	9.952275e-01
2.048289760575794e-07	9.906545e-01	9.731664e-01	9.952287e-01
2.048665474861509e-07	9.905665e-01	9.732338e-01	9.952310e-01
2.049041189147223e-07	9.904782e-01	9.733031e-01	9.952345e-01
2.049416903432938e-07	9.903898e-01	9.733742e-01	9.952391e-01
2.049792617718653e-07	9.903012e-01	9.734471e-01	9.952448e-01
2.050168332004368e-07	9.902124e-01	9.735218e-01	9.952517e-01
2.050944046290083e-07	9.900282e-01	9.736832e-01	9.952694e-01
2.051719760575798e-07	9.898466e-01	9.738530e-01	9.952919e-01
2.052495474861513e-07	9.896678e-01	9.740310e-01	9.953191e-01
2.053271189147228e-07	9.894917e-01	9.742173e-01	9.953511e-01
2.054046903432943e-07	9.893183e-01	9.744120e-01	9.953877e-01
2.054822617718658e-07	9.891476e-01	9.746149e-01	9.954292e-01
2.055598332004374e-07	9.889796e-01	9.748262e-01	9.954753e-01
2.055908332004374e-07	9.889144e-01	9.749123e-01	9.954950e-01
2.056218332004374e-07	9.888499e-01	9.749993e-01	9.955155e-01
2.056528332004375e-07	9.887863e-01	9.750871e-01	9.955366e-01
2.056838332004375e-07	9.887235e-01	9.751759e-01	9.955585e-01
2.057148332004376e-07	9.886616e-01	9.752655e-01	9.955811e-01
2.057458332004376e-07	9.886005e-01	9.753560e-01	9.956045e-01
2.057768332004376e-07	9.885402e-01	9.754474e-01	9.956285e-01
2.057778332004376e-07	9.885383e-01	9.754504e-01	9.956293e-01
2.058671189147234e-07	9.883700e-01	9.757203e-01	9.957030e-01
2.059564046290093e-07	9.882099e-01	9.759915e-01	9.957821e-01
2.060456903432951e-07	9.880580e-01	9.762638e-01	9.958668e-01
2.061349760575809e-07	9.879143e-01	9.765374e-01	9.959570e-01
2.062242617718667e-07	9.877789e-01	9.768123e-01	9.960528e-01
2.063135474861525e-07	9.876517e-01	9.770883e-01	9.961541e-01
2.064028332004383e-07	9.875327e-01	9.773656e-01	9.962609e-01
2.064241189147241e-07	9.875055e-01	9.774306e-01	9.962870e-01
2.064454046290098e-07	9.874793e-01	9.774954e-01	9.963134e-01
2.064666903432956e-07	9.874540e-01	9.775600e-01	9.963402e-01
2.064879760575813e-07	9.874296e-01	9.776245e-01	9.963672e-01
2.065092617718670e-07	9.874062e-01	9.776888e-01	9.963945e-01
2.065305474861528e-07	9.873837e-01	9.777529e-01	9.964220e-01
2.065518332004385e-07	9.873622e-01	9.778169e-01	9.964499e-01
2.065791189147242e-07	9.873365e-01	9.778986e-01	9.964860e-01
2.066064046290100e-07	9.873123e-01	9.779800e-01	9.965226e-01
2.066336903432957e-07	9.872896e-01	9.780611e-01	9.965596e-01
2.066609760575815e-07	9.872684e-01	9.781420e-01	9.965970e-01
2.066882617718672e-07	9.872488e-01	9.782227e-01	9.966349e-01
2.067155474861530e-07	9.872306e-01	9.783031e-01	9.966732e-01
2.067428332004387e-07	9.872140e-01	9.783832e-01	9.967119e-01
2.067511189147244e-07	9.872091e-01	9.784075e-01	9.967237e-01
2.067594046290102e-07	9.872043e-01	9.784317e-01	9.967356e-01
2.067676903432959e-07	9.871995e-01	9.784560e-01	9.967475e-01
2.067759760575816e-07	9.871949e-01	9.784802e-01	9.967595e-01
2.067842617718673e-07	9.871904e-01	9.785044e-01	9.967715e-01
2.067925474861531e-07	9.871859e-01	9.785286e-01	9.967836e-01
2.068008332004388e-07	9.871815e-01	9.785528e-01	9.967957e-01
2.068018332004388e-07	9.871810e-01	9.785557e-01	9.967971e-01
2.068345474861531e-07	9.871650e-01	9.786509e-01	9.968452e-01
2.068672617718674e-07	9.871494e-01	9.787459e-01	9.968939e-01
2.068999760575817e-07	9.871341e-01	9.788406e-01	9.969431e-01
2.069326903432961e-07	9.871192e-01	9.789350e-01	9.969929e-01
2.069654046290104e-07	9.871046e-01	9.790292e-01	9.970433e-01
2.069981189147247e-07	9.870905e-01	9.791230e-01	9.970943e-01
2.070308332004390e-07	9.870766e-01	9.792166e-01	9.971458e-01
2.070605474861534e-07	9.870635e-01	9.793014e-01	9.971930e-01
2.070902617718677e-07	9.870498e-01	9.793860e-01	9.972407e-01
2.071199760575820e-07	9.870355e-01	9.794703e-01	9.972889e-01
2.071496903432963e-07	9.870206e-01	9.795543e-01	9.973374e-01
2.071794046290107e-07	9.870051e-01	9.796381e-01	9.973864e-01
2.072091189147250e-07	9.869891e-01	9.797216e-01	9.974358e-01
2.072388332004393e-07	9.869724e-01	9.798049e-01	9.974856e-01
2.072758332004393e-07	9.869503e-01	9.799083e-01	9.975482e-01
2.073128332004394e-07	9.869268e-01	9.800110e-01	9.976114e-01
2.073498332004394e-07	9.869021e-01	9.801132e-01	9.976752e-01
2.073868332004394e-07	9.868761e-01	9.802149e-01	9.977396e-01
2.074238332004395e-07	9.868487e-01	9.803159e-01	9.978046e-01
2.074608332004395e-07	9.868201e-01	9.804164e-01	9.978702e-01
2.074978332004396e-07	9.867902e-01	9.805164e-01	9.979364e-01
2.075445474861539e-07	9.867503e-01	9.806416e-01	9.980208e-01
2.075912617718682e-07	9.867093e-01	9.807656e-01	9.981059e-01
2.076379760575826e-07	9.866672e-01	9.808882e-01	9.981919e-01
2.076846903432969e-07	9.866240e-01	9.810096e-01	9.982786e-01
2.077314046290113e-07	9.865797e-01	9.811298e-01	9.983662e-01
2.077781189147256e-07	9.865344e-01	9.812486e-01	9.984545e-01
2.078248332004399e-07	9.864879e-01	9.813662e-01	9.985437e-01
2.078258332004399e-07	9.864869e-01	9.813687e-01	9.985456e-01
2.078851189147257e-07	9.864273e-01	9.815157e-01	9.986598e-01
2.079444046290115e-07	9.863689e-01	9.816603e-01	9.987751e-01
2.080036903432973e-07	9.863117e-01	9.818026e-01	9.988913e-01
2.080629760575831e-07	9.862556e-01	9.819425e-01	9.990086e-01
2.081222617718688e-07	9.862007e-01	9.820800e-01	9.991268e-01
2.081815474861546e-07	9.861470e-01	9.822152e-01	9.992461e-01
2.082408332004404e-07	9.860944e-01	9.823480e-01	9.993663e-01
2.082911189147262e-07	9.860523e-01	9.824587e-01	9.994690e-01
2.083414046290120e-07	9.860120e-01	9.825681e-01	9.995721e-01
2.083916903432977e-07	9.859735e-01	9.826761e-01	9.996758e-01
2.084419760575835e-07	9.859368e-01	9.827826e-01	9.997800e-01
2.084922617718693e-07	9.859019e-01	9.828877e-01	9.998847e-01
2.085425474861551e-07	9.858689e-01	9.829914e-01	9.999900e-01
2.085928332004408e-07	9.858376e-01	9.830937e-01	1.000096e+00
2.086294046290123e-07	9.858160e-01	9.831674e-01	1.000173e+00
2.086659760575838e-07	9.857952e-01	9.832406e-01	1.000250e+00
2.087025474861552e-07	9.857750e-01	9.833133e-01	1.000328e+00
2.087391189147267e-07	9.857556e-01	9.833855e-01	1.000406e+00
2.087756903432982e-07	9.857369e-01	9.834572e-01	1.000484e+00
2.088122617718696e-07	9.857189e-01	9.835284e-01	1.000562e+00
2.088488332004411e-07	9.857016e-01	9.835992e-01	1.000640e+00
2.088498332004411e-07	9.857011e-01	9.836011e-01	1.000642e+00
2.089369760575841e-07	9.856646e-01	9.837673e-01	1.000830e+00
2.090241189147270e-07	9.856266e-01	9.839330e-01	1.001018e+00
2.091112617718700e-07	9.855871e-01	9.840981e-01	1.001207e+00
2.091984046290129e-07	9.855460e-01	9.842626e-01	1.001396e+00
2.092855474861559e-07	9.855034e-01	9.844265e-01	1.001585e+00
2.093726903432988e-07	9.854593e-01	9.845898e-01	1.001776e+00
2.094598332004418e-07	9.854137e-01	9.847525e-01	1.001966e+00
2.095188332004419e-07	9.853781e-01	9.848636e-01	1.002096e+00
2.095778332004419e-07	9.853385e-01	9.849753e-01	1.002225e+00
2.096368332004420e-07	9.852951e-01	9.850874e-01	1.002354e+00
2.096958332004421e-07	9.852478e-01	9.852001e-01	1.002483e+00
2.097548332004421e-07	9.851965e-01	9.853134e-01	1.002612e+00
2.098138332004422e-07	9.851413e-01	9.854272e-01	1.002741e+00
2.098728332004423e-07	9.850823e-01	9.855415e-01	1.002870e+00
2.098738332004423e-07	9.850812e-01	9.855434e-01	1.002872e+00
2.099525474861566e-07	9.849943e-01	9.856972e-01	1.003044e+00
2.100312617718710e-07	9.848975e-01	9.858522e-01	1.003215e+00
2.101099760575854e-07	9.847909e-01	9.860082e-01	1.003386e+00
2.101886903432998e-07	9.846744e-01	9.861655e-01	1.003557e+00
2.102674046290142e-07	9.845481e-01	9.863239e-01	1.003727e+00
2.103461189147285e-07	9.844120e-01	9.864834e-01	1.003897e+00
2.104248332004429e-07	9.842660e-01	9.866440e-01	1.004066e+00
2.104922617718715e-07	9.841321e-01	9.867824e-01	1.004211e+00
2.105596903433002e-07	9.839912e-01	9.869212e-01	1.004354e+00
2.106271189147288e-07	9.838434e-01	9.870602e-01	1.004498e+00
2.106945474861575e-07	9.836885e-01	9.871996e-01	1.004641e+00
2.107619760575861e-07	9.835266e-01	9.873393e-01	1.004783e+00
2.108294046290148e-07	9.833578e-01	9.874793e-01	1.004924e+00
2.108968332004434e-07	9.831820e-01	9.876196e-01	1.005066e+00
2.108978332004434e-07	9.831794e-01	9.876217e-01	1.005068e+00
2.110439760575864e-07	9.827689e-01	9.879272e-01	1.005371e+00
2.111901189147295e-07	9.823418e-01	9.882293e-01	1.005671e+00
2.113362617718725e-07	9.818982e-01	9.885278e-01	1.005967e+00
2.114824046290155e-07	9.814381e-01	9.888230e-01	1.006259e+00
2.116285474861586e-07	9.809614e-01	9.891146e-01	1.006547e+00
2.117746903433016e-07	9.804682e-01	9.894028e-01	1.006832e+00
2.119208332004446e-07	9.799584e-01	9.896875e-01	1.007112e+00
2.119218332004446e-07	9.799550e-01	9.896894e-01	1.007114e+00
2.120052617718732e-07	9.796664e-01	9.898484e-01	1.007272e+00
2.120886903433019e-07	9.793790e-01	9.900054e-01	1.007428e+00
2.121721189147306e-07	9.790928e-01	9.901606e-01	1.007583e+00
2.122555474861593e-07	9.788078e-01	9.903138e-01	1.007736e+00
2.123389760575879e-07	9.785239e-01	9.904651e-01	1.007888e+00
2.124224046290166e-07	9.782412e-01	9.906145e-01	1.008038e+00
2.125058332004453e-07	9.779597e-01	9.907620e-01	1.008187e+00
2.125685474861596e-07	9.777507e-01	9.908716e-01	1.008298e+00
2.126312617718740e-07	9.775440e-01	9.909804e-01	1.008409e+00
2.126939760575883e-07	9.773396e-01	9.910882e-01	1.008522e+00
2.127566903433027e-07	9.771375e-01	9.911952e-01	1.008635e+00
2.128194046290170e-07	9.769377e-01	9.913012e-01	1.008750e+00
2.128821189147314e-07	9.767402e-01	9.914064e-01	1.008865e+00
2.129448332004457e-07	9.765449e-01	9.915107e-01	1.008981e+00
2.129458332004458e-07	9.765419e-01	9.915124e-01	1.008983e+00
2.130306903433030e-07	9.762823e-01	9.916520e-01	1.009144e+00
2.131155474861602e-07	9.760284e-01	9.917909e-01	1.009307e+00
2.132004046290175e-07	9.757803e-01	9.919290e-01	1.009473e+00
2.132852617718747e-07	9.755379e-01	9.920663e-01	1.009641e+00
2.133701189147319e-07	9.753012e-01	9.922028e-01	1.009811e+00
2.134549760575892e-07	9.750703e-01	9.923385e-01	1.009983e+00
2.135398332004464e-07	9.748452e-01	9.924734e-01	1.010158e+00
2.135784046290179e-07	9.747450e-01	9.925348e-01	1.010237e+00
2.136169760575894e-07	9.746461e-01	9.925962e-01	1.010315e+00
2.136555474861608e-07	9.745484e-01	9.926576e-01	1.010394e+00
2.136941189147323e-07	9.744520e-01	9.927190e-01	1.010472e+00
2.137326903433038e-07	9.743569e-01	9.927804e-01	1.010551e+00
2.137712617718752e-07	9.742630e-01	9.928418e-01	1.010629e+00
2.138098332004467e-07	9.741703e-01	9.929032e-01	1.010706e+00
2.139698332004469e-07	9.737995e-01	9.931591e-01	1.011022e+00
2.140708332004470e-07	9.735768e-01	9.933211e-01	1.011216e+00
2.141718332004471e-07	9.733620e-01	9.934848e-01	1.011402e+00
2.142728332004473e-07	9.731549e-01	9.936502e-01	1.011579e+00
2.143738332004474e-07	9.729557e-01	9.938173e-01	1.011746e+00
2.144748332004475e-07	9.727643e-01	9.939861e-01	1.011904e+00
2.145758332004476e-07	9.725807e-01	9.941567e-01	1.012053e+00
2.146768332004477e-07	9.724048e-01	9.943289e-01	1.012193e+00
2.147219760575906e-07	9.723284e-01	9.944069e-01	1.012251e+00
2.147671189147335e-07	9.722532e-01	9.944853e-01	1.012306e+00
2.148122617718764e-07	9.721793e-01	9.945643e-01	1.012360e+00
2.148574046290194e-07	9.721068e-01	9.946438e-01	1.012410e+00
2.149025474861623e-07	9.720355e-01	9.947238e-01	1.012459e+00
2.149476903433052e-07	9.719656e-01	9.948044e-01	1.012505e+00
2.149928332004481e-07	9.718969e-01	9.948854e-01	1.012549e+00
2.149938332004481e-07	9.718954e-01	9.948872e-01	1.012550e+00
2.150692617718767e-07	9.717837e-01	9.950239e-01	1.012617e+00
2.151446903433054e-07	9.716750e-01	9.951622e-01	1.012678e+00
2.152201189147340e-07	9.715694e-01	9.953021e-01	1.012732e+00
2.152955474861627e-07	9.714668e-01	9.954436e-01	1.012780e+00
2.153709760575914e-07	9.713673e-01	9.955867e-01	1.012821e+00
2.154464046290200e-07	9.712709e-01	9.957314e-01	1.012856e+00
2.155218332004487e-07	9.711775e-01	9.958777e-01	1.012884e+00
2.155521189147344e-07	9.711407e-01	9.959369e-01	1.012894e+00
2.155824046290202e-07	9.711043e-01	9.959964e-01	1.012903e+00
2.156126903433059e-07	9.710683e-01	9.960561e-01	1.012911e+00
2.156429760575917e-07	9.710327e-01	9.961161e-01	1.012918e+00
2.156732617718774e-07	9.709976e-01	9.961763e-01	1.012924e+00
2.157035474861632e-07	9.709628e-01	9.962368e-01	1.012929e+00
2.157338332004489e-07	9.709285e-01	9.962976e-01	1.012933e+00
2.157502617718775e-07	9.709100e-01	9.963306e-01	1.012935e+00
2.157666903433061e-07	9.708917e-01	9.963638e-01	1.012936e+00
2.157831189147347e-07	9.708735e-01	9.963970e-01	1.012937e+00
2.157995474861633e-07	9.708554e-01	9.964302e-01	1.012938e+00
2.158159760575919e-07	9.708374e-01	9.964636e-01	1.012939e+00
2.158324046290205e-07	9.708195e-01	9.964970e-01	1.012939e+00
2.158488332004490e-07	9.708017e-01	9.965305e-01	1.012939e+00
2.158728332004491e-07	9.707760e-01	9.965795e-01	1.012938e+00
2.158968332004491e-07	9.707504e-01	9.966287e-01	1.012937e+00
2.159208332004491e-07	9.707252e-01	9.966781e-01	1.012935e+00
2.159448332004492e-07	9.707001e-01	9.967276e-01	1.012932e+00
2.159688332004492e-07	9.706753e-01	9.967772e-01	1.012928e+00
2.159928332004492e-07	9.706507e-01	9.968270e-01	1.012924e+00
2.160168332004492e-07	9.706263e-01	9.968769e-01	1.012919e+00
2.160178332004492e-07	9.706253e-01	9.968790e-01	1.012919e+00
2.160585474861636e-07	9.705845e-01	9.969640e-01	1.012909e+00
2.160992617718779e-07	9.705442e-01	9.970495e-01	1.012896e+00
2.161399760575922e-07	9.705047e-01	9.971353e-01	1.012882e+00
2.161806903433066e-07	9.704657e-01	9.972215e-01	1.012866e+00
2.162214046290209e-07	9.704273e-01	9.973080e-01	1.012848e+00
2.162621189147352e-07	9.703896e-01	9.973949e-01	1.012828e+00
2.163028332004496e-07	9.703525e-01	9.974822e-01	1.012806e+00
2.163796903433068e-07	9.702840e-01	9.976481e-01	1.012758e+00
2.164565474861640e-07	9.702175e-01	9.978149e-01	1.012706e+00
2.165334046290213e-07	9.701529e-01	9.979826e-01	1.012650e+00
2.166102617718785e-07	9.700903e-01	9.981513e-01	1.012590e+00
2.166871189147357e-07	9.700296e-01	9.983208e-01	1.012527e+00
2.167639760575929e-07	9.699709e-01	9.984913e-01	1.012459e+00
2.168408332004502e-07	9.699141e-01	9.986627e-01	1.012387e+00
2.168694046290216e-07	9.698935e-01	9.987264e-01	1.012361e+00
2.168979760575931e-07	9.698732e-01	9.987903e-01	1.012334e+00
2.169265474861646e-07	9.698530e-01	9.988542e-01	1.012308e+00
2.169551189147360e-07	9.698332e-01	9.989182e-01	1.012282e+00
2.169836903433075e-07	9.698136e-01	9.989822e-01	1.012255e+00
2.170122617718789e-07	9.697942e-01	9.990463e-01	1.012229e+00
2.170408332004504e-07	9.697751e-01	9.991105e-01	1.012202e+00
2.170418332004504e-07	9.697745e-01	9.991127e-01	1.012201e+00
2.171158332004505e-07	9.697262e-01	9.992793e-01	1.012133e+00
2.171898332004506e-07	9.696798e-01	9.994459e-01	1.012066e+00
2.172638332004506e-07	9.696350e-01	9.996125e-01	1.012003e+00
2.173378332004507e-07	9.695920e-01	9.997790e-01	1.011942e+00
2.174118332004508e-07	9.695508e-01	9.999454e-01	1.011884e+00
2.174858332004509e-07	9.695113e-01	1.000112e+00	1.011828e+00
2.175598332004510e-07	9.694736e-01	1.000278e+00	1.011776e+00
2.176229760575939e-07	9.694428e-01	1.000420e+00	1.011735e+00
2.176861189147368e-07	9.694134e-01	1.000561e+00	1.011697e+00
2.177492617718798e-07	9.693853e-01	1.000702e+00	1.011663e+00
2.178124046290227e-07	9.693585e-01	1.000842e+00	1.011632e+00
2.178755474861656e-07	9.693332e-01	1.000981e+00	1.011605e+00
2.179386903433086e-07	9.693091e-01	1.001121e+00	1.011581e+00
2.180018332004515e-07	9.692864e-01	1.001259e+00	1.011561e+00
2.180658332004516e-07	9.692650e-01	1.001399e+00	1.011544e+00
2.181006903433087e-07	9.692539e-01	1.001475e+00	1.011537e+00
2.181355474861659e-07	9.692432e-01	1.001550e+00	1.011531e+00
2.181704046290231e-07	9.692330e-01	1.001625e+00	1.011526e+00
2.182052617718803e-07	9.692232e-01	1.001700e+00	1.011522e+00
2.182401189147375e-07	9.692139e-01	1.001775e+00	1.011519e+00
2.182749760575946e-07	9.692050e-01	1.001850e+00	1.011517e+00
2.183098332004518e-07	9.691966e-01	1.001924e+00	1.011517e+00
2.183592617718804e-07	9.691854e-01	1.002029e+00	1.011518e+00
2.184086903433091e-07	9.691752e-01	1.002133e+00	1.011522e+00
2.184581189147377e-07	9.691660e-01	1.002236e+00	1.011528e+00
2.185075474861664e-07	9.691577e-01	1.002339e+00	1.011535e+00
2.185569760575950e-07	9.691503e-01	1.002441e+00	1.011546e+00
2.186064046290236e-07	9.691439e-01	1.002542e+00	1.011558e+00
2.186558332004522e-07	9.691384e-01	1.002643e+00	1.011573e+00
2.187176903433094e-07	9.691330e-01	1.002767e+00	1.011594e+00
2.187795474861667e-07	9.691291e-01	1.002891e+00	1.011618e+00
2.188414046290239e-07	9.691269e-01	1.003013e+00	1.011646e+00
2.189032617718811e-07	9.691263e-01	1.003134e+00	1.011677e+00
2.189651189147383e-07	9.691273e-01	1.003253e+00	1.011710e+00
2.190269760575955e-07	9.691299e-01	1.003371e+00	1.011747e+00
2.190888332004527e-07	9.691341e-01	1.003488e+00	1.011787e+00
2.190898332004527e-07	9.691342e-01	1.003489e+00	1.011788e+00
2.192196903433100e-07	9.691483e-01	1.003730e+00	1.011882e+00
2.193495474861673e-07	9.691702e-01	1.003963e+00	1.011988e+00
2.194794046290246e-07	9.692000e-01	1.004188e+00	1.012104e+00
2.196092617718819e-07	9.692375e-01	1.004405e+00	1.012232e+00
2.197391189147392e-07	9.692829e-01	1.004615e+00	1.012371e+00
2.198689760575965e-07	9.693362e-01	1.004817e+00	1.012522e+00
2.199988332004537e-07	9.693972e-01	1.005011e+00	1.012683e+00
2.199998332004537e-07	9.693977e-01	1.005013e+00	1.012684e+00
2.200000000000000e-07	9.693978e-01	1.005013e+00	1.012685e+00
