time	V(n001)	V(n002)	V(n003)
0.000000000000000e+00	0.000000e+00	0.000000e+00	0.000000e+00
1.006310719978738e-09	0.000000e+00	0.000000e+00	0.000000e+00
2.000000000000000e-09	0.000000e+00	0.000000e+00	0.000000e+00
2.003785714285714e-09	1.766137e-07	0.000000e+00	0.000000e+00
2.007571428571428e-09	6.820761e-07	0.000000e+00	0.000000e+00
2.011357142857142e-09	1.516387e-06	0.000000e+00	0.000000e+00
2.015142857142856e-09	2.679547e-06	0.000000e+00	0.000000e+00
2.018928571428570e-09	4.171555e-06	0.000000e+00	0.000000e+00
2.022714285714284e-09	5.992411e-06	0.000000e+00	0.000000e+00
2.026499999999997e-09	8.142117e-06	0.000000e+00	0.000000e+00
2.027499999999997e-09	8.763382e-06	0.000000e+00	0.000000e+00
2.039357142857139e-09	1.793883e-05	0.000000e+00	0.000000e+00
2.051214285714281e-09	3.016588e-05	0.000000e+00	0.000000e+00
2.063071428571422e-09	4.544456e-05	0.000000e+00	0.000000e+00
2.074928571428564e-09	6.377484e-05	0.000000e+00	0.000000e+00
2.086785714285705e-09	8.515674e-05	0.000000e+00	0.000000e+00
2.098642857142847e-09	1.095902e-04	0.000000e+00	0.000000e+00
2.110499999999989e-09	1.370754e-04	0.000000e+00	0.000000e+00
2.132642857142843e-09	1.965739e-04	0.000000e+00	0.000000e+00
2.154785714285698e-09	2.655247e-04	0.000000e+00	0.000000e+00
2.176928571428553e-09	3.439278e-04	0.000000e+00	0.000000e+00
2.199071428571408e-09	4.317832e-04	0.000000e+00	0.000000e+00
2.221214285714263e-09	5.290909e-04	0.000000e+00	0.000000e+00
2.243357142857117e-09	6.358509e-04	0.000000e+00	0.000000e+00
2.265499999999972e-09	7.520632e-04	0.000000e+00	0.000000e+00
2.305071428571396e-09	9.829191e-04	0.000000e+00	0.000000e+00
2.344642857142821e-09	1.238130e-03	0.000000e+00	0.000000e+00
2.384214285714245e-09	1.517694e-03	0.000000e+00	0.000000e+00
2.423785714285670e-09	1.821614e-03	0.000000e+00	0.000000e+00
2.463357142857094e-09	2.149887e-03	0.000000e+00	0.000000e+00
2.502928571428518e-09	2.502515e-03	0.000000e+00	0.000000e+00
2.542499999999942e-09	2.879498e-03	0.000000e+00	0.000000e+00
2.610785714285649e-09	3.584033e-03	0.000000e+00	0.000000e+00
2.679071428571356e-09	4.338469e-03	0.000000e+00	0.000000e+00
2.747357142857063e-09	5.142807e-03	0.000000e+00	0.000000e+00
2.815642857142770e-09	5.997045e-03	0.000000e+00	0.000000e+00
2.883928571428477e-09	6.901184e-03	0.000000e+00	0.000000e+00
2.952214285714184e-09	7.855224e-03	0.000000e+00	0.000000e+00
3.020499999999891e-09	8.859165e-03	0.000000e+00	0.000000e+00
3.051499999999888e-09	9.324246e-03	0.000000e+00	0.000000e+00
3.176785714285601e-09	1.130860e-02	0.000000e+00	0.000000e+00
3.302071428571314e-09	1.337674e-02	0.000000e+00	0.000000e+00
3.427357142857027e-09	1.552866e-02	0.000000e+00	0.000000e+00
3.552642857142740e-09	1.776436e-02	0.000000e+00	0.000000e+00
3.677928571428453e-09	2.008384e-02	0.000000e+00	0.000000e+00
3.803214285714166e-09	2.248710e-02	0.000000e+00	0.000000e+00
3.928499999999879e-09	2.497415e-02	0.000000e+00	0.000000e+00
4.075499999999924e-09	2.793057e-02	0.000000e+00	0.000000e+00
4.221642857142826e-09	3.094723e-02	0.000000e+00	0.000000e+00
4.367785714285728e-09	3.400221e-02	0.000000e+00	0.000000e+00
4.513928571428629e-09	3.709550e-02	0.000000e+00	0.000000e+00
4.660071428571532e-09	4.022710e-02	0.000000e+00	0.000000e+00
4.806214285714434e-09	4.339702e-02	0.000000e+00	0.000000e+00
4.952357142857336e-09	4.660526e-02	0.000000e+00	0.000000e+00
5.098500000000238e-09	4.985181e-02	0.000000e+00	0.000000e+00
5.099500000000238e-09	4.987402e-02	0.000000e+00	0.000000e+00
5.245642857143140e-09	5.313548e-02	0.000000e+00	0.000000e+00
5.391785714286042e-09	5.641070e-02	0.000000e+00	0.000000e+00
5.537928571428944e-09	5.969968e-02	0.000000e+00	0.000000e+00
5.684071428571846e-09	6.300243e-02	0.000000e+00	0.000000e+00
5.830214285714748e-09	6.631894e-02	0.000000e+00	0.000000e+00
5.976357142857650e-09	6.964921e-02	0.000000e+00	0.000000e+00
6.122500000000552e-09	7.299324e-02	0.000000e+00	0.000000e+00
6.123500000000552e-09	7.301612e-02	0.000000e+00	0.000000e+00
7.147500000000866e-09	9.658875e-02	0.000000e+00	0.000000e+00
8.171500000000584e-09	1.203160e-01	0.000000e+00	0.000000e+00
9.195500000000051e-09	1.440988e-01	0.000000e+00	0.000000e+00
1.021949999999952e-08	1.679016e-01	0.000000e+00	0.000000e+00
1.124349999999898e-08	1.917116e-01	0.000000e+00	0.000000e+00
1.226749999999845e-08	2.155241e-01	0.000000e+00	0.000000e+00
1.329149999999792e-08	2.393375e-01	0.000000e+00	0.000000e+00
1.431549999999739e-08	2.631513e-01	0.000000e+00	0.000000e+00
1.533949999999758e-08	2.869652e-01	0.000000e+00	0.000000e+00
1.636349999999874e-08	3.107791e-01	0.000000e+00	0.000000e+00
1.738749999999990e-08	3.345930e-01	0.000000e+00	0.000000e+00
1.841150000000106e-08	3.584070e-01	0.000000e+00	0.000000e+00
1.943550000000222e-08	3.822209e-01	7.186944e-25	0.000000e+00
2.028850000000319e-08	4.020582e-01	5.768935e-10	0.000000e+00
2.029150000000319e-08	4.021279e-01	4.269049e-09	0.000000e+00
2.029450000000320e-08	4.021977e-01	1.164644e-08	0.000000e+00
2.029750000000320e-08	4.022675e-01	2.571004e-08	0.000000e+00
2.030050000000320e-08	4.023372e-01	4.946485e-08	0.000000e+00
2.030350000000321e-08	4.024070e-01	8.586026e-08	0.000000e+00
2.030650000000321e-08	4.024768e-01	1.377996e-07	0.000000e+00
2.030950000000321e-08	4.025465e-01	2.081350e-07	0.000000e+00
2.031250000000322e-08	4.026163e-01	2.996721e-07	0.000000e+00
2.031807142857465e-08	4.027459e-01	4.955586e-07	0.000000e+00
2.032364285714609e-08	4.028754e-01	8.314860e-07	0.000000e+00
2.032921428571752e-08	4.030050e-01	1.307454e-06	0.000000e+00
2.033478571428896e-08	4.031345e-01	1.923463e-06	0.000000e+00
2.034035714286039e-08	4.032641e-01	2.679513e-06	0.000000e+00
2.034592857143182e-08	4.033937e-01	3.575604e-06	0.000000e+00
2.035150000000326e-08	4.035233e-01	4.611735e-06	0.000000e+00
2.035878571428898e-08	4.036927e-01	6.241172e-06	0.000000e+00
2.036607142857471e-08	4.038621e-01	8.299544e-06	0.000000e+00
2.037335714286043e-08	4.040316e-01	1.078685e-05	0.000000e+00
2.038064285714615e-08	4.042010e-01	1.370310e-05	0.000000e+00
2.038792857143187e-08	4.043704e-01	1.704827e-05	0.000000e+00
2.039521428571760e-08	4.045399e-01	2.082239e-05	0.000000e+00
2.040250000000332e-08	4.047093e-01	2.502544e-05	0.000000e+00
2.041050000000333e-08	4.048953e-01	3.024425e-05	0.000000e+00
2.041850000000334e-08	4.050814e-01	3.618168e-05	0.000000e+00
2.042650000000335e-08	4.052674e-01	4.283773e-05	0.000000e+00
2.043450000000336e-08	4.054535e-01	5.021239e-05	0.000000e+00
2.044250000000336e-08	4.056395e-01	5.830568e-05	0.000000e+00
2.045050000000337e-08	4.058256e-01	6.711758e-05	0.000000e+00
2.045850000000338e-08	4.060116e-01	7.664810e-05	0.000000e+00
2.045950000000338e-08	4.060349e-01	7.790297e-05	0.000000e+00
2.047578571428912e-08	4.064136e-01	9.982985e-05	0.000000e+00
2.049207142857485e-08	4.067924e-01	1.255676e-04	0.000000e+00
2.050835714286058e-08	4.071711e-01	1.551161e-04	0.000000e+00
2.052464285714631e-08	4.075498e-01	1.884755e-04	0.000000e+00
2.054092857143205e-08	4.079286e-01	2.256458e-04	0.000000e+00
2.055721428571778e-08	4.083073e-01	2.666268e-04	0.000000e+00
2.057350000000351e-08	4.086860e-01	3.114188e-04	0.000000e+00
2.060621428571784e-08	4.094468e-01	4.141872e-04	0.000000e+00
2.063892857143216e-08	4.102076e-01	5.345635e-04	0.000000e+00
2.067164285714648e-08	4.109685e-01	6.725476e-04	0.000000e+00
2.070435714286080e-08	4.117292e-01	8.281395e-04	0.000000e+00
2.073707142857513e-08	4.124900e-01	1.001339e-03	0.000000e+00
2.076978571428945e-08	4.132508e-01	1.192147e-03	0.000000e+00
2.080250000000377e-08	4.140116e-01	1.400562e-03	0.000000e+00
2.085935714286098e-08	4.153339e-01	1.808845e-03	0.000000e+00
2.091621428571819e-08	4.166561e-01	2.264401e-03	0.000000e+00
2.097307142857540e-08	4.179784e-01	2.767230e-03	0.000000e+00
2.102992857143260e-08	4.193007e-01	3.317332e-03	0.000000e+00
2.108678571428981e-08	4.206229e-01	3.914708e-03	0.000000e+00
2.114364285714702e-08	4.219452e-01	4.559356e-03	0.000000e+00
2.120050000000422e-08	4.232675e-01	5.251278e-03	0.000000e+00
2.124078571428998e-08	4.242043e-01	5.764518e-03	0.000000e+00
2.128107142857575e-08	4.251412e-01	6.295717e-03	0.000000e+00
2.132135714286150e-08	4.260781e-01	6.844877e-03	0.000000e+00
2.136164285714726e-08	4.270150e-01	7.411997e-03	0.000000e+00
2.140192857143302e-08	4.279518e-01	7.997077e-03	0.000000e+00
2.144221428571878e-08	4.288887e-01	8.600116e-03	0.000000e+00
2.148250000000454e-08	4.298256e-01	9.221116e-03	0.000000e+00
2.148350000000454e-08	4.298488e-01	9.236692e-03	0.000000e+00
2.160050000000468e-08	4.325698e-01	1.115083e-02	0.000000e+00
2.171750000000481e-08	4.352907e-01	1.315525e-02	0.000000e+00
2.183450000000494e-08	4.380116e-01	1.524994e-02	0.000000e+00
2.195150000000508e-08	4.407326e-01	1.743490e-02	0.000000e+00
2.206850000000521e-08	4.434535e-01	1.971014e-02	0.000000e+00
2.218550000000534e-08	4.461744e-01	2.207566e-02	0.000000e+00
2.230250000000547e-08	4.488953e-01	2.453144e-02	0.000000e+00
2.250750000000571e-08	4.536628e-01	2.893004e-02	0.000000e+00
2.264954760003788e-08	4.569662e-01	3.208348e-02	0.000000e+00
2.279159520007006e-08	4.602697e-01	3.528123e-02	0.000000e+00
2.293364280010224e-08	4.635731e-01	3.852328e-02	0.000000e+00
2.307569040013442e-08	4.668765e-01	4.180964e-02	0.000000e+00
2.321773800016659e-08	4.701799e-01	4.514030e-02	0.000000e+00
2.335978560019877e-08	4.734834e-01	4.851527e-02	0.000000e+00
2.350183320023095e-08	4.767868e-01	5.193454e-02	0.000000e+00
2.350583320023095e-08	4.768794e-01	5.203080e-02	0.000000e+00
2.359740462880248e-08	4.788686e-01	5.424214e-02	0.000000e+00
2.368897605737402e-08	4.807157e-01	5.646147e-02	0.000000e+00
2.378054748594555e-08	4.824208e-01	5.868878e-02	0.000000e+00
2.387211891451708e-08	4.839838e-01	6.092408e-02	0.000000e+00
2.396369034308861e-08	4.854047e-01	6.316738e-02	0.000000e+00
2.405526177166014e-08	4.866835e-01	6.541866e-02	0.000000e+00
2.414683320023168e-08	4.878203e-01	6.767792e-02	0.000000e+00
2.420140462880317e-08	4.884629e-01	6.902628e-02	0.000000e+00
2.425597605737466e-08	4.890754e-01	7.037632e-02	0.000000e+00
2.431054748594615e-08	4.896579e-01	7.172806e-02	0.000000e+00
2.436511891451764e-08	4.902103e-01	7.308148e-02	0.000000e+00
2.441969034308913e-08	4.907326e-01	7.443659e-02	0.000000e+00
2.447426177166062e-08	4.912249e-01	7.579339e-02	0.000000e+00
2.452883320023211e-08	4.916871e-01	7.715189e-02	0.000000e+00
2.452983320023211e-08	4.916954e-01	7.717679e-02	0.000000e+00
2.462140462880365e-08	4.924099e-01	7.945979e-02	0.000000e+00
2.471297605737518e-08	4.930734e-01	8.174566e-02	0.000000e+00
2.480454748594671e-08	4.936858e-01	8.403440e-02	0.000000e+00
2.489611891451824e-08	4.942472e-01	8.632601e-02	0.000000e+00
2.498769034308977e-08	4.947576e-01	8.862049e-02	0.000000e+00
2.507926177166130e-08	4.952169e-01	9.091784e-02	0.000000e+00
2.517083320023284e-08	4.956252e-01	9.321805e-02	0.000000e+00
2.522540462880433e-08	4.958560e-01	9.458955e-02	0.000000e+00
2.527997605737582e-08	4.960761e-01	9.596166e-02	0.000000e+00
2.533454748594731e-08	4.962853e-01	9.733437e-02	0.000000e+00
2.538911891451880e-08	4.964837e-01	9.870769e-02	0.000000e+00
2.544369034309029e-08	4.966713e-01	1.000816e-01	0.000000e+00
2.549826177166178e-08	4.968481e-01	1.014562e-01	0.000000e+00
2.555283320023327e-08	4.970141e-01	1.028313e-01	0.000000e+00
2.555383320023327e-08	4.970171e-01	1.028565e-01	0.000000e+00
2.564554748594766e-08	4.972741e-01	1.051688e-01	0.000000e+00
2.573726177166205e-08	4.975127e-01	1.074822e-01	0.000000e+00
2.582897605737644e-08	4.977330e-01	1.097966e-01	0.000000e+00
2.592069034309083e-08	4.979349e-01	1.121121e-01	0.000000e+00
2.601240462880522e-08	4.981184e-01	1.144286e-01	0.000000e+00
2.610411891451961e-08	4.982835e-01	1.167461e-01	0.000000e+00
2.619583320023400e-08	4.984302e-01	1.190646e-01	0.000000e+00
2.625026177166263e-08	4.985128e-01	1.204408e-01	0.000000e+00
2.630469034309127e-08	4.985916e-01	1.218172e-01	0.000000e+00
2.635911891451990e-08	4.986665e-01	1.231939e-01	0.000000e+00
2.641354748594853e-08	4.987375e-01	1.245707e-01	0.000000e+00
2.646797605737717e-08	4.988047e-01	1.259478e-01	0.000000e+00
2.652240462880580e-08	4.988681e-01	1.273251e-01	0.000000e+00
2.657683320023443e-08	4.989275e-01	1.287026e-01	0.000000e+00
2.657783320023443e-08	4.989286e-01	1.287279e-01	0.000000e+00
2.666983320023454e-08	4.990212e-01	1.310568e-01	0.000000e+00
2.676183320023464e-08	4.991071e-01	1.333860e-01	0.000000e+00
2.685383320023475e-08	4.991864e-01	1.357155e-01	0.000000e+00
2.694583320023485e-08	4.992591e-01	1.380455e-01	0.000000e+00
2.703783320023496e-08	4.993251e-01	1.403758e-01	0.000000e+00
2.712983320023506e-08	4.993845e-01	1.427065e-01	0.000000e+00
2.722183320023516e-08	4.994373e-01	1.450376e-01	0.000000e+00
2.727597605737808e-08	4.994667e-01	1.464095e-01	0.000000e+00
2.733011891452100e-08	4.994948e-01	1.477816e-01	0.000000e+00
2.738426177166392e-08	4.995216e-01	1.491537e-01	0.000000e+00
2.743840462880684e-08	4.995469e-01	1.505258e-01	0.000000e+00
2.749254748594976e-08	4.995709e-01	1.518981e-01	0.000000e+00
2.754669034309268e-08	4.995935e-01	1.532704e-01	0.000000e+00
2.760083320023559e-08	4.996148e-01	1.546428e-01	0.000000e+00
2.760183320023560e-08	4.996152e-01	1.546682e-01	0.000000e+00
2.769454748594999e-08	4.996487e-01	1.570185e-01	0.000000e+00
2.778726177166438e-08	4.996797e-01	1.593689e-01	0.000000e+00
2.787997605737877e-08	4.997084e-01	1.617194e-01	0.000000e+00
2.797269034309316e-08	4.997346e-01	1.640701e-01	0.000000e+00
2.806540462880755e-08	4.997585e-01	1.664209e-01	0.000000e+00
2.815811891452194e-08	4.997799e-01	1.687719e-01	0.000000e+00
2.825083320023633e-08	4.997989e-01	1.711230e-01	0.000000e+00
2.830426177166496e-08	4.998093e-01	1.724779e-01	0.000000e+00
2.835769034309360e-08	4.998192e-01	1.738328e-01	0.000000e+00
2.841111891452223e-08	4.998287e-01	1.751877e-01	0.000000e+00
2.846454748595086e-08	4.998376e-01	1.765427e-01	0.000000e+00
2.851797605737949e-08	4.998461e-01	1.778977e-01	0.000000e+00
2.857140462880812e-08	4.998541e-01	1.792528e-01	0.000000e+00
2.862483320023676e-08	4.998616e-01	1.806078e-01	0.000000e+00
2.862583320023676e-08	4.998618e-01	1.806332e-01	0.000000e+00
2.872083320023686e-08	4.998741e-01	1.830426e-01	0.000000e+00
2.881583320023697e-08	4.998855e-01	1.854521e-01	0.000000e+00
2.891083320023708e-08	4.998960e-01	1.878617e-01	0.000000e+00
2.900583320023719e-08	4.999056e-01	1.902713e-01	0.000000e+00
2.910083320023730e-08	4.999143e-01	1.926810e-01	0.000000e+00
2.919583320023740e-08	4.999220e-01	1.950907e-01	0.000000e+00
2.929083320023751e-08	4.999289e-01	1.975004e-01	0.000000e+00
2.934197605738043e-08	4.999324e-01	1.987977e-01	0.000000e+00
2.939311891452334e-08	4.999358e-01	2.000950e-01	0.000000e+00
2.944426177166625e-08	4.999390e-01	2.013924e-01	0.000000e+00
2.949540462880917e-08	4.999421e-01	2.026897e-01	0.000000e+00
2.954654748595209e-08	4.999450e-01	2.039870e-01	0.000000e+00
2.959769034309500e-08	4.999477e-01	2.052843e-01	0.000000e+00
2.964883320023792e-08	4.999503e-01	2.065817e-01	0.000000e+00
2.964983320023792e-08	4.999503e-01	2.066071e-01	0.000000e+00
2.975054748595232e-08	4.999550e-01	2.091619e-01	0.000000e+00
2.985126177166672e-08	4.999593e-01	2.117168e-01	0.000000e+00
2.995197605738112e-08	4.999633e-01	2.142717e-01	0.000000e+00
3.005269034309552e-08	4.999669e-01	2.168266e-01	0.000000e+00
3.015340462880991e-08	4.999701e-01	2.193815e-01	0.000000e+00
3.025411891452431e-08	4.999730e-01	2.219365e-01	0.000000e+00
3.035483320023871e-08	4.999755e-01	2.244915e-01	0.000000e+00
3.040026177166734e-08	4.999766e-01	2.256439e-01	0.000000e+00
3.044569034309596e-08	4.999776e-01	2.267964e-01	0.000000e+00
3.049111891452458e-08	4.999786e-01	2.279489e-01	0.000000e+00
3.053654748595321e-08	4.999796e-01	2.291013e-01	0.000000e+00
3.058197605738183e-08	4.999805e-01	2.302538e-01	0.000000e+00
3.062740462881045e-08	4.999813e-01	2.314063e-01	0.000000e+00
3.067283320023907e-08	4.999821e-01	2.325588e-01	0.000000e+00
3.067383320023908e-08	4.999822e-01	2.325841e-01	0.000000e+00
3.078869034309635e-08	4.999841e-01	2.354979e-01	0.000000e+00
3.090354748595362e-08	4.999858e-01	2.384118e-01	0.000000e+00
3.101840462881089e-08	4.999874e-01	2.413256e-01	0.000000e+00
3.113326177166817e-08	4.999888e-01	2.442394e-01	0.000000e+00
3.124811891452544e-08	4.999900e-01	2.471533e-01	0.000000e+00
3.136297605738272e-08	4.999911e-01	2.500672e-01	0.000000e+00
3.147783320023999e-08	4.999920e-01	2.529810e-01	0.000000e+00
3.150911891452574e-08	4.999923e-01	2.537747e-01	0.000000e+00
3.154040462881148e-08	4.999925e-01	2.545684e-01	0.000000e+00
3.157169034309723e-08	4.999927e-01	2.553621e-01	0.000000e+00
3.160297605738299e-08	4.999930e-01	2.561559e-01	0.000000e+00
3.163426177166874e-08	4.999932e-01	2.569496e-01	0.000000e+00
3.166554748595449e-08	4.999934e-01	2.577433e-01	0.000000e+00
3.169683320024024e-08	4.999936e-01	2.585370e-01	0.000000e+00
3.169783320024024e-08	4.999936e-01	2.585623e-01	0.000000e+00
3.184397605738326e-08	4.999944e-01	2.622699e-01	0.000000e+00
3.199011891452628e-08	4.999952e-01	2.659775e-01	0.000000e+00
3.213626177166931e-08	4.999959e-01	2.696851e-01	0.000000e+00
3.228240462881233e-08	4.999964e-01	2.733927e-01	0.000000e+00
3.242854748595535e-08	4.999969e-01	2.771004e-01	0.000000e+00
3.257469034309837e-08	4.999974e-01	2.808080e-01	0.000000e+00
3.272083320024140e-08	4.999977e-01	2.845156e-01	0.000000e+00
3.272183320024140e-08	4.999977e-01	2.845410e-01	0.000000e+00
3.286797605738442e-08	4.999980e-01	2.882486e-01	0.000000e+00
3.301411891452744e-08	4.999983e-01	2.919562e-01	0.000000e+00
3.316026177167047e-08	4.999985e-01	2.956638e-01	0.000000e+00
3.330640462881349e-08	4.999987e-01	2.993715e-01	0.000000e+00
3.345254748595651e-08	4.999989e-01	3.030791e-01	0.000000e+00
3.359869034309953e-08	4.999991e-01	3.067867e-01	0.000000e+00
3.374483320024256e-08	4.999992e-01	3.104944e-01	0.000000e+00
3.374583320024256e-08	4.999992e-01	3.105198e-01	0.000000e+00
3.389197605738558e-08	4.999993e-01	3.142274e-01	0.000000e+00
3.403811891452860e-08	4.999994e-01	3.179350e-01	0.000000e+00
3.418426177167163e-08	4.999995e-01	3.216426e-01	0.000000e+00
3.433040462881465e-08	4.999995e-01	3.253503e-01	0.000000e+00
3.447654748595767e-08	4.999996e-01	3.290579e-01	0.000000e+00
3.462269034310069e-08	4.999997e-01	3.327656e-01	0.000000e+00
3.476883320024372e-08	4.999997e-01	3.364732e-01	0.000000e+00
3.476983320024372e-08	4.999997e-01	3.364986e-01	0.000000e+00
3.579383320024488e-08	4.999999e-01	3.624774e-01	0.000000e+00
3.681783320024604e-08	5.000000e-01	3.884563e-01	0.000000e+00
3.784183320024720e-08	5.000000e-01	4.144351e-01	0.000000e+00
3.857683320024804e-08	5.000000e-01	4.330821e-01	0.000000e+00
3.857983320024804e-08	5.000000e-01	4.331582e-01	0.000000e+00
3.858283320024804e-08	5.000000e-01	4.332343e-01	0.000000e+00
3.858583320024805e-08	5.000000e-01	4.333104e-01	0.000000e+00
3.858883320024805e-08	5.000000e-01	4.333865e-01	0.000000e+00
3.859183320024805e-08	5.000000e-01	4.334626e-01	0.000000e+00
3.859483320024806e-08	5.000000e-01	4.335387e-01	0.000000e+00
3.859783320024806e-08	4.999999e-01	4.336148e-01	0.000000e+00
3.860283320024807e-08	4.999999e-01	4.337417e-01	0.000000e+00
3.860783320024807e-08	4.999999e-01	4.338685e-01	0.000000e+00
3.861283320024808e-08	4.999998e-01	4.339954e-01	0.000000e+00
3.861783320024808e-08	4.999997e-01	4.341222e-01	0.000000e+00
3.862283320024809e-08	4.999996e-01	4.342491e-01	0.000000e+00
3.862783320024809e-08	4.999995e-01	4.343759e-01	0.000000e+00
3.863283320024810e-08	4.999993e-01	4.345028e-01	0.000000e+00
3.864054748596240e-08	4.999991e-01	4.346985e-01	0.000000e+00
3.864826177167669e-08	4.999987e-01	4.348942e-01	0.000000e+00
3.865597605739099e-08	4.999983e-01	4.350899e-01	0.000000e+00
3.866369034310528e-08	4.999977e-01	4.352856e-01	0.000000e+00
3.867140462881957e-08	4.999971e-01	4.354814e-01	0.000000e+00
3.867911891453387e-08	4.999964e-01	4.356771e-01	0.000000e+00
3.868683320024816e-08	4.999956e-01	4.358728e-01	0.000000e+00
3.869911891453389e-08	4.999942e-01	4.361845e-01	0.000000e+00
3.871140462881962e-08	4.999924e-01	4.364961e-01	0.000000e+00
3.872369034310534e-08	4.999903e-01	4.368078e-01	0.000000e+00
3.873597605739108e-08	4.999879e-01	4.371195e-01	0.000000e+00
3.874826177167680e-08	4.999852e-01	4.374312e-01	0.000000e+00
3.876054748596253e-08	4.999821e-01	4.377429e-01	0.000000e+00
3.877283320024826e-08	4.999788e-01	4.380546e-01	0.000000e+00
3.878597605739113e-08	4.999748e-01	4.383880e-01	0.000000e+00
3.879911891453400e-08	4.999705e-01	4.387214e-01	0.000000e+00
3.881226177167688e-08	4.999657e-01	4.390549e-01	0.000000e+00
3.882540462881975e-08	4.999605e-01	4.393883e-01	0.000000e+00
3.883854748596262e-08	4.999549e-01	4.397217e-01	0.000000e+00
3.885169034310549e-08	4.999489e-01	4.400552e-01	0.000000e+00
3.886483320024836e-08	4.999424e-01	4.403886e-01	0.000000e+00
3.886583320024836e-08	4.999419e-01	4.404140e-01	0.000000e+00
3.889883320024840e-08	4.999236e-01	4.412512e-01	0.000000e+00
3.893183320024844e-08	4.999030e-01	4.420884e-01	0.000000e+00
3.896483320024848e-08	4.998801e-01	4.429256e-01	0.000000e+00
3.899783320024851e-08	4.998549e-01	4.437628e-01	0.000000e+00
3.903083320024855e-08	4.998274e-01	4.446000e-01	0.000000e+00
3.906383320024859e-08	4.997975e-01	4.454373e-01	0.000000e+00
3.909683320024863e-08	4.997654e-01	4.462745e-01	0.000000e+00
3.916626177167728e-08	4.996891e-01	4.480359e-01	0.000000e+00
3.923569034310592e-08	4.996095e-01	4.497973e-01	0.000000e+00
3.930511891453458e-08	4.995266e-01	4.515587e-01	0.000000e+00
3.937454748596323e-08	4.994403e-01	4.533201e-01	0.000000e+00
3.944397605739188e-08	4.993506e-01	4.550815e-01	0.000000e+00
3.951340462882053e-08	4.992577e-01	4.568429e-01	0.000000e+00
3.958283320024918e-08	4.991613e-01	4.586043e-01	0.000000e+00
3.962654748596351e-08	4.991026e-01	4.597133e-01	0.000000e+00
3.967026177167785e-08	4.990448e-01	4.608223e-01	0.000000e+00
3.971397605739219e-08	4.989881e-01	4.619314e-01	0.000000e+00
3.975769034310652e-08	4.989324e-01	4.630404e-01	0.000000e+00
3.980140462882085e-08	4.988778e-01	4.641494e-01	0.000000e+00
3.984511891453519e-08	4.988241e-01	4.652585e-01	0.000000e+00
3.988883320024952e-08	4.987715e-01	4.663675e-01	0.000000e+00
3.988983320024953e-08	4.987704e-01	4.663928e-01	0.000000e+00
3.995526177167817e-08	4.986948e-01	4.680528e-01	0.000000e+00
4.002069034310681e-08	4.986238e-01	4.697127e-01	0.000000e+00
4.008611891453546e-08	4.985575e-01	4.713726e-01	0.000000e+00
4.015154748596411e-08	4.984959e-01	4.730325e-01	0.000000e+00
4.021697605739276e-08	4.984389e-01	4.746925e-01	0.000000e+00
4.028240462882140e-08	4.983866e-01	4.763524e-01	0.000000e+00
4.034783320025004e-08	4.983390e-01	4.780123e-01	0.000000e+00
4.077083320025052e-08	4.981638e-01	4.887438e-01	0.000000e+00
4.079111891453626e-08	4.981610e-01	4.892585e-01	0.000000e+00
4.081140462882200e-08	4.981587e-01	4.897731e-01	0.000000e+00
4.083169034310773e-08	4.981570e-01	4.902877e-01	0.000000e+00
4.085197605739348e-08	4.981557e-01	4.908024e-01	0.000000e+00
4.087226177167921e-08	4.981550e-01	4.913170e-01	0.000000e+00
4.089254748596495e-08	4.981547e-01	4.918317e-01	0.000000e+00
4.091283320025069e-08	4.981550e-01	4.923463e-01	0.000000e+00
4.091383320025069e-08	4.981550e-01	4.923717e-01	0.000000e+00
4.098497605739363e-08	4.981602e-01	4.941766e-01	0.000000e+00
4.105611891453656e-08	4.981711e-01	4.959815e-01	0.000000e+00
4.112726177167950e-08	4.981875e-01	4.977864e-01	0.000000e+00
4.119840462882244e-08	4.982095e-01	4.995913e-01	0.000000e+00
4.126954748596538e-08	4.982371e-01	5.013962e-01	0.000000e+00
4.134069034310831e-08	4.982704e-01	5.032011e-01	0.000000e+00
4.141183320025125e-08	4.983092e-01	5.050060e-01	0.000000e+00
4.146526177167989e-08	4.983416e-01	5.063614e-01	0.000000e+00
4.151869034310851e-08	4.983766e-01	5.077169e-01	0.000000e+00
4.157211891453715e-08	4.984141e-01	5.090724e-01	0.000000e+00
4.162554748596578e-08	4.984543e-01	5.104279e-01	0.000000e+00
4.167897605739441e-08	4.984971e-01	5.117833e-01	0.000000e+00
4.173240462882304e-08	4.985425e-01	5.131388e-01	0.000000e+00
4.178583320025168e-08	4.985906e-01	5.144943e-01	0.000000e+00
4.178783320025168e-08	4.985924e-01	5.145451e-01	0.000000e+00
4.178983320025168e-08	4.985942e-01	5.145958e-01	0.000000e+00
4.181083320025170e-08	4.986137e-01	5.151302e-01	0.000000e+00
4.183183320025173e-08	4.986336e-01	5.156615e-01	0.000000e+00
4.185283320025175e-08	4.986538e-01	5.161898e-01	0.000000e+00
4.187383320025178e-08	4.986744e-01	5.167151e-01	0.000000e+00
4.189483320025180e-08	4.986953e-01	5.172374e-01	0.000000e+00
4.191583320025182e-08	4.987166e-01	5.177566e-01	0.000000e+00
4.193683320025185e-08	4.987382e-01	5.182728e-01	0.000000e+00
4.193783320025185e-08	4.987392e-01	5.182971e-01	0.000000e+00
4.199097605739477e-08	4.987956e-01	5.195799e-01	0.000000e+00
4.204411891453768e-08	4.988539e-01	5.208180e-01	0.000000e+00
4.209726177168060e-08	4.989141e-01	5.220114e-01	0.000000e+00
4.215040462882352e-08	4.989762e-01	5.231602e-01	0.000000e+00
4.220354748596644e-08	4.990402e-01	5.242643e-01	0.000000e+00
4.225669034310935e-08	4.991062e-01	5.253237e-01	0.000000e+00
4.230983320025227e-08	4.991740e-01	5.263385e-01	0.000000e+00
4.240283320025238e-08	4.992973e-01	5.279788e-01	0.000000e+00
4.249583320025248e-08	4.994247e-01	5.295046e-01	0.000000e+00
4.258883320025259e-08	4.995565e-01	5.309161e-01	0.000000e+00
4.268183320025269e-08	4.996924e-01	5.322131e-01	0.000000e+00
4.277483320025280e-08	4.998326e-01	5.333958e-01	0.000000e+00
4.286783320025290e-08	4.999770e-01	5.344641e-01	0.000000e+00
4.296083320025301e-08	5.001256e-01	5.354180e-01	0.000000e+00
4.296183320025301e-08	5.001273e-01	5.354280e-01	0.000000e+00
4.305669034311026e-08	5.002822e-01	5.363178e-01	0.000000e+00
4.315154748596751e-08	5.004399e-01	5.371425e-01	0.000000e+00
4.324640462882476e-08	5.006004e-01	5.379020e-01	0.000000e+00
4.334126177168201e-08	5.007637e-01	5.385965e-01	0.000000e+00
4.343611891453926e-08	5.009297e-01	5.392259e-01	0.000000e+00
4.353097605739651e-08	5.010985e-01	5.397902e-01	0.000000e+00
4.362583320025376e-08	5.012701e-01	5.402894e-01	0.000000e+00
4.367711891453953e-08	5.013636e-01	5.405461e-01	0.000000e+00
4.372840462882530e-08	5.014576e-01	5.407913e-01	0.000000e+00
4.377969034311108e-08	5.015522e-01	5.410252e-01	0.000000e+00
4.383097605739685e-08	5.016474e-01	5.412478e-01	0.000000e+00
4.388226177168263e-08	5.017430e-01	5.414589e-01	0.000000e+00
4.393354748596840e-08	5.018393e-01	5.416587e-01	0.000000e+00
4.398483320025417e-08	5.019360e-01	5.418471e-01	0.000000e+00
4.398583320025417e-08	5.019379e-01	5.418507e-01	0.000000e+00
4.407811891453999e-08	5.021134e-01	5.421630e-01	0.000000e+00
4.417040462882581e-08	5.022902e-01	5.424528e-01	0.000000e+00
4.426269034311162e-08	5.024681e-01	5.427203e-01	0.000000e+00
4.435497605739745e-08	5.026472e-01	5.429652e-01	0.000000e+00
4.444726177168327e-08	5.028276e-01	5.431878e-01	0.000000e+00
4.453954748596908e-08	5.030091e-01	5.433879e-01	0.000000e+00
4.463183320025490e-08	5.031919e-01	5.435655e-01	0.000000e+00
4.468569034311210e-08	5.032989e-01	5.436639e-01	0.000000e+00
4.473954748596931e-08	5.034062e-01	5.437578e-01	0.000000e+00
4.479340462882651e-08	5.035137e-01	5.438471e-01	0.000000e+00
4.484726177168372e-08	5.036215e-01	5.439318e-01	0.000000e+00
4.490111891454092e-08	5.037296e-01	5.440120e-01	0.000000e+00
4.495497605739813e-08	5.038380e-01	5.440877e-01	0.000000e+00
4.500883320025533e-08	5.039466e-01	5.441588e-01	0.000000e+00
4.500983320025533e-08	5.039486e-01	5.441601e-01	0.000000e+00
4.510326177168401e-08	5.041377e-01	5.442735e-01	0.000000e+00
4.519669034311268e-08	5.043273e-01	5.443787e-01	0.000000e+00
4.529011891454136e-08	5.045175e-01	5.444757e-01	0.000000e+00
4.538354748597004e-08	5.047082e-01	5.445645e-01	0.000000e+00
4.547697605739872e-08	5.048994e-01	5.446450e-01	0.000000e+00
4.557040462882739e-08	5.050912e-01	5.447174e-01	0.000000e+00
4.566383320025607e-08	5.052835e-01	5.447814e-01	0.000000e+00
4.571654748597042e-08	5.053921e-01	5.448158e-01	0.000000e+00
4.576926177168477e-08	5.055009e-01	5.448486e-01	0.000000e+00
4.582197605739911e-08	5.056098e-01	5.448798e-01	0.000000e+00
4.587469034311345e-08	5.057187e-01	5.449095e-01	0.000000e+00
4.592740462882780e-08	5.058278e-01	5.449376e-01	0.000000e+00
4.598011891454214e-08	5.059370e-01	5.449641e-01	0.000000e+00
4.603283320025649e-08	5.060464e-01	5.449891e-01	0.000000e+00
4.603383320025649e-08	5.060484e-01	5.449896e-01	0.000000e+00
4.613040462882803e-08	5.062490e-01	5.450316e-01	0.000000e+00
4.622697605739957e-08	5.064498e-01	5.450705e-01	0.000000e+00
4.632354748597111e-08	5.066508e-01	5.451063e-01	0.000000e+00
4.642011891454264e-08	5.068521e-01	5.451389e-01	0.000000e+00
4.651669034311418e-08	5.070536e-01	5.451684e-01	0.000000e+00
4.661326177168572e-08	5.072554e-01	5.451948e-01	0.000000e+00
4.670983320025726e-08	5.074574e-01	5.452181e-01	0.000000e+00
4.675940462882874e-08	5.075611e-01	5.452294e-01	0.000000e+00
4.680897605740023e-08	5.076649e-01	5.452403e-01	0.000000e+00
4.685854748597171e-08	5.077687e-01	5.452507e-01	0.000000e+00
4.690811891454320e-08	5.078725e-01	5.452606e-01	0.000000e+00
4.695769034311468e-08	5.079764e-01	5.452700e-01	0.000000e+00
4.700726177168617e-08	5.080804e-01	5.452789e-01	0.000000e+00
4.705683320025765e-08	5.081844e-01	5.452874e-01	0.000000e+00
4.705783320025765e-08	5.081865e-01	5.452875e-01	0.000000e+00
4.715383320025776e-08	5.083880e-01	5.453025e-01	-7.942509e-11
4.724983320025787e-08	5.085896e-01	5.453164e-01	-1.091946e-10
4.734583320025798e-08	5.087912e-01	5.453292e-01	-8.930845e-11
4.744183320025809e-08	5.089930e-01	5.453409e-01	-1.976672e-11
4.753783320025820e-08	5.091949e-01	5.453514e-01	9.943062e-11
4.763383320025831e-08	5.093969e-01	5.453609e-01	2.682836e-10
4.772983320025842e-08	5.095990e-01	5.453693e-01	4.867921e-10
4.773454748597271e-08	5.096090e-01	5.453697e-01	6.200157e-10
4.773926177168700e-08	5.096189e-01	5.453701e-01	1.513529e-09
4.774397605740129e-08	5.096288e-01	5.453704e-01	3.167331e-09
4.774869034311558e-08	5.096387e-01	5.453708e-01	5.581423e-09
4.775340462882987e-08	5.096487e-01	5.453712e-01	8.755804e-09
4.775811891454416e-08	5.096586e-01	5.453716e-01	1.269048e-08
4.776283320025845e-08	5.096685e-01	5.453720e-01	1.738544e-08
4.776826177168703e-08	5.096799e-01	5.453725e-01	2.386196e-08
4.777369034311561e-08	5.096914e-01	5.453729e-01	3.439347e-08
4.777911891454418e-08	5.097028e-01	5.453733e-01	4.897998e-08
4.778454748597276e-08	5.097142e-01	5.453738e-01	6.762147e-08
4.778997605740134e-08	5.097257e-01	5.453742e-01	9.031796e-08
4.779540462882992e-08	5.097371e-01	5.453747e-01	1.170694e-07
4.780083320025850e-08	5.097485e-01	5.453751e-01	1.478759e-07
4.780797605740136e-08	5.097636e-01	5.453757e-01	1.952778e-07
4.781511891454423e-08	5.097786e-01	5.453762e-01	2.607968e-07
4.782226177168709e-08	5.097936e-01	5.453768e-01	3.444330e-07
4.782940462882996e-08	5.098087e-01	5.453774e-01	4.461864e-07
4.783654748597282e-08	5.098237e-01	5.453779e-01	5.660569e-07
4.784369034311568e-08	5.098387e-01	5.453784e-01	7.040447e-07
4.785083320025855e-08	5.098538e-01	5.453790e-01	8.601496e-07
4.786211891454428e-08	5.098776e-01	5.453798e-01	1.142125e-06
4.787340462883001e-08	5.099013e-01	5.453807e-01	1.525955e-06
4.788469034311573e-08	5.099251e-01	5.453815e-01	2.011639e-06
4.789597605740146e-08	5.099489e-01	5.453823e-01	2.599178e-06
4.790726177168719e-08	5.099726e-01	5.453831e-01	3.288570e-06
4.791854748597292e-08	5.099964e-01	5.453839e-01	4.079817e-06
4.792983320025864e-08	5.100202e-01	5.453847e-01	4.972919e-06
4.794383320025866e-08	5.100497e-01	5.453857e-01	6.253775e-06
4.795783320025867e-08	5.100792e-01	5.453866e-01	7.837573e-06
4.797183320025869e-08	5.101087e-01	5.453876e-01	9.724311e-06
4.798583320025871e-08	5.101382e-01	5.453885e-01	1.191399e-05
4.799983320025872e-08	5.101677e-01	5.453894e-01	1.440661e-05
4.801383320025874e-08	5.101972e-01	5.453904e-01	1.720217e-05
4.802783320025875e-08	5.102267e-01	5.453913e-01	2.030067e-05
4.803540462883019e-08	5.102427e-01	5.453917e-01	2.216053e-05
4.804297605740163e-08	5.102586e-01	5.453922e-01	2.414831e-05
4.805054748597307e-08	5.102745e-01	5.453926e-01	2.626401e-05
4.805811891454450e-08	5.102905e-01	5.453931e-01	2.850764e-05
4.806569034311594e-08	5.103064e-01	5.453936e-01	3.087919e-05
4.807326177168738e-08	5.103224e-01	5.453940e-01	3.337867e-05
4.808083320025881e-08	5.103384e-01	5.453945e-01	3.600607e-05
4.808183320025881e-08	5.103405e-01	5.453945e-01	3.636492e-05
4.810083320025884e-08	5.103805e-01	5.453957e-01	4.351364e-05
4.811983320025886e-08	5.104206e-01	5.453968e-01	5.177325e-05
4.813883320025888e-08	5.104606e-01	5.453979e-01	6.114377e-05
4.815783320025890e-08	5.105007e-01	5.453989e-01	7.162517e-05
4.817683320025892e-08	5.105407e-01	5.454000e-01	8.321748e-05
4.819583320025894e-08	5.105808e-01	5.454010e-01	9.592068e-05
4.821483320025897e-08	5.106209e-01	5.454021e-01	1.097348e-04
4.824183320025900e-08	5.106778e-01	5.454034e-01	1.314903e-04
4.826883320025903e-08	5.107347e-01	5.454048e-01	1.564372e-04
4.829583320025906e-08	5.107917e-01	5.454061e-01	1.845753e-04
4.832283320025909e-08	5.108486e-01	5.454074e-01	2.159047e-04
4.834983320025912e-08	5.109056e-01	5.454086e-01	2.504254e-04
4.837683320025915e-08	5.109625e-01	5.454099e-01	2.881373e-04
4.840383320025918e-08	5.110195e-01	5.454111e-01	3.290406e-04
4.844797605740209e-08	5.111126e-01	5.454129e-01	4.034115e-04
4.849211891454499e-08	5.112057e-01	5.454147e-01	4.891721e-04
4.853626177168790e-08	5.112988e-01	5.454165e-01	5.863223e-04
4.858040462883081e-08	5.113920e-01	5.454181e-01	6.948621e-04
4.862454748597372e-08	5.114851e-01	5.454197e-01	8.147915e-04
4.866869034311662e-08	5.115783e-01	5.454212e-01	9.461106e-04
4.871283320025953e-08	5.116714e-01	5.454226e-01	1.088819e-03
4.876883320025959e-08	5.117896e-01	5.454244e-01	1.288464e-03
4.882483320025966e-08	5.119078e-01	5.454260e-01	1.509636e-03
4.888083320025972e-08	5.120260e-01	5.454276e-01	1.752333e-03
4.893683320025978e-08	5.121442e-01	5.454291e-01	2.016557e-03
4.899283320025985e-08	5.122625e-01	5.454305e-01	2.302308e-03
4.904883320025991e-08	5.123807e-01	5.454318e-01	2.609584e-03
4.910483320025997e-08	5.124989e-01	5.454330e-01	2.938387e-03
4.910583320025998e-08	5.125011e-01	5.454330e-01	2.944470e-03
4.924469034311727e-08	5.127943e-01	5.454357e-01	3.866374e-03
4.938354748597458e-08	5.130876e-01	5.454381e-01	4.915646e-03
4.952240462883187e-08	5.133809e-01	5.454403e-01	6.092286e-03
4.966126177168918e-08	5.136742e-01	5.454422e-01	7.396293e-03
4.980011891454648e-08	5.139675e-01	5.454439e-01	8.827667e-03
4.993897605740378e-08	5.142609e-01	5.454453e-01	1.038641e-02
5.007783320026108e-08	5.145543e-01	5.454464e-01	1.207252e-02
5.012983320026114e-08	5.146642e-01	5.454468e-01	1.272861e-02
5.027597605740416e-08	5.149731e-01	5.454478e-01	1.466940e-02
5.042211891454718e-08	5.152819e-01	5.454487e-01	1.670638e-02
5.056826177169021e-08	5.155908e-01	5.454495e-01	1.883953e-02
5.071440462883323e-08	5.158997e-01	5.454503e-01	2.106886e-02
5.086054748597625e-08	5.162085e-01	5.454509e-01	2.339436e-02
5.100669034311927e-08	5.165174e-01	5.454514e-01	2.581604e-02
5.115283320026230e-08	5.168263e-01	5.454518e-01	2.833390e-02
5.115383320026230e-08	5.168284e-01	5.454518e-01	2.835128e-02
5.129997605740532e-08	5.171374e-01	5.454521e-01	3.093954e-02
5.144611891454834e-08	5.174463e-01	5.454525e-01	3.358398e-02
5.159226177169137e-08	5.177552e-01	5.454528e-01	3.628460e-02
5.173840462883439e-08	5.180642e-01	5.454530e-01	3.904139e-02
5.188454748597741e-08	5.183731e-01	5.454532e-01	4.185437e-02
5.203069034312043e-08	5.186821e-01	5.454534e-01	4.472352e-02
5.217683320026346e-08	5.189910e-01	5.454535e-01	4.764885e-02
5.217783320026346e-08	5.189931e-01	5.454535e-01	4.766893e-02
5.232397605740648e-08	5.193020e-01	5.454537e-01	5.063169e-02
5.247011891454950e-08	5.196110e-01	5.454538e-01	5.362483e-02
5.261626177169253e-08	5.199199e-01	5.454539e-01	5.664835e-02
5.276240462883555e-08	5.202289e-01	5.454540e-01	5.970227e-02
5.290854748597857e-08	5.205379e-01	5.454541e-01	6.278657e-02
5.305469034312159e-08	5.208468e-01	5.454542e-01	6.590126e-02
5.320083320026462e-08	5.211558e-01	5.454542e-01	6.904633e-02
5.320183320026462e-08	5.211579e-01	5.454542e-01	6.906788e-02
5.334797605740765e-08	5.214668e-01	5.454542e-01	7.223213e-02
5.349411891455067e-08	5.217758e-01	5.454543e-01	7.541210e-02
5.364026177169369e-08	5.220848e-01	5.454543e-01	7.860781e-02
5.378640462883671e-08	5.223937e-01	5.454543e-01	8.181925e-02
5.393254748597974e-08	5.227027e-01	5.454544e-01	8.504642e-02
5.407869034312275e-08	5.230117e-01	5.454544e-01	8.828932e-02
5.422483320026578e-08	5.233206e-01	5.454544e-01	9.154796e-02
5.422583320026578e-08	5.233228e-01	5.454544e-01	9.157027e-02
5.524983320026694e-08	5.254877e-01	5.454545e-01	1.146369e-01
5.627383320026810e-08	5.276526e-01	5.454545e-01	1.379855e-01
5.686483320026877e-08	5.289020e-01	5.454546e-01	1.515300e-01
5.686783320026878e-08	5.289084e-01	5.454546e-01	1.515988e-01
5.687083320026878e-08	5.289147e-01	5.454546e-01	1.516676e-01
5.687383320026878e-08	5.289211e-01	5.454546e-01	1.517365e-01
5.687683320026879e-08	5.289274e-01	5.454546e-01	1.518053e-01
5.687983320026879e-08	5.289337e-01	5.454546e-01	1.518742e-01
5.688283320026879e-08	5.289401e-01	5.454547e-01	1.519430e-01
5.688697605741166e-08	5.289488e-01	5.454548e-01	1.520381e-01
5.689111891455452e-08	5.289576e-01	5.454549e-01	1.521331e-01
5.689526177169738e-08	5.289663e-01	5.454551e-01	1.522282e-01
5.689940462884024e-08	5.289751e-01	5.454553e-01	1.523233e-01
5.690354748598310e-08	5.289838e-01	5.454556e-01	1.524184e-01
5.690769034312596e-08	5.289926e-01	5.454560e-01	1.525134e-01
5.691183320026883e-08	5.290014e-01	5.454564e-01	1.526085e-01
5.691783320026883e-08	5.290140e-01	5.454571e-01	1.527462e-01
5.692383320026884e-08	5.290267e-01	5.454580e-01	1.528839e-01
5.692983320026885e-08	5.290394e-01	5.454591e-01	1.530216e-01
5.693583320026885e-08	5.290521e-01	5.454604e-01	1.531593e-01
5.694183320026886e-08	5.290648e-01	5.454619e-01	1.532971e-01
5.694783320026887e-08	5.290775e-01	5.454636e-01	1.534348e-01
5.695383320026887e-08	5.290902e-01	5.454655e-01	1.535725e-01
5.696326177169746e-08	5.291101e-01	5.454688e-01	1.537889e-01
5.697269034312604e-08	5.291301e-01	5.454728e-01	1.540053e-01
5.698211891455462e-08	5.291500e-01	5.454774e-01	1.542218e-01
5.699154748598320e-08	5.291699e-01	5.454825e-01	1.544382e-01
5.700097605741179e-08	5.291899e-01	5.454883e-01	1.546547e-01
5.701040462884037e-08	5.292098e-01	5.454946e-01	1.548711e-01
5.701983320026895e-08	5.292297e-01	5.455016e-01	1.550876e-01
5.703640462884040e-08	5.292647e-01	5.455155e-01	1.554681e-01
5.705297605741185e-08	5.292998e-01	5.455311e-01	1.558486e-01
5.706954748598329e-08	5.293348e-01	5.455485e-01	1.562291e-01
5.708611891455474e-08	5.293698e-01	5.455675e-01	1.566096e-01
5.710269034312618e-08	5.294049e-01	5.455883e-01	1.569901e-01
5.711926177169764e-08	5.294399e-01	5.456109e-01	1.573707e-01
5.713583320026908e-08	5.294750e-01	5.456351e-01	1.577513e-01
5.715883320026911e-08	5.295236e-01	5.456715e-01	1.582795e-01
5.718183320026913e-08	5.295722e-01	5.457095e-01	1.588078e-01
5.720483320026916e-08	5.296208e-01	5.457492e-01	1.593362e-01
5.722783320026919e-08	5.296695e-01	5.457905e-01	1.598645e-01
5.725083320026921e-08	5.297181e-01	5.458334e-01	1.603929e-01
5.727383320026924e-08	5.297667e-01	5.458780e-01	1.609214e-01
5.729683320026926e-08	5.298153e-01	5.459242e-01	1.614498e-01
5.729783320026926e-08	5.298175e-01	5.459263e-01	1.614728e-01
5.732854748598359e-08	5.298824e-01	5.459891e-01	1.621786e-01
5.735926177169791e-08	5.299473e-01	5.460510e-01	1.628844e-01
5.738997605741223e-08	5.300123e-01	5.461120e-01	1.635903e-01
5.742069034312654e-08	5.300772e-01	5.461721e-01	1.642962e-01
5.745140462884087e-08	5.301421e-01	5.462313e-01	1.650022e-01
5.748211891455519e-08	5.302071e-01	5.462896e-01	1.657082e-01
5.751283320026951e-08	5.302720e-01	5.463470e-01	1.664143e-01
5.754369034312668e-08	5.303372e-01	5.464015e-01	1.671238e-01
5.757454748598387e-08	5.304024e-01	5.464530e-01	1.678332e-01
5.760540462884104e-08	5.304677e-01	5.465014e-01	1.685428e-01
5.763626177169822e-08	5.305329e-01	5.465468e-01	1.692523e-01
5.766711891455540e-08	5.305981e-01	5.465890e-01	1.699619e-01
5.769797605741258e-08	5.306634e-01	5.466283e-01	1.706716e-01
5.772883320026975e-08	5.307286e-01	5.466644e-01	1.713813e-01
5.775911891455550e-08	5.307927e-01	5.466961e-01	1.720779e-01
5.778940462884125e-08	5.308567e-01	5.467246e-01	1.727746e-01
5.781969034312700e-08	5.309207e-01	5.467498e-01	1.734713e-01
5.784997605741275e-08	5.309848e-01	5.467717e-01	1.741680e-01
5.788026177169850e-08	5.310488e-01	5.467904e-01	1.748647e-01
5.791054748598425e-08	5.311128e-01	5.468057e-01	1.755615e-01
5.794083320026999e-08	5.311769e-01	5.468178e-01	1.762584e-01
5.796011891455573e-08	5.312176e-01	5.468239e-01	1.767021e-01
5.797940462884146e-08	5.312584e-01	5.468288e-01	1.771459e-01
5.799869034312720e-08	5.312992e-01	5.468326e-01	1.775897e-01
5.801797605741294e-08	5.313399e-01	5.468351e-01	1.780335e-01
5.803726177169868e-08	5.313807e-01	5.468365e-01	1.784773e-01
5.805654748598441e-08	5.314215e-01	5.468367e-01	1.789211e-01
5.807583320027015e-08	5.314623e-01	5.468357e-01	1.793650e-01
5.811083320027019e-08	5.315362e-01	5.468309e-01	1.801705e-01
5.814583320027023e-08	5.316102e-01	5.468230e-01	1.809761e-01
5.818083320027027e-08	5.316842e-01	5.468121e-01	1.817817e-01
5.821583320027031e-08	5.317582e-01	5.467982e-01	1.825873e-01
5.825083320027035e-08	5.318322e-01	5.467813e-01	1.833930e-01
5.828583320027039e-08	5.319062e-01	5.467614e-01	1.841987e-01
5.832083320027042e-08	5.319802e-01	5.467384e-01	1.850045e-01
5.832183320027043e-08	5.319824e-01	5.467378e-01	1.850275e-01
5.838440462884192e-08	5.321147e-01	5.466894e-01	1.864681e-01
5.844697605741343e-08	5.322469e-01	5.466362e-01	1.879089e-01
5.850954748598493e-08	5.323792e-01	5.465780e-01	1.893497e-01
5.857211891455642e-08	5.325115e-01	5.465150e-01	1.907906e-01
5.863469034312792e-08	5.326438e-01	5.464470e-01	1.922316e-01
5.869726177169943e-08	5.327761e-01	5.463742e-01	1.936727e-01
5.875983320027092e-08	5.329084e-01	5.462965e-01	1.951139e-01
5.883597605741387e-08	5.330693e-01	5.461990e-01	1.968678e-01
5.891211891455681e-08	5.332303e-01	5.461007e-01	1.986218e-01
5.898826177169976e-08	5.333913e-01	5.460015e-01	2.003760e-01
5.906440462884269e-08	5.335523e-01	5.459015e-01	2.021302e-01
5.914054748598564e-08	5.337132e-01	5.458007e-01	2.038845e-01
5.921669034312858e-08	5.338742e-01	5.456990e-01	2.056390e-01
5.929283320027153e-08	5.340352e-01	5.455965e-01	2.073935e-01
5.934583320027159e-08	5.341473e-01	5.455269e-01	2.086148e-01
5.944626177170027e-08	5.343596e-01	5.453959e-01	2.109292e-01
5.954669034312895e-08	5.345719e-01	5.452692e-01	2.132436e-01
5.964711891455764e-08	5.347843e-01	5.451468e-01	2.155582e-01
5.974754748598633e-08	5.349966e-01	5.450285e-01	2.178729e-01
5.984797605741500e-08	5.352089e-01	5.449144e-01	2.201877e-01
5.994840462884369e-08	5.354212e-01	5.448046e-01	2.225027e-01
6.004883320027238e-08	5.356335e-01	5.446990e-01	2.248177e-01
6.007283320027240e-08	5.356842e-01	5.446747e-01	2.253709e-01
6.007383320027241e-08	5.356864e-01	5.446738e-01	2.253940e-01
6.007483320027241e-08	5.356885e-01	5.446728e-01	2.254170e-01
6.007583320027241e-08	5.356906e-01	5.446715e-01	2.254401e-01
6.007683320027241e-08	5.356927e-01	5.446706e-01	2.254631e-01
6.007783320027241e-08	5.356948e-01	5.446697e-01	2.254862e-01
6.007983320027241e-08	5.356991e-01	5.446677e-01	2.255323e-01
6.010640462884387e-08	5.357548e-01	5.446412e-01	2.261448e-01
6.013297605741533e-08	5.358115e-01	5.446150e-01	2.267574e-01
6.015954748598678e-08	5.358694e-01	5.445891e-01	2.273699e-01
6.018611891455825e-08	5.359283e-01	5.445636e-01	2.279825e-01
6.021269034312971e-08	5.359883e-01	5.445385e-01	2.285950e-01
6.023926177170117e-08	5.360494e-01	5.445137e-01	2.292076e-01
6.026583320027262e-08	5.361115e-01	5.444893e-01	2.298201e-01
6.036983320027274e-08	5.363723e-01	5.443969e-01	2.322177e-01
6.048583320027287e-08	5.367086e-01	5.443005e-01	2.348921e-01
6.060183320027300e-08	5.370578e-01	5.442098e-01	2.375665e-01
6.071783320027314e-08	5.374201e-01	5.441248e-01	2.402410e-01
6.083383320027327e-08	5.377953e-01	5.440455e-01	2.429155e-01
6.094983320027340e-08	5.381835e-01	5.439718e-01	2.455902e-01
6.106583320027353e-08	5.385846e-01	5.439038e-01	2.482649e-01
6.118183320027366e-08	5.389988e-01	5.438414e-01	2.509396e-01
6.121197605741655e-08	5.391019e-01	5.438259e-01	2.516347e-01
6.124211891455945e-08	5.392044e-01	5.438106e-01	2.523297e-01
6.127226177170234e-08	5.393063e-01	5.437956e-01	2.530248e-01
6.130240462884523e-08	5.394077e-01	5.437810e-01	2.537198e-01
6.133254748598811e-08	5.395084e-01	5.437666e-01	2.544149e-01
6.136269034313101e-08	5.396085e-01	5.437525e-01	2.551100e-01
6.139283320027390e-08	5.397081e-01	5.437388e-01	2.558050e-01
6.139383320027390e-08	5.397114e-01	5.437384e-01	2.558281e-01
6.149911891455974e-08	5.400541e-01	5.436930e-01	2.582559e-01
6.160440462884557e-08	5.403839e-01	5.436504e-01	2.606838e-01
6.170969034313141e-08	5.407008e-01	5.436106e-01	2.631116e-01
6.181497605741723e-08	5.410046e-01	5.435736e-01	2.655395e-01
6.192026177170307e-08	5.412955e-01	5.435394e-01	2.679675e-01
6.202554748598890e-08	5.415735e-01	5.435080e-01	2.703955e-01
6.213083320027474e-08	5.418384e-01	5.434794e-01	2.728235e-01
6.217169034313193e-08	5.419369e-01	5.434688e-01	2.737656e-01
6.221254748598911e-08	5.420334e-01	5.434585e-01	2.747079e-01
6.225340462884630e-08	5.421278e-01	5.434484e-01	2.756501e-01
6.229426177170350e-08	5.422201e-01	5.434387e-01	2.765923e-01
6.233511891456069e-08	5.423104e-01	5.434292e-01	2.775345e-01
6.237597605741787e-08	5.423986e-01	5.434201e-01	2.784767e-01
6.241683320027506e-08	5.424848e-01	5.434113e-01	2.794190e-01
6.241783320027506e-08	5.424868e-01	5.434111e-01	2.794420e-01
6.255926177170380e-08	5.427665e-01	5.433831e-01	2.827036e-01
6.270069034313253e-08	5.430263e-01	5.433575e-01	2.859652e-01
6.284211891456126e-08	5.432662e-01	5.433342e-01	2.892268e-01
6.298354748598999e-08	5.434861e-01	5.433132e-01	2.924885e-01
6.312497605741872e-08	5.436862e-01	5.432945e-01	2.957501e-01
6.326640462884745e-08	5.438663e-01	5.432782e-01	2.990118e-01
6.340783320027619e-08	5.440265e-01	5.432642e-01	3.022735e-01
6.344183320027623e-08	5.440634e-01	5.432609e-01	3.030576e-01
6.358654748599067e-08	5.442083e-01	5.432483e-01	3.063951e-01
6.373126177170513e-08	5.443415e-01	5.432367e-01	3.097326e-01
6.387597605741957e-08	5.444630e-01	5.432263e-01	3.130702e-01
6.402069034313403e-08	5.445728e-01	5.432170e-01	3.164077e-01
6.416540462884847e-08	5.446711e-01	5.432088e-01	3.197452e-01
6.431011891456293e-08	5.447576e-01	5.432017e-01	3.230828e-01
6.445483320027737e-08	5.448325e-01	5.431957e-01	3.264204e-01
6.446583320027739e-08	5.448381e-01	5.431952e-01	3.266741e-01
6.459254748599181e-08	5.448976e-01	5.431904e-01	3.295965e-01
6.471926177170625e-08	5.449526e-01	5.431860e-01	3.325189e-01
6.484597605742067e-08	5.450030e-01	5.431820e-01	3.354414e-01
6.497269034313511e-08	5.450488e-01	5.431784e-01	3.383638e-01
6.509940462884953e-08	5.450901e-01	5.431752e-01	3.412863e-01
6.522611891456397e-08	5.451268e-01	5.431724e-01	3.442087e-01
6.535283320027839e-08	5.451589e-01	5.431699e-01	3.471312e-01
6.548983320027855e-08	5.451912e-01	5.431674e-01	3.502909e-01
6.560854748599296e-08	5.452159e-01	5.431655e-01	3.530288e-01
6.572726177170739e-08	5.452387e-01	5.431638e-01	3.557668e-01
6.584597605742180e-08	5.452597e-01	5.431622e-01	3.585047e-01
6.596469034313623e-08	5.452788e-01	5.431608e-01	3.612427e-01
6.608340462885065e-08	5.452961e-01	5.431595e-01	3.639807e-01
6.620211891456507e-08	5.453115e-01	5.431584e-01	3.667186e-01
6.632083320027949e-08	5.453250e-01	5.431574e-01	3.694566e-01
6.634826177170809e-08	5.453280e-01	5.431572e-01	3.700892e-01
6.637569034313670e-08	5.453310e-01	5.431569e-01	3.707218e-01
6.640311891456530e-08	5.453339e-01	5.431567e-01	3.713544e-01
6.643054748599389e-08	5.453367e-01	5.431565e-01	3.719870e-01
6.645797605742250e-08	5.453395e-01	5.431563e-01	3.726196e-01
6.648540462885110e-08	5.453421e-01	5.431561e-01	3.732522e-01
6.651283320027971e-08	5.453448e-01	5.431560e-01	3.738848e-01
6.651383320027971e-08	5.453449e-01	5.431560e-01	3.739079e-01
6.663040462885127e-08	5.453552e-01	5.431552e-01	3.765964e-01
6.674697605742283e-08	5.453648e-01	5.431545e-01	3.792849e-01
6.686354748599439e-08	5.453735e-01	5.431539e-01	3.819735e-01
6.698011891456596e-08	5.453815e-01	5.431533e-01	3.846620e-01
6.709669034313752e-08	5.453887e-01	5.431528e-01	3.873506e-01
6.721326177170907e-08	5.453951e-01	5.431523e-01	3.900391e-01
6.732983320028063e-08	5.454007e-01	5.431519e-01	3.927277e-01
6.735940462885209e-08	5.454021e-01	5.431518e-01	3.934097e-01
6.738897605742355e-08	5.454035e-01	5.431517e-01	3.940917e-01
6.741854748599501e-08	5.454048e-01	5.431516e-01	3.947738e-01
6.744811891456649e-08	5.454061e-01	5.431515e-01	3.954558e-01
6.747769034313795e-08	5.454073e-01	5.431514e-01	3.961378e-01
6.750726177170941e-08	5.454085e-01	5.431513e-01	3.968198e-01
6.753683320028087e-08	5.454097e-01	5.431513e-01	3.975019e-01
6.753783320028087e-08	5.454097e-01	5.431513e-01	3.975249e-01
6.765840462885243e-08	5.454142e-01	5.431510e-01	4.003057e-01
6.777897605742400e-08	5.454182e-01	5.431507e-01	4.030865e-01
6.789954748599556e-08	5.454220e-01	5.431504e-01	4.058673e-01
6.802011891456714e-08	5.454253e-01	5.431502e-01	4.086481e-01
6.814069034313870e-08	5.454284e-01	5.431500e-01	4.114290e-01
6.826126177171026e-08	5.454310e-01	5.431498e-01	4.142098e-01
6.838183320028183e-08	5.454333e-01	5.431497e-01	4.169906e-01
6.856183320028203e-08	5.454365e-01	5.431494e-01	4.211420e-01
6.869083320028218e-08	5.454384e-01	5.431493e-01	4.241186e-01
6.881983320028232e-08	5.454402e-01	5.431492e-01	4.270943e-01
6.894883320028247e-08	5.454418e-01	5.431490e-01	4.300691e-01
6.907783320028262e-08	5.454432e-01	5.431489e-01	4.330430e-01
6.920683320028276e-08	5.454445e-01	5.431489e-01	4.360161e-01
6.933583320028291e-08	5.454456e-01	5.431488e-01	4.389883e-01
6.946483320028305e-08	5.454465e-01	5.431487e-01	4.419597e-01
6.958583320028319e-08	5.454473e-01	5.431486e-01	4.447213e-01
6.970569034314047e-08	5.454481e-01	5.431486e-01	4.474455e-01
6.982554748599774e-08	5.454487e-01	5.431486e-01	4.500916e-01
6.994540462885503e-08	5.454493e-01	5.431485e-01	4.526597e-01
7.006526177171231e-08	5.454499e-01	5.431485e-01	4.551498e-01
7.018511891456959e-08	5.454504e-01	5.431485e-01	4.575618e-01
7.030497605742686e-08	5.454508e-01	5.431484e-01	4.598957e-01
7.042483320028414e-08	5.454512e-01	5.431484e-01	4.621516e-01
7.060983320028435e-08	5.454517e-01	5.431484e-01	4.654074e-01
7.075597605742737e-08	5.454520e-01	5.431484e-01	4.677984e-01
7.090211891457040e-08	5.454524e-01	5.431483e-01	4.700494e-01
7.104826177171342e-08	5.454526e-01	5.431483e-01	4.721603e-01
7.119440462885644e-08	5.454529e-01	5.431483e-01	4.741311e-01
7.134054748599946e-08	5.454531e-01	5.431483e-01	4.759619e-01
7.148669034314249e-08	5.454533e-01	5.431483e-01	4.776527e-01
7.163283320028551e-08	5.454534e-01	5.431483e-01	4.792034e-01
7.163383320028551e-08	5.454534e-01	5.431483e-01	4.792137e-01
7.177997605742853e-08	5.454536e-01	5.431483e-01	4.806403e-01
7.192611891457157e-08	5.454537e-01	5.431482e-01	4.819709e-01
7.207226177171458e-08	5.454538e-01	5.431482e-01	4.832056e-01
7.221840462885760e-08	5.454539e-01	5.431482e-01	4.843442e-01
7.236454748600062e-08	5.454540e-01	5.431482e-01	4.853868e-01
7.251069034314366e-08	5.454541e-01	5.431482e-01	4.863334e-01
7.265683320028667e-08	5.454541e-01	5.431482e-01	4.871841e-01
7.265783320028668e-08	5.454541e-01	5.431482e-01	4.871897e-01
7.280397605742969e-08	5.454542e-01	5.431482e-01	4.879701e-01
7.295011891457273e-08	5.454542e-01	5.431482e-01	4.886945e-01
7.309626177171575e-08	5.454542e-01	5.431482e-01	4.893628e-01
7.324240462885876e-08	5.454543e-01	5.431482e-01	4.899750e-01
7.338854748600178e-08	5.454543e-01	5.431482e-01	4.905312e-01
7.353469034314482e-08	5.454543e-01	5.431482e-01	4.910314e-01
7.368083320028784e-08	5.454544e-01	5.431482e-01	4.914755e-01
7.368183320028784e-08	5.454544e-01	5.431482e-01	4.914784e-01
7.382797605743086e-08	5.454544e-01	5.431482e-01	4.918852e-01
7.397411891457389e-08	5.454544e-01	5.431482e-01	4.922617e-01
7.412026177171691e-08	5.454544e-01	5.431482e-01	4.926078e-01
7.426640462885993e-08	5.454545e-01	5.431482e-01	4.929236e-01
7.441254748600295e-08	5.454545e-01	5.431482e-01	4.932092e-01
7.455869034314598e-08	5.454545e-01	5.431482e-01	4.934644e-01
7.470483320028900e-08	5.454545e-01	5.431482e-01	4.936892e-01
7.470583320028900e-08	5.454545e-01	5.431482e-01	4.936908e-01
7.476969034314622e-08	5.454545e-01	5.431482e-01	4.937846e-01
7.483354748600342e-08	5.454545e-01	5.431482e-01	4.938748e-01
7.489740462886064e-08	5.454545e-01	5.431482e-01	4.939614e-01
7.496126177171786e-08	5.454545e-01	5.431482e-01	4.940444e-01
7.502511891457508e-08	5.454545e-01	5.431482e-01	4.941239e-01
7.508897605743229e-08	5.454545e-01	5.431482e-01	4.941997e-01
7.515283320028950e-08	5.454545e-01	5.431482e-01	4.942720e-01
7.515583320028951e-08	5.454545e-01	5.431482e-01	4.942753e-01
7.515883320028951e-08	5.454545e-01	5.431482e-01	4.942787e-01
7.516183320028951e-08	5.454545e-01	5.431482e-01	4.942820e-01
7.516483320028952e-08	5.454545e-01	5.431482e-01	4.942853e-01
7.516783320028952e-08	5.454545e-01	5.431482e-01	4.942886e-01
7.517083320028952e-08	5.454545e-01	5.431482e-01	4.942919e-01
7.517469034314668e-08	5.454545e-01	5.431482e-01	4.942961e-01
7.517854748600381e-08	5.454544e-01	5.431482e-01	4.943004e-01
7.518240462886096e-08	5.454544e-01	5.431482e-01	4.943046e-01
7.518626177171812e-08	5.454544e-01	5.431482e-01	4.943088e-01
7.519011891457527e-08	5.454543e-01	5.431481e-01	4.943130e-01
7.519397605743240e-08	5.454543e-01	5.431481e-01	4.943172e-01
7.519783320028956e-08	5.454542e-01	5.431481e-01	4.943213e-01
7.520354748600384e-08	5.454541e-01	5.431481e-01	4.943275e-01
7.520926177171814e-08	5.454539e-01	5.431480e-01	4.943336e-01
7.521497605743243e-08	5.454537e-01	5.431479e-01	4.943397e-01
7.522069034314673e-08	5.454535e-01	5.431478e-01	4.943458e-01
7.522640462886101e-08	5.454532e-01	5.431477e-01	4.943519e-01
7.523211891457531e-08	5.454530e-01	5.431475e-01	4.943579e-01
7.523783320028960e-08	5.454527e-01	5.431473e-01	4.943639e-01
7.524669034314676e-08	5.454521e-01	5.431469e-01	4.943732e-01
7.525554748600390e-08	5.454514e-01	5.431464e-01	4.943824e-01
7.526440462886106e-08	5.454507e-01	5.431457e-01	4.943916e-01
7.527326177171821e-08	5.454498e-01	5.431448e-01	4.944007e-01
7.528211891457537e-08	5.454489e-01	5.431437e-01	4.944097e-01
7.529097605743251e-08	5.454479e-01	5.431425e-01	4.944187e-01
7.529983320028967e-08	5.454468e-01	5.431411e-01	4.944277e-01
7.531554748600397e-08	5.454445e-01	5.431382e-01	4.944434e-01
7.533126177171828e-08	5.454420e-01	5.431341e-01	4.944589e-01
7.534697605743258e-08	5.454392e-01	5.431289e-01	4.944743e-01
7.536269034314689e-08	5.454362e-01	5.431224e-01	4.944896e-01
7.537840462886119e-08	5.454330e-01	5.431148e-01	4.945047e-01
7.539411891457550e-08	5.454295e-01	5.431060e-01	4.945196e-01
7.540983320028980e-08	5.454257e-01	5.430959e-01	4.945343e-01
7.543083320028982e-08	5.454203e-01	5.430802e-01	4.945538e-01
7.545183320028984e-08	5.454148e-01	5.430608e-01	4.945729e-01
7.547283320028987e-08	5.454092e-01	5.430378e-01	4.945919e-01
7.549383320028989e-08	5.454034e-01	5.430113e-01	4.946105e-01
7.551483320028991e-08	5.453975e-01	5.429812e-01	4.946289e-01
7.553583320028994e-08	5.453915e-01	5.429475e-01	4.946470e-01
7.555683320028996e-08	5.453854e-01	5.429102e-01	4.946648e-01
7.558054748600427e-08	5.453785e-01	5.428627e-01	4.946847e-01
7.560426177171859e-08	5.453718e-01	5.428096e-01	4.947042e-01
7.562797605743290e-08	5.453655e-01	5.427506e-01	4.947234e-01
7.565169034314722e-08	5.453593e-01	5.426859e-01	4.947423e-01
7.567540462886152e-08	5.453534e-01	5.426155e-01	4.947609e-01
7.569911891457584e-08	5.453478e-01	5.425393e-01	4.947792e-01
7.572283320029015e-08	5.453424e-01	5.424574e-01	4.947972e-01
7.572983320029016e-08	5.453408e-01	5.424320e-01	4.948025e-01
7.575097605743304e-08	5.453365e-01	5.423521e-01	4.948182e-01
7.577211891457593e-08	5.453325e-01	5.422676e-01	4.948337e-01
7.579326177171880e-08	5.453289e-01	5.421785e-01	4.948490e-01
7.581440462886168e-08	5.453257e-01	5.420847e-01	4.948640e-01
7.583554748600456e-08	5.453228e-01	5.419862e-01	4.948788e-01
7.585669034314745e-08	5.453202e-01	5.418831e-01	4.948935e-01
7.587783320029033e-08	5.453180e-01	5.417754e-01	4.949079e-01
7.589297605743320e-08	5.453167e-01	5.416955e-01	4.949180e-01
7.590811891457608e-08	5.453156e-01	5.416134e-01	4.949281e-01
7.592326177171895e-08	5.453146e-01	5.415292e-01	4.949381e-01
7.593840462886182e-08	5.453139e-01	5.414427e-01	4.949480e-01
7.595354748600469e-08	5.453134e-01	5.413541e-01	4.949577e-01
7.596869034314758e-08	5.453130e-01	5.412632e-01	4.949674e-01
7.598383320029045e-08	5.453128e-01	5.411702e-01	4.949770e-01
7.599897605743332e-08	5.453128e-01	5.410751e-01	4.949864e-01
7.601411891457620e-08	5.453130e-01	5.409780e-01	4.949958e-01
7.602926177171907e-08	5.453134e-01	5.408790e-01	4.950051e-01
7.604440462886194e-08	5.453140e-01	5.407780e-01	4.950142e-01
7.605954748600481e-08	5.453147e-01	5.406751e-01	4.950233e-01
7.607469034314770e-08	5.453156e-01	5.405703e-01	4.950323e-01
7.608983320029057e-08	5.453167e-01	5.404635e-01	4.950412e-01
7.616054748600493e-08	5.453250e-01	5.399319e-01	4.950812e-01
7.623126177171930e-08	5.453353e-01	5.393748e-01	4.951196e-01
7.630197605743366e-08	5.453475e-01	5.387922e-01	4.951562e-01
7.637269034314803e-08	5.453617e-01	5.381841e-01	4.951911e-01
7.644340462886239e-08	5.453779e-01	5.375506e-01	4.952243e-01
7.651411891457677e-08	5.453961e-01	5.368915e-01	4.952558e-01
7.658483320029113e-08	5.454163e-01	5.362070e-01	4.952855e-01
7.660883320029116e-08	5.454229e-01	5.359746e-01	4.952954e-01
7.663283320029118e-08	5.454295e-01	5.357411e-01	4.953051e-01
7.665683320029121e-08	5.454361e-01	5.355066e-01	4.953146e-01
7.668083320029124e-08	5.454427e-01	5.352710e-01	4.953239e-01
7.670483320029126e-08	5.454494e-01	5.350343e-01	4.953331e-01
7.672883320029129e-08	5.454560e-01	5.347966e-01	4.953422e-01
7.675283320029132e-08	5.454626e-01	5.345578e-01	4.953510e-01
7.675383320029132e-08	5.454629e-01	5.345479e-01	4.953514e-01
7.680840462886281e-08	5.454780e-01	5.340008e-01	4.953710e-01
7.686297605743430e-08	5.454926e-01	5.334538e-01	4.953899e-01
7.691754748600579e-08	5.455068e-01	5.329068e-01	4.954082e-01
7.697211891457729e-08	5.455204e-01	5.323599e-01	4.954257e-01
7.702669034314878e-08	5.455335e-01	5.318131e-01	4.954426e-01
7.708126177172026e-08	5.455462e-01	5.312663e-01	4.954588e-01
7.713583320029175e-08	5.455583e-01	5.307195e-01	4.954744e-01
7.719369034314897e-08	5.455703e-01	5.301439e-01	4.954903e-01
7.725154748600616e-08	5.455814e-01	5.295736e-01	4.955055e-01
7.730940462886338e-08	5.455917e-01	5.290087e-01	4.955202e-01
7.736726177172059e-08	5.456012e-01	5.284491e-01	4.955343e-01
7.742511891457780e-08	5.456097e-01	5.278950e-01	4.955479e-01
7.748297605743500e-08	5.456175e-01	5.273462e-01	4.955608e-01
7.754083320029221e-08	5.456244e-01	5.268027e-01	4.955732e-01
7.757454748600653e-08	5.456280e-01	5.264899e-01	4.955802e-01
7.760826177172086e-08	5.456313e-01	5.261795e-01	4.955871e-01
7.764197605743518e-08	5.456344e-01	5.258717e-01	4.955938e-01
7.767569034314951e-08	5.456372e-01	5.255664e-01	4.956003e-01
7.770940462886383e-08	5.456397e-01	5.252637e-01	4.956067e-01
7.774311891457816e-08	5.456419e-01	5.249635e-01	4.956130e-01
7.777683320029248e-08	5.456439e-01	5.246658e-01	4.956190e-01
7.777783320029248e-08	5.456439e-01	5.246570e-01	4.956192e-01
7.782497605743539e-08	5.456462e-01	5.242454e-01	4.956275e-01
7.787211891457831e-08	5.456480e-01	5.238393e-01	4.956354e-01
7.791926177172121e-08	5.456494e-01	5.234386e-01	4.956432e-01
7.796640462886412e-08	5.456503e-01	5.230433e-01	4.956507e-01
7.801354748600703e-08	5.456508e-01	5.226535e-01	4.956579e-01
7.806069034314995e-08	5.456508e-01	5.222691e-01	4.956649e-01
7.810783320029286e-08	5.456504e-01	5.218902e-01	4.956716e-01
7.814397605743575e-08	5.456498e-01	5.216034e-01	4.956766e-01
7.818011891457866e-08	5.456490e-01	5.213199e-01	4.956815e-01
7.821626177172155e-08	5.456480e-01	5.210397e-01	4.956863e-01
7.825240462886445e-08	5.456468e-01	5.207626e-01	4.956910e-01
7.828854748600734e-08	5.456455e-01	5.204888e-01	4.956955e-01
7.832469034315025e-08	5.456439e-01	5.202182e-01	4.956999e-01
7.836083320029314e-08	5.456421e-01	5.199508e-01	4.957042e-01
7.836183320029314e-08	5.456421e-01	5.199434e-01	4.957043e-01
7.836283320029314e-08	5.456420e-01	5.199361e-01	4.957044e-01
7.836383320029315e-08	5.456420e-01	5.199288e-01	4.957046e-01
7.836483320029315e-08	5.456419e-01	5.199214e-01	4.957047e-01
7.836583320029315e-08	5.456418e-01	5.199140e-01	4.957048e-01
7.836683320029315e-08	5.456418e-01	5.199067e-01	4.957049e-01
7.838711891457889e-08	5.456407e-01	5.197591e-01	4.957073e-01
7.840740462886462e-08	5.456396e-01	5.196104e-01	4.957096e-01
7.842769034315036e-08	5.456384e-01	5.194606e-01	4.957119e-01
7.844797605743609e-08	5.456372e-01	5.193096e-01	4.957142e-01
7.846826177172184e-08	5.456359e-01	5.191574e-01	4.957164e-01
7.848854748600757e-08	5.456346e-01	5.190042e-01	4.957186e-01
7.850883320029331e-08	5.456332e-01	5.188497e-01	4.957207e-01
7.855054748600764e-08	5.456302e-01	5.185210e-01	4.957251e-01
7.859226177172198e-08	5.456271e-01	5.181883e-01	4.957293e-01
7.863397605743631e-08	5.456239e-01	5.178517e-01	4.957334e-01
7.867569034315065e-08	5.456204e-01	5.175111e-01	4.957374e-01
7.871740462886497e-08	5.456169e-01	5.171667e-01	4.957413e-01
7.875911891457931e-08	5.456131e-01	5.168182e-01	4.957450e-01
7.880083320029364e-08	5.456092e-01	5.164659e-01	4.957486e-01
7.880183320029364e-08	5.456092e-01	5.164576e-01	4.957487e-01
7.885126177172227e-08	5.456044e-01	5.160440e-01	4.957529e-01
7.890069034315090e-08	5.455996e-01	5.156400e-01	4.957569e-01
7.895011891457953e-08	5.455946e-01	5.152457e-01	4.957608e-01
7.899954748600815e-08	5.455896e-01	5.148609e-01	4.957645e-01
7.904897605743678e-08	5.455844e-01	5.144858e-01	4.957682e-01
7.909840462886541e-08	5.455791e-01	5.141203e-01	4.957717e-01
7.914783320029403e-08	5.455737e-01	5.137644e-01	4.957750e-01
7.921826177172269e-08	5.455659e-01	5.132862e-01	4.957796e-01
7.928869034315134e-08	5.455581e-01	5.128336e-01	4.957840e-01
7.935911891457999e-08	5.455502e-01	5.124065e-01	4.957881e-01
7.942954748600863e-08	5.455423e-01	5.120050e-01	4.957921e-01
7.949997605743729e-08	5.455343e-01	5.116290e-01	4.957959e-01
7.957040462886594e-08	5.455264e-01	5.112785e-01	4.957995e-01
7.964083320029459e-08	5.455184e-01	5.109536e-01	4.958028e-01
7.966711891458034e-08	5.455155e-01	5.108370e-01	4.958040e-01
7.969340462886608e-08	5.455125e-01	5.107231e-01	4.958052e-01
7.971969034315183e-08	5.455096e-01	5.106118e-01	4.958064e-01
7.974597605743757e-08	5.455067e-01	5.105031e-01	4.958076e-01
7.977226177172332e-08	5.455038e-01	5.103971e-01	4.958087e-01
7.979854748600905e-08	5.455009e-01	5.102937e-01	4.958098e-01
7.982483320029480e-08	5.454980e-01	5.101929e-01	4.958109e-01
7.982583320029480e-08	5.454978e-01	5.101891e-01	4.958110e-01
7.991297605743776e-08	5.454883e-01	5.098770e-01	4.958144e-01
8.000011891458072e-08	5.454790e-01	5.095817e-01	4.958177e-01
8.008726177172367e-08	5.454698e-01	5.093032e-01	4.958207e-01
8.017440462886663e-08	5.454609e-01	5.090416e-01	4.958236e-01
8.026154748600958e-08	5.454522e-01	5.087967e-01	4.958264e-01
8.034869034315254e-08	5.454437e-01	5.085687e-01	4.958289e-01
8.043583320029549e-08	5.454354e-01	5.083575e-01	4.958313e-01
8.049483320029556e-08	5.454299e-01	5.082174e-01	4.958328e-01
8.055383320029563e-08	5.454246e-01	5.080805e-01	4.958343e-01
8.061283320029570e-08	5.454193e-01	5.079467e-01	4.958357e-01
8.067183320029576e-08	5.454142e-01	5.078159e-01	4.958370e-01
8.073083320029583e-08	5.454092e-01	5.076883e-01	4.958383e-01
8.078983320029590e-08	5.454044e-01	5.075638e-01	4.958395e-01
8.084883320029596e-08	5.453996e-01	5.074424e-01	4.958407e-01
8.084983320029596e-08	5.453995e-01	5.074403e-01	4.958407e-01
8.096340462886752e-08	5.453907e-01	5.072130e-01	4.958428e-01
8.107697605743908e-08	5.453824e-01	5.069884e-01	4.958448e-01
8.119054748601063e-08	5.453744e-01	5.067665e-01	4.958467e-01
8.130411891458220e-08	5.453669e-01	5.065473e-01	4.958484e-01
8.141769034315375e-08	5.453597e-01	5.063308e-01	4.958499e-01
8.153126177172531e-08	5.453530e-01	5.061170e-01	4.958513e-01
8.164483320029687e-08	5.453467e-01	5.059059e-01	4.958526e-01
8.187383320029713e-08	5.453351e-01	5.054758e-01	4.958549e-01
8.201997605744014e-08	5.453285e-01	5.052005e-01	4.958562e-01
8.216611891458318e-08	5.453224e-01	5.049234e-01	4.958574e-01
8.231226177172620e-08	5.453167e-01	5.046444e-01	4.958584e-01
8.245840462886922e-08	5.453115e-01	5.043634e-01	4.958594e-01
8.260454748601223e-08	5.453068e-01	5.040806e-01	4.958603e-01
8.275069034315527e-08	5.453024e-01	5.037959e-01	4.958610e-01
8.289683320029829e-08	5.452986e-01	5.035093e-01	4.958617e-01
8.289783320029829e-08	5.452986e-01	5.035073e-01	4.958617e-01
8.304397605744131e-08	5.452951e-01	5.032183e-01	4.958623e-01
8.319011891458434e-08	5.452919e-01	5.029276e-01	4.958628e-01
8.333626177172736e-08	5.452889e-01	5.026355e-01	4.958634e-01
8.348240462887038e-08	5.452862e-01	5.023418e-01	4.958638e-01
8.362854748601340e-08	5.452837e-01	5.020466e-01	4.958642e-01
8.377469034315643e-08	5.452815e-01	5.017498e-01	4.958646e-01
8.392083320029945e-08	5.452796e-01	5.014515e-01	4.958649e-01
8.392183320029945e-08	5.452796e-01	5.014494e-01	4.958649e-01
8.397683320029951e-08	5.452789e-01	5.013370e-01	4.958650e-01
8.403183320029957e-08	5.452782e-01	5.012244e-01	4.958651e-01
8.408683320029963e-08	5.452775e-01	5.011117e-01	4.958652e-01
8.414183320029970e-08	5.452769e-01	5.009988e-01	4.958653e-01
8.419683320029976e-08	5.452764e-01	5.008858e-01	4.958654e-01
8.425183320029982e-08	5.452758e-01	5.007726e-01	4.958655e-01
8.430683320029988e-08	5.452753e-01	5.006593e-01	4.958656e-01
8.431226177172846e-08	5.452752e-01	5.006482e-01	4.958656e-01
8.431769034315704e-08	5.452752e-01	5.006370e-01	4.958656e-01
8.432311891458562e-08	5.452751e-01	5.006258e-01	4.958656e-01
8.432854748601419e-08	5.452751e-01	5.006146e-01	4.958656e-01
8.433397605744277e-08	5.452750e-01	5.006034e-01	4.958657e-01
8.433940462887135e-08	5.452750e-01	5.005922e-01	4.958657e-01
8.434483320029993e-08	5.452749e-01	5.005810e-01	4.958657e-01
8.435226177172851e-08	5.452748e-01	5.005657e-01	4.958657e-01
8.435969034315709e-08	5.452747e-01	5.005504e-01	4.958657e-01
8.436711891458567e-08	5.452747e-01	5.005350e-01	4.958658e-01
8.437454748601424e-08	5.452746e-01	5.005197e-01	4.958658e-01
8.438197605744282e-08	5.452745e-01	5.005044e-01	4.958659e-01
8.438940462887140e-08	5.452744e-01	5.004891e-01	4.958660e-01
8.439683320029999e-08	5.452744e-01	5.004737e-01	4.958660e-01
8.441469034315715e-08	5.452742e-01	5.004369e-01	4.958662e-01
8.443254748601431e-08	5.452741e-01	5.004000e-01	4.958666e-01
8.445040462887147e-08	5.452739e-01	5.003631e-01	4.958671e-01
8.446826177172864e-08	5.452738e-01	5.003262e-01	4.958678e-01
8.448611891458581e-08	5.452736e-01	5.002893e-01	4.958687e-01
8.450397605744296e-08	5.452735e-01	5.002524e-01	4.958697e-01
8.452183320030013e-08	5.452733e-01	5.002155e-01	4.958709e-01
8.453911891458587e-08	5.452732e-01	5.001797e-01	4.958723e-01
8.455640462887159e-08	5.452730e-01	5.001440e-01	4.958740e-01
8.457369034315733e-08	5.452729e-01	5.001082e-01	4.958759e-01
8.459097605744306e-08	5.452728e-01	5.000724e-01	4.958782e-01
8.460826177172880e-08	5.452726e-01	5.000366e-01	4.958807e-01
8.462554748601453e-08	5.452725e-01	5.000008e-01	4.958835e-01
8.464283320030027e-08	5.452724e-01	4.999650e-01	4.958866e-01
8.466669034315744e-08	5.452722e-01	4.999156e-01	4.958914e-01
8.469054748601460e-08	5.452720e-01	4.998661e-01	4.958969e-01
8.471440462887177e-08	5.452718e-01	4.998167e-01	4.959030e-01
8.473826177172895e-08	5.452716e-01	4.997672e-01	4.959097e-01
8.476211891458612e-08	5.452715e-01	4.997177e-01	4.959170e-01
8.478597605744328e-08	5.452713e-01	4.996682e-01	4.959250e-01
8.480983320030045e-08	5.452712e-01	4.996186e-01	4.959336e-01
8.482911891458620e-08	5.452710e-01	4.995786e-01	4.959411e-01
8.484840462887193e-08	5.452709e-01	4.995385e-01	4.959488e-01
8.486769034315767e-08	5.452707e-01	4.994985e-01	4.959570e-01
8.488697605744340e-08	5.452706e-01	4.994584e-01	4.959655e-01
8.490626177172914e-08	5.452705e-01	4.994183e-01	4.959743e-01
8.492554748601487e-08	5.452704e-01	4.993782e-01	4.959836e-01
8.494483320030061e-08	5.452703e-01	4.993381e-01	4.959931e-01
8.494583320030061e-08	5.452703e-01	4.993360e-01	4.959936e-01
8.501626177172926e-08	5.452698e-01	4.991895e-01	4.960332e-01
8.508669034315792e-08	5.452695e-01	4.990429e-01	4.960738e-01
8.515711891458657e-08	5.452691e-01	4.988962e-01	4.961155e-01
8.522754748601521e-08	5.452687e-01	4.987494e-01	4.961581e-01
8.529797605744386e-08	5.452684e-01	4.986026e-01	4.962018e-01
8.536840462887251e-08	5.452681e-01	4.984556e-01	4.962465e-01
8.543883320030117e-08	5.452678e-01	4.983086e-01	4.962922e-01
8.548840462887265e-08	5.452675e-01	4.982050e-01	4.963223e-01
8.553797605744413e-08	5.452673e-01	4.981015e-01	4.963509e-01
8.558754748601562e-08	5.452671e-01	4.979979e-01	4.963779e-01
8.563711891458711e-08	5.452670e-01	4.978943e-01	4.964035e-01
8.568669034315860e-08	5.452668e-01	4.977906e-01	4.964275e-01
8.573626177173008e-08	5.452666e-01	4.976870e-01	4.964500e-01
8.578583320030156e-08	5.452664e-01	4.975833e-01	4.964710e-01
8.581197605744444e-08	5.452664e-01	4.975286e-01	4.964812e-01
8.583811891458734e-08	5.452663e-01	4.974739e-01	4.964908e-01
8.586426177173022e-08	5.452662e-01	4.974192e-01	4.964998e-01
8.589040462887311e-08	5.452661e-01	4.973645e-01	4.965082e-01
8.591654748601599e-08	5.452660e-01	4.973097e-01	4.965161e-01
8.594269034315889e-08	5.452660e-01	4.972550e-01	4.965234e-01
8.596883320030177e-08	5.452659e-01	4.972003e-01	4.965301e-01
8.596983320030177e-08	5.452659e-01	4.971982e-01	4.965304e-01
8.600440462887324e-08	5.452658e-01	4.971258e-01	4.965383e-01
8.603897605744470e-08	5.452657e-01	4.970534e-01	4.965452e-01
8.607354748601617e-08	5.452656e-01	4.969810e-01	4.965510e-01
8.610811891458765e-08	5.452655e-01	4.969086e-01	4.965558e-01
8.614269034315911e-08	5.452654e-01	4.968362e-01	4.965596e-01
8.617726177173058e-08	5.452653e-01	4.967638e-01	4.965623e-01
8.621183320030204e-08	5.452653e-01	4.966914e-01	4.965640e-01
8.623111891458779e-08	5.452652e-01	4.966510e-01	4.965645e-01
8.625040462887351e-08	5.452652e-01	4.966106e-01	4.965647e-01
8.626969034315926e-08	5.452652e-01	4.965701e-01	4.965646e-01
8.628897605744499e-08	5.452651e-01	4.965297e-01	4.965642e-01
8.630826177173073e-08	5.452651e-01	4.964893e-01	4.965634e-01
8.632754748601646e-08	5.452650e-01	4.964489e-01	4.965623e-01
8.634683320030220e-08	5.452650e-01	4.964085e-01	4.965610e-01
8.641240462887370e-08	5.452648e-01	4.962711e-01	4.965537e-01
8.647797605744520e-08	5.452647e-01	4.961336e-01	4.965434e-01
8.654354748601670e-08	5.452646e-01	4.959961e-01	4.965301e-01
8.660911891458821e-08	5.452645e-01	4.958587e-01	4.965138e-01
8.667469034315972e-08	5.452644e-01	4.957212e-01	4.964944e-01
8.674026177173122e-08	5.452642e-01	4.955836e-01	4.964721e-01
8.680583320030272e-08	5.452641e-01	4.954461e-01	4.964467e-01
8.683254748601703e-08	5.452641e-01	4.953901e-01	4.964357e-01
8.685926177173135e-08	5.452641e-01	4.953341e-01	4.964244e-01
8.688597605744566e-08	5.452640e-01	4.952780e-01	4.964128e-01
8.691269034315999e-08	5.452640e-01	4.952220e-01	4.964007e-01
8.693940462887430e-08	5.452640e-01	4.951660e-01	4.963883e-01
8.696611891458862e-08	5.452639e-01	4.951099e-01	4.963755e-01
8.699283320030293e-08	5.452639e-01	4.950539e-01	4.963624e-01
8.699383320030293e-08	5.452639e-01	4.950518e-01	4.963619e-01
8.711569034316022e-08	5.452638e-01	4.947961e-01	4.962957e-01
8.723754748601749e-08	5.452636e-01	4.945405e-01	4.962261e-01
8.735940462887477e-08	5.452635e-01	4.942848e-01	4.961529e-01
8.748126177173206e-08	5.452634e-01	4.940291e-01	4.960764e-01
8.760311891458934e-08	5.452633e-01	4.937735e-01	4.959963e-01
8.772497605744661e-08	5.452632e-01	4.935178e-01	4.959128e-01
8.784683320030390e-08	5.452631e-01	4.932621e-01	4.958259e-01
8.801783320030409e-08	5.452630e-01	4.929033e-01	4.957058e-01
8.815354748601853e-08	5.452629e-01	4.926185e-01	4.956094e-01
8.828926177173297e-08	5.452629e-01	4.923337e-01	4.955150e-01
8.842497605744741e-08	5.452628e-01	4.920490e-01	4.954227e-01
8.856069034316185e-08	5.452628e-01	4.917642e-01	4.953323e-01
8.869640462887629e-08	5.452627e-01	4.914795e-01	4.952441e-01
8.883211891459074e-08	5.452627e-01	4.911947e-01	4.951578e-01
8.896783320030517e-08	5.452626e-01	4.909100e-01	4.950736e-01
8.904183320030525e-08	5.452626e-01	4.907547e-01	4.950294e-01
9.006583320030641e-08	5.452625e-01	4.886066e-01	4.945211e-01
9.021197605744943e-08	5.452624e-01	4.883001e-01	4.944644e-01
9.035811891459247e-08	5.452624e-01	4.879936e-01	4.944110e-01
9.050426177173549e-08	5.452624e-01	4.876870e-01	4.943609e-01
9.065040462887850e-08	5.452624e-01	4.873805e-01	4.943140e-01
9.079654748602152e-08	5.452624e-01	4.870740e-01	4.942704e-01
9.094269034316456e-08	5.452624e-01	4.867675e-01	4.942300e-01
9.108883320030757e-08	5.452624e-01	4.864610e-01	4.941930e-01
9.108983320030758e-08	5.452624e-01	4.864590e-01	4.941927e-01
9.123597605745059e-08	5.452624e-01	4.861525e-01	4.941584e-01
9.138211891459363e-08	5.452624e-01	4.858460e-01	4.941262e-01
9.152826177173665e-08	5.452624e-01	4.855395e-01	4.940963e-01
9.167440462887967e-08	5.452624e-01	4.852330e-01	4.940686e-01
9.182054748602268e-08	5.452624e-01	4.849266e-01	4.940431e-01
9.196669034316572e-08	5.452624e-01	4.846201e-01	4.940198e-01
9.211283320030874e-08	5.452624e-01	4.843137e-01	4.939986e-01
9.211383320030874e-08	5.452624e-01	4.843116e-01	4.939985e-01
9.225997605745176e-08	5.452624e-01	4.840051e-01	4.939791e-01
9.240611891459479e-08	5.452624e-01	4.836987e-01	4.939609e-01
9.255226177173781e-08	5.452623e-01	4.833922e-01	4.939441e-01
9.269840462888083e-08	5.452623e-01	4.830858e-01	4.939286e-01
9.284454748602385e-08	5.452623e-01	4.827793e-01	4.939145e-01
9.299069034316688e-08	5.452623e-01	4.824729e-01	4.939017e-01
9.313683320030990e-08	5.452623e-01	4.821664e-01	4.938902e-01
9.313783320030990e-08	5.452623e-01	4.821644e-01	4.938901e-01
9.318240462888138e-08	5.452623e-01	4.820709e-01	4.938868e-01
9.322697605745285e-08	5.452623e-01	4.819774e-01	4.938835e-01
9.327154748602433e-08	5.452623e-01	4.818840e-01	4.938803e-01
9.331611891459582e-08	5.452623e-01	4.817905e-01	4.938772e-01
9.336069034316730e-08	5.452623e-01	4.816971e-01	4.938742e-01
9.340526177173877e-08	5.452623e-01	4.816036e-01	4.938712e-01
9.344983320031025e-08	5.452623e-01	4.815102e-01	4.938684e-01
9.345826177173883e-08	5.452623e-01	4.814925e-01	4.938678e-01
9.346669034316742e-08	5.452623e-01	4.814751e-01	4.938673e-01
9.347511891459600e-08	5.452623e-01	4.814578e-01	4.938668e-01
9.348354748602457e-08	5.452623e-01	4.814408e-01	4.938662e-01
9.349197605745315e-08	5.452623e-01	4.814240e-01	4.938657e-01
9.350040462888174e-08	5.452623e-01	4.814075e-01	4.938652e-01
9.350883320031032e-08	5.452623e-01	4.813911e-01	4.938647e-01
9.351597605745318e-08	5.452623e-01	4.813776e-01	4.938642e-01
9.352311891459605e-08	5.452623e-01	4.813642e-01	4.938638e-01
9.353026177173892e-08	5.452623e-01	4.813511e-01	4.938634e-01
9.353740462888178e-08	5.452623e-01	4.813382e-01	4.938630e-01
9.354454748602464e-08	5.452623e-01	4.813255e-01	4.938625e-01
9.355169034316751e-08	5.452623e-01	4.813130e-01	4.938621e-01
9.355883320031038e-08	5.452623e-01	4.813008e-01	4.938617e-01
9.356654748602466e-08	5.452623e-01	4.812879e-01	4.938612e-01
9.357426177173897e-08	5.452622e-01	4.812751e-01	4.938608e-01
9.358197605745325e-08	5.452622e-01	4.812626e-01	4.938603e-01
9.358969034316756e-08	5.452621e-01	4.812503e-01	4.938599e-01
9.359740462888185e-08	5.452621e-01	4.812382e-01	4.938594e-01
9.360511891459615e-08	5.452620e-01	4.812264e-01	4.938590e-01
9.361283320031044e-08	5.452619e-01	4.812147e-01	4.938585e-01
9.362240462888187e-08	5.452618e-01	4.812005e-01	4.938580e-01
9.363197605745331e-08	5.452616e-01	4.811865e-01	4.938574e-01
9.364154748602475e-08	5.452614e-01	4.811727e-01	4.938569e-01
9.365111891459620e-08	5.452612e-01	4.811590e-01	4.938564e-01
9.366069034316764e-08	5.452609e-01	4.811455e-01	4.938558e-01
9.367026177173908e-08	5.452606e-01	4.811322e-01	4.938553e-01
9.367983320031051e-08	5.452603e-01	4.811190e-01	4.938548e-01
9.369411891459625e-08	5.452597e-01	4.810996e-01	4.938540e-01
9.370840462888197e-08	5.452590e-01	4.810801e-01	4.938532e-01
9.372269034316771e-08	5.452581e-01	4.810605e-01	4.938525e-01
9.373697605745343e-08	5.452570e-01	4.810407e-01	4.938517e-01
9.375126177173917e-08	5.452557e-01	4.810208e-01	4.938509e-01
9.376554748602489e-08	5.452543e-01	4.810009e-01	4.938502e-01
9.377983320031063e-08	5.452527e-01	4.809808e-01	4.938495e-01
9.380226177173922e-08	5.452498e-01	4.809484e-01	4.938483e-01
9.382469034316782e-08	5.452460e-01	4.809147e-01	4.938472e-01
9.384711891459642e-08	5.452414e-01	4.808794e-01	4.938461e-01
9.386954748602501e-08	5.452358e-01	4.808428e-01	4.938450e-01
9.389197605745361e-08	5.452293e-01	4.808046e-01	4.938439e-01
9.391440462888221e-08	5.452219e-01	4.807650e-01	4.938428e-01
9.393683320031080e-08	5.452136e-01	4.807240e-01	4.938418e-01
9.396883320031084e-08	5.451999e-01	4.806617e-01	4.938403e-01
9.400083320031088e-08	5.451830e-01	4.805964e-01	4.938388e-01
9.403283320031091e-08	5.451626e-01	4.805280e-01	4.938374e-01
9.406483320031095e-08	5.451390e-01	4.804565e-01	4.938360e-01
9.409683320031099e-08	5.451120e-01	4.803820e-01	4.938347e-01
9.412883320031102e-08	5.450817e-01	4.803043e-01	4.938334e-01
9.416083320031106e-08	5.450481e-01	4.802236e-01	4.938321e-01
9.416183320031106e-08	5.450469e-01	4.802211e-01	4.938320e-01
9.420640462888254e-08	5.449931e-01	4.801038e-01	4.938302e-01
9.425097605745401e-08	5.449298e-01	4.799849e-01	4.938285e-01
9.429554748602549e-08	5.448571e-01	4.798644e-01	4.938268e-01
9.434011891459698e-08	5.447749e-01	4.797422e-01	4.938252e-01
9.438469034316846e-08	5.446833e-01	4.796184e-01	4.938236e-01
9.442926177173994e-08	5.445822e-01	4.794930e-01	4.938221e-01
9.447383320031141e-08	5.444717e-01	4.793659e-01	4.938206e-01
9.452926177174005e-08	5.443188e-01	4.792097e-01	4.938188e-01
9.458469034316869e-08	5.441497e-01	4.790564e-01	4.938170e-01
9.464011891459732e-08	5.439646e-01	4.789059e-01	4.938153e-01
9.469554748602594e-08	5.437633e-01	4.787584e-01	4.938137e-01
9.475097605745458e-08	5.435458e-01	4.786136e-01	4.938122e-01
9.480640462888322e-08	5.433123e-01	4.784718e-01	4.938107e-01
9.486183320031185e-08	5.430627e-01	4.783328e-01	4.938092e-01
9.490797605745476e-08	5.428427e-01	4.782206e-01	4.938081e-01
9.495411891459768e-08	5.426132e-01	4.781107e-01	4.938069e-01
9.500026177174058e-08	5.423740e-01	4.780031e-01	4.938058e-01
9.504640462888349e-08	5.421252e-01	4.778976e-01	4.938048e-01
9.509254748602639e-08	5.418668e-01	4.777944e-01	4.938037e-01
9.513869034316931e-08	5.415989e-01	4.776935e-01	4.938027e-01
9.518483320031222e-08	5.413213e-01	4.775947e-01	4.938017e-01
9.518583320031222e-08	5.413152e-01	4.775926e-01	4.938017e-01
9.529540462888377e-08	5.406116e-01	4.773686e-01	4.937995e-01
9.540497605745532e-08	5.398784e-01	4.771491e-01	4.937975e-01
9.551454748602687e-08	5.391156e-01	4.769339e-01	4.937956e-01
9.562411891459844e-08	5.383233e-01	4.767230e-01	4.937938e-01
9.573369034316999e-08	5.375014e-01	4.765165e-01	4.937921e-01
9.584326177174154e-08	5.366500e-01	4.763144e-01	4.937906e-01
9.595283320031309e-08	5.357689e-01	4.761167e-01	4.937892e-01
9.598940462888456e-08	5.354757e-01	4.760497e-01	4.937888e-01
9.602597605745603e-08	5.351815e-01	4.759825e-01	4.937883e-01
9.606254748602749e-08	5.348865e-01	4.759154e-01	4.937879e-01
9.609911891459898e-08	5.345906e-01	4.758481e-01	4.937875e-01
9.613569034317044e-08	5.342939e-01	4.757807e-01	4.937871e-01
9.617226177174191e-08	5.339962e-01	4.757133e-01	4.937867e-01
9.620883320031338e-08	5.336977e-01	4.756458e-01	4.937863e-01
9.620983320031338e-08	5.336896e-01	4.756440e-01	4.937863e-01
9.627254748602773e-08	5.331761e-01	4.755279e-01	4.937856e-01
9.633526177174210e-08	5.326635e-01	4.754112e-01	4.937850e-01
9.639797605745645e-08	5.321520e-01	4.752939e-01	4.937844e-01
9.646069034317081e-08	5.316415e-01	4.751760e-01	4.937839e-01
9.652340462888516e-08	5.311320e-01	4.750575e-01	4.937833e-01
9.658611891459953e-08	5.306235e-01	4.749384e-01	4.937828e-01
9.664883320031388e-08	5.301160e-01	4.748187e-01	4.937823e-01
9.665083320031388e-08	5.300998e-01	4.748150e-01	4.937823e-01
9.665183320031388e-08	5.300918e-01	4.748128e-01	4.937823e-01
9.665283320031388e-08	5.300837e-01	4.748110e-01	4.937823e-01
9.667054748602818e-08	5.299411e-01	4.747768e-01	4.937821e-01
9.668826177174250e-08	5.297991e-01	4.747428e-01	4.937820e-01
9.670597605745680e-08	5.296575e-01	4.747090e-01	4.937819e-01
9.672369034317111e-08	5.295165e-01	4.746754e-01	4.937817e-01
9.674140462888541e-08	5.293761e-01	4.746420e-01	4.937816e-01
9.675911891459972e-08	5.292361e-01	4.746089e-01	4.937815e-01
9.677683320031402e-08	5.290967e-01	4.745759e-01	4.937814e-01
9.680369034317120e-08	5.288870e-01	4.745263e-01	4.937812e-01
9.683054748602837e-08	5.286787e-01	4.744804e-01	4.937810e-01
9.685740462888554e-08	5.284717e-01	4.744382e-01	4.937808e-01
9.688426177174272e-08	5.282662e-01	4.743997e-01	4.937806e-01
9.691111891459990e-08	5.280620e-01	4.743648e-01	4.937804e-01
9.693797605745706e-08	5.278593e-01	4.743336e-01	4.937803e-01
9.696483320031424e-08	5.276579e-01	4.743061e-01	4.937801e-01
9.697826177174283e-08	5.275576e-01	4.742950e-01	4.937800e-01
9.699169034317141e-08	5.274576e-01	4.742854e-01	4.937799e-01
9.700511891460000e-08	5.273577e-01	4.742773e-01	4.937798e-01
9.701854748602858e-08	5.272582e-01	4.742708e-01	4.937798e-01
9.703197605745717e-08	5.271588e-01	4.742658e-01	4.937797e-01
9.704540462888576e-08	5.270597e-01	4.742624e-01	4.937796e-01
9.705883320031434e-08	5.269608e-01	4.742605e-01	4.937795e-01
9.706726177174293e-08	5.268989e-01	4.742602e-01	4.937795e-01
9.707569034317151e-08	5.268370e-01	4.742606e-01	4.937794e-01
9.708411891460009e-08	5.267752e-01	4.742617e-01	4.937794e-01
9.709254748602866e-08	5.267135e-01	4.742635e-01	4.937793e-01
9.710097605745725e-08	5.266518e-01	4.742660e-01	4.937793e-01
9.710940462888583e-08	5.265902e-01	4.742691e-01	4.937792e-01
9.711783320031441e-08	5.265287e-01	4.742730e-01	4.937792e-01
9.713426177174300e-08	5.264090e-01	4.742825e-01	4.937791e-01
9.715069034317159e-08	5.262895e-01	4.742948e-01	4.937790e-01
9.716711891460019e-08	5.261703e-01	4.743099e-01	4.937789e-01
9.718354748602877e-08	5.260512e-01	4.743277e-01	4.937788e-01
9.719997605745736e-08	5.259324e-01	4.743484e-01	4.937787e-01
9.721640462888595e-08	5.258137e-01	4.743718e-01	4.937786e-01
9.723283320031454e-08	5.256953e-01	4.743980e-01	4.937786e-01
9.723383320031454e-08	5.256881e-01	4.743997e-01	4.937786e-01
9.727111891460030e-08	5.254200e-01	4.744707e-01	4.937784e-01
9.730840462888605e-08	5.251528e-01	4.745555e-01	4.937782e-01
9.734569034317182e-08	5.248865e-01	4.746540e-01	4.937780e-01
9.738297605745756e-08	5.246210e-01	4.747663e-01	4.937778e-01
9.742026177174333e-08	5.243565e-01	4.748923e-01	4.937776e-01
9.745754748602908e-08	5.240929e-01	4.750320e-01	4.937775e-01
9.749483320031484e-08	5.238301e-01	4.751855e-01	4.937773e-01
9.759711891460067e-08	5.231111e-01	4.756946e-01	4.937769e-01
9.769940462888650e-08	5.224047e-01	4.762547e-01	4.937765e-01
9.780169034317233e-08	5.217109e-01	4.768659e-01	4.937761e-01
9.790397605745816e-08	5.210296e-01	4.775282e-01	4.937758e-01
9.800626177174399e-08	5.203610e-01	4.782416e-01	4.937754e-01
9.810854748602981e-08	5.197050e-01	4.790060e-01	4.937751e-01
9.821083320031565e-08	5.190615e-01	4.798214e-01	4.937748e-01
9.825783320031570e-08	5.187728e-01	4.801889e-01	4.937747e-01
9.835611891460154e-08	5.181807e-01	4.809752e-01	4.937745e-01
9.845440462888735e-08	5.176046e-01	4.817543e-01	4.937743e-01
9.855269034317318e-08	5.170445e-01	4.825260e-01	4.937740e-01
9.865097605745900e-08	5.165003e-01	4.832904e-01	4.937738e-01
9.874926177174483e-08	5.159720e-01	4.840475e-01	4.937737e-01
9.884754748603065e-08	5.154598e-01	4.847972e-01	4.937735e-01
9.894583320031648e-08	5.149634e-01	4.855397e-01	4.937733e-01
9.899369034317368e-08	5.147273e-01	4.858906e-01	4.937732e-01
9.904154748603087e-08	5.144946e-01	4.862364e-01	4.937732e-01
9.908940462888807e-08	5.142653e-01	4.865773e-01	4.937731e-01
9.913726177174527e-08	5.140393e-01	4.869133e-01	4.937730e-01
9.918511891460248e-08	5.138168e-01	4.872442e-01	4.937730e-01
9.923297605745966e-08	5.135977e-01	4.875702e-01	4.937729e-01
9.928083320031686e-08	5.133820e-01	4.878911e-01	4.937728e-01
9.928183320031686e-08	5.133775e-01	4.878978e-01	4.937728e-01
9.942797605745988e-08	5.127428e-01	4.888416e-01	4.937727e-01
9.957411891460292e-08	5.121315e-01	4.897338e-01	4.937725e-01
9.972026177174594e-08	5.115437e-01	4.905745e-01	4.937724e-01
9.986640462888895e-08	5.109795e-01	4.913636e-01	4.937722e-01
1.000125474860320e-07	5.104387e-01	4.921011e-01	4.937721e-01
1.001586903431750e-07	5.099214e-01	4.927870e-01	4.937720e-01
1.003048332003180e-07	5.094275e-01	4.934214e-01	4.937719e-01
1.003058332003180e-07	5.094242e-01	4.934256e-01	4.937719e-01
1.004519760574610e-07	5.089468e-01	4.940098e-01	4.937718e-01
1.005981189146041e-07	5.084822e-01	4.945558e-01	4.937718e-01
1.007442617717471e-07	5.080305e-01	4.950635e-01	4.937717e-01
1.008904046288901e-07	5.075917e-01	4.955329e-01	4.937716e-01
1.010365474860331e-07	5.071657e-01	4.959641e-01	4.937716e-01
1.011826903431762e-07	5.067526e-01	4.963570e-01	4.937715e-01
1.013288332003192e-07	5.063524e-01	4.967116e-01	4.937715e-01
1.013298332003192e-07	5.063497e-01	4.967140e-01	4.937715e-01
1.014759760574622e-07	5.059575e-01	4.970396e-01	4.937714e-01
1.016221189146052e-07	5.055718e-01	4.973421e-01	4.937714e-01
1.017682617717483e-07	5.051927e-01	4.976216e-01	4.937714e-01
1.019144046288913e-07	5.048201e-01	4.978780e-01	4.937713e-01
1.020605474860343e-07	5.044541e-01	4.981113e-01	4.937713e-01
1.022066903431773e-07	5.040947e-01	4.983216e-01	4.937713e-01
1.023528332003203e-07	5.037417e-01	4.985089e-01	4.937713e-01
1.023538332003203e-07	5.037394e-01	4.985101e-01	4.937713e-01
1.023882617717490e-07	5.036566e-01	4.985527e-01	4.937713e-01
1.024226903431776e-07	5.035740e-01	4.985944e-01	4.937713e-01
1.024571189146062e-07	5.034917e-01	4.986351e-01	4.937713e-01
1.024915474860348e-07	5.034096e-01	4.986750e-01	4.937713e-01
1.025259760574634e-07	5.033277e-01	4.987141e-01	4.937713e-01
1.025604046288920e-07	5.032460e-01	4.987522e-01	4.937713e-01
1.025948332003206e-07	5.031646e-01	4.987894e-01	4.937713e-01
1.025998332003206e-07	5.031528e-01	4.987948e-01	4.937713e-01
1.026048332003206e-07	5.031410e-01	4.988001e-01	4.937713e-01
1.026098332003206e-07	5.031292e-01	4.988054e-01	4.937713e-01
1.026148332003206e-07	5.031174e-01	4.988107e-01	4.937713e-01
1.026198332003206e-07	5.031057e-01	4.988160e-01	4.937713e-01
1.026248332003207e-07	5.030939e-01	4.988213e-01	4.937713e-01
1.026298332003207e-07	5.030821e-01	4.988265e-01	4.937713e-01
1.026362617717492e-07	5.030670e-01	4.988332e-01	4.937713e-01
1.026426903431778e-07	5.030518e-01	4.988399e-01	4.937713e-01
1.026491189146064e-07	5.030367e-01	4.988466e-01	4.937713e-01
1.026555474860350e-07	5.030216e-01	4.988532e-01	4.937713e-01
1.026619760574636e-07	5.030065e-01	4.988598e-01	4.937714e-01
1.026684046288921e-07	5.029914e-01	4.988664e-01	4.937714e-01
1.026748332003207e-07	5.029763e-01	4.988729e-01	4.937714e-01
1.026888332003207e-07	5.029435e-01	4.988871e-01	4.937715e-01
1.027028332003207e-07	5.029107e-01	4.989012e-01	4.937717e-01
1.027168332003208e-07	5.028779e-01	4.989151e-01	4.937720e-01
1.027308332003208e-07	5.028451e-01	4.989289e-01	4.937724e-01
1.027448332003208e-07	5.028124e-01	4.989425e-01	4.937728e-01
1.027588332003208e-07	5.027797e-01	4.989561e-01	4.937734e-01
1.027728332003208e-07	5.027471e-01	4.989695e-01	4.937740e-01
1.027908332003208e-07	5.027051e-01	4.989866e-01	4.937750e-01
1.028088332003209e-07	5.026632e-01	4.990034e-01	4.937763e-01
1.028268332003209e-07	5.026214e-01	4.990201e-01	4.937779e-01
1.028448332003209e-07	5.025796e-01	4.990366e-01	4.937799e-01
1.028628332003209e-07	5.025379e-01	4.990529e-01	4.937821e-01
1.028808332003209e-07	5.024962e-01	4.990690e-01	4.937847e-01
1.028988332003210e-07	5.024546e-01	4.990849e-01	4.937875e-01
1.029222617717496e-07	5.024005e-01	4.991053e-01	4.937919e-01
1.029456903431782e-07	5.023464e-01	4.991254e-01	4.937969e-01
1.029691189146068e-07	5.022925e-01	4.991452e-01	4.938028e-01
1.029925474860354e-07	5.022386e-01	4.991647e-01	4.938094e-01
1.030159760574640e-07	5.021848e-01	4.991839e-01	4.938168e-01
1.030394046288926e-07	5.021310e-01	4.992029e-01	4.938250e-01
1.030628332003212e-07	5.020773e-01	4.992215e-01	4.938340e-01
1.030991189146069e-07	5.019944e-01	4.992497e-01	4.938496e-01
1.031354046288927e-07	5.019116e-01	4.992773e-01	4.938672e-01
1.031716903431784e-07	5.018290e-01	4.993043e-01	4.938867e-01
1.032079760574642e-07	5.017465e-01	4.993306e-01	4.939083e-01
1.032442617717499e-07	5.016642e-01	4.993563e-01	4.939318e-01
1.032805474860357e-07	5.015820e-01	4.993814e-01	4.939573e-01
1.033168332003214e-07	5.015000e-01	4.994058e-01	4.939848e-01
1.033778332003215e-07	5.013624e-01	4.994457e-01	4.940348e-01
1.034742617717502e-07	5.011459e-01	4.995049e-01	4.941276e-01
1.035706903431789e-07	5.009302e-01	4.995609e-01	4.942261e-01
1.036671189146076e-07	5.007153e-01	4.996137e-01	4.943305e-01
1.037635474860362e-07	5.005011e-01	4.996633e-01	4.944405e-01
1.038599760574649e-07	5.002877e-01	4.997097e-01	4.945563e-01
1.039564046288936e-07	5.000751e-01	4.997529e-01	4.946779e-01
1.040528332003223e-07	4.998633e-01	4.997928e-01	4.948053e-01
1.041025474860366e-07	4.997543e-01	4.998126e-01	4.948695e-01
1.041522617717510e-07	4.996455e-01	4.998318e-01	4.949334e-01
1.042019760574653e-07	4.995368e-01	4.998503e-01	4.949970e-01
1.042516903431796e-07	4.994282e-01	4.998683e-01	4.950602e-01
1.043014046288940e-07	4.993198e-01	4.998856e-01	4.951232e-01
1.043511189146083e-07	4.992115e-01	4.999024e-01	4.951859e-01
1.044008332003227e-07	4.991034e-01	4.999185e-01	4.952482e-01
1.044018332003227e-07	4.991012e-01	4.999188e-01	4.952495e-01
1.045038332003228e-07	4.988798e-01	4.999500e-01	4.953754e-01
1.046058332003229e-07	4.986589e-01	4.999794e-01	4.954970e-01
1.047078332003230e-07	4.984384e-01	5.000070e-01	4.956144e-01
1.048098332003231e-07	4.982183e-01	5.000327e-01	4.957274e-01
1.049118332003232e-07	4.979986e-01	5.000567e-01	4.958362e-01
1.050138332003234e-07	4.977794e-01	5.000788e-01	4.959406e-01
1.051158332003235e-07	4.975606e-01	5.000991e-01	4.960408e-01
1.051599760574664e-07	4.974660e-01	5.001076e-01	4.960824e-01
1.052041189146093e-07	4.973714e-01	5.001158e-01	4.961231e-01
1.052482617717522e-07	4.972769e-01	5.001238e-01	4.961629e-01
1.052924046288951e-07	4.971825e-01	5.001316e-01	4.962018e-01
1.053365474860380e-07	4.970881e-01	5.001391e-01	4.962399e-01
1.053806903431809e-07	4.969937e-01	5.001464e-01	4.962771e-01
1.054248332003238e-07	4.968995e-01	5.001534e-01	4.963134e-01
1.054258332003238e-07	4.968973e-01	5.001536e-01	4.963142e-01
1.054875474860382e-07	4.967656e-01	5.001631e-01	4.963634e-01
1.055492617717525e-07	4.966340e-01	5.001722e-01	4.964110e-01
1.056109760574669e-07	4.965025e-01	5.001809e-01	4.964571e-01
1.056726903431813e-07	4.963710e-01	5.001893e-01	4.965017e-01
1.057344046288956e-07	4.962397e-01	5.001973e-01	4.965446e-01
1.057961189146100e-07	4.961084e-01	5.002050e-01	4.965861e-01
1.058578332003243e-07	4.959772e-01	5.002123e-01	4.966259e-01
1.058928332003244e-07	4.959028e-01	5.002163e-01	4.966481e-01
1.059278332003244e-07	4.958285e-01	5.002202e-01	4.966692e-01
1.059628332003244e-07	4.957541e-01	5.002240e-01	4.966891e-01
1.059978332003245e-07	4.956798e-01	5.002278e-01	4.967079e-01
1.060328332003245e-07	4.956055e-01	5.002314e-01	4.967255e-01
1.060678332003246e-07	4.955313e-01	5.002350e-01	4.967419e-01
1.061028332003246e-07	4.954570e-01	5.002384e-01	4.967572e-01
1.061259760574675e-07	4.954079e-01	5.002407e-01	4.967662e-01
1.061491189146104e-07	4.953589e-01	5.002429e-01	4.967745e-01
1.061722617717533e-07	4.953098e-01	5.002450e-01	4.967820e-01
1.061954046288961e-07	4.952607e-01	5.002472e-01	4.967887e-01
1.062185474860390e-07	4.952117e-01	5.002493e-01	4.967947e-01
1.062416903431819e-07	4.951627e-01	5.002513e-01	4.967999e-01
1.062648332003248e-07	4.951136e-01	5.002534e-01	4.968044e-01
1.062815474860391e-07	4.950782e-01	5.002548e-01	4.968071e-01
1.062982617717534e-07	4.950428e-01	5.002563e-01	4.968095e-01
1.063149760574677e-07	4.950074e-01	5.002577e-01	4.968115e-01
1.063316903431820e-07	4.949720e-01	5.002591e-01	4.968131e-01
1.063484046288963e-07	4.949366e-01	5.002605e-01	4.968144e-01
1.063651189146106e-07	4.949013e-01	5.002618e-01	4.968153e-01
1.063818332003249e-07	4.948659e-01	5.002632e-01	4.968158e-01
1.063914046288964e-07	4.948456e-01	5.002639e-01	4.968159e-01
1.064009760574678e-07	4.948254e-01	5.002647e-01	4.968160e-01
1.064105474860392e-07	4.948051e-01	5.002655e-01	4.968159e-01
1.064201189146107e-07	4.947848e-01	5.002662e-01	4.968157e-01
1.064296903431821e-07	4.947646e-01	5.002670e-01	4.968154e-01
1.064392617717536e-07	4.947443e-01	5.002677e-01	4.968150e-01
1.064488332003250e-07	4.947241e-01	5.002685e-01	4.968145e-01
1.064498332003250e-07	4.947220e-01	5.002685e-01	4.968145e-01
1.065091189146108e-07	4.945966e-01	5.002729e-01	4.968079e-01
1.065684046288966e-07	4.944712e-01	5.002772e-01	4.967994e-01
1.066276903431823e-07	4.943459e-01	5.002813e-01	4.967891e-01
1.066869760574681e-07	4.942206e-01	5.002852e-01	4.967770e-01
1.067462617717539e-07	4.940953e-01	5.002890e-01	4.967631e-01
1.068055474860397e-07	4.939701e-01	5.002926e-01	4.967473e-01
1.068648332003255e-07	4.938449e-01	5.002961e-01	4.967297e-01
1.069034046288969e-07	4.937635e-01	5.002982e-01	4.967189e-01
1.069419760574684e-07	4.936821e-01	5.003003e-01	4.967085e-01
1.069805474860399e-07	4.936007e-01	5.003024e-01	4.966985e-01
1.070191189146114e-07	4.935193e-01	5.003044e-01	4.966889e-01
1.070576903431828e-07	4.934379e-01	5.003063e-01	4.966798e-01
1.070962617717543e-07	4.933566e-01	5.003082e-01	4.966711e-01
1.071348332003258e-07	4.932753e-01	5.003101e-01	4.966628e-01
1.071659760574687e-07	4.932096e-01	5.003115e-01	4.966567e-01
1.071971189146116e-07	4.931439e-01	5.003129e-01	4.966513e-01
1.072282617717544e-07	4.930783e-01	5.003143e-01	4.966464e-01
1.072594046288973e-07	4.930126e-01	5.003157e-01	4.966422e-01
1.072905474860402e-07	4.929470e-01	5.003170e-01	4.966385e-01
1.073216903431831e-07	4.928814e-01	5.003183e-01	4.966354e-01
1.073528332003260e-07	4.928157e-01	5.003195e-01	4.966329e-01
1.073679760574689e-07	4.927838e-01	5.003202e-01	4.966320e-01
1.073831189146118e-07	4.927519e-01	5.003208e-01	4.966312e-01
1.073982617717546e-07	4.927200e-01	5.003214e-01	4.966306e-01
1.074134046288975e-07	4.926881e-01	5.003220e-01	4.966302e-01
1.074285474860404e-07	4.926562e-01	5.003226e-01	4.966299e-01
1.074436903431833e-07	4.926243e-01	5.003231e-01	4.966298e-01
1.074588332003261e-07	4.925924e-01	5.003237e-01	4.966298e-01
1.074738332003262e-07	4.925608e-01	5.003242e-01	4.966300e-01
1.075035474860405e-07	4.924983e-01	5.003253e-01	4.966310e-01
1.075332617717548e-07	4.924357e-01	5.003264e-01	4.966326e-01
1.075629760574691e-07	4.923731e-01	5.003274e-01	4.966349e-01
1.075926903431834e-07	4.923105e-01	5.003285e-01	4.966379e-01
1.076224046288977e-07	4.922480e-01	5.003295e-01	4.966415e-01
1.076521189146121e-07	4.921854e-01	5.003304e-01	4.966458e-01
1.076818332003264e-07	4.921229e-01	5.003314e-01	4.966508e-01
1.077442617717550e-07	4.919915e-01	5.003333e-01	4.966638e-01
1.078066903431837e-07	4.918601e-01	5.003352e-01	4.966795e-01
1.078691189146123e-07	4.917287e-01	5.003370e-01	4.966979e-01
1.079315474860410e-07	4.915974e-01	5.003387e-01	4.967191e-01
1.079939760574696e-07	4.914661e-01	5.003403e-01	4.967431e-01
1.080564046288982e-07	4.913348e-01	5.003419e-01	4.967699e-01
1.081188332003269e-07	4.912035e-01	5.003433e-01	4.967995e-01
1.081728332003269e-07	4.910899e-01	5.003446e-01	4.968270e-01
1.082268332003270e-07	4.909764e-01	5.003458e-01	4.968561e-01
1.082808332003271e-07	4.908629e-01	5.003469e-01	4.968867e-01
1.083348332003271e-07	4.907494e-01	5.003480e-01	4.969188e-01
1.083888332003272e-07	4.906359e-01	5.003491e-01	4.969524e-01
1.084428332003273e-07	4.905224e-01	5.003501e-01	4.969876e-01
1.084968332003273e-07	4.904089e-01	5.003511e-01	4.970242e-01
1.084978332003273e-07	4.904068e-01	5.003511e-01	4.970249e-01
1.086355474860418e-07	4.901174e-01	5.003534e-01	4.971263e-01
1.087732617717562e-07	4.898281e-01	5.003555e-01	4.972312e-01
1.089109760574706e-07	4.895389e-01	5.003574e-01	4.973397e-01
1.090486903431851e-07	4.892496e-01	5.003592e-01	4.974516e-01
1.091864046288995e-07	4.889605e-01	5.003608e-01	4.975672e-01
1.093241189146140e-07	4.886713e-01	5.003622e-01	4.976862e-01
1.094618332003284e-07	4.883823e-01	5.003634e-01	4.978088e-01
1.095218332003285e-07	4.882563e-01	5.003639e-01	4.978611e-01
1.096679760574715e-07	4.879496e-01	5.003651e-01	4.979893e-01
1.098141189146145e-07	4.876428e-01	5.003662e-01	4.981151e-01
1.099602617717575e-07	4.873362e-01	5.003671e-01	4.982384e-01
1.101064046289006e-07	4.870295e-01	5.003680e-01	4.983593e-01
1.102525474860436e-07	4.867229e-01	5.003688e-01	4.984777e-01
1.103986903431866e-07	4.864163e-01	5.003695e-01	4.985936e-01
1.105448332003296e-07	4.861097e-01	5.003701e-01	4.987071e-01
1.105458332003296e-07	4.861076e-01	5.003701e-01	4.987079e-01
1.106919760574727e-07	4.858010e-01	5.003706e-01	4.988167e-01
1.108381189146157e-07	4.854944e-01	5.003711e-01	4.989217e-01
1.109842617717587e-07	4.851879e-01	5.003716e-01	4.990229e-01
1.111304046289017e-07	4.848813e-01	5.003720e-01	4.991203e-01
1.112765474860447e-07	4.845748e-01	5.003724e-01	4.992139e-01
1.114226903431878e-07	4.842683e-01	5.003727e-01	4.993037e-01
1.115688332003308e-07	4.839618e-01	5.003730e-01	4.993897e-01
1.115698332003308e-07	4.839597e-01	5.003730e-01	4.993903e-01
1.115941189146165e-07	4.839088e-01	5.003731e-01	4.994042e-01
1.116184046289023e-07	4.838578e-01	5.003731e-01	4.994181e-01
1.116426903431880e-07	4.838069e-01	5.003732e-01	4.994318e-01
1.116669760574738e-07	4.837560e-01	5.003732e-01	4.994455e-01
1.116912617717595e-07	4.837050e-01	5.003732e-01	4.994590e-01
1.117155474860452e-07	4.836541e-01	5.003733e-01	4.994725e-01
1.117398332003310e-07	4.836032e-01	5.003733e-01	4.994858e-01
1.117456903431881e-07	4.835909e-01	5.003733e-01	4.994890e-01
1.117515474860453e-07	4.835786e-01	5.003734e-01	4.994922e-01
1.117574046289024e-07	4.835663e-01	5.003734e-01	4.994954e-01
1.117632617717596e-07	4.835539e-01	5.003734e-01	4.994986e-01
1.117691189146167e-07	4.835415e-01	5.003733e-01	4.995018e-01
1.117749760574739e-07	4.835292e-01	5.003733e-01	4.995050e-01
1.117808332003310e-07	4.835168e-01	5.003732e-01	4.995081e-01
1.117908332003310e-07	4.834955e-01	5.003732e-01	4.995136e-01
1.118008332003311e-07	4.834742e-01	5.003730e-01	4.995189e-01
1.118108332003311e-07	4.834528e-01	5.003728e-01	4.995243e-01
1.118208332003311e-07	4.834313e-01	5.003725e-01	4.995297e-01
1.118308332003311e-07	4.834098e-01	5.003720e-01	4.995350e-01
1.118408332003311e-07	4.833881e-01	5.003715e-01	4.995404e-01
1.118508332003311e-07	4.833664e-01	5.003709e-01	4.995457e-01
1.118596903431883e-07	4.833471e-01	5.003702e-01	4.995504e-01
1.118685474860454e-07	4.833278e-01	5.003694e-01	4.995550e-01
1.118774046289026e-07	4.833084e-01	5.003684e-01	4.995597e-01
1.118862617717597e-07	4.832890e-01	5.003674e-01	4.995644e-01
1.118951189146169e-07	4.832695e-01	5.003662e-01	4.995690e-01
1.119039760574740e-07	4.832500e-01	5.003649e-01	4.995736e-01
1.119128332003312e-07	4.832304e-01	5.003635e-01	4.995782e-01
1.119235474860455e-07	4.832067e-01	5.003616e-01	4.995838e-01
1.119342617717598e-07	4.831830e-01	5.003596e-01	4.995893e-01
1.119449760574741e-07	4.831593e-01	5.003574e-01	4.995949e-01
1.119556903431884e-07	4.831356e-01	5.003550e-01	4.996004e-01
1.119664046289027e-07	4.831118e-01	5.003525e-01	4.996059e-01
1.119771189146170e-07	4.830881e-01	5.003498e-01	4.996114e-01
1.119878332003313e-07	4.830643e-01	5.003470e-01	4.996168e-01
1.120021189146170e-07	4.830327e-01	5.003429e-01	4.996241e-01
1.120164046289027e-07	4.830011e-01	5.003388e-01	4.996313e-01
1.120306903431885e-07	4.829695e-01	5.003347e-01	4.996385e-01
1.120449760574742e-07	4.829381e-01	5.003306e-01	4.996457e-01
1.120592617717599e-07	4.829067e-01	5.003265e-01	4.996528e-01
1.120735474860456e-07	4.828755e-01	5.003224e-01	4.996599e-01
1.120878332003314e-07	4.828443e-01	5.003183e-01	4.996670e-01
1.121065474860457e-07	4.828036e-01	5.003131e-01	4.996762e-01
1.121252617717600e-07	4.827631e-01	5.003087e-01	4.996854e-01
1.121439760574743e-07	4.827229e-01	5.003054e-01	4.996945e-01
1.121626903431886e-07	4.826830e-01	5.003030e-01	4.997036e-01
1.121814046289029e-07	4.826432e-01	5.003016e-01	4.997126e-01
1.122001189146172e-07	4.826037e-01	5.003012e-01	4.997215e-01
1.122188332003315e-07	4.825644e-01	5.003018e-01	4.997304e-01
1.122338332003316e-07	4.825332e-01	5.003034e-01	4.997376e-01
1.122488332003316e-07	4.825020e-01	5.003064e-01	4.997446e-01
1.122638332003316e-07	4.824711e-01	5.003106e-01	4.997517e-01
1.122788332003316e-07	4.824402e-01	5.003161e-01	4.997587e-01
1.122938332003316e-07	4.824095e-01	5.003228e-01	4.997657e-01
1.123088332003316e-07	4.823789e-01	5.003309e-01	4.997726e-01
1.123238332003317e-07	4.823485e-01	5.003402e-01	4.997796e-01
1.123454046289031e-07	4.823050e-01	5.003561e-01	4.997895e-01
1.123669760574746e-07	4.822616e-01	5.003756e-01	4.997993e-01
1.123885474860460e-07	4.822185e-01	5.003988e-01	4.998091e-01
1.124101189146175e-07	4.821755e-01	5.004255e-01	4.998188e-01
1.124316903431889e-07	4.821327e-01	5.004559e-01	4.998285e-01
1.124532617717604e-07	4.820901e-01	5.004899e-01	4.998381e-01
1.124748332003318e-07	4.820477e-01	5.005275e-01	4.998476e-01
1.125938332003320e-07	4.818146e-01	5.008078e-01	4.998991e-01
1.126368332003320e-07	4.817306e-01	5.009409e-01	4.999173e-01
1.126798332003321e-07	4.816463e-01	5.010876e-01	4.999353e-01
1.127228332003321e-07	4.815616e-01	5.012480e-01	4.999530e-01
1.127658332003322e-07	4.814765e-01	5.014220e-01	4.999706e-01
1.128088332003322e-07	4.813911e-01	5.016097e-01	4.999879e-01
1.128518332003323e-07	4.813053e-01	5.018110e-01	5.000050e-01
1.128948332003323e-07	4.812191e-01	5.020259e-01	5.000219e-01
1.129726903431895e-07	4.810609e-01	5.024527e-01	5.000520e-01
1.130505474860468e-07	4.809011e-01	5.028894e-01	5.000815e-01
1.131284046289040e-07	4.807399e-01	5.033359e-01	5.001103e-01
1.132062617717612e-07	4.805771e-01	5.037922e-01	5.001387e-01
1.132841189146185e-07	4.804127e-01	5.042584e-01	5.001664e-01
1.133619760574757e-07	4.802469e-01	5.047345e-01	5.001935e-01
1.134398332003329e-07	4.800795e-01	5.052204e-01	5.002201e-01
1.134651189146187e-07	4.800251e-01	5.053715e-01	5.002287e-01
1.134904046289044e-07	4.799706e-01	5.055210e-01	5.002372e-01
1.135156903431902e-07	4.799161e-01	5.056691e-01	5.002456e-01
1.135409760574759e-07	4.798615e-01	5.058155e-01	5.002540e-01
1.135662617717616e-07	4.798068e-01	5.059604e-01	5.002623e-01
1.135915474860474e-07	4.797521e-01	5.061038e-01	5.002706e-01
1.136168332003331e-07	4.796974e-01	5.062456e-01	5.002788e-01
1.136178332003331e-07	4.796952e-01	5.062512e-01	5.002791e-01
1.136848332003332e-07	4.795498e-01	5.066186e-01	5.003007e-01
1.137518332003333e-07	4.794044e-01	5.069676e-01	5.003219e-01
1.138188332003333e-07	4.792591e-01	5.072982e-01	5.003428e-01
1.138858332003334e-07	4.791139e-01	5.076103e-01	5.003634e-01
1.139528332003335e-07	4.789688e-01	5.079040e-01	5.003837e-01
1.140198332003336e-07	4.788237e-01	5.081793e-01	5.004037e-01
1.140868332003337e-07	4.786787e-01	5.084362e-01	5.004234e-01
1.141576903431909e-07	4.785258e-01	5.086826e-01	5.004439e-01
1.142285474860481e-07	4.783733e-01	5.089070e-01	5.004642e-01
1.142994046289053e-07	4.782211e-01	5.091093e-01	5.004842e-01
1.143702617717625e-07	4.780693e-01	5.092895e-01	5.005039e-01
1.144411189146198e-07	4.779179e-01	5.094476e-01	5.005234e-01
1.145119760574770e-07	4.777669e-01	5.095838e-01	5.005425e-01
1.145828332003342e-07	4.776162e-01	5.096978e-01	5.005615e-01
1.146418332003343e-07	4.774910e-01	5.097786e-01	5.005771e-01
1.146842617717629e-07	4.774012e-01	5.098279e-01	5.005882e-01
1.147266903431915e-07	4.773114e-01	5.098709e-01	5.005993e-01
1.147691189146201e-07	4.772218e-01	5.099077e-01	5.006103e-01
1.148115474860488e-07	4.771323e-01	5.099383e-01	5.006212e-01
1.148539760574774e-07	4.770429e-01	5.099626e-01	5.006320e-01
1.148964046289060e-07	4.769536e-01	5.099806e-01	5.006427e-01
1.149388332003346e-07	4.768645e-01	5.099924e-01	5.006534e-01
1.149408332003346e-07	4.768602e-01	5.099928e-01	5.006539e-01
1.149418332003346e-07	4.768581e-01	5.099931e-01	5.006542e-01
1.149458332003346e-07	4.768497e-01	5.099939e-01	5.006552e-01
1.149498332003346e-07	4.768413e-01	5.099947e-01	5.006562e-01
1.149538332003346e-07	4.768329e-01	5.099954e-01	5.006572e-01
1.149578332003346e-07	4.768245e-01	5.099960e-01	5.006582e-01
1.149618332003346e-07	4.768161e-01	5.099965e-01	5.006592e-01
1.149658332003346e-07	4.768077e-01	5.099970e-01	5.006602e-01
1.149698332003347e-07	4.767993e-01	5.099974e-01	5.006611e-01
1.149738332003347e-07	4.767909e-01	5.099977e-01	5.006621e-01
1.149778332003347e-07	4.767825e-01	5.099979e-01	5.006631e-01
1.149818332003347e-07	4.767742e-01	5.099980e-01	5.006641e-01
1.149858332003347e-07	4.767658e-01	5.099980e-01	5.006652e-01
1.149898332003347e-07	4.767574e-01	5.099979e-01	5.006662e-01
1.149938332003347e-07	4.767490e-01	5.099977e-01	5.006672e-01
1.149978332003347e-07	4.767406e-01	5.099974e-01	5.006682e-01
1.150036903431918e-07	4.767283e-01	5.099968e-01	5.006696e-01
1.150095474860490e-07	4.767160e-01	5.099959e-01	5.006711e-01
1.150154046289061e-07	4.767038e-01	5.099948e-01	5.006725e-01
1.150212617717633e-07	4.766915e-01	5.099934e-01	5.006740e-01
1.150271189146204e-07	4.766792e-01	5.099917e-01	5.006754e-01
1.150329760574776e-07	4.766669e-01	5.099898e-01	5.006769e-01
1.150388332003347e-07	4.766547e-01	5.099877e-01	5.006783e-01
1.150501189146205e-07	4.766310e-01	5.099829e-01	5.006811e-01
1.150614046289062e-07	4.766074e-01	5.099772e-01	5.006839e-01
1.150726903431919e-07	4.765838e-01	5.099707e-01	5.006867e-01
1.150839760574776e-07	4.765603e-01	5.099633e-01	5.006895e-01
1.150952617717634e-07	4.765367e-01	5.099551e-01	5.006922e-01
1.151065474860491e-07	4.765132e-01	5.099462e-01	5.006950e-01
1.151178332003348e-07	4.764897e-01	5.099363e-01	5.006977e-01
1.151418332003348e-07	4.764398e-01	5.099123e-01	5.007036e-01
1.151658332003349e-07	4.763902e-01	5.098867e-01	5.007094e-01
1.151898332003349e-07	4.763411e-01	5.098597e-01	5.007153e-01
1.152138332003349e-07	4.762924e-01	5.098311e-01	5.007211e-01
1.152378332003350e-07	4.762441e-01	5.098010e-01	5.007269e-01
1.152618332003350e-07	4.761962e-01	5.097694e-01	5.007326e-01
1.152858332003350e-07	4.761487e-01	5.097364e-01	5.007384e-01
1.153072617717636e-07	4.761070e-01	5.097073e-01	5.007435e-01
1.153286903431922e-07	4.760660e-01	5.096787e-01	5.007486e-01
1.153501189146208e-07	4.760260e-01	5.096505e-01	5.007537e-01
1.153715474860494e-07	4.759867e-01	5.096227e-01	5.007587e-01
1.153929760574780e-07	4.759483e-01	5.095953e-01	5.007638e-01
1.154144046289066e-07	4.759108e-01	5.095683e-01	5.007689e-01
1.154358332003352e-07	4.758741e-01	5.095417e-01	5.007739e-01
1.154624046289066e-07	4.758300e-01	5.095103e-01	5.007801e-01
1.154889760574781e-07	4.757882e-01	5.094799e-01	5.007863e-01
1.155155474860496e-07	4.757485e-01	5.094506e-01	5.007925e-01
1.155421189146210e-07	4.757111e-01	5.094223e-01	5.007987e-01
1.155686903431925e-07	4.756759e-01	5.093951e-01	5.008048e-01
1.155952617717639e-07	4.756428e-01	5.093690e-01	5.008110e-01
1.156218332003354e-07	4.756120e-01	5.093440e-01	5.008171e-01
1.156658332003354e-07	4.755675e-01	5.093039e-01	5.008272e-01
1.156915474860498e-07	4.755449e-01	5.092816e-01	5.008331e-01
1.157172617717641e-07	4.755253e-01	5.092593e-01	5.008389e-01
1.157429760574784e-07	4.755086e-01	5.092372e-01	5.008448e-01
1.157686903431927e-07	4.754950e-01	5.092152e-01	5.008506e-01
1.157944046289070e-07	4.754843e-01	5.091934e-01	5.008564e-01
1.158201189146213e-07	4.754767e-01	5.091717e-01	5.008622e-01
1.158458332003356e-07	4.754720e-01	5.091501e-01	5.008680e-01
1.158554046289071e-07	4.754711e-01	5.091419e-01	5.008701e-01
1.158649760574785e-07	4.754707e-01	5.091336e-01	5.008723e-01
1.158745474860500e-07	4.754708e-01	5.091253e-01	5.008744e-01
1.158841189146214e-07	4.754713e-01	5.091170e-01	5.008765e-01
1.158936903431928e-07	4.754723e-01	5.091086e-01	5.008787e-01
1.159032617717643e-07	4.754737e-01	5.091001e-01	5.008808e-01
1.159128332003357e-07	4.754756e-01	5.090916e-01	5.008830e-01
1.159441189146215e-07	4.754849e-01	5.090634e-01	5.008899e-01
1.159754046289072e-07	4.754994e-01	5.090341e-01	5.008969e-01
1.160066903431930e-07	4.755191e-01	5.090037e-01	5.009038e-01
1.160379760574787e-07	4.755438e-01	5.089721e-01	5.009107e-01
1.160692617717645e-07	4.755737e-01	5.089394e-01	5.009176e-01
1.161005474860502e-07	4.756088e-01	5.089055e-01	5.009245e-01
1.161318332003360e-07	4.756490e-01	5.088705e-01	5.009313e-01
1.161826903431932e-07	4.757261e-01	5.088101e-01	5.009424e-01
1.162335474860504e-07	4.758162e-01	5.087461e-01	5.009535e-01
1.162844046289076e-07	4.759195e-01	5.086784e-01	5.009645e-01
1.163352617717648e-07	4.760358e-01	5.086071e-01	5.009755e-01
1.163861189146220e-07	4.761652e-01	5.085322e-01	5.009864e-01
1.164369760574792e-07	4.763077e-01	5.084536e-01	5.009973e-01
1.164878332003364e-07	4.764633e-01	5.083714e-01	5.010082e-01
1.165165474860507e-07	4.765563e-01	5.083236e-01	5.010142e-01
1.165452617717650e-07	4.766528e-01	5.082751e-01	5.010203e-01
1.165739760574793e-07	4.767529e-01	5.082257e-01	5.010264e-01
1.166026903431937e-07	4.768565e-01	5.081755e-01	5.010325e-01
1.166314046289080e-07	4.769636e-01	5.081245e-01	5.010385e-01
1.166601189146223e-07	4.770743e-01	5.080728e-01	5.010446e-01
1.166888332003366e-07	4.771885e-01	5.080202e-01	5.010507e-01
1.166898332003366e-07	4.771925e-01	5.080183e-01	5.010508e-01
1.167871189146224e-07	4.776118e-01	5.078320e-01	5.010712e-01
1.168844046289083e-07	4.780556e-01	5.076447e-01	5.010915e-01
1.169816903431941e-07	4.785241e-01	5.074562e-01	5.011117e-01
1.170789760574799e-07	4.790171e-01	5.072667e-01	5.011317e-01
1.171762617717657e-07	4.795348e-01	5.070761e-01	5.011517e-01
1.172735474860515e-07	4.800771e-01	5.068844e-01	5.011716e-01
1.173708332003374e-07	4.806440e-01	5.066916e-01	5.011913e-01
1.174196903431946e-07	4.809300e-01	5.065976e-01	5.012012e-01
1.174685474860518e-07	4.812179e-01	5.065048e-01	5.012111e-01
1.175174046289090e-07	4.815076e-01	5.064132e-01	5.012210e-01
1.175662617717662e-07	4.817991e-01	5.063228e-01	5.012309e-01
1.176151189146234e-07	4.820925e-01	5.062336e-01	5.012407e-01
1.176639760574806e-07	4.823877e-01	5.061456e-01	5.012505e-01
1.177128332003378e-07	4.826847e-01	5.060588e-01	5.012603e-01
1.177138332003378e-07	4.826908e-01	5.060570e-01	5.012605e-01
1.178402617717665e-07	4.834685e-01	5.058392e-01	5.012858e-01
1.179666903431952e-07	4.842355e-01	5.056321e-01	5.013109e-01
1.180931189146239e-07	4.849916e-01	5.054356e-01	5.013360e-01
1.182195474860526e-07	4.857369e-01	5.052498e-01	5.013611e-01
1.183459760574813e-07	4.864714e-01	5.050745e-01	5.013860e-01
1.184724046289101e-07	4.871950e-01	5.049099e-01	5.014109e-01
1.185988332003388e-07	4.879078e-01	5.047560e-01	5.014357e-01
1.187378332003389e-07	4.886588e-01	5.045983e-01	5.014629e-01
1.188839760574819e-07	4.894208e-01	5.044468e-01	5.014914e-01
1.190301189146250e-07	4.901493e-01	5.043058e-01	5.015199e-01
1.191762617717680e-07	4.908444e-01	5.041751e-01	5.015483e-01
1.193224046289110e-07	4.915062e-01	5.040549e-01	5.015767e-01
1.194685474860540e-07	4.921345e-01	5.039451e-01	5.016050e-01
1.196146903431971e-07	4.927294e-01	5.038457e-01	5.016332e-01
1.197608332003401e-07	4.932910e-01	5.037568e-01	5.016614e-01
1.197618332003401e-07	4.932947e-01	5.037562e-01	5.016616e-01
1.199079760574831e-07	4.938197e-01	5.036748e-01	5.016898e-01
1.200541189146261e-07	4.943152e-01	5.035994e-01	5.017179e-01
1.202002617717691e-07	4.947814e-01	5.035299e-01	5.017461e-01
1.203464046289122e-07	4.952182e-01	5.034664e-01	5.017742e-01
1.204925474860552e-07	4.956255e-01	5.034088e-01	5.018023e-01
1.206386903431982e-07	4.960034e-01	5.033572e-01	5.018303e-01
1.207848332003412e-07	4.963520e-01	5.033115e-01	5.018584e-01
1.207858332003412e-07	4.963543e-01	5.033112e-01	5.018585e-01
1.208058332003413e-07	4.964004e-01	5.033051e-01	5.018624e-01
1.208258332003413e-07	4.964460e-01	5.032991e-01	5.018662e-01
1.208458332003413e-07	4.964912e-01	5.032932e-01	5.018700e-01
1.208658332003413e-07	4.965360e-01	5.032874e-01	5.018739e-01
1.208858332003414e-07	4.965803e-01	5.032816e-01	5.018777e-01
1.209058332003414e-07	4.966241e-01	5.032759e-01	5.018816e-01
1.209258332003414e-07	4.966674e-01	5.032703e-01	5.018854e-01
1.209496903431986e-07	4.967186e-01	5.032637e-01	5.018900e-01
1.209735474860558e-07	4.967691e-01	5.032572e-01	5.018947e-01
1.209974046289129e-07	4.968191e-01	5.032508e-01	5.018996e-01
1.210212617717701e-07	4.968684e-01	5.032445e-01	5.019047e-01
1.210451189146272e-07	4.969171e-01	5.032383e-01	5.019099e-01
1.210689760574844e-07	4.969652e-01	5.032322e-01	5.019153e-01
1.210928332003416e-07	4.970127e-01	5.032262e-01	5.019208e-01
1.211174046289131e-07	4.970610e-01	5.032201e-01	5.019269e-01
1.211419760574845e-07	4.971086e-01	5.032141e-01	5.019332e-01
1.211665474860560e-07	4.971557e-01	5.032082e-01	5.019398e-01
1.211911189146274e-07	4.972022e-01	5.032024e-01	5.019466e-01
1.212156903431989e-07	4.972481e-01	5.031967e-01	5.019536e-01
1.212402617717703e-07	4.972933e-01	5.031911e-01	5.019609e-01
1.212648332003418e-07	4.973380e-01	5.031856e-01	5.019684e-01
1.213084046289133e-07	4.974157e-01	5.031761e-01	5.019825e-01
1.213519760574847e-07	4.974917e-01	5.031668e-01	5.019965e-01
1.213955474860562e-07	4.975659e-01	5.031577e-01	5.020104e-01
1.214391189146277e-07	4.976385e-01	5.031490e-01	5.020241e-01
1.214826903431992e-07	4.977093e-01	5.031404e-01	5.020378e-01
1.215262617717706e-07	4.977785e-01	5.031321e-01	5.020514e-01
1.215698332003421e-07	4.978459e-01	5.031241e-01	5.020649e-01
1.216018332003422e-07	4.978944e-01	5.031184e-01	5.020741e-01
1.216338332003422e-07	4.979421e-01	5.031127e-01	5.020829e-01
1.216658332003422e-07	4.979889e-01	5.031072e-01	5.020912e-01
1.216978332003423e-07	4.980350e-01	5.031018e-01	5.020991e-01
1.217298332003423e-07	4.980802e-01	5.030965e-01	5.021066e-01
1.217618332003424e-07	4.981246e-01	5.030913e-01	5.021136e-01
1.217938332003424e-07	4.981682e-01	5.030863e-01	5.021201e-01
1.218098332003424e-07	4.981897e-01	5.030838e-01	5.021232e-01
1.218432617717710e-07	4.982340e-01	5.030787e-01	5.021292e-01
1.218766903431996e-07	4.982775e-01	5.030737e-01	5.021347e-01
1.219101189146282e-07	4.983202e-01	5.030688e-01	5.021398e-01
1.219435474860569e-07	4.983621e-01	5.030640e-01	5.021444e-01
1.219769760574855e-07	4.984033e-01	5.030593e-01	5.021484e-01
1.220104046289141e-07	4.984436e-01	5.030547e-01	5.021521e-01
1.220438332003427e-07	4.984831e-01	5.030502e-01	5.021552e-01
1.220918332003427e-07	4.985385e-01	5.030440e-01	5.021589e-01
1.221398332003428e-07	4.985925e-01	5.030379e-01	5.021621e-01
1.221878332003428e-07	4.986450e-01	5.030320e-01	5.021649e-01
1.222358332003429e-07	4.986962e-01	5.030263e-01	5.021672e-01
1.222838332003429e-07	4.987459e-01	5.030208e-01	5.021690e-01
1.223318332003430e-07	4.987941e-01	5.030155e-01	5.021704e-01
1.223798332003431e-07	4.988410e-01	5.030104e-01	5.021713e-01
1.224076903432002e-07	4.988676e-01	5.030075e-01	5.021719e-01
1.224355474860574e-07	4.988938e-01	5.030046e-01	5.021725e-01
1.224634046289146e-07	4.989196e-01	5.030018e-01	5.021731e-01
1.224912617717717e-07	4.989450e-01	5.029990e-01	5.021737e-01
1.225191189146289e-07	4.989700e-01	5.029963e-01	5.021743e-01
1.225469760574861e-07	4.989945e-01	5.029936e-01	5.021750e-01
1.225748332003433e-07	4.990186e-01	5.029910e-01	5.021756e-01
1.226048332003433e-07	4.990441e-01	5.029883e-01	5.021764e-01
1.226348332003433e-07	4.990692e-01	5.029856e-01	5.021773e-01
1.226648332003434e-07	4.990939e-01	5.029830e-01	5.021783e-01
1.226948332003434e-07	4.991181e-01	5.029804e-01	5.021794e-01
1.227248332003434e-07	4.991419e-01	5.029778e-01	5.021806e-01
1.227548332003435e-07	4.991653e-01	5.029753e-01	5.021820e-01
1.227848332003435e-07	4.991882e-01	5.029729e-01	5.021834e-01
1.228338332003436e-07	4.992248e-01	5.029690e-01	5.021862e-01
1.228774046289151e-07	4.992563e-01	5.029656e-01	5.021890e-01
1.229209760574865e-07	4.992872e-01	5.029624e-01	5.021922e-01
1.229645474860580e-07	4.993172e-01	5.029592e-01	5.021957e-01
1.230081189146295e-07	4.993465e-01	5.029562e-01	5.021996e-01
1.230516903432010e-07	4.993749e-01	5.029532e-01	5.022040e-01
1.230952617717724e-07	4.994027e-01	5.029503e-01	5.022087e-01
1.231388332003439e-07	4.994296e-01	5.029475e-01	5.022138e-01
1.232139760574869e-07	4.994742e-01	5.029429e-01	5.022236e-01
1.232891189146298e-07	4.995171e-01	5.029384e-01	5.022346e-01
1.233642617717727e-07	4.995581e-01	5.029342e-01	5.022465e-01
1.234394046289157e-07	4.995973e-01	5.029302e-01	5.022595e-01
1.235145474860586e-07	4.996346e-01	5.029264e-01	5.022735e-01
1.235896903432016e-07	4.996702e-01	5.029228e-01	5.022886e-01
1.236648332003445e-07	4.997039e-01	5.029194e-01	5.023047e-01
1.236922617717731e-07	4.997159e-01	5.029182e-01	5.023108e-01
1.237196903432017e-07	4.997277e-01	5.029170e-01	5.023169e-01
1.237471189146303e-07	4.997392e-01	5.029158e-01	5.023231e-01
1.237745474860589e-07	4.997506e-01	5.029146e-01	5.023294e-01
1.238019760574875e-07	4.997618e-01	5.029135e-01	5.023359e-01
1.238294046289161e-07	4.997728e-01	5.029124e-01	5.023424e-01
1.238568332003447e-07	4.997836e-01	5.029113e-01	5.023490e-01
1.238578332003447e-07	4.997840e-01	5.029113e-01	5.023493e-01
1.238966903432019e-07	4.997989e-01	5.029098e-01	5.023588e-01
1.239355474860591e-07	4.998135e-01	5.029083e-01	5.023684e-01
1.239744046289163e-07	4.998278e-01	5.029069e-01	5.023782e-01
1.240132617717735e-07	4.998417e-01	5.029055e-01	5.023881e-01
1.240521189146307e-07	4.998553e-01	5.029042e-01	5.023981e-01
1.240909760574878e-07	4.998685e-01	5.029028e-01	5.024082e-01
1.241298332003450e-07	4.998814e-01	5.029016e-01	5.024185e-01
1.241656903432022e-07	4.998930e-01	5.029004e-01	5.024285e-01
1.242015474860594e-07	4.999044e-01	5.028993e-01	5.024377e-01
1.242374046289166e-07	4.999155e-01	5.028982e-01	5.024462e-01
1.242732617717738e-07	4.999264e-01	5.028971e-01	5.024540e-01
1.243091189146310e-07	4.999370e-01	5.028960e-01	5.024611e-01
1.243449760574881e-07	4.999474e-01	5.028950e-01	5.024675e-01
1.243808332003453e-07	4.999575e-01	5.028940e-01	5.024731e-01
1.243936903432025e-07	4.999611e-01	5.028937e-01	5.024746e-01
1.244065474860596e-07	4.999646e-01	5.028933e-01	5.024760e-01
1.244194046289168e-07	4.999681e-01	5.028930e-01	5.024771e-01
1.244322617717739e-07	4.999716e-01	5.028926e-01	5.024779e-01
1.244451189146311e-07	4.999751e-01	5.028923e-01	5.024786e-01
1.244579760574883e-07	4.999785e-01	5.028920e-01	5.024791e-01
1.244708332003454e-07	4.999819e-01	5.028917e-01	5.024793e-01
1.244791189146311e-07	4.999841e-01	5.028914e-01	5.024794e-01
1.244874046289169e-07	4.999863e-01	5.028912e-01	5.024793e-01
1.244956903432026e-07	4.999884e-01	5.028910e-01	5.024791e-01
1.245039760574883e-07	4.999905e-01	5.028908e-01	5.024789e-01
1.245122617717740e-07	4.999927e-01	5.028906e-01	5.024785e-01
1.245205474860598e-07	4.999948e-01	5.028904e-01	5.024781e-01
1.245288332003455e-07	4.999969e-01	5.028902e-01	5.024775e-01
1.245495474860598e-07	5.000021e-01	5.028896e-01	5.024757e-01
1.245702617717741e-07	5.000073e-01	5.028891e-01	5.024732e-01
1.245909760574884e-07	5.000124e-01	5.028886e-01	5.024701e-01
1.246116903432027e-07	5.000174e-01	5.028881e-01	5.024663e-01
1.246324046289171e-07	5.000223e-01	5.028877e-01	5.024619e-01
1.246531189146313e-07	5.000272e-01	5.028872e-01	5.024568e-01
1.246738332003457e-07	5.000320e-01	5.028867e-01	5.024510e-01
1.247034046289171e-07	5.000388e-01	5.028860e-01	5.024416e-01
1.247329760574886e-07	5.000454e-01	5.028854e-01	5.024309e-01
1.247625474860601e-07	5.000519e-01	5.028848e-01	5.024189e-01
1.247921189146315e-07	5.000583e-01	5.028841e-01	5.024057e-01
1.248216903432030e-07	5.000646e-01	5.028835e-01	5.023913e-01
1.248512617717744e-07	5.000707e-01	5.028829e-01	5.023756e-01
1.248808332003459e-07	5.000768e-01	5.028824e-01	5.023586e-01
1.248818332003459e-07	5.000769e-01	5.028824e-01	5.023580e-01
1.249742617717746e-07	5.000949e-01	5.028806e-01	5.022944e-01
1.250666903432032e-07	5.001119e-01	5.028790e-01	5.022251e-01
1.251591189146319e-07	5.001280e-01	5.028774e-01	5.021499e-01
1.252515474860606e-07	5.001432e-01	5.028759e-01	5.020690e-01
1.253439760574893e-07	5.001574e-01	5.028745e-01	5.019823e-01
1.254364046289180e-07	5.001708e-01	5.028732e-01	5.018898e-01
1.255288332003466e-07	5.001832e-01	5.028720e-01	5.017916e-01
1.255825474860610e-07	5.001901e-01	5.028714e-01	5.017355e-01
1.256362617717753e-07	5.001967e-01	5.028708e-01	5.016797e-01
1.256899760574897e-07	5.002032e-01	5.028701e-01	5.016240e-01
1.257436903432040e-07	5.002094e-01	5.028695e-01	5.015685e-01
1.257974046289184e-07	5.002155e-01	5.028690e-01	5.015132e-01
1.258511189146327e-07	5.002213e-01	5.028684e-01	5.014581e-01
1.259048332003471e-07	5.002269e-01	5.028679e-01	5.014032e-01
1.259058332003471e-07	5.002270e-01	5.028679e-01	5.014022e-01
1.260004046289186e-07	5.002362e-01	5.028670e-01	5.013071e-01
1.260949760574901e-07	5.002450e-01	5.028661e-01	5.012153e-01
1.261895474860617e-07	5.002533e-01	5.028653e-01	5.011269e-01
1.262841189146332e-07	5.002611e-01	5.028646e-01	5.010417e-01
1.263786903432047e-07	5.002684e-01	5.028639e-01	5.009598e-01
1.264732617717763e-07	5.002752e-01	5.028632e-01	5.008812e-01
1.265678332003478e-07	5.002815e-01	5.028626e-01	5.008060e-01
1.266194046289193e-07	5.002848e-01	5.028623e-01	5.007668e-01
1.266709760574908e-07	5.002880e-01	5.028620e-01	5.007288e-01
1.267225474860623e-07	5.002911e-01	5.028617e-01	5.006919e-01
1.267741189146337e-07	5.002941e-01	5.028614e-01	5.006561e-01
1.268256903432052e-07	5.002969e-01	5.028612e-01	5.006215e-01
1.268772617717767e-07	5.002997e-01	5.028609e-01	5.005880e-01
1.269288332003482e-07	5.003024e-01	5.028607e-01	5.005556e-01
1.269298332003482e-07	5.003024e-01	5.028607e-01	5.005550e-01
1.270759760574912e-07	5.003094e-01	5.028600e-01	5.004705e-01
1.272221189146343e-07	5.003158e-01	5.028594e-01	5.003931e-01
1.273682617717773e-07	5.003217e-01	5.028588e-01	5.003230e-01
1.275144046289203e-07	5.003270e-01	5.028583e-01	5.002602e-01
1.276605474860633e-07	5.003318e-01	5.028578e-01	5.002046e-01
1.278066903432064e-07	5.003361e-01	5.028574e-01	5.001562e-01
1.279528332003494e-07	5.003399e-01	5.028570e-01	5.001151e-01
1.279538332003494e-07	5.003399e-01	5.028570e-01	5.001148e-01
1.280791189146352e-07	5.003429e-01	5.028567e-01	5.000835e-01
1.282044046289211e-07	5.003456e-01	5.028565e-01	5.000552e-01
1.283296903432069e-07	5.003482e-01	5.028562e-01	5.000298e-01
1.284549760574928e-07	5.003506e-01	5.028560e-01	5.000074e-01
1.285802617717786e-07	5.003527e-01	5.028558e-01	4.999879e-01
1.287055474860645e-07	5.003547e-01	5.028556e-01	4.999713e-01
1.288308332003504e-07	5.003564e-01	5.028555e-01	4.999577e-01
1.288516903432075e-07	5.003567e-01	5.028554e-01	4.999556e-01
1.288725474860647e-07	5.003570e-01	5.028554e-01	4.999535e-01
1.288934046289219e-07	5.003573e-01	5.028554e-01	4.999514e-01
1.289142617717790e-07	5.003575e-01	5.028553e-01	4.999494e-01
1.289351189146362e-07	5.003578e-01	5.028553e-01	4.999475e-01
1.289559760574934e-07	5.003581e-01	5.028553e-01	4.999456e-01
1.289768332003505e-07	5.003583e-01	5.028553e-01	4.999437e-01
1.289778332003505e-07	5.003583e-01	5.028553e-01	4.999436e-01
1.290692617717792e-07	5.003594e-01	5.028552e-01	4.999363e-01
1.291606903432079e-07	5.003604e-01	5.028551e-01	4.999297e-01
1.292521189146366e-07	5.003614e-01	5.028550e-01	4.999239e-01
1.293435474860652e-07	5.003623e-01	5.028549e-01	4.999188e-01
1.294349760574939e-07	5.003631e-01	5.028548e-01	4.999144e-01
1.295264046289226e-07	5.003639e-01	5.028547e-01	4.999107e-01
1.296178332003513e-07	5.003647e-01	5.028546e-01	4.999078e-01
1.296725474860656e-07	5.003651e-01	5.028546e-01	4.999062e-01
1.297272617717799e-07	5.003655e-01	5.028546e-01	4.999048e-01
1.297819760574943e-07	5.003659e-01	5.028545e-01	4.999036e-01
1.298366903432087e-07	5.003663e-01	5.028545e-01	4.999025e-01
1.298914046289230e-07	5.003666e-01	5.028545e-01	4.999016e-01
1.299461189146373e-07	5.003670e-01	5.028544e-01	4.999008e-01
1.300008332003517e-07	5.003673e-01	5.028544e-01	4.999002e-01
1.300018332003517e-07	5.003673e-01	5.028544e-01	4.999002e-01
1.300041189146374e-07	5.003673e-01	5.028544e-01	4.999001e-01
1.300064046289231e-07	5.003673e-01	5.028544e-01	4.999001e-01
1.300086903432089e-07	5.003673e-01	5.028544e-01	4.999001e-01
1.300109760574946e-07	5.003674e-01	5.028544e-01	4.999001e-01
1.300132617717803e-07	5.003674e-01	5.028544e-01	4.999000e-01
1.300155474860660e-07	5.003674e-01	5.028544e-01	4.999000e-01
1.300178332003517e-07	5.003674e-01	5.028544e-01	4.999000e-01
1.300208332003517e-07	5.003674e-01	5.028544e-01	4.999000e-01
1.300238332003517e-07	5.003674e-01	5.028544e-01	4.999000e-01
1.300268332003517e-07	5.003675e-01	5.028544e-01	4.998999e-01
1.300298332003517e-07	5.003675e-01	5.028545e-01	4.998999e-01
1.300326903432089e-07	5.003675e-01	5.028545e-01	4.998999e-01
1.300355474860660e-07	5.003675e-01	5.028545e-01	4.998998e-01
1.300384046289232e-07	5.003675e-01	5.028546e-01	4.998998e-01
1.300412617717803e-07	5.003675e-01	5.028546e-01	4.998998e-01
1.300441189146375e-07	5.003675e-01	5.028547e-01	4.998998e-01
1.300469760574946e-07	5.003676e-01	5.028549e-01	4.998997e-01
1.300498332003518e-07	5.003676e-01	5.028550e-01	4.998997e-01
1.300536903432089e-07	5.003676e-01	5.028552e-01	4.998997e-01
1.300575474860661e-07	5.003676e-01	5.028554e-01	4.998996e-01
1.300614046289232e-07	5.003676e-01	5.028557e-01	4.998996e-01
1.300652617717803e-07	5.003677e-01	5.028560e-01	4.998996e-01
1.300691189146375e-07	5.003677e-01	5.028563e-01	4.998995e-01
1.300729760574946e-07	5.003677e-01	5.028567e-01	4.998995e-01
1.300768332003518e-07	5.003678e-01	5.028571e-01	4.998995e-01
1.300826903432089e-07	5.003678e-01	5.028579e-01	4.998994e-01
1.300885474860661e-07	5.003678e-01	5.028587e-01	4.998994e-01
1.300944046289232e-07	5.003678e-01	5.028596e-01	4.998994e-01
1.301002617717804e-07	5.003678e-01	5.028606e-01	4.998993e-01
1.301061189146375e-07	5.003678e-01	5.028616e-01	4.998993e-01
1.301119760574947e-07	5.003679e-01	5.028627e-01	4.998993e-01
1.301178332003518e-07	5.003679e-01	5.028638e-01	4.998992e-01
1.301245474860661e-07	5.003679e-01	5.028652e-01	4.998992e-01
1.301312617717804e-07	5.003679e-01	5.028666e-01	4.998991e-01
1.301379760574947e-07	5.003679e-01	5.028680e-01	4.998991e-01
1.301446903432090e-07	5.003679e-01	5.028694e-01	4.998991e-01
1.301514046289233e-07	5.003679e-01	5.028708e-01	4.998990e-01
1.301581189146376e-07	5.003679e-01	5.028723e-01	4.998990e-01
1.301648332003519e-07	5.003678e-01	5.028737e-01	4.998990e-01
1.301732617717805e-07	5.003678e-01	5.028754e-01	4.998989e-01
1.301816903432090e-07	5.003677e-01	5.028770e-01	4.998989e-01
1.301901189146376e-07	5.003676e-01	5.028784e-01	4.998989e-01
1.301985474860662e-07	5.003674e-01	5.028795e-01	4.998988e-01
1.302069760574948e-07	5.003673e-01	5.028805e-01	4.998988e-01
1.302154046289234e-07	5.003671e-01	5.028813e-01	4.998988e-01
1.302238332003520e-07	5.003668e-01	5.028819e-01	4.998988e-01
1.302292617717805e-07	5.003667e-01	5.028821e-01	4.998988e-01
1.302346903432091e-07	5.003665e-01	5.028822e-01	4.998987e-01
1.302401189146377e-07	5.003663e-01	5.028821e-01	4.998987e-01
1.302455474860663e-07	5.003660e-01	5.028819e-01	4.998987e-01
1.302509760574948e-07	5.003658e-01	5.028815e-01	4.998987e-01
1.302564046289234e-07	5.003655e-01	5.028810e-01	4.998987e-01
1.302618332003520e-07	5.003652e-01	5.028803e-01	4.998987e-01
1.302706903432092e-07	5.003647e-01	5.028789e-01	4.998987e-01
1.302795474860663e-07	5.003640e-01	5.028770e-01	4.998987e-01
1.302884046289235e-07	5.003634e-01	5.028746e-01	4.998987e-01
1.302972617717806e-07	5.003626e-01	5.028717e-01	4.998987e-01
1.303061189146378e-07	5.003618e-01	5.028683e-01	4.998987e-01
1.303149760574949e-07	5.003609e-01	5.028644e-01	4.998987e-01
1.303238332003521e-07	5.003600e-01	5.028600e-01	4.998987e-01
1.303374046289235e-07	5.003583e-01	5.028521e-01	4.998987e-01
1.303509760574949e-07	5.003563e-01	5.028429e-01	4.998987e-01
1.303645474860664e-07	5.003542e-01	5.028325e-01	4.998988e-01
1.303781189146378e-07	5.003517e-01	5.028207e-01	4.998988e-01
1.303916903432093e-07	5.003490e-01	5.028077e-01	4.998988e-01
1.304052617717807e-07	5.003461e-01	5.027933e-01	4.998989e-01
1.304188332003522e-07	5.003429e-01	5.027776e-01	4.998989e-01
1.304405474860665e-07	5.003372e-01	5.027495e-01	4.998990e-01
1.304622617717808e-07	5.003306e-01	5.027188e-01	4.998991e-01
1.304839760574951e-07	5.003231e-01	5.026855e-01	4.998992e-01
1.305056903432094e-07	5.003148e-01	5.026497e-01	4.998993e-01
1.305274046289237e-07	5.003056e-01	5.026113e-01	4.998994e-01
1.305491189146380e-07	5.002955e-01	5.025704e-01	4.998995e-01
1.305708332003523e-07	5.002846e-01	5.025269e-01	4.998997e-01
1.306002617717809e-07	5.002682e-01	5.024646e-01	4.998999e-01
1.306296903432096e-07	5.002503e-01	5.024013e-01	4.999001e-01
1.306591189146382e-07	5.002308e-01	5.023369e-01	4.999004e-01
1.306885474860668e-07	5.002099e-01	5.022715e-01	4.999006e-01
1.307179760574954e-07	5.001874e-01	5.022050e-01	4.999009e-01
1.307474046289240e-07	5.001634e-01	5.021375e-01	4.999012e-01
1.307768332003526e-07	5.001379e-01	5.020689e-01	4.999015e-01
1.308082617717812e-07	5.001091e-01	5.019972e-01	4.999018e-01
1.308396903432098e-07	5.000795e-01	5.019277e-01	4.999022e-01
1.308711189146384e-07	5.000490e-01	5.018604e-01	4.999025e-01
1.309025474860670e-07	5.000178e-01	5.017953e-01	4.999029e-01
1.309339760574956e-07	4.999857e-01	5.017324e-01	4.999033e-01
1.309654046289242e-07	4.999528e-01	5.016716e-01	4.999037e-01
1.309968332003528e-07	4.999190e-01	5.016131e-01	4.999041e-01
1.310258332003529e-07	4.998881e-01	5.015625e-01	4.999045e-01
1.310618332003529e-07	4.998491e-01	5.015033e-01	4.999050e-01
1.310978332003529e-07	4.998108e-01	5.014482e-01	4.999055e-01
1.311338332003530e-07	4.997734e-01	5.013972e-01	4.999060e-01
1.311698332003530e-07	4.997367e-01	5.013503e-01	4.999066e-01
1.312058332003531e-07	4.997009e-01	5.013075e-01	4.999071e-01
1.312418332003531e-07	4.996658e-01	5.012687e-01	4.999077e-01
1.312778332003531e-07	4.996315e-01	5.012341e-01	4.999082e-01
1.313159760574960e-07	4.995971e-01	5.012018e-01	4.999088e-01
1.313541189146389e-07	4.995651e-01	5.011730e-01	4.999094e-01
1.313922617717818e-07	4.995354e-01	5.011477e-01	4.999100e-01
1.314304046289248e-07	4.995081e-01	5.011259e-01	4.999106e-01
1.314685474860677e-07	4.994831e-01	5.011076e-01	4.999112e-01
1.315066903432106e-07	4.994604e-01	5.010927e-01	4.999119e-01
1.315448332003534e-07	4.994402e-01	5.010814e-01	4.999125e-01
1.315704046289249e-07	4.994283e-01	5.010751e-01	4.999129e-01
1.315959760574964e-07	4.994178e-01	5.010699e-01	4.999133e-01
1.316215474860678e-07	4.994086e-01	5.010657e-01	4.999138e-01
1.316471189146393e-07	4.994007e-01	5.010625e-01	4.999142e-01
1.316726903432107e-07	4.993940e-01	5.010603e-01	4.999146e-01
1.316982617717822e-07	4.993887e-01	5.010592e-01	4.999151e-01
1.317238332003537e-07	4.993847e-01	5.010591e-01	4.999155e-01
1.317354046289251e-07	4.993833e-01	5.010592e-01	4.999157e-01
1.317469760574965e-07	4.993822e-01	5.010596e-01	4.999159e-01
1.317585474860680e-07	4.993814e-01	5.010601e-01	4.999161e-01
1.317701189146394e-07	4.993808e-01	5.010607e-01	4.999163e-01
1.317816903432109e-07	4.993805e-01	5.010615e-01	4.999165e-01
1.317932617717823e-07	4.993805e-01	5.010625e-01	4.999167e-01
1.318048332003537e-07	4.993808e-01	5.010636e-01	4.999169e-01
1.318318332003538e-07	4.993824e-01	5.010668e-01	4.999173e-01
1.318588332003538e-07	4.993855e-01	5.010707e-01	4.999178e-01
1.318858332003538e-07	4.993900e-01	5.010752e-01	4.999182e-01
1.319128332003539e-07	4.993959e-01	5.010803e-01	4.999187e-01
1.319398332003539e-07	4.994031e-01	5.010860e-01	4.999191e-01
1.319668332003539e-07	4.994118e-01	5.010923e-01	4.999196e-01
1.319938332003540e-07	4.994219e-01	5.010992e-01	4.999200e-01
1.320498332003540e-07	4.994469e-01	5.011148e-01	4.999210e-01
1.321022617717826e-07	4.994759e-01	5.011315e-01	4.999219e-01
1.321546903432113e-07	4.995087e-01	5.011491e-01	4.999227e-01
1.322071189146399e-07	4.995454e-01	5.011676e-01	4.999236e-01
1.322595474860686e-07	4.995858e-01	5.011871e-01	4.999244e-01
1.323119760574972e-07	4.996301e-01	5.012075e-01	4.999253e-01
1.323644046289258e-07	4.996782e-01	5.012288e-01	4.999261e-01
1.324168332003544e-07	4.997301e-01	5.012510e-01	4.999270e-01
1.324995474860688e-07	4.998191e-01	5.012872e-01	4.999283e-01
1.325822617717832e-07	4.999113e-01	5.013235e-01	4.999295e-01
1.326649760574976e-07	5.000066e-01	5.013601e-01	4.999308e-01
1.327476903432120e-07	5.001050e-01	5.013969e-01	4.999320e-01
1.328304046289263e-07	5.002065e-01	5.014339e-01	4.999332e-01
1.329131189146407e-07	5.003112e-01	5.014712e-01	4.999344e-01
1.329958332003551e-07	5.004190e-01	5.015087e-01	4.999355e-01
1.330738332003552e-07	5.005181e-01	5.015432e-01	4.999366e-01
1.330954046289266e-07	5.005455e-01	5.015527e-01	4.999368e-01
1.331169760574981e-07	5.005727e-01	5.015622e-01	4.999371e-01
1.331385474860695e-07	5.005998e-01	5.015716e-01	4.999374e-01
1.331601189146410e-07	5.006268e-01	5.015809e-01	4.999377e-01
1.331816903432125e-07	5.006538e-01	5.015902e-01	4.999380e-01
1.332032617717839e-07	5.006806e-01	5.015995e-01	4.999383e-01
1.332248332003554e-07	5.007073e-01	5.016087e-01	4.999385e-01
1.332258332003554e-07	5.007085e-01	5.016092e-01	4.999385e-01
1.332268332003554e-07	5.007098e-01	5.016097e-01	4.999385e-01
1.332278332003554e-07	5.007110e-01	5.016098e-01	4.999385e-01
1.332288332003554e-07	5.007122e-01	5.016103e-01	4.999386e-01
1.332298332003554e-07	5.007135e-01	5.016109e-01	4.999386e-01
1.332308332003554e-07	5.007147e-01	5.016112e-01	4.999386e-01
1.332479760574982e-07	5.007357e-01	5.016184e-01	4.999388e-01
1.332651189146411e-07	5.007569e-01	5.016256e-01	4.999390e-01
1.332822617717840e-07	5.007781e-01	5.016330e-01	4.999392e-01
1.332994046289269e-07	5.007994e-01	5.016406e-01	4.999395e-01
1.333165474860698e-07	5.008208e-01	5.016483e-01	4.999397e-01
1.333336903432126e-07	5.008424e-01	5.016562e-01	4.999399e-01
1.333508332003555e-07	5.008640e-01	5.016642e-01	4.999401e-01
1.333648332003555e-07	5.008817e-01	5.016711e-01	4.999403e-01
1.333788332003555e-07	5.008995e-01	5.016783e-01	4.999404e-01
1.333928332003555e-07	5.009173e-01	5.016857e-01	4.999406e-01
1.334068332003556e-07	5.009350e-01	5.016935e-01	4.999407e-01
1.334208332003556e-07	5.009528e-01	5.017015e-01	4.999409e-01
1.334348332003556e-07	5.009705e-01	5.017098e-01	4.999411e-01
1.334488332003556e-07	5.009882e-01	5.017183e-01	4.999413e-01
1.334656903432128e-07	5.010095e-01	5.017292e-01	4.999415e-01
1.334825474860699e-07	5.010305e-01	5.017402e-01	4.999417e-01
1.334994046289271e-07	5.010514e-01	5.017513e-01	4.999418e-01
1.335162617717842e-07	5.010719e-01	5.017625e-01	4.999420e-01
1.335331189146414e-07	5.010923e-01	5.017739e-01	4.999422e-01
1.335499760574986e-07	5.011125e-01	5.017854e-01	4.999424e-01
1.335668332003557e-07	5.011324e-01	5.017971e-01	4.999426e-01
1.335934046289272e-07	5.011632e-01	5.018158e-01	4.999429e-01
1.336199760574987e-07	5.011931e-01	5.018324e-01	4.999432e-01
1.336465474860701e-07	5.012220e-01	5.018468e-01	4.999435e-01
1.336731189146416e-07	5.012501e-01	5.018590e-01	4.999438e-01
1.336996903432130e-07	5.012772e-01	5.018691e-01	4.999440e-01
1.337262617717845e-07	5.013034e-01	5.018770e-01	4.999443e-01
1.337528332003560e-07	5.013288e-01	5.018827e-01	4.999446e-01
1.337618332003560e-07	5.013371e-01	5.018834e-01	4.999447e-01
1.337708332003560e-07	5.013453e-01	5.018836e-01	4.999448e-01
1.337798332003560e-07	5.013535e-01	5.018834e-01	4.999449e-01
1.337888332003560e-07	5.013615e-01	5.018827e-01	4.999450e-01
1.337978332003560e-07	5.013694e-01	5.018814e-01	4.999451e-01
1.338068332003560e-07	5.013773e-01	5.018797e-01	4.999452e-01
1.338158332003560e-07	5.013850e-01	5.018775e-01	4.999453e-01
1.338332617717846e-07	5.013997e-01	5.018717e-01	4.999454e-01
1.338506903432132e-07	5.014140e-01	5.018637e-01	4.999456e-01
1.338681189146418e-07	5.014280e-01	5.018533e-01	4.999458e-01
1.338855474860704e-07	5.014416e-01	5.018406e-01	4.999460e-01
1.339029760574990e-07	5.014549e-01	5.018255e-01	4.999461e-01
1.339204046289276e-07	5.014679e-01	5.018082e-01	4.999463e-01
1.339378332003562e-07	5.014805e-01	5.017886e-01	4.999465e-01
1.339605474860705e-07	5.014965e-01	5.017590e-01	4.999467e-01
1.339832617717848e-07	5.015120e-01	5.017249e-01	4.999469e-01
1.340059760574991e-07	5.015271e-01	5.016863e-01	4.999471e-01
1.340286903432134e-07	5.015418e-01	5.016432e-01	4.999473e-01
1.340514046289277e-07	5.015561e-01	5.015956e-01	4.999475e-01
1.340741189146420e-07	5.015699e-01	5.015435e-01	4.999478e-01
1.340968332003563e-07	5.015833e-01	5.014870e-01	4.999480e-01
1.340978332003563e-07	5.015839e-01	5.014843e-01	4.999480e-01
1.341396903432135e-07	5.016075e-01	5.013661e-01	4.999483e-01
1.341815474860707e-07	5.016303e-01	5.012346e-01	4.999487e-01
1.342234046289279e-07	5.016523e-01	5.010900e-01	4.999491e-01
1.342652617717851e-07	5.016733e-01	5.009321e-01	4.999494e-01
1.343071189146423e-07	5.016936e-01	5.007610e-01	4.999498e-01
1.343489760574995e-07	5.017129e-01	5.005767e-01	4.999501e-01
1.343908332003567e-07	5.017314e-01	5.003791e-01	4.999505e-01
1.344546903432139e-07	5.017586e-01	5.000525e-01	4.999510e-01
1.345185474860711e-07	5.017844e-01	4.997157e-01	4.999514e-01
1.345824046289283e-07	5.018088e-01	4.993687e-01	4.999519e-01
1.346462617717855e-07	5.018317e-01	4.990117e-01	4.999524e-01
1.347101189146427e-07	5.018531e-01	4.986444e-01	4.999528e-01
1.347739760575000e-07	5.018731e-01	4.982671e-01	4.999533e-01
1.348378332003572e-07	5.018917e-01	4.978796e-01	4.999537e-01
1.348782617717858e-07	5.019026e-01	4.976393e-01	4.999540e-01
1.349186903432144e-07	5.019129e-01	4.974020e-01	4.999542e-01
1.349591189146430e-07	5.019225e-01	4.971678e-01	4.999545e-01
1.349995474860717e-07	5.019315e-01	4.969366e-01	4.999547e-01
1.350399760575003e-07	5.019398e-01	4.967085e-01	4.999549e-01
1.350804046289289e-07	5.019474e-01	4.964835e-01	4.999552e-01
1.351208332003575e-07	5.019544e-01	4.962615e-01	4.999554e-01
1.351218332003575e-07	5.019546e-01	4.962561e-01	4.999554e-01
1.351675474860718e-07	5.019616e-01	4.960117e-01	4.999557e-01
1.352132617717862e-07	5.019677e-01	4.957751e-01	4.999559e-01
1.352589760575005e-07	5.019729e-01	4.955465e-01	4.999562e-01
1.353046903432149e-07	5.019773e-01	4.953258e-01	4.999564e-01
1.353504046289292e-07	5.019808e-01	4.951130e-01	4.999566e-01
1.353961189146435e-07	5.019835e-01	4.949080e-01	4.999569e-01
1.354418332003579e-07	5.019853e-01	4.947110e-01	4.999571e-01
1.354728332003579e-07	5.019859e-01	4.945830e-01	4.999572e-01
1.355038332003579e-07	5.019862e-01	4.944592e-01	4.999574e-01
1.355348332003580e-07	5.019862e-01	4.943397e-01	4.999575e-01
1.355658332003580e-07	5.019858e-01	4.942245e-01	4.999577e-01
1.355968332003580e-07	5.019850e-01	4.941134e-01	4.999578e-01
1.356278332003581e-07	5.019838e-01	4.940066e-01	4.999579e-01
1.356588332003581e-07	5.019823e-01	4.939041e-01	4.999581e-01
1.357282617717868e-07	5.019774e-01	4.936913e-01	4.999584e-01
1.357976903432154e-07	5.019710e-01	4.934988e-01	4.999586e-01
1.358671189146441e-07	5.019632e-01	4.933266e-01	4.999589e-01
1.359365474860727e-07	5.019539e-01	4.931748e-01	4.999592e-01
1.360059760575014e-07	5.019431e-01	4.930433e-01	4.999594e-01
1.360754046289300e-07	5.019308e-01	4.929321e-01	4.999597e-01
1.361448332003587e-07	5.019171e-01	4.928413e-01	4.999599e-01
1.361458332003587e-07	5.019169e-01	4.928401e-01	4.999599e-01
1.362004046289302e-07	5.019054e-01	4.927817e-01	4.999601e-01
1.362549760575016e-07	5.018933e-01	4.927330e-01	4.999603e-01
1.363095474860731e-07	5.018807e-01	4.926941e-01	4.999605e-01
1.363641189146446e-07	5.018675e-01	4.926651e-01	4.999606e-01
1.364186903432161e-07	5.018538e-01	4.926458e-01	4.999608e-01
1.364732617717876e-07	5.018395e-01	4.926363e-01	4.999609e-01
1.365278332003591e-07	5.018247e-01	4.926366e-01	4.999611e-01
1.366002617717877e-07	5.018043e-01	4.926508e-01	4.999613e-01
1.366726903432164e-07	5.017836e-01	4.926762e-01	4.999615e-01
1.367451189146451e-07	5.017625e-01	4.927130e-01	4.999617e-01
1.368175474860737e-07	5.017410e-01	4.927611e-01	4.999618e-01
1.368899760575024e-07	5.017190e-01	4.928205e-01	4.999620e-01
1.369624046289310e-07	5.016967e-01	4.928912e-01	4.999622e-01
1.370348332003597e-07	5.016740e-01	4.929731e-01	4.999623e-01
1.370539760575025e-07	5.016680e-01	4.929957e-01	4.999624e-01
1.370731189146454e-07	5.016620e-01	4.930187e-01	4.999624e-01
1.370922617717883e-07	5.016560e-01	4.930422e-01	4.999624e-01
1.371114046289312e-07	5.016500e-01	4.930663e-01	4.999625e-01
1.371305474860741e-07	5.016440e-01	4.930909e-01	4.999625e-01
1.371496903432170e-07	5.016380e-01	4.931160e-01	4.999626e-01
1.371688332003598e-07	5.016320e-01	4.931416e-01	4.999626e-01
1.371698332003598e-07	5.016317e-01	4.931429e-01	4.999626e-01
1.372724046289314e-07	5.015992e-01	4.932921e-01	4.999628e-01
1.373749760575029e-07	5.015671e-01	4.934481e-01	4.999629e-01
1.374775474860745e-07	5.015353e-01	4.936112e-01	4.999631e-01
1.375801189146460e-07	5.015040e-01	4.937811e-01	4.999633e-01
1.376826903432176e-07	5.014731e-01	4.939581e-01	4.999634e-01
1.377852617717891e-07	5.014425e-01	4.941419e-01	4.999636e-01
1.378878332003606e-07	5.014123e-01	4.943328e-01	4.999637e-01
1.379314046289321e-07	5.013998e-01	4.944130e-01	4.999638e-01
1.379749760575036e-07	5.013875e-01	4.944932e-01	4.999638e-01
1.380185474860751e-07	5.013752e-01	4.945736e-01	4.999639e-01
1.380621189146465e-07	5.013631e-01	4.946540e-01	4.999639e-01
1.381056903432180e-07	5.013512e-01	4.947344e-01	4.999640e-01
1.381492617717895e-07	5.013393e-01	4.948149e-01	4.999640e-01
1.381928332003610e-07	5.013276e-01	4.948955e-01	4.999641e-01
1.381938332003610e-07	5.013274e-01	4.948973e-01	4.999641e-01
1.383272617717897e-07	5.012926e-01	4.951446e-01	4.999642e-01
1.384606903432184e-07	5.012592e-01	4.953857e-01	4.999643e-01
1.385941189146471e-07	5.012273e-01	4.956206e-01	4.999644e-01
1.387275474860759e-07	5.011969e-01	4.958493e-01	4.999646e-01
1.388609760575046e-07	5.011680e-01	4.960719e-01	4.999647e-01
1.389944046289333e-07	5.011406e-01	4.962883e-01	4.999648e-01
1.391278332003620e-07	5.011146e-01	4.964985e-01	4.999649e-01
1.391348332003621e-07	5.011133e-01	4.965092e-01	4.999649e-01
1.391418332003621e-07	5.011120e-01	4.965198e-01	4.999649e-01
1.391488332003621e-07	5.011107e-01	4.965305e-01	4.999649e-01
1.391558332003621e-07	5.011094e-01	4.965411e-01	4.999649e-01
1.391628332003621e-07	5.011081e-01	4.965517e-01	4.999649e-01
1.391698332003621e-07	5.011067e-01	4.965623e-01	4.999649e-01
1.391768332003621e-07	5.011054e-01	4.965728e-01	4.999649e-01
1.391825474860764e-07	5.011044e-01	4.965814e-01	4.999649e-01
1.391882617717907e-07	5.011034e-01	4.965900e-01	4.999649e-01
1.391939760575050e-07	5.011023e-01	4.965985e-01	4.999649e-01
1.391996903432193e-07	5.011013e-01	4.966071e-01	4.999649e-01
1.392054046289336e-07	5.011002e-01	4.966156e-01	4.999649e-01
1.392111189146478e-07	5.010992e-01	4.966241e-01	4.999649e-01
1.392168332003621e-07	5.010981e-01	4.966326e-01	4.999650e-01
1.392178332003621e-07	5.010979e-01	4.966341e-01	4.999650e-01
1.392365474860765e-07	5.010945e-01	4.966618e-01	4.999650e-01
1.392552617717908e-07	5.010912e-01	4.966893e-01	4.999651e-01
1.392739760575051e-07	5.010878e-01	4.967167e-01	4.999653e-01
1.392926903432194e-07	5.010845e-01	4.967439e-01	4.999656e-01
1.393114046289337e-07	5.010813e-01	4.967709e-01	4.999661e-01
1.393301189146480e-07	5.010780e-01	4.967977e-01	4.999666e-01
1.393488332003623e-07	5.010748e-01	4.968244e-01	4.999672e-01
1.393669760575052e-07	5.010717e-01	4.968501e-01	4.999680e-01
1.393851189146480e-07	5.010686e-01	4.968756e-01	4.999691e-01
1.394032617717909e-07	5.010656e-01	4.969010e-01	4.999703e-01
1.394214046289338e-07	5.010625e-01	4.969262e-01	4.999717e-01
1.394395474860767e-07	5.010595e-01	4.969512e-01	4.999733e-01
1.394576903432196e-07	5.010565e-01	4.969760e-01	4.999751e-01
1.394758332003624e-07	5.010536e-01	4.970007e-01	4.999771e-01
1.395219760575053e-07	5.010462e-01	4.970628e-01	4.999832e-01
1.395681189146483e-07	5.010390e-01	4.971238e-01	4.999912e-01
1.396142617717912e-07	5.010319e-01	4.971837e-01	5.000013e-01
1.396604046289341e-07	5.010250e-01	4.972426e-01	5.000135e-01
1.397065474860770e-07	5.010182e-01	4.973004e-01	5.000277e-01
1.397526903432199e-07	5.010115e-01	4.973571e-01	5.000440e-01
1.397988332003628e-07	5.010051e-01	4.974127e-01	5.000623e-01
1.398619760575057e-07	5.009964e-01	4.974872e-01	5.000909e-01
1.399251189146487e-07	5.009881e-01	4.975597e-01	5.001261e-01
1.399882617717916e-07	5.009799e-01	4.976303e-01	5.001679e-01
1.400514046289345e-07	5.009721e-01	4.976989e-01	5.002162e-01
1.401145474860775e-07	5.009644e-01	4.977657e-01	5.002711e-01
1.401776903432204e-07	5.009571e-01	4.978306e-01	5.003326e-01
1.402408332003633e-07	5.009499e-01	4.978936e-01	5.004007e-01
1.402418332003633e-07	5.009498e-01	4.978946e-01	5.004019e-01
1.402998332003634e-07	5.009434e-01	4.979508e-01	5.004726e-01
1.403578332003634e-07	5.009373e-01	4.980055e-01	5.005501e-01
1.404158332003635e-07	5.009313e-01	4.980588e-01	5.006344e-01
1.404738332003636e-07	5.009255e-01	4.981107e-01	5.007255e-01
1.405318332003636e-07	5.009198e-01	4.981611e-01	5.008234e-01
1.405898332003637e-07	5.009144e-01	4.982100e-01	5.009281e-01
1.406478332003638e-07	5.009091e-01	4.982575e-01	5.010397e-01
1.407359760575067e-07	5.009014e-01	4.983269e-01	5.012247e-01
1.408241189146497e-07	5.008940e-01	4.983935e-01	5.014189e-01
1.409122617717926e-07	5.008870e-01	4.984573e-01	5.016224e-01
1.410004046289356e-07	5.008803e-01	4.985183e-01	5.018353e-01
1.410885474860786e-07	5.008739e-01	4.985764e-01	5.020574e-01
1.411766903432215e-07	5.008678e-01	4.986318e-01	5.022888e-01
1.412648332003645e-07	5.008621e-01	4.986843e-01	5.025294e-01
1.412658332003645e-07	5.008620e-01	4.986849e-01	5.025322e-01
1.413704046289360e-07	5.008556e-01	4.987438e-01	5.028228e-01
1.414749760575076e-07	5.008495e-01	4.987998e-01	5.031082e-01
1.415795474860791e-07	5.008437e-01	4.988528e-01	5.033886e-01
1.416841189146507e-07	5.008383e-01	4.989027e-01	5.036638e-01
1.417886903432222e-07	5.008332e-01	4.989497e-01	5.039339e-01
1.418932617717937e-07	5.008284e-01	4.989937e-01	5.041989e-01
1.419978332003653e-07	5.008239e-01	4.990348e-01	5.044587e-01
1.420394046289368e-07	5.008222e-01	4.990505e-01	5.045566e-01
1.420809760575082e-07	5.008205e-01	4.990659e-01	5.046523e-01
1.421225474860797e-07	5.008189e-01	4.990808e-01	5.047457e-01
1.421641189146512e-07	5.008173e-01	4.990955e-01	5.048369e-01
1.422056903432227e-07	5.008157e-01	4.991097e-01	5.049259e-01
1.422472617717941e-07	5.008142e-01	4.991236e-01	5.050127e-01
1.422888332003656e-07	5.008128e-01	4.991371e-01	5.050973e-01
1.422898332003656e-07	5.008127e-01	4.991374e-01	5.050992e-01
1.423448332003657e-07	5.008108e-01	4.991548e-01	5.052079e-01
1.423998332003658e-07	5.008090e-01	4.991716e-01	5.053114e-01
1.424548332003658e-07	5.008072e-01	4.991878e-01	5.054097e-01
1.425098332003659e-07	5.008055e-01	4.992035e-01	5.055027e-01
1.425648332003659e-07	5.008038e-01	4.992187e-01	5.055906e-01
1.426198332003660e-07	5.008022e-01	4.992333e-01	5.056732e-01
1.426748332003661e-07	5.008007e-01	4.992474e-01	5.057505e-01
1.427429760575090e-07	5.007988e-01	4.992641e-01	5.058354e-01
1.428111189146519e-07	5.007970e-01	4.992802e-01	5.059134e-01
1.428792617717949e-07	5.007953e-01	4.992957e-01	5.059845e-01
1.429474046289378e-07	5.007937e-01	4.993104e-01	5.060489e-01
1.430155474860807e-07	5.007921e-01	4.993246e-01	5.061064e-01
1.430836903432237e-07	5.007906e-01	4.993380e-01	5.061571e-01
1.431518332003666e-07	5.007892e-01	4.993508e-01	5.062009e-01
1.431748332003666e-07	5.007887e-01	4.993550e-01	5.062152e-01
1.431978332003667e-07	5.007882e-01	4.993592e-01	5.062290e-01
1.432208332003667e-07	5.007877e-01	4.993633e-01	5.062423e-01
1.432438332003667e-07	5.007873e-01	4.993673e-01	5.062551e-01
1.432668332003667e-07	5.007868e-01	4.993712e-01	5.062674e-01
1.432898332003668e-07	5.007864e-01	4.993751e-01	5.062793e-01
1.433128332003668e-07	5.007860e-01	4.993789e-01	5.062906e-01
1.433138332003668e-07	5.007859e-01	4.993791e-01	5.062911e-01
1.433666903432240e-07	5.007850e-01	4.993877e-01	5.063154e-01
1.434195474860812e-07	5.007840e-01	4.993959e-01	5.063374e-01
1.434724046289384e-07	5.007831e-01	4.994039e-01	5.063569e-01
1.435252617717956e-07	5.007822e-01	4.994116e-01	5.063741e-01
1.435781189146528e-07	5.007814e-01	4.994190e-01	5.063888e-01
1.436309760575100e-07	5.007805e-01	4.994262e-01	5.064012e-01
1.436838332003672e-07	5.007797e-01	4.994330e-01	5.064111e-01
1.437112617717958e-07	5.007794e-01	4.994365e-01	5.064153e-01
1.437386903432244e-07	5.007790e-01	4.994399e-01	5.064188e-01
1.437661189146530e-07	5.007786e-01	4.994432e-01	5.064217e-01
1.437935474860816e-07	5.007782e-01	4.994465e-01	5.064238e-01
1.438209760575102e-07	5.007778e-01	4.994497e-01	5.064253e-01
1.438484046289388e-07	5.007774e-01	4.994528e-01	5.064260e-01
1.438758332003674e-07	5.007771e-01	4.994559e-01	5.064261e-01
1.439102617717960e-07	5.007766e-01	4.994597e-01	5.064252e-01
1.439446903432247e-07	5.007762e-01	4.994633e-01	5.064233e-01
1.439791189146533e-07	5.007758e-01	4.994669e-01	5.064202e-01
1.440135474860819e-07	5.007754e-01	4.994704e-01	5.064161e-01
1.440479760575105e-07	5.007750e-01	4.994738e-01	5.064109e-01
1.440824046289391e-07	5.007745e-01	4.994771e-01	5.064045e-01
1.441168332003677e-07	5.007741e-01	4.994804e-01	5.063971e-01
1.441482617717963e-07	5.007738e-01	4.994833e-01	5.063894e-01
1.441796903432249e-07	5.007735e-01	4.994861e-01	5.063808e-01
1.442111189146535e-07	5.007731e-01	4.994888e-01	5.063713e-01
1.442425474860821e-07	5.007728e-01	4.994915e-01	5.063610e-01
1.442739760575107e-07	5.007725e-01	4.994941e-01	5.063498e-01
1.443054046289394e-07	5.007721e-01	4.994967e-01	5.063377e-01
1.443368332003680e-07	5.007718e-01	4.994991e-01	5.063248e-01
1.443378332003680e-07	5.007718e-01	4.994992e-01	5.063244e-01
1.444678332003681e-07	5.007706e-01	4.995087e-01	5.062588e-01
1.445978332003682e-07	5.007695e-01	4.995174e-01	5.061834e-01
1.447278332003684e-07	5.007684e-01	4.995253e-01	5.060981e-01
1.448578332003685e-07	5.007675e-01	4.995324e-01	5.060031e-01
1.449878332003687e-07	5.007666e-01	4.995387e-01	5.058982e-01
1.451178332003688e-07	5.007658e-01	4.995442e-01	5.057835e-01
1.452478332003690e-07	5.007650e-01	4.995490e-01	5.056590e-01
1.453618332003691e-07	5.007644e-01	4.995528e-01	5.055487e-01
1.454978332003693e-07	5.007638e-01	4.995567e-01	5.054107e-01
1.456338332003694e-07	5.007632e-01	4.995601e-01	5.052727e-01
1.457698332003696e-07	5.007627e-01	4.995631e-01	5.051345e-01
1.459058332003697e-07	5.007622e-01	4.995656e-01	5.049963e-01
1.460418332003699e-07	5.007617e-01	4.995677e-01	5.048580e-01
1.461778332003700e-07	5.007612e-01	4.995694e-01	5.047197e-01
1.463138332003702e-07	5.007609e-01	4.995706e-01	5.045812e-01
1.463858332003703e-07	5.007607e-01	4.995712e-01	5.045103e-01
1.465319760575133e-07	5.007603e-01	4.995720e-01	5.043682e-01
1.466781189146563e-07	5.007600e-01	4.995725e-01	5.042312e-01
1.468242617717993e-07	5.007597e-01	4.995728e-01	5.040991e-01
1.469704046289424e-07	5.007594e-01	4.995729e-01	5.039721e-01
1.471165474860854e-07	5.007592e-01	4.995727e-01	5.038501e-01
1.472626903432284e-07	5.007590e-01	4.995722e-01	5.037331e-01
1.474088332003714e-07	5.007588e-01	4.995715e-01	5.036210e-01
1.474098332003714e-07	5.007588e-01	4.995714e-01	5.036203e-01
1.475376903432287e-07	5.007586e-01	4.995707e-01	5.035275e-01
1.476655474860860e-07	5.007585e-01	4.995698e-01	5.034387e-01
1.477934046289433e-07	5.007584e-01	4.995689e-01	5.033540e-01
1.479212617718006e-07	5.007582e-01	4.995678e-01	5.032734e-01
1.480491189146579e-07	5.007581e-01	4.995667e-01	5.031968e-01
1.481769760575152e-07	5.007580e-01	4.995654e-01	5.031242e-01
1.483048332003725e-07	5.007579e-01	4.995641e-01	5.030557e-01
1.483078332003725e-07	5.007579e-01	4.995640e-01	5.030541e-01
1.483108332003725e-07	5.007579e-01	4.995640e-01	5.030525e-01
1.483138332003725e-07	5.007579e-01	4.995639e-01	5.030510e-01
1.483168332003725e-07	5.007579e-01	4.995639e-01	5.030494e-01
1.483198332003725e-07	5.007579e-01	4.995639e-01	5.030479e-01
1.483228332003725e-07	5.007579e-01	4.995638e-01	5.030463e-01
1.483258332003725e-07	5.007579e-01	4.995638e-01	5.030447e-01
1.483288332003725e-07	5.007579e-01	4.995638e-01	5.030432e-01
1.483318332003725e-07	5.007578e-01	4.995637e-01	5.030416e-01
1.483348332003725e-07	5.007578e-01	4.995637e-01	5.030401e-01
1.483378332003725e-07	5.007578e-01	4.995637e-01	5.030385e-01
1.483421189146582e-07	5.007577e-01	4.995636e-01	5.030363e-01
1.483464046289439e-07	5.007576e-01	4.995635e-01	5.030341e-01
1.483506903432297e-07	5.007576e-01	4.995635e-01	5.030319e-01
1.483549760575154e-07	5.007575e-01	4.995634e-01	5.030297e-01
1.483592617718011e-07	5.007574e-01	4.995633e-01	5.030275e-01
1.483635474860868e-07	5.007573e-01	4.995632e-01	5.030253e-01
1.483678332003725e-07	5.007572e-01	4.995631e-01	5.030231e-01
1.483749760575154e-07	5.007569e-01	4.995630e-01	5.030195e-01
1.483821189146582e-07	5.007567e-01	4.995627e-01	5.030159e-01
1.483892617718011e-07	5.007564e-01	4.995625e-01	5.030123e-01
1.483964046289440e-07	5.007561e-01	4.995622e-01	5.030087e-01
1.484035474860869e-07	5.007558e-01	4.995620e-01	5.030051e-01
1.484106903432297e-07	5.007554e-01	4.995616e-01	5.030016e-01
1.484178332003726e-07	5.007550e-01	4.995613e-01	5.029980e-01
1.484338332003726e-07	5.007541e-01	4.995604e-01	5.029901e-01
1.484418332003726e-07	5.007535e-01	4.995599e-01	5.029861e-01
1.484498332003726e-07	5.007530e-01	4.995593e-01	5.029822e-01
1.484578332003726e-07	5.007524e-01	4.995587e-01	5.029783e-01
1.484658332003726e-07	5.007519e-01	4.995582e-01	5.029743e-01
1.484738332003726e-07	5.007513e-01	4.995575e-01	5.029705e-01
1.484818332003727e-07	5.007506e-01	4.995569e-01	5.029666e-01
1.484898332003727e-07	5.007500e-01	4.995563e-01	5.029627e-01
1.484998332003727e-07	5.007492e-01	4.995554e-01	5.029579e-01
1.485098332003727e-07	5.007484e-01	4.995547e-01	5.029531e-01
1.485198332003727e-07	5.007476e-01	4.995540e-01	5.029483e-01
1.485298332003727e-07	5.007468e-01	4.995534e-01	5.029436e-01
1.485398332003727e-07	5.007460e-01	4.995528e-01	5.029389e-01
1.485498332003727e-07	5.007452e-01	4.995524e-01	5.029342e-01
1.485598332003727e-07	5.007443e-01	4.995520e-01	5.029295e-01
1.485711189146585e-07	5.007434e-01	4.995517e-01	5.029243e-01
1.485824046289442e-07	5.007425e-01	4.995517e-01	5.029190e-01
1.485936903432299e-07	5.007415e-01	4.995520e-01	5.029138e-01
1.486049760575156e-07	5.007406e-01	4.995527e-01	5.029086e-01
1.486162617718014e-07	5.007397e-01	4.995536e-01	5.029035e-01
1.486275474860871e-07	5.007387e-01	4.995548e-01	5.028983e-01
1.486388332003728e-07	5.007378e-01	4.995564e-01	5.028932e-01
1.486515474860871e-07	5.007367e-01	4.995586e-01	5.028875e-01
1.486642617718014e-07	5.007355e-01	4.995615e-01	5.028818e-01
1.486769760575157e-07	5.007343e-01	4.995651e-01	5.028762e-01
1.486896903432300e-07	5.007331e-01	4.995693e-01	5.028706e-01
1.487024046289443e-07	5.007318e-01	4.995742e-01	5.028650e-01
1.487151189146586e-07	5.007305e-01	4.995797e-01	5.028594e-01
1.487278332003729e-07	5.007291e-01	4.995859e-01	5.028539e-01
1.487441189146587e-07	5.007272e-01	4.995949e-01	5.028469e-01
1.487604046289444e-07	5.007250e-01	4.996053e-01	5.028399e-01
1.487766903432301e-07	5.007227e-01	4.996170e-01	5.028330e-01
1.487929760575159e-07	5.007201e-01	4.996299e-01	5.028261e-01
1.488092617718016e-07	5.007173e-01	4.996442e-01	5.028193e-01
1.488255474860873e-07	5.007143e-01	4.996597e-01	5.028125e-01
1.488418332003731e-07	5.007111e-01	4.996766e-01	5.028058e-01
1.488641189146588e-07	5.007062e-01	4.997020e-01	5.027967e-01
1.488864046289446e-07	5.007006e-01	4.997295e-01	5.027877e-01
1.489086903432303e-07	5.006944e-01	4.997588e-01	5.027788e-01
1.489309760575160e-07	5.006875e-01	4.997901e-01	5.027700e-01
1.489532617718017e-07	5.006799e-01	4.998233e-01	5.027613e-01
1.489755474860875e-07	5.006716e-01	4.998585e-01	5.027526e-01
1.489978332003732e-07	5.006626e-01	4.998955e-01	5.027441e-01
1.490272617718018e-07	5.006495e-01	4.999472e-01	5.027329e-01
1.490566903432305e-07	5.006350e-01	4.999993e-01	5.027220e-01
1.490861189146590e-07	5.006193e-01	5.000516e-01	5.027111e-01
1.491155474860877e-07	5.006022e-01	5.001043e-01	5.027004e-01
1.491449760575163e-07	5.005838e-01	5.001573e-01	5.026899e-01
1.491744046289449e-07	5.005641e-01	5.002106e-01	5.026795e-01
1.492038332003735e-07	5.005431e-01	5.002643e-01	5.026693e-01
1.492318332003735e-07	5.005218e-01	5.003135e-01	5.026597e-01
1.492598332003735e-07	5.004998e-01	5.003601e-01	5.026502e-01
1.492878332003736e-07	5.004769e-01	5.004039e-01	5.026409e-01
1.493158332003736e-07	5.004531e-01	5.004451e-01	5.026317e-01
1.493438332003736e-07	5.004285e-01	5.004837e-01	5.026226e-01
1.493718332003737e-07	5.004031e-01	5.005195e-01	5.026136e-01
1.493998332003737e-07	5.003768e-01	5.005527e-01	5.026048e-01
1.494079760575166e-07	5.003691e-01	5.005615e-01	5.026022e-01
1.494161189146594e-07	5.003613e-01	5.005699e-01	5.025997e-01
1.494242617718023e-07	5.003535e-01	5.005780e-01	5.025972e-01
1.494324046289452e-07	5.003457e-01	5.005858e-01	5.025946e-01
1.494405474860880e-07	5.003378e-01	5.005933e-01	5.025921e-01
1.494486903432309e-07	5.003298e-01	5.006005e-01	5.025896e-01
1.494568332003738e-07	5.003219e-01	5.006073e-01	5.025871e-01
1.494578332003738e-07	5.003209e-01	5.006081e-01	5.025868e-01
1.494758332003738e-07	5.003031e-01	5.006220e-01	5.025814e-01
1.494938332003738e-07	5.002852e-01	5.006341e-01	5.025759e-01
1.495118332003738e-07	5.002671e-01	5.006444e-01	5.025706e-01
1.495298332003738e-07	5.002490e-01	5.006531e-01	5.025652e-01
1.495478332003739e-07	5.002307e-01	5.006600e-01	5.025600e-01
1.495658332003739e-07	5.002124e-01	5.006653e-01	5.025547e-01
1.495838332003739e-07	5.001939e-01	5.006688e-01	5.025496e-01
1.495952617718025e-07	5.001821e-01	5.006701e-01	5.025463e-01
1.496066903432311e-07	5.001704e-01	5.006706e-01	5.025431e-01
1.496181189146596e-07	5.001586e-01	5.006705e-01	5.025399e-01
1.496295474860882e-07	5.001469e-01	5.006697e-01	5.025367e-01
1.496409760575168e-07	5.001351e-01	5.006682e-01	5.025335e-01
1.496524046289454e-07	5.001234e-01	5.006659e-01	5.025303e-01
1.496638332003740e-07	5.001116e-01	5.006630e-01	5.025272e-01
1.496901189146597e-07	5.000846e-01	5.006534e-01	5.025200e-01
1.497164046289455e-07	5.000577e-01	5.006406e-01	5.025129e-01
1.497426903432312e-07	5.000311e-01	5.006244e-01	5.025060e-01
1.497689760575170e-07	5.000046e-01	5.006049e-01	5.024991e-01
1.497952617718027e-07	4.999784e-01	5.005821e-01	5.024923e-01
1.498215474860885e-07	4.999525e-01	5.005560e-01	5.024855e-01
1.498478332003742e-07	4.999267e-01	5.005266e-01	5.024789e-01
1.499036903432314e-07	4.998730e-01	5.004515e-01	5.024652e-01
1.499595474860886e-07	4.998216e-01	5.003688e-01	5.024518e-01
1.500154046289458e-07	4.997725e-01	5.002785e-01	5.024388e-01
1.500712617718030e-07	4.997258e-01	5.001806e-01	5.024261e-01
1.501271189146602e-07	4.996814e-01	5.000751e-01	5.024138e-01
1.501829760575174e-07	4.996394e-01	4.999620e-01	5.024019e-01
1.502388332003746e-07	4.995998e-01	4.998412e-01	5.023904e-01
1.502734046289461e-07	4.995768e-01	4.997670e-01	5.023834e-01
1.503079760575176e-07	4.995549e-01	4.996928e-01	5.023765e-01
1.503425474860891e-07	4.995341e-01	4.996189e-01	5.023698e-01
1.503771189146605e-07	4.995143e-01	4.995451e-01	5.023632e-01
1.504116903432320e-07	4.994955e-01	4.994714e-01	5.023567e-01
1.504462617718034e-07	4.994778e-01	4.993979e-01	5.023503e-01
1.504808332003749e-07	4.994611e-01	4.993246e-01	5.023441e-01
1.504818332003749e-07	4.994607e-01	4.993225e-01	5.023439e-01
1.505346903432321e-07	4.994374e-01	4.992123e-01	5.023346e-01
1.505875474860893e-07	4.994163e-01	4.991065e-01	5.023255e-01
1.506404046289465e-07	4.993974e-01	4.990052e-01	5.023166e-01
1.506932617718037e-07	4.993807e-01	4.989085e-01	5.023080e-01
1.507461189146609e-07	4.993662e-01	4.988162e-01	5.022997e-01
1.507989760575181e-07	4.993539e-01	4.987284e-01	5.022916e-01
1.508518332003753e-07	4.993438e-01	4.986451e-01	5.022838e-01
1.509042617718040e-07	4.993358e-01	4.985691e-01	5.022762e-01
1.509566903432326e-07	4.993293e-01	4.984991e-01	5.022688e-01
1.510091189146612e-07	4.993245e-01	4.984350e-01	5.022616e-01
1.510615474860899e-07	4.993212e-01	4.983767e-01	5.022546e-01
1.511139760575185e-07	4.993196e-01	4.983244e-01	5.022478e-01
1.511664046289471e-07	4.993196e-01	4.982780e-01	5.022412e-01
1.512188332003758e-07	4.993212e-01	4.982375e-01	5.022349e-01
1.512596903432330e-07	4.993233e-01	4.982101e-01	5.022301e-01
1.513005474860901e-07	4.993260e-01	4.981860e-01	5.022253e-01
1.513414046289473e-07	4.993295e-01	4.981650e-01	5.022207e-01
1.513822617718045e-07	4.993335e-01	4.981473e-01	5.022162e-01
1.514231189146617e-07	4.993383e-01	4.981328e-01	5.022117e-01
1.514639760575189e-07	4.993438e-01	4.981215e-01	5.022074e-01
1.515048332003761e-07	4.993499e-01	4.981134e-01	5.022032e-01
1.515058332003761e-07	4.993500e-01	4.981132e-01	5.022030e-01
1.515128332003761e-07	4.993511e-01	4.981121e-01	5.022023e-01
1.515138332003761e-07	4.993513e-01	4.981119e-01	5.022023e-01
1.515148332003761e-07	4.993514e-01	4.981118e-01	5.022022e-01
1.515158332003761e-07	4.993516e-01	4.981117e-01	5.022020e-01
1.515168332003761e-07	4.993517e-01	4.981115e-01	5.022019e-01
1.515178332003761e-07	4.993519e-01	4.981113e-01	5.022019e-01
1.515188332003761e-07	4.993520e-01	4.981112e-01	5.022017e-01
1.515226903432332e-07	4.993527e-01	4.981106e-01	5.022013e-01
1.515265474860904e-07	4.993533e-01	4.981101e-01	5.022010e-01
1.515304046289476e-07	4.993539e-01	4.981096e-01	5.022006e-01
1.515342617718047e-07	4.993545e-01	4.981090e-01	5.022002e-01
1.515381189146618e-07	4.993552e-01	4.981085e-01	5.021998e-01
1.515419760575190e-07	4.993558e-01	4.981080e-01	5.021994e-01
1.515458332003761e-07	4.993564e-01	4.981075e-01	5.021990e-01
1.515505474860904e-07	4.993572e-01	4.981068e-01	5.021985e-01
1.515552617718047e-07	4.993580e-01	4.981061e-01	5.021981e-01
1.515599760575190e-07	4.993588e-01	4.981054e-01	5.021976e-01
1.515646903432333e-07	4.993597e-01	4.981047e-01	5.021972e-01
1.515694046289476e-07	4.993605e-01	4.981040e-01	5.021967e-01
1.515741189146619e-07	4.993613e-01	4.981032e-01	5.021962e-01
1.515788332003762e-07	4.993621e-01	4.981025e-01	5.021958e-01
1.515852617718047e-07	4.993633e-01	4.981014e-01	5.021951e-01
1.515916903432333e-07	4.993645e-01	4.981002e-01	5.021945e-01
1.515981189146619e-07	4.993656e-01	4.980991e-01	5.021939e-01
1.516045474860905e-07	4.993668e-01	4.980979e-01	5.021933e-01
1.516109760575191e-07	4.993680e-01	4.980968e-01	5.021926e-01
1.516174046289476e-07	4.993692e-01	4.980956e-01	5.021920e-01
1.516238332003762e-07	4.993705e-01	4.980944e-01	5.021914e-01
1.516352617718048e-07	4.993727e-01	4.980922e-01	5.021903e-01
1.516466903432334e-07	4.993750e-01	4.980903e-01	5.021892e-01
1.516581189146620e-07	4.993774e-01	4.980887e-01	5.021881e-01
1.516695474860906e-07	4.993798e-01	4.980875e-01	5.021871e-01
1.516809760575191e-07	4.993823e-01	4.980866e-01	5.021860e-01
1.516924046289477e-07	4.993848e-01	4.980861e-01	5.021850e-01
1.517038332003763e-07	4.993875e-01	4.980859e-01	5.021839e-01
1.517109760575192e-07	4.993892e-01	4.980861e-01	5.021832e-01
1.517181189146620e-07	4.993909e-01	4.980866e-01	5.021826e-01
1.517252617718049e-07	4.993927e-01	4.980875e-01	5.021819e-01
1.517324046289478e-07	4.993945e-01	4.980886e-01	5.021813e-01
1.517395474860906e-07	4.993964e-01	4.980900e-01	5.021806e-01
1.517466903432335e-07	4.993983e-01	4.980916e-01	5.021800e-01
1.517538332003764e-07	4.994003e-01	4.980936e-01	5.021794e-01
1.517645474860907e-07	4.994033e-01	4.980972e-01	5.021784e-01
1.517752617718049e-07	4.994064e-01	4.981016e-01	5.021775e-01
1.517859760575193e-07	4.994097e-01	4.981069e-01	5.021766e-01
1.517966903432336e-07	4.994131e-01	4.981131e-01	5.021756e-01
1.518074046289479e-07	4.994166e-01	4.981201e-01	5.021747e-01
1.518181189146621e-07	4.994203e-01	4.981280e-01	5.021738e-01
1.518288332003764e-07	4.994241e-01	4.981368e-01	5.021728e-01
1.518449760575193e-07	4.994301e-01	4.981519e-01	5.021715e-01
1.518611189146622e-07	4.994365e-01	4.981692e-01	5.021701e-01
1.518772617718051e-07	4.994433e-01	4.981885e-01	5.021688e-01
1.518934046289480e-07	4.994506e-01	4.982099e-01	5.021675e-01
1.519095474860908e-07	4.994583e-01	4.982335e-01	5.021661e-01
1.519256903432337e-07	4.994664e-01	4.982591e-01	5.021648e-01
1.519418332003766e-07	4.994749e-01	4.982869e-01	5.021635e-01
1.519694046289480e-07	4.994907e-01	4.983399e-01	5.021613e-01
1.519969760575195e-07	4.995079e-01	4.983969e-01	5.021592e-01
1.520245474860910e-07	4.995267e-01	4.984579e-01	5.021571e-01
1.520521189146624e-07	4.995469e-01	4.985228e-01	5.021550e-01
1.520796903432339e-07	4.995687e-01	4.985918e-01	5.021529e-01
1.521072617718053e-07	4.995920e-01	4.986648e-01	5.021509e-01
1.521348332003768e-07	4.996168e-01	4.987417e-01	5.021489e-01
1.521696903432340e-07	4.996507e-01	4.988424e-01	5.021464e-01
1.522045474860912e-07	4.996864e-01	4.989431e-01	5.021440e-01
1.522394046289484e-07	4.997239e-01	4.990439e-01	5.021416e-01
1.522742617718055e-07	4.997633e-01	4.991448e-01	5.021393e-01
1.523091189146627e-07	4.998045e-01	4.992457e-01	5.021370e-01
1.523439760575199e-07	4.998476e-01	4.993468e-01	5.021348e-01
1.523788332003771e-07	4.998924e-01	4.994479e-01	5.021326e-01
1.524002617718057e-07	4.999204e-01	4.995080e-01	5.021313e-01
1.524216903432343e-07	4.999486e-01	4.995669e-01	5.021300e-01
1.524431189146629e-07	4.999770e-01	4.996247e-01	5.021286e-01
1.524645474860915e-07	5.000057e-01	4.996813e-01	5.021274e-01
1.524859760575200e-07	5.000345e-01	4.997368e-01	5.021261e-01
1.525074046289487e-07	5.000636e-01	4.997911e-01	5.021248e-01
1.525288332003772e-07	5.000929e-01	4.998442e-01	5.021236e-01
1.525298332003772e-07	5.000942e-01	4.998466e-01	5.021235e-01
1.525734046289487e-07	5.001544e-01	4.999499e-01	5.021211e-01
1.526169760575202e-07	5.002132e-01	5.000473e-01	5.021187e-01
1.526605474860917e-07	5.002704e-01	5.001390e-01	5.021164e-01
1.527041189146631e-07	5.003261e-01	5.002248e-01	5.021141e-01
1.527476903432346e-07	5.003803e-01	5.003048e-01	5.021119e-01
1.527912617718061e-07	5.004330e-01	5.003791e-01	5.021097e-01
1.528348332003776e-07	5.004842e-01	5.004475e-01	5.021076e-01
1.528758332003776e-07	5.005294e-01	5.005067e-01	5.021057e-01
1.529168332003777e-07	5.005714e-01	5.005621e-01	5.021038e-01
1.529578332003777e-07	5.006103e-01	5.006135e-01	5.021019e-01
1.529988332003778e-07	5.006461e-01	5.006611e-01	5.021001e-01
1.530398332003778e-07	5.006788e-01	5.007048e-01	5.020983e-01
1.530808332003779e-07	5.007084e-01	5.007447e-01	5.020966e-01
1.531218332003779e-07	5.007349e-01	5.007806e-01	5.020949e-01
1.531531189146637e-07	5.007525e-01	5.008061e-01	5.020937e-01
1.531844046289494e-07	5.007681e-01	5.008302e-01	5.020925e-01
1.532156903432352e-07	5.007816e-01	5.008527e-01	5.020913e-01
1.532469760575209e-07	5.007930e-01	5.008737e-01	5.020901e-01
1.532782617718067e-07	5.008024e-01	5.008932e-01	5.020889e-01
1.533095474860924e-07	5.008097e-01	5.009111e-01	5.020878e-01
1.533408332003782e-07	5.008149e-01	5.009276e-01	5.020866e-01
1.533531189146639e-07	5.008164e-01	5.009338e-01	5.020862e-01
1.533654046289496e-07	5.008176e-01	5.009398e-01	5.020858e-01
1.533776903432354e-07	5.008185e-01	5.009456e-01	5.020854e-01
1.533899760575211e-07	5.008190e-01	5.009512e-01	5.020849e-01
1.534022617718068e-07	5.008193e-01	5.009567e-01	5.020845e-01
1.534145474860925e-07	5.008193e-01	5.009619e-01	5.020841e-01
1.534268332003783e-07	5.008189e-01	5.009670e-01	5.020837e-01
1.534448332003783e-07	5.008178e-01	5.009742e-01	5.020831e-01
1.534628332003783e-07	5.008162e-01	5.009810e-01	5.020825e-01
1.534808332003783e-07	5.008139e-01	5.009875e-01	5.020819e-01
1.534988332003783e-07	5.008109e-01	5.009937e-01	5.020813e-01
1.535168332003784e-07	5.008074e-01	5.009995e-01	5.020807e-01
1.535348332003784e-07	5.008032e-01	5.010050e-01	5.020801e-01
1.535528332003784e-07	5.007985e-01	5.010102e-01	5.020795e-01
1.535538332003784e-07	5.007982e-01	5.010105e-01	5.020795e-01
1.535948332003785e-07	5.007847e-01	5.010211e-01	5.020783e-01
1.536358332003785e-07	5.007687e-01	5.010304e-01	5.020770e-01
1.536768332003785e-07	5.007500e-01	5.010385e-01	5.020758e-01
1.537178332003786e-07	5.007286e-01	5.010453e-01	5.020746e-01
1.537588332003786e-07	5.007047e-01	5.010509e-01	5.020735e-01
1.537998332003787e-07	5.006781e-01	5.010553e-01	5.020723e-01
1.538408332003787e-07	5.006489e-01	5.010584e-01	5.020713e-01
1.538824046289502e-07	5.006170e-01	5.010606e-01	5.020702e-01
1.539239760575217e-07	5.005834e-01	5.010619e-01	5.020691e-01
1.539655474860932e-07	5.005482e-01	5.010624e-01	5.020681e-01
1.540071189146646e-07	5.005113e-01	5.010620e-01	5.020671e-01
1.540486903432361e-07	5.004727e-01	5.010607e-01	5.020661e-01
1.540902617718076e-07	5.004323e-01	5.010585e-01	5.020651e-01
1.541318332003791e-07	5.003904e-01	5.010555e-01	5.020642e-01
1.541954046289506e-07	5.003233e-01	5.010495e-01	5.020628e-01
1.542589760575221e-07	5.002551e-01	5.010422e-01	5.020614e-01
1.543225474860936e-07	5.001857e-01	5.010337e-01	5.020601e-01
1.543861189146651e-07	5.001151e-01	5.010239e-01	5.020589e-01
1.544496903432366e-07	5.000434e-01	5.010129e-01	5.020577e-01
1.545132617718081e-07	4.999705e-01	5.010006e-01	5.020566e-01
1.545768332003796e-07	4.998963e-01	5.009870e-01	5.020555e-01
1.545778332003796e-07	4.998952e-01	5.009868e-01	5.020555e-01
1.546636903432368e-07	4.997955e-01	5.009670e-01	5.020541e-01
1.547495474860941e-07	4.996984e-01	5.009462e-01	5.020527e-01
1.548354046289513e-07	4.996039e-01	5.009245e-01	5.020514e-01
1.549212617718085e-07	4.995121e-01	5.009019e-01	5.020502e-01
1.550071189146658e-07	4.994229e-01	5.008783e-01	5.020490e-01
1.550929760575230e-07	4.993364e-01	5.008537e-01	5.020479e-01
1.551788332003802e-07	4.992525e-01	5.008282e-01	5.020469e-01
1.552391189146660e-07	4.991968e-01	5.008103e-01	5.020462e-01
1.552994046289518e-07	4.991434e-01	5.007923e-01	5.020455e-01
1.553596903432376e-07	4.990922e-01	5.007742e-01	5.020449e-01
1.554199760575234e-07	4.990433e-01	5.007562e-01	5.020443e-01
1.554802617718091e-07	4.989966e-01	5.007380e-01	5.020437e-01
1.555405474860950e-07	4.989523e-01	5.007199e-01	5.020431e-01
1.556008332003807e-07	4.989102e-01	5.007017e-01	5.020425e-01
1.556018332003807e-07	4.989095e-01	5.007014e-01	5.020425e-01
1.556936903432380e-07	4.988503e-01	5.006737e-01	5.020417e-01
1.557855474860952e-07	4.987965e-01	5.006466e-01	5.020409e-01
1.558774046289525e-07	4.987479e-01	5.006199e-01	5.020402e-01
1.559692617718097e-07	4.987045e-01	5.005937e-01	5.020395e-01
1.560611189146670e-07	4.986664e-01	5.005679e-01	5.020389e-01
1.561529760575242e-07	4.986336e-01	5.005426e-01	5.020382e-01
1.562448332003815e-07	4.986060e-01	5.005178e-01	5.020376e-01
1.562991189146672e-07	4.985918e-01	5.005035e-01	5.020373e-01
1.563534046289530e-07	4.985792e-01	5.004895e-01	5.020370e-01
1.564076903432388e-07	4.985680e-01	5.004757e-01	5.020367e-01
1.564619760575246e-07	4.985583e-01	5.004622e-01	5.020364e-01
1.565162617718103e-07	4.985500e-01	5.004489e-01	5.020361e-01
1.565705474860961e-07	4.985433e-01	5.004358e-01	5.020358e-01
1.566248332003819e-07	4.985380e-01	5.004230e-01	5.020356e-01
1.566258332003819e-07	4.985379e-01	5.004228e-01	5.020356e-01
1.566988332003820e-07	4.985331e-01	5.004060e-01	5.020352e-01
1.567718332003821e-07	4.985302e-01	5.003897e-01	5.020349e-01
1.568448332003821e-07	4.985292e-01	5.003739e-01	5.020346e-01
1.569178332003822e-07	4.985302e-01	5.003585e-01	5.020343e-01
1.569908332003823e-07	4.985332e-01	5.003437e-01	5.020340e-01
1.570638332003824e-07	4.985381e-01	5.003293e-01	5.020337e-01
1.571368332003825e-07	4.985450e-01	5.003154e-01	5.020335e-01
1.571825474860968e-07	4.985499e-01	5.003069e-01	5.020333e-01
1.572282617718111e-07	4.985554e-01	5.002986e-01	5.020332e-01
1.572739760575255e-07	4.985614e-01	5.002905e-01	5.020330e-01
1.573196903432398e-07	4.985678e-01	5.002826e-01	5.020329e-01
1.573654046289542e-07	4.985748e-01	5.002748e-01	5.020327e-01
1.574111189146685e-07	4.985824e-01	5.002672e-01	5.020326e-01
1.574568332003828e-07	4.985904e-01	5.002598e-01	5.020324e-01
1.574615474860971e-07	4.985912e-01	5.002590e-01	5.020324e-01
1.574662617718114e-07	4.985921e-01	5.002583e-01	5.020324e-01
1.574709760575257e-07	4.985929e-01	5.002575e-01	5.020324e-01
1.574756903432400e-07	4.985938e-01	5.002568e-01	5.020324e-01
1.574804046289543e-07	4.985947e-01	5.002560e-01	5.020324e-01
1.574851189146686e-07	4.985955e-01	5.002553e-01	5.020324e-01
1.574898332003829e-07	4.985964e-01	5.002545e-01	5.020323e-01
1.574968332003829e-07	4.985977e-01	5.002534e-01	5.020324e-01
1.575038332003829e-07	4.985990e-01	5.002523e-01	5.020324e-01
1.575108332003829e-07	4.986003e-01	5.002512e-01	5.020324e-01
1.575178332003829e-07	4.986017e-01	5.002502e-01	5.020324e-01
1.575248332003829e-07	4.986030e-01	5.002491e-01	5.020324e-01
1.575318332003829e-07	4.986043e-01	5.002480e-01	5.020325e-01
1.575388332003829e-07	4.986057e-01	5.002469e-01	5.020325e-01
1.575479760575258e-07	4.986075e-01	5.002455e-01	5.020326e-01
1.575571189146687e-07	4.986093e-01	5.002441e-01	5.020328e-01
1.575662617718115e-07	4.986111e-01	5.002427e-01	5.020329e-01
1.575754046289544e-07	4.986129e-01	5.002414e-01	5.020332e-01
1.575845474860973e-07	4.986147e-01	5.002400e-01	5.020334e-01
1.575936903432401e-07	4.986166e-01	5.002386e-01	5.020337e-01
1.576028332003830e-07	4.986185e-01	5.002372e-01	5.020341e-01
1.576094046289544e-07	4.986198e-01	5.002362e-01	5.020344e-01
1.576159760575259e-07	4.986212e-01	5.002353e-01	5.020347e-01
1.576225474860973e-07	4.986226e-01	5.002343e-01	5.020350e-01
1.576291189146687e-07	4.986239e-01	5.002333e-01	5.020354e-01
1.576356903432402e-07	4.986253e-01	5.002324e-01	5.020358e-01
1.576422617718116e-07	4.986267e-01	5.002314e-01	5.020362e-01
1.576488332003830e-07	4.986281e-01	5.002305e-01	5.020367e-01
1.576498332003830e-07	4.986283e-01	5.002303e-01	5.020368e-01
1.576635474860974e-07	4.986313e-01	5.002283e-01	5.020378e-01
1.576772617718116e-07	4.986342e-01	5.002264e-01	5.020391e-01
1.576909760575259e-07	4.986372e-01	5.002244e-01	5.020404e-01
1.577046903432403e-07	4.986402e-01	5.002225e-01	5.020419e-01
1.577184046289546e-07	4.986433e-01	5.002206e-01	5.020436e-01
1.577321189146688e-07	4.986463e-01	5.002187e-01	5.020454e-01
1.577458332003832e-07	4.986494e-01	5.002168e-01	5.020474e-01
1.577721189146689e-07	4.986555e-01	5.002132e-01	5.020516e-01
1.577984046289547e-07	4.986616e-01	5.002096e-01	5.020562e-01
1.578246903432404e-07	4.986677e-01	5.002061e-01	5.020611e-01
1.578509760575261e-07	4.986740e-01	5.002027e-01	5.020664e-01
1.578772617718119e-07	4.986803e-01	5.001993e-01	5.020721e-01
1.579035474860976e-07	4.986867e-01	5.001959e-01	5.020781e-01
1.579298332003834e-07	4.986932e-01	5.001926e-01	5.020845e-01
1.579596903432405e-07	4.987006e-01	5.001890e-01	5.020919e-01
1.579895474860977e-07	4.987082e-01	5.001854e-01	5.020994e-01
1.580194046289549e-07	4.987158e-01	5.001818e-01	5.021068e-01
1.580492617718121e-07	4.987234e-01	5.001783e-01	5.021142e-01
1.580791189146692e-07	4.987311e-01	5.001749e-01	5.021215e-01
1.581089760575264e-07	4.987389e-01	5.001715e-01	5.021289e-01
1.581388332003836e-07	4.987468e-01	5.001681e-01	5.021362e-01
1.581689760575265e-07	4.987548e-01	5.001649e-01	5.021433e-01
1.581991189146694e-07	4.987628e-01	5.001616e-01	5.021501e-01
1.582292617718123e-07	4.987709e-01	5.001584e-01	5.021566e-01
1.582594046289552e-07	4.987790e-01	5.001553e-01	5.021629e-01
1.582895474860981e-07	4.987871e-01	5.001523e-01	5.021688e-01
1.583196903432410e-07	4.987953e-01	5.001492e-01	5.021745e-01
1.583498332003838e-07	4.988035e-01	5.001463e-01	5.021799e-01
1.583959760575267e-07	4.988162e-01	5.001418e-01	5.021873e-01
1.584421189146697e-07	4.988288e-01	5.001375e-01	5.021942e-01
1.584882617718126e-07	4.988415e-01	5.001333e-01	5.022005e-01
1.585344046289555e-07	4.988542e-01	5.001292e-01	5.022061e-01
1.585805474860984e-07	4.988669e-01	5.001253e-01	5.022111e-01
1.586266903432413e-07	4.988796e-01	5.001214e-01	5.022154e-01
1.586728332003842e-07	4.988923e-01	5.001177e-01	5.022192e-01
1.586738332003842e-07	4.988926e-01	5.001176e-01	5.022193e-01
1.587104046289557e-07	4.989027e-01	5.001147e-01	5.022219e-01
1.587469760575271e-07	4.989127e-01	5.001119e-01	5.022243e-01
1.587835474860986e-07	4.989227e-01	5.001091e-01	5.022265e-01
1.588201189146701e-07	4.989327e-01	5.001064e-01	5.022285e-01
1.588566903432416e-07	4.989426e-01	5.001038e-01	5.022302e-01
1.588932617718130e-07	4.989525e-01	5.001012e-01	5.022317e-01
1.589298332003845e-07	4.989624e-01	5.000987e-01	5.022330e-01
1.589606903432417e-07	4.989707e-01	5.000966e-01	5.022339e-01
1.589915474860989e-07	4.989790e-01	5.000946e-01	5.022348e-01
1.590224046289560e-07	4.989872e-01	5.000926e-01	5.022355e-01
1.590532617718132e-07	4.989954e-01	5.000906e-01	5.022361e-01
1.590841189146704e-07	4.990035e-01	5.000887e-01	5.022366e-01
1.591149760575276e-07	4.990116e-01	5.000868e-01	5.022370e-01
1.591458332003847e-07	4.990197e-01	5.000850e-01	5.022373e-01
1.591802617718133e-07	4.990286e-01	5.000830e-01	5.022375e-01
1.592146903432420e-07	4.990375e-01	5.000810e-01	5.022376e-01
1.592491189146706e-07	4.990463e-01	5.000791e-01	5.022376e-01
1.592835474860992e-07	4.990551e-01	5.000772e-01	5.022374e-01
1.593179760575278e-07	4.990638e-01	5.000754e-01	5.022372e-01
1.593524046289564e-07	4.990724e-01	5.000736e-01	5.022368e-01
1.593868332003850e-07	4.990810e-01	5.000718e-01	5.022363e-01
1.594311189146708e-07	4.990919e-01	5.000696e-01	5.022355e-01
1.594754046289566e-07	4.991027e-01	5.000675e-01	5.022345e-01
1.595196903432423e-07	4.991134e-01	5.000654e-01	5.022334e-01
1.595639760575281e-07	4.991239e-01	5.000634e-01	5.022321e-01
1.596082617718138e-07	4.991343e-01	5.000615e-01	5.022307e-01
1.596525474860996e-07	4.991446e-01	5.000596e-01	5.022291e-01
1.596968332003854e-07	4.991548e-01	5.000578e-01	5.022273e-01
1.596978332003854e-07	4.991550e-01	5.000578e-01	5.022272e-01
1.597859760575283e-07	4.991749e-01	5.000543e-01	5.022231e-01
1.598741189146713e-07	4.991942e-01	5.000510e-01	5.022185e-01
1.599622617718142e-07	4.992129e-01	5.000479e-01	5.022135e-01
1.600504046289572e-07	4.992311e-01	5.000450e-01	5.022080e-01
1.601385474861002e-07	4.992487e-01	5.000423e-01	5.022021e-01
1.602266903432431e-07	4.992658e-01	5.000397e-01	5.021958e-01
1.603148332003861e-07	4.992823e-01	5.000373e-01	5.021890e-01
1.603638332003861e-07	4.992913e-01	5.000361e-01	5.021852e-01
1.604128332003862e-07	4.993000e-01	5.000348e-01	5.021814e-01
1.604618332003862e-07	4.993086e-01	5.000337e-01	5.021776e-01
1.605108332003863e-07	4.993170e-01	5.000325e-01	5.021737e-01
1.605598332003863e-07	4.993253e-01	5.000314e-01	5.021698e-01
1.606088332003864e-07	4.993333e-01	5.000303e-01	5.021659e-01
1.606578332003865e-07	4.993412e-01	5.000293e-01	5.021619e-01
1.606639760575293e-07	4.993422e-01	5.000292e-01	5.021614e-01
1.606701189146722e-07	4.993432e-01	5.000290e-01	5.021609e-01
1.606762617718150e-07	4.993442e-01	5.000289e-01	5.021604e-01
1.606824046289579e-07	4.993451e-01	5.000288e-01	5.021599e-01
1.606885474861008e-07	4.993461e-01	5.000287e-01	5.021594e-01
1.606946903432436e-07	4.993471e-01	5.000285e-01	5.021589e-01
1.607008332003865e-07	4.993480e-01	5.000284e-01	5.021584e-01
1.607218332003865e-07	4.993513e-01	5.000280e-01	5.021567e-01
1.607468332003866e-07	4.993552e-01	5.000275e-01	5.021547e-01
1.607718332003866e-07	4.993590e-01	5.000270e-01	5.021525e-01
1.607968332003866e-07	4.993627e-01	5.000266e-01	5.021501e-01
1.608218332003866e-07	4.993665e-01	5.000261e-01	5.021475e-01
1.608468332003867e-07	4.993702e-01	5.000257e-01	5.021446e-01
1.608718332003867e-07	4.993738e-01	5.000252e-01	5.021415e-01
1.608968332003867e-07	4.993774e-01	5.000248e-01	5.021382e-01
1.609581189146725e-07	4.993861e-01	5.000238e-01	5.021290e-01
1.610194046289583e-07	4.993945e-01	5.000228e-01	5.021165e-01
1.610806903432441e-07	4.994026e-01	5.000219e-01	5.021006e-01
1.611419760575299e-07	4.994105e-01	5.000210e-01	5.020813e-01
1.612032617718156e-07	4.994182e-01	5.000201e-01	5.020586e-01
1.612645474861014e-07	4.994257e-01	5.000193e-01	5.020326e-01
1.613258332003872e-07	4.994329e-01	5.000185e-01	5.020032e-01
1.613856903432444e-07	4.994397e-01	5.000177e-01	5.019702e-01
1.614455474861016e-07	4.994463e-01	5.000170e-01	5.019314e-01
1.615054046289589e-07	4.994527e-01	5.000164e-01	5.018867e-01
1.615652617718160e-07	4.994589e-01	5.000157e-01	5.018361e-01
1.616251189146733e-07	4.994650e-01	5.000151e-01	5.017797e-01
1.616849760575305e-07	4.994707e-01	5.000145e-01	5.017174e-01
1.617448332003877e-07	4.994763e-01	5.000140e-01	5.016492e-01
1.617458332003877e-07	4.994765e-01	5.000140e-01	5.016479e-01
1.618048332003878e-07	4.994818e-01	5.000135e-01	5.015728e-01
1.618638332003878e-07	4.994869e-01	5.000130e-01	5.014908e-01
1.619228332003879e-07	4.994919e-01	5.000125e-01	5.014019e-01
1.619818332003880e-07	4.994968e-01	5.000121e-01	5.013061e-01
1.620408332003880e-07	4.995014e-01	5.000116e-01	5.012034e-01
1.620998332003881e-07	4.995059e-01	5.000112e-01	5.010938e-01
1.621588332003882e-07	4.995102e-01	5.000108e-01	5.009774e-01
1.622459760575311e-07	4.995163e-01	5.000102e-01	5.007906e-01
1.623331189146741e-07	4.995221e-01	5.000097e-01	5.005950e-01
1.624202617718170e-07	4.995275e-01	5.000092e-01	5.003908e-01
1.625074046289600e-07	4.995327e-01	5.000088e-01	5.001779e-01
1.625945474861029e-07	4.995375e-01	5.000084e-01	4.999563e-01
1.626816903432459e-07	4.995421e-01	5.000080e-01	4.997260e-01
1.627688332003889e-07	4.995463e-01	5.000076e-01	4.994871e-01
1.627698332003889e-07	4.995464e-01	5.000076e-01	4.994844e-01
1.628744046289604e-07	4.995512e-01	5.000072e-01	4.991929e-01
1.629789760575319e-07	4.995556e-01	5.000069e-01	4.989069e-01
1.630835474861035e-07	4.995597e-01	5.000065e-01	4.986262e-01
1.631881189146750e-07	4.995635e-01	5.000062e-01	4.983510e-01
1.632926903432466e-07	4.995669e-01	5.000059e-01	4.980812e-01
1.633972617718181e-07	4.995701e-01	5.000057e-01	4.978169e-01
1.635018332003897e-07	4.995729e-01	5.000054e-01	4.975579e-01
1.635434046289612e-07	4.995739e-01	5.000053e-01	4.974604e-01
1.635849760575326e-07	4.995750e-01	5.000052e-01	4.973652e-01
1.636265474861041e-07	4.995759e-01	5.000052e-01	4.972721e-01
1.636681189146756e-07	4.995769e-01	5.000051e-01	4.971814e-01
1.637096903432471e-07	4.995778e-01	5.000050e-01	4.970929e-01
1.637512617718185e-07	4.995786e-01	5.000049e-01	4.970066e-01
1.637928332003900e-07	4.995795e-01	5.000049e-01	4.969226e-01
1.637938332003900e-07	4.995795e-01	5.000049e-01	4.969206e-01
1.638852617718187e-07	4.995811e-01	5.000047e-01	4.967446e-01
1.639766903432474e-07	4.995827e-01	5.000046e-01	4.965814e-01
1.640681189146760e-07	4.995840e-01	5.000045e-01	4.964311e-01
1.641595474861047e-07	4.995852e-01	5.000044e-01	4.962935e-01
1.642509760575334e-07	4.995863e-01	5.000042e-01	4.961686e-01
1.643424046289621e-07	4.995872e-01	5.000041e-01	4.960566e-01
1.644338332003907e-07	4.995880e-01	5.000041e-01	4.959573e-01
1.644885474861051e-07	4.995884e-01	5.000040e-01	4.959043e-01
1.645432617718194e-07	4.995887e-01	5.000039e-01	4.958555e-01
1.645979760575338e-07	4.995891e-01	5.000039e-01	4.958110e-01
1.646526903432481e-07	4.995893e-01	5.000039e-01	4.957708e-01
1.647074046289625e-07	4.995896e-01	5.000038e-01	4.957349e-01
1.647621189146768e-07	4.995898e-01	5.000038e-01	4.957034e-01
1.648168332003912e-07	4.995899e-01	5.000038e-01	4.956761e-01
1.648178332003912e-07	4.995899e-01	5.000038e-01	4.956757e-01
1.648726903432484e-07	4.995901e-01	5.000037e-01	4.956525e-01
1.649275474861056e-07	4.995902e-01	5.000037e-01	4.956330e-01
1.649824046289628e-07	4.995902e-01	5.000037e-01	4.956173e-01
1.650372617718200e-07	4.995903e-01	5.000036e-01	4.956051e-01
1.650921189146772e-07	4.995903e-01	5.000036e-01	4.955967e-01
1.651469760575344e-07	4.995902e-01	5.000036e-01	4.955920e-01
1.652018332003916e-07	4.995902e-01	5.000035e-01	4.955909e-01
1.652931189146774e-07	4.995900e-01	5.000035e-01	4.955972e-01
1.653844046289633e-07	4.995897e-01	5.000034e-01	4.956109e-01
1.654756903432491e-07	4.995894e-01	5.000034e-01	4.956318e-01
1.655669760575349e-07	4.995890e-01	5.000034e-01	4.956599e-01
1.656582617718207e-07	4.995885e-01	5.000033e-01	4.956954e-01
1.657495474861065e-07	4.995880e-01	5.000033e-01	4.957381e-01
1.658408332003923e-07	4.995874e-01	5.000033e-01	4.957881e-01
1.658418332003923e-07	4.995874e-01	5.000033e-01	4.957887e-01
1.659491189146782e-07	4.995866e-01	5.000033e-01	4.958547e-01
1.660564046289640e-07	4.995858e-01	5.000032e-01	4.959256e-01
1.661636903432499e-07	4.995849e-01	5.000032e-01	4.960014e-01
1.662709760575357e-07	4.995840e-01	5.000032e-01	4.960822e-01
1.663782617718215e-07	4.995829e-01	5.000032e-01	4.961679e-01
1.664855474861074e-07	4.995819e-01	5.000032e-01	4.962585e-01
1.665928332003932e-07	4.995807e-01	5.000032e-01	4.963540e-01
1.665958332003932e-07	4.995807e-01	5.000032e-01	4.963567e-01
1.665988332003932e-07	4.995807e-01	5.000032e-01	4.963594e-01
1.666018332003932e-07	4.995806e-01	5.000032e-01	4.963621e-01
1.666048332003932e-07	4.995806e-01	5.000032e-01	4.963647e-01
1.666075474861075e-07	4.995806e-01	5.000032e-01	4.963671e-01
1.666102617718218e-07	4.995805e-01	5.000033e-01	4.963696e-01
1.666129760575361e-07	4.995805e-01	5.000033e-01	4.963720e-01
1.666156903432504e-07	4.995805e-01	5.000034e-01	4.963744e-01
1.666184046289647e-07	4.995804e-01	5.000034e-01	4.963768e-01
1.666211189146789e-07	4.995804e-01	5.000035e-01	4.963793e-01
1.666238332003932e-07	4.995804e-01	5.000036e-01	4.963817e-01
1.666276903432504e-07	4.995803e-01	5.000038e-01	4.963851e-01
1.666315474861075e-07	4.995803e-01	5.000040e-01	4.963886e-01
1.666354046289647e-07	4.995803e-01	5.000043e-01	4.963920e-01
1.666392617718218e-07	4.995802e-01	5.000046e-01	4.963955e-01
1.666431189146790e-07	4.995802e-01	5.000049e-01	4.963990e-01
1.666469760575361e-07	4.995801e-01	5.000052e-01	4.964024e-01
1.666508332003933e-07	4.995801e-01	5.000055e-01	4.964059e-01
1.666572617718218e-07	4.995800e-01	5.000062e-01	4.964117e-01
1.666636903432504e-07	4.995799e-01	5.000070e-01	4.964175e-01
1.666701189146790e-07	4.995798e-01	5.000077e-01	4.964233e-01
1.666765474861076e-07	4.995797e-01	5.000086e-01	4.964291e-01
1.666829760575361e-07	4.995797e-01	5.000095e-01	4.964350e-01
1.666894046289647e-07	4.995796e-01	5.000105e-01	4.964408e-01
1.666958332003933e-07	4.995795e-01	5.000115e-01	4.964466e-01
1.667046903432505e-07	4.995794e-01	5.000130e-01	4.964547e-01
1.667135474861076e-07	4.995792e-01	5.000144e-01	4.964628e-01
1.667224046289648e-07	4.995790e-01	5.000157e-01	4.964709e-01
1.667312617718219e-07	4.995788e-01	5.000170e-01	4.964790e-01
1.667401189146791e-07	4.995786e-01	5.000182e-01	4.964871e-01
1.667489760575362e-07	4.995784e-01	5.000194e-01	4.964952e-01
1.667578332003934e-07	4.995781e-01	5.000204e-01	4.965034e-01
1.667634046289648e-07	4.995779e-01	5.000210e-01	4.965085e-01
1.667689760575362e-07	4.995777e-01	5.000215e-01	4.965136e-01
1.667745474861077e-07	4.995775e-01	5.000219e-01	4.965188e-01
1.667801189146791e-07	4.995773e-01	5.000223e-01	4.965239e-01
1.667856903432506e-07	4.995770e-01	5.000225e-01	4.965290e-01
1.667912617718220e-07	4.995768e-01	5.000227e-01	4.965342e-01
1.667968332003934e-07	4.995765e-01	5.000228e-01	4.965394e-01
1.668021189146791e-07	4.995762e-01	5.000228e-01	4.965442e-01
1.668074046289649e-07	4.995759e-01	5.000227e-01	4.965491e-01
1.668126903432506e-07	4.995756e-01	5.000225e-01	4.965540e-01
1.668179760575363e-07	4.995753e-01	5.000222e-01	4.965589e-01
1.668232617718220e-07	4.995749e-01	5.000218e-01	4.965639e-01
1.668285474861078e-07	4.995746e-01	5.000214e-01	4.965688e-01
1.668338332003935e-07	4.995742e-01	5.000209e-01	4.965737e-01
1.668382617718220e-07	4.995738e-01	5.000203e-01	4.965778e-01
1.668426903432506e-07	4.995735e-01	5.000197e-01	4.965819e-01
1.668471189146792e-07	4.995731e-01	5.000191e-01	4.965861e-01
1.668515474861078e-07	4.995727e-01	5.000184e-01	4.965902e-01
1.668559760575363e-07	4.995723e-01	5.000176e-01	4.965943e-01
1.668604046289649e-07	4.995719e-01	5.000167e-01	4.965985e-01
1.668648332003935e-07	4.995715e-01	5.000159e-01	4.966026e-01
1.668658332003935e-07	4.995714e-01	5.000156e-01	4.966035e-01
1.668779760575364e-07	4.995701e-01	5.000127e-01	4.966149e-01
1.668901189146792e-07	4.995687e-01	5.000094e-01	4.966263e-01
1.669022617718221e-07	4.995671e-01	5.000057e-01	4.966377e-01
1.669144046289650e-07	4.995655e-01	5.000016e-01	4.966491e-01
1.669265474861079e-07	4.995636e-01	4.999971e-01	4.966605e-01
1.669386903432507e-07	4.995616e-01	4.999923e-01	4.966719e-01
1.669508332003936e-07	4.995595e-01	4.999870e-01	4.966834e-01
1.669688332003936e-07	4.995561e-01	4.999786e-01	4.967004e-01
1.669868332003936e-07	4.995524e-01	4.999699e-01	4.967174e-01
1.670048332003937e-07	4.995483e-01	4.999611e-01	4.967344e-01
1.670228332003937e-07	4.995440e-01	4.999521e-01	4.967515e-01
1.670408332003937e-07	4.995394e-01	4.999428e-01	4.967685e-01
1.670588332003937e-07	4.995345e-01	4.999334e-01	4.967856e-01
1.670768332003937e-07	4.995292e-01	4.999238e-01	4.968027e-01
1.670918332003938e-07	4.995247e-01	4.999160e-01	4.968170e-01
1.671068332003938e-07	4.995200e-01	4.999085e-01	4.968313e-01
1.671218332003938e-07	4.995153e-01	4.999012e-01	4.968456e-01
1.671368332003938e-07	4.995104e-01	4.998941e-01	4.968599e-01
1.671518332003938e-07	4.995053e-01	4.998872e-01	4.968742e-01
1.671668332003938e-07	4.995002e-01	4.998806e-01	4.968885e-01
1.671818332003939e-07	4.994950e-01	4.998742e-01	4.969028e-01
1.671971189146796e-07	4.994896e-01	4.998680e-01	4.969173e-01
1.672124046289653e-07	4.994842e-01	4.998620e-01	4.969319e-01
1.672276903432511e-07	4.994788e-01	4.998563e-01	4.969465e-01
1.672429760575368e-07	4.994735e-01	4.998508e-01	4.969611e-01
1.672582617718225e-07	4.994682e-01	4.998455e-01	4.969756e-01
1.672735474861083e-07	4.994628e-01	4.998405e-01	4.969902e-01
1.672888332003940e-07	4.994575e-01	4.998357e-01	4.970048e-01
1.673108332003940e-07	4.994500e-01	4.998293e-01	4.970257e-01
1.673328332003940e-07	4.994429e-01	4.998227e-01	4.970467e-01
1.673548332003941e-07	4.994361e-01	4.998158e-01	4.970676e-01
1.673768332003941e-07	4.994297e-01	4.998088e-01	4.970885e-01
1.673988332003941e-07	4.994236e-01	4.998016e-01	4.971094e-01
1.674208332003941e-07	4.994180e-01	4.997942e-01	4.971302e-01
1.674428332003942e-07	4.994127e-01	4.997866e-01	4.971511e-01
1.674604046289656e-07	4.994089e-01	4.997798e-01	4.971677e-01
1.674779760575370e-07	4.994055e-01	4.997724e-01	4.971843e-01
1.674955474861085e-07	4.994025e-01	4.997642e-01	4.972009e-01
1.675131189146799e-07	4.993998e-01	4.997552e-01	4.972174e-01
1.675306903432514e-07	4.993976e-01	4.997456e-01	4.972340e-01
1.675482617718228e-07	4.993958e-01	4.997352e-01	4.972505e-01
1.675658332003943e-07	4.993943e-01	4.997241e-01	4.972669e-01
1.675739760575372e-07	4.993938e-01	4.997185e-01	4.972746e-01
1.675821189146800e-07	4.993934e-01	4.997127e-01	4.972822e-01
1.675902617718229e-07	4.993931e-01	4.997067e-01	4.972898e-01
1.675984046289658e-07	4.993928e-01	4.997005e-01	4.972974e-01
1.676065474861086e-07	4.993927e-01	4.996940e-01	4.973050e-01
1.676146903432515e-07	4.993926e-01	4.996874e-01	4.973126e-01
1.676228332003944e-07	4.993927e-01	4.996805e-01	4.973202e-01
1.676366903432515e-07	4.993930e-01	4.996681e-01	4.973331e-01
1.676505474861087e-07	4.993936e-01	4.996551e-01	4.973460e-01
1.676644046289658e-07	4.993944e-01	4.996412e-01	4.973588e-01
1.676782617718230e-07	4.993955e-01	4.996266e-01	4.973717e-01
1.676921189146801e-07	4.993969e-01	4.996113e-01	4.973845e-01
1.677059760575373e-07	4.993986e-01	4.995951e-01	4.973973e-01
1.677198332003945e-07	4.994005e-01	4.995782e-01	4.974101e-01
1.677439760575373e-07	4.994046e-01	4.995468e-01	4.974323e-01
1.677681189146802e-07	4.994093e-01	4.995129e-01	4.974544e-01
1.677922617718231e-07	4.994148e-01	4.994765e-01	4.974765e-01
1.678164046289660e-07	4.994210e-01	4.994376e-01	4.974984e-01
1.678405474861089e-07	4.994280e-01	4.993963e-01	4.975203e-01
1.678646903432518e-07	4.994356e-01	4.993526e-01	4.975422e-01
1.678888332003947e-07	4.994439e-01	4.993063e-01	4.975639e-01
1.678898332003947e-07	4.994443e-01	4.993044e-01	4.975648e-01
1.679396903432519e-07	4.994642e-01	4.991988e-01	4.976095e-01
1.679895474861091e-07	4.994854e-01	4.990868e-01	4.976537e-01
1.680394046289663e-07	4.995077e-01	4.989682e-01	4.976976e-01
1.680892617718234e-07	4.995312e-01	4.988432e-01	4.977410e-01
1.681391189146807e-07	4.995559e-01	4.987116e-01	4.977840e-01
1.681889760575379e-07	4.995818e-01	4.985736e-01	4.978266e-01
1.682388332003951e-07	4.996089e-01	4.984290e-01	4.978688e-01
1.682816903432523e-07	4.996317e-01	4.983037e-01	4.979047e-01
1.683245474861094e-07	4.996537e-01	4.981793e-01	4.979402e-01
1.683674046289666e-07	4.996750e-01	4.980560e-01	4.979754e-01
1.684102617718238e-07	4.996955e-01	4.979337e-01	4.980102e-01
1.684531189146810e-07	4.997152e-01	4.978124e-01	4.980446e-01
1.684959760575382e-07	4.997342e-01	4.976922e-01	4.980787e-01
1.685388332003954e-07	4.997525e-01	4.975730e-01	4.981125e-01
1.685758332003954e-07	4.997670e-01	4.974736e-01	4.981413e-01
1.686128332003955e-07	4.997804e-01	4.973777e-01	4.981698e-01
1.686498332003955e-07	4.997928e-01	4.972853e-01	4.981981e-01
1.686868332003956e-07	4.998041e-01	4.971964e-01	4.982260e-01
1.687238332003956e-07	4.998143e-01	4.971111e-01	4.982537e-01
1.687608332003956e-07	4.998234e-01	4.970292e-01	4.982811e-01
1.687978332003957e-07	4.998314e-01	4.969510e-01	4.983082e-01
1.689138332003958e-07	4.998488e-01	4.967358e-01	4.983913e-01
1.689329760575387e-07	4.998506e-01	4.967046e-01	4.984048e-01
1.689521189146816e-07	4.998521e-01	4.966747e-01	4.984181e-01
1.689712617718244e-07	4.998533e-01	4.966461e-01	4.984314e-01
1.689904046289673e-07	4.998542e-01	4.966187e-01	4.984446e-01
1.690095474861102e-07	4.998548e-01	4.965926e-01	4.984578e-01
1.690286903432531e-07	4.998551e-01	4.965678e-01	4.984708e-01
1.690478332003960e-07	4.998551e-01	4.965442e-01	4.984838e-01
1.690779760575389e-07	4.998546e-01	4.965099e-01	4.985040e-01
1.691081189146817e-07	4.998533e-01	4.964786e-01	4.985241e-01
1.691382617718246e-07	4.998515e-01	4.964506e-01	4.985440e-01
1.691684046289676e-07	4.998490e-01	4.964257e-01	4.985637e-01
1.691985474861104e-07	4.998459e-01	4.964039e-01	4.985831e-01
1.692286903432533e-07	4.998422e-01	4.963853e-01	4.986024e-01
1.692588332003962e-07	4.998378e-01	4.963699e-01	4.986215e-01
1.692818332003962e-07	4.998341e-01	4.963602e-01	4.986360e-01
1.693048332003963e-07	4.998301e-01	4.963521e-01	4.986503e-01
1.693278332003963e-07	4.998259e-01	4.963458e-01	4.986645e-01
1.693508332003963e-07	4.998214e-01	4.963412e-01	4.986786e-01
1.693738332003963e-07	4.998165e-01	4.963383e-01	4.986926e-01
1.693968332003964e-07	4.998114e-01	4.963371e-01	4.987065e-01
1.694198332003964e-07	4.998060e-01	4.963376e-01	4.987203e-01
1.694722617718250e-07	4.997926e-01	4.963455e-01	4.987513e-01
1.695246903432537e-07	4.997784e-01	4.963605e-01	4.987817e-01
1.695771189146823e-07	4.997634e-01	4.963826e-01	4.988115e-01
1.696295474861109e-07	4.997477e-01	4.964118e-01	4.988408e-01
1.696819760575395e-07	4.997311e-01	4.964481e-01	4.988695e-01
1.697344046289682e-07	4.997138e-01	4.964914e-01	4.988977e-01
1.697868332003968e-07	4.996957e-01	4.965418e-01	4.989253e-01
1.698008332003968e-07	4.996908e-01	4.965560e-01	4.989326e-01
1.698018332003968e-07	4.996905e-01	4.965571e-01	4.989331e-01
1.698028332003968e-07	4.996901e-01	4.965582e-01	4.989336e-01
1.698038332003968e-07	4.996898e-01	4.965590e-01	4.989341e-01
1.698048332003968e-07	4.996895e-01	4.965600e-01	4.989347e-01
1.698058332003968e-07	4.996891e-01	4.965612e-01	4.989352e-01
1.698068332003968e-07	4.996888e-01	4.965622e-01	4.989357e-01
1.698165474861111e-07	4.996854e-01	4.965724e-01	4.989407e-01
1.698262617718254e-07	4.996820e-01	4.965827e-01	4.989457e-01
1.698359760575397e-07	4.996787e-01	4.965933e-01	4.989507e-01
1.698456903432540e-07	4.996755e-01	4.966041e-01	4.989557e-01
1.698554046289683e-07	4.996722e-01	4.966150e-01	4.989606e-01
1.698651189146826e-07	4.996691e-01	4.966262e-01	4.989655e-01
1.698748332003969e-07	4.996659e-01	4.966376e-01	4.989704e-01
1.698836903432541e-07	4.996631e-01	4.966482e-01	4.989749e-01
1.698925474861112e-07	4.996603e-01	4.966589e-01	4.989794e-01
1.699014046289684e-07	4.996576e-01	4.966699e-01	4.989838e-01
1.699102617718255e-07	4.996549e-01	4.966810e-01	4.989882e-01
1.699191189146827e-07	4.996523e-01	4.966923e-01	4.989926e-01
1.699279760575398e-07	4.996497e-01	4.967038e-01	4.989970e-01
1.699368332003970e-07	4.996471e-01	4.967155e-01	4.990014e-01
1.699378332003970e-07	4.996468e-01	4.967168e-01	4.990019e-01
1.699552617718256e-07	4.996418e-01	4.967405e-01	4.990104e-01
1.699726903432542e-07	4.996369e-01	4.967646e-01	4.990189e-01
1.699901189146827e-07	4.996321e-01	4.967891e-01	4.990273e-01
1.700075474861114e-07	4.996272e-01	4.968140e-01	4.990357e-01
1.700249760575399e-07	4.996225e-01	4.968392e-01	4.990440e-01
1.700424046289685e-07	4.996177e-01	4.968647e-01	4.990523e-01
1.700598332003971e-07	4.996130e-01	4.968907e-01	4.990605e-01
1.700786903432543e-07	4.996079e-01	4.969187e-01	4.990693e-01
1.700975474861115e-07	4.996028e-01	4.969462e-01	4.990780e-01
1.701164046289686e-07	4.995979e-01	4.969729e-01	4.990867e-01
1.701352617718258e-07	4.995930e-01	4.969991e-01	4.990953e-01
1.701541189146829e-07	4.995881e-01	4.970245e-01	4.991039e-01
1.701729760575401e-07	4.995834e-01	4.970493e-01	4.991123e-01
1.701918332003973e-07	4.995787e-01	4.970735e-01	4.991208e-01
1.702095474861116e-07	4.995745e-01	4.970949e-01	4.991286e-01
1.702272617718259e-07	4.995705e-01	4.971151e-01	4.991364e-01
1.702449760575402e-07	4.995667e-01	4.971341e-01	4.991441e-01
1.702626903432545e-07	4.995632e-01	4.971518e-01	4.991518e-01
1.702804046289688e-07	4.995600e-01	4.971682e-01	4.991594e-01
1.702981189146831e-07	4.995570e-01	4.971834e-01	4.991670e-01
1.703158332003974e-07	4.995543e-01	4.971974e-01	4.991745e-01
1.703288332003974e-07	4.995526e-01	4.972067e-01	4.991800e-01
1.703418332003974e-07	4.995511e-01	4.972153e-01	4.991855e-01
1.703548332003975e-07	4.995499e-01	4.972232e-01	4.991909e-01
1.703678332003975e-07	4.995488e-01	4.972305e-01	4.991963e-01
1.703808332003975e-07	4.995480e-01	4.972371e-01	4.992016e-01
1.703938332003975e-07	4.995475e-01	4.972429e-01	4.992070e-01
1.704068332003975e-07	4.995471e-01	4.972481e-01	4.992123e-01
1.704144046289690e-07	4.995471e-01	4.972509e-01	4.992153e-01
1.704219760575404e-07	4.995471e-01	4.972534e-01	4.992184e-01
1.704295474861118e-07	4.995472e-01	4.972558e-01	4.992215e-01
1.704371189146833e-07	4.995474e-01	4.972580e-01	4.992245e-01
1.704446903432547e-07	4.995477e-01	4.972600e-01	4.992276e-01
1.704522617718261e-07	4.995481e-01	4.972618e-01	4.992306e-01
1.704598332003976e-07	4.995486e-01	4.972634e-01	4.992336e-01
1.704724046289690e-07	4.995496e-01	4.972656e-01	4.992386e-01
1.704849760575405e-07	4.995510e-01	4.972676e-01	4.992435e-01
1.704975474861119e-07	4.995525e-01	4.972691e-01	4.992485e-01
1.705101189146833e-07	4.995544e-01	4.972703e-01	4.992534e-01
1.705226903432548e-07	4.995565e-01	4.972712e-01	4.992583e-01
1.705352617718262e-07	4.995590e-01	4.972718e-01	4.992631e-01
1.705478332003977e-07	4.995616e-01	4.972720e-01	4.992680e-01
1.705659760575405e-07	4.995660e-01	4.972717e-01	4.992749e-01
1.705841189146834e-07	4.995710e-01	4.972715e-01	4.992818e-01
1.706022617718263e-07	4.995766e-01	4.972712e-01	4.992886e-01
1.706204046289692e-07	4.995828e-01	4.972709e-01	4.992953e-01
1.706385474861121e-07	4.995895e-01	4.972706e-01	4.993020e-01
1.706566903432549e-07	4.995968e-01	4.972703e-01	4.993087e-01
1.706748332003978e-07	4.996047e-01	4.972699e-01	4.993153e-01
1.706869760575407e-07	4.996103e-01	4.972700e-01	4.993197e-01
1.706991189146836e-07	4.996161e-01	4.972704e-01	4.993241e-01
1.707112617718264e-07	4.996221e-01	4.972710e-01	4.993284e-01
1.707234046289693e-07	4.996284e-01	4.972720e-01	4.993328e-01
1.707355474861122e-07	4.996349e-01	4.972732e-01	4.993371e-01
1.707476903432550e-07	4.996417e-01	4.972747e-01	4.993413e-01
1.707598332003979e-07	4.996487e-01	4.972765e-01	4.993456e-01
1.707768332003979e-07	4.996588e-01	4.972796e-01	4.993515e-01
1.707938332003980e-07	4.996693e-01	4.972838e-01	4.993574e-01
1.708108332003980e-07	4.996802e-01	4.972889e-01	4.993632e-01
1.708278332003980e-07	4.996915e-01	4.972951e-01	4.993690e-01
1.708448332003980e-07	4.997031e-01	4.973022e-01	4.993747e-01
1.708618332003980e-07	4.997152e-01	4.973103e-01	4.993805e-01
1.708788332003981e-07	4.997275e-01	4.973195e-01	4.993861e-01
1.708905474861124e-07	4.997363e-01	4.973266e-01	4.993900e-01
1.709022617718266e-07	4.997451e-01	4.973342e-01	4.993939e-01
1.709139760575409e-07	4.997541e-01	4.973425e-01	4.993977e-01
1.709256903432552e-07	4.997632e-01	4.973514e-01	4.994015e-01
1.709374046289696e-07	4.997724e-01	4.973609e-01	4.994053e-01
1.709491189146838e-07	4.997817e-01	4.973711e-01	4.994091e-01
1.709608332003981e-07	4.997912e-01	4.973818e-01	4.994128e-01
1.709618332003981e-07	4.997920e-01	4.973828e-01	4.994131e-01
1.709905474861125e-07	4.998159e-01	4.974120e-01	4.994223e-01
1.710192617718268e-07	4.998402e-01	4.974453e-01	4.994313e-01
1.710479760575411e-07	4.998648e-01	4.974826e-01	4.994401e-01
1.710766903432554e-07	4.998898e-01	4.975239e-01	4.994489e-01
1.711054046289697e-07	4.999152e-01	4.975692e-01	4.994576e-01
1.711341189146840e-07	4.999410e-01	4.976186e-01	4.994661e-01
1.711628332003984e-07	4.999672e-01	4.976720e-01	4.994745e-01
1.712135474861127e-07	5.000140e-01	4.977782e-01	4.994891e-01
1.712642617718270e-07	5.000602e-01	4.978933e-01	4.995034e-01
1.713149760575414e-07	5.001057e-01	4.980174e-01	4.995174e-01
1.713656903432557e-07	5.001505e-01	4.981506e-01	4.995310e-01
1.714164046289701e-07	5.001946e-01	4.982926e-01	4.995443e-01
1.714671189146844e-07	5.002381e-01	4.984437e-01	4.995573e-01
1.715178332003988e-07	5.002809e-01	4.986038e-01	4.995700e-01
1.715762617718274e-07	5.003280e-01	4.987952e-01	4.995842e-01
1.716346903432561e-07	5.003728e-01	4.989871e-01	4.995981e-01
1.716931189146847e-07	5.004151e-01	4.991794e-01	4.996115e-01
1.717515474861133e-07	5.004551e-01	4.993721e-01	4.996247e-01
1.718099760575420e-07	5.004927e-01	4.995653e-01	4.996374e-01
1.718684046289706e-07	5.005279e-01	4.997589e-01	4.996498e-01
1.719268332003992e-07	5.005608e-01	4.999529e-01	4.996618e-01
1.719858332003993e-07	5.005912e-01	5.001402e-01	4.996736e-01
1.720451189146851e-07	5.006190e-01	5.003240e-01	4.996851e-01
1.721044046289709e-07	5.006444e-01	5.004992e-01	4.996962e-01
1.721636903432567e-07	5.006673e-01	5.006659e-01	4.997071e-01
1.722229760575424e-07	5.006879e-01	5.008239e-01	4.997177e-01
1.722822617718282e-07	5.007060e-01	5.009734e-01	4.997279e-01
1.723415474861140e-07	5.007217e-01	5.011142e-01	4.997379e-01
1.724008332003998e-07	5.007350e-01	5.012465e-01	4.997475e-01
1.724612617718284e-07	5.007464e-01	5.013696e-01	4.997570e-01
1.725216903432571e-07	5.007558e-01	5.014824e-01	4.997663e-01
1.725821189146857e-07	5.007634e-01	5.015849e-01	4.997753e-01
1.726425474861143e-07	5.007692e-01	5.016773e-01	4.997840e-01
1.727029760575430e-07	5.007731e-01	5.017594e-01	4.997924e-01
1.727634046289716e-07	5.007751e-01	5.018312e-01	4.998006e-01
1.728238332004003e-07	5.007753e-01	5.018929e-01	4.998085e-01
1.728502617718288e-07	5.007750e-01	5.019170e-01	4.998119e-01
1.728766903432575e-07	5.007744e-01	5.019393e-01	4.998152e-01
1.729031189146861e-07	5.007736e-01	5.019600e-01	4.998185e-01
1.729295474861147e-07	5.007725e-01	5.019790e-01	4.998218e-01
1.729559760575433e-07	5.007712e-01	5.019963e-01	4.998250e-01
1.729824046289719e-07	5.007696e-01	5.020119e-01	4.998282e-01
1.730088332004005e-07	5.007678e-01	5.020258e-01	4.998313e-01
1.730098332004005e-07	5.007676e-01	5.020263e-01	4.998314e-01
1.730838332004006e-07	5.007610e-01	5.020550e-01	4.998399e-01
1.731578332004006e-07	5.007530e-01	5.020741e-01	4.998481e-01
1.732318332004007e-07	5.007438e-01	5.020837e-01	4.998559e-01
1.733058332004008e-07	5.007333e-01	5.020838e-01	4.998635e-01
1.733798332004009e-07	5.007216e-01	5.020743e-01	4.998708e-01
1.734538332004010e-07	5.007086e-01	5.020553e-01	4.998778e-01
1.735278332004011e-07	5.006943e-01	5.020267e-01	4.998845e-01
1.735999760575440e-07	5.006798e-01	5.019929e-01	4.998908e-01
1.736721189146869e-07	5.006648e-01	5.019549e-01	4.998969e-01
1.737442617718299e-07	5.006494e-01	5.019127e-01	4.999027e-01
1.738164046289728e-07	5.006336e-01	5.018665e-01	4.999084e-01
1.738885474861158e-07	5.006174e-01	5.018160e-01	4.999138e-01
1.739606903432587e-07	5.006008e-01	5.017615e-01	4.999190e-01
1.740328332004016e-07	5.005837e-01	5.017028e-01	4.999240e-01
1.740338332004016e-07	5.005835e-01	5.017020e-01	4.999241e-01
1.741226903432589e-07	5.005623e-01	5.016268e-01	4.999299e-01
1.742115474861161e-07	5.005412e-01	5.015509e-01	4.999355e-01
1.743004046289734e-07	5.005202e-01	5.014742e-01	4.999409e-01
1.743892617718306e-07	5.004993e-01	5.013967e-01	4.999460e-01
1.744781189146878e-07	5.004786e-01	5.013184e-01	4.999509e-01
1.745669760575451e-07	5.004580e-01	5.012393e-01	4.999555e-01
1.746558332004023e-07	5.004375e-01	5.011594e-01	4.999599e-01
1.747131189146881e-07	5.004246e-01	5.011092e-01	4.999626e-01
1.747704046289739e-07	5.004118e-01	5.010598e-01	4.999652e-01
1.748276903432597e-07	5.003992e-01	5.010111e-01	4.999678e-01
1.748849760575454e-07	5.003869e-01	5.009631e-01	4.999703e-01
1.749422617718312e-07	5.003747e-01	5.009159e-01	4.999727e-01
1.749995474861170e-07	5.003627e-01	5.008694e-01	4.999750e-01
1.750568332004028e-07	5.003510e-01	5.008237e-01	4.999773e-01
1.750578332004028e-07	5.003508e-01	5.008228e-01	4.999773e-01
1.751575474861172e-07	5.003308e-01	5.007457e-01	4.999811e-01
1.752572617718316e-07	5.003115e-01	5.006719e-01	4.999846e-01
1.753569760575460e-07	5.002930e-01	5.006014e-01	4.999880e-01
1.754566903432604e-07	5.002751e-01	5.005344e-01	4.999912e-01
1.755564046289748e-07	5.002581e-01	5.004707e-01	4.999942e-01
1.756561189146892e-07	5.002417e-01	5.004104e-01	4.999971e-01
1.757558332004036e-07	5.002261e-01	5.003535e-01	4.999998e-01
1.757765474861179e-07	5.002229e-01	5.003422e-01	5.000003e-01
1.757972617718322e-07	5.002198e-01	5.003310e-01	5.000008e-01
1.758179760575465e-07	5.002167e-01	5.003199e-01	5.000015e-01
1.758386903432608e-07	5.002136e-01	5.003090e-01	5.000021e-01
1.758594046289751e-07	5.002106e-01	5.002982e-01	5.000029e-01
1.758801189146894e-07	5.002076e-01	5.002876e-01	5.000037e-01
1.759008332004037e-07	5.002047e-01	5.002771e-01	5.000046e-01
1.759202617718323e-07	5.002019e-01	5.002674e-01	5.000056e-01
1.759396903432609e-07	5.001992e-01	5.002578e-01	5.000067e-01
1.759591189146895e-07	5.001965e-01	5.002484e-01	5.000079e-01
1.759785474861181e-07	5.001938e-01	5.002391e-01	5.000093e-01
1.759979760575467e-07	5.001912e-01	5.002299e-01	5.000108e-01
1.760174046289753e-07	5.001886e-01	5.002208e-01	5.000125e-01
1.760368332004039e-07	5.001860e-01	5.002119e-01	5.000142e-01
1.760818332004039e-07	5.001801e-01	5.001916e-01	5.000190e-01
1.761316903432612e-07	5.001737e-01	5.001700e-01	5.000250e-01
1.761815474861184e-07	5.001675e-01	5.001491e-01	5.000325e-01
1.762314046289756e-07	5.001614e-01	5.001290e-01	5.000412e-01
1.762812617718327e-07	5.001556e-01	5.001096e-01	5.000512e-01
1.763311189146899e-07	5.001499e-01	5.000910e-01	5.000625e-01
1.763809760575471e-07	5.001443e-01	5.000731e-01	5.000752e-01
1.764308332004043e-07	5.001389e-01	5.000560e-01	5.000891e-01
1.764654046289758e-07	5.001353e-01	5.000445e-01	5.000998e-01
1.764999760575473e-07	5.001318e-01	5.000333e-01	5.001111e-01
1.765345474861188e-07	5.001283e-01	5.000225e-01	5.001231e-01
1.765691189146902e-07	5.001248e-01	5.000119e-01	5.001356e-01
1.766036903432617e-07	5.001215e-01	5.000017e-01	5.001488e-01
1.766382617718331e-07	5.001182e-01	4.999918e-01	5.001626e-01
1.766728332004046e-07	5.001150e-01	4.999822e-01	5.001770e-01
1.767345474861190e-07	5.001094e-01	4.999659e-01	5.002048e-01
1.767962617718333e-07	5.001040e-01	4.999504e-01	5.002322e-01
1.768579760575477e-07	5.000989e-01	4.999357e-01	5.002590e-01
1.769196903432620e-07	5.000939e-01	4.999218e-01	5.002853e-01
1.769814046289764e-07	5.000892e-01	4.999088e-01	5.003110e-01
1.770431189146907e-07	5.000846e-01	4.998966e-01	5.003362e-01
1.771048332004051e-07	5.000803e-01	4.998853e-01	5.003609e-01
1.771058332004051e-07	5.000802e-01	4.998851e-01	5.003613e-01
1.771394046289766e-07	5.000779e-01	4.998792e-01	5.003731e-01
1.771729760575480e-07	5.000757e-01	4.998735e-01	5.003839e-01
1.772065474861195e-07	5.000735e-01	4.998680e-01	5.003937e-01
1.772401189146910e-07	5.000714e-01	4.998627e-01	5.004025e-01
1.772736903432624e-07	5.000693e-01	4.998576e-01	5.004104e-01
1.773072617718339e-07	5.000672e-01	4.998526e-01	5.004172e-01
1.773408332004054e-07	5.000652e-01	4.998479e-01	5.004231e-01
1.773601189146911e-07	5.000641e-01	4.998453e-01	5.004259e-01
1.773794046289769e-07	5.000630e-01	4.998427e-01	5.004283e-01
1.773986903432626e-07	5.000619e-01	4.998402e-01	5.004303e-01
1.774179760575483e-07	5.000608e-01	4.998377e-01	5.004319e-01
1.774372617718340e-07	5.000597e-01	4.998353e-01	5.004331e-01
1.774565474861198e-07	5.000587e-01	4.998330e-01	5.004339e-01
1.774758332004055e-07	5.000576e-01	4.998307e-01	5.004342e-01
1.774889760575484e-07	5.000569e-01	4.998291e-01	5.004342e-01
1.775021189146913e-07	5.000562e-01	4.998276e-01	5.004341e-01
1.775152617718341e-07	5.000555e-01	4.998262e-01	5.004337e-01
1.775284046289770e-07	5.000549e-01	4.998247e-01	5.004331e-01
1.775415474861199e-07	5.000542e-01	4.998233e-01	5.004324e-01
1.775546903432628e-07	5.000535e-01	4.998218e-01	5.004314e-01
1.775678332004056e-07	5.000529e-01	4.998204e-01	5.004303e-01
1.776009760575485e-07	5.000512e-01	4.998170e-01	5.004265e-01
1.776341189146914e-07	5.000496e-01	4.998138e-01	5.004215e-01
1.776672617718343e-07	5.000481e-01	4.998107e-01	5.004154e-01
1.777004046289772e-07	5.000466e-01	4.998077e-01	5.004081e-01
1.777335474861201e-07	5.000451e-01	4.998048e-01	5.003996e-01
1.777666903432630e-07	5.000437e-01	4.998021e-01	5.003899e-01
1.777998332004059e-07	5.000423e-01	4.997995e-01	5.003790e-01
1.778468332004060e-07	5.000403e-01	4.997961e-01	5.003616e-01
1.778938332004060e-07	5.000385e-01	4.997928e-01	5.003424e-01
1.779408332004061e-07	5.000367e-01	4.997898e-01	5.003215e-01
1.779878332004061e-07	5.000350e-01	4.997870e-01	5.002988e-01
1.780348332004062e-07	5.000333e-01	4.997844e-01	5.002745e-01
1.780818332004062e-07	5.000317e-01	4.997820e-01	5.002484e-01
1.781288332004063e-07	5.000302e-01	4.997798e-01	5.002205e-01
1.781298332004063e-07	5.000302e-01	4.997798e-01	5.002199e-01
1.782159760575492e-07	5.000275e-01	4.997763e-01	5.001644e-01
1.783021189146922e-07	5.000250e-01	4.997733e-01	5.001079e-01
1.783882617718351e-07	5.000227e-01	4.997708e-01	5.000506e-01
1.784744046289781e-07	5.000205e-01	4.997687e-01	4.999924e-01
1.785605474861211e-07	5.000185e-01	4.997671e-01	4.999334e-01
1.786466903432640e-07	5.000167e-01	4.997659e-01	4.998735e-01
1.787328332004070e-07	5.000150e-01	4.997652e-01	4.998127e-01
1.787704046289784e-07	5.000143e-01	4.997649e-01	4.997875e-01
1.788079760575499e-07	5.000137e-01	4.997647e-01	4.997629e-01
1.788455474861214e-07	5.000130e-01	4.997646e-01	4.997387e-01
1.788831189146928e-07	5.000124e-01	4.997645e-01	4.997151e-01
1.789206903432643e-07	5.000118e-01	4.997644e-01	4.996919e-01
1.789582617718358e-07	5.000112e-01	4.997644e-01	4.996693e-01
1.789958332004073e-07	5.000106e-01	4.997645e-01	4.996472e-01
1.790182617718358e-07	5.000103e-01	4.997646e-01	4.996344e-01
1.790406903432645e-07	5.000099e-01	4.997646e-01	4.996215e-01
1.790631189146930e-07	5.000096e-01	4.997647e-01	4.996087e-01
1.790855474861216e-07	5.000093e-01	4.997648e-01	4.995959e-01
1.791079760575502e-07	5.000090e-01	4.997649e-01	4.995831e-01
1.791304046289788e-07	5.000087e-01	4.997651e-01	4.995703e-01
1.791528332004074e-07	5.000085e-01	4.997652e-01	4.995574e-01
1.791538332004074e-07	5.000085e-01	4.997652e-01	4.995569e-01
1.791825474861218e-07	5.000081e-01	4.997654e-01	4.995401e-01
1.792112617718361e-07	5.000077e-01	4.997656e-01	4.995232e-01
1.792399760575504e-07	5.000074e-01	4.997659e-01	4.995062e-01
1.792686903432647e-07	5.000070e-01	4.997661e-01	4.994890e-01
1.792974046289790e-07	5.000067e-01	4.997664e-01	4.994718e-01
1.793261189146933e-07	5.000064e-01	4.997667e-01	4.994545e-01
1.793548332004077e-07	5.000061e-01	4.997670e-01	4.994370e-01
1.793934046289791e-07	5.000058e-01	4.997674e-01	4.994135e-01
1.794319760575506e-07	5.000054e-01	4.997679e-01	4.993907e-01
1.794705474861221e-07	5.000051e-01	4.997684e-01	4.993686e-01
1.795091189146935e-07	5.000047e-01	4.997689e-01	4.993474e-01
1.795476903432650e-07	5.000044e-01	4.997694e-01	4.993268e-01
1.795862617718365e-07	5.000041e-01	4.997700e-01	4.993070e-01
1.796248332004080e-07	5.000038e-01	4.997706e-01	4.992880e-01
1.796592617718366e-07	5.000035e-01	4.997711e-01	4.992723e-01
1.796936903432652e-07	5.000033e-01	4.997717e-01	4.992576e-01
1.797281189146938e-07	5.000030e-01	4.997722e-01	4.992439e-01
1.797625474861224e-07	5.000028e-01	4.997728e-01	4.992313e-01
1.797969760575510e-07	5.000026e-01	4.997733e-01	4.992197e-01
1.798314046289796e-07	5.000024e-01	4.997739e-01	4.992091e-01
1.798658332004082e-07	5.000022e-01	4.997745e-01	4.991996e-01
1.799055474861226e-07	5.000020e-01	4.997752e-01	4.991901e-01
1.799452617718369e-07	5.000018e-01	4.997759e-01	4.991818e-01
1.799849760575512e-07	5.000016e-01	4.997766e-01	4.991747e-01
1.800246903432656e-07	5.000014e-01	4.997773e-01	4.991689e-01
1.800644046289799e-07	5.000012e-01	4.997781e-01	4.991644e-01
1.801041189146942e-07	5.000011e-01	4.997788e-01	4.991611e-01
1.801438332004086e-07	5.000009e-01	4.997796e-01	4.991591e-01
1.801485474861229e-07	5.000009e-01	4.997796e-01	4.991589e-01
1.801532617718371e-07	5.000009e-01	4.997797e-01	4.991587e-01
1.801579760575514e-07	5.000008e-01	4.997798e-01	4.991586e-01
1.801626903432657e-07	5.000008e-01	4.997799e-01	4.991584e-01
1.801674046289800e-07	5.000008e-01	4.997800e-01	4.991583e-01
1.801721189146943e-07	5.000008e-01	4.997801e-01	4.991582e-01
1.801768332004086e-07	5.000008e-01	4.997802e-01	4.991581e-01
1.801778332004086e-07	5.000008e-01	4.997802e-01	4.991581e-01
1.802002617718372e-07	5.000007e-01	4.997806e-01	4.991579e-01
1.802226903432658e-07	5.000006e-01	4.997810e-01	4.991580e-01
1.802451189146944e-07	5.000005e-01	4.997815e-01	4.991584e-01
1.802675474861230e-07	5.000004e-01	4.997819e-01	4.991591e-01
1.802899760575516e-07	5.000004e-01	4.997823e-01	4.991601e-01
1.803124046289802e-07	5.000003e-01	4.997827e-01	4.991614e-01
1.803348332004088e-07	5.000002e-01	4.997832e-01	4.991630e-01
1.803879760575517e-07	5.000001e-01	4.997842e-01	4.991681e-01
1.804411189146946e-07	5.000000e-01	4.997852e-01	4.991744e-01
1.804942617718375e-07	4.999998e-01	4.997862e-01	4.991819e-01
1.805474046289805e-07	4.999997e-01	4.997872e-01	4.991906e-01
1.806005474861234e-07	4.999996e-01	4.997882e-01	4.992005e-01
1.806536903432663e-07	4.999995e-01	4.997892e-01	4.992116e-01
1.807068332004092e-07	4.999995e-01	4.997902e-01	4.992240e-01
1.807774046289807e-07	4.999994e-01	4.997915e-01	4.992420e-01
1.808479760575522e-07	4.999993e-01	4.997927e-01	4.992611e-01
1.809185474861237e-07	4.999993e-01	4.997940e-01	4.992815e-01
1.809891189146952e-07	4.999992e-01	4.997953e-01	4.993031e-01
1.810596903432667e-07	4.999992e-01	4.997965e-01	4.993259e-01
1.811302617718382e-07	4.999991e-01	4.997977e-01	4.993500e-01
1.812008332004098e-07	4.999991e-01	4.997989e-01	4.993752e-01
1.812018332004098e-07	4.999991e-01	4.997989e-01	4.993756e-01
1.813276903432670e-07	4.999991e-01	4.998010e-01	4.994234e-01
1.814535474861243e-07	4.999991e-01	4.998029e-01	4.994714e-01
1.815794046289816e-07	4.999992e-01	4.998049e-01	4.995198e-01
1.817052617718389e-07	4.999992e-01	4.998067e-01	4.995685e-01
1.818311189146962e-07	4.999993e-01	4.998084e-01	4.996175e-01
1.819569760575535e-07	4.999994e-01	4.998101e-01	4.996669e-01
1.820828332004108e-07	4.999995e-01	4.998117e-01	4.997165e-01
1.822258332004109e-07	4.999996e-01	4.998134e-01	4.997696e-01
1.823351189146967e-07	4.999997e-01	4.998146e-01	4.998089e-01
1.824444046289826e-07	4.999998e-01	4.998158e-01	4.998464e-01
1.825536903432684e-07	4.999999e-01	4.998169e-01	4.998820e-01
1.826629760575543e-07	5.000000e-01	4.998180e-01	4.999158e-01
1.827722617718401e-07	5.000001e-01	4.998190e-01	4.999477e-01
1.828815474861260e-07	5.000002e-01	4.998199e-01	4.999778e-01
1.829908332004118e-07	5.000003e-01	4.998208e-01	5.000061e-01
1.832498332004121e-07	5.000006e-01	4.998228e-01	5.000644e-01
1.833814046289837e-07	5.000007e-01	4.998237e-01	5.000893e-01
1.835129760575552e-07	5.000008e-01	4.998245e-01	5.001118e-01
1.836445474861268e-07	5.000010e-01	4.998253e-01	5.001317e-01
1.837761189146984e-07	5.000011e-01	4.998260e-01	5.001490e-01
1.839076903432700e-07	5.000012e-01	4.998267e-01	5.001639e-01
1.840392617718415e-07	5.000013e-01	4.998273e-01	5.001762e-01
1.841708332004131e-07	5.000014e-01	4.998279e-01	5.001860e-01
1.842738332004132e-07	5.000014e-01	4.998283e-01	5.001925e-01
1.843605474861276e-07	5.000015e-01	4.998286e-01	5.001970e-01
1.844472617718420e-07	5.000016e-01	4.998290e-01	5.002008e-01
1.845339760575564e-07	5.000016e-01	4.998293e-01	5.002040e-01
1.846206903432708e-07	5.000017e-01	4.998296e-01	5.002064e-01
1.847074046289852e-07	5.000018e-01	4.998298e-01	5.002082e-01
1.847941189146995e-07	5.000018e-01	4.998301e-01	5.002094e-01
1.848808332004139e-07	5.000018e-01	4.998303e-01	5.002099e-01
1.848838332004139e-07	5.000018e-01	4.998303e-01	5.002099e-01
1.848868332004139e-07	5.000018e-01	4.998303e-01	5.002099e-01
1.848898332004139e-07	5.000018e-01	4.998304e-01	5.002099e-01
1.848928332004139e-07	5.000018e-01	4.998304e-01	5.002099e-01
1.848956903432711e-07	5.000019e-01	4.998304e-01	5.002099e-01
1.848985474861282e-07	5.000019e-01	4.998304e-01	5.002099e-01
1.849014046289854e-07	5.000019e-01	4.998304e-01	5.002099e-01
1.849042617718425e-07	5.000018e-01	4.998304e-01	5.002099e-01
1.849071189146997e-07	5.000018e-01	4.998304e-01	5.002099e-01
1.849099760575568e-07	5.000018e-01	4.998304e-01	5.002099e-01
1.849128332004140e-07	5.000018e-01	4.998304e-01	5.002099e-01
1.849168332004140e-07	5.000017e-01	4.998304e-01	5.002099e-01
1.849208332004140e-07	5.000017e-01	4.998303e-01	5.002099e-01
1.849248332004140e-07	5.000016e-01	4.998303e-01	5.002099e-01
1.849288332004140e-07	5.000016e-01	4.998303e-01	5.002099e-01
1.849328332004140e-07	5.000015e-01	4.998302e-01	5.002099e-01
1.849368332004140e-07	5.000014e-01	4.998302e-01	5.002099e-01
1.849408332004140e-07	5.000014e-01	4.998301e-01	5.002099e-01
1.849474046289854e-07	5.000012e-01	4.998300e-01	5.002099e-01
1.849539760575569e-07	5.000010e-01	4.998298e-01	5.002099e-01
1.849605474861283e-07	5.000008e-01	4.998295e-01	5.002099e-01
1.849671189146997e-07	5.000006e-01	4.998292e-01	5.002099e-01
1.849736903432712e-07	5.000004e-01	4.998289e-01	5.002099e-01
1.849802617718426e-07	5.000001e-01	4.998285e-01	5.002099e-01
1.849868332004140e-07	4.999999e-01	4.998280e-01	5.002099e-01
1.849942617718426e-07	4.999996e-01	4.998274e-01	5.002098e-01
1.850016903432712e-07	4.999992e-01	4.998267e-01	5.002098e-01
1.850091189146998e-07	4.999989e-01	4.998259e-01	5.002098e-01
1.850165474861284e-07	4.999985e-01	4.998251e-01	5.002097e-01
1.850239760575569e-07	4.999982e-01	4.998241e-01	5.002097e-01
1.850314046289855e-07	4.999978e-01	4.998231e-01	5.002096e-01
1.850388332004141e-07	4.999974e-01	4.998219e-01	5.002096e-01
1.850481189146998e-07	4.999970e-01	4.998204e-01	5.002095e-01
1.850574046289856e-07	4.999965e-01	4.998187e-01	5.002094e-01
1.850666903432713e-07	4.999960e-01	4.998170e-01	5.002094e-01
1.850759760575570e-07	4.999955e-01	4.998152e-01	5.002093e-01
1.850852617718427e-07	4.999950e-01	4.998132e-01	5.002092e-01
1.850945474861285e-07	4.999945e-01	4.998112e-01	5.002091e-01
1.851038332004142e-07	4.999940e-01	4.998091e-01	5.002090e-01
1.851145474861285e-07	4.999934e-01	4.998066e-01	5.002089e-01
1.851252617718428e-07	4.999929e-01	4.998042e-01	5.002088e-01
1.851359760575571e-07	4.999923e-01	4.998017e-01	5.002087e-01
1.851466903432714e-07	4.999917e-01	4.997993e-01	5.002086e-01
1.851574046289857e-07	4.999911e-01	4.997968e-01	5.002084e-01
1.851681189147000e-07	4.999904e-01	4.997944e-01	5.002083e-01
1.851788332004143e-07	4.999898e-01	4.997921e-01	5.002081e-01
1.851894046289857e-07	4.999891e-01	4.997899e-01	5.002080e-01
1.851999760575571e-07	4.999884e-01	4.997878e-01	5.002078e-01
1.852105474861286e-07	4.999876e-01	4.997859e-01	5.002076e-01
1.852211189147000e-07	4.999868e-01	4.997842e-01	5.002075e-01
1.852316903432715e-07	4.999859e-01	4.997826e-01	5.002073e-01
1.852422617718429e-07	4.999850e-01	4.997811e-01	5.002071e-01
1.852528332004143e-07	4.999840e-01	4.997798e-01	5.002069e-01
1.852591189147001e-07	4.999834e-01	4.997792e-01	5.002068e-01
1.852654046289858e-07	4.999827e-01	4.997786e-01	5.002066e-01
1.852716903432715e-07	4.999820e-01	4.997781e-01	5.002065e-01
1.852779760575572e-07	4.999813e-01	4.997777e-01	5.002064e-01
1.852842617718429e-07	4.999806e-01	4.997774e-01	5.002063e-01
1.852905474861287e-07	4.999798e-01	4.997771e-01	5.002062e-01
1.852968332004144e-07	4.999790e-01	4.997769e-01	5.002061e-01
1.852978332004144e-07	4.999788e-01	4.997769e-01	5.002061e-01
1.853046903432716e-07	4.999779e-01	4.997768e-01	5.002059e-01
1.853115474861287e-07	4.999769e-01	4.997768e-01	5.002057e-01
1.853184046289859e-07	4.999759e-01	4.997768e-01	5.002056e-01
1.853252617718430e-07	4.999748e-01	4.997770e-01	5.002054e-01
1.853321189147001e-07	4.999737e-01	4.997773e-01	5.002053e-01
1.853389760575573e-07	4.999726e-01	4.997776e-01	5.002052e-01
1.853458332004145e-07	4.999714e-01	4.997780e-01	5.002050e-01
1.853569760575573e-07	4.999693e-01	4.997790e-01	5.002048e-01
1.853681189147002e-07	4.999671e-01	4.997801e-01	5.002045e-01
1.853792617718431e-07	4.999647e-01	4.997813e-01	5.002042e-01
1.853904046289859e-07	4.999621e-01	4.997828e-01	5.002040e-01
1.854015474861288e-07	4.999595e-01	4.997845e-01	5.002037e-01
1.854126903432717e-07	4.999566e-01	4.997863e-01	5.002034e-01
1.854238332004145e-07	4.999537e-01	4.997883e-01	5.002031e-01
1.854488332004146e-07	4.999464e-01	4.997938e-01	5.002025e-01
1.854738332004146e-07	4.999382e-01	4.997991e-01	5.002018e-01
1.854988332004146e-07	4.999291e-01	4.998042e-01	5.002011e-01
1.855238332004147e-07	4.999192e-01	4.998091e-01	5.002004e-01
1.855488332004147e-07	4.999085e-01	4.998139e-01	5.001996e-01
1.855738332004147e-07	4.998968e-01	4.998184e-01	5.001989e-01
1.855988332004147e-07	4.998843e-01	4.998228e-01	5.001981e-01
1.856089760575576e-07	4.998790e-01	4.998241e-01	5.001977e-01
1.856191189147005e-07	4.998736e-01	4.998252e-01	5.001974e-01
1.856292617718433e-07	4.998680e-01	4.998261e-01	5.001971e-01
1.856394046289862e-07	4.998623e-01	4.998268e-01	5.001968e-01
1.856495474861291e-07	4.998565e-01	4.998273e-01	5.001964e-01
1.856596903432720e-07	4.998505e-01	4.998276e-01	5.001961e-01
1.856698332004148e-07	4.998444e-01	4.998277e-01	5.001957e-01
1.856801189147005e-07	4.998381e-01	4.998275e-01	5.001954e-01
1.856904046289863e-07	4.998316e-01	4.998271e-01	5.001950e-01
1.857006903432720e-07	4.998250e-01	4.998264e-01	5.001947e-01
1.857109760575577e-07	4.998183e-01	4.998254e-01	5.001943e-01
1.857212617718434e-07	4.998115e-01	4.998242e-01	5.001939e-01
1.857315474861292e-07	4.998045e-01	4.998226e-01	5.001936e-01
1.857418332004149e-07	4.997974e-01	4.998209e-01	5.001932e-01
1.857578332004149e-07	4.997862e-01	4.998175e-01	5.001926e-01
1.857738332004149e-07	4.997746e-01	4.998134e-01	5.001920e-01
1.857898332004150e-07	4.997628e-01	4.998086e-01	5.001914e-01
1.858058332004150e-07	4.997507e-01	4.998031e-01	5.001909e-01
1.858218332004150e-07	4.997384e-01	4.997969e-01	5.001902e-01
1.858378332004150e-07	4.997257e-01	4.997900e-01	5.001896e-01
1.858538332004150e-07	4.997128e-01	4.997823e-01	5.001890e-01
1.858788332004151e-07	4.996921e-01	4.997688e-01	5.001880e-01
1.859038332004151e-07	4.996708e-01	4.997540e-01	5.001870e-01
1.859288332004151e-07	4.996488e-01	4.997379e-01	5.001860e-01
1.859538332004151e-07	4.996263e-01	4.997205e-01	5.001850e-01
1.859788332004152e-07	4.996032e-01	4.997018e-01	5.001840e-01
1.860038332004152e-07	4.995795e-01	4.996818e-01	5.001829e-01
1.860288332004152e-07	4.995552e-01	4.996606e-01	5.001819e-01
1.860689760575581e-07	4.995150e-01	4.996237e-01	5.001802e-01
1.861091189147010e-07	4.994733e-01	4.995872e-01	5.001784e-01
1.861492617718439e-07	4.994301e-01	4.995510e-01	5.001767e-01
1.861894046289869e-07	4.993854e-01	4.995152e-01	5.001749e-01
1.862295474861297e-07	4.993392e-01	4.994797e-01	5.001731e-01
1.862696903432726e-07	4.992914e-01	4.994445e-01	5.001713e-01
1.863098332004155e-07	4.992422e-01	4.994097e-01	5.001695e-01
1.863218332004156e-07	4.992272e-01	4.994002e-01	5.001689e-01
1.863479760575584e-07	4.991941e-01	4.993801e-01	5.001677e-01
1.863741189147013e-07	4.991603e-01	4.993615e-01	5.001665e-01
1.864002617718442e-07	4.991260e-01	4.993443e-01	5.001653e-01
1.864264046289871e-07	4.990910e-01	4.993286e-01	5.001641e-01
1.864525474861300e-07	4.990555e-01	4.993143e-01	5.001629e-01
1.864786903432729e-07	4.990194e-01	4.993014e-01	5.001616e-01
1.865048332004158e-07	4.989827e-01	4.992900e-01	5.001604e-01
1.865236903432729e-07	4.989558e-01	4.992830e-01	5.001595e-01
1.865425474861301e-07	4.989288e-01	4.992769e-01	5.001586e-01
1.865614046289873e-07	4.989014e-01	4.992716e-01	5.001577e-01
1.865802617718444e-07	4.988738e-01	4.992673e-01	5.001569e-01
1.865991189147016e-07	4.988460e-01	4.992639e-01	5.001560e-01
1.866179760575588e-07	4.988179e-01	4.992614e-01	5.001551e-01
1.866368332004159e-07	4.987896e-01	4.992599e-01	5.001542e-01
1.866505474861302e-07	4.987688e-01	4.992593e-01	5.001536e-01
1.866642617718445e-07	4.987480e-01	4.992592e-01	5.001529e-01
1.866779760575588e-07	4.987271e-01	4.992596e-01	5.001523e-01
1.866916903432731e-07	4.987060e-01	4.992605e-01	5.001516e-01
1.867054046289874e-07	4.986849e-01	4.992618e-01	5.001509e-01
1.867191189147017e-07	4.986636e-01	4.992636e-01	5.001503e-01
1.867328332004160e-07	4.986423e-01	4.992658e-01	5.001496e-01
1.867644046289875e-07	4.985927e-01	4.992730e-01	5.001481e-01
1.867959760575590e-07	4.985430e-01	4.992823e-01	5.001467e-01
1.868275474861304e-07	4.984930e-01	4.992936e-01	5.001452e-01
1.868591189147019e-07	4.984428e-01	4.993070e-01	5.001437e-01
1.868906903432734e-07	4.983924e-01	4.993224e-01	5.001422e-01
1.869222617718448e-07	4.983419e-01	4.993398e-01	5.001407e-01
1.869538332004163e-07	4.982911e-01	4.993594e-01	5.001392e-01
1.870096903432735e-07	4.982008e-01	4.993992e-01	5.001366e-01
1.870655474861307e-07	4.981121e-01	4.994413e-01	5.001339e-01
1.871214046289879e-07	4.980251e-01	4.994859e-01	5.001313e-01
1.871772617718451e-07	4.979397e-01	4.995327e-01	5.001288e-01
1.872331189147023e-07	4.978560e-01	4.995820e-01	5.001262e-01
1.872889760575595e-07	4.977740e-01	4.996336e-01	5.001237e-01
1.873448332004167e-07	4.976936e-01	4.996876e-01	5.001211e-01
1.873458332004167e-07	4.976922e-01	4.996885e-01	5.001211e-01
1.873958332004168e-07	4.976232e-01	4.997358e-01	5.001188e-01
1.874458332004168e-07	4.975575e-01	4.997819e-01	5.001166e-01
1.874958332004169e-07	4.974949e-01	4.998266e-01	5.001144e-01
1.875458332004169e-07	4.974355e-01	4.998699e-01	5.001122e-01
1.875958332004170e-07	4.973793e-01	4.999120e-01	5.001101e-01
1.876458332004171e-07	4.973263e-01	4.999527e-01	5.001080e-01
1.876958332004171e-07	4.972765e-01	4.999921e-01	5.001059e-01
1.877439760575600e-07	4.972323e-01	5.000274e-01	5.001038e-01
1.877921189147029e-07	4.971919e-01	5.000604e-01	5.001018e-01
1.878402617718458e-07	4.971553e-01	5.000911e-01	5.000999e-01
1.878884046289888e-07	4.971224e-01	5.001194e-01	5.000979e-01
1.879365474861317e-07	4.970933e-01	5.001453e-01	5.000960e-01
1.879846903432746e-07	4.970679e-01	5.001689e-01	5.000941e-01
1.880328332004175e-07	4.970463e-01	5.001901e-01	5.000923e-01
1.880888332004176e-07	4.970261e-01	5.002117e-01	5.000901e-01
1.880898332004176e-07	4.970258e-01	5.002120e-01	5.000901e-01
1.880908332004176e-07	4.970255e-01	5.002124e-01	5.000901e-01
1.880918332004176e-07	4.970252e-01	5.002127e-01	5.000900e-01
1.880928332004176e-07	4.970249e-01	5.002130e-01	5.000899e-01
1.880938332004176e-07	4.970246e-01	5.002134e-01	5.000899e-01
1.880958332004176e-07	4.970240e-01	5.002141e-01	5.000898e-01
1.881005474861319e-07	4.970226e-01	5.002157e-01	5.000897e-01
1.881052617718461e-07	4.970212e-01	5.002173e-01	5.000895e-01
1.881099760575604e-07	4.970199e-01	5.002188e-01	5.000893e-01
1.881146903432747e-07	4.970186e-01	5.002203e-01	5.000891e-01
1.881194046289890e-07	4.970173e-01	5.002217e-01	5.000890e-01
1.881241189147033e-07	4.970161e-01	5.002231e-01	5.000888e-01
1.881288332004176e-07	4.970149e-01	5.002244e-01	5.000886e-01
1.881344046289891e-07	4.970136e-01	5.002258e-01	5.000884e-01
1.881399760575605e-07	4.970123e-01	5.002271e-01	5.000882e-01
1.881455474861319e-07	4.970110e-01	5.002283e-01	5.000880e-01
1.881511189147033e-07	4.970098e-01	5.002294e-01	5.000878e-01
1.881566903432748e-07	4.970087e-01	5.002305e-01	5.000875e-01
1.881622617718462e-07	4.970076e-01	5.002314e-01	5.000873e-01
1.881678332004177e-07	4.970066e-01	5.002323e-01	5.000871e-01
1.881792617718462e-07	4.970046e-01	5.002336e-01	5.000867e-01
1.881906903432748e-07	4.970029e-01	5.002348e-01	5.000863e-01
1.882021189147034e-07	4.970014e-01	5.002359e-01	5.000859e-01
1.882135474861320e-07	4.970001e-01	5.002369e-01	5.000854e-01
1.882249760575606e-07	4.969991e-01	5.002378e-01	5.000850e-01
1.882364046289892e-07	4.969983e-01	5.002386e-01	5.000846e-01
1.882478332004177e-07	4.969978e-01	5.002393e-01	5.000842e-01
1.882545474861320e-07	4.969976e-01	5.002397e-01	5.000840e-01
1.882612617718463e-07	4.969975e-01	5.002403e-01	5.000838e-01
1.882679760575606e-07	4.969975e-01	5.002409e-01	5.000835e-01
1.882746903432749e-07	4.969976e-01	5.002416e-01	5.000833e-01
1.882814046289892e-07	4.969977e-01	5.002423e-01	5.000830e-01
1.882881189147035e-07	4.969980e-01	5.002431e-01	5.000828e-01
1.882948332004178e-07	4.969984e-01	5.002440e-01	5.000825e-01
1.883028332004178e-07	4.969989e-01	5.002452e-01	5.000822e-01
1.883108332004178e-07	4.969996e-01	5.002466e-01	5.000820e-01
1.883188332004178e-07	4.970005e-01	5.002481e-01	5.000817e-01
1.883268332004178e-07	4.970015e-01	5.002497e-01	5.000814e-01
1.883348332004178e-07	4.970026e-01	5.002515e-01	5.000811e-01
1.883428332004179e-07	4.970039e-01	5.002534e-01	5.000808e-01
1.883508332004179e-07	4.970053e-01	5.002555e-01	5.000805e-01
1.883698332004179e-07	4.970093e-01	5.002610e-01	5.000799e-01
1.883838332004179e-07	4.970128e-01	5.002658e-01	5.000794e-01
1.883978332004179e-07	4.970167e-01	5.002708e-01	5.000789e-01
1.884118332004179e-07	4.970212e-01	5.002762e-01	5.000784e-01
1.884258332004179e-07	4.970261e-01	5.002819e-01	5.000780e-01
1.884398332004180e-07	4.970316e-01	5.002879e-01	5.000775e-01
1.884538332004180e-07	4.970375e-01	5.002942e-01	5.000770e-01
1.884678332004180e-07	4.970438e-01	5.003009e-01	5.000765e-01
1.884852617718466e-07	4.970525e-01	5.003095e-01	5.000759e-01
1.885026903432752e-07	4.970619e-01	5.003180e-01	5.000753e-01
1.885201189147038e-07	4.970719e-01	5.003263e-01	5.000747e-01
1.885375474861324e-07	4.970827e-01	5.003346e-01	5.000742e-01
1.885549760575609e-07	4.970941e-01	5.003427e-01	5.000736e-01
1.885724046289896e-07	4.971063e-01	5.003507e-01	5.000730e-01
1.885898332004181e-07	4.971191e-01	5.003586e-01	5.000725e-01
1.886034046289896e-07	4.971296e-01	5.003643e-01	5.000720e-01
1.886169760575610e-07	4.971403e-01	5.003698e-01	5.000716e-01
1.886305474861325e-07	4.971514e-01	5.003749e-01	5.000711e-01
1.886441189147039e-07	4.971628e-01	5.003797e-01	5.000707e-01
1.886576903432754e-07	4.971746e-01	5.003843e-01	5.000703e-01
1.886712617718468e-07	4.971866e-01	5.003885e-01	5.000699e-01
1.886848332004182e-07	4.971990e-01	5.003924e-01	5.000694e-01
1.886972617718468e-07	4.972106e-01	5.003957e-01	5.000690e-01
1.887096903432754e-07	4.972224e-01	5.003988e-01	5.000687e-01
1.887221189147040e-07	4.972343e-01	5.004016e-01	5.000683e-01
1.887345474861326e-07	4.972465e-01	5.004041e-01	5.000679e-01
1.887469760575612e-07	4.972588e-01	5.004064e-01	5.000675e-01
1.887594046289898e-07	4.972713e-01	5.004085e-01	5.000671e-01
1.887718332004183e-07	4.972840e-01	5.004103e-01	5.000667e-01
1.887854046289898e-07	4.972980e-01	5.004121e-01	5.000663e-01
1.887989760575612e-07	4.973121e-01	5.004137e-01	5.000659e-01
1.888125474861327e-07	4.973263e-01	5.004152e-01	5.000655e-01
1.888261189147041e-07	4.973406e-01	5.004166e-01	5.000651e-01
1.888396903432756e-07	4.973550e-01	5.004179e-01	5.000647e-01
1.888532617718470e-07	4.973696e-01	5.004190e-01	5.000643e-01
1.888668332004184e-07	4.973842e-01	5.004201e-01	5.000639e-01
1.888899760575613e-07	4.974093e-01	5.004216e-01	5.000632e-01
1.889131189147042e-07	4.974344e-01	5.004237e-01	5.000625e-01
1.889362617718471e-07	4.974594e-01	5.004266e-01	5.000618e-01
1.889594046289900e-07	4.974843e-01	5.004301e-01	5.000612e-01
1.889825474861329e-07	4.975092e-01	5.004343e-01	5.000605e-01
1.890056903432758e-07	4.975339e-01	5.004392e-01	5.000599e-01
1.890288332004186e-07	4.975586e-01	5.004448e-01	5.000592e-01
1.890484046289901e-07	4.975792e-01	5.004507e-01	5.000587e-01
1.890679760575615e-07	4.975996e-01	5.004579e-01	5.000581e-01
1.890875474861330e-07	4.976198e-01	5.004663e-01	5.000576e-01
1.891071189147044e-07	4.976397e-01	5.004759e-01	5.000571e-01
1.891266903432759e-07	4.976593e-01	5.004868e-01	5.000565e-01
1.891462617718473e-07	4.976788e-01	5.004989e-01	5.000560e-01
1.891658332004188e-07	4.976979e-01	5.005122e-01	5.000555e-01
1.891909760575617e-07	4.977221e-01	5.005317e-01	5.000548e-01
1.892161189147045e-07	4.977459e-01	5.005538e-01	5.000542e-01
1.892412617718474e-07	4.977692e-01	5.005784e-01	5.000535e-01
1.892664046289903e-07	4.977920e-01	5.006057e-01	5.000529e-01
1.892915474861332e-07	4.978144e-01	5.006356e-01	5.000523e-01
1.893166903432761e-07	4.978363e-01	5.006681e-01	5.000516e-01
1.893418332004190e-07	4.978577e-01	5.007033e-01	5.000510e-01
1.893938332004190e-07	4.979009e-01	5.007843e-01	5.000498e-01
1.894396903432762e-07	4.979372e-01	5.008666e-01	5.000487e-01
1.894855474861334e-07	4.979730e-01	5.009547e-01	5.000476e-01
1.895314046289906e-07	4.980084e-01	5.010487e-01	5.000465e-01
1.895772617718478e-07	4.980432e-01	5.011485e-01	5.000455e-01
1.896231189147050e-07	4.980776e-01	5.012541e-01	5.000445e-01
1.896689760575622e-07	4.981115e-01	5.013656e-01	5.000435e-01
1.897148332004194e-07	4.981449e-01	5.014830e-01	5.000425e-01
1.897688332004195e-07	4.981846e-01	5.016254e-01	5.000414e-01
1.898228332004195e-07	4.982255e-01	5.017663e-01	5.000403e-01
1.898768332004196e-07	4.982676e-01	5.019057e-01	5.000392e-01
1.899308332004197e-07	4.983109e-01	5.020436e-01	5.000382e-01
1.899848332004197e-07	4.983553e-01	5.021799e-01	5.000371e-01
1.900388332004198e-07	4.984009e-01	5.023147e-01	5.000361e-01
1.900928332004198e-07	4.984477e-01	5.024480e-01	5.000352e-01
1.901391189147056e-07	4.984896e-01	5.025559e-01	5.000343e-01
1.901854046289914e-07	4.985326e-01	5.026579e-01	5.000335e-01
1.902316903432771e-07	4.985769e-01	5.027540e-01	5.000327e-01
1.902779760575629e-07	4.986224e-01	5.028442e-01	5.000319e-01
1.903242617718487e-07	4.986691e-01	5.029285e-01	5.000312e-01
1.903705474861344e-07	4.987170e-01	5.030069e-01	5.000304e-01
1.904168332004202e-07	4.987661e-01	5.030794e-01	5.000297e-01
1.904178332004202e-07	4.987671e-01	5.030808e-01	5.000297e-01
1.904598332004203e-07	4.988127e-01	5.031398e-01	5.000291e-01
1.905018332004203e-07	4.988589e-01	5.031929e-01	5.000285e-01
1.905438332004203e-07	4.989058e-01	5.032402e-01	5.000278e-01
1.905858332004204e-07	4.989533e-01	5.032817e-01	5.000272e-01
1.906278332004204e-07	4.990014e-01	5.033173e-01	5.000266e-01
1.906698332004205e-07	4.990501e-01	5.033470e-01	5.000260e-01
1.907118332004205e-07	4.990995e-01	5.033709e-01	5.000255e-01
1.907364046289920e-07	4.991285e-01	5.033822e-01	5.000251e-01
1.907609760575634e-07	4.991575e-01	5.033917e-01	5.000248e-01
1.907855474861349e-07	4.991867e-01	5.033992e-01	5.000245e-01
1.908101189147064e-07	4.992158e-01	5.034048e-01	5.000242e-01
1.908346903432778e-07	4.992451e-01	5.034086e-01	5.000239e-01
1.908592617718493e-07	4.992744e-01	5.034104e-01	5.000235e-01
1.908838332004207e-07	4.993038e-01	5.034104e-01	5.000232e-01
1.909285474861351e-07	4.993575e-01	5.034054e-01	5.000227e-01
1.909732617718494e-07	4.994108e-01	5.033951e-01	5.000221e-01
1.910179760575637e-07	4.994638e-01	5.033797e-01	5.000216e-01
1.910626903432781e-07	4.995165e-01	5.033591e-01	5.000211e-01
1.911074046289924e-07	4.995689e-01	5.033333e-01	5.000206e-01
1.911521189147067e-07	4.996209e-01	5.033023e-01	5.000201e-01
1.911968332004211e-07	4.996727e-01	5.032661e-01	5.000196e-01
1.912316903432783e-07	4.997125e-01	5.032350e-01	5.000192e-01
1.912665474861355e-07	4.997519e-01	5.032017e-01	5.000189e-01
1.913014046289926e-07	4.997907e-01	5.031661e-01	5.000185e-01
1.913362617718498e-07	4.998291e-01	5.031282e-01	5.000182e-01
1.913711189147070e-07	4.998670e-01	5.030881e-01	5.000178e-01
1.914059760575642e-07	4.999043e-01	5.030457e-01	5.000175e-01
1.914408332004214e-07	4.999412e-01	5.030011e-01	5.000172e-01
1.914418332004214e-07	4.999422e-01	5.029998e-01	5.000172e-01
1.915304046289929e-07	5.000335e-01	5.028750e-01	5.000163e-01
1.916189760575644e-07	5.001198e-01	5.027442e-01	5.000155e-01
1.917075474861360e-07	5.002013e-01	5.026074e-01	5.000148e-01
1.917961189147075e-07	5.002779e-01	5.024647e-01	5.000141e-01
1.918846903432790e-07	5.003496e-01	5.023160e-01	5.000134e-01
1.919732617718505e-07	5.004164e-01	5.021614e-01	5.000127e-01
1.920618332004221e-07	5.004783e-01	5.020008e-01	5.000121e-01
1.921194046289936e-07	5.005153e-01	5.018976e-01	5.000117e-01
1.921769760575651e-07	5.005502e-01	5.017950e-01	5.000113e-01
1.922345474861366e-07	5.005829e-01	5.016928e-01	5.000110e-01
1.922921189147080e-07	5.006134e-01	5.015913e-01	5.000106e-01
1.923496903432795e-07	5.006418e-01	5.014903e-01	5.000103e-01
1.924072617718510e-07	5.006679e-01	5.013898e-01	5.000099e-01
1.924648332004225e-07	5.006919e-01	5.012898e-01	5.000096e-01
1.924658332004225e-07	5.006923e-01	5.012881e-01	5.000096e-01
1.925561189147083e-07	5.007252e-01	5.011341e-01	5.000091e-01
1.926464046289942e-07	5.007538e-01	5.009853e-01	5.000086e-01
1.927366903432800e-07	5.007780e-01	5.008416e-01	5.000082e-01
1.928269760575658e-07	5.007978e-01	5.007030e-01	5.000078e-01
1.929172617718516e-07	5.008133e-01	5.005696e-01	5.000074e-01
1.930075474861374e-07	5.008243e-01	5.004414e-01	5.000070e-01
1.930978332004232e-07	5.008310e-01	5.003183e-01	5.000066e-01
1.931536903432805e-07	5.008336e-01	5.002458e-01	5.000064e-01
1.932095474861377e-07	5.008351e-01	5.001757e-01	5.000062e-01
1.932654046289949e-07	5.008353e-01	5.001080e-01	5.000060e-01
1.933212617718521e-07	5.008345e-01	5.000428e-01	5.000058e-01
1.933771189147093e-07	5.008325e-01	4.999800e-01	5.000056e-01
1.934329760575665e-07	5.008293e-01	4.999196e-01	5.000054e-01
1.934888332004237e-07	5.008250e-01	4.998616e-01	5.000052e-01
1.934898332004237e-07	5.008249e-01	4.998606e-01	5.000052e-01
1.935674046289952e-07	5.008172e-01	4.997844e-01	5.000050e-01
1.936449760575667e-07	5.008082e-01	4.997126e-01	5.000048e-01
1.937225474861382e-07	5.007978e-01	4.996452e-01	5.000045e-01
1.938001189147097e-07	5.007861e-01	4.995823e-01	5.000043e-01
1.938776903432813e-07	5.007730e-01	4.995238e-01	5.000041e-01
1.939552617718528e-07	5.007586e-01	4.994697e-01	5.000039e-01
1.940328332004243e-07	5.007429e-01	4.994200e-01	5.000037e-01
1.940376903432815e-07	5.007419e-01	4.994170e-01	5.000037e-01
1.940425474861386e-07	5.007409e-01	4.994140e-01	5.000037e-01
1.940474046289958e-07	5.007399e-01	4.994111e-01	5.000037e-01
1.940522617718529e-07	5.007389e-01	4.994081e-01	5.000037e-01
1.940571189147100e-07	5.007379e-01	4.994052e-01	5.000037e-01
1.940619760575672e-07	5.007369e-01	4.994023e-01	5.000037e-01
1.940668332004243e-07	5.007359e-01	4.993994e-01	5.000037e-01
1.940764046289958e-07	5.007339e-01	4.993937e-01	5.000037e-01
1.940859760575672e-07	5.007318e-01	4.993881e-01	5.000037e-01
1.940955474861387e-07	5.007298e-01	4.993826e-01	5.000037e-01
1.941051189147101e-07	5.007278e-01	4.993771e-01	5.000038e-01
1.941146903432815e-07	5.007257e-01	4.993717e-01	5.000039e-01
1.941242617718530e-07	5.007236e-01	4.993663e-01	5.000039e-01
1.941338332004244e-07	5.007215e-01	4.993610e-01	5.000041e-01
1.941426903432816e-07	5.007196e-01	4.993562e-01	5.000042e-01
1.941515474861387e-07	5.007177e-01	4.993514e-01	5.000044e-01
1.941604046289959e-07	5.007157e-01	4.993466e-01	5.000046e-01
1.941692617718530e-07	5.007137e-01	4.993419e-01	5.000048e-01
1.941781189147102e-07	5.007118e-01	4.993373e-01	5.000051e-01
1.941869760575673e-07	5.007098e-01	4.993326e-01	5.000054e-01
1.941958332004245e-07	5.007077e-01	4.993281e-01	5.000057e-01
1.942101189147102e-07	5.007045e-01	4.993208e-01	5.000063e-01
1.942244046289960e-07	5.007012e-01	4.993137e-01	5.000071e-01
1.942386903432817e-07	5.006980e-01	4.993067e-01	5.000079e-01
1.942529760575674e-07	5.006946e-01	4.992999e-01	5.000088e-01
1.942672617718531e-07	5.006913e-01	4.992931e-01	5.000099e-01
1.942815474861389e-07	5.006880e-01	4.992865e-01	5.000110e-01
1.942958332004246e-07	5.006846e-01	4.992800e-01	5.000122e-01
1.943181189147103e-07	5.006793e-01	4.992701e-01	5.000143e-01
1.943404046289961e-07	5.006740e-01	4.992605e-01	5.000166e-01
1.943626903432818e-07	5.006686e-01	4.992512e-01	5.000192e-01
1.943849760575676e-07	5.006632e-01	4.992422e-01	5.000219e-01
1.944072617718533e-07	5.006578e-01	4.992334e-01	5.000249e-01
1.944295474861390e-07	5.006523e-01	4.992250e-01	5.000281e-01
1.944518332004248e-07	5.006468e-01	4.992168e-01	5.000315e-01
1.944605474861391e-07	5.006446e-01	4.992136e-01	5.000329e-01
1.944692617718534e-07	5.006425e-01	4.992106e-01	5.000343e-01
1.944779760575677e-07	5.006403e-01	4.992075e-01	5.000357e-01
1.944866903432820e-07	5.006381e-01	4.992045e-01	5.000372e-01
1.944954046289963e-07	5.006359e-01	4.992015e-01	5.000388e-01
1.945041189147105e-07	5.006338e-01	4.991986e-01	5.000403e-01
1.945128332004248e-07	5.006316e-01	4.991957e-01	5.000420e-01
1.945138332004249e-07	5.006313e-01	4.991954e-01	5.000421e-01
1.945586903432820e-07	5.006199e-01	4.991813e-01	5.000506e-01
1.946035474861392e-07	5.006085e-01	4.991681e-01	5.000607e-01
1.946484046289964e-07	5.005970e-01	4.991559e-01	5.000724e-01
1.946932617718536e-07	5.005855e-01	4.991447e-01	5.000858e-01
1.947381189147108e-07	5.005739e-01	4.991344e-01	5.001008e-01
1.947829760575680e-07	5.005623e-01	4.991251e-01	5.001174e-01
1.948278332004252e-07	5.005506e-01	4.991167e-01	5.001357e-01
1.948615474861395e-07	5.005418e-01	4.991110e-01	5.001512e-01
1.948952617718538e-07	5.005330e-01	4.991058e-01	5.001679e-01
1.949289760575682e-07	5.005242e-01	4.991009e-01	5.001857e-01
1.949626903432825e-07	5.005154e-01	4.990966e-01	5.002048e-01
1.949964046289968e-07	5.005067e-01	4.990926e-01	5.002250e-01
1.950301189147111e-07	5.004979e-01	4.990891e-01	5.002464e-01
1.950638332004255e-07	5.004892e-01	4.990861e-01	5.002691e-01
1.951314046289970e-07	5.004717e-01	4.990814e-01	5.003196e-01
1.951989760575685e-07	5.004544e-01	4.990780e-01	5.003714e-01
1.952665474861400e-07	5.004373e-01	4.990760e-01	5.004245e-01
1.953341189147115e-07	5.004203e-01	4.990753e-01	5.004789e-01
1.954016903432830e-07	5.004035e-01	4.990760e-01	5.005345e-01
1.954692617718545e-07	5.003869e-01	4.990780e-01	5.005915e-01
1.955368332004260e-07	5.003704e-01	4.990814e-01	5.006497e-01
1.955378332004260e-07	5.003702e-01	4.990815e-01	5.006505e-01
1.955859760575689e-07	5.003587e-01	4.990845e-01	5.006898e-01
1.956341189147118e-07	5.003472e-01	4.990879e-01	5.007272e-01
1.956822617718547e-07	5.003360e-01	4.990918e-01	5.007628e-01
1.957304046289977e-07	5.003248e-01	4.990962e-01	5.007965e-01
1.957785474861406e-07	5.003139e-01	4.991010e-01	5.008284e-01
1.958266903432835e-07	5.003030e-01	4.991063e-01	5.008584e-01
1.958748332004264e-07	5.002923e-01	4.991120e-01	5.008866e-01
1.959151189147121e-07	5.002834e-01	4.991171e-01	5.009080e-01
1.959554046289979e-07	5.002747e-01	4.991224e-01	5.009275e-01
1.959956903432837e-07	5.002660e-01	4.991279e-01	5.009451e-01
1.960359760575694e-07	5.002575e-01	4.991337e-01	5.009608e-01
1.960762617718552e-07	5.002491e-01	4.991396e-01	5.009748e-01
1.961165474861410e-07	5.002408e-01	4.991458e-01	5.009868e-01
1.961568332004267e-07	5.002326e-01	4.991522e-01	5.009970e-01
1.961836903432839e-07	5.002272e-01	4.991565e-01	5.010027e-01
1.962105474861411e-07	5.002218e-01	4.991609e-01	5.010075e-01
1.962374046289982e-07	5.002165e-01	4.991654e-01	5.010115e-01
1.962642617718554e-07	5.002112e-01	4.991700e-01	5.010147e-01
1.962911189147126e-07	5.002060e-01	4.991746e-01	5.010171e-01
1.963179760575697e-07	5.002009e-01	4.991793e-01	5.010187e-01
1.963448332004269e-07	5.001957e-01	4.991841e-01	5.010194e-01
1.963626903432841e-07	5.001924e-01	4.991873e-01	5.010195e-01
1.963805474861413e-07	5.001890e-01	4.991905e-01	5.010192e-01
1.963984046289984e-07	5.001857e-01	4.991938e-01	5.010187e-01
1.964162617718556e-07	5.001824e-01	4.991971e-01	5.010177e-01
1.964341189147127e-07	5.001791e-01	4.992004e-01	5.010164e-01
1.964519760575699e-07	5.001759e-01	4.992037e-01	5.010148e-01
1.964698332004271e-07	5.001726e-01	4.992070e-01	5.010129e-01
1.964828332004271e-07	5.001703e-01	4.992095e-01	5.010113e-01
1.964958332004271e-07	5.001680e-01	4.992120e-01	5.010095e-01
1.965088332004271e-07	5.001657e-01	4.992144e-01	5.010076e-01
1.965218332004271e-07	5.001634e-01	4.992169e-01	5.010055e-01
1.965348332004271e-07	5.001611e-01	4.992194e-01	5.010032e-01
1.965478332004272e-07	5.001588e-01	4.992219e-01	5.010008e-01
1.965608332004272e-07	5.001565e-01	4.992244e-01	5.009983e-01
1.965618332004272e-07	5.001563e-01	4.992246e-01	5.009980e-01
1.966644046289987e-07	5.001388e-01	4.992449e-01	5.009697e-01
1.967669760575703e-07	5.001220e-01	4.992655e-01	5.009357e-01
1.968695474861418e-07	5.001059e-01	4.992862e-01	5.008961e-01
1.969721189147133e-07	5.000905e-01	4.993071e-01	5.008508e-01
1.970746903432849e-07	5.000758e-01	4.993282e-01	5.008000e-01
1.971772617718564e-07	5.000617e-01	4.993495e-01	5.007435e-01
1.972798332004280e-07	5.000484e-01	4.993710e-01	5.006815e-01
1.973192617718566e-07	5.000434e-01	4.993792e-01	5.006581e-01
1.973586903432852e-07	5.000385e-01	4.993873e-01	5.006341e-01
1.973981189147138e-07	5.000337e-01	4.993954e-01	5.006096e-01
1.974375474861425e-07	5.000290e-01	4.994035e-01	5.005844e-01
1.974769760575711e-07	5.000244e-01	4.994115e-01	5.005587e-01
1.975164046289997e-07	5.000199e-01	4.994195e-01	5.005323e-01
1.975558332004283e-07	5.000154e-01	4.994275e-01	5.005054e-01
1.975858332004283e-07	5.000121e-01	4.994336e-01	5.004845e-01
1.976498332004284e-07	5.000052e-01	4.994464e-01	5.004385e-01
1.977138332004285e-07	4.999985e-01	4.994591e-01	5.003909e-01
1.977778332004286e-07	4.999920e-01	4.994717e-01	5.003416e-01
1.978418332004286e-07	4.999857e-01	4.994841e-01	5.002906e-01
1.979058332004287e-07	4.999796e-01	4.994964e-01	5.002381e-01
1.979698332004288e-07	4.999737e-01	4.995086e-01	5.001838e-01
1.980338332004288e-07	4.999680e-01	4.995206e-01	5.001279e-01
1.980924046290003e-07	4.999630e-01	4.995314e-01	5.000746e-01
1.981509760575718e-07	4.999581e-01	4.995421e-01	5.000215e-01
1.982095474861433e-07	4.999534e-01	4.995527e-01	4.999687e-01
1.982681189147148e-07	4.999488e-01	4.995631e-01	4.999161e-01
1.983266903432863e-07	4.999443e-01	4.995733e-01	4.998637e-01
1.983852617718578e-07	4.999400e-01	4.995834e-01	4.998116e-01
1.984438332004293e-07	4.999358e-01	4.995933e-01	4.997596e-01
1.984674046290008e-07	4.999342e-01	4.995973e-01	4.997397e-01
1.984909760575722e-07	4.999325e-01	4.996012e-01	4.997201e-01
1.985145474861437e-07	4.999309e-01	4.996051e-01	4.997010e-01
1.985381189147151e-07	4.999294e-01	4.996090e-01	4.996823e-01
1.985616903432866e-07	4.999278e-01	4.996128e-01	4.996641e-01
1.985852617718580e-07	4.999262e-01	4.996167e-01	4.996462e-01
1.986088332004295e-07	4.999247e-01	4.996204e-01	4.996288e-01
1.986098332004295e-07	4.999247e-01	4.996206e-01	4.996281e-01
1.986522617718581e-07	4.999220e-01	4.996274e-01	4.995981e-01
1.986946903432867e-07	4.999194e-01	4.996340e-01	4.995702e-01
1.987371189147153e-07	4.999168e-01	4.996406e-01	4.995446e-01
1.987795474861440e-07	4.999143e-01	4.996471e-01	4.995211e-01
1.988219760575726e-07	4.999119e-01	4.996535e-01	4.994999e-01
1.988644046290012e-07	4.999095e-01	4.996599e-01	4.994808e-01
1.989068332004298e-07	4.999071e-01	4.996661e-01	4.994639e-01
1.991198332004301e-07	4.998963e-01	4.996962e-01	4.994184e-01
1.991361189147158e-07	4.998955e-01	4.996984e-01	4.994176e-01
1.991524046290015e-07	4.998947e-01	4.997006e-01	4.994171e-01
1.991686903432873e-07	4.998940e-01	4.997028e-01	4.994169e-01
1.991849760575730e-07	4.998932e-01	4.997049e-01	4.994171e-01
1.992012617718587e-07	4.998925e-01	4.997071e-01	4.994177e-01
1.992175474861445e-07	4.998917e-01	4.997092e-01	4.994186e-01
1.992338332004302e-07	4.998910e-01	4.997114e-01	4.994199e-01
1.992734046290017e-07	4.998892e-01	4.997165e-01	4.994246e-01
1.993129760575731e-07	4.998875e-01	4.997216e-01	4.994311e-01
1.993525474861446e-07	4.998858e-01	4.997265e-01	4.994395e-01
1.993921189147161e-07	4.998842e-01	4.997315e-01	4.994495e-01
1.994316903432876e-07	4.998826e-01	4.997363e-01	4.994614e-01
1.994712617718590e-07	4.998810e-01	4.997411e-01	4.994751e-01
1.995108332004305e-07	4.998795e-01	4.997458e-01	4.994906e-01
1.995282617718591e-07	4.998788e-01	4.997478e-01	4.994978e-01
1.995456903432877e-07	4.998782e-01	4.997498e-01	4.995053e-01
1.995631189147163e-07	4.998775e-01	4.997518e-01	4.995130e-01
1.995805474861449e-07	4.998769e-01	4.997539e-01	4.995210e-01
1.995979760575735e-07	4.998763e-01	4.997558e-01	4.995293e-01
1.996154046290021e-07	4.998756e-01	4.997578e-01	4.995378e-01
1.996328332004307e-07	4.998750e-01	4.997598e-01	4.995466e-01
1.996338332004307e-07	4.998749e-01	4.997599e-01	4.995471e-01
1.997191189147165e-07	4.998720e-01	4.997693e-01	4.995955e-01
1.998044046290023e-07	4.998692e-01	4.997784e-01	4.996460e-01
1.998896903432881e-07	4.998666e-01	4.997872e-01	4.996985e-01
1.999749760575739e-07	4.998640e-01	4.997957e-01	4.997532e-01
2.000602617718597e-07	4.998616e-01	4.998039e-01	4.998099e-01
2.001455474861455e-07	4.998593e-01	4.998118e-01	4.998687e-01
2.002308332004313e-07	4.998571e-01	4.998194e-01	4.999295e-01
2.002916903432885e-07	4.998557e-01	4.998247e-01	4.999714e-01
2.003525474861458e-07	4.998542e-01	4.998298e-01	5.000121e-01
2.004134046290030e-07	4.998529e-01	4.998348e-01	5.000516e-01
2.004742617718602e-07	4.998515e-01	4.998397e-01	5.000900e-01
2.005351189147174e-07	4.998502e-01	4.998444e-01	5.001272e-01
2.005959760575746e-07	4.998490e-01	4.998490e-01	5.001633e-01
2.006568332004318e-07	4.998478e-01	4.998535e-01	5.001982e-01
2.006578332004318e-07	4.998478e-01	4.998536e-01	5.001988e-01
2.007256903432890e-07	4.998465e-01	4.998584e-01	5.002354e-01
2.007935474861463e-07	4.998453e-01	4.998631e-01	5.002697e-01
2.008614046290035e-07	4.998441e-01	4.998677e-01	5.003015e-01
2.009292617718607e-07	4.998430e-01	4.998721e-01	5.003310e-01
2.009971189147179e-07	4.998419e-01	4.998764e-01	5.003580e-01
2.010649760575751e-07	4.998409e-01	4.998805e-01	5.003826e-01
2.011328332004324e-07	4.998399e-01	4.998845e-01	5.004048e-01
2.011941189147181e-07	4.998391e-01	4.998881e-01	5.004225e-01
2.012554046290039e-07	4.998383e-01	4.998915e-01	5.004383e-01
2.013166903432897e-07	4.998375e-01	4.998948e-01	5.004521e-01
2.013779760575755e-07	4.998367e-01	4.998980e-01	5.004640e-01
2.014392617718613e-07	4.998360e-01	4.999011e-01	5.004739e-01
2.015005474861471e-07	4.998352e-01	4.999041e-01	5.004819e-01
2.015618332004328e-07	4.998346e-01	4.999071e-01	5.004880e-01
2.015788332004329e-07	4.998344e-01	4.999079e-01	5.004894e-01
2.015958332004329e-07	4.998342e-01	4.999087e-01	5.004906e-01
2.016128332004329e-07	4.998340e-01	4.999095e-01	5.004918e-01
2.016298332004329e-07	4.998339e-01	4.999102e-01	5.004928e-01
2.016468332004329e-07	4.998337e-01	4.999110e-01	5.004936e-01
2.016638332004330e-07	4.998335e-01	4.999118e-01	5.004944e-01
2.016808332004330e-07	4.998333e-01	4.999125e-01	5.004950e-01
2.016818332004330e-07	4.998333e-01	4.999126e-01	5.004950e-01
2.017209760575759e-07	4.998329e-01	4.999143e-01	5.004958e-01
2.017601189147188e-07	4.998325e-01	4.999160e-01	5.004961e-01
2.017992617718617e-07	4.998322e-01	4.999176e-01	5.004958e-01
2.018384046290046e-07	4.998318e-01	4.999193e-01	5.004949e-01
2.018775474861475e-07	4.998314e-01	4.999209e-01	5.004934e-01
2.019166903432904e-07	4.998311e-01	4.999224e-01	5.004913e-01
2.019558332004333e-07	4.998308e-01	4.999239e-01	5.004886e-01
2.020621189147191e-07	4.998299e-01	4.999279e-01	5.004778e-01
2.021684046290050e-07	4.998291e-01	4.999317e-01	5.004645e-01
2.022746903432908e-07	4.998283e-01	4.999353e-01	5.004489e-01
2.023809760575766e-07	4.998276e-01	4.999387e-01	5.004308e-01
2.024872617718625e-07	4.998269e-01	4.999420e-01	5.004102e-01
2.025935474861483e-07	4.998263e-01	4.999450e-01	5.003873e-01
2.026998332004341e-07	4.998257e-01	4.999478e-01	5.003619e-01
2.027058332004341e-07	4.998257e-01	4.999480e-01	5.003605e-01
2.027719760575771e-07	4.998253e-01	4.999497e-01	5.003446e-01
2.028381189147200e-07	4.998250e-01	4.999513e-01	5.003284e-01
2.029042617718629e-07	4.998247e-01	4.999529e-01	5.003120e-01
2.029704046290059e-07	4.998244e-01	4.999544e-01	5.002954e-01
2.030365474861488e-07	4.998241e-01	4.999559e-01	5.002787e-01
2.031026903432917e-07	4.998238e-01	4.999573e-01	5.002618e-01
2.031688332004347e-07	4.998235e-01	4.999587e-01	5.002447e-01
2.031718332004347e-07	4.998235e-01	4.999588e-01	5.002439e-01
2.031748332004347e-07	4.998235e-01	4.999588e-01	5.002432e-01
2.031775474861490e-07	4.998235e-01	4.999589e-01	5.002425e-01
2.031802617718632e-07	4.998235e-01	4.999590e-01	5.002418e-01
2.031829760575775e-07	4.998235e-01	4.999590e-01	5.002411e-01
2.031856903432918e-07	4.998235e-01	4.999591e-01	5.002404e-01
2.031884046290061e-07	4.998235e-01	4.999592e-01	5.002397e-01
2.031911189147204e-07	4.998234e-01	4.999593e-01	5.002390e-01
2.031938332004347e-07	4.998234e-01	4.999595e-01	5.002383e-01
2.031975474861490e-07	4.998234e-01	4.999596e-01	5.002373e-01
2.032012617718633e-07	4.998234e-01	4.999599e-01	5.002364e-01
2.032049760575776e-07	4.998234e-01	4.999601e-01	5.002354e-01
2.032086903432919e-07	4.998234e-01	4.999603e-01	5.002345e-01
2.032124046290062e-07	4.998234e-01	4.999606e-01	5.002335e-01
2.032161189147204e-07	4.998234e-01	4.999609e-01	5.002326e-01
2.032198332004347e-07	4.998233e-01	4.999613e-01	5.002317e-01
2.032261189147204e-07	4.998233e-01	4.999619e-01	5.002301e-01
2.032324046290062e-07	4.998233e-01	4.999626e-01	5.002284e-01
2.032386903432919e-07	4.998232e-01	4.999634e-01	5.002268e-01
2.032449760575776e-07	4.998232e-01	4.999641e-01	5.002252e-01
2.032512617718633e-07	4.998232e-01	4.999649e-01	5.002236e-01
2.032575474861491e-07	4.998231e-01	4.999658e-01	5.002220e-01
2.032638332004348e-07	4.998231e-01	4.999667e-01	5.002204e-01
2.032712617718633e-07	4.998230e-01	4.999678e-01	5.002185e-01
2.032786903432919e-07	4.998229e-01	4.999688e-01	5.002166e-01
2.032861189147205e-07	4.998228e-01	4.999698e-01	5.002147e-01
2.032935474861491e-07	4.998227e-01	4.999707e-01	5.002129e-01
2.033009760575777e-07	4.998226e-01	4.999716e-01	5.002110e-01
2.033084046290063e-07	4.998224e-01	4.999725e-01	5.002091e-01
2.033158332004348e-07	4.998223e-01	4.999733e-01	5.002072e-01
2.033214046290063e-07	4.998221e-01	4.999739e-01	5.002058e-01
2.033269760575777e-07	4.998220e-01	4.999744e-01	5.002044e-01
2.033325474861491e-07	4.998218e-01	4.999748e-01	5.002030e-01
2.033381189147206e-07	4.998216e-01	4.999752e-01	5.002016e-01
2.033436903432920e-07	4.998214e-01	4.999755e-01	5.002002e-01
2.033492617718634e-07	4.998212e-01	4.999758e-01	5.001988e-01
2.033548332004349e-07	4.998209e-01	4.999760e-01	5.001974e-01
2.033601189147206e-07	4.998207e-01	4.999762e-01	5.001961e-01
2.033654046290063e-07	4.998204e-01	4.999762e-01	5.001948e-01
2.033706903432920e-07	4.998201e-01	4.999763e-01	5.001934e-01
2.033759760575778e-07	4.998198e-01	4.999762e-01	5.001921e-01
2.033812617718635e-07	4.998195e-01	4.999761e-01	5.001908e-01
2.033865474861492e-07	4.998191e-01	4.999760e-01	5.001894e-01
2.033918332004349e-07	4.998188e-01	4.999758e-01	5.001881e-01
2.033995474861492e-07	4.998182e-01	4.999754e-01	5.001862e-01
2.034072617718635e-07	4.998176e-01	4.999749e-01	5.001843e-01
2.034149760575778e-07	4.998169e-01	4.999743e-01	5.001823e-01
2.034226903432921e-07	4.998161e-01	4.999736e-01	5.001804e-01
2.034304046290064e-07	4.998153e-01	4.999729e-01	5.001785e-01
2.034381189147207e-07	4.998145e-01	4.999720e-01	5.001766e-01
2.034458332004350e-07	4.998136e-01	4.999711e-01	5.001746e-01
2.034598332004350e-07	4.998118e-01	4.999691e-01	5.001712e-01
2.034738332004350e-07	4.998098e-01	4.999671e-01	5.001678e-01
2.034878332004350e-07	4.998076e-01	4.999652e-01	5.001643e-01
2.035018332004350e-07	4.998053e-01	4.999633e-01	5.001609e-01
2.035158332004351e-07	4.998027e-01	4.999614e-01	5.001575e-01
2.035298332004351e-07	4.998000e-01	4.999595e-01	5.001540e-01
2.035438332004351e-07	4.997971e-01	4.999576e-01	5.001506e-01
2.035521189147208e-07	4.997953e-01	4.999567e-01	5.001486e-01
2.035604046290065e-07	4.997934e-01	4.999558e-01	5.001466e-01
2.035686903432923e-07	4.997915e-01	4.999551e-01	5.001446e-01
2.035769760575780e-07	4.997895e-01	4.999545e-01	5.001427e-01
2.035852617718637e-07	4.997875e-01	4.999539e-01	5.001407e-01
2.035935474861494e-07	4.997854e-01	4.999535e-01	5.001387e-01
2.036018332004352e-07	4.997833e-01	4.999532e-01	5.001367e-01
2.036086903432923e-07	4.997815e-01	4.999531e-01	5.001350e-01
2.036155474861495e-07	4.997797e-01	4.999530e-01	5.001334e-01
2.036224046290066e-07	4.997778e-01	4.999531e-01	5.001318e-01
2.036292617718637e-07	4.997759e-01	4.999532e-01	5.001301e-01
2.036361189147209e-07	4.997740e-01	4.999535e-01	5.001285e-01
2.036429760575781e-07	4.997721e-01	4.999538e-01	5.001269e-01
2.036498332004352e-07	4.997702e-01	4.999543e-01	5.001253e-01
2.036605474861495e-07	4.997671e-01	4.999552e-01	5.001228e-01
2.036712617718638e-07	4.997640e-01	4.999564e-01	5.001203e-01
2.036819760575781e-07	4.997609e-01	4.999578e-01	5.001178e-01
2.036926903432924e-07	4.997577e-01	4.999595e-01	5.001153e-01
2.037034046290067e-07	4.997546e-01	4.999614e-01	5.001128e-01
2.037141189147210e-07	4.997514e-01	4.999636e-01	5.001103e-01
2.037248332004353e-07	4.997483e-01	4.999660e-01	5.001079e-01
2.037298332004353e-07	4.997468e-01	4.999672e-01	5.001068e-01
2.037521189147210e-07	4.997401e-01	4.999735e-01	5.001017e-01
2.037744046290068e-07	4.997337e-01	4.999805e-01	5.000966e-01
2.037966903432925e-07	4.997276e-01	4.999882e-01	5.000917e-01
2.038189760575783e-07	4.997217e-01	4.999966e-01	5.000867e-01
2.038412617718640e-07	4.997161e-01	5.000057e-01	5.000818e-01
2.038635474861497e-07	4.997107e-01	5.000156e-01	5.000769e-01
2.038858332004355e-07	4.997056e-01	5.000261e-01	5.000721e-01
2.039028332004355e-07	4.997021e-01	5.000343e-01	5.000684e-01
2.039198332004355e-07	4.996988e-01	5.000426e-01	5.000648e-01
2.039368332004355e-07	4.996958e-01	5.000510e-01	5.000612e-01
2.039538332004356e-07	4.996931e-01	5.000595e-01	5.000576e-01
2.039708332004356e-07	4.996907e-01	5.000682e-01	5.000541e-01
2.039878332004356e-07	4.996885e-01	5.000770e-01	5.000506e-01
2.040048332004356e-07	4.996867e-01	5.000859e-01	5.000471e-01
2.040171189147213e-07	4.996855e-01	5.000924e-01	5.000446e-01
2.040294046290071e-07	4.996845e-01	5.000989e-01	5.000422e-01
2.040416903432928e-07	4.996836e-01	5.001054e-01	5.000397e-01
2.040539760575785e-07	4.996829e-01	5.001119e-01	5.000372e-01
2.040662617718642e-07	4.996824e-01	5.001185e-01	5.000348e-01
2.040785474861500e-07	4.996820e-01	5.001251e-01	5.000323e-01
2.040908332004357e-07	4.996817e-01	5.001318e-01	5.000299e-01
2.040996903432929e-07	4.996817e-01	5.001366e-01	5.000282e-01
2.041085474861500e-07	4.996816e-01	5.001415e-01	5.000265e-01
2.041174046290072e-07	4.996817e-01	5.001464e-01	5.000248e-01
2.041262617718643e-07	4.996818e-01	5.001514e-01	5.000231e-01
2.041351189147215e-07	4.996820e-01	5.001563e-01	5.000214e-01
2.041439760575786e-07	4.996823e-01	5.001613e-01	5.000197e-01
2.041528332004358e-07	4.996826e-01	5.001664e-01	5.000181e-01
2.041772617718644e-07	4.996839e-01	5.001803e-01	5.000135e-01
2.042016903432930e-07	4.996856e-01	5.001949e-01	5.000089e-01
2.042261189147216e-07	4.996877e-01	5.002103e-01	5.000045e-01
2.042505474861502e-07	4.996901e-01	5.002263e-01	5.000001e-01
2.042749760575788e-07	4.996928e-01	5.002431e-01	4.999957e-01
2.042994046290074e-07	4.996960e-01	5.002606e-01	4.999915e-01
2.043238332004360e-07	4.996994e-01	5.002788e-01	4.999873e-01
2.043531189147217e-07	4.997039e-01	5.003021e-01	4.999823e-01
2.043824046290075e-07	4.997084e-01	5.003274e-01	4.999775e-01
2.044116903432932e-07	4.997129e-01	5.003548e-01	4.999727e-01
2.044409760575790e-07	4.997174e-01	5.003841e-01	4.999680e-01
2.044702617718647e-07	4.997220e-01	5.004156e-01	4.999634e-01
2.044995474861505e-07	4.997267e-01	5.004490e-01	4.999590e-01
2.045288332004362e-07	4.997313e-01	5.004845e-01	4.999546e-01
2.045526903432934e-07	4.997349e-01	5.005154e-01	4.999511e-01
2.045765474861506e-07	4.997383e-01	5.005479e-01	4.999476e-01
2.046004046290077e-07	4.997415e-01	5.005818e-01	4.999442e-01
2.046242617718649e-07	4.997446e-01	5.006172e-01	4.999409e-01
2.046481189147220e-07	4.997474e-01	5.006540e-01	4.999377e-01
2.046719760575792e-07	4.997500e-01	5.006924e-01	4.999344e-01
2.046958332004364e-07	4.997525e-01	5.007323e-01	4.999313e-01
2.047538332004365e-07	4.997574e-01	5.008345e-01	4.999239e-01
2.047719760575793e-07	4.997586e-01	5.008681e-01	4.999217e-01
2.047901189147222e-07	4.997597e-01	5.009022e-01	4.999195e-01
2.048082617718651e-07	4.997606e-01	5.009367e-01	4.999173e-01
2.048264046290080e-07	4.997614e-01	5.009718e-01	4.999152e-01
2.048445474861509e-07	4.997621e-01	5.010074e-01	4.999131e-01
2.048626903432937e-07	4.997626e-01	5.010435e-01	4.999111e-01
2.048808332004366e-07	4.997629e-01	5.010802e-01	4.999090e-01
2.048964046290081e-07	4.997631e-01	5.011119e-01	4.999073e-01
2.049119760575795e-07	4.997632e-01	5.011437e-01	4.999056e-01
2.049275474861510e-07	4.997632e-01	5.011756e-01	4.999040e-01
2.049431189147224e-07	4.997631e-01	5.012077e-01	4.999023e-01
2.049586903432938e-07	4.997630e-01	5.012399e-01	4.999007e-01
2.049742617718653e-07	4.997627e-01	5.012723e-01	4.998991e-01
2.049898332004367e-07	4.997623e-01	5.013047e-01	4.998976e-01
2.050409760575796e-07	4.997602e-01	5.014139e-01	4.998927e-01
2.050921189147226e-07	4.997577e-01	5.015187e-01	4.998880e-01
2.051432617718655e-07	4.997548e-01	5.016192e-01	4.998835e-01
2.051944046290084e-07	4.997515e-01	5.017154e-01	4.998793e-01
2.052455474861513e-07	4.997477e-01	5.018074e-01	4.998754e-01
2.052966903432942e-07	4.997435e-01	5.018951e-01	4.998717e-01
2.053478332004371e-07	4.997389e-01	5.019785e-01	4.998682e-01
2.053805474861515e-07	4.997362e-01	5.020263e-01	4.998661e-01
2.054132617718658e-07	4.997335e-01	5.020704e-01	4.998641e-01
2.054459760575801e-07	4.997310e-01	5.021107e-01	4.998622e-01
2.054786903432944e-07	4.997287e-01	5.021472e-01	4.998604e-01
2.055114046290088e-07	4.997264e-01	5.021799e-01	4.998587e-01
2.055441189147231e-07	4.997243e-01	5.022088e-01	4.998571e-01
2.055768332004374e-07	4.997223e-01	5.022339e-01	4.998555e-01
2.055998332004374e-07	4.997210e-01	5.022488e-01	4.998545e-01
2.056228332004374e-07	4.997199e-01	5.022616e-01	4.998535e-01
2.056458332004375e-07	4.997189e-01	5.022723e-01	4.998525e-01
2.056688332004375e-07	4.997180e-01	5.022809e-01	4.998516e-01
2.056918332004375e-07	4.997172e-01	5.022873e-01	4.998507e-01
2.057148332004376e-07	4.997165e-01	5.022917e-01	4.998499e-01
2.057378332004376e-07	4.997160e-01	5.022939e-01	4.998491e-01
2.057434046290090e-07	4.997159e-01	5.022942e-01	4.998489e-01
2.057489760575804e-07	4.997158e-01	5.022943e-01	4.998488e-01
2.057545474861519e-07	4.997157e-01	5.022942e-01	4.998486e-01
2.057601189147233e-07	4.997156e-01	5.022941e-01	4.998484e-01
2.057656903432948e-07	4.997155e-01	5.022938e-01	4.998482e-01
2.057712617718662e-07	4.997154e-01	5.022934e-01	4.998480e-01
2.057768332004376e-07	4.997154e-01	5.022929e-01	4.998479e-01
2.057778332004376e-07	4.997154e-01	5.022928e-01	4.998478e-01
2.057971189147234e-07	4.997152e-01	5.022900e-01	4.998473e-01
2.058164046290091e-07	4.997151e-01	5.022857e-01	4.998467e-01
2.058356903432948e-07	4.997152e-01	5.022799e-01	4.998462e-01
2.058549760575806e-07	4.997153e-01	5.022728e-01	4.998457e-01
2.058742617718663e-07	4.997155e-01	5.022642e-01	4.998452e-01
2.058935474861520e-07	4.997158e-01	5.022542e-01	4.998447e-01
2.059128332004378e-07	4.997162e-01	5.022427e-01	4.998443e-01
2.059476903432950e-07	4.997172e-01	5.022182e-01	4.998436e-01
2.059825474861521e-07	4.997185e-01	5.021898e-01	4.998430e-01
2.060174046290093e-07	4.997200e-01	5.021573e-01	4.998424e-01
2.060522617718665e-07	4.997219e-01	5.021208e-01	4.998419e-01
2.060871189147237e-07	4.997240e-01	5.020803e-01	4.998415e-01
2.061219760575809e-07	4.997264e-01	5.020358e-01	4.998412e-01
2.061568332004381e-07	4.997291e-01	5.019873e-01	4.998409e-01
2.061884046290095e-07	4.997317e-01	5.019404e-01	4.998407e-01
2.062199760575810e-07	4.997345e-01	5.018912e-01	4.998406e-01
2.062515474861525e-07	4.997375e-01	5.018397e-01	4.998405e-01
2.062831189147239e-07	4.997406e-01	5.017859e-01	4.998405e-01
2.063146903432954e-07	4.997439e-01	5.017297e-01	4.998405e-01
2.063462617718668e-07	4.997474e-01	5.016713e-01	4.998406e-01
2.063778332004383e-07	4.997510e-01	5.016106e-01	4.998407e-01
2.063788332004383e-07	4.997512e-01	5.016087e-01	4.998407e-01
2.063798332004383e-07	4.997513e-01	5.016065e-01	4.998408e-01
2.063808332004383e-07	4.997514e-01	5.016045e-01	4.998408e-01
2.063818332004383e-07	4.997515e-01	5.016028e-01	4.998408e-01
2.063841189147240e-07	4.997518e-01	5.015983e-01	4.998408e-01
2.063864046290098e-07	4.997520e-01	5.015938e-01	4.998408e-01
2.063886903432955e-07	4.997523e-01	5.015893e-01	4.998408e-01
2.063909760575812e-07	4.997526e-01	5.015848e-01	4.998408e-01
2.063932617718669e-07	4.997528e-01	5.015803e-01	4.998408e-01
2.063955474861526e-07	4.997531e-01	5.015758e-01	4.998408e-01
2.063978332004383e-07	4.997534e-01	5.015713e-01	4.998409e-01
2.064051189147240e-07	4.997543e-01	5.015568e-01	4.998409e-01
2.064124046290098e-07	4.997552e-01	5.015423e-01	4.998409e-01
2.064196903432955e-07	4.997561e-01	5.015278e-01	4.998410e-01
2.064269760575812e-07	4.997571e-01	5.015131e-01	4.998410e-01
2.064342617718669e-07	4.997581e-01	5.014984e-01	4.998411e-01
2.064415474861527e-07	4.997592e-01	5.014837e-01	4.998411e-01
2.064488332004384e-07	4.997603e-01	5.014689e-01	4.998412e-01
2.064656903432955e-07	4.997629e-01	5.014345e-01	4.998413e-01
2.064825474861527e-07	4.997657e-01	5.014003e-01	4.998415e-01
2.064994046290099e-07	4.997685e-01	5.013660e-01	4.998417e-01
2.065162617718670e-07	4.997714e-01	5.013319e-01	4.998418e-01
2.065331189147242e-07	4.997744e-01	5.012979e-01	4.998420e-01
2.065499760575814e-07	4.997775e-01	5.012639e-01	4.998422e-01
2.065668332004385e-07	4.997807e-01	5.012300e-01	4.998424e-01
2.065814046290100e-07	4.997834e-01	5.012009e-01	4.998426e-01
2.065959760575814e-07	4.997861e-01	5.011717e-01	4.998428e-01
2.066105474861529e-07	4.997888e-01	5.011424e-01	4.998430e-01
2.066251189147243e-07	4.997916e-01	5.011130e-01	4.998433e-01
2.066396903432957e-07	4.997944e-01	5.010835e-01	4.998435e-01
2.066542617718672e-07	4.997972e-01	5.010539e-01	4.998437e-01
2.066688332004386e-07	4.998000e-01	5.010241e-01	4.998440e-01
2.066876903432958e-07	4.998037e-01	5.009852e-01	4.998443e-01
2.067065474861530e-07	4.998076e-01	5.009457e-01	4.998446e-01
2.067254046290101e-07	4.998117e-01	5.009055e-01	4.998450e-01
2.067442617718673e-07	4.998160e-01	5.008646e-01	4.998453e-01
2.067631189147244e-07	4.998204e-01	5.008231e-01	4.998457e-01
2.067819760575816e-07	4.998251e-01	5.007809e-01	4.998461e-01
2.068008332004388e-07	4.998300e-01	5.007380e-01	4.998465e-01
2.068018332004388e-07	4.998302e-01	5.007358e-01	4.998465e-01
2.068245474861531e-07	4.998366e-01	5.006827e-01	4.998470e-01
2.068472617718674e-07	4.998435e-01	5.006291e-01	4.998475e-01
2.068699760575817e-07	4.998511e-01	5.005748e-01	4.998480e-01
2.068926903432960e-07	4.998592e-01	5.005199e-01	4.998486e-01
2.069154046290104e-07	4.998679e-01	5.004643e-01	4.998491e-01
2.069381189147246e-07	4.998772e-01	5.004082e-01	4.998497e-01
2.069608332004390e-07	4.998871e-01	5.003514e-01	4.998503e-01
2.069948332004390e-07	4.999034e-01	5.002655e-01	4.998512e-01
2.070288332004390e-07	4.999212e-01	5.001819e-01	4.998521e-01
2.070628332004391e-07	4.999404e-01	5.001008e-01	4.998531e-01
2.070968332004391e-07	4.999610e-01	5.000220e-01	4.998541e-01
2.071308332004392e-07	4.999832e-01	4.999456e-01	4.998551e-01
2.071648332004392e-07	5.000067e-01	4.998716e-01	4.998561e-01
2.071988332004392e-07	5.000318e-01	4.998000e-01	4.998572e-01
2.072256903432964e-07	5.000524e-01	4.997474e-01	4.998581e-01
2.072525474861536e-07	5.000737e-01	4.996977e-01	4.998590e-01
2.072794046290108e-07	5.000958e-01	4.996508e-01	4.998598e-01
2.073062617718679e-07	5.001185e-01	4.996068e-01	4.998607e-01
2.073331189147251e-07	5.001420e-01	4.995656e-01	4.998616e-01
2.073599760575823e-07	5.001661e-01	4.995274e-01	4.998626e-01
2.073868332004394e-07	5.001910e-01	4.994919e-01	4.998635e-01
2.074179760575823e-07	5.002205e-01	4.994550e-01	4.998646e-01
2.074491189147252e-07	5.002509e-01	4.994209e-01	4.998657e-01
2.074802617718681e-07	5.002820e-01	4.993899e-01	4.998668e-01
2.075114046290110e-07	5.003139e-01	4.993618e-01	4.998680e-01
2.075425474861539e-07	5.003466e-01	4.993366e-01	4.998691e-01
2.075736903432968e-07	5.003801e-01	4.993144e-01	4.998703e-01
2.076048332004397e-07	5.004144e-01	4.992952e-01	4.998715e-01
2.076349760575826e-07	5.004483e-01	4.992784e-01	4.998726e-01
2.076651189147255e-07	5.004830e-01	4.992625e-01	4.998738e-01
2.076952617718684e-07	5.005184e-01	4.992475e-01	4.998750e-01
2.077254046290113e-07	5.005545e-01	4.992334e-01	4.998761e-01
2.077555474861542e-07	5.005914e-01	4.992202e-01	4.998773e-01
2.077856903432970e-07	5.006290e-01	4.992078e-01	4.998785e-01
2.078158332004399e-07	5.006674e-01	4.991963e-01	4.998797e-01
2.078258332004399e-07	5.006803e-01	4.991923e-01	4.998801e-01
2.078511189147257e-07	5.007132e-01	4.991824e-01	4.998811e-01
2.078764046290114e-07	5.007466e-01	4.991722e-01	4.998821e-01
2.079016903432972e-07	5.007805e-01	4.991615e-01	4.998831e-01
2.079269760575829e-07	5.008149e-01	4.991506e-01	4.998841e-01
2.079522617718686e-07	5.008498e-01	4.991393e-01	4.998852e-01
2.079775474861544e-07	5.008851e-01	4.991277e-01	4.998862e-01
2.080028332004401e-07	5.009210e-01	4.991157e-01	4.998872e-01
2.080322617718687e-07	5.009633e-01	4.991008e-01	4.998884e-01
2.080616903432974e-07	5.010061e-01	4.990851e-01	4.998896e-01
2.080911189147260e-07	5.010494e-01	4.990684e-01	4.998908e-01
2.081205474861546e-07	5.010932e-01	4.990508e-01	4.998920e-01
2.081499760575832e-07	5.011375e-01	4.990324e-01	4.998932e-01
2.081794046290118e-07	5.011823e-01	4.990130e-01	4.998944e-01
2.082088332004404e-07	5.012275e-01	4.989927e-01	4.998957e-01
2.082548332004404e-07	5.012993e-01	4.989586e-01	4.998976e-01
2.083008332004405e-07	5.013712e-01	4.989231e-01	4.998995e-01
2.083468332004405e-07	5.014433e-01	4.988862e-01	4.999013e-01
2.083928332004406e-07	5.015154e-01	4.988481e-01	4.999032e-01
2.084388332004406e-07	5.015877e-01	4.988087e-01	4.999051e-01
2.084848332004407e-07	5.016602e-01	4.987679e-01	4.999070e-01
2.085308332004407e-07	5.017328e-01	4.987258e-01	4.999088e-01
2.085762617718694e-07	5.018038e-01	4.986840e-01	4.999107e-01
2.086216903432980e-07	5.018734e-01	4.986432e-01	4.999125e-01
2.086671189147266e-07	5.019417e-01	4.986034e-01	4.999144e-01
2.087125474861552e-07	5.020086e-01	4.985645e-01	4.999162e-01
2.087579760575839e-07	5.020741e-01	4.985266e-01	4.999180e-01
2.088034046290125e-07	5.021382e-01	4.984897e-01	4.999198e-01
2.088488332004411e-07	5.022009e-01	4.984537e-01	4.999216e-01
2.088498332004411e-07	5.022023e-01	4.984530e-01	4.999216e-01
2.088924046290126e-07	5.022589e-01	4.984214e-01	4.999233e-01
2.089349760575841e-07	5.023133e-01	4.983922e-01	4.999250e-01
2.089775474861555e-07	5.023654e-01	4.983652e-01	4.999266e-01
2.090201189147270e-07	5.024152e-01	4.983404e-01	4.999282e-01
2.090626903432985e-07	5.024628e-01	4.983179e-01	4.999299e-01
2.091052617718700e-07	5.025080e-01	4.982977e-01	4.999315e-01
2.091478332004414e-07	5.025510e-01	4.982797e-01	4.999331e-01
2.091795474861558e-07	5.025812e-01	4.982682e-01	4.999342e-01
2.092112617718701e-07	5.026097e-01	4.982581e-01	4.999354e-01
2.092429760575844e-07	5.026367e-01	4.982496e-01	4.999366e-01
2.092746903432987e-07	5.026622e-01	4.982426e-01	4.999378e-01
2.093064046290131e-07	5.026861e-01	4.982370e-01	4.999389e-01
2.093381189147274e-07	5.027084e-01	4.982329e-01	4.999401e-01
2.093698332004417e-07	5.027291e-01	4.982303e-01	4.999412e-01
2.093936903432989e-07	5.027436e-01	4.982294e-01	4.999420e-01
2.094175474861560e-07	5.027571e-01	4.982292e-01	4.999429e-01
2.094414046290132e-07	5.027697e-01	4.982299e-01	4.999437e-01
2.094652617718704e-07	5.027814e-01	4.982314e-01	4.999446e-01
2.094891189147275e-07	5.027921e-01	4.982337e-01	4.999454e-01
2.095129760575847e-07	5.028019e-01	4.982368e-01	4.999462e-01
2.095368332004419e-07	5.028108e-01	4.982408e-01	4.999470e-01
2.095669760575848e-07	5.028206e-01	4.982469e-01	4.999481e-01
2.095971189147277e-07	5.028289e-01	4.982542e-01	4.999491e-01
2.096272617718705e-07	5.028357e-01	4.982626e-01	4.999501e-01
2.096574046290135e-07	5.028411e-01	4.982721e-01	4.999511e-01
2.096875474861563e-07	5.028450e-01	4.982828e-01	4.999521e-01
2.097176903432992e-07	5.028474e-01	4.982947e-01	4.999531e-01
2.097478332004421e-07	5.028483e-01	4.983077e-01	4.999541e-01
2.097656903432993e-07	5.028481e-01	4.983158e-01	4.999547e-01
2.097835474861565e-07	5.028474e-01	4.983243e-01	4.999552e-01
2.098014046290136e-07	5.028463e-01	4.983331e-01	4.999558e-01
2.098192617718708e-07	5.028446e-01	4.983423e-01	4.999564e-01
2.098371189147279e-07	5.028425e-01	4.983518e-01	4.999570e-01
2.098549760575851e-07	5.028398e-01	4.983616e-01	4.999575e-01
2.098728332004423e-07	5.028367e-01	4.983718e-01	4.999581e-01
2.098738332004423e-07	5.028365e-01	4.983724e-01	4.999581e-01
2.099416903432995e-07	5.028194e-01	4.984148e-01	4.999602e-01
2.100095474861567e-07	5.027962e-01	4.984601e-01	4.999623e-01
2.100774046290139e-07	5.027671e-01	4.985084e-01	4.999643e-01
2.101452617718711e-07	5.027319e-01	4.985595e-01	4.999663e-01
2.102131189147284e-07	5.026907e-01	4.986135e-01	4.999683e-01
2.102809760575856e-07	5.026435e-01	4.986703e-01	4.999702e-01
2.103488332004428e-07	5.025904e-01	4.987301e-01	4.999720e-01
2.104271189147286e-07	5.025225e-01	4.988008e-01	4.999741e-01
2.105054046290144e-07	5.024502e-01	4.988716e-01	4.999761e-01
2.105836903433002e-07	5.023734e-01	4.989424e-01	4.999781e-01
2.106619760575860e-07	5.022921e-01	4.990134e-01	4.999801e-01
2.107402617718718e-07	5.022063e-01	4.990846e-01	4.999819e-01
2.108185474861576e-07	5.021160e-01	4.991558e-01	4.999838e-01
2.108968332004434e-07	5.020213e-01	4.992272e-01	4.999855e-01
2.108978332004434e-07	5.020200e-01	4.992281e-01	4.999856e-01
2.109925474861578e-07	5.019017e-01	4.993121e-01	4.999876e-01
2.110872617718722e-07	5.017824e-01	4.993930e-01	4.999896e-01
2.111819760575866e-07	5.016622e-01	4.994706e-01	4.999916e-01
2.112766903433010e-07	5.015412e-01	4.995451e-01	4.999934e-01
2.113714046290154e-07	5.014192e-01	4.996164e-01	4.999952e-01
2.114661189147298e-07	5.012963e-01	4.996846e-01	4.999970e-01
2.115608332004442e-07	5.011724e-01	4.997495e-01	4.999986e-01
2.116122617718728e-07	5.011066e-01	4.997828e-01	4.999995e-01
2.116636903433014e-07	5.010414e-01	4.998149e-01	5.000004e-01
2.117151189147301e-07	5.009769e-01	4.998459e-01	5.000012e-01
2.117665474861587e-07	5.009132e-01	4.998757e-01	5.000020e-01
2.118179760575873e-07	5.008501e-01	4.999044e-01	5.000028e-01
2.118694046290160e-07	5.007878e-01	4.999320e-01	5.000036e-01
2.119208332004446e-07	5.007262e-01	4.999584e-01	5.000044e-01
2.119218332004446e-07	5.007250e-01	4.999589e-01	5.000044e-01
2.119792617718732e-07	5.006573e-01	4.999869e-01	5.000052e-01
2.120366903433019e-07	5.005911e-01	5.000136e-01	5.000060e-01
2.120941189147305e-07	5.005263e-01	5.000390e-01	5.000068e-01
2.121515474861591e-07	5.004628e-01	5.000630e-01	5.000076e-01
2.122089760575878e-07	5.004007e-01	5.000856e-01	5.000084e-01
2.122664046290164e-07	5.003401e-01	5.001070e-01	5.000091e-01
2.123238332004450e-07	5.002808e-01	5.001270e-01	5.000098e-01
2.123306903433022e-07	5.002738e-01	5.001293e-01	5.000099e-01
2.123375474861594e-07	5.002669e-01	5.001315e-01	5.000100e-01
2.123444046290165e-07	5.002600e-01	5.001338e-01	5.000101e-01
2.123512617718736e-07	5.002531e-01	5.001361e-01	5.000102e-01
2.123581189147308e-07	5.002462e-01	5.001383e-01	5.000103e-01
2.123649760575879e-07	5.002394e-01	5.001405e-01	5.000104e-01
2.123718332004451e-07	5.002326e-01	5.001428e-01	5.000105e-01
2.123825474861594e-07	5.002220e-01	5.001462e-01	5.000106e-01
2.123932617718737e-07	5.002114e-01	5.001495e-01	5.000108e-01
2.124039760575880e-07	5.002009e-01	5.001528e-01	5.000111e-01
2.124146903433023e-07	5.001905e-01	5.001561e-01	5.000114e-01
2.124254046290166e-07	5.001801e-01	5.001594e-01	5.000117e-01
2.124361189147309e-07	5.001697e-01	5.001626e-01	5.000120e-01
2.124468332004452e-07	5.001594e-01	5.001658e-01	5.000125e-01
2.124582617718738e-07	5.001485e-01	5.001691e-01	5.000129e-01
2.124696903433024e-07	5.001377e-01	5.001724e-01	5.000134e-01
2.124811189147309e-07	5.001270e-01	5.001756e-01	5.000140e-01
2.124925474861595e-07	5.001162e-01	5.001788e-01	5.000147e-01
2.125039760575881e-07	5.001056e-01	5.001819e-01	5.000155e-01
2.125154046290167e-07	5.000950e-01	5.001851e-01	5.000163e-01
2.125268332004453e-07	5.000845e-01	5.001881e-01	5.000172e-01
2.125448332004453e-07	5.000681e-01	5.001928e-01	5.000187e-01
2.125628332004453e-07	5.000518e-01	5.001974e-01	5.000205e-01
2.125808332004453e-07	5.000358e-01	5.002019e-01	5.000224e-01
2.125988332004454e-07	5.000198e-01	5.002063e-01	5.000244e-01
2.126168332004454e-07	5.000041e-01	5.002106e-01	5.000267e-01
2.126348332004454e-07	4.999885e-01	5.002148e-01	5.000291e-01
2.126528332004454e-07	4.999730e-01	5.002189e-01	5.000317e-01
2.126945474861598e-07	4.999379e-01	5.002279e-01	5.000385e-01
2.127362617718741e-07	4.999037e-01	5.002365e-01	5.000457e-01
2.127779760575884e-07	4.998704e-01	5.002445e-01	5.000531e-01
2.128196903433028e-07	4.998379e-01	5.002520e-01	5.000609e-01
2.128614046290171e-07	4.998064e-01	5.002590e-01	5.000690e-01
2.129031189147314e-07	4.997757e-01	5.002655e-01	5.000773e-01
2.129448332004457e-07	4.997460e-01	5.002716e-01	5.000860e-01
2.129458332004458e-07	4.997453e-01	5.002717e-01	5.000862e-01
2.129831189147315e-07	4.997195e-01	5.002767e-01	5.000937e-01
2.130204046290173e-07	4.996944e-01	5.002814e-01	5.001007e-01
2.130576903433030e-07	4.996699e-01	5.002857e-01	5.001072e-01
2.130949760575888e-07	4.996462e-01	5.002897e-01	5.001131e-01
2.131322617718745e-07	4.996232e-01	5.002935e-01	5.001186e-01
2.131695474861603e-07	4.996009e-01	5.002969e-01	5.001235e-01
2.132068332004460e-07	4.995792e-01	5.002999e-01	5.001279e-01
2.132251189147318e-07	4.995689e-01	5.003013e-01	5.001297e-01
2.132434046290175e-07	4.995587e-01	5.003026e-01	5.001312e-01
2.132616903433033e-07	4.995486e-01	5.003039e-01	5.001325e-01
2.132799760575890e-07	4.995387e-01	5.003051e-01	5.001336e-01
2.132982617718747e-07	4.995290e-01	5.003062e-01	5.001345e-01
2.133165474861605e-07	4.995195e-01	5.003073e-01	5.001352e-01
2.133348332004462e-07	4.995101e-01	5.003083e-01	5.001356e-01
2.133455474861605e-07	4.995046e-01	5.003089e-01	5.001357e-01
2.133562617718748e-07	4.994993e-01	5.003094e-01	5.001358e-01
2.133669760575891e-07	4.994939e-01	5.003099e-01	5.001357e-01
2.133776903433034e-07	4.994887e-01	5.003104e-01	5.001356e-01
2.133884046290177e-07	4.994835e-01	5.003109e-01	5.001354e-01
2.133991189147320e-07	4.994783e-01	5.003114e-01	5.001351e-01
2.134098332004463e-07	4.994732e-01	5.003118e-01	5.001347e-01
2.134309760575892e-07	4.994633e-01	5.003126e-01	5.001337e-01
2.134521189147320e-07	4.994535e-01	5.003133e-01	5.001323e-01
2.134732617718749e-07	4.994440e-01	5.003139e-01	5.001306e-01
2.134944046290178e-07	4.994347e-01	5.003145e-01	5.001286e-01
2.135155474861607e-07	4.994256e-01	5.003150e-01	5.001262e-01
2.135366903433036e-07	4.994167e-01	5.003155e-01	5.001235e-01
2.135578332004464e-07	4.994080e-01	5.003158e-01	5.001205e-01
2.135922617718750e-07	4.993942e-01	5.003163e-01	5.001147e-01
2.136266903433037e-07	4.993810e-01	5.003166e-01	5.001083e-01
2.136611189147323e-07	4.993682e-01	5.003167e-01	5.001012e-01
2.136955474861609e-07	4.993560e-01	5.003166e-01	5.000933e-01
2.137299760575895e-07	4.993442e-01	5.003165e-01	5.000849e-01
2.137644046290181e-07	4.993330e-01	5.003161e-01	5.000757e-01
2.137988332004467e-07	4.993222e-01	5.003156e-01	5.000658e-01
2.138231189147325e-07	4.993149e-01	5.003152e-01	5.000586e-01
2.138474046290182e-07	4.993078e-01	5.003147e-01	5.000513e-01
2.138716903433039e-07	4.993010e-01	5.003141e-01	5.000438e-01
2.138959760575897e-07	4.992943e-01	5.003135e-01	5.000362e-01
2.139202617718754e-07	4.992879e-01	5.003128e-01	5.000285e-01
2.139445474861612e-07	4.992818e-01	5.003121e-01	5.000206e-01
2.139688332004469e-07	4.992758e-01	5.003113e-01	5.000126e-01
2.139698332004469e-07	4.992756e-01	5.003113e-01	5.000123e-01
2.140165474861613e-07	4.992648e-01	5.003096e-01	4.999965e-01
2.140632617718756e-07	4.992547e-01	5.003077e-01	4.999811e-01
2.141099760575899e-07	4.992454e-01	5.003057e-01	4.999661e-01
2.141566903433043e-07	4.992368e-01	5.003035e-01	4.999516e-01
2.142034046290186e-07	4.992290e-01	5.003011e-01	4.999375e-01
2.142501189147329e-07	4.992219e-01	5.002986e-01	4.999239e-01
2.142968332004473e-07	4.992155e-01	5.002959e-01	4.999107e-01
2.143329760575902e-07	4.992110e-01	5.002937e-01	4.999013e-01
2.143691189147331e-07	4.992069e-01	5.002915e-01	4.998926e-01
2.144052617718760e-07	4.992032e-01	5.002892e-01	4.998846e-01
2.144414046290189e-07	4.991998e-01	5.002868e-01	4.998772e-01
2.144775474861618e-07	4.991968e-01	5.002844e-01	4.998706e-01
2.145136903433047e-07	4.991942e-01	5.002820e-01	4.998646e-01
2.145498332004476e-07	4.991919e-01	5.002794e-01	4.998592e-01
2.145765474861619e-07	4.991904e-01	5.002776e-01	4.998559e-01
2.146032617718762e-07	4.991891e-01	5.002757e-01	4.998529e-01
2.146299760575905e-07	4.991880e-01	5.002737e-01	4.998503e-01
2.146566903433048e-07	4.991870e-01	5.002718e-01	4.998482e-01
2.146834046290192e-07	4.991863e-01	5.002698e-01	4.998465e-01
2.147101189147335e-07	4.991857e-01	5.002678e-01	4.998451e-01
2.147368332004478e-07	4.991852e-01	5.002657e-01	4.998443e-01
2.147549760575907e-07	4.991850e-01	5.002644e-01	4.998439e-01
2.147731189147335e-07	4.991849e-01	5.002630e-01	4.998437e-01
2.147912617718764e-07	4.991849e-01	5.002616e-01	4.998437e-01
2.148094046290193e-07	4.991849e-01	5.002602e-01	4.998438e-01
2.148275474861622e-07	4.991849e-01	5.002588e-01	4.998442e-01
2.148456903433051e-07	4.991851e-01	5.002574e-01	4.998447e-01
2.148638332004479e-07	4.991853e-01	5.002559e-01	4.998454e-01
2.148822617718765e-07	4.991856e-01	5.002545e-01	4.998463e-01
2.149006903433051e-07	4.991859e-01	5.002530e-01	4.998474e-01
2.149191189147337e-07	4.991864e-01	5.002515e-01	4.998486e-01
2.149375474861623e-07	4.991869e-01	5.002501e-01	4.998500e-01
2.149559760575909e-07	4.991874e-01	5.002486e-01	4.998515e-01
2.149744046290195e-07	4.991880e-01	5.002472e-01	4.998532e-01
2.149928332004481e-07	4.991887e-01	5.002457e-01	4.998551e-01
2.149938332004481e-07	4.991888e-01	5.002456e-01	4.998552e-01
2.150739760575910e-07	4.991927e-01	5.002391e-01	4.998660e-01
2.151541189147340e-07	4.991975e-01	5.002326e-01	4.998784e-01
2.152342617718769e-07	4.992031e-01	5.002262e-01	4.998923e-01
2.153144046290199e-07	4.992097e-01	5.002197e-01	4.999077e-01
2.153945474861628e-07	4.992173e-01	5.002132e-01	4.999246e-01
2.154746903433058e-07	4.992257e-01	5.002068e-01	4.999430e-01
2.155548332004487e-07	4.992350e-01	5.002004e-01	4.999630e-01
2.155744046290202e-07	4.992373e-01	5.001989e-01	4.999678e-01
2.155939760575916e-07	4.992397e-01	5.001973e-01	4.999724e-01
2.156135474861631e-07	4.992421e-01	5.001958e-01	4.999769e-01
2.156331189147345e-07	4.992446e-01	5.001943e-01	4.999813e-01
2.156526903433060e-07	4.992471e-01	5.001927e-01	4.999856e-01
2.156722617718774e-07	4.992496e-01	5.001912e-01	4.999897e-01
2.156918332004489e-07	4.992521e-01	5.001897e-01	4.999938e-01
2.157175474861632e-07	4.992556e-01	5.001877e-01	4.999987e-01
2.157432617718775e-07	4.992590e-01	5.001857e-01	5.000033e-01
2.157689760575918e-07	4.992625e-01	5.001837e-01	5.000075e-01
2.157946903433061e-07	4.992661e-01	5.001818e-01	5.000113e-01
2.158204046290205e-07	4.992697e-01	5.001798e-01	5.000148e-01
2.158461189147347e-07	4.992734e-01	5.001779e-01	5.000179e-01
2.158718332004491e-07	4.992771e-01	5.001760e-01	5.000206e-01
2.158878332004491e-07	4.992794e-01	5.001748e-01	5.000222e-01
2.159038332004491e-07	4.992818e-01	5.001736e-01	5.000235e-01
2.159198332004491e-07	4.992841e-01	5.001724e-01	5.000248e-01
2.159358332004491e-07	4.992865e-01	5.001712e-01	5.000259e-01
2.159518332004492e-07	4.992889e-01	5.001700e-01	5.000268e-01
2.159678332004492e-07	4.992913e-01	5.001688e-01	5.000276e-01
2.159838332004492e-07	4.992937e-01	5.001677e-01	5.000282e-01
2.159885474861635e-07	4.992945e-01	5.001673e-01	5.000284e-01
2.159932617718778e-07	4.992952e-01	5.001670e-01	5.000285e-01
2.159979760575921e-07	4.992959e-01	5.001666e-01	5.000287e-01
2.160026903433064e-07	4.992966e-01	5.001663e-01	5.000288e-01
2.160074046290207e-07	4.992973e-01	5.001660e-01	5.000289e-01
2.160121189147349e-07	4.992981e-01	5.001656e-01	5.000290e-01
2.160168332004492e-07	4.992988e-01	5.001653e-01	5.000290e-01
2.160178332004492e-07	4.992989e-01	5.001652e-01	5.000290e-01
2.160282617718778e-07	4.993005e-01	5.001644e-01	5.000291e-01
2.160386903433064e-07	4.993022e-01	5.001637e-01	5.000291e-01
2.160491189147350e-07	4.993038e-01	5.001629e-01	5.000290e-01
2.160595474861636e-07	4.993054e-01	5.001622e-01	5.000289e-01
2.160699760575921e-07	4.993070e-01	5.001614e-01	5.000287e-01
2.160804046290207e-07	4.993087e-01	5.001607e-01	5.000283e-01
2.160908332004493e-07	4.993103e-01	5.001599e-01	5.000280e-01
2.161174046290208e-07	4.993145e-01	5.001580e-01	5.000266e-01
2.161439760575922e-07	4.993188e-01	5.001562e-01	5.000245e-01
2.161705474861637e-07	4.993230e-01	5.001543e-01	5.000216e-01
2.161971189147351e-07	4.993273e-01	5.001525e-01	5.000180e-01
2.162236903433066e-07	4.993317e-01	5.001507e-01	5.000137e-01
2.162502617718781e-07	4.993360e-01	5.001489e-01	5.000086e-01
2.162768332004495e-07	4.993404e-01	5.001471e-01	5.000029e-01
2.163046903433067e-07	4.993450e-01	5.001452e-01	4.999958e-01
2.163325474861639e-07	4.993496e-01	5.001434e-01	4.999877e-01
2.163604046290211e-07	4.993543e-01	5.001415e-01	4.999787e-01
2.163882617718782e-07	4.993589e-01	5.001397e-01	4.999686e-01
2.164161189147354e-07	4.993636e-01	5.001379e-01	4.999575e-01
2.164439760575926e-07	4.993683e-01	5.001361e-01	4.999455e-01
2.164718332004497e-07	4.993730e-01	5.001343e-01	4.999324e-01
2.165112617718784e-07	4.993797e-01	5.001318e-01	4.999119e-01
2.165506903433070e-07	4.993865e-01	5.001294e-01	4.998897e-01
2.165901189147356e-07	4.993932e-01	5.001270e-01	4.998660e-01
2.166295474861642e-07	4.993999e-01	5.001246e-01	4.998407e-01
2.166689760575928e-07	4.994067e-01	5.001222e-01	4.998138e-01
2.167084046290215e-07	4.994135e-01	5.001199e-01	4.997854e-01
2.167478332004501e-07	4.994203e-01	5.001177e-01	4.997553e-01
2.167896903433073e-07	4.994275e-01	5.001153e-01	4.997221e-01
2.168315474861645e-07	4.994347e-01	5.001129e-01	4.996885e-01
2.168734046290216e-07	4.994419e-01	5.001106e-01	4.996546e-01
2.169152617718788e-07	4.994491e-01	5.001084e-01	4.996204e-01
2.169571189147360e-07	4.994562e-01	5.001061e-01	4.995859e-01
2.169989760575932e-07	4.994634e-01	5.001039e-01	4.995510e-01
2.170408332004504e-07	4.994705e-01	5.001017e-01	4.995159e-01
2.170418332004504e-07	4.994707e-01	5.001017e-01	4.995151e-01
2.170909760575933e-07	4.994790e-01	5.000992e-01	4.994744e-01
2.171401189147362e-07	4.994874e-01	5.000967e-01	4.994354e-01
2.171892617718791e-07	4.994956e-01	5.000943e-01	4.993980e-01
2.172384046290221e-07	4.995038e-01	5.000920e-01	4.993623e-01
2.172875474861650e-07	4.995120e-01	5.000897e-01	4.993281e-01
2.173366903433079e-07	4.995202e-01	5.000874e-01	4.992957e-01
2.173858332004508e-07	4.995283e-01	5.000852e-01	4.992648e-01
2.174284046290223e-07	4.995352e-01	5.000834e-01	4.992403e-01
2.174709760575937e-07	4.995421e-01	5.000815e-01	4.992178e-01
2.175135474861652e-07	4.995490e-01	5.000797e-01	4.991972e-01
2.175561189147367e-07	4.995558e-01	5.000780e-01	4.991786e-01
2.175986903433082e-07	4.995625e-01	5.000763e-01	4.991619e-01
2.176412617718796e-07	4.995692e-01	5.000746e-01	4.991472e-01
2.176838332004511e-07	4.995759e-01	5.000729e-01	4.991344e-01
2.177155474861655e-07	4.995808e-01	5.000717e-01	4.991263e-01
2.177472617718798e-07	4.995857e-01	5.000704e-01	4.991192e-01
2.177789760575941e-07	4.995906e-01	5.000693e-01	4.991132e-01
2.178106903433084e-07	4.995954e-01	5.000681e-01	4.991084e-01
2.178424046290227e-07	4.996002e-01	5.000669e-01	4.991046e-01
2.178741189147370e-07	4.996050e-01	5.000658e-01	4.991018e-01
2.179058332004514e-07	4.996097e-01	5.000647e-01	4.991002e-01
2.179234046290228e-07	4.996123e-01	5.000641e-01	4.990997e-01
2.179409760575943e-07	4.996149e-01	5.000635e-01	4.990995e-01
2.179585474861657e-07	4.996175e-01	5.000629e-01	4.990997e-01
2.179761189147372e-07	4.996200e-01	5.000623e-01	4.991001e-01
2.179936903433086e-07	4.996226e-01	5.000617e-01	4.991008e-01
2.180112617718801e-07	4.996251e-01	5.000611e-01	4.991019e-01
2.180288332004515e-07	4.996277e-01	5.000605e-01	4.991032e-01
2.180658332004516e-07	4.996330e-01	5.000593e-01	4.991069e-01
2.181784046290231e-07	4.996489e-01	5.000558e-01	4.991291e-01
2.182909760575947e-07	4.996642e-01	5.000524e-01	4.991578e-01
2.184035474861662e-07	4.996792e-01	5.000493e-01	4.991931e-01
2.185161189147378e-07	4.996936e-01	5.000463e-01	4.992350e-01
2.186286903433093e-07	4.997076e-01	5.000434e-01	4.992836e-01
2.187412617718809e-07	4.997211e-01	5.000408e-01	4.993387e-01
2.188538332004524e-07	4.997341e-01	5.000383e-01	4.994005e-01
2.188874046290239e-07	4.997379e-01	5.000375e-01	4.994184e-01
2.189209760575954e-07	4.997417e-01	5.000368e-01	4.994365e-01
2.189545474861669e-07	4.997454e-01	5.000361e-01	4.994546e-01
2.189881189147383e-07	4.997490e-01	5.000354e-01	4.994729e-01
2.190216903433098e-07	4.997527e-01	5.000347e-01	4.994912e-01
2.190552617718812e-07	4.997562e-01	5.000341e-01	4.995096e-01
2.190888332004527e-07	4.997598e-01	5.000334e-01	4.995282e-01
2.190898332004527e-07	4.997599e-01	5.000334e-01	4.995287e-01
2.191799760575957e-07	4.997692e-01	5.000318e-01	4.995791e-01
2.192701189147386e-07	4.997782e-01	5.000302e-01	4.996283e-01
2.193602617718816e-07	4.997869e-01	5.000286e-01	4.996764e-01
2.194504046290246e-07	4.997953e-01	5.000272e-01	4.997235e-01
2.195405474861675e-07	4.998035e-01	5.000258e-01	4.997694e-01
2.196306903433105e-07	4.998113e-01	5.000245e-01	4.998142e-01
2.197208332004534e-07	4.998189e-01	5.000232e-01	4.998579e-01
2.197605474861678e-07	4.998222e-01	5.000227e-01	4.998764e-01
2.198002617718821e-07	4.998254e-01	5.000222e-01	4.998944e-01
2.198399760575964e-07	4.998286e-01	5.000217e-01	4.999120e-01
2.198796903433108e-07	4.998317e-01	5.000211e-01	4.999292e-01
2.199194046290251e-07	4.998347e-01	5.000207e-01	4.999461e-01
2.199591189147394e-07	4.998378e-01	5.000202e-01	4.999625e-01
2.199988332004537e-07	4.998407e-01	5.000197e-01	4.999785e-01
2.199998332004537e-07	4.998408e-01	5.000197e-01	4.999789e-01
2.200000000000000e-07	4.998408e-01	5.000197e-01	4.999790e-01
