time	V(n001)	V(n002)
0.000000000000000e+00	0.000000e+00	0.000000e+00
1.006310719978738e-09	0.000000e+00	0.000000e+00
2.000000000000000e-09	0.000000e+00	0.000000e+00
2.003785714285714e-09	1.766137e-07	0.000000e+00
2.007571428571428e-09	6.820761e-07	0.000000e+00
2.011357142857142e-09	1.516387e-06	0.000000e+00
2.015142857142856e-09	2.679547e-06	0.000000e+00
2.018928571428570e-09	4.171555e-06	0.000000e+00
2.022714285714284e-09	5.992411e-06	0.000000e+00
2.026499999999997e-09	8.142117e-06	0.000000e+00
2.027499999999997e-09	8.763382e-06	0.000000e+00
2.039357142857139e-09	1.793883e-05	0.000000e+00
2.051214285714281e-09	3.016588e-05	0.000000e+00
2.063071428571422e-09	4.544456e-05	0.000000e+00
2.074928571428564e-09	6.377484e-05	0.000000e+00
2.086785714285705e-09	8.515674e-05	0.000000e+00
2.098642857142847e-09	1.095902e-04	0.000000e+00
2.110499999999989e-09	1.370754e-04	0.000000e+00
2.132642857142843e-09	1.965739e-04	0.000000e+00
2.154785714285698e-09	2.655247e-04	0.000000e+00
2.176928571428553e-09	3.439278e-04	0.000000e+00
2.199071428571408e-09	4.317832e-04	0.000000e+00
2.221214285714263e-09	5.290909e-04	0.000000e+00
2.243357142857117e-09	6.358509e-04	0.000000e+00
2.265499999999972e-09	7.520632e-04	0.000000e+00
2.305071428571396e-09	9.829191e-04	0.000000e+00
2.344642857142821e-09	1.238130e-03	0.000000e+00
2.384214285714245e-09	1.517694e-03	0.000000e+00
2.423785714285670e-09	1.821614e-03	0.000000e+00
2.463357142857094e-09	2.149887e-03	0.000000e+00
2.502928571428518e-09	2.502515e-03	0.000000e+00
2.542499999999942e-09	2.879498e-03	0.000000e+00
2.610785714285649e-09	3.584033e-03	0.000000e+00
2.679071428571356e-09	4.338469e-03	0.000000e+00
2.747357142857063e-09	5.142807e-03	0.000000e+00
2.815642857142770e-09	5.997045e-03	0.000000e+00
2.883928571428477e-09	6.901184e-03	0.000000e+00
2.952214285714184e-09	7.855224e-03	0.000000e+00
3.020499999999891e-09	8.859165e-03	0.000000e+00
3.051499999999888e-09	9.324246e-03	0.000000e+00
3.176785714285601e-09	1.130860e-02	0.000000e+00
3.302071428571314e-09	1.337674e-02	0.000000e+00
3.427357142857027e-09	1.552866e-02	0.000000e+00
3.552642857142740e-09	1.776436e-02	0.000000e+00
3.677928571428453e-09	2.008384e-02	0.000000e+00
3.803214285714166e-09	2.248710e-02	0.000000e+00
3.928499999999879e-09	2.497415e-02	0.000000e+00
4.075499999999924e-09	2.793057e-02	0.000000e+00
4.221642857142826e-09	3.094723e-02	0.000000e+00
4.367785714285728e-09	3.400221e-02	0.000000e+00
4.513928571428629e-09	3.709550e-02	0.000000e+00
4.660071428571532e-09	4.022710e-02	0.000000e+00
4.806214285714434e-09	4.339702e-02	0.000000e+00
4.952357142857336e-09	4.660526e-02	0.000000e+00
5.098500000000238e-09	4.985181e-02	0.000000e+00
5.099500000000238e-09	4.987402e-02	0.000000e+00
5.245642857143140e-09	5.313548e-02	0.000000e+00
5.391785714286042e-09	5.641070e-02	0.000000e+00
5.537928571428944e-09	5.969968e-02	0.000000e+00
5.684071428571846e-09	6.300243e-02	0.000000e+00
5.830214285714748e-09	6.631894e-02	0.000000e+00
5.976357142857650e-09	6.964921e-02	0.000000e+00
6.122500000000552e-09	7.299324e-02	0.000000e+00
6.123500000000552e-09	7.301612e-02	0.000000e+00
7.147500000000866e-09	9.658875e-02	0.000000e+00
8.171500000000584e-09	1.203160e-01	0.000000e+00
9.195500000000051e-09	1.440988e-01	0.000000e+00
1.021949999999952e-08	1.679016e-01	0.000000e+00
1.124349999999898e-08	1.917116e-01	0.000000e+00
1.226749999999845e-08	2.155241e-01	0.000000e+00
1.329149999999792e-08	2.393375e-01	0.000000e+00
1.431549999999739e-08	2.631513e-01	0.000000e+00
1.533949999999758e-08	2.869652e-01	0.000000e+00
1.636349999999874e-08	3.107791e-01	0.000000e+00
1.738749999999990e-08	3.345930e-01	0.000000e+00
1.841150000000106e-08	3.584070e-01	0.000000e+00
1.943550000000222e-08	3.822209e-01	7.186944e-25
2.028850000000319e-08	4.020582e-01	5.768935e-10
2.029150000000319e-08	4.021279e-01	4.269049e-09
2.029450000000320e-08	4.021977e-01	1.164644e-08
2.029750000000320e-08	4.022675e-01	2.571004e-08
2.030050000000320e-08	4.023372e-01	4.946485e-08
2.030350000000321e-08	4.024070e-01	8.586026e-08
2.030650000000321e-08	4.024768e-01	1.377996e-07
2.030950000000321e-08	4.025465e-01	2.081350e-07
2.031250000000322e-08	4.026163e-01	2.996721e-07
2.031807142857465e-08	4.027459e-01	4.955586e-07
2.032364285714609e-08	4.028754e-01	8.314860e-07
2.032921428571752e-08	4.030050e-01	1.307454e-06
2.033478571428896e-08	4.031345e-01	1.923463e-06
2.034035714286039e-08	4.032641e-01	2.679513e-06
2.034592857143182e-08	4.033937e-01	3.575604e-06
2.035150000000326e-08	4.035233e-01	4.611735e-06
2.035878571428898e-08	4.036927e-01	6.241172e-06
2.036607142857471e-08	4.038621e-01	8.299544e-06
2.037335714286043e-08	4.040316e-01	1.078685e-05
2.038064285714615e-08	4.042010e-01	1.370310e-05
2.038792857143187e-08	4.043704e-01	1.704827e-05
2.039521428571760e-08	4.045399e-01	2.082239e-05
2.040250000000332e-08	4.047093e-01	2.502544e-05
2.041050000000333e-08	4.048953e-01	3.024425e-05
2.041850000000334e-08	4.050814e-01	3.618168e-05
2.042650000000335e-08	4.052674e-01	4.283773e-05
2.043450000000336e-08	4.054535e-01	5.021239e-05
2.044250000000336e-08	4.056395e-01	5.830568e-05
2.045050000000337e-08	4.058256e-01	6.711758e-05
2.045850000000338e-08	4.060116e-01	7.664810e-05
2.045950000000338e-08	4.060349e-01	7.790297e-05
2.047578571428912e-08	4.064136e-01	9.982985e-05
2.049207142857485e-08	4.067924e-01	1.255676e-04
2.050835714286058e-08	4.071711e-01	1.551161e-04
2.052464285714631e-08	4.075498e-01	1.884755e-04
2.054092857143205e-08	4.079286e-01	2.256458e-04
2.055721428571778e-08	4.083073e-01	2.666268e-04
2.057350000000351e-08	4.086860e-01	3.114188e-04
2.060621428571784e-08	4.094468e-01	4.141872e-04
2.063892857143216e-08	4.102076e-01	5.345635e-04
2.067164285714648e-08	4.109685e-01	6.725476e-04
2.070435714286080e-08	4.117292e-01	8.281395e-04
2.073707142857513e-08	4.124900e-01	1.001339e-03
2.076978571428945e-08	4.132508e-01	1.192147e-03
2.080250000000377e-08	4.140116e-01	1.400562e-03
2.085935714286098e-08	4.153339e-01	1.808845e-03
2.091621428571819e-08	4.166561e-01	2.264401e-03
2.097307142857540e-08	4.179784e-01	2.767230e-03
2.102992857143260e-08	4.193007e-01	3.317332e-03
2.108678571428981e-08	4.206229e-01	3.914708e-03
2.114364285714702e-08	4.219452e-01	4.559356e-03
2.120050000000422e-08	4.232675e-01	5.251278e-03
2.124078571428998e-08	4.242043e-01	5.764518e-03
2.128107142857575e-08	4.251412e-01	6.295717e-03
2.132135714286150e-08	4.260781e-01	6.844877e-03
2.136164285714726e-08	4.270150e-01	7.411997e-03
2.140192857143302e-08	4.279518e-01	7.997077e-03
2.144221428571878e-08	4.288887e-01	8.600116e-03
2.148250000000454e-08	4.298256e-01	9.221116e-03
2.148350000000454e-08	4.298488e-01	9.236692e-03
2.160050000000468e-08	4.325698e-01	1.115083e-02
2.171750000000481e-08	4.352907e-01	1.315525e-02
2.183450000000494e-08	4.380116e-01	1.524994e-02
2.195150000000508e-08	4.407326e-01	1.743490e-02
2.206850000000521e-08	4.434535e-01	1.971014e-02
2.218550000000534e-08	4.461744e-01	2.207566e-02
2.230250000000547e-08	4.488953e-01	2.453144e-02
2.250750000000571e-08	4.536628e-01	2.893004e-02
2.264954760003788e-08	4.569662e-01	3.208348e-02
2.279159520007006e-08	4.602697e-01	3.528123e-02
2.293364280010224e-08	4.635731e-01	3.852328e-02
2.307569040013442e-08	4.668765e-01	4.180964e-02
2.321773800016659e-08	4.701799e-01	4.514030e-02
2.335978560019877e-08	4.734834e-01	4.851527e-02
2.350183320023095e-08	4.767868e-01	5.193454e-02
2.350583320023095e-08	4.768794e-01	5.203080e-02
2.359740462880248e-08	4.788686e-01	5.424214e-02
2.368897605737402e-08	4.807157e-01	5.646147e-02
2.378054748594555e-08	4.824208e-01	5.868878e-02
2.387211891451708e-08	4.839838e-01	6.092408e-02
2.396369034308861e-08	4.854047e-01	6.316738e-02
2.405526177166014e-08	4.866835e-01	6.541866e-02
2.414683320023168e-08	4.878203e-01	6.767792e-02
2.420140462880317e-08	4.884629e-01	6.902628e-02
2.425597605737466e-08	4.890754e-01	7.037632e-02
2.431054748594615e-08	4.896579e-01	7.172806e-02
2.436511891451764e-08	4.902103e-01	7.308148e-02
2.441969034308913e-08	4.907326e-01	7.443659e-02
2.447426177166062e-08	4.912249e-01	7.579339e-02
2.452883320023211e-08	4.916871e-01	7.715189e-02
2.452983320023211e-08	4.916954e-01	7.717679e-02
2.462140462880365e-08	4.924099e-01	7.945979e-02
2.471297605737518e-08	4.930734e-01	8.174566e-02
2.480454748594671e-08	4.936858e-01	8.403440e-02
2.489611891451824e-08	4.942472e-01	8.632601e-02
2.498769034308977e-08	4.947576e-01	8.862049e-02
2.507926177166130e-08	4.952169e-01	9.091784e-02
2.517083320023284e-08	4.956252e-01	9.321805e-02
2.522540462880433e-08	4.958560e-01	9.458955e-02
2.527997605737582e-08	4.960761e-01	9.596166e-02
2.533454748594731e-08	4.962853e-01	9.733437e-02
2.538911891451880e-08	4.964837e-01	9.870769e-02
2.544369034309029e-08	4.966713e-01	1.000816e-01
2.549826177166178e-08	4.968481e-01	1.014562e-01
2.555283320023327e-08	4.970141e-01	1.028313e-01
2.555383320023327e-08	4.970171e-01	1.028565e-01
2.564554748594766e-08	4.972741e-01	1.051688e-01
2.573726177166205e-08	4.975127e-01	1.074822e-01
2.582897605737644e-08	4.977330e-01	1.097966e-01
2.592069034309083e-08	4.979349e-01	1.121121e-01
2.601240462880522e-08	4.981184e-01	1.144286e-01
2.610411891451961e-08	4.982835e-01	1.167461e-01
2.619583320023400e-08	4.984302e-01	1.190646e-01
2.625026177166263e-08	4.985128e-01	1.204408e-01
2.630469034309127e-08	4.985916e-01	1.218172e-01
2.635911891451990e-08	4.986665e-01	1.231939e-01
2.641354748594853e-08	4.987375e-01	1.245707e-01
2.646797605737717e-08	4.988047e-01	1.259478e-01
2.652240462880580e-08	4.988681e-01	1.273251e-01
2.657683320023443e-08	4.989275e-01	1.287026e-01
2.657783320023443e-08	4.989286e-01	1.287279e-01
2.666983320023454e-08	4.990212e-01	1.310568e-01
2.676183320023464e-08	4.991071e-01	1.333860e-01
2.685383320023475e-08	4.991864e-01	1.357155e-01
2.694583320023485e-08	4.992591e-01	1.380455e-01
2.703783320023496e-08	4.993251e-01	1.403758e-01
2.712983320023506e-08	4.993845e-01	1.427065e-01
2.722183320023516e-08	4.994373e-01	1.450376e-01
2.727597605737808e-08	4.994667e-01	1.464095e-01
2.733011891452100e-08	4.994948e-01	1.477816e-01
2.738426177166392e-08	4.995216e-01	1.491537e-01
2.743840462880684e-08	4.995469e-01	1.505258e-01
2.749254748594976e-08	4.995709e-01	1.518981e-01
2.754669034309268e-08	4.995935e-01	1.532704e-01
2.760083320023559e-08	4.996148e-01	1.546428e-01
2.760183320023560e-08	4.996152e-01	1.546682e-01
2.769454748594999e-08	4.996487e-01	1.570185e-01
2.778726177166438e-08	4.996797e-01	1.593689e-01
2.787997605737877e-08	4.997084e-01	1.617194e-01
2.797269034309316e-08	4.997346e-01	1.640701e-01
2.806540462880755e-08	4.997585e-01	1.664209e-01
2.815811891452194e-08	4.997799e-01	1.687719e-01
2.825083320023633e-08	4.997989e-01	1.711230e-01
2.830426177166496e-08	4.998093e-01	1.724779e-01
2.835769034309360e-08	4.998192e-01	1.738328e-01
2.841111891452223e-08	4.998287e-01	1.751877e-01
2.846454748595086e-08	4.998376e-01	1.765427e-01
2.851797605737949e-08	4.998461e-01	1.778977e-01
2.857140462880812e-08	4.998541e-01	1.792528e-01
2.862483320023676e-08	4.998616e-01	1.806078e-01
2.862583320023676e-08	4.998618e-01	1.806332e-01
2.872083320023686e-08	4.998741e-01	1.830426e-01
2.881583320023697e-08	4.998855e-01	1.854521e-01
2.891083320023708e-08	4.998960e-01	1.878617e-01
2.900583320023719e-08	4.999056e-01	1.902713e-01
2.910083320023730e-08	4.999143e-01	1.926810e-01
2.919583320023740e-08	4.999220e-01	1.950907e-01
2.929083320023751e-08	4.999289e-01	1.975004e-01
2.934197605738043e-08	4.999324e-01	1.987977e-01
2.939311891452334e-08	4.999358e-01	2.000950e-01
2.944426177166625e-08	4.999390e-01	2.013924e-01
2.949540462880917e-08	4.999421e-01	2.026897e-01
2.954654748595209e-08	4.999450e-01	2.039870e-01
2.959769034309500e-08	4.999477e-01	2.052843e-01
2.964883320023792e-08	4.999503e-01	2.065817e-01
2.964983320023792e-08	4.999503e-01	2.066071e-01
2.975054748595232e-08	4.999550e-01	2.091619e-01
2.985126177166672e-08	4.999593e-01	2.117168e-01
2.995197605738112e-08	4.999633e-01	2.142717e-01
3.005269034309552e-08	4.999669e-01	2.168266e-01
3.015340462880991e-08	4.999701e-01	2.193815e-01
3.025411891452431e-08	4.999730e-01	2.219365e-01
3.035483320023871e-08	4.999755e-01	2.244915e-01
3.040026177166734e-08	4.999766e-01	2.256439e-01
3.044569034309596e-08	4.999776e-01	2.267964e-01
3.049111891452458e-08	4.999786e-01	2.279489e-01
3.053654748595321e-08	4.999796e-01	2.291013e-01
3.058197605738183e-08	4.999805e-01	2.302538e-01
3.062740462881045e-08	4.999813e-01	2.314063e-01
3.067283320023907e-08	4.999821e-01	2.325588e-01
3.067383320023908e-08	4.999822e-01	2.325841e-01
3.078869034309635e-08	4.999841e-01	2.354979e-01
3.090354748595362e-08	4.999858e-01	2.384118e-01
3.101840462881089e-08	4.999874e-01	2.413256e-01
3.113326177166817e-08	4.999888e-01	2.442394e-01
3.124811891452544e-08	4.999900e-01	2.471533e-01
3.136297605738272e-08	4.999911e-01	2.500672e-01
3.147783320023999e-08	4.999920e-01	2.529810e-01
3.150911891452574e-08	4.999923e-01	2.537747e-01
3.154040462881148e-08	4.999925e-01	2.545684e-01
3.157169034309723e-08	4.999927e-01	2.553621e-01
3.160297605738299e-08	4.999930e-01	2.561559e-01
3.163426177166874e-08	4.999932e-01	2.569496e-01
3.166554748595449e-08	4.999934e-01	2.577433e-01
3.169683320024024e-08	4.999936e-01	2.585370e-01
3.169783320024024e-08	4.999936e-01	2.585623e-01
3.184397605738326e-08	4.999944e-01	2.622699e-01
3.199011891452628e-08	4.999952e-01	2.659775e-01
3.213626177166931e-08	4.999959e-01	2.696851e-01
3.228240462881233e-08	4.999964e-01	2.733927e-01
3.242854748595535e-08	4.999969e-01	2.771004e-01
3.257469034309837e-08	4.999974e-01	2.808080e-01
3.272083320024140e-08	4.999977e-01	2.845156e-01
3.272183320024140e-08	4.999977e-01	2.845410e-01
3.286797605738442e-08	4.999980e-01	2.882486e-01
3.301411891452744e-08	4.999983e-01	2.919562e-01
3.316026177167047e-08	4.999985e-01	2.956638e-01
3.330640462881349e-08	4.999987e-01	2.993715e-01
3.345254748595651e-08	4.999989e-01	3.030791e-01
3.359869034309953e-08	4.999991e-01	3.067867e-01
3.374483320024256e-08	4.999992e-01	3.104944e-01
3.374583320024256e-08	4.999992e-01	3.105198e-01
3.389197605738558e-08	4.999993e-01	3.142274e-01
3.403811891452860e-08	4.999994e-01	3.179350e-01
3.418426177167163e-08	4.999995e-01	3.216426e-01
3.433040462881465e-08	4.999995e-01	3.253503e-01
3.447654748595767e-08	4.999996e-01	3.290579e-01
3.462269034310069e-08	4.999997e-01	3.327656e-01
3.476883320024372e-08	4.999997e-01	3.364732e-01
3.476983320024372e-08	4.999997e-01	3.364986e-01
3.579383320024488e-08	4.999999e-01	3.624774e-01
3.681783320024604e-08	5.000000e-01	3.884563e-01
3.784183320024720e-08	5.000000e-01	4.144351e-01
3.857683320024804e-08	5.000000e-01	4.330821e-01
3.857983320024804e-08	5.000000e-01	4.331582e-01
3.858283320024804e-08	5.000000e-01	4.332343e-01
3.858583320024805e-08	5.000000e-01	4.333104e-01
3.858883320024805e-08	5.000000e-01	4.333865e-01
3.859183320024805e-08	5.000000e-01	4.334626e-01
3.859483320024806e-08	5.000000e-01	4.335387e-01
3.859783320024806e-08	4.999999e-01	4.336148e-01
3.860283320024807e-08	4.999999e-01	4.337417e-01
3.860783320024807e-08	4.999999e-01	4.338685e-01
3.861283320024808e-08	4.999998e-01	4.339954e-01
3.861783320024808e-08	4.999997e-01	4.341222e-01
3.862283320024809e-08	4.999996e-01	4.342491e-01
3.862783320024809e-08	4.999995e-01	4.343759e-01
3.863283320024810e-08	4.999993e-01	4.345028e-01
3.864054748596240e-08	4.999991e-01	4.346985e-01
3.864826177167669e-08	4.999987e-01	4.348942e-01
3.865597605739099e-08	4.999983e-01	4.350899e-01
3.866369034310528e-08	4.999977e-01	4.352856e-01
3.867140462881957e-08	4.999971e-01	4.354814e-01
3.867911891453387e-08	4.999964e-01	4.356771e-01
3.868683320024816e-08	4.999956e-01	4.358728e-01
3.869911891453389e-08	4.999942e-01	4.361845e-01
3.871140462881962e-08	4.999924e-01	4.364961e-01
3.872369034310534e-08	4.999903e-01	4.368078e-01
3.873597605739108e-08	4.999879e-01	4.371195e-01
3.874826177167680e-08	4.999852e-01	4.374312e-01
3.876054748596253e-08	4.999821e-01	4.377429e-01
3.877283320024826e-08	4.999788e-01	4.380546e-01
3.878597605739113e-08	4.999748e-01	4.383880e-01
3.879911891453400e-08	4.999705e-01	4.387214e-01
3.881226177167688e-08	4.999657e-01	4.390549e-01
3.882540462881975e-08	4.999605e-01	4.393883e-01
3.883854748596262e-08	4.999549e-01	4.397217e-01
3.885169034310549e-08	4.999489e-01	4.400552e-01
3.886483320024836e-08	4.999424e-01	4.403886e-01
3.886583320024836e-08	4.999419e-01	4.404140e-01
3.889883320024840e-08	4.999236e-01	4.412512e-01
3.893183320024844e-08	4.999030e-01	4.420884e-01
3.896483320024848e-08	4.998801e-01	4.429256e-01
3.899783320024851e-08	4.998549e-01	4.437628e-01
3.903083320024855e-08	4.998274e-01	4.446000e-01
3.906383320024859e-08	4.997975e-01	4.454373e-01
3.909683320024863e-08	4.997654e-01	4.462745e-01
3.916626177167728e-08	4.996891e-01	4.480359e-01
3.923569034310592e-08	4.996095e-01	4.497973e-01
3.930511891453458e-08	4.995266e-01	4.515587e-01
3.937454748596323e-08	4.994403e-01	4.533201e-01
3.944397605739188e-08	4.993506e-01	4.550815e-01
3.951340462882053e-08	4.992577e-01	4.568429e-01
3.958283320024918e-08	4.991613e-01	4.586043e-01
3.962654748596351e-08	4.991026e-01	4.597133e-01
3.967026177167785e-08	4.990448e-01	4.608223e-01
3.971397605739219e-08	4.989881e-01	4.619314e-01
3.975769034310652e-08	4.989324e-01	4.630404e-01
3.980140462882085e-08	4.988778e-01	4.641494e-01
3.984511891453519e-08	4.988241e-01	4.652585e-01
3.988883320024952e-08	4.987715e-01	4.663675e-01
3.988983320024953e-08	4.987704e-01	4.663928e-01
3.995526177167817e-08	4.986948e-01	4.680528e-01
4.002069034310681e-08	4.986238e-01	4.697127e-01
4.008611891453546e-08	4.985575e-01	4.713726e-01
4.015154748596411e-08	4.984959e-01	4.730325e-01
4.021697605739276e-08	4.984389e-01	4.746925e-01
4.028240462882140e-08	4.983866e-01	4.763524e-01
4.034783320025004e-08	4.983390e-01	4.780123e-01
4.077083320025052e-08	4.981638e-01	4.887438e-01
4.079111891453626e-08	4.981610e-01	4.892585e-01
4.081140462882200e-08	4.981587e-01	4.897731e-01
4.083169034310773e-08	4.981570e-01	4.902877e-01
4.085197605739348e-08	4.981557e-01	4.908024e-01
4.087226177167921e-08	4.981550e-01	4.913170e-01
4.089254748596495e-08	4.981547e-01	4.918317e-01
4.091283320025069e-08	4.981550e-01	4.923463e-01
4.091383320025069e-08	4.981550e-01	4.923717e-01
4.098497605739363e-08	4.981602e-01	4.941766e-01
4.105611891453656e-08	4.981711e-01	4.959815e-01
4.112726177167950e-08	4.981875e-01	4.977864e-01
4.119840462882244e-08	4.982095e-01	4.995913e-01
4.126954748596538e-08	4.982371e-01	5.013962e-01
4.134069034310831e-08	4.982704e-01	5.032011e-01
4.141183320025125e-08	4.983092e-01	5.050060e-01
4.146526177167989e-08	4.983416e-01	5.063614e-01
4.151869034310851e-08	4.983766e-01	5.077169e-01
4.157211891453715e-08	4.984141e-01	5.090724e-01
4.162554748596578e-08	4.984543e-01	5.104279e-01
4.167897605739441e-08	4.984971e-01	5.117833e-01
4.173240462882304e-08	4.985425e-01	5.131388e-01
4.178583320025168e-08	4.985906e-01	5.144943e-01
4.178783320025168e-08	4.985924e-01	5.145451e-01
4.178983320025168e-08	4.985942e-01	5.145958e-01
4.181083320025170e-08	4.986137e-01	5.151302e-01
4.183183320025173e-08	4.986336e-01	5.156615e-01
4.185283320025175e-08	4.986538e-01	5.161898e-01
4.187383320025178e-08	4.986744e-01	5.167151e-01
4.189483320025180e-08	4.986953e-01	5.172374e-01
4.191583320025182e-08	4.987166e-01	5.177566e-01
4.193683320025185e-08	4.987382e-01	5.182728e-01
4.193783320025185e-08	4.987392e-01	5.182971e-01
4.199097605739477e-08	4.987956e-01	5.195799e-01
4.204411891453768e-08	4.988539e-01	5.208180e-01
4.209726177168060e-08	4.989141e-01	5.220114e-01
4.215040462882352e-08	4.989762e-01	5.231602e-01
4.220354748596644e-08	4.990402e-01	5.242643e-01
4.225669034310935e-08	4.991062e-01	5.253237e-01
4.230983320025227e-08	4.991740e-01	5.263385e-01
4.240283320025238e-08	4.992973e-01	5.279788e-01
4.249583320025248e-08	4.994247e-01	5.295046e-01
4.258883320025259e-08	4.995565e-01	5.309161e-01
4.268183320025269e-08	4.996924e-01	5.322131e-01
4.277483320025280e-08	4.998326e-01	5.333958e-01
4.286783320025290e-08	4.999770e-01	5.344641e-01
4.296083320025301e-08	5.001256e-01	5.354180e-01
4.296183320025301e-08	5.001273e-01	5.354280e-01
4.305669034311026e-08	5.002822e-01	5.363178e-01
4.315154748596751e-08	5.004399e-01	5.371425e-01
4.324640462882476e-08	5.006004e-01	5.379020e-01
4.334126177168201e-08	5.007637e-01	5.385965e-01
4.343611891453926e-08	5.009297e-01	5.392259e-01
4.353097605739651e-08	5.010985e-01	5.397902e-01
4.362583320025376e-08	5.012701e-01	5.402894e-01
4.367711891453953e-08	5.013636e-01	5.405461e-01
4.372840462882530e-08	5.014576e-01	5.407913e-01
4.377969034311108e-08	5.015522e-01	5.410252e-01
4.383097605739685e-08	5.016474e-01	5.412478e-01
4.388226177168263e-08	5.017430e-01	5.414589e-01
4.393354748596840e-08	5.018393e-01	5.416587e-01
4.398483320025417e-08	5.019360e-01	5.418471e-01
4.398583320025417e-08	5.019379e-01	5.418507e-01
4.407811891453999e-08	5.021134e-01	5.421630e-01
4.417040462882581e-08	5.022902e-01	5.424528e-01
4.426269034311162e-08	5.024681e-01	5.427203e-01
4.435497605739745e-08	5.026472e-01	5.429652e-01
4.444726177168327e-08	5.028276e-01	5.431878e-01
4.453954748596908e-08	5.030091e-01	5.433879e-01
4.463183320025490e-08	5.031919e-01	5.435655e-01
4.468569034311210e-08	5.032989e-01	5.436639e-01
4.473954748596931e-08	5.034062e-01	5.437578e-01
4.479340462882651e-08	5.035137e-01	5.438471e-01
4.484726177168372e-08	5.036215e-01	5.439318e-01
4.490111891454092e-08	5.037296e-01	5.440120e-01
4.495497605739813e-08	5.038380e-01	5.440877e-01
4.500883320025533e-08	5.039466e-01	5.441588e-01
4.500983320025533e-08	5.039486e-01	5.441601e-01
4.510326177168401e-08	5.041377e-01	5.442735e-01
4.519669034311268e-08	5.043273e-01	5.443787e-01
4.529011891454136e-08	5.045175e-01	5.444757e-01
4.538354748597004e-08	5.047082e-01	5.445645e-01
4.547697605739872e-08	5.048994e-01	5.446450e-01
4.557040462882739e-08	5.050912e-01	5.447174e-01
4.566383320025607e-08	5.052835e-01	5.447814e-01
4.571654748597042e-08	5.053921e-01	5.448158e-01
4.576926177168477e-08	5.055009e-01	5.448486e-01
4.582197605739911e-08	5.056098e-01	5.448798e-01
4.587469034311345e-08	5.057187e-01	5.449095e-01
4.592740462882780e-08	5.058278e-01	5.449376e-01
4.598011891454214e-08	5.059370e-01	5.449641e-01
4.603283320025649e-08	5.060464e-01	5.449891e-01
4.603383320025649e-08	5.060484e-01	5.449896e-01
4.613040462882803e-08	5.062490e-01	5.450316e-01
4.622697605739957e-08	5.064498e-01	5.450705e-01
4.632354748597111e-08	5.066508e-01	5.451063e-01
4.642011891454264e-08	5.068521e-01	5.451389e-01
4.651669034311418e-08	5.070536e-01	5.451684e-01
4.661326177168572e-08	5.072554e-01	5.451948e-01
4.670983320025726e-08	5.074574e-01	5.452181e-01
4.675940462882874e-08	5.075611e-01	5.452294e-01
4.680897605740023e-08	5.076649e-01	5.452403e-01
4.685854748597171e-08	5.077687e-01	5.452507e-01
4.690811891454320e-08	5.078725e-01	5.452606e-01
4.695769034311468e-08	5.079764e-01	5.452700e-01
4.700726177168617e-08	5.080804e-01	5.452789e-01
4.705683320025765e-08	5.081844e-01	5.452874e-01
4.705783320025765e-08	5.081865e-01	5.452875e-01
4.715383320025776e-08	5.083880e-01	5.453025e-01
4.724983320025787e-08	5.085896e-01	5.453164e-01
4.734583320025798e-08	5.087912e-01	5.453292e-01
4.744183320025809e-08	5.089930e-01	5.453409e-01
4.753783320025820e-08	5.091949e-01	5.453514e-01
4.763383320025831e-08	5.093969e-01	5.453609e-01
4.772983320025842e-08	5.095990e-01	5.453693e-01
4.773454748597271e-08	5.096090e-01	5.453697e-01
4.773926177168700e-08	5.096189e-01	5.453701e-01
4.774397605740129e-08	5.096288e-01	5.453704e-01
4.774869034311558e-08	5.096387e-01	5.453708e-01
4.775340462882987e-08	5.096487e-01	5.453712e-01
4.775811891454416e-08	5.096586e-01	5.453716e-01
4.776283320025845e-08	5.096685e-01	5.453720e-01
4.776811891454417e-08	5.096796e-01	5.453725e-01
4.777340462882989e-08	5.096908e-01	5.453729e-01
4.777869034311561e-08	5.097019e-01	5.453733e-01
4.778397605740134e-08	5.097130e-01	5.453738e-01
4.778926177168706e-08	5.097241e-01	5.453742e-01
4.779454748597278e-08	5.097353e-01	5.453746e-01
4.779983320025849e-08	5.097464e-01	5.453750e-01
4.780683320025850e-08	5.097611e-01	5.453756e-01
4.781383320025851e-08	5.097759e-01	5.453761e-01
4.782083320025852e-08	5.097906e-01	5.453767e-01
4.782783320025853e-08	5.098054e-01	5.453772e-01
4.783483320025853e-08	5.098201e-01	5.453778e-01
4.784183320025854e-08	5.098349e-01	5.453783e-01
4.784883320025855e-08	5.098496e-01	5.453788e-01
4.785954748597285e-08	5.098722e-01	5.453796e-01
4.787026177168715e-08	5.098947e-01	5.453804e-01
4.788097605740145e-08	5.099173e-01	5.453812e-01
4.789169034311574e-08	5.099399e-01	5.453820e-01
4.790240462883004e-08	5.099624e-01	5.453828e-01
4.791311891454434e-08	5.099850e-01	5.453835e-01
4.792383320025864e-08	5.100076e-01	5.453843e-01
4.794469034311580e-08	5.100515e-01	5.453857e-01
4.796554748597297e-08	5.100955e-01	5.453872e-01
4.798640462883013e-08	5.101394e-01	5.453886e-01
4.800726177168730e-08	5.101834e-01	5.453899e-01
4.802811891454447e-08	5.102273e-01	5.453912e-01
4.804897605740164e-08	5.102713e-01	5.453925e-01
4.806983320025880e-08	5.103152e-01	5.453938e-01
4.808183320025881e-08	5.103405e-01	5.453945e-01
4.813540462883030e-08	5.104534e-01	5.453976e-01
4.818897605740180e-08	5.105664e-01	5.454006e-01
4.824254748597328e-08	5.106793e-01	5.454034e-01
4.829611891454477e-08	5.107923e-01	5.454061e-01
4.834969034311626e-08	5.109053e-01	5.454087e-01
4.840326177168775e-08	5.110182e-01	5.454111e-01
4.845683320025924e-08	5.111312e-01	5.454133e-01
4.852897605740218e-08	5.112834e-01	5.454161e-01
4.860111891454512e-08	5.114357e-01	5.454188e-01
4.867326177168806e-08	5.115879e-01	5.454213e-01
4.874540462883099e-08	5.117402e-01	5.454236e-01
4.881754748597394e-08	5.118924e-01	5.454258e-01
4.888969034311687e-08	5.120447e-01	5.454278e-01
4.896183320025981e-08	5.121970e-01	5.454296e-01
4.910583320025998e-08	5.125011e-01	5.454330e-01
4.924540462883156e-08	5.127958e-01	5.454357e-01
4.938497605740315e-08	5.130905e-01	5.454381e-01
4.952454748597474e-08	5.133853e-01	5.454403e-01
4.966411891454632e-08	5.136802e-01	5.454423e-01
4.980369034311791e-08	5.139751e-01	5.454439e-01
4.994326177168950e-08	5.142700e-01	5.454453e-01
5.008283320026108e-08	5.145649e-01	5.454465e-01
5.012983320026114e-08	5.146642e-01	5.454468e-01
5.027597605740416e-08	5.149731e-01	5.454478e-01
5.042211891454718e-08	5.152819e-01	5.454487e-01
5.056826177169021e-08	5.155908e-01	5.454495e-01
5.071440462883323e-08	5.158997e-01	5.454503e-01
5.086054748597625e-08	5.162085e-01	5.454509e-01
5.100669034311927e-08	5.165174e-01	5.454514e-01
5.115283320026230e-08	5.168263e-01	5.454518e-01
5.115383320026230e-08	5.168284e-01	5.454518e-01
5.129997605740532e-08	5.171374e-01	5.454521e-01
5.144611891454834e-08	5.174463e-01	5.454525e-01
5.159226177169137e-08	5.177552e-01	5.454528e-01
5.173840462883439e-08	5.180642e-01	5.454530e-01
5.188454748597741e-08	5.183731e-01	5.454532e-01
5.203069034312043e-08	5.186821e-01	5.454534e-01
5.217683320026346e-08	5.189910e-01	5.454535e-01
5.217783320026346e-08	5.189931e-01	5.454535e-01
5.320183320026462e-08	5.211579e-01	5.454542e-01
5.422583320026578e-08	5.233228e-01	5.454544e-01
5.524983320026694e-08	5.254877e-01	5.454545e-01
5.627383320026810e-08	5.276526e-01	5.454545e-01
5.686483320026877e-08	5.289020e-01	5.454546e-01
5.686783320026878e-08	5.289084e-01	5.454546e-01
5.687083320026878e-08	5.289147e-01	5.454546e-01
5.687383320026878e-08	5.289211e-01	5.454546e-01
5.687683320026879e-08	5.289274e-01	5.454546e-01
5.687983320026879e-08	5.289337e-01	5.454546e-01
5.688283320026879e-08	5.289401e-01	5.454547e-01
5.688697605741166e-08	5.289488e-01	5.454548e-01
5.689111891455452e-08	5.289576e-01	5.454549e-01
5.689526177169738e-08	5.289663e-01	5.454551e-01
5.689940462884024e-08	5.289751e-01	5.454553e-01
5.690354748598310e-08	5.289838e-01	5.454556e-01
5.690769034312596e-08	5.289926e-01	5.454560e-01
5.691183320026883e-08	5.290014e-01	5.454564e-01
5.691783320026883e-08	5.290140e-01	5.454571e-01
5.692383320026884e-08	5.290267e-01	5.454580e-01
5.692983320026885e-08	5.290394e-01	5.454591e-01
5.693583320026885e-08	5.290521e-01	5.454604e-01
5.694183320026886e-08	5.290648e-01	5.454619e-01
5.694783320026887e-08	5.290775e-01	5.454636e-01
5.695383320026887e-08	5.290902e-01	5.454655e-01
5.696326177169746e-08	5.291101e-01	5.454688e-01
5.697269034312604e-08	5.291301e-01	5.454728e-01
5.698211891455462e-08	5.291500e-01	5.454774e-01
5.699154748598320e-08	5.291699e-01	5.454825e-01
5.700097605741179e-08	5.291899e-01	5.454883e-01
5.701040462884037e-08	5.292098e-01	5.454946e-01
5.701983320026895e-08	5.292297e-01	5.455016e-01
5.703640462884040e-08	5.292647e-01	5.455155e-01
5.705297605741185e-08	5.292998e-01	5.455311e-01
5.706954748598329e-08	5.293348e-01	5.455485e-01
5.708611891455474e-08	5.293698e-01	5.455675e-01
5.710269034312618e-08	5.294049e-01	5.455883e-01
5.711926177169764e-08	5.294399e-01	5.456109e-01
5.713583320026908e-08	5.294750e-01	5.456351e-01
5.715883320026911e-08	5.295236e-01	5.456715e-01
5.718183320026913e-08	5.295722e-01	5.457095e-01
5.720483320026916e-08	5.296208e-01	5.457492e-01
5.722783320026919e-08	5.296695e-01	5.457905e-01
5.725083320026921e-08	5.297181e-01	5.458334e-01
5.727383320026924e-08	5.297667e-01	5.458780e-01
5.729683320026926e-08	5.298153e-01	5.459242e-01
5.729783320026926e-08	5.298175e-01	5.459263e-01
5.732854748598359e-08	5.298824e-01	5.459891e-01
5.735926177169791e-08	5.299473e-01	5.460510e-01
5.738997605741223e-08	5.300123e-01	5.461120e-01
5.742069034312654e-08	5.300772e-01	5.461721e-01
5.745140462884087e-08	5.301421e-01	5.462313e-01
5.748211891455519e-08	5.302071e-01	5.462896e-01
5.751283320026951e-08	5.302720e-01	5.463470e-01
5.754369034312668e-08	5.303372e-01	5.464015e-01
5.757454748598387e-08	5.304024e-01	5.464530e-01
5.760540462884104e-08	5.304677e-01	5.465014e-01
5.763626177169822e-08	5.305329e-01	5.465468e-01
5.766711891455540e-08	5.305981e-01	5.465890e-01
5.769797605741258e-08	5.306634e-01	5.466283e-01
5.772883320026975e-08	5.307286e-01	5.466644e-01
5.775911891455550e-08	5.307927e-01	5.466961e-01
5.778940462884125e-08	5.308567e-01	5.467246e-01
5.781969034312700e-08	5.309207e-01	5.467498e-01
5.784997605741275e-08	5.309848e-01	5.467717e-01
5.788026177169850e-08	5.310488e-01	5.467904e-01
5.791054748598425e-08	5.311128e-01	5.468057e-01
5.794083320026999e-08	5.311769e-01	5.468178e-01
5.796011891455573e-08	5.312176e-01	5.468239e-01
5.797940462884146e-08	5.312584e-01	5.468288e-01
5.799869034312720e-08	5.312992e-01	5.468326e-01
5.801797605741294e-08	5.313399e-01	5.468351e-01
5.803726177169868e-08	5.313807e-01	5.468365e-01
5.805654748598441e-08	5.314215e-01	5.468367e-01
5.807583320027015e-08	5.314623e-01	5.468357e-01
5.811083320027019e-08	5.315362e-01	5.468309e-01
5.814583320027023e-08	5.316102e-01	5.468230e-01
5.818083320027027e-08	5.316842e-01	5.468121e-01
5.821583320027031e-08	5.317582e-01	5.467982e-01
5.825083320027035e-08	5.318322e-01	5.467813e-01
5.828583320027039e-08	5.319062e-01	5.467614e-01
5.832083320027042e-08	5.319802e-01	5.467384e-01
5.832183320027043e-08	5.319824e-01	5.467378e-01
5.838440462884192e-08	5.321147e-01	5.466894e-01
5.844697605741343e-08	5.322469e-01	5.466362e-01
5.850954748598493e-08	5.323792e-01	5.465780e-01
5.857211891455642e-08	5.325115e-01	5.465150e-01
5.863469034312792e-08	5.326438e-01	5.464470e-01
5.869726177169943e-08	5.327761e-01	5.463742e-01
5.875983320027092e-08	5.329084e-01	5.462965e-01
5.883597605741387e-08	5.330693e-01	5.461990e-01
5.891211891455681e-08	5.332303e-01	5.461007e-01
5.898826177169976e-08	5.333913e-01	5.460015e-01
5.906440462884269e-08	5.335523e-01	5.459015e-01
5.914054748598564e-08	5.337132e-01	5.458007e-01
5.921669034312858e-08	5.338742e-01	5.456990e-01
5.929283320027153e-08	5.340352e-01	5.455965e-01
5.934583320027159e-08	5.341473e-01	5.455269e-01
5.944626177170027e-08	5.343596e-01	5.453959e-01
5.954669034312895e-08	5.345719e-01	5.452692e-01
5.964711891455764e-08	5.347843e-01	5.451468e-01
5.974754748598633e-08	5.349966e-01	5.450285e-01
5.984797605741500e-08	5.352089e-01	5.449144e-01
5.994840462884369e-08	5.354212e-01	5.448046e-01
6.004883320027238e-08	5.356335e-01	5.446990e-01
6.007283320027240e-08	5.356842e-01	5.446747e-01
6.007383320027241e-08	5.356864e-01	5.446738e-01
6.007483320027241e-08	5.356885e-01	5.446728e-01
6.007583320027241e-08	5.356906e-01	5.446715e-01
6.007683320027241e-08	5.356927e-01	5.446706e-01
6.007783320027241e-08	5.356948e-01	5.446697e-01
6.007983320027241e-08	5.356991e-01	5.446677e-01
6.010640462884387e-08	5.357548e-01	5.446412e-01
6.013297605741533e-08	5.358115e-01	5.446150e-01
6.015954748598678e-08	5.358694e-01	5.445891e-01
6.018611891455825e-08	5.359283e-01	5.445636e-01
6.021269034312971e-08	5.359883e-01	5.445385e-01
6.023926177170117e-08	5.360494e-01	5.445137e-01
6.026583320027262e-08	5.361115e-01	5.444893e-01
6.036983320027274e-08	5.363723e-01	5.443969e-01
6.048583320027287e-08	5.367086e-01	5.443005e-01
6.060183320027300e-08	5.370578e-01	5.442098e-01
6.071783320027314e-08	5.374201e-01	5.441248e-01
6.083383320027327e-08	5.377953e-01	5.440455e-01
6.094983320027340e-08	5.381835e-01	5.439718e-01
6.106583320027353e-08	5.385846e-01	5.439038e-01
6.118183320027366e-08	5.389988e-01	5.438414e-01
6.121197605741655e-08	5.391019e-01	5.438259e-01
6.124211891455945e-08	5.392044e-01	5.438106e-01
6.127226177170234e-08	5.393063e-01	5.437956e-01
6.130240462884523e-08	5.394077e-01	5.437810e-01
6.133254748598811e-08	5.395084e-01	5.437666e-01
6.136269034313101e-08	5.396085e-01	5.437525e-01
6.139283320027390e-08	5.397081e-01	5.437388e-01
6.139383320027390e-08	5.397114e-01	5.437384e-01
6.149911891455974e-08	5.400541e-01	5.436930e-01
6.160440462884557e-08	5.403839e-01	5.436504e-01
6.170969034313141e-08	5.407008e-01	5.436106e-01
6.181497605741723e-08	5.410046e-01	5.435736e-01
6.192026177170307e-08	5.412955e-01	5.435394e-01
6.202554748598890e-08	5.415735e-01	5.435080e-01
6.213083320027474e-08	5.418384e-01	5.434794e-01
6.217169034313193e-08	5.419369e-01	5.434688e-01
6.221254748598911e-08	5.420334e-01	5.434585e-01
6.225340462884630e-08	5.421278e-01	5.434484e-01
6.229426177170350e-08	5.422201e-01	5.434387e-01
6.233511891456069e-08	5.423104e-01	5.434292e-01
6.237597605741787e-08	5.423986e-01	5.434201e-01
6.241683320027506e-08	5.424848e-01	5.434113e-01
6.241783320027506e-08	5.424868e-01	5.434111e-01
6.255926177170380e-08	5.427665e-01	5.433831e-01
6.270069034313253e-08	5.430263e-01	5.433575e-01
6.284211891456126e-08	5.432662e-01	5.433342e-01
6.298354748598999e-08	5.434861e-01	5.433132e-01
6.312497605741872e-08	5.436862e-01	5.432945e-01
6.326640462884745e-08	5.438663e-01	5.432782e-01
6.340783320027619e-08	5.440265e-01	5.432642e-01
6.344183320027623e-08	5.440634e-01	5.432609e-01
6.358654748599067e-08	5.442083e-01	5.432483e-01
6.373126177170513e-08	5.443415e-01	5.432367e-01
6.387597605741957e-08	5.444630e-01	5.432263e-01
6.402069034313403e-08	5.445728e-01	5.432170e-01
6.416540462884847e-08	5.446711e-01	5.432088e-01
6.431011891456293e-08	5.447576e-01	5.432017e-01
6.445483320027737e-08	5.448325e-01	5.431957e-01
6.446583320027739e-08	5.448381e-01	5.431952e-01
6.459254748599181e-08	5.448976e-01	5.431904e-01
6.471926177170625e-08	5.449526e-01	5.431860e-01
6.484597605742067e-08	5.450030e-01	5.431820e-01
6.497269034313511e-08	5.450488e-01	5.431784e-01
6.509940462884953e-08	5.450901e-01	5.431752e-01
6.522611891456397e-08	5.451268e-01	5.431724e-01
6.535283320027839e-08	5.451589e-01	5.431699e-01
6.548983320027855e-08	5.451912e-01	5.431674e-01
6.560854748599296e-08	5.452159e-01	5.431655e-01
6.572726177170739e-08	5.452387e-01	5.431638e-01
6.584597605742180e-08	5.452597e-01	5.431622e-01
6.596469034313623e-08	5.452788e-01	5.431608e-01
6.608340462885065e-08	5.452961e-01	5.431595e-01
6.620211891456507e-08	5.453115e-01	5.431584e-01
6.632083320027949e-08	5.453250e-01	5.431574e-01
6.634826177170809e-08	5.453280e-01	5.431572e-01
6.637569034313670e-08	5.453310e-01	5.431569e-01
6.640311891456530e-08	5.453339e-01	5.431567e-01
6.643054748599389e-08	5.453367e-01	5.431565e-01
6.645797605742250e-08	5.453395e-01	5.431563e-01
6.648540462885110e-08	5.453421e-01	5.431561e-01
6.651283320027971e-08	5.453448e-01	5.431560e-01
6.651383320027971e-08	5.453449e-01	5.431560e-01
6.663040462885127e-08	5.453552e-01	5.431552e-01
6.674697605742283e-08	5.453648e-01	5.431545e-01
6.686354748599439e-08	5.453735e-01	5.431539e-01
6.698011891456596e-08	5.453815e-01	5.431533e-01
6.709669034313752e-08	5.453887e-01	5.431528e-01
6.721326177170907e-08	5.453951e-01	5.431523e-01
6.732983320028063e-08	5.454007e-01	5.431519e-01
6.735940462885209e-08	5.454021e-01	5.431518e-01
6.738897605742355e-08	5.454035e-01	5.431517e-01
6.741854748599501e-08	5.454048e-01	5.431516e-01
6.744811891456649e-08	5.454061e-01	5.431515e-01
6.747769034313795e-08	5.454073e-01	5.431514e-01
6.750726177170941e-08	5.454085e-01	5.431513e-01
6.753683320028087e-08	5.454097e-01	5.431513e-01
6.753783320028087e-08	5.454097e-01	5.431513e-01
6.765840462885243e-08	5.454142e-01	5.431510e-01
6.777897605742400e-08	5.454182e-01	5.431507e-01
6.789954748599556e-08	5.454220e-01	5.431504e-01
6.802011891456714e-08	5.454253e-01	5.431502e-01
6.814069034313870e-08	5.454284e-01	5.431500e-01
6.826126177171026e-08	5.454310e-01	5.431498e-01
6.838183320028183e-08	5.454333e-01	5.431497e-01
6.856183320028203e-08	5.454365e-01	5.431494e-01
6.869583320028218e-08	5.454385e-01	5.431493e-01
6.882983320028233e-08	5.454403e-01	5.431492e-01
6.896383320028249e-08	5.454419e-01	5.431490e-01
6.909783320028264e-08	5.454434e-01	5.431489e-01
6.923183320028279e-08	5.454447e-01	5.431489e-01
6.936583320028294e-08	5.454459e-01	5.431488e-01
6.949983320028309e-08	5.454468e-01	5.431487e-01
6.958583320028319e-08	5.454473e-01	5.431486e-01
6.973197605742621e-08	5.454482e-01	5.431486e-01
6.987811891456924e-08	5.454490e-01	5.431485e-01
7.002426177171226e-08	5.454497e-01	5.431485e-01
7.017040462885528e-08	5.454503e-01	5.431484e-01
7.031654748599830e-08	5.454509e-01	5.431484e-01
7.046269034314133e-08	5.454513e-01	5.431484e-01
7.060883320028435e-08	5.454517e-01	5.431484e-01
7.060983320028435e-08	5.454517e-01	5.431484e-01
7.075597605742737e-08	5.454520e-01	5.431484e-01
7.090211891457040e-08	5.454524e-01	5.431483e-01
7.104826177171342e-08	5.454526e-01	5.431483e-01
7.119440462885644e-08	5.454529e-01	5.431483e-01
7.134054748599946e-08	5.454531e-01	5.431483e-01
7.148669034314249e-08	5.454533e-01	5.431483e-01
7.163283320028551e-08	5.454534e-01	5.431483e-01
7.163383320028551e-08	5.454534e-01	5.431483e-01
7.177997605742853e-08	5.454536e-01	5.431483e-01
7.192611891457157e-08	5.454537e-01	5.431482e-01
7.207226177171458e-08	5.454538e-01	5.431482e-01
7.221840462885760e-08	5.454539e-01	5.431482e-01
7.236454748600062e-08	5.454540e-01	5.431482e-01
7.251069034314366e-08	5.454541e-01	5.431482e-01
7.265683320028667e-08	5.454541e-01	5.431482e-01
7.265783320028668e-08	5.454541e-01	5.431482e-01
7.280397605742969e-08	5.454542e-01	5.431482e-01
7.295011891457273e-08	5.454542e-01	5.431482e-01
7.309626177171575e-08	5.454542e-01	5.431482e-01
7.324240462885876e-08	5.454543e-01	5.431482e-01
7.338854748600178e-08	5.454543e-01	5.431482e-01
7.353469034314482e-08	5.454543e-01	5.431482e-01
7.368083320028784e-08	5.454544e-01	5.431482e-01
7.368183320028784e-08	5.454544e-01	5.431482e-01
7.470583320028900e-08	5.454545e-01	5.431482e-01
7.515283320028950e-08	5.454545e-01	5.431482e-01
7.515583320028951e-08	5.454545e-01	5.431482e-01
7.515883320028951e-08	5.454545e-01	5.431482e-01
7.516183320028951e-08	5.454545e-01	5.431482e-01
7.516483320028952e-08	5.454545e-01	5.431482e-01
7.516783320028952e-08	5.454545e-01	5.431482e-01
7.517083320028952e-08	5.454545e-01	5.431482e-01
7.517469034314668e-08	5.454545e-01	5.431482e-01
7.517854748600381e-08	5.454544e-01	5.431482e-01
7.518240462886096e-08	5.454544e-01	5.431482e-01
7.518626177171812e-08	5.454544e-01	5.431482e-01
7.519011891457527e-08	5.454543e-01	5.431481e-01
7.519397605743240e-08	5.454543e-01	5.431481e-01
7.519783320028956e-08	5.454542e-01	5.431481e-01
7.520354748600384e-08	5.454541e-01	5.431481e-01
7.520926177171814e-08	5.454539e-01	5.431480e-01
7.521497605743243e-08	5.454537e-01	5.431479e-01
7.522069034314673e-08	5.454535e-01	5.431478e-01
7.522640462886101e-08	5.454532e-01	5.431477e-01
7.523211891457531e-08	5.454530e-01	5.431475e-01
7.523783320028960e-08	5.454527e-01	5.431473e-01
7.524669034314676e-08	5.454521e-01	5.431469e-01
7.525554748600390e-08	5.454514e-01	5.431463e-01
7.526440462886106e-08	5.454507e-01	5.431456e-01
7.527326177171821e-08	5.454498e-01	5.431447e-01
7.528211891457537e-08	5.454489e-01	5.431436e-01
7.529097605743251e-08	5.454479e-01	5.431424e-01
7.529983320028967e-08	5.454468e-01	5.431409e-01
7.531554748600397e-08	5.454445e-01	5.431380e-01
7.533126177171828e-08	5.454420e-01	5.431338e-01
7.534697605743258e-08	5.454392e-01	5.431283e-01
7.536269034314689e-08	5.454362e-01	5.431216e-01
7.537840462886119e-08	5.454330e-01	5.431136e-01
7.539411891457550e-08	5.454295e-01	5.431044e-01
7.540983320028980e-08	5.454257e-01	5.430939e-01
7.543240462886125e-08	5.454199e-01	5.430761e-01
7.545497605743270e-08	5.454140e-01	5.430537e-01
7.547754748600415e-08	5.454079e-01	5.430267e-01
7.550011891457562e-08	5.454017e-01	5.429950e-01
7.552269034314707e-08	5.453953e-01	5.429587e-01
7.554526177171852e-08	5.453889e-01	5.429177e-01
7.556783320028997e-08	5.453823e-01	5.428721e-01
7.559083320029000e-08	5.453756e-01	5.428196e-01
7.561383320029003e-08	5.453693e-01	5.427606e-01
7.563683320029005e-08	5.453631e-01	5.426953e-01
7.565983320029008e-08	5.453572e-01	5.426235e-01
7.568283320029011e-08	5.453516e-01	5.425453e-01
7.570583320029013e-08	5.453462e-01	5.424606e-01
7.572883320029016e-08	5.453411e-01	5.423695e-01
7.572983320029016e-08	5.453408e-01	5.423654e-01
7.575097605743304e-08	5.453365e-01	5.422751e-01
7.577211891457593e-08	5.453325e-01	5.421789e-01
7.579326177171880e-08	5.453289e-01	5.420767e-01
7.581440462886168e-08	5.453257e-01	5.419686e-01
7.583554748600456e-08	5.453228e-01	5.418546e-01
7.585669034314745e-08	5.453202e-01	5.417346e-01
7.587783320029033e-08	5.453180e-01	5.416086e-01
7.589297605743320e-08	5.453167e-01	5.415147e-01
7.590811891457608e-08	5.453156e-01	5.414177e-01
7.592326177171895e-08	5.453146e-01	5.413177e-01
7.593840462886182e-08	5.453139e-01	5.412146e-01
7.595354748600469e-08	5.453134e-01	5.411085e-01
7.596869034314758e-08	5.453130e-01	5.409994e-01
7.598383320029045e-08	5.453128e-01	5.408872e-01
7.599897605743332e-08	5.453128e-01	5.407720e-01
7.601411891457620e-08	5.453130e-01	5.406538e-01
7.602926177171907e-08	5.453134e-01	5.405327e-01
7.604440462886194e-08	5.453140e-01	5.404086e-01
7.605954748600481e-08	5.453147e-01	5.402816e-01
7.607469034314770e-08	5.453156e-01	5.401517e-01
7.608983320029057e-08	5.453167e-01	5.400188e-01
7.616054748600493e-08	5.453250e-01	5.393537e-01
7.623126177171930e-08	5.453353e-01	5.386354e-01
7.630197605743366e-08	5.453475e-01	5.378637e-01
7.637269034314803e-08	5.453617e-01	5.370387e-01
7.644340462886239e-08	5.453779e-01	5.361605e-01
7.651411891457677e-08	5.453961e-01	5.352290e-01
7.658483320029113e-08	5.454163e-01	5.342442e-01
7.660883320029116e-08	5.454229e-01	5.339021e-01
7.663283320029118e-08	5.454295e-01	5.335554e-01
7.665683320029121e-08	5.454361e-01	5.332040e-01
7.668083320029124e-08	5.454427e-01	5.328480e-01
7.670483320029126e-08	5.454494e-01	5.324874e-01
7.672883320029129e-08	5.454560e-01	5.321221e-01
7.675283320029132e-08	5.454626e-01	5.317522e-01
7.675383320029132e-08	5.454629e-01	5.317367e-01
7.680840462886281e-08	5.454780e-01	5.308775e-01
7.686297605743430e-08	5.454926e-01	5.299998e-01
7.691754748600579e-08	5.455068e-01	5.291035e-01
7.697211891457729e-08	5.455204e-01	5.281887e-01
7.702669034314878e-08	5.455335e-01	5.272554e-01
7.708126177172026e-08	5.455462e-01	5.263035e-01
7.713583320029175e-08	5.455583e-01	5.253331e-01
7.719369034314897e-08	5.455703e-01	5.242880e-01
7.725154748600616e-08	5.455814e-01	5.232287e-01
7.730940462886338e-08	5.455917e-01	5.221551e-01
7.736726177172059e-08	5.456012e-01	5.210674e-01
7.742511891457780e-08	5.456097e-01	5.199655e-01
7.748297605743500e-08	5.456175e-01	5.188494e-01
7.754083320029221e-08	5.456244e-01	5.177191e-01
7.757454748600653e-08	5.456280e-01	5.170560e-01
7.760826177172086e-08	5.456313e-01	5.163894e-01
7.764197605743518e-08	5.456344e-01	5.157192e-01
7.767569034314951e-08	5.456372e-01	5.150456e-01
7.770940462886383e-08	5.456397e-01	5.143684e-01
7.774311891457816e-08	5.456419e-01	5.136878e-01
7.777683320029248e-08	5.456439e-01	5.130036e-01
7.777783320029248e-08	5.456439e-01	5.129833e-01
7.782497605743539e-08	5.456462e-01	5.120212e-01
7.787211891457831e-08	5.456480e-01	5.110539e-01
7.791926177172121e-08	5.456494e-01	5.100814e-01
7.796640462886412e-08	5.456503e-01	5.091038e-01
7.801354748600703e-08	5.456508e-01	5.081210e-01
7.806069034314995e-08	5.456508e-01	5.071330e-01
7.810783320029286e-08	5.456504e-01	5.061399e-01
7.814397605743575e-08	5.456498e-01	5.053758e-01
7.818011891457866e-08	5.456490e-01	5.046095e-01
7.821626177172155e-08	5.456480e-01	5.038409e-01
7.825240462886445e-08	5.456468e-01	5.030700e-01
7.828854748600734e-08	5.456455e-01	5.022968e-01
7.832469034315025e-08	5.456439e-01	5.015214e-01
7.836083320029314e-08	5.456421e-01	5.007437e-01
7.836183320029314e-08	5.456421e-01	5.007222e-01
7.836283320029314e-08	5.456420e-01	5.007007e-01
7.836383320029315e-08	5.456420e-01	5.006791e-01
7.836483320029315e-08	5.456419e-01	5.006576e-01
7.836583320029315e-08	5.456418e-01	5.006360e-01
7.836683320029315e-08	5.456418e-01	5.006145e-01
7.839911891457891e-08	5.456400e-01	4.999194e-01
7.843140462886465e-08	5.456382e-01	4.992167e-01
7.846369034315041e-08	5.456362e-01	4.985062e-01
7.849597605743615e-08	5.456341e-01	4.977880e-01
7.852826177172191e-08	5.456319e-01	4.970621e-01
7.856054748600765e-08	5.456296e-01	4.963286e-01
7.859283320029341e-08	5.456271e-01	4.955873e-01
7.862254748600772e-08	5.456248e-01	4.948959e-01
7.865226177172205e-08	5.456223e-01	4.942004e-01
7.868197605743636e-08	5.456199e-01	4.935007e-01
7.871169034315069e-08	5.456173e-01	4.927969e-01
7.874140462886500e-08	5.456147e-01	4.920890e-01
7.877111891457933e-08	5.456120e-01	4.913770e-01
7.880083320029364e-08	5.456092e-01	4.906608e-01
7.880183320029364e-08	5.456092e-01	4.906368e-01
7.887769034315087e-08	5.456018e-01	4.887948e-01
7.895354748600809e-08	5.455942e-01	4.869636e-01
7.902940462886533e-08	5.455864e-01	4.851432e-01
7.910526177172256e-08	5.455784e-01	4.833334e-01
7.918111891457979e-08	5.455702e-01	4.815344e-01
7.925697605743701e-08	5.455618e-01	4.797462e-01
7.933283320029424e-08	5.455532e-01	4.779686e-01
7.940311891458004e-08	5.455452e-01	4.763468e-01
7.947340462886583e-08	5.455373e-01	4.747371e-01
7.954369034315163e-08	5.455293e-01	4.731395e-01
7.961397605743742e-08	5.455214e-01	4.715539e-01
7.968426177172322e-08	5.455136e-01	4.699804e-01
7.975454748600900e-08	5.455057e-01	4.684189e-01
7.982483320029480e-08	5.454980e-01	4.668696e-01
7.982583320029480e-08	5.454978e-01	4.668475e-01
7.995769034315210e-08	5.454834e-01	4.639695e-01
8.008954748600938e-08	5.454695e-01	4.610986e-01
8.022140462886668e-08	5.454562e-01	4.582350e-01
8.035326177172397e-08	5.454433e-01	4.553786e-01
8.048511891458127e-08	5.454309e-01	4.525294e-01
8.061697605743855e-08	5.454191e-01	4.496873e-01
8.074883320029585e-08	5.454078e-01	4.468525e-01
8.084983320029596e-08	5.453995e-01	4.446696e-01
8.099597605743898e-08	5.453883e-01	4.415055e-01
8.114211891458202e-08	5.453778e-01	4.383301e-01
8.128826177172503e-08	5.453679e-01	4.351434e-01
8.143440462886805e-08	5.453587e-01	4.319454e-01
8.158054748601107e-08	5.453502e-01	4.287362e-01
8.172669034315411e-08	5.453424e-01	4.255157e-01
8.187283320029712e-08	5.453352e-01	4.222840e-01
8.187383320029713e-08	5.453351e-01	4.222618e-01
8.201997605744014e-08	5.453285e-01	4.190168e-01
8.216611891458318e-08	5.453224e-01	4.157625e-01
8.231226177172620e-08	5.453167e-01	4.124991e-01
8.245840462886922e-08	5.453115e-01	4.092264e-01
8.260454748601223e-08	5.453068e-01	4.059446e-01
8.275069034315527e-08	5.453024e-01	4.026535e-01
8.289683320029829e-08	5.452986e-01	3.993533e-01
8.289783320029829e-08	5.452986e-01	3.993307e-01
8.304397605744131e-08	5.452951e-01	3.960236e-01
8.319011891458434e-08	5.452919e-01	3.927114e-01
8.333626177172736e-08	5.452889e-01	3.893941e-01
8.348240462887038e-08	5.452862e-01	3.860716e-01
8.362854748601340e-08	5.452837e-01	3.827439e-01
8.377469034315643e-08	5.452815e-01	3.794111e-01
8.392083320029945e-08	5.452796e-01	3.760732e-01
8.392183320029945e-08	5.452796e-01	3.760503e-01
8.406797605744247e-08	5.452778e-01	3.727092e-01
8.421411891458550e-08	5.452762e-01	3.693656e-01
8.436026177172852e-08	5.452748e-01	3.660194e-01
8.450640462887154e-08	5.452734e-01	3.626707e-01
8.465254748601456e-08	5.452722e-01	3.593196e-01
8.479869034315759e-08	5.452712e-01	3.559658e-01
8.494483320030061e-08	5.452703e-01	3.526096e-01
8.494583320030061e-08	5.452703e-01	3.525867e-01
8.509197605744363e-08	5.452694e-01	3.492290e-01
8.523811891458666e-08	5.452687e-01	3.458703e-01
8.538426177172968e-08	5.452680e-01	3.425104e-01
8.553040462887270e-08	5.452673e-01	3.391493e-01
8.567654748601572e-08	5.452668e-01	3.357871e-01
8.582269034315875e-08	5.452663e-01	3.324238e-01
8.596883320030177e-08	5.452659e-01	3.290593e-01
8.596983320030177e-08	5.452659e-01	3.290363e-01
8.611597605744479e-08	5.452655e-01	3.256712e-01
8.626211891458782e-08	5.452652e-01	3.223056e-01
8.640826177173084e-08	5.452649e-01	3.189396e-01
8.655440462887386e-08	5.452646e-01	3.155730e-01
8.670054748601688e-08	5.452643e-01	3.122060e-01
8.684669034315991e-08	5.452641e-01	3.088384e-01
8.699283320030293e-08	5.452639e-01	3.054704e-01
8.699383320030293e-08	5.452639e-01	3.054473e-01
8.713997605744595e-08	5.452637e-01	3.020790e-01
8.728611891458898e-08	5.452636e-01	2.987105e-01
8.743226177173200e-08	5.452634e-01	2.953418e-01
8.757840462887502e-08	5.452633e-01	2.919729e-01
8.772454748601804e-08	5.452632e-01	2.886037e-01
8.787069034316107e-08	5.452631e-01	2.852344e-01
8.801683320030409e-08	5.452630e-01	2.818649e-01
8.801783320030409e-08	5.452630e-01	2.818418e-01
8.816397605744711e-08	5.452629e-01	2.784722e-01
8.831011891459014e-08	5.452629e-01	2.751024e-01
8.845626177173316e-08	5.452628e-01	2.717326e-01
8.860240462887618e-08	5.452628e-01	2.683627e-01
8.874854748601920e-08	5.452627e-01	2.649927e-01
8.889469034316223e-08	5.452627e-01	2.616226e-01
8.904083320030525e-08	5.452626e-01	2.582524e-01
8.904183320030525e-08	5.452626e-01	2.582294e-01
9.006583320030641e-08	5.452625e-01	2.346141e-01
9.108983320030758e-08	5.452624e-01	2.109977e-01
9.211383320030874e-08	5.452624e-01	1.873809e-01
9.313783320030990e-08	5.452623e-01	1.637638e-01
9.318597605745281e-08	5.452623e-01	1.626534e-01
9.323411891459573e-08	5.452623e-01	1.615430e-01
9.328226177173864e-08	5.452623e-01	1.604327e-01
9.333040462888154e-08	5.452623e-01	1.593224e-01
9.337854748602445e-08	5.452623e-01	1.582123e-01
9.342669034316737e-08	5.452623e-01	1.571022e-01
9.347483320031028e-08	5.452623e-01	1.559922e-01
9.348240462888172e-08	5.452623e-01	1.558180e-01
9.348997605745315e-08	5.452623e-01	1.556441e-01
9.349754748602459e-08	5.452623e-01	1.554704e-01
9.350511891459603e-08	5.452623e-01	1.552970e-01
9.351269034316747e-08	5.452623e-01	1.551238e-01
9.352026177173890e-08	5.452623e-01	1.549508e-01
9.352783320031034e-08	5.452623e-01	1.547780e-01
9.353497605745320e-08	5.452623e-01	1.546153e-01
9.354211891459608e-08	5.452623e-01	1.544527e-01
9.354926177173894e-08	5.452623e-01	1.542904e-01
9.355640462888180e-08	5.452623e-01	1.541284e-01
9.356354748602466e-08	5.452623e-01	1.539665e-01
9.357069034316754e-08	5.452622e-01	1.538048e-01
9.357783320031040e-08	5.452622e-01	1.536434e-01
9.358583320031041e-08	5.452622e-01	1.534629e-01
9.359383320031042e-08	5.452621e-01	1.532825e-01
9.360183320031042e-08	5.452620e-01	1.531023e-01
9.360983320031043e-08	5.452619e-01	1.529224e-01
9.361783320031044e-08	5.452618e-01	1.527426e-01
9.362583320031045e-08	5.452617e-01	1.525631e-01
9.363383320031046e-08	5.452616e-01	1.523837e-01
9.364426177173905e-08	5.452614e-01	1.521502e-01
9.365469034316763e-08	5.452611e-01	1.519167e-01
9.366511891459622e-08	5.452608e-01	1.516835e-01
9.367554748602479e-08	5.452604e-01	1.514503e-01
9.368597605745337e-08	5.452600e-01	1.512172e-01
9.369640462888196e-08	5.452595e-01	1.509843e-01
9.370683320031054e-08	5.452589e-01	1.507515e-01
9.372254748602484e-08	5.452580e-01	1.504008e-01
9.373826177173915e-08	5.452568e-01	1.500497e-01
9.375397605745345e-08	5.452553e-01	1.496983e-01
9.376969034316776e-08	5.452535e-01	1.493466e-01
9.378540462888206e-08	5.452515e-01	1.489945e-01
9.380111891459637e-08	5.452491e-01	1.486421e-01
9.381683320031067e-08	5.452465e-01	1.482894e-01
9.386597605745358e-08	5.452382e-01	1.471814e-01
9.391511891459650e-08	5.452222e-01	1.460658e-01
9.396426177173941e-08	5.451986e-01	1.449426e-01
9.401340462888232e-08	5.451673e-01	1.438118e-01
9.406254748602523e-08	5.451283e-01	1.426735e-01
9.411169034316815e-08	5.450817e-01	1.415276e-01
9.416083320031106e-08	5.450274e-01	1.403741e-01
9.416183320031106e-08	5.450262e-01	1.403506e-01
9.421169034316826e-08	5.449584e-01	1.391734e-01
9.426154748602545e-08	5.448756e-01	1.379945e-01
9.431140462888266e-08	5.447777e-01	1.368139e-01
9.436126177173986e-08	5.446646e-01	1.356315e-01
9.441111891459706e-08	5.445365e-01	1.344475e-01
9.446097605745425e-08	5.443932e-01	1.332618e-01
9.451083320031145e-08	5.442349e-01	1.320743e-01
9.458283320031154e-08	5.439741e-01	1.303636e-01
9.465483320031162e-08	5.436729e-01	1.286584e-01
9.472683320031170e-08	5.433314e-01	1.269587e-01
9.479883320031178e-08	5.429494e-01	1.252644e-01
9.487083320031186e-08	5.425270e-01	1.235755e-01
9.494283320031194e-08	5.420643e-01	1.218922e-01
9.501483320031203e-08	5.415611e-01	1.202143e-01
9.518583320031222e-08	5.401972e-01	1.162520e-01
9.533197605745524e-08	5.388294e-01	1.128941e-01
9.547811891459827e-08	5.373189e-01	1.095414e-01
9.562426177174129e-08	5.356657e-01	1.061939e-01
9.577040462888431e-08	5.338699e-01	1.028516e-01
9.591654748602733e-08	5.319313e-01	9.951458e-02
9.606269034317036e-08	5.298500e-01	9.618275e-02
9.620883320031338e-08	5.276260e-01	9.285615e-02
9.620983320031338e-08	5.276105e-01	9.283333e-02
9.629040462888490e-08	5.263433e-01	9.099427e-02
9.637097605745642e-08	5.250475e-01	8.915451e-02
9.645154748602794e-08	5.237234e-01	8.731407e-02
9.653211891459947e-08	5.223707e-01	8.547295e-02
9.661269034317098e-08	5.209896e-01	8.363113e-02
9.669326177174250e-08	5.195801e-01	8.178863e-02
9.677383320031402e-08	5.181421e-01	7.994545e-02
9.683640462888552e-08	5.170201e-01	7.850824e-02
9.689897605745702e-08	5.158865e-01	7.710527e-02
9.696154748602851e-08	5.147413e-01	7.573653e-02
9.702411891460002e-08	5.135844e-01	7.440203e-02
9.708669034317152e-08	5.124159e-01	7.310175e-02
9.714926177174302e-08	5.112357e-01	7.183571e-02
9.721183320031452e-08	5.100440e-01	7.060390e-02
9.723383320031454e-08	5.096211e-01	7.018739e-02
9.731669034317178e-08	5.080106e-01	6.868005e-02
9.739954748602901e-08	5.063796e-01	6.725935e-02
9.748240462888625e-08	5.047280e-01	6.592529e-02
9.756526177174349e-08	5.030559e-01	6.467788e-02
9.764811891460073e-08	5.013632e-01	6.351710e-02
9.773097605745796e-08	4.996500e-01	6.244297e-02
9.781383320031520e-08	4.979162e-01	6.145548e-02
9.787711891460099e-08	4.965827e-01	6.075056e-02
9.794040462888677e-08	4.952425e-01	6.008172e-02
9.800369034317256e-08	4.938954e-01	5.944898e-02
9.806697605745834e-08	4.925416e-01	5.885232e-02
9.813026177174413e-08	4.911810e-01	5.829176e-02
9.819354748602991e-08	4.898136e-01	5.776728e-02
9.825683320031570e-08	4.884394e-01	5.727889e-02
9.825783320031570e-08	4.884177e-01	5.727134e-02
9.835426177174439e-08	4.863139e-01	5.658876e-02
9.845069034317307e-08	4.842027e-01	5.595626e-02
9.854711891460175e-08	4.820840e-01	5.537383e-02
9.864354748603042e-08	4.799580e-01	5.484148e-02
9.873997605745910e-08	4.778246e-01	5.435920e-02
9.883640462888779e-08	4.756837e-01	5.392700e-02
9.893283320031647e-08	4.735354e-01	5.354487e-02
9.898254748603081e-08	4.724270e-01	5.335723e-02
9.903226177174516e-08	4.713175e-01	5.317759e-02
9.908197605745949e-08	4.702070e-01	5.300596e-02
9.913169034317384e-08	4.690954e-01	5.284233e-02
9.918140462888818e-08	4.679828e-01	5.268670e-02
9.923111891460253e-08	4.668692e-01	5.253908e-02
9.928083320031686e-08	4.657545e-01	5.239946e-02
9.928183320031686e-08	4.657321e-01	5.239670e-02
9.937540462888840e-08	4.636315e-01	5.215449e-02
9.946897605745993e-08	4.615285e-01	5.192966e-02
9.956254748603146e-08	4.594232e-01	5.172221e-02
9.965611891460301e-08	4.573154e-01	5.153213e-02
9.974969034317454e-08	4.552053e-01	5.135943e-02
9.984326177174607e-08	4.530928e-01	5.120410e-02
9.993683320031761e-08	4.509780e-01	5.106615e-02
9.998940462888909e-08	4.497891e-01	5.099246e-02
1.000419760574606e-07	4.485996e-01	5.092205e-02
1.000945474860321e-07	4.474096e-01	5.085494e-02
1.001471189146036e-07	4.462191e-01	5.079111e-02
1.001996903431751e-07	4.450280e-01	5.073057e-02
1.002522617717465e-07	4.438364e-01	5.067331e-02
1.003048332003180e-07	4.426442e-01	5.061935e-02
1.003058332003180e-07	4.426215e-01	5.061834e-02
1.004012617717467e-07	4.404560e-01	5.052819e-02
1.004966903431754e-07	4.382891e-01	5.044459e-02
1.005921189146041e-07	4.361206e-01	5.036753e-02
1.006875474860327e-07	4.339508e-01	5.029701e-02
1.007829760574614e-07	4.317794e-01	5.023303e-02
1.008784046288901e-07	4.296066e-01	5.017559e-02
1.009738332003188e-07	4.274324e-01	5.012469e-02
1.010245474860331e-07	4.262764e-01	5.009893e-02
1.010752617717475e-07	4.251201e-01	5.007427e-02
1.011259760574618e-07	4.239635e-01	5.005073e-02
1.011766903431762e-07	4.228066e-01	5.002829e-02
1.012274046288905e-07	4.216493e-01	5.000697e-02
1.012781189146048e-07	4.204916e-01	4.998675e-02
1.013288332003192e-07	4.193337e-01	4.996765e-02
1.013298332003192e-07	4.193108e-01	4.996728e-02
1.014296903431764e-07	4.170297e-01	4.993275e-02
1.015295474860337e-07	4.147476e-01	4.990081e-02
1.016294046288910e-07	4.124645e-01	4.987146e-02
1.017292617717482e-07	4.101803e-01	4.984469e-02
1.018291189146055e-07	4.078950e-01	4.982050e-02
1.019289760574627e-07	4.056087e-01	4.979890e-02
1.020288332003200e-07	4.033214e-01	4.977988e-02
1.020751189146058e-07	4.022609e-01	4.977145e-02
1.021214046288915e-07	4.012002e-01	4.976335e-02
1.021676903431773e-07	4.001393e-01	4.975559e-02
1.022139760574630e-07	3.990783e-01	4.974816e-02
1.022602617717488e-07	3.980171e-01	4.974107e-02
1.023065474860346e-07	3.969557e-01	4.973431e-02
1.023528332003203e-07	3.958941e-01	4.972788e-02
1.023538332003203e-07	3.958712e-01	4.972775e-02
1.024641189146062e-07	3.933410e-01	4.971379e-02
1.025744046288920e-07	3.908101e-01	4.970097e-02
1.026846903431779e-07	3.882784e-01	4.968926e-02
1.027949760574637e-07	3.857460e-01	4.967867e-02
1.029052617717495e-07	3.832127e-01	4.966921e-02
1.030155474860354e-07	3.806788e-01	4.966086e-02
1.031258332003212e-07	3.781440e-01	4.965364e-02
1.031616903431784e-07	3.773198e-01	4.965137e-02
1.031975474860356e-07	3.764955e-01	4.964917e-02
1.032334046288928e-07	3.756712e-01	4.964705e-02
1.032692617717500e-07	3.748468e-01	4.964499e-02
1.033051189146071e-07	3.740223e-01	4.964301e-02
1.033409760574643e-07	3.731978e-01	4.964110e-02
1.033768332003215e-07	3.723732e-01	4.963926e-02
1.033778332003215e-07	3.723502e-01	4.963921e-02
1.035111189146074e-07	3.692845e-01	4.963308e-02
1.036444046288932e-07	3.662182e-01	4.962752e-02
1.037776903431791e-07	3.631513e-01	4.962252e-02
1.039109760574650e-07	3.600838e-01	4.961808e-02
1.040442617717508e-07	3.570157e-01	4.961420e-02
1.041775474860367e-07	3.539471e-01	4.961089e-02
1.043108332003226e-07	3.508778e-01	4.960814e-02
1.044018332003227e-07	3.487821e-01	4.960635e-02
1.045479760574657e-07	3.454160e-01	4.960388e-02
1.046941189146087e-07	3.420496e-01	4.960164e-02
1.048402617717517e-07	3.386828e-01	4.959965e-02
1.049864046288948e-07	3.353156e-01	4.959791e-02
1.051325474860378e-07	3.319481e-01	4.959640e-02
1.052786903431808e-07	3.285802e-01	4.959513e-02
1.054248332003238e-07	3.252119e-01	4.959411e-02
1.054258332003238e-07	3.251889e-01	4.959410e-02
1.055719760574669e-07	3.218204e-01	4.959318e-02
1.057181189146099e-07	3.184518e-01	4.959235e-02
1.058642617717529e-07	3.150830e-01	4.959160e-02
1.060104046288959e-07	3.117140e-01	4.959095e-02
1.061565474860389e-07	3.083449e-01	4.959039e-02
1.063026903431820e-07	3.049755e-01	4.958991e-02
1.064488332003250e-07	3.016060e-01	4.958953e-02
1.064498332003250e-07	3.015830e-01	4.958953e-02
1.065959760574680e-07	2.982134e-01	4.958918e-02
1.067421189146110e-07	2.948437e-01	4.958887e-02
1.068882617717541e-07	2.914739e-01	4.958859e-02
1.070344046288971e-07	2.881041e-01	4.958835e-02
1.071805474860401e-07	2.847341e-01	4.958813e-02
1.073266903431831e-07	2.813641e-01	4.958796e-02
1.074728332003262e-07	2.779940e-01	4.958781e-02
1.074738332003262e-07	2.779709e-01	4.958781e-02
1.084978332003273e-07	2.543561e-01	4.958717e-02
1.095218332003285e-07	2.307399e-01	4.958693e-02
1.105458332003296e-07	2.071232e-01	4.958683e-02
1.115698332003308e-07	1.835063e-01	4.958680e-02
1.117388332003310e-07	1.796085e-01	4.958680e-02
1.117445474860453e-07	1.794767e-01	4.958680e-02
1.117502617717596e-07	1.793449e-01	4.958679e-02
1.117559760574739e-07	1.792131e-01	4.958678e-02
1.117616903431882e-07	1.790812e-01	4.958677e-02
1.117674046289024e-07	1.789493e-01	4.958674e-02
1.117731189146167e-07	1.788175e-01	4.958672e-02
1.117788332003310e-07	1.786856e-01	4.958668e-02
1.117894046289025e-07	1.784415e-01	4.958661e-02
1.117999760574739e-07	1.781973e-01	4.958643e-02
1.118105474860454e-07	1.779531e-01	4.958614e-02
1.118211189146168e-07	1.777087e-01	4.958575e-02
1.118316903431882e-07	1.774643e-01	4.958525e-02
1.118422617717597e-07	1.772198e-01	4.958464e-02
1.118528332003311e-07	1.769751e-01	4.958393e-02
1.118618332003311e-07	1.767668e-01	4.958318e-02
1.118708332003311e-07	1.765585e-01	4.958229e-02
1.118798332003311e-07	1.763501e-01	4.958128e-02
1.118888332003312e-07	1.761416e-01	4.958013e-02
1.118978332003312e-07	1.759331e-01	4.957885e-02
1.119068332003312e-07	1.757246e-01	4.957744e-02
1.119158332003312e-07	1.755160e-01	4.957590e-02
1.119266903431883e-07	1.752643e-01	4.957382e-02
1.119375474860455e-07	1.750127e-01	4.957157e-02
1.119484046289027e-07	1.747610e-01	4.956914e-02
1.119592617717598e-07	1.745093e-01	4.956654e-02
1.119701189146170e-07	1.742576e-01	4.956376e-02
1.119809760574741e-07	1.740059e-01	4.956081e-02
1.119918332003313e-07	1.737542e-01	4.955767e-02
1.120059760574741e-07	1.734263e-01	4.955331e-02
1.120201189146170e-07	1.730985e-01	4.954891e-02
1.120342617717599e-07	1.727708e-01	4.954448e-02
1.120484046289028e-07	1.724432e-01	4.954001e-02
1.120625474860456e-07	1.721157e-01	4.953552e-02
1.120766903431885e-07	1.717882e-01	4.953099e-02
1.120908332003314e-07	1.714608e-01	4.952643e-02
1.121168332003314e-07	1.708593e-01	4.951769e-02
1.121428332003314e-07	1.702582e-01	4.951128e-02
1.121688332003315e-07	1.696576e-01	4.950721e-02
1.121948332003315e-07	1.690574e-01	4.950548e-02
1.122208332003315e-07	1.684577e-01	4.950608e-02
1.122468332003316e-07	1.678585e-01	4.950903e-02
1.122728332003316e-07	1.672597e-01	4.951432e-02
1.122921189146173e-07	1.668158e-01	4.952130e-02
1.123114046289031e-07	1.663722e-01	4.953107e-02
1.123306903431888e-07	1.659287e-01	4.954361e-02
1.123499760574745e-07	1.654855e-01	4.955893e-02
1.123692617717603e-07	1.650424e-01	4.957702e-02
1.123885474860460e-07	1.645995e-01	4.959790e-02
1.124078332003317e-07	1.641568e-01	4.962155e-02
1.124342617717604e-07	1.635504e-01	4.965931e-02
1.124606903431890e-07	1.629441e-01	4.970397e-02
1.124871189146176e-07	1.623379e-01	4.975551e-02
1.125135474860461e-07	1.617319e-01	4.981394e-02
1.125399760574748e-07	1.611259e-01	4.987926e-02
1.125664046289034e-07	1.605201e-01	4.995147e-02
1.125928332003320e-07	1.599144e-01	5.003057e-02
1.125938332003320e-07	1.598915e-01	5.003371e-02
1.126359760574749e-07	1.589256e-01	5.017687e-02
1.126781189146178e-07	1.579594e-01	5.033789e-02
1.127202617717607e-07	1.569928e-01	5.051679e-02
1.127624046289036e-07	1.560259e-01	5.071355e-02
1.128045474860465e-07	1.550586e-01	5.092818e-02
1.128466903431894e-07	1.540909e-01	5.116069e-02
1.128888332003323e-07	1.531229e-01	5.141106e-02
1.129928332003324e-07	1.507302e-01	5.212698e-02
1.130968332003325e-07	1.483353e-01	5.289046e-02
1.132008332003326e-07	1.459380e-01	5.370151e-02
1.133048332003328e-07	1.435383e-01	5.456012e-02
1.134088332003329e-07	1.411363e-01	5.546629e-02
1.135128332003330e-07	1.387320e-01	5.642003e-02
1.136168332003331e-07	1.363253e-01	5.742133e-02
1.136178332003331e-07	1.363022e-01	5.743067e-02
1.137105474860475e-07	1.341568e-01	5.830790e-02
1.138032617717619e-07	1.320118e-01	5.917019e-02
1.138959760574763e-07	1.298670e-01	6.001755e-02
1.139886903431907e-07	1.277224e-01	6.084997e-02
1.140814046289051e-07	1.255782e-01	6.166746e-02
1.141741189146195e-07	1.234342e-01	6.247001e-02
1.142668332003339e-07	1.212906e-01	6.325763e-02
1.143202617717625e-07	1.200557e-01	6.369521e-02
1.143736903431911e-07	1.188211e-01	6.412349e-02
1.144271189146198e-07	1.175866e-01	6.454249e-02
1.144805474860484e-07	1.163524e-01	6.495220e-02
1.145339760574770e-07	1.151184e-01	6.535262e-02
1.145874046289056e-07	1.138847e-01	6.574375e-02
1.146408332003343e-07	1.126511e-01	6.612560e-02
1.146418332003343e-07	1.126280e-01	6.613265e-02
1.146871189146201e-07	1.115826e-01	6.644823e-02
1.147324046289058e-07	1.105373e-01	6.675688e-02
1.147776903431916e-07	1.094922e-01	6.705858e-02
1.148229760574773e-07	1.084472e-01	6.735334e-02
1.148682617717631e-07	1.074023e-01	6.764117e-02
1.149135474860489e-07	1.063576e-01	6.792205e-02
1.149588332003346e-07	1.053129e-01	6.819599e-02
1.149772617717632e-07	1.048878e-01	6.830507e-02
1.149956903431918e-07	1.044628e-01	6.841167e-02
1.150141189146204e-07	1.040377e-01	6.851578e-02
1.150325474860490e-07	1.036128e-01	6.861742e-02
1.150509760574776e-07	1.031878e-01	6.871656e-02
1.150694046289062e-07	1.027629e-01	6.881323e-02
1.150878332003348e-07	1.023380e-01	6.890741e-02
1.151229760574777e-07	1.015273e-01	6.907745e-02
1.151581189146206e-07	1.007177e-01	6.924364e-02
1.151932617717635e-07	9.990916e-02	6.940596e-02
1.152284046289064e-07	9.910164e-02	6.956443e-02
1.152635474860493e-07	9.829516e-02	6.971904e-02
1.152986903431922e-07	9.748972e-02	6.986978e-02
1.153338332003351e-07	9.668533e-02	7.001667e-02
1.153695474860494e-07	9.586975e-02	7.016828e-02
1.154052617717637e-07	9.505788e-02	7.032046e-02
1.154409760574780e-07	9.424973e-02	7.047322e-02
1.154766903431924e-07	9.344530e-02	7.062654e-02
1.155124046289067e-07	9.264458e-02	7.078044e-02
1.155481189146210e-07	9.184757e-02	7.093491e-02
1.155838332003353e-07	9.105428e-02	7.108995e-02
1.156658332003354e-07	8.925574e-02	7.144612e-02
1.157255474860498e-07	8.796264e-02	7.170726e-02
1.157852617717642e-07	8.669204e-02	7.196169e-02
1.158449760574785e-07	8.544394e-02	7.220942e-02
1.159046903431929e-07	8.421835e-02	7.245045e-02
1.159644046289072e-07	8.301525e-02	7.268478e-02
1.160241189146216e-07	8.183466e-02	7.291240e-02
1.160838332003359e-07	8.067656e-02	7.313333e-02
1.161484046289074e-07	7.945620e-02	7.335762e-02
1.162129760574789e-07	7.826864e-02	7.356984e-02
1.162775474860504e-07	7.711390e-02	7.376999e-02
1.163421189146219e-07	7.599196e-02	7.395807e-02
1.164066903431934e-07	7.490284e-02	7.413408e-02
1.164712617717649e-07	7.384652e-02	7.429803e-02
1.165358332003364e-07	7.282301e-02	7.444990e-02
1.165576903431936e-07	7.248436e-02	7.449896e-02
1.165795474860508e-07	7.214949e-02	7.454687e-02
1.166014046289079e-07	7.181841e-02	7.459361e-02
1.166232617717651e-07	7.149111e-02	7.463919e-02
1.166451189146223e-07	7.116759e-02	7.468361e-02
1.166669760574794e-07	7.084786e-02	7.472686e-02
1.166888332003366e-07	7.053191e-02	7.476895e-02
1.166898332003366e-07	7.051755e-02	7.477085e-02
1.167754046289081e-07	6.932061e-02	7.492225e-02
1.168609760574797e-07	6.817657e-02	7.506191e-02
1.169465474860512e-07	6.708543e-02	7.518984e-02
1.170321189146227e-07	6.604719e-02	7.530605e-02
1.171176903431942e-07	6.506185e-02	7.541052e-02
1.172032617717658e-07	6.412941e-02	7.550327e-02
1.172888332003373e-07	6.324987e-02	7.558428e-02
1.173494046289088e-07	6.265479e-02	7.563845e-02
1.174099760574803e-07	6.208110e-02	7.568973e-02
1.174705474860518e-07	6.152878e-02	7.573815e-02
1.175311189146233e-07	6.099784e-02	7.578368e-02
1.175916903431948e-07	6.048828e-02	7.582634e-02
1.176522617717663e-07	6.000010e-02	7.586613e-02
1.177128332003378e-07	5.953329e-02	7.590304e-02
1.177138332003378e-07	5.952572e-02	7.590365e-02
1.177931189146236e-07	5.894513e-02	7.594887e-02
1.178724046289094e-07	5.839251e-02	7.599163e-02
1.179516903431952e-07	5.786784e-02	7.603193e-02
1.180309760574810e-07	5.737113e-02	7.606977e-02
1.181102617717668e-07	5.690238e-02	7.610515e-02
1.181895474860526e-07	5.646160e-02	7.613807e-02
1.182688332003384e-07	5.604877e-02	7.616853e-02
1.183356903431956e-07	5.571785e-02	7.619325e-02
1.184025474860528e-07	5.540130e-02	7.621705e-02
1.184694046289100e-07	5.509913e-02	7.623993e-02
1.185362617717673e-07	5.481133e-02	7.626190e-02
1.186031189146245e-07	5.453790e-02	7.628294e-02
1.186699760574817e-07	5.427885e-02	7.630306e-02
1.187368332003389e-07	5.403417e-02	7.632226e-02
1.187378332003389e-07	5.403058e-02	7.632255e-02
1.188658332003391e-07	5.360104e-02	7.635720e-02
1.189938332003392e-07	5.320441e-02	7.638998e-02
1.191218332003394e-07	5.284068e-02	7.642087e-02
1.192498332003395e-07	5.250986e-02	7.644988e-02
1.193778332003397e-07	5.221195e-02	7.647701e-02
1.195058332003398e-07	5.194694e-02	7.650226e-02
1.196338332003399e-07	5.171484e-02	7.652563e-02
1.197618332003401e-07	5.149879e-02	7.654794e-02
1.198795474860545e-07	5.132203e-02	7.656712e-02
1.199972617717689e-07	5.115844e-02	7.658535e-02
1.201149760574833e-07	5.100800e-02	7.660261e-02
1.202326903431978e-07	5.087073e-02	7.661891e-02
1.203504046289122e-07	5.074661e-02	7.663424e-02
1.204681189146266e-07	5.063566e-02	7.664860e-02
1.205858332003410e-07	5.053787e-02	7.666200e-02
1.206142617717696e-07	5.051502e-02	7.666514e-02
1.206426903431982e-07	5.049268e-02	7.666824e-02
1.206711189146268e-07	5.047085e-02	7.667129e-02
1.206995474860554e-07	5.044952e-02	7.667429e-02
1.207279760574840e-07	5.042870e-02	7.667724e-02
1.207564046289127e-07	5.040839e-02	7.668016e-02
1.207848332003412e-07	5.038858e-02	7.668302e-02
1.207858332003412e-07	5.038789e-02	7.668312e-02
1.208982617717699e-07	5.031526e-02	7.669395e-02
1.210106903431987e-07	5.024798e-02	7.670421e-02
1.211231189146273e-07	5.018605e-02	7.671389e-02
1.212355474860561e-07	5.012947e-02	7.672300e-02
1.213479760574847e-07	5.007823e-02	7.673152e-02
1.214604046289135e-07	5.003235e-02	7.673948e-02
1.215728332003421e-07	4.999181e-02	7.674685e-02
1.216065474860565e-07	4.998008e-02	7.674899e-02
1.216402617717708e-07	4.996867e-02	7.675108e-02
1.216739760574851e-07	4.995756e-02	7.675314e-02
1.217076903431994e-07	4.994677e-02	7.675516e-02
1.217414046289138e-07	4.993629e-02	7.675713e-02
1.217751189146281e-07	4.992613e-02	7.675906e-02
1.218088332003424e-07	4.991627e-02	7.676096e-02
1.218098332003424e-07	4.991598e-02	7.676101e-02
1.219198332003425e-07	4.988624e-02	7.676687e-02
1.220298332003427e-07	4.985868e-02	7.677240e-02
1.221398332003428e-07	4.983332e-02	7.677760e-02
1.222498332003429e-07	4.981015e-02	7.678246e-02
1.223598332003430e-07	4.978917e-02	7.678699e-02
1.224698332003432e-07	4.977038e-02	7.679118e-02
1.225798332003433e-07	4.975378e-02	7.679504e-02
1.226159760574862e-07	4.974853e-02	7.679627e-02
1.226521189146291e-07	4.974343e-02	7.679746e-02
1.226882617717720e-07	4.973848e-02	7.679863e-02
1.227244046289149e-07	4.973368e-02	7.679977e-02
1.227605474860578e-07	4.972903e-02	7.680089e-02
1.227966903432007e-07	4.972454e-02	7.680198e-02
1.228328332003436e-07	4.972019e-02	7.680304e-02
1.228338332003436e-07	4.972007e-02	7.680307e-02
1.229439760574865e-07	4.970786e-02	7.680611e-02
1.230541189146295e-07	4.969656e-02	7.680898e-02
1.231642617717725e-07	4.968617e-02	7.681165e-02
1.232744046289155e-07	4.967669e-02	7.681415e-02
1.233845474860585e-07	4.966812e-02	7.681645e-02
1.234946903432015e-07	4.966047e-02	7.681858e-02
1.236048332003444e-07	4.965374e-02	7.682052e-02
1.236408332003445e-07	4.965161e-02	7.682113e-02
1.236768332003445e-07	4.964955e-02	7.682172e-02
1.237128332003446e-07	4.964755e-02	7.682230e-02
1.237488332003446e-07	4.964562e-02	7.682287e-02
1.237848332003446e-07	4.964374e-02	7.682342e-02
1.238208332003447e-07	4.964193e-02	7.682396e-02
1.238568332003447e-07	4.964017e-02	7.682448e-02
1.238578332003447e-07	4.964013e-02	7.682449e-02
1.239724046289163e-07	4.963501e-02	7.682606e-02
1.240869760574878e-07	4.963029e-02	7.682752e-02
1.242015474860594e-07	4.962596e-02	7.682888e-02
1.243161189146310e-07	4.962204e-02	7.683013e-02
1.244306903432025e-07	4.961851e-02	7.683128e-02
1.245452617717741e-07	4.961538e-02	7.683233e-02
1.246598332003456e-07	4.961265e-02	7.683327e-02
1.246914046289171e-07	4.961192e-02	7.683352e-02
1.247229760574886e-07	4.961121e-02	7.683377e-02
1.247545474860600e-07	4.961052e-02	7.683401e-02
1.247861189146315e-07	4.960985e-02	7.683424e-02
1.248176903432030e-07	4.960920e-02	7.683447e-02
1.248492617717744e-07	4.960856e-02	7.683470e-02
1.248808332003459e-07	4.960795e-02	7.683492e-02
1.248818332003459e-07	4.960793e-02	7.683492e-02
1.250086903432032e-07	4.960569e-02	7.683574e-02
1.251355474860605e-07	4.960363e-02	7.683649e-02
1.252624046289178e-07	4.960177e-02	7.683719e-02
1.253892617717750e-07	4.960009e-02	7.683782e-02
1.255161189146323e-07	4.959861e-02	7.683839e-02
1.256429760574896e-07	4.959731e-02	7.683890e-02
1.257698332003469e-07	4.959620e-02	7.683936e-02
1.259058332003471e-07	4.959510e-02	7.683981e-02
1.260519760574901e-07	4.959409e-02	7.684024e-02
1.261981189146331e-07	4.959318e-02	7.684063e-02
1.263442617717761e-07	4.959236e-02	7.684098e-02
1.264904046289192e-07	4.959164e-02	7.684130e-02
1.266365474860622e-07	4.959101e-02	7.684158e-02
1.267826903432052e-07	4.959048e-02	7.684183e-02
1.269288332003482e-07	4.959004e-02	7.684204e-02
1.269298332003482e-07	4.959003e-02	7.684204e-02
1.270759760574912e-07	4.958964e-02	7.684223e-02
1.272221189146343e-07	4.958928e-02	7.684241e-02
1.273682617717773e-07	4.958895e-02	7.684256e-02
1.275144046289203e-07	4.958867e-02	7.684270e-02
1.276605474860633e-07	4.958842e-02	7.684283e-02
1.278066903432064e-07	4.958821e-02	7.684294e-02
1.279528332003494e-07	4.958804e-02	7.684303e-02
1.279538332003494e-07	4.958804e-02	7.684303e-02
1.280999760574924e-07	4.958789e-02	7.684311e-02
1.282461189146354e-07	4.958775e-02	7.684319e-02
1.283922617717784e-07	4.958762e-02	7.684326e-02
1.285384046289215e-07	4.958751e-02	7.684332e-02
1.286845474860645e-07	4.958742e-02	7.684338e-02
1.288306903432075e-07	4.958734e-02	7.684342e-02
1.289768332003505e-07	4.958727e-02	7.684346e-02
1.289778332003505e-07	4.958727e-02	7.684346e-02
1.291239760574936e-07	4.958721e-02	7.684350e-02
1.292701189146366e-07	4.958715e-02	7.684353e-02
1.294162617717796e-07	4.958710e-02	7.684356e-02
1.295624046289226e-07	4.958706e-02	7.684359e-02
1.297085474860657e-07	4.958702e-02	7.684361e-02
1.298546903432087e-07	4.958699e-02	7.684363e-02
1.300008332003517e-07	4.958697e-02	7.684364e-02
1.300018332003517e-07	4.958697e-02	7.684364e-02
1.300041189146374e-07	4.958697e-02	7.684364e-02
1.300064046289231e-07	4.958696e-02	7.684365e-02
1.300086903432089e-07	4.958696e-02	7.684365e-02
1.300109760574946e-07	4.958696e-02	7.684365e-02
1.300132617717803e-07	4.958696e-02	7.684365e-02
1.300155474860660e-07	4.958696e-02	7.684365e-02
1.300178332003517e-07	4.958696e-02	7.684365e-02
1.300208332003517e-07	4.958696e-02	7.684366e-02
1.300238332003517e-07	4.958696e-02	7.684366e-02
1.300268332003517e-07	4.958696e-02	7.684368e-02
1.300298332003517e-07	4.958696e-02	7.684370e-02
1.300326903432089e-07	4.958696e-02	7.684374e-02
1.300355474860660e-07	4.958696e-02	7.684379e-02
1.300384046289232e-07	4.958696e-02	7.684385e-02
1.300412617717803e-07	4.958696e-02	7.684393e-02
1.300441189146375e-07	4.958696e-02	7.684402e-02
1.300469760574946e-07	4.958696e-02	7.684413e-02
1.300498332003518e-07	4.958696e-02	7.684425e-02
1.300536903432089e-07	4.958695e-02	7.684445e-02
1.300575474860661e-07	4.958695e-02	7.684469e-02
1.300614046289232e-07	4.958695e-02	7.684497e-02
1.300652617717803e-07	4.958695e-02	7.684529e-02
1.300691189146375e-07	4.958695e-02	7.684564e-02
1.300729760574946e-07	4.958695e-02	7.684603e-02
1.300768332003518e-07	4.958695e-02	7.684646e-02
1.300825474860661e-07	4.958694e-02	7.684718e-02
1.300882617717804e-07	4.958694e-02	7.684797e-02
1.300939760574947e-07	4.958693e-02	7.684882e-02
1.300996903432090e-07	4.958692e-02	7.684973e-02
1.301054046289233e-07	4.958691e-02	7.685071e-02
1.301111189146375e-07	4.958690e-02	7.685176e-02
1.301168332003518e-07	4.958688e-02	7.685287e-02
1.301239760574947e-07	4.958686e-02	7.685435e-02
1.301311189146376e-07	4.958683e-02	7.685583e-02
1.301382617717804e-07	4.958679e-02	7.685730e-02
1.301454046289233e-07	4.958673e-02	7.685877e-02
1.301525474860662e-07	4.958667e-02	7.686024e-02
1.301596903432090e-07	4.958660e-02	7.686170e-02
1.301668332003519e-07	4.958652e-02	7.686315e-02
1.301749760574947e-07	4.958642e-02	7.686475e-02
1.301831189146376e-07	4.958628e-02	7.686613e-02
1.301912617717805e-07	4.958612e-02	7.686732e-02
1.301994046289234e-07	4.958592e-02	7.686830e-02
1.302075474860662e-07	4.958570e-02	7.686908e-02
1.302156903432091e-07	4.958545e-02	7.686965e-02
1.302238332003520e-07	4.958517e-02	7.687002e-02
1.302295474860663e-07	4.958495e-02	7.687008e-02
1.302352617717805e-07	4.958471e-02	7.686996e-02
1.302409760574948e-07	4.958445e-02	7.686965e-02
1.302466903432091e-07	4.958416e-02	7.686917e-02
1.302524046289234e-07	4.958384e-02	7.686851e-02
1.302581189146377e-07	4.958350e-02	7.686767e-02
1.302638332003520e-07	4.958314e-02	7.686666e-02
1.302735474860663e-07	4.958248e-02	7.686449e-02
1.302832617717806e-07	4.958172e-02	7.686164e-02
1.302929760574949e-07	4.958085e-02	7.685810e-02
1.303026903432092e-07	4.957989e-02	7.685387e-02
1.303124046289235e-07	4.957883e-02	7.684895e-02
1.303221189146378e-07	4.957766e-02	7.684335e-02
1.303318332003521e-07	4.957640e-02	7.683706e-02
1.303468332003521e-07	4.957424e-02	7.682581e-02
1.303618332003521e-07	4.957172e-02	7.681267e-02
1.303768332003521e-07	4.956884e-02	7.679766e-02
1.303918332003521e-07	4.956561e-02	7.678077e-02
1.304068332003522e-07	4.956202e-02	7.676200e-02
1.304218332003522e-07	4.955806e-02	7.674135e-02
1.304368332003522e-07	4.955376e-02	7.671882e-02
1.304602617717808e-07	4.954620e-02	7.667941e-02
1.304836903432094e-07	4.953746e-02	7.663621e-02
1.305071189146380e-07	4.952755e-02	7.658921e-02
1.305305474860666e-07	4.951645e-02	7.653842e-02
1.305539760574952e-07	4.950418e-02	7.648383e-02
1.305774046289238e-07	4.949073e-02	7.642544e-02
1.306008332003524e-07	4.947610e-02	7.636326e-02
1.306326903432096e-07	4.945394e-02	7.627339e-02
1.306645474860667e-07	4.942960e-02	7.618045e-02
1.306964046289239e-07	4.940310e-02	7.608444e-02
1.307282617717811e-07	4.937443e-02	7.598536e-02
1.307601189146383e-07	4.934358e-02	7.588320e-02
1.307919760574954e-07	4.931056e-02	7.577798e-02
1.308238332003526e-07	4.927537e-02	7.566968e-02
1.308525474860670e-07	4.924198e-02	7.557180e-02
1.308812617717813e-07	4.920752e-02	7.547382e-02
1.309099760574956e-07	4.917199e-02	7.537573e-02
1.309386903432099e-07	4.913539e-02	7.527754e-02
1.309674046289242e-07	4.909772e-02	7.517925e-02
1.309961189146385e-07	4.905898e-02	7.508086e-02
1.310248332003529e-07	4.901917e-02	7.498236e-02
1.310258332003529e-07	4.901778e-02	7.497895e-02
1.310848332003529e-07	4.893216e-02	7.477885e-02
1.311438332003530e-07	4.884781e-02	7.458181e-02
1.312028332003531e-07	4.876474e-02	7.438782e-02
1.312618332003531e-07	4.868294e-02	7.419689e-02
1.313208332003532e-07	4.860243e-02	7.400902e-02
1.313798332003533e-07	4.852319e-02	7.382421e-02
1.314388332003533e-07	4.844522e-02	7.364245e-02
1.314846903432105e-07	4.838905e-02	7.350319e-02
1.315305474860677e-07	4.833653e-02	7.336510e-02
1.315764046289249e-07	4.828767e-02	7.322819e-02
1.316222617717821e-07	4.824246e-02	7.309246e-02
1.316681189146393e-07	4.820092e-02	7.295790e-02
1.317139760574965e-07	4.816304e-02	7.282452e-02
1.317598332003537e-07	4.812881e-02	7.269231e-02
1.317955474860680e-07	4.810545e-02	7.258980e-02
1.318312617717823e-07	4.808477e-02	7.248773e-02
1.318669760574967e-07	4.806677e-02	7.238611e-02
1.319026903432110e-07	4.805145e-02	7.228492e-02
1.319384046289253e-07	4.803882e-02	7.218418e-02
1.319741189146396e-07	4.802887e-02	7.208387e-02
1.320098332003540e-07	4.802160e-02	7.198401e-02
1.320498332003540e-07	4.801669e-02	7.187258e-02
1.320654046289255e-07	4.801569e-02	7.182933e-02
1.320809760574969e-07	4.801519e-02	7.178616e-02
1.320965474860684e-07	4.801519e-02	7.174306e-02
1.321121189146398e-07	4.801569e-02	7.170003e-02
1.321276903432113e-07	4.801669e-02	7.165708e-02
1.321432617717827e-07	4.801819e-02	7.161420e-02
1.321588332003541e-07	4.802019e-02	7.157139e-02
1.322092617717828e-07	4.803039e-02	7.143322e-02
1.322596903432114e-07	4.804521e-02	7.129582e-02
1.323101189146400e-07	4.806467e-02	7.115921e-02
1.323605474860687e-07	4.808876e-02	7.102337e-02
1.324109760574973e-07	4.811748e-02	7.088830e-02
1.324614046289259e-07	4.815083e-02	7.075401e-02
1.325118332003545e-07	4.818881e-02	7.062050e-02
1.325919760574975e-07	4.825867e-02	7.041003e-02
1.326721189146404e-07	4.833582e-02	7.020162e-02
1.327522617717834e-07	4.842024e-02	6.999530e-02
1.328324046289263e-07	4.851195e-02	6.979105e-02
1.329125474860693e-07	4.861093e-02	6.958887e-02
1.329926903432122e-07	4.871718e-02	6.938876e-02
1.330728332003552e-07	4.883072e-02	6.919073e-02
1.330738332003552e-07	4.883214e-02	6.918827e-02
1.330955474860695e-07	4.886322e-02	6.913495e-02
1.331172617717838e-07	4.889457e-02	6.908177e-02
1.331389760574981e-07	4.892622e-02	6.902874e-02
1.331606903432124e-07	4.895814e-02	6.897587e-02
1.331824046289267e-07	4.899034e-02	6.892314e-02
1.332041189146410e-07	4.902283e-02	6.887056e-02
1.332258332003554e-07	4.905559e-02	6.881814e-02
1.332268332003554e-07	4.905710e-02	6.881580e-02
1.332278332003554e-07	4.905862e-02	6.881310e-02
1.332288332003554e-07	4.906013e-02	6.881072e-02
1.332474046289268e-07	4.908829e-02	6.876582e-02
1.332659760574983e-07	4.911684e-02	6.872124e-02
1.332845474860697e-07	4.914577e-02	6.867697e-02
1.333031189146411e-07	4.917507e-02	6.863301e-02
1.333216903432126e-07	4.920476e-02	6.858936e-02
1.333402617717840e-07	4.923484e-02	6.854602e-02
1.333588332003555e-07	4.926529e-02	6.850299e-02
1.333808332003555e-07	4.930204e-02	6.845316e-02
1.334028332003556e-07	4.933900e-02	6.840419e-02
1.334248332003556e-07	4.937617e-02	6.835610e-02
1.334468332003556e-07	4.941355e-02	6.830887e-02
1.334688332003556e-07	4.945115e-02	6.826251e-02
1.334908332003557e-07	4.948896e-02	6.821701e-02
1.335128332003557e-07	4.952699e-02	6.817239e-02
1.335509760574986e-07	4.959276e-02	6.809939e-02
1.335891189146415e-07	4.965766e-02	6.802307e-02
1.336272617717844e-07	4.972169e-02	6.794344e-02
1.336654046289273e-07	4.978485e-02	6.786049e-02
1.337035474860702e-07	4.984715e-02	6.777422e-02
1.337416903432131e-07	4.990858e-02	6.768464e-02
1.337798332003560e-07	4.996914e-02	6.759174e-02
1.338129760574989e-07	5.002062e-02	6.750248e-02
1.338461189146418e-07	5.007148e-02	6.740413e-02
1.338792617717847e-07	5.012175e-02	6.729669e-02
1.339124046289276e-07	5.017140e-02	6.718016e-02
1.339455474860705e-07	5.022046e-02	6.705453e-02
1.339786903432134e-07	5.026890e-02	6.691981e-02
1.340118332003562e-07	5.031674e-02	6.677600e-02
1.340978332003563e-07	5.043948e-02	6.634797e-02
1.341492617717850e-07	5.051176e-02	6.605379e-02
1.342006903432136e-07	5.058372e-02	6.573403e-02
1.342521189146422e-07	5.065535e-02	6.538872e-02
1.343035474860709e-07	5.072665e-02	6.501784e-02
1.343549760574995e-07	5.079763e-02	6.462140e-02
1.344064046289281e-07	5.086828e-02	6.419939e-02
1.344578332003568e-07	5.093860e-02	6.375182e-02
1.345525474860712e-07	5.106869e-02	6.285203e-02
1.346472617717855e-07	5.119645e-02	6.191751e-02
1.347419760574999e-07	5.132186e-02	6.094826e-02
1.348366903432143e-07	5.144493e-02	5.994428e-02
1.349314046289287e-07	5.156565e-02	5.890558e-02
1.350261189146431e-07	5.168404e-02	5.783214e-02
1.351208332003575e-07	5.180008e-02	5.672398e-02
1.351218332003575e-07	5.180128e-02	5.671252e-02
1.352224046289291e-07	5.191938e-02	5.554643e-02
1.353229760575006e-07	5.203246e-02	5.439958e-02
1.354235474860721e-07	5.214054e-02	5.327198e-02
1.355241189146437e-07	5.224360e-02	5.216362e-02
1.356246903432152e-07	5.234165e-02	5.107451e-02
1.357252617717867e-07	5.243468e-02	5.000464e-02
1.358258332003583e-07	5.252270e-02	4.895402e-02
1.358714046289298e-07	5.256083e-02	4.849283e-02
1.359169760575013e-07	5.259797e-02	4.803850e-02
1.359625474860728e-07	5.263412e-02	4.759103e-02
1.360081189146442e-07	5.266929e-02	4.715041e-02
1.360536903432157e-07	5.270347e-02	4.671665e-02
1.360992617717872e-07	5.273667e-02	4.628975e-02
1.361448332003587e-07	5.276888e-02	4.586970e-02
1.361458332003587e-07	5.276958e-02	4.586057e-02
1.362919760575017e-07	5.286518e-02	4.456867e-02
1.364381189146447e-07	5.295344e-02	4.334337e-02
1.365842617717877e-07	5.303437e-02	4.218465e-02
1.367304046289308e-07	5.310796e-02	4.109252e-02
1.368765474860738e-07	5.317422e-02	4.006699e-02
1.370226903432168e-07	5.323314e-02	3.910804e-02
1.371688332003598e-07	5.328472e-02	3.821569e-02
1.371698332003598e-07	5.328507e-02	3.820972e-02
1.373026903432171e-07	5.332800e-02	3.744621e-02
1.374355474860744e-07	5.336778e-02	3.671791e-02
1.375684046289317e-07	5.340442e-02	3.602482e-02
1.377012617717890e-07	5.343791e-02	3.536694e-02
1.378341189146463e-07	5.346826e-02	3.474427e-02
1.379669760575036e-07	5.349547e-02	3.415682e-02
1.380998332003609e-07	5.351952e-02	3.360457e-02
1.381938332003610e-07	5.353571e-02	3.322514e-02
1.383239760575040e-07	5.355606e-02	3.272422e-02
1.384541189146470e-07	5.357498e-02	3.224078e-02
1.385842617717900e-07	5.359247e-02	3.177483e-02
1.387144046289330e-07	5.360851e-02	3.132636e-02
1.388445474860760e-07	5.362313e-02	3.089537e-02
1.389746903432190e-07	5.363630e-02	3.048187e-02
1.391048332003620e-07	5.364804e-02	3.008585e-02
1.392178332003621e-07	5.365768e-02	2.974879e-02
1.393566903432195e-07	5.366837e-02	2.934891e-02
1.394955474860768e-07	5.367829e-02	2.895814e-02
1.396344046289341e-07	5.368743e-02	2.857649e-02
1.397732617717913e-07	5.369580e-02	2.820394e-02
1.399121189146486e-07	5.370340e-02	2.784051e-02
1.400509760575059e-07	5.371023e-02	2.748619e-02
1.401898332003633e-07	5.371628e-02	2.714098e-02
1.402418332003633e-07	5.371847e-02	2.701245e-02
1.403879760575063e-07	5.372413e-02	2.665690e-02
1.405341189146493e-07	5.372937e-02	2.630573e-02
1.406802617717924e-07	5.373418e-02	2.595894e-02
1.408264046289354e-07	5.373858e-02	2.561654e-02
1.409725474860784e-07	5.374255e-02	2.527851e-02
1.411186903432215e-07	5.374611e-02	2.494487e-02
1.412648332003645e-07	5.374924e-02	2.461561e-02
1.412658332003645e-07	5.374926e-02	2.461336e-02
1.414119760575075e-07	5.375214e-02	2.428632e-02
1.415581189146505e-07	5.375480e-02	2.396115e-02
1.417042617717935e-07	5.375725e-02	2.363785e-02
1.418504046289366e-07	5.375948e-02	2.331643e-02
1.419965474860796e-07	5.376149e-02	2.299687e-02
1.421426903432226e-07	5.376329e-02	2.267918e-02
1.422888332003656e-07	5.376488e-02	2.236337e-02
1.422898332003656e-07	5.376489e-02	2.236121e-02
1.424359760575087e-07	5.376634e-02	2.204631e-02
1.425821189146517e-07	5.376768e-02	2.173218e-02
1.427282617717947e-07	5.376891e-02	2.141884e-02
1.428744046289377e-07	5.377003e-02	2.110628e-02
1.430205474860808e-07	5.377105e-02	2.079450e-02
1.431666903432238e-07	5.377195e-02	2.048349e-02
1.433128332003668e-07	5.377274e-02	2.017327e-02
1.433138332003668e-07	5.377274e-02	2.017114e-02
1.434599760575098e-07	5.377346e-02	1.986129e-02
1.436061189146528e-07	5.377413e-02	1.955175e-02
1.437522617717959e-07	5.377474e-02	1.924254e-02
1.438984046289389e-07	5.377529e-02	1.893364e-02
1.440445474860819e-07	5.377579e-02	1.862506e-02
1.441906903432249e-07	5.377623e-02	1.831680e-02
1.443368332003680e-07	5.377662e-02	1.800886e-02
1.443378332003680e-07	5.377662e-02	1.800675e-02
1.444839760575110e-07	5.377697e-02	1.769896e-02
1.446301189146540e-07	5.377730e-02	1.739130e-02
1.447762617717970e-07	5.377759e-02	1.708376e-02
1.449224046289401e-07	5.377786e-02	1.677635e-02
1.450685474860831e-07	5.377810e-02	1.646907e-02
1.452146903432261e-07	5.377832e-02	1.616192e-02
1.453608332003691e-07	5.377850e-02	1.585490e-02
1.453618332003691e-07	5.377850e-02	1.585280e-02
1.455079760575121e-07	5.377867e-02	1.554584e-02
1.456541189146552e-07	5.377883e-02	1.523893e-02
1.458002617717982e-07	5.377897e-02	1.493207e-02
1.459464046289412e-07	5.377909e-02	1.462526e-02
1.460925474860842e-07	5.377921e-02	1.431850e-02
1.462386903432273e-07	5.377931e-02	1.401180e-02
1.463848332003703e-07	5.377940e-02	1.370514e-02
1.463858332003703e-07	5.377940e-02	1.370305e-02
1.465319760575133e-07	5.377948e-02	1.339641e-02
1.466781189146563e-07	5.377955e-02	1.308980e-02
1.468242617717993e-07	5.377962e-02	1.278321e-02
1.469704046289424e-07	5.377968e-02	1.247664e-02
1.471165474860854e-07	5.377973e-02	1.217009e-02
1.472626903432284e-07	5.377977e-02	1.186356e-02
1.474088332003714e-07	5.377981e-02	1.155705e-02
1.474098332003714e-07	5.377981e-02	1.155495e-02
1.483048332003725e-07	5.377999e-02	9.678029e-03
1.483078332003725e-07	5.377999e-02	9.671737e-03
1.483108332003725e-07	5.377999e-02	9.665446e-03
1.483138332003725e-07	5.377999e-02	9.659155e-03
1.483168332003725e-07	5.377999e-02	9.652863e-03
1.483198332003725e-07	5.377998e-02	9.646572e-03
1.483229760575153e-07	5.377997e-02	9.639981e-03
1.483261189146582e-07	5.377996e-02	9.633388e-03
1.483292617718010e-07	5.377994e-02	9.626794e-03
1.483324046289439e-07	5.377992e-02	9.620199e-03
1.483355474860868e-07	5.377989e-02	9.613602e-03
1.483386903432296e-07	5.377986e-02	9.607005e-03
1.483418332003725e-07	5.377983e-02	9.600406e-03
1.483464046289439e-07	5.377977e-02	9.590804e-03
1.483509760575154e-07	5.377970e-02	9.581195e-03
1.483555474860868e-07	5.377961e-02	9.571578e-03
1.483601189146582e-07	5.377951e-02	9.561953e-03
1.483646903432297e-07	5.377940e-02	9.552320e-03
1.483692617718011e-07	5.377928e-02	9.542680e-03
1.483738332003725e-07	5.377915e-02	9.533032e-03
1.483819760575154e-07	5.377887e-02	9.515821e-03
1.483901189146583e-07	5.377855e-02	9.498568e-03
1.483982617718011e-07	5.377820e-02	9.481274e-03
1.484064046289440e-07	5.377782e-02	9.463938e-03
1.484145474860869e-07	5.377740e-02	9.446561e-03
1.484226903432297e-07	5.377694e-02	9.429143e-03
1.484308332003726e-07	5.377644e-02	9.411682e-03
1.484338332003726e-07	5.377625e-02	9.405239e-03
1.484462617718012e-07	5.377542e-02	9.378426e-03
1.484586903432298e-07	5.377455e-02	9.351592e-03
1.484711189146583e-07	5.377365e-02	9.324737e-03
1.484835474860869e-07	5.377272e-02	9.297861e-03
1.484959760575155e-07	5.377176e-02	9.270963e-03
1.485084046289441e-07	5.377076e-02	9.244044e-03
1.485208332003727e-07	5.376973e-02	9.217103e-03
1.485321189146584e-07	5.376880e-02	9.192701e-03
1.485434046289442e-07	5.376786e-02	9.168492e-03
1.485546903432299e-07	5.376691e-02	9.144475e-03
1.485659760575156e-07	5.376596e-02	9.120649e-03
1.485772617718013e-07	5.376500e-02	9.097016e-03
1.485885474860871e-07	5.376403e-02	9.073575e-03
1.485998332003728e-07	5.376305e-02	9.050326e-03
1.486134046289442e-07	5.376188e-02	9.022753e-03
1.486269760575157e-07	5.376065e-02	8.995834e-03
1.486405474860871e-07	5.375936e-02	8.969570e-03
1.486541189146586e-07	5.375802e-02	8.943960e-03
1.486676903432300e-07	5.375661e-02	8.919004e-03
1.486812617718014e-07	5.375516e-02	8.894703e-03
1.486948332003729e-07	5.375364e-02	8.871057e-03
1.487145474860872e-07	5.375133e-02	8.838216e-03
1.487342617718015e-07	5.374863e-02	8.807427e-03
1.487539760575158e-07	5.374554e-02	8.778691e-03
1.487736903432301e-07	5.374206e-02	8.752008e-03
1.487934046289444e-07	5.373819e-02	8.727377e-03
1.488131189146587e-07	5.373393e-02	8.704798e-03
1.488328332003731e-07	5.372927e-02	8.684272e-03
1.488494046289445e-07	5.372488e-02	8.668876e-03
1.488659760575159e-07	5.372000e-02	8.654897e-03
1.488825474860874e-07	5.371463e-02	8.642336e-03
1.488991189146588e-07	5.370876e-02	8.631193e-03
1.489156903432303e-07	5.370241e-02	8.621468e-03
1.489322617718017e-07	5.369557e-02	8.613160e-03
1.489488332003732e-07	5.368824e-02	8.606270e-03
1.489619760575161e-07	5.368200e-02	8.601697e-03
1.489751189146589e-07	5.367537e-02	8.597767e-03
1.489882617718018e-07	5.366836e-02	8.594480e-03
1.490014046289447e-07	5.366096e-02	8.591836e-03
1.490145474860876e-07	5.365318e-02	8.589834e-03
1.490276903432304e-07	5.364501e-02	8.588476e-03
1.490408332003733e-07	5.363647e-02	8.587760e-03
1.490552617718019e-07	5.362660e-02	8.587585e-03
1.490696903432305e-07	5.361624e-02	8.587782e-03
1.490841189146590e-07	5.360537e-02	8.588350e-03
1.490985474860876e-07	5.359399e-02	8.589291e-03
1.491129760575162e-07	5.358211e-02	8.590603e-03
1.491274046289448e-07	5.356972e-02	8.592287e-03
1.491418332003734e-07	5.355683e-02	8.594343e-03
1.491592617718020e-07	5.354056e-02	8.597095e-03
1.491766903432306e-07	5.352355e-02	8.599668e-03
1.491941189146592e-07	5.350580e-02	8.602061e-03
1.492115474860878e-07	5.348731e-02	8.604275e-03
1.492289760575164e-07	5.346808e-02	8.606309e-03
1.492464046289450e-07	5.344810e-02	8.608165e-03
1.492638332003735e-07	5.342739e-02	8.609841e-03
1.492754046289450e-07	5.341324e-02	8.610545e-03
1.492869760575164e-07	5.339877e-02	8.610912e-03
1.492985474860879e-07	5.338400e-02	8.610941e-03
1.493101189146593e-07	5.336893e-02	8.610634e-03
1.493216903432308e-07	5.335354e-02	8.609989e-03
1.493332617718022e-07	5.333784e-02	8.609006e-03
1.493448332003736e-07	5.332183e-02	8.607686e-03
1.493608332003737e-07	5.329920e-02	8.605197e-03
1.493768332003737e-07	5.327602e-02	8.601700e-03
1.493928332003737e-07	5.325231e-02	8.597198e-03
1.494088332003737e-07	5.322806e-02	8.591689e-03
1.494248332003737e-07	5.320327e-02	8.585173e-03
1.494408332003737e-07	5.317795e-02	8.577651e-03
1.494568332003738e-07	5.315208e-02	8.569123e-03
1.494578332003738e-07	5.315045e-02	8.568545e-03
1.494825474860881e-07	5.310941e-02	8.552977e-03
1.495072617718024e-07	5.306731e-02	8.534261e-03
1.495319760575167e-07	5.302416e-02	8.512395e-03
1.495566903432310e-07	5.297995e-02	8.487381e-03
1.495814046289453e-07	5.293468e-02	8.459218e-03
1.496061189146596e-07	5.288836e-02	8.427906e-03
1.496308332003740e-07	5.284097e-02	8.393446e-03
1.496692617718026e-07	5.276532e-02	8.332585e-03
1.497076903432312e-07	5.268792e-02	8.263955e-03
1.497461189146598e-07	5.260879e-02	8.187556e-03
1.497845474860884e-07	5.252792e-02	8.103387e-03
1.498229760575170e-07	5.244531e-02	8.011449e-03
1.498614046289457e-07	5.236097e-02	7.911742e-03
1.498998332003743e-07	5.227489e-02	7.804266e-03
1.499828332003744e-07	5.208349e-02	7.539523e-03
1.500658332003744e-07	5.188891e-02	7.257304e-03
1.501488332003745e-07	5.169115e-02	6.957609e-03
1.502318332003746e-07	5.149020e-02	6.640436e-03
1.503148332003747e-07	5.128607e-02	6.305788e-03
1.503978332003748e-07	5.107876e-02	5.953663e-03
1.504808332003749e-07	5.086827e-02	5.584062e-03
1.504818332003749e-07	5.086574e-02	5.579708e-03
1.505596903432322e-07	5.066809e-02	5.235093e-03
1.506375474860894e-07	5.047021e-02	4.894941e-03
1.507154046289466e-07	5.027211e-02	4.559251e-03
1.507932617718038e-07	5.007378e-02	4.228024e-03
1.508711189146611e-07	4.987522e-02	3.901259e-03
1.509489760575183e-07	4.967643e-02	3.578957e-03
1.510268332003755e-07	4.947742e-02	3.261117e-03
1.510951189146613e-07	4.930343e-02	2.992714e-03
1.511634046289471e-07	4.912994e-02	2.732133e-03
1.512316903432329e-07	4.895694e-02	2.479374e-03
1.512999760575187e-07	4.878443e-02	2.234437e-03
1.513682617718045e-07	4.861241e-02	1.997323e-03
1.514365474860903e-07	4.844089e-02	1.768031e-03
1.515048332003761e-07	4.826986e-02	1.546561e-03
1.515058332003761e-07	4.826736e-02	1.543379e-03
1.515178332003761e-07	4.823739e-02	1.505523e-03
1.515298332003761e-07	4.820744e-02	1.467627e-03
1.515418332003761e-07	4.817751e-02	1.429691e-03
1.515538332003761e-07	4.814761e-02	1.391714e-03
1.515658332003762e-07	4.811773e-02	1.353696e-03
1.515778332003762e-07	4.808787e-02	1.315638e-03
1.515898332003762e-07	4.805803e-02	1.277539e-03
1.516171189146619e-07	4.799006e-02	1.187738e-03
1.516444046289477e-07	4.792250e-02	1.100917e-03
1.516716903432334e-07	4.785536e-02	1.017078e-03
1.516989760575192e-07	4.778862e-02	9.362193e-04
1.517262617718049e-07	4.772229e-02	8.583419e-04
1.517535474860907e-07	4.765637e-02	7.834456e-04
1.517808332003764e-07	4.759086e-02	7.115304e-04
1.517979760575193e-07	4.755020e-02	6.709122e-04
1.518151189146621e-07	4.750998e-02	6.330736e-04
1.518322617718050e-07	4.747020e-02	5.980146e-04
1.518494046289479e-07	4.743085e-02	5.657350e-04
1.518665474860908e-07	4.739194e-02	5.362351e-04
1.518836903432337e-07	4.735346e-02	5.095147e-04
1.519008332003765e-07	4.731542e-02	4.855738e-04
1.519161189146623e-07	4.728199e-02	4.668605e-04
1.519314046289480e-07	4.724904e-02	4.503120e-04
1.519466903432337e-07	4.721659e-02	4.359283e-04
1.519619760575195e-07	4.718463e-02	4.237094e-04
1.519772617718052e-07	4.715316e-02	4.136553e-04
1.519925474860909e-07	4.712217e-02	4.057661e-04
1.520078332003767e-07	4.709168e-02	4.000417e-04
1.520221189146624e-07	4.706369e-02	3.965139e-04
1.520364046289481e-07	4.703618e-02	3.944945e-04
1.520506903432338e-07	4.700917e-02	3.939833e-04
1.520649760575196e-07	4.698264e-02	3.949804e-04
1.520792617718053e-07	4.695661e-02	3.974858e-04
1.520935474860910e-07	4.693106e-02	4.014994e-04
1.521078332003768e-07	4.690600e-02	4.070214e-04
1.521338332003768e-07	4.686176e-02	4.209362e-04
1.521598332003768e-07	4.681911e-02	4.377790e-04
1.521858332003769e-07	4.677803e-02	4.575496e-04
1.522118332003769e-07	4.673852e-02	4.802481e-04
1.522378332003769e-07	4.670060e-02	5.058745e-04
1.522638332003769e-07	4.666425e-02	5.344287e-04
1.522898332003770e-07	4.662948e-02	5.659109e-04
1.523191189146627e-07	4.659219e-02	6.032349e-04
1.523484046289485e-07	4.655627e-02	6.416638e-04
1.523776903432342e-07	4.652174e-02	6.811976e-04
1.524069760575200e-07	4.648860e-02	7.218362e-04
1.524362617718057e-07	4.645683e-02	7.635797e-04
1.524655474860915e-07	4.642644e-02	8.064281e-04
1.524948332003772e-07	4.639744e-02	8.503814e-04
1.525298332003772e-07	4.636358e-02	9.025232e-04
1.525718332003773e-07	4.632534e-02	9.657032e-04
1.526138332003773e-07	4.628718e-02	1.028383e-03
1.526558332003774e-07	4.624911e-02	1.090563e-03
1.526978332003774e-07	4.621112e-02	1.152243e-03
1.527398332003775e-07	4.617322e-02	1.213423e-03
1.527818332003775e-07	4.613540e-02	1.274104e-03
1.528238332003776e-07	4.609767e-02	1.334284e-03
1.528721189146633e-07	4.605257e-02	1.402151e-03
1.529204046289491e-07	4.600437e-02	1.469242e-03
1.529686903432349e-07	4.595308e-02	1.535557e-03
1.530169760575206e-07	4.589870e-02	1.601096e-03
1.530652617718064e-07	4.584121e-02	1.665858e-03
1.531135474860922e-07	4.578063e-02	1.729844e-03
1.531618332003780e-07	4.571696e-02	1.793053e-03
1.532176903432352e-07	4.563746e-02	1.865605e-03
1.532735474860924e-07	4.555179e-02	1.937452e-03
1.533294046289496e-07	4.545995e-02	2.008594e-03
1.533852617718068e-07	4.536194e-02	2.079032e-03
1.534411189146640e-07	4.525776e-02	2.148765e-03
1.534969760575212e-07	4.514741e-02	2.217794e-03
1.535528332003784e-07	4.503088e-02	2.286118e-03
1.535538332003784e-07	4.502874e-02	2.287334e-03
1.536708332003785e-07	4.475872e-02	2.428928e-03
1.537878332003787e-07	4.446735e-02	2.565330e-03
1.539048332003788e-07	4.415464e-02	2.696540e-03
1.540218332003789e-07	4.382059e-02	2.822556e-03
1.541388332003791e-07	4.346520e-02	2.943381e-03
1.542558332003792e-07	4.308846e-02	3.059013e-03
1.543728332003793e-07	4.269038e-02	3.169452e-03
1.545778332003796e-07	4.197290e-02	3.346039e-03
1.547239760575226e-07	4.143622e-02	3.458911e-03
1.548701189146656e-07	4.089787e-02	3.563338e-03
1.550162617718086e-07	4.035784e-02	3.659320e-03
1.551624046289517e-07	3.981613e-02	3.746856e-03
1.553085474860947e-07	3.927275e-02	3.825948e-03
1.554546903432377e-07	3.872770e-02	3.896595e-03
1.556008332003807e-07	3.818097e-02	3.958796e-03
1.556018332003807e-07	3.817730e-02	3.959208e-03
1.557476903432380e-07	3.764319e-02	4.014915e-03
1.558935474860954e-07	3.711854e-02	4.066024e-03
1.560394046289527e-07	3.660337e-02	4.112534e-03
1.561852617718099e-07	3.609766e-02	4.154446e-03
1.563311189146673e-07	3.560142e-02	4.191759e-03
1.564769760575246e-07	3.511465e-02	4.224474e-03
1.566228332003819e-07	3.463735e-02	4.252591e-03
1.566258332003819e-07	3.462766e-02	4.253159e-03
1.567595474860963e-07	3.420100e-02	4.276690e-03
1.568932617718108e-07	3.378239e-02	4.298392e-03
1.570269760575252e-07	3.337185e-02	4.318265e-03
1.571606903432396e-07	3.296937e-02	4.336308e-03
1.572944046289541e-07	3.257495e-02	4.352521e-03
1.574281189146685e-07	3.218860e-02	4.366905e-03
1.575618332003829e-07	3.181031e-02	4.379460e-03
1.576498332003830e-07	3.156475e-02	4.387336e-03
1.577959760575261e-07	3.116451e-02	4.399037e-03
1.579421189146691e-07	3.077077e-02	4.409795e-03
1.580882617718121e-07	3.038354e-02	4.419610e-03
1.582344046289552e-07	3.000281e-02	4.428481e-03
1.583805474860982e-07	2.962859e-02	4.436410e-03
1.585266903432412e-07	2.926087e-02	4.443394e-03
1.586728332003842e-07	2.889965e-02	4.449436e-03
1.586738332003842e-07	2.889718e-02	4.449476e-03
1.588199760575272e-07	2.854072e-02	4.455018e-03
1.589661189146702e-07	2.818803e-02	4.460127e-03
1.591122617718133e-07	2.783909e-02	4.464804e-03
1.592584046289563e-07	2.749392e-02	4.469047e-03
1.594045474860993e-07	2.715251e-02	4.472857e-03
1.595506903432424e-07	2.681487e-02	4.476235e-03
1.596968332003854e-07	2.648099e-02	4.479180e-03
1.596978332003854e-07	2.647871e-02	4.479200e-03
1.598439760575284e-07	2.614729e-02	4.481903e-03
1.599901189146714e-07	2.581786e-02	4.484399e-03
1.601362617718144e-07	2.549040e-02	4.486688e-03
1.602824046289575e-07	2.516493e-02	4.488769e-03
1.604285474861005e-07	2.484143e-02	4.490643e-03
1.605746903432435e-07	2.451991e-02	4.492310e-03
1.607208332003865e-07	2.420038e-02	4.493770e-03
1.607218332003865e-07	2.419819e-02	4.493780e-03
1.608679760575296e-07	2.387986e-02	4.495118e-03
1.610141189146726e-07	2.356250e-02	4.496355e-03
1.611602617718156e-07	2.324612e-02	4.497488e-03
1.613064046289586e-07	2.293072e-02	4.498520e-03
1.614525474861017e-07	2.261630e-02	4.499449e-03
1.615986903432447e-07	2.230286e-02	4.500276e-03
1.617448332003877e-07	2.199039e-02	4.501000e-03
1.617458332003877e-07	2.198826e-02	4.501005e-03
1.618919760575307e-07	2.167635e-02	4.501668e-03
1.620381189146737e-07	2.136491e-02	4.502280e-03
1.621842617718168e-07	2.105394e-02	4.502841e-03
1.623304046289598e-07	2.074342e-02	4.503350e-03
1.624765474861028e-07	2.043337e-02	4.503809e-03
1.626226903432458e-07	2.012377e-02	4.504216e-03
1.627688332003889e-07	1.981465e-02	4.504572e-03
1.627698332003889e-07	1.981253e-02	4.504574e-03
1.637938332003900e-07	1.765274e-02	4.506318e-03
1.648178332003912e-07	1.550016e-02	4.507157e-03
1.658418332003923e-07	1.335076e-02	4.507553e-03
1.665928332003932e-07	1.177533e-02	4.507701e-03
1.665958332003932e-07	1.176903e-02	4.507706e-03
1.665988332003932e-07	1.176274e-02	4.507713e-03
1.666018332003932e-07	1.175645e-02	4.507726e-03
1.666048332003932e-07	1.175016e-02	4.507748e-03
1.666075474861075e-07	1.174446e-02	4.507774e-03
1.666102617718218e-07	1.173877e-02	4.507813e-03
1.666129760575361e-07	1.173308e-02	4.507864e-03
1.666156903432504e-07	1.172738e-02	4.507927e-03
1.666184046289647e-07	1.172169e-02	4.508003e-03
1.666211189146789e-07	1.171600e-02	4.508091e-03
1.666238332003932e-07	1.171030e-02	4.508191e-03
1.666275474861075e-07	1.170251e-02	4.508356e-03
1.666312617718218e-07	1.169472e-02	4.508550e-03
1.666349760575361e-07	1.168693e-02	4.508774e-03
1.666386903432504e-07	1.167914e-02	4.509027e-03
1.666424046289647e-07	1.167135e-02	4.509310e-03
1.666461189146790e-07	1.166356e-02	4.509622e-03
1.666498332003933e-07	1.165577e-02	4.509964e-03
1.666559760575361e-07	1.164288e-02	4.510609e-03
1.666621189146790e-07	1.162999e-02	4.511306e-03
1.666682617718218e-07	1.161710e-02	4.512055e-03
1.666744046289647e-07	1.160420e-02	4.512857e-03
1.666805474861076e-07	1.159130e-02	4.513710e-03
1.666866903432504e-07	1.157840e-02	4.514616e-03
1.666928332003933e-07	1.156550e-02	4.515574e-03
1.667018332003933e-07	1.154658e-02	4.517058e-03
1.667108332003933e-07	1.152765e-02	4.518472e-03
1.667198332003933e-07	1.150870e-02	4.519816e-03
1.667288332003933e-07	1.148973e-02	4.521090e-03
1.667378332003934e-07	1.147073e-02	4.522295e-03
1.667468332003934e-07	1.145172e-02	4.523430e-03
1.667558332003934e-07	1.143268e-02	4.524495e-03
1.667612617718219e-07	1.142118e-02	4.525022e-03
1.667666903432505e-07	1.140967e-02	4.525470e-03
1.667721189146791e-07	1.139814e-02	4.525840e-03
1.667775474861077e-07	1.138659e-02	4.526131e-03
1.667829760575363e-07	1.137504e-02	4.526344e-03
1.667884046289649e-07	1.136347e-02	4.526477e-03
1.667938332003934e-07	1.135188e-02	4.526533e-03
1.667992617718220e-07	1.134027e-02	4.526491e-03
1.668046903432506e-07	1.132865e-02	4.526350e-03
1.668101189146791e-07	1.131701e-02	4.526109e-03
1.668155474861077e-07	1.130534e-02	4.525768e-03
1.668209760575363e-07	1.129366e-02	4.525327e-03
1.668264046289649e-07	1.128196e-02	4.524787e-03
1.668318332003935e-07	1.127024e-02	4.524147e-03
1.668658332003935e-07	1.119626e-02	4.517730e-03
1.668781189146792e-07	1.116930e-02	4.514342e-03
1.668904046289650e-07	1.114218e-02	4.510508e-03
1.669026903432507e-07	1.111490e-02	4.506228e-03
1.669149760575364e-07	1.108747e-02	4.501501e-03
1.669272617718221e-07	1.105989e-02	4.496327e-03
1.669395474861079e-07	1.103215e-02	4.490707e-03
1.669518332003936e-07	1.100425e-02	4.484640e-03
1.669718332003936e-07	1.095844e-02	4.473808e-03
1.669918332003936e-07	1.091221e-02	4.462670e-03
1.670118332003937e-07	1.086556e-02	4.451226e-03
1.670318332003937e-07	1.081849e-02	4.439476e-03
1.670518332003937e-07	1.077100e-02	4.427420e-03
1.670718332003937e-07	1.072308e-02	4.415058e-03
1.670918332003938e-07	1.067475e-02	4.402390e-03
1.671075474861081e-07	1.063651e-02	4.392777e-03
1.671232617718224e-07	1.059811e-02	4.383369e-03
1.671389760575367e-07	1.055956e-02	4.374165e-03
1.671546903432510e-07	1.052086e-02	4.365166e-03
1.671704046289653e-07	1.048200e-02	4.356371e-03
1.671861189146796e-07	1.044299e-02	4.347780e-03
1.672018332003939e-07	1.040382e-02	4.339394e-03
1.672186903432510e-07	1.036169e-02	4.330790e-03
1.672355474861082e-07	1.031956e-02	4.322337e-03
1.672524046289654e-07	1.027743e-02	4.314034e-03
1.672692617718225e-07	1.023531e-02	4.305881e-03
1.672861189146797e-07	1.019318e-02	4.297879e-03
1.673029760575368e-07	1.015105e-02	4.290027e-03
1.673198332003940e-07	1.010893e-02	4.282325e-03
1.673522617718226e-07	1.002793e-02	4.268617e-03
1.673846903432512e-07	9.947883e-03	4.252740e-03
1.674171189146798e-07	9.868785e-03	4.234696e-03
1.674495474861085e-07	9.790636e-03	4.214483e-03
1.674819760575371e-07	9.713435e-03	4.192101e-03
1.675144046289657e-07	9.637183e-03	4.167552e-03
1.675468332003943e-07	9.561880e-03	4.140834e-03
1.675748332003943e-07	9.498212e-03	4.113732e-03
1.676028332003943e-07	9.435689e-03	4.082334e-03
1.676308332003944e-07	9.374311e-03	4.046642e-03
1.676588332003944e-07	9.314077e-03	4.006654e-03
1.676868332003944e-07	9.254988e-03	3.962371e-03
1.677148332003945e-07	9.197045e-03	3.913793e-03
1.677428332003945e-07	9.140246e-03	3.860920e-03
1.677636903432517e-07	9.098750e-03	3.817841e-03
1.677845474861088e-07	9.057865e-03	3.771765e-03
1.678054046289660e-07	9.017590e-03	3.722692e-03
1.678262617718231e-07	8.977924e-03	3.670623e-03
1.678471189146803e-07	8.938868e-03	3.615557e-03
1.678679760575375e-07	8.900423e-03	3.557495e-03
1.678888332003947e-07	8.862587e-03	3.496437e-03
1.678898332003947e-07	8.860786e-03	3.493429e-03
1.679386903432519e-07	8.775089e-03	3.336435e-03
1.679875474861091e-07	8.691352e-03	3.163997e-03
1.680364046289663e-07	8.609576e-03	2.976112e-03
1.680852617718234e-07	8.529760e-03	2.772782e-03
1.681341189146806e-07	8.451905e-03	2.554007e-03
1.681829760575378e-07	8.376010e-03	2.319785e-03
1.682318332003950e-07	8.302076e-03	2.070119e-03
1.683014046289666e-07	8.198645e-03	1.688042e-03
1.683709760575381e-07	8.093957e-03	1.291134e-03
1.684405474861096e-07	7.988012e-03	8.793945e-04
1.685101189146811e-07	7.880810e-03	4.528227e-04
1.685796903432526e-07	7.772351e-03	1.141899e-05
1.686492617718241e-07	7.662635e-03	-4.448165e-04
1.687188332003956e-07	7.551662e-03	-9.158839e-04
1.687465474861099e-07	7.506006e-03	-1.102448e-03
1.687742617718242e-07	7.459797e-03	-1.289287e-03
1.688019760575385e-07	7.413034e-03	-1.476401e-03
1.688296903432529e-07	7.365718e-03	-1.663790e-03
1.688574046289672e-07	7.317849e-03	-1.851454e-03
1.688851189146815e-07	7.269426e-03	-2.039392e-03
1.689128332003958e-07	7.220450e-03	-2.227605e-03
1.689138332003958e-07	7.218671e-03	-2.234382e-03
1.690086903432531e-07	7.045584e-03	-2.882255e-03
1.691035474861103e-07	6.866196e-03	-3.516193e-03
1.691984046289676e-07	6.680507e-03	-4.136195e-03
1.692932617718248e-07	6.488517e-03	-4.742262e-03
1.693881189146821e-07	6.290226e-03	-5.334393e-03
1.694829760575393e-07	6.085634e-03	-5.912589e-03
1.695778332003966e-07	5.874740e-03	-6.476849e-03
1.698018332003968e-07	5.362371e-03	-7.713923e-03
1.698038332003968e-07	5.357707e-03	-7.724608e-03
1.698058332003968e-07	5.353042e-03	-7.734883e-03
1.698245474861111e-07	5.309300e-03	-7.832838e-03
1.698432617718254e-07	5.265647e-03	-7.929778e-03
1.698619760575398e-07	5.222085e-03	-8.025704e-03
1.698806903432541e-07	5.178612e-03	-8.120616e-03
1.698994046289684e-07	5.135229e-03	-8.214513e-03
1.699181189146827e-07	5.091937e-03	-8.307396e-03
1.699368332003970e-07	5.048734e-03	-8.399265e-03
1.699378332003970e-07	5.046428e-03	-8.404140e-03
1.699718332003970e-07	4.968048e-03	-8.566054e-03
1.700058332003971e-07	4.889620e-03	-8.726903e-03
1.700398332003971e-07	4.811143e-03	-8.886688e-03
1.700738332003971e-07	4.732617e-03	-9.045409e-03
1.701078332003972e-07	4.654043e-03	-9.203066e-03
1.701418332003972e-07	4.575421e-03	-9.359659e-03
1.701758332003973e-07	4.496749e-03	-9.515189e-03
1.702075474861116e-07	4.423333e-03	-9.663666e-03
1.702392617718259e-07	4.351034e-03	-9.815171e-03
1.702709760575402e-07	4.279852e-03	-9.969705e-03
1.703026903432545e-07	4.209786e-03	-1.012727e-02
1.703344046289689e-07	4.140837e-03	-1.028786e-02
1.703661189146832e-07	4.073005e-03	-1.045148e-02
1.703978332003975e-07	4.006290e-03	-1.061813e-02
1.704385474861118e-07	3.923580e-03	-1.083963e-02
1.704792617718262e-07	3.844796e-03	-1.106221e-02
1.705199760575405e-07	3.769937e-03	-1.128588e-02
1.705606903432548e-07	3.699004e-03	-1.151064e-02
1.706014046289692e-07	3.631996e-03	-1.173648e-02
1.706421189146835e-07	3.568913e-03	-1.196340e-02
1.706828332003978e-07	3.509755e-03	-1.219141e-02
1.707225474861122e-07	3.456729e-03	-1.240964e-02
1.707622617718265e-07	3.407485e-03	-1.262055e-02
1.708019760575408e-07	3.362024e-03	-1.282416e-02
1.708416903432552e-07	3.320346e-03	-1.302046e-02
1.708814046289695e-07	3.282452e-03	-1.320946e-02
1.709211189146838e-07	3.248340e-03	-1.339114e-02
1.709608332003981e-07	3.218011e-03	-1.356552e-02
1.709618332003981e-07	3.217284e-03	-1.356972e-02
1.710008332003982e-07	3.190915e-03	-1.372912e-02
1.710398332003982e-07	3.167229e-03	-1.387790e-02
1.710788332003983e-07	3.146226e-03	-1.401606e-02
1.711178332003983e-07	3.127906e-03	-1.414360e-02
1.711568332003984e-07	3.112269e-03	-1.426052e-02
1.711958332003984e-07	3.099315e-03	-1.436682e-02
1.712348332003985e-07	3.089043e-03	-1.446250e-02
1.712618332003985e-07	3.083059e-03	-1.452216e-02
1.712888332003985e-07	3.077965e-03	-1.457709e-02
1.713158332003985e-07	3.073760e-03	-1.462729e-02
1.713428332003986e-07	3.070445e-03	-1.467275e-02
1.713698332003986e-07	3.068020e-03	-1.471348e-02
1.713968332003986e-07	3.066484e-03	-1.474947e-02
1.714238332003987e-07	3.065837e-03	-1.478073e-02
1.714402617718272e-07	3.065771e-03	-1.479773e-02
1.714566903432559e-07	3.065956e-03	-1.481325e-02
1.714731189146844e-07	3.066392e-03	-1.482731e-02
1.714895474861130e-07	3.067079e-03	-1.483989e-02
1.715059760575416e-07	3.068016e-03	-1.485101e-02
1.715224046289702e-07	3.069205e-03	-1.486065e-02
1.715388332003988e-07	3.070645e-03	-1.486882e-02
1.715742617718274e-07	3.074614e-03	-1.488115e-02
1.716096903432560e-07	3.079414e-03	-1.488854e-02
1.716451189146846e-07	3.085046e-03	-1.489098e-02
1.716805474861133e-07	3.091509e-03	-1.488848e-02
1.717159760575419e-07	3.098803e-03	-1.488103e-02
1.717514046289705e-07	3.106929e-03	-1.486864e-02
1.717868332003991e-07	3.115886e-03	-1.485130e-02
1.718151189146848e-07	3.123445e-03	-1.483515e-02
1.718434046289706e-07	3.131340e-03	-1.481727e-02
1.718716903432563e-07	3.139572e-03	-1.479768e-02
1.718999760575421e-07	3.148140e-03	-1.477636e-02
1.719282617718278e-07	3.157045e-03	-1.475331e-02
1.719565474861136e-07	3.166287e-03	-1.472855e-02
1.719848332003993e-07	3.175866e-03	-1.470206e-02
1.719858332003993e-07	3.176207e-03	-1.470111e-02
1.720335474861137e-07	3.193067e-03	-1.465308e-02
1.720812617718280e-07	3.210442e-03	-1.460387e-02
1.721289760575423e-07	3.228332e-03	-1.455351e-02
1.721766903432567e-07	3.246737e-03	-1.450198e-02
1.722244046289710e-07	3.265658e-03	-1.444928e-02
1.722721189146853e-07	3.285093e-03	-1.439543e-02
1.723198332003997e-07	3.305045e-03	-1.434040e-02
1.723714046289712e-07	3.326915e-03	-1.428212e-02
1.724229760575427e-07	3.348953e-03	-1.422576e-02
1.724745474861142e-07	3.371158e-03	-1.417134e-02
1.725261189146856e-07	3.393531e-03	-1.411885e-02
1.725776903432571e-07	3.416070e-03	-1.406829e-02
1.726292617718286e-07	3.438778e-03	-1.401966e-02
1.726808332004001e-07	3.461653e-03	-1.397296e-02
1.727276903432573e-07	3.482394e-03	-1.393346e-02
1.727745474861145e-07	3.503055e-03	-1.389652e-02
1.728214046289717e-07	3.523635e-03	-1.386215e-02
1.728682617718289e-07	3.544133e-03	-1.383034e-02
1.729151189146861e-07	3.564550e-03	-1.380109e-02
1.729619760575433e-07	3.584887e-03	-1.377441e-02
1.730088332004005e-07	3.605142e-03	-1.375029e-02
1.730098332004005e-07	3.605571e-03	-1.374981e-02
1.730588332004005e-07	3.626566e-03	-1.372769e-02
1.731078332004006e-07	3.647332e-03	-1.370833e-02
1.731568332004006e-07	3.667870e-03	-1.369174e-02
1.732058332004007e-07	3.688181e-03	-1.367791e-02
1.732548332004007e-07	3.708264e-03	-1.366683e-02
1.733038332004008e-07	3.728119e-03	-1.365852e-02
1.733528332004009e-07	3.747747e-03	-1.365297e-02
1.733994046289723e-07	3.766130e-03	-1.365011e-02
1.734459760575438e-07	3.784240e-03	-1.364927e-02
1.734925474861153e-07	3.802079e-03	-1.365046e-02
1.735391189146868e-07	3.819645e-03	-1.365366e-02
1.735856903432583e-07	3.836939e-03	-1.365889e-02
1.736322617718297e-07	3.853961e-03	-1.366615e-02
1.736788332004012e-07	3.870710e-03	-1.367543e-02
1.737294046289727e-07	3.888560e-03	-1.368751e-02
1.737799760575442e-07	3.906059e-03	-1.370127e-02
1.738305474861157e-07	3.923208e-03	-1.371669e-02
1.738811189146872e-07	3.940005e-03	-1.373379e-02
1.739316903432587e-07	3.956452e-03	-1.375255e-02
1.739822617718301e-07	3.972548e-03	-1.377299e-02
1.740328332004016e-07	3.988294e-03	-1.379509e-02
1.740338332004016e-07	3.988602e-03	-1.379554e-02
1.741358332004017e-07	4.019198e-03	-1.384520e-02
1.742378332004019e-07	4.048433e-03	-1.389763e-02
1.743398332004020e-07	4.076308e-03	-1.395281e-02
1.744418332004021e-07	4.102821e-03	-1.401075e-02
1.745438332004022e-07	4.127974e-03	-1.407146e-02
1.746458332004023e-07	4.151765e-03	-1.413493e-02
1.747478332004024e-07	4.174196e-03	-1.420115e-02
1.747919760575453e-07	4.183544e-03	-1.422947e-02
1.748361189146882e-07	4.192674e-03	-1.425781e-02
1.748802617718311e-07	4.201585e-03	-1.428616e-02
1.749244046289741e-07	4.210277e-03	-1.431453e-02
1.749685474861170e-07	4.218751e-03	-1.434292e-02
1.750126903432599e-07	4.227007e-03	-1.437132e-02
1.750568332004028e-07	4.235044e-03	-1.439975e-02
1.750578332004028e-07	4.235224e-03	-1.440039e-02
1.751834046289744e-07	4.256776e-03	-1.448132e-02
1.753089760575459e-07	4.276972e-03	-1.456008e-02
1.754345474861175e-07	4.295812e-03	-1.463667e-02
1.755601189146891e-07	4.313297e-03	-1.471109e-02
1.756856903432606e-07	4.329426e-03	-1.478335e-02
1.758112617718322e-07	4.344199e-03	-1.485344e-02
1.759368332004038e-07	4.357616e-03	-1.492137e-02
1.760818332004039e-07	4.372026e-03	-1.499536e-02
1.762279760575470e-07	4.384990e-03	-1.506571e-02
1.763741189146900e-07	4.396967e-03	-1.513208e-02
1.765202617718330e-07	4.407957e-03	-1.519448e-02
1.766664046289761e-07	4.417961e-03	-1.525290e-02
1.768125474861191e-07	4.426979e-03	-1.530736e-02
1.769586903432621e-07	4.435010e-03	-1.535784e-02
1.771048332004051e-07	4.442055e-03	-1.540436e-02
1.771058332004051e-07	4.442102e-03	-1.540466e-02
1.772519760575481e-07	4.448525e-03	-1.544743e-02
1.773981189146911e-07	4.454442e-03	-1.548731e-02
1.775442617718342e-07	4.459856e-03	-1.552429e-02
1.776904046289772e-07	4.464766e-03	-1.555839e-02
1.778365474861202e-07	4.469171e-03	-1.558959e-02
1.779826903432633e-07	4.473072e-03	-1.561790e-02
1.781288332004063e-07	4.476468e-03	-1.564332e-02
1.781298332004063e-07	4.476491e-03	-1.564349e-02
1.782759760575493e-07	4.479588e-03	-1.566672e-02
1.784221189146923e-07	4.482439e-03	-1.568823e-02
1.785682617718353e-07	4.485043e-03	-1.570802e-02
1.787144046289784e-07	4.487400e-03	-1.572608e-02
1.788605474861214e-07	4.489511e-03	-1.574242e-02
1.790066903432644e-07	4.491375e-03	-1.575703e-02
1.791528332004074e-07	4.492992e-03	-1.576993e-02
1.791538332004074e-07	4.493003e-03	-1.577001e-02
1.792999760575505e-07	4.494479e-03	-1.578175e-02
1.794461189146935e-07	4.495836e-03	-1.579257e-02
1.795922617718365e-07	4.497075e-03	-1.580247e-02
1.797384046289795e-07	4.498196e-03	-1.581145e-02
1.798845474861226e-07	4.499198e-03	-1.581950e-02
1.800306903432656e-07	4.500083e-03	-1.582663e-02
1.801768332004086e-07	4.500849e-03	-1.583285e-02
1.801778332004086e-07	4.500854e-03	-1.583289e-02
1.803239760575516e-07	4.501553e-03	-1.583853e-02
1.804701189146946e-07	4.502197e-03	-1.584371e-02
1.806162617718377e-07	4.502784e-03	-1.584843e-02
1.807624046289807e-07	4.503314e-03	-1.585270e-02
1.809085474861237e-07	4.503789e-03	-1.585650e-02
1.810546903432667e-07	4.504208e-03	-1.585984e-02
1.812008332004098e-07	4.504570e-03	-1.586272e-02
1.812018332004098e-07	4.504573e-03	-1.586274e-02
1.813479760575528e-07	4.504904e-03	-1.586535e-02
1.814941189146958e-07	4.505208e-03	-1.586774e-02
1.816402617718388e-07	4.505485e-03	-1.586992e-02
1.817864046289819e-07	4.505736e-03	-1.587187e-02
1.819325474861249e-07	4.505961e-03	-1.587361e-02
1.820786903432679e-07	4.506158e-03	-1.587513e-02
1.822248332004109e-07	4.506330e-03	-1.587642e-02
1.822258332004109e-07	4.506331e-03	-1.587643e-02
1.823719760575539e-07	4.506487e-03	-1.587761e-02
1.825181189146970e-07	4.506630e-03	-1.587868e-02
1.826642617718400e-07	4.506761e-03	-1.587966e-02
1.828104046289830e-07	4.506880e-03	-1.588053e-02
1.829565474861260e-07	4.506986e-03	-1.588130e-02
1.831026903432691e-07	4.507079e-03	-1.588198e-02
1.832488332004121e-07	4.507160e-03	-1.588255e-02
1.832498332004121e-07	4.507160e-03	-1.588255e-02
1.833959760575551e-07	4.507234e-03	-1.588307e-02
1.835421189146981e-07	4.507301e-03	-1.588354e-02
1.836882617718411e-07	4.507363e-03	-1.588397e-02
1.838344046289842e-07	4.507418e-03	-1.588435e-02
1.839805474861272e-07	4.507468e-03	-1.588469e-02
1.841266903432702e-07	4.507512e-03	-1.588498e-02
1.842728332004132e-07	4.507550e-03	-1.588522e-02
1.842738332004132e-07	4.507550e-03	-1.588523e-02
1.848808332004139e-07	4.507674e-03	-1.588602e-02
1.848838332004139e-07	4.507675e-03	-1.588603e-02
1.848868332004139e-07	4.507674e-03	-1.588603e-02
1.848898332004139e-07	4.507673e-03	-1.588603e-02
1.848928332004139e-07	4.507669e-03	-1.588604e-02
1.848956903432711e-07	4.507664e-03	-1.588604e-02
1.848985474861282e-07	4.507657e-03	-1.588605e-02
1.849014046289854e-07	4.507646e-03	-1.588605e-02
1.849042617718425e-07	4.507632e-03	-1.588606e-02
1.849071189146997e-07	4.507616e-03	-1.588607e-02
1.849099760575568e-07	4.507596e-03	-1.588608e-02
1.849128332004140e-07	4.507573e-03	-1.588610e-02
1.849169760575568e-07	4.507534e-03	-1.588612e-02
1.849211189146997e-07	4.507486e-03	-1.588616e-02
1.849252617718425e-07	4.507429e-03	-1.588620e-02
1.849294046289854e-07	4.507364e-03	-1.588626e-02
1.849335474861283e-07	4.507291e-03	-1.588633e-02
1.849376903432711e-07	4.507209e-03	-1.588641e-02
1.849418332004140e-07	4.507119e-03	-1.588650e-02
1.849486903432712e-07	4.506947e-03	-1.588668e-02
1.849555474861283e-07	4.506757e-03	-1.588692e-02
1.849624046289855e-07	4.506546e-03	-1.588723e-02
1.849692617718426e-07	4.506317e-03	-1.588760e-02
1.849761189146997e-07	4.506067e-03	-1.588803e-02
1.849829760575569e-07	4.505799e-03	-1.588853e-02
1.849898332004141e-07	4.505511e-03	-1.588909e-02
1.849978332004141e-07	4.505156e-03	-1.588986e-02
1.850058332004141e-07	4.504790e-03	-1.589074e-02
1.850138332004141e-07	4.504412e-03	-1.589173e-02
1.850218332004141e-07	4.504023e-03	-1.589284e-02
1.850298332004141e-07	4.503622e-03	-1.589407e-02
1.850378332004141e-07	4.503210e-03	-1.589540e-02
1.850458332004141e-07	4.502786e-03	-1.589686e-02
1.850549760575570e-07	4.502301e-03	-1.589867e-02
1.850641189146998e-07	4.501810e-03	-1.590061e-02
1.850732617718427e-07	4.501314e-03	-1.590266e-02
1.850824046289856e-07	4.500813e-03	-1.590483e-02
1.850915474861285e-07	4.500307e-03	-1.590712e-02
1.851006903432713e-07	4.499796e-03	-1.590952e-02
1.851098332004142e-07	4.499280e-03	-1.591205e-02
1.851206903432713e-07	4.498669e-03	-1.591517e-02
1.851315474861285e-07	4.498030e-03	-1.591834e-02
1.851424046289857e-07	4.497364e-03	-1.592156e-02
1.851532617718428e-07	4.496669e-03	-1.592482e-02
1.851641189147000e-07	4.495946e-03	-1.592813e-02
1.851749760575571e-07	4.495195e-03	-1.593148e-02
1.851858332004143e-07	4.494416e-03	-1.593487e-02
1.851988332004143e-07	4.493434e-03	-1.593890e-02
1.852118332004143e-07	4.492329e-03	-1.594281e-02
1.852248332004143e-07	4.491102e-03	-1.594660e-02
1.852378332004143e-07	4.489753e-03	-1.595028e-02
1.852508332004143e-07	4.488282e-03	-1.595384e-02
1.852638332004144e-07	4.486688e-03	-1.595729e-02
1.852768332004144e-07	4.484972e-03	-1.596062e-02
1.852978332004144e-07	4.481770e-03	-1.596558e-02
1.853098332004144e-07	4.479738e-03	-1.596819e-02
1.853218332004144e-07	4.477505e-03	-1.597068e-02
1.853338332004144e-07	4.475070e-03	-1.597305e-02
1.853458332004145e-07	4.472434e-03	-1.597530e-02
1.853578332004145e-07	4.469596e-03	-1.597742e-02
1.853698332004145e-07	4.466556e-03	-1.597942e-02
1.853818332004145e-07	4.463315e-03	-1.598130e-02
1.853969760575574e-07	4.458892e-03	-1.598348e-02
1.854121189147002e-07	4.454055e-03	-1.598567e-02
1.854272617718431e-07	4.448803e-03	-1.598789e-02
1.854424046289860e-07	4.443137e-03	-1.599013e-02
1.854575474861289e-07	4.437056e-03	-1.599238e-02
1.854726903432717e-07	4.430561e-03	-1.599465e-02
1.854878332004146e-07	4.423651e-03	-1.599695e-02
1.855074046289861e-07	4.414044e-03	-1.600009e-02
1.855269760575575e-07	4.403655e-03	-1.600393e-02
1.855465474861290e-07	4.392485e-03	-1.600846e-02
1.855661189147004e-07	4.380533e-03	-1.601368e-02
1.855856903432719e-07	4.367800e-03	-1.601959e-02
1.856052617718433e-07	4.354286e-03	-1.602620e-02
1.856248332004148e-07	4.339991e-03	-1.603350e-02
1.856439760575576e-07	4.325224e-03	-1.604175e-02
1.856631189147005e-07	4.309691e-03	-1.605119e-02
1.856822617718434e-07	4.293392e-03	-1.606180e-02
1.857014046289863e-07	4.276327e-03	-1.607358e-02
1.857205474861292e-07	4.258496e-03	-1.608655e-02
1.857396903432720e-07	4.239898e-03	-1.610069e-02
1.857588332004149e-07	4.220535e-03	-1.611601e-02
1.857836903432721e-07	4.194263e-03	-1.613808e-02
1.858085474861293e-07	4.166672e-03	-1.616220e-02
1.858334046289864e-07	4.137760e-03	-1.618839e-02
1.858582617718436e-07	4.107530e-03	-1.621664e-02
1.858831189147008e-07	4.075979e-03	-1.624695e-02
1.859079760575579e-07	4.043109e-03	-1.627932e-02
1.859328332004151e-07	4.008919e-03	-1.631375e-02
1.859882617718437e-07	3.928408e-03	-1.640104e-02
1.860436903432724e-07	3.840184e-03	-1.649053e-02
1.860991189147010e-07	3.744245e-03	-1.658224e-02
1.861545474861297e-07	3.640592e-03	-1.667616e-02
1.862099760575583e-07	3.529225e-03	-1.677228e-02
1.862654046289869e-07	3.410144e-03	-1.687062e-02
1.863208332004156e-07	3.283349e-03	-1.697117e-02
1.863218332004156e-07	3.280968e-03	-1.697286e-02
1.863574046289870e-07	3.194537e-03	-1.703280e-02
1.863929760575585e-07	3.104324e-03	-1.708986e-02
1.864285474861300e-07	3.010332e-03	-1.714405e-02
1.864641189147014e-07	2.912560e-03	-1.719537e-02
1.864996903432729e-07	2.811007e-03	-1.724381e-02
1.865352617718444e-07	2.705674e-03	-1.728938e-02
1.865708332004158e-07	2.596561e-03	-1.733208e-02
1.866022617718444e-07	2.496820e-03	-1.736634e-02
1.866336903432731e-07	2.394092e-03	-1.739769e-02
1.866651189147017e-07	2.288376e-03	-1.742615e-02
1.866965474861303e-07	2.179673e-03	-1.745170e-02
1.867279760575589e-07	2.067983e-03	-1.747435e-02
1.867594046289875e-07	1.953305e-03	-1.749410e-02
1.867908332004161e-07	1.835640e-03	-1.751095e-02
1.868154046289876e-07	1.741611e-03	-1.752207e-02
1.868399760575590e-07	1.645893e-03	-1.753159e-02
1.868645474861305e-07	1.548486e-03	-1.753951e-02
1.868891189147019e-07	1.449391e-03	-1.754584e-02
1.869136903432734e-07	1.348606e-03	-1.755057e-02
1.869382617718448e-07	1.246133e-03	-1.755371e-02
1.869628332004163e-07	1.141971e-03	-1.755526e-02
1.869894046289878e-07	1.027499e-03	-1.755525e-02
1.870159760575592e-07	9.113175e-04	-1.755383e-02
1.870425474861307e-07	7.934266e-04	-1.755100e-02
1.870691189147021e-07	6.738263e-04	-1.754676e-02
1.870956903432736e-07	5.525166e-04	-1.754110e-02
1.871222617718450e-07	4.294975e-04	-1.753403e-02
1.871488332004165e-07	3.047690e-04	-1.752555e-02
1.871768332004165e-07	1.716328e-04	-1.751535e-02
1.872048332004166e-07	3.700020e-05	-1.750420e-02
1.872328332004166e-07	-9.912890e-05	-1.749211e-02
1.872608332004166e-07	-2.367545e-04	-1.747907e-02
1.872888332004167e-07	-3.758765e-04	-1.746508e-02
1.873168332004167e-07	-5.164950e-04	-1.745015e-02
1.873448332004167e-07	-6.586100e-04	-1.743426e-02
1.873458332004167e-07	-6.637038e-04	-1.743369e-02
1.873959760575596e-07	-9.220725e-04	-1.740307e-02
1.874461189147025e-07	-1.183197e-03	-1.737190e-02
1.874962617718455e-07	-1.447077e-03	-1.734016e-02
1.875464046289884e-07	-1.713714e-03	-1.730787e-02
1.875965474861313e-07	-1.983106e-03	-1.727502e-02
1.876466903432742e-07	-2.255254e-03	-1.724161e-02
1.876968332004171e-07	-2.530158e-03	-1.720764e-02
1.877462617718457e-07	-2.802447e-03	-1.717524e-02
1.877956903432744e-07	-3.075046e-03	-1.714414e-02
1.878451189147030e-07	-3.347956e-03	-1.711436e-02
1.878945474861316e-07	-3.621175e-03	-1.708588e-02
1.879439760575603e-07	-3.894705e-03	-1.705871e-02
1.879934046289889e-07	-4.168544e-03	-1.703284e-02
1.880428332004175e-07	-4.442694e-03	-1.700829e-02
1.880898332004176e-07	-4.702009e-03	-1.698694e-02
1.880918332004176e-07	-4.713034e-03	-1.698603e-02
1.880969760575604e-07	-4.741356e-03	-1.698380e-02
1.881021189147033e-07	-4.769667e-03	-1.698161e-02
1.881072617718461e-07	-4.797966e-03	-1.697948e-02
1.881124046289890e-07	-4.826254e-03	-1.697741e-02
1.881175474861319e-07	-4.854531e-03	-1.697539e-02
1.881226903432747e-07	-4.882796e-03	-1.697343e-02
1.881278332004176e-07	-4.911050e-03	-1.697152e-02
1.881341189147033e-07	-4.945567e-03	-1.696932e-02
1.881404046289891e-07	-4.980062e-03	-1.696723e-02
1.881466903432748e-07	-5.014535e-03	-1.696525e-02
1.881529760575605e-07	-5.048987e-03	-1.696338e-02
1.881592617718462e-07	-5.083417e-03	-1.696162e-02
1.881655474861319e-07	-5.117825e-03	-1.695996e-02
1.881718332004177e-07	-5.152212e-03	-1.695842e-02
1.881839760575605e-07	-5.218590e-03	-1.695583e-02
1.881961189147034e-07	-5.284842e-03	-1.695330e-02
1.882082617718463e-07	-5.350968e-03	-1.695082e-02
1.882204046289892e-07	-5.416968e-03	-1.694839e-02
1.882325474861320e-07	-5.482841e-03	-1.694602e-02
1.882446903432749e-07	-5.548589e-03	-1.694370e-02
1.882568332004178e-07	-5.614210e-03	-1.694143e-02
1.882654046289892e-07	-5.660425e-03	-1.693962e-02
1.882739760575606e-07	-5.706543e-03	-1.693765e-02
1.882825474861321e-07	-5.752564e-03	-1.693552e-02
1.882911189147035e-07	-5.798489e-03	-1.693323e-02
1.882996903432750e-07	-5.844317e-03	-1.693078e-02
1.883082617718464e-07	-5.890049e-03	-1.692818e-02
1.883168332004178e-07	-5.935684e-03	-1.692542e-02
1.883698332004179e-07	-6.215189e-03	-1.690370e-02
1.883858332004179e-07	-6.298638e-03	-1.689547e-02
1.884018332004179e-07	-6.381566e-03	-1.688675e-02
1.884178332004179e-07	-6.463971e-03	-1.687755e-02
1.884338332004180e-07	-6.545855e-03	-1.686787e-02
1.884498332004180e-07	-6.627217e-03	-1.685770e-02
1.884658332004180e-07	-6.708057e-03	-1.684704e-02
1.884818332004180e-07	-6.788374e-03	-1.683590e-02
1.885004046289895e-07	-6.880854e-03	-1.682266e-02
1.885189760575609e-07	-6.972594e-03	-1.680955e-02
1.885375474861324e-07	-7.063595e-03	-1.679659e-02
1.885561189147038e-07	-7.153857e-03	-1.678377e-02
1.885746903432753e-07	-7.243380e-03	-1.677109e-02
1.885932617718467e-07	-7.332163e-03	-1.675855e-02
1.886118332004182e-07	-7.420206e-03	-1.674615e-02
1.886274046289896e-07	-7.493475e-03	-1.673629e-02
1.886429760575610e-07	-7.566308e-03	-1.672681e-02
1.886585474861325e-07	-7.638705e-03	-1.671770e-02
1.886741189147039e-07	-7.710666e-03	-1.670898e-02
1.886896903432754e-07	-7.782190e-03	-1.670063e-02
1.887052617718468e-07	-7.853279e-03	-1.669265e-02
1.887208332004183e-07	-7.923931e-03	-1.668506e-02
1.887372617718469e-07	-7.998052e-03	-1.667756e-02
1.887536903432755e-07	-8.071833e-03	-1.667032e-02
1.887701189147040e-07	-8.145271e-03	-1.666333e-02
1.887865474861326e-07	-8.218368e-03	-1.665661e-02
1.888029760575612e-07	-8.291124e-03	-1.665014e-02
1.888194046289898e-07	-8.363539e-03	-1.664393e-02
1.888358332004184e-07	-8.435612e-03	-1.663797e-02
1.888752617718470e-07	-8.607154e-03	-1.662625e-02
1.889146903432756e-07	-8.778022e-03	-1.661096e-02
1.889541189147043e-07	-8.948216e-03	-1.659210e-02
1.889935474861329e-07	-9.117735e-03	-1.656966e-02
1.890329760575615e-07	-9.286581e-03	-1.654364e-02
1.890724046289901e-07	-9.454752e-03	-1.651405e-02
1.891118332004187e-07	-9.622249e-03	-1.648089e-02
1.891396903432759e-07	-9.740810e-03	-1.645172e-02
1.891675474861331e-07	-9.859305e-03	-1.641802e-02
1.891954046289903e-07	-9.977733e-03	-1.637979e-02
1.892232617718474e-07	-1.009609e-02	-1.633703e-02
1.892511189147046e-07	-1.021439e-02	-1.628973e-02
1.892789760575618e-07	-1.033262e-02	-1.623790e-02
1.893068332004189e-07	-1.045078e-02	-1.618154e-02
1.893938332004190e-07	-1.081873e-02	-1.597069e-02
1.894406903432762e-07	-1.101666e-02	-1.583470e-02
1.894875474861334e-07	-1.121295e-02	-1.568480e-02
1.895344046289906e-07	-1.140759e-02	-1.552101e-02
1.895812617718478e-07	-1.160060e-02	-1.534331e-02
1.896281189147050e-07	-1.179196e-02	-1.515172e-02
1.896749760575622e-07	-1.198168e-02	-1.494623e-02
1.897218332004194e-07	-1.216975e-02	-1.472683e-02
1.898076903432767e-07	-1.250861e-02	-1.428451e-02
1.898935474861339e-07	-1.283424e-02	-1.382258e-02
1.899794046289911e-07	-1.314664e-02	-1.334104e-02
1.900652617718484e-07	-1.344580e-02	-1.283989e-02
1.901511189147056e-07	-1.373174e-02	-1.231913e-02
1.902369760575629e-07	-1.400444e-02	-1.177876e-02
1.903228332004201e-07	-1.426392e-02	-1.121878e-02
1.904178332004202e-07	-1.453106e-02	-1.061058e-02
1.905118332004203e-07	-1.477531e-02	-1.000382e-02
1.906058332004204e-07	-1.500328e-02	-9.409956e-03
1.906998332004205e-07	-1.521498e-02	-8.829004e-03
1.907938332004206e-07	-1.541040e-02	-8.260958e-03
1.908878332004207e-07	-1.558954e-02	-7.705819e-03
1.909818332004208e-07	-1.575240e-02	-7.163587e-03
1.910758332004210e-07	-1.589899e-02	-6.634262e-03
1.911279760575639e-07	-1.597526e-02	-6.351618e-03
1.911801189147068e-07	-1.604805e-02	-6.075187e-03
1.912322617718497e-07	-1.611737e-02	-5.804970e-03
1.912844046289926e-07	-1.618322e-02	-5.540966e-03
1.913365474861355e-07	-1.624559e-02	-5.283176e-03
1.913886903432785e-07	-1.630450e-02	-5.031600e-03
1.914408332004214e-07	-1.635993e-02	-4.786237e-03
1.914418332004214e-07	-1.636097e-02	-4.781596e-03
1.915348332004215e-07	-1.645152e-02	-4.361098e-03
1.916278332004216e-07	-1.653557e-02	-3.959872e-03
1.917208332004217e-07	-1.661312e-02	-3.577918e-03
1.918138332004218e-07	-1.668416e-02	-3.215236e-03
1.919068332004219e-07	-1.674869e-02	-2.871825e-03
1.919998332004220e-07	-1.680672e-02	-2.547686e-03
1.920928332004221e-07	-1.685824e-02	-2.242819e-03
1.921459760575650e-07	-1.688650e-02	-2.076196e-03
1.921991189147079e-07	-1.691365e-02	-1.914884e-03
1.922522617718508e-07	-1.693970e-02	-1.758883e-03
1.923054046289938e-07	-1.696465e-02	-1.608194e-03
1.923585474861367e-07	-1.698850e-02	-1.462816e-03
1.924116903432796e-07	-1.701125e-02	-1.322749e-03
1.924648332004225e-07	-1.703290e-02	-1.187994e-03
1.924658332004225e-07	-1.703330e-02	-1.185500e-03
1.925549760575655e-07	-1.706753e-02	-9.714221e-04
1.926441189147084e-07	-1.710019e-02	-7.690644e-04
1.927332617718514e-07	-1.713130e-02	-5.784267e-04
1.928224046289944e-07	-1.716084e-02	-3.995088e-04
1.929115474861373e-07	-1.718882e-02	-2.323108e-04
1.930006903432803e-07	-1.721524e-02	-7.683272e-05
1.930898332004232e-07	-1.724010e-02	6.692550e-05
1.931468332004233e-07	-1.725570e-02	1.542515e-04
1.932038332004234e-07	-1.727098e-02	2.380207e-04
1.932608332004234e-07	-1.728594e-02	3.182332e-04
1.933178332004235e-07	-1.730058e-02	3.948889e-04
1.933748332004236e-07	-1.731491e-02	4.679878e-04
1.934318332004236e-07	-1.732891e-02	5.375300e-04
1.934888332004237e-07	-1.734260e-02	6.035155e-04
1.934898332004237e-07	-1.734284e-02	6.046502e-04
1.936184046289953e-07	-1.737272e-02	7.400443e-04
1.937469760575668e-07	-1.740166e-02	8.635380e-04
1.938755474861384e-07	-1.742967e-02	9.751312e-04
1.940041189147100e-07	-1.745673e-02	1.074824e-03
1.941326903432816e-07	-1.748285e-02	1.162616e-03
1.942612617718531e-07	-1.750802e-02	1.238508e-03
1.943898332004247e-07	-1.753226e-02	1.302500e-03
1.945138332004249e-07	-1.755500e-02	1.358482e-03
1.946204046289964e-07	-1.757395e-02	1.399869e-03
1.947269760575679e-07	-1.759235e-02	1.437124e-03
1.948335474861395e-07	-1.761022e-02	1.470246e-03
1.949401189147110e-07	-1.762755e-02	1.499236e-03
1.950466903432826e-07	-1.764433e-02	1.524094e-03
1.951532617718541e-07	-1.766057e-02	1.544819e-03
1.952598332004257e-07	-1.767627e-02	1.561412e-03
1.952994046289972e-07	-1.768196e-02	1.567037e-03
1.953389760575686e-07	-1.768758e-02	1.572279e-03
1.953785474861401e-07	-1.769313e-02	1.577138e-03
1.954181189147116e-07	-1.769860e-02	1.581612e-03
1.954576903432831e-07	-1.770400e-02	1.585703e-03
1.954972617718545e-07	-1.770933e-02	1.589411e-03
1.955368332004260e-07	-1.771458e-02	1.592734e-03
1.955378332004260e-07	-1.771471e-02	1.592814e-03
1.956139760575690e-07	-1.772460e-02	1.598130e-03
1.956901189147119e-07	-1.773423e-02	1.602409e-03
1.957662617718548e-07	-1.774359e-02	1.605650e-03
1.958424046289978e-07	-1.775269e-02	1.607854e-03
1.959185474861407e-07	-1.776153e-02	1.609021e-03
1.959946903432837e-07	-1.777010e-02	1.609151e-03
1.960708332004266e-07	-1.777842e-02	1.608243e-03
1.961408332004267e-07	-1.778583e-02	1.606725e-03
1.962108332004268e-07	-1.779304e-02	1.604625e-03
1.962808332004269e-07	-1.780005e-02	1.601942e-03
1.963508332004269e-07	-1.780686e-02	1.598676e-03
1.964208332004270e-07	-1.781346e-02	1.594828e-03
1.964908332004271e-07	-1.781986e-02	1.590397e-03
1.965608332004272e-07	-1.782605e-02	1.585383e-03
1.965618332004272e-07	-1.782614e-02	1.585309e-03
1.967045474861416e-07	-1.783811e-02	1.573380e-03
1.968472617718561e-07	-1.784938e-02	1.560117e-03
1.969899760575705e-07	-1.785997e-02	1.545520e-03
1.971326903432850e-07	-1.786988e-02	1.529588e-03
1.972754046289994e-07	-1.787909e-02	1.512323e-03
1.974181189147139e-07	-1.788762e-02	1.493723e-03
1.975608332004283e-07	-1.789545e-02	1.473789e-03
1.975858332004283e-07	-1.789678e-02	1.470269e-03
1.977319760575714e-07	-1.790412e-02	1.449000e-03
1.978781189147144e-07	-1.791097e-02	1.427141e-03
1.980242617718574e-07	-1.791735e-02	1.404691e-03
1.981704046290004e-07	-1.792325e-02	1.381650e-03
1.983165474861435e-07	-1.792867e-02	1.358019e-03
1.984626903432865e-07	-1.793361e-02	1.333796e-03
1.986088332004295e-07	-1.793806e-02	1.308984e-03
1.986098332004295e-07	-1.793809e-02	1.308814e-03
1.987559760575725e-07	-1.794220e-02	1.283711e-03
1.989021189147155e-07	-1.794601e-02	1.258360e-03
1.990482617718586e-07	-1.794953e-02	1.232762e-03
1.991944046290016e-07	-1.795277e-02	1.206915e-03
1.993405474861446e-07	-1.795572e-02	1.180820e-03
1.994866903432876e-07	-1.795838e-02	1.154477e-03
1.996328332004307e-07	-1.796075e-02	1.127886e-03
1.996338332004307e-07	-1.796076e-02	1.127705e-03
1.997799760575737e-07	-1.796294e-02	1.100994e-03
1.999261189147167e-07	-1.796495e-02	1.074179e-03
2.000722617718597e-07	-1.796680e-02	1.047262e-03
2.002184046290028e-07	-1.796849e-02	1.020241e-03
2.003645474861458e-07	-1.797001e-02	9.931166e-04
2.005106903432888e-07	-1.797138e-02	9.658890e-04
2.006568332004318e-07	-1.797259e-02	9.385581e-04
2.006578332004318e-07	-1.797260e-02	9.383711e-04
2.008039760575748e-07	-1.797370e-02	9.109905e-04
2.009501189147179e-07	-1.797471e-02	8.835671e-04
2.010962617718609e-07	-1.797565e-02	8.561009e-04
2.012424046290039e-07	-1.797649e-02	8.285917e-04
2.013885474861469e-07	-1.797725e-02	8.010397e-04
2.015346903432900e-07	-1.797793e-02	7.734448e-04
2.016808332004330e-07	-1.797852e-02	7.458070e-04
2.016818332004330e-07	-1.797853e-02	7.456178e-04
2.018279760575760e-07	-1.797907e-02	7.179595e-04
2.019741189147190e-07	-1.797956e-02	6.902833e-04
2.021202617718620e-07	-1.798002e-02	6.625893e-04
2.022664046290051e-07	-1.798043e-02	6.348776e-04
2.024125474861481e-07	-1.798080e-02	6.071480e-04
2.025586903432911e-07	-1.798112e-02	5.794007e-04
2.027048332004341e-07	-1.798140e-02	5.516356e-04
2.027058332004341e-07	-1.798141e-02	5.514456e-04
2.031708332004347e-07	-1.798215e-02	4.630525e-04
2.031746903432918e-07	-1.798216e-02	4.623179e-04
2.031785474861490e-07	-1.798216e-02	4.616021e-04
2.031824046290061e-07	-1.798217e-02	4.609049e-04
2.031862617718632e-07	-1.798217e-02	4.602265e-04
2.031901189147204e-07	-1.798218e-02	4.595668e-04
2.031939760575775e-07	-1.798218e-02	4.589257e-04
2.031978332004347e-07	-1.798219e-02	4.583034e-04
2.032025474861490e-07	-1.798219e-02	4.575899e-04
2.032072617718633e-07	-1.798220e-02	4.569154e-04
2.032119760575776e-07	-1.798221e-02	4.562801e-04
2.032166903432919e-07	-1.798222e-02	4.556838e-04
2.032214046290062e-07	-1.798223e-02	4.551267e-04
2.032261189147204e-07	-1.798224e-02	4.546087e-04
2.032308332004347e-07	-1.798225e-02	4.541298e-04
2.032368332004347e-07	-1.798226e-02	4.535813e-04
2.032428332004347e-07	-1.798228e-02	4.530566e-04
2.032488332004348e-07	-1.798230e-02	4.525557e-04
2.032548332004348e-07	-1.798233e-02	4.520787e-04
2.032608332004348e-07	-1.798237e-02	4.516254e-04
2.032668332004348e-07	-1.798240e-02	4.511960e-04
2.032728332004348e-07	-1.798245e-02	4.507904e-04
2.032794046290062e-07	-1.798250e-02	4.503389e-04
2.032859760575777e-07	-1.798257e-02	4.498453e-04
2.032925474861491e-07	-1.798265e-02	4.493095e-04
2.032991189147205e-07	-1.798275e-02	4.487316e-04
2.033056903432920e-07	-1.798287e-02	4.481116e-04
2.033122617718634e-07	-1.798300e-02	4.474493e-04
2.033188332004348e-07	-1.798314e-02	4.467450e-04
2.033258332004348e-07	-1.798332e-02	4.459044e-04
2.033328332004349e-07	-1.798352e-02	4.449671e-04
2.033398332004349e-07	-1.798376e-02	4.439331e-04
2.033468332004349e-07	-1.798402e-02	4.428024e-04
2.033538332004349e-07	-1.798432e-02	4.415751e-04
2.033608332004349e-07	-1.798465e-02	4.402510e-04
2.033678332004349e-07	-1.798500e-02	4.388303e-04
2.033772617718635e-07	-1.798554e-02	4.367203e-04
2.033866903432921e-07	-1.798616e-02	4.344487e-04
2.033961189147206e-07	-1.798686e-02	4.320152e-04
2.034055474861492e-07	-1.798765e-02	4.294200e-04
2.034149760575778e-07	-1.798851e-02	4.266631e-04
2.034244046290064e-07	-1.798946e-02	4.237444e-04
2.034338332004350e-07	-1.799049e-02	4.206640e-04
2.034478332004350e-07	-1.799220e-02	4.157656e-04
2.034618332004350e-07	-1.799414e-02	4.108394e-04
2.034758332004350e-07	-1.799630e-02	4.058852e-04
2.034898332004350e-07	-1.799868e-02	4.009032e-04
2.035038332004350e-07	-1.800130e-02	3.958933e-04
2.035178332004351e-07	-1.800413e-02	3.908554e-04
2.035318332004351e-07	-1.800720e-02	3.857897e-04
2.035436903432922e-07	-1.800998e-02	3.817196e-04
2.035555474861494e-07	-1.801292e-02	3.778968e-04
2.035674046290066e-07	-1.801600e-02	3.743211e-04
2.035792617718637e-07	-1.801923e-02	3.709927e-04
2.035911189147208e-07	-1.802261e-02	3.679116e-04
2.036029760575780e-07	-1.802614e-02	3.650777e-04
2.036148332004352e-07	-1.802982e-02	3.624910e-04
2.036238332004352e-07	-1.803270e-02	3.607816e-04
2.036328332004352e-07	-1.803564e-02	3.592763e-04
2.036418332004352e-07	-1.803864e-02	3.579751e-04
2.036508332004352e-07	-1.804171e-02	3.568779e-04
2.036598332004352e-07	-1.804484e-02	3.559847e-04
2.036688332004352e-07	-1.804803e-02	3.552956e-04
2.036778332004352e-07	-1.805129e-02	3.548105e-04
2.036851189147210e-07	-1.805396e-02	3.545808e-04
2.036924046290067e-07	-1.805665e-02	3.544876e-04
2.036996903432924e-07	-1.805937e-02	3.545309e-04
2.037069760575781e-07	-1.806212e-02	3.547108e-04
2.037142617718638e-07	-1.806490e-02	3.550272e-04
2.037215474861496e-07	-1.806770e-02	3.554802e-04
2.037288332004353e-07	-1.807052e-02	3.560696e-04
2.037298332004353e-07	-1.807091e-02	3.561605e-04
2.037474046290068e-07	-1.807786e-02	3.582635e-04
2.037649760575782e-07	-1.808482e-02	3.609934e-04
2.037825474861497e-07	-1.809179e-02	3.643499e-04
2.038001189147211e-07	-1.809879e-02	3.683331e-04
2.038176903432925e-07	-1.810579e-02	3.729430e-04
2.038352617718640e-07	-1.811281e-02	3.781797e-04
2.038528332004354e-07	-1.811984e-02	3.840431e-04
2.038726903432926e-07	-1.812769e-02	3.912198e-04
2.038925474861498e-07	-1.813537e-02	3.987927e-04
2.039124046290069e-07	-1.814289e-02	4.067616e-04
2.039322617718641e-07	-1.815024e-02	4.151266e-04
2.039521189147213e-07	-1.815743e-02	4.238878e-04
2.039719760575784e-07	-1.816446e-02	4.330450e-04
2.039918332004356e-07	-1.817132e-02	4.425983e-04
2.040118332004356e-07	-1.817798e-02	4.523529e-04
2.040318332004356e-07	-1.818442e-02	4.624137e-04
2.040518332004357e-07	-1.819065e-02	4.727805e-04
2.040718332004357e-07	-1.819667e-02	4.834535e-04
2.040918332004357e-07	-1.820248e-02	4.944325e-04
2.041118332004357e-07	-1.820808e-02	5.057176e-04
2.041318332004358e-07	-1.821346e-02	5.173088e-04
2.041635474861501e-07	-1.822147e-02	5.359178e-04
2.041952617718644e-07	-1.822923e-02	5.565873e-04
2.042269760575787e-07	-1.823676e-02	5.793174e-04
2.042586903432930e-07	-1.824405e-02	6.041079e-04
2.042904046290074e-07	-1.825111e-02	6.309590e-04
2.043221189147217e-07	-1.825792e-02	6.598706e-04
2.043538332004360e-07	-1.826450e-02	6.908427e-04
2.043869760575789e-07	-1.827143e-02	7.267727e-04
2.044201189147218e-07	-1.827866e-02	7.673348e-04
2.044532617718647e-07	-1.828621e-02	8.125292e-04
2.044864046290076e-07	-1.829407e-02	8.623557e-04
2.045195474861505e-07	-1.830224e-02	9.168145e-04
2.045526903432934e-07	-1.831072e-02	9.759055e-04
2.045858332004363e-07	-1.831952e-02	1.039629e-03
2.046096903432934e-07	-1.832627e-02	1.089265e-03
2.046335474861506e-07	-1.833332e-02	1.141749e-03
2.046574046290078e-07	-1.834068e-02	1.197079e-03
2.046812617718649e-07	-1.834835e-02	1.255255e-03
2.047051189147221e-07	-1.835632e-02	1.316278e-03
2.047289760575793e-07	-1.836460e-02	1.380148e-03
2.047528332004365e-07	-1.837319e-02	1.446864e-03
2.047538332004365e-07	-1.837355e-02	1.449721e-03
2.047988332004365e-07	-1.839084e-02	1.584922e-03
2.048438332004366e-07	-1.840910e-02	1.728070e-03
2.048888332004366e-07	-1.842833e-02	1.879164e-03
2.049338332004367e-07	-1.844854e-02	2.038206e-03
2.049788332004367e-07	-1.846972e-02	2.205194e-03
2.050238332004368e-07	-1.849188e-02	2.380129e-03
2.050688332004368e-07	-1.851501e-02	2.563011e-03
2.051415474861512e-07	-1.855455e-02	2.875550e-03
2.052142617718655e-07	-1.859410e-02	3.187652e-03
2.052869760575799e-07	-1.863365e-02	3.499318e-03
2.053596903432943e-07	-1.867321e-02	3.810546e-03
2.054324046290087e-07	-1.871276e-02	4.121337e-03
2.055051189147230e-07	-1.875232e-02	4.431691e-03
2.055778332004374e-07	-1.879188e-02	4.741609e-03
2.056062617718660e-07	-1.880659e-02	4.856343e-03
2.056346903432946e-07	-1.882104e-02	4.968703e-03
2.056631189147232e-07	-1.883522e-02	5.078688e-03
2.056915474861518e-07	-1.884914e-02	5.186299e-03
2.057199760575804e-07	-1.886280e-02	5.291535e-03
2.057484046290090e-07	-1.887619e-02	5.394397e-03
2.057768332004376e-07	-1.888932e-02	5.494884e-03
2.057778332004376e-07	-1.888978e-02	5.498358e-03
2.058352617718662e-07	-1.891532e-02	5.692912e-03
2.058926903432949e-07	-1.893954e-02	5.874294e-03
2.059501189147235e-07	-1.896245e-02	6.042506e-03
2.060075474861522e-07	-1.898404e-02	6.197546e-03
2.060649760575808e-07	-1.900431e-02	6.339416e-03
2.061224046290095e-07	-1.902326e-02	6.468114e-03
2.061798332004381e-07	-1.904089e-02	6.583640e-03
2.062079760575810e-07	-1.904906e-02	6.634831e-03
2.062361189147238e-07	-1.905695e-02	6.682761e-03
2.062642617718667e-07	-1.906455e-02	6.727432e-03
2.062924046290096e-07	-1.907188e-02	6.768843e-03
2.063205474861525e-07	-1.907893e-02	6.806995e-03
2.063486903432954e-07	-1.908569e-02	6.841887e-03
2.063768332004383e-07	-1.909217e-02	6.873519e-03
2.063778332004383e-07	-1.909240e-02	6.874660e-03
2.063788332004383e-07	-1.909263e-02	6.875795e-03
2.063798332004383e-07	-1.909285e-02	6.876631e-03
2.063808332004383e-07	-1.909308e-02	6.877609e-03
2.063818332004383e-07	-1.909330e-02	6.878932e-03
2.063828332004383e-07	-1.909352e-02	6.879921e-03
2.063906903432955e-07	-1.909528e-02	6.887973e-03
2.063985474861526e-07	-1.909700e-02	6.895806e-03
2.064064046290098e-07	-1.909867e-02	6.903421e-03
2.064142617718669e-07	-1.910030e-02	6.910818e-03
2.064221189147241e-07	-1.910188e-02	6.917996e-03
2.064299760575812e-07	-1.910342e-02	6.924955e-03
2.064378332004384e-07	-1.910492e-02	6.931696e-03
2.064512617718669e-07	-1.910732e-02	6.942739e-03
2.064646903432955e-07	-1.910961e-02	6.953379e-03
2.064781189147241e-07	-1.911179e-02	6.963613e-03
2.064915474861527e-07	-1.911387e-02	6.973444e-03
2.065049760575813e-07	-1.911583e-02	6.982870e-03
2.065184046290099e-07	-1.911768e-02	6.991893e-03
2.065318332004385e-07	-1.911943e-02	7.000511e-03
2.065431189147242e-07	-1.912086e-02	7.007566e-03
2.065544046290099e-07	-1.912225e-02	7.014350e-03
2.065656903432957e-07	-1.912360e-02	7.020860e-03
2.065769760575814e-07	-1.912491e-02	7.027098e-03
2.065882617718671e-07	-1.912619e-02	7.033063e-03
2.065995474861528e-07	-1.912742e-02	7.038755e-03
2.066108332004386e-07	-1.912861e-02	7.044175e-03
2.066229760575814e-07	-1.912986e-02	7.049665e-03
2.066351189147243e-07	-1.913104e-02	7.054693e-03
2.066472617718672e-07	-1.913216e-02	7.059260e-03
2.066594046290101e-07	-1.913320e-02	7.063366e-03
2.066715474861529e-07	-1.913417e-02	7.067011e-03
2.066836903432958e-07	-1.913506e-02	7.070195e-03
2.066958332004387e-07	-1.913589e-02	7.072918e-03
2.067036903432958e-07	-1.913637e-02	7.074366e-03
2.067115474861530e-07	-1.913679e-02	7.075576e-03
2.067194046290101e-07	-1.913716e-02	7.076547e-03
2.067272617718673e-07	-1.913748e-02	7.077278e-03
2.067351189147244e-07	-1.913774e-02	7.077770e-03
2.067429760575816e-07	-1.913795e-02	7.078024e-03
2.067508332004387e-07	-1.913811e-02	7.078038e-03
2.067579760575816e-07	-1.913820e-02	7.077828e-03
2.067651189147244e-07	-1.913822e-02	7.077411e-03
2.067722617718673e-07	-1.913819e-02	7.076787e-03
2.067794046290102e-07	-1.913809e-02	7.075955e-03
2.067865474861531e-07	-1.913794e-02	7.074916e-03
2.067936903432959e-07	-1.913772e-02	7.073669e-03
2.068008332004388e-07	-1.913744e-02	7.072215e-03
2.068018332004388e-07	-1.913740e-02	7.071995e-03
2.068159760575817e-07	-1.913665e-02	7.068393e-03
2.068301189147245e-07	-1.913558e-02	7.064056e-03
2.068442617718674e-07	-1.913420e-02	7.058983e-03
2.068584046290103e-07	-1.913249e-02	7.053176e-03
2.068725474861532e-07	-1.913046e-02	7.046634e-03
2.068866903432960e-07	-1.912811e-02	7.039356e-03
2.069008332004389e-07	-1.912544e-02	7.031343e-03
2.069236903432961e-07	-1.912036e-02	7.016705e-03
2.069465474861532e-07	-1.911423e-02	7.001125e-03
2.069694046290104e-07	-1.910704e-02	6.984602e-03
2.069922617718676e-07	-1.909879e-02	6.967137e-03
2.070151189147247e-07	-1.908949e-02	6.948730e-03
2.070379760575819e-07	-1.907913e-02	6.929380e-03
2.070608332004391e-07	-1.906772e-02	6.909089e-03
2.070838332004391e-07	-1.905507e-02	6.888573e-03
2.071068332004391e-07	-1.904129e-02	6.868432e-03
2.071298332004392e-07	-1.902638e-02	6.848667e-03
2.071528332004392e-07	-1.901035e-02	6.829277e-03
2.071758332004392e-07	-1.899319e-02	6.810262e-03
2.071988332004392e-07	-1.897490e-02	6.791624e-03
2.072218332004393e-07	-1.895548e-02	6.773360e-03
2.072421189147250e-07	-1.893743e-02	6.758177e-03
2.072624046290107e-07	-1.891850e-02	6.743729e-03
2.072826903432965e-07	-1.889870e-02	6.730017e-03
2.073029760575822e-07	-1.887803e-02	6.717039e-03
2.073232617718679e-07	-1.885649e-02	6.704797e-03
2.073435474861537e-07	-1.883407e-02	6.693290e-03
2.073638332004394e-07	-1.881078e-02	6.682519e-03
2.073846903432966e-07	-1.878594e-02	6.672361e-03
2.074055474861538e-07	-1.876014e-02	6.662821e-03
2.074264046290109e-07	-1.873338e-02	6.653901e-03
2.074472617718681e-07	-1.870567e-02	6.645600e-03
2.074681189147252e-07	-1.867700e-02	6.637917e-03
2.074889760575824e-07	-1.864737e-02	6.630853e-03
2.075098332004396e-07	-1.861679e-02	6.624409e-03
2.075499760575825e-07	-1.855536e-02	6.614297e-03
2.075901189147254e-07	-1.848989e-02	6.603497e-03
2.076302617718683e-07	-1.842038e-02	6.592008e-03
2.076704046290112e-07	-1.834685e-02	6.579830e-03
2.077105474861541e-07	-1.826928e-02	6.566964e-03
2.077506903432970e-07	-1.818767e-02	6.553410e-03
2.077908332004399e-07	-1.810203e-02	6.539166e-03
2.078258332004399e-07	-1.802354e-02	6.523199e-03
2.078541189147257e-07	-1.795766e-02	6.508839e-03
2.078824046290114e-07	-1.788947e-02	6.492452e-03
2.079106903432972e-07	-1.781895e-02	6.474037e-03
2.079389760575829e-07	-1.774611e-02	6.453595e-03
2.079672617718687e-07	-1.767096e-02	6.431126e-03
2.079955474861544e-07	-1.759347e-02	6.406629e-03
2.080238332004402e-07	-1.751367e-02	6.380104e-03
2.080615474861545e-07	-1.740346e-02	6.340745e-03
2.080992617718688e-07	-1.728903e-02	6.297155e-03
2.081369760575832e-07	-1.717040e-02	6.249334e-03
2.081746903432975e-07	-1.704755e-02	6.197282e-03
2.082124046290118e-07	-1.692050e-02	6.141000e-03
2.082501189147261e-07	-1.678924e-02	6.080488e-03
2.082878332004405e-07	-1.665377e-02	6.015744e-03
2.083679760575834e-07	-1.634971e-02	5.859718e-03
2.084481189147264e-07	-1.603085e-02	5.693395e-03
2.085282617718693e-07	-1.569721e-02	5.516775e-03
2.086084046290123e-07	-1.534878e-02	5.329858e-03
2.086885474861552e-07	-1.498555e-02	5.132645e-03
2.087686903432982e-07	-1.460754e-02	4.925135e-03
2.088488332004411e-07	-1.421474e-02	4.707329e-03
2.088498332004411e-07	-1.420981e-02	4.704669e-03
2.089241189147269e-07	-1.383670e-02	4.503435e-03
2.089984046290127e-07	-1.345920e-02	4.305413e-03
2.090726903432985e-07	-1.307730e-02	4.110601e-03
2.091469760575843e-07	-1.269101e-02	3.919001e-03
2.092212617718701e-07	-1.230033e-02	3.730612e-03
2.092955474861559e-07	-1.190525e-02	3.545434e-03
2.093698332004417e-07	-1.150578e-02	3.363467e-03
2.094416903432989e-07	-1.111974e-02	3.195677e-03
2.095135474861562e-07	-1.073611e-02	3.034906e-03
2.095854046290134e-07	-1.035487e-02	2.881155e-03
2.096572617718706e-07	-9.976039e-03	2.734424e-03
2.097291189147278e-07	-9.599603e-03	2.594713e-03
2.098009760575850e-07	-9.225567e-03	2.462022e-03
2.098728332004423e-07	-8.853930e-03	2.336351e-03
2.098738332004423e-07	-8.848815e-03	2.334656e-03
2.100108332004424e-07	-8.152505e-03	2.120044e-03
2.101478332004426e-07	-7.482273e-03	1.925795e-03
2.102848332004427e-07	-6.838120e-03	1.751910e-03
2.104218332004429e-07	-6.220045e-03	1.598388e-03
2.105588332004430e-07	-5.628049e-03	1.465229e-03
2.106958332004432e-07	-5.062132e-03	1.352434e-03
2.108328332004434e-07	-4.522293e-03	1.260002e-03
2.108978332004434e-07	-4.278277e-03	1.218669e-03
2.109902617718721e-07	-3.943198e-03	1.165877e-03
2.110826903433008e-07	-3.621253e-03	1.117145e-03
2.111751189147294e-07	-3.312443e-03	1.072472e-03
2.112675474861581e-07	-3.016767e-03	1.031859e-03
2.113599760575868e-07	-2.734226e-03	9.953057e-04
2.114524046290155e-07	-2.464820e-03	9.628120e-04
2.115448332004442e-07	-2.208548e-03	9.343780e-04
2.115985474861585e-07	-2.065179e-03	9.186353e-04
2.116522617718728e-07	-1.925757e-03	9.036078e-04
2.117059760575872e-07	-1.790282e-03	8.892954e-04
2.117596903433016e-07	-1.658755e-03	8.756982e-04
2.118134046290159e-07	-1.531174e-03	8.628162e-04
2.118671189147302e-07	-1.407541e-03	8.506494e-04
2.119208332004446e-07	-1.287854e-03	8.391978e-04
2.119218332004446e-07	-1.285659e-03	8.389876e-04
2.120119760575875e-07	-1.093802e-03	8.211344e-04
2.121021189147305e-07	-9.112021e-04	8.042899e-04
2.121922617718735e-07	-7.378591e-04	7.884543e-04
2.122824046290164e-07	-5.737730e-04	7.736274e-04
2.123725474861594e-07	-4.189438e-04	7.598094e-04
2.124626903433023e-07	-2.733714e-04	7.470002e-04
2.125528332004453e-07	-1.370559e-04	7.351998e-04
2.126088332004454e-07	-5.611362e-05	7.280389e-04
2.126648332004454e-07	2.199517e-05	7.210647e-04
2.127208332004455e-07	9.727050e-05	7.142774e-04
2.127768332004456e-07	1.697124e-04	7.076768e-04
2.128328332004456e-07	2.393208e-04	7.012630e-04
2.128888332004457e-07	3.060957e-04	6.950359e-04
2.129448332004457e-07	3.700372e-04	6.889956e-04
2.129458332004458e-07	3.711590e-04	6.888885e-04
2.130818332004459e-07	5.139679e-04	6.748885e-04
2.132178332004461e-07	6.450281e-04	6.614253e-04
2.133538332004462e-07	7.643396e-04	6.484989e-04
2.134898332004464e-07	8.719023e-04	6.361094e-04
2.136258332004465e-07	9.677163e-04	6.242568e-04
2.137618332004467e-07	1.051782e-03	6.129410e-04
2.138978332004468e-07	1.124098e-03	6.021620e-04
2.139698332004469e-07	1.159915e-03	5.965515e-04
2.140912617718756e-07	1.213961e-03	5.873469e-04
2.142126903433043e-07	1.262804e-03	5.784380e-04
2.143341189147330e-07	1.306444e-03	5.698249e-04
2.144555474861618e-07	1.344882e-03	5.615075e-04
2.145769760575905e-07	1.378118e-03	5.534858e-04
2.146984046290192e-07	1.406151e-03	5.457598e-04
2.148198332004479e-07	1.428981e-03	5.383295e-04
2.148445474861622e-07	1.433330e-03	5.368512e-04
2.148692617718765e-07	1.437526e-03	5.353848e-04
2.148939760575908e-07	1.441569e-03	5.339302e-04
2.149186903433051e-07	1.445458e-03	5.324875e-04
2.149434046290195e-07	1.449194e-03	5.310567e-04
2.149681189147338e-07	1.452777e-03	5.296377e-04
2.149928332004481e-07	1.456207e-03	5.282306e-04
2.149938332004481e-07	1.456343e-03	5.281739e-04
2.150764046290196e-07	1.466577e-03	5.235624e-04
2.151589760575911e-07	1.475482e-03	5.190790e-04
2.152415474861626e-07	1.483059e-03	5.147238e-04
2.153241189147342e-07	1.489308e-03	5.104968e-04
2.154066903433057e-07	1.494229e-03	5.063980e-04
2.154892617718772e-07	1.497821e-03	5.024275e-04
2.155718332004487e-07	1.500086e-03	4.985851e-04
2.156319760575916e-07	1.501130e-03	4.958637e-04
2.156921189147346e-07	1.501679e-03	4.932054e-04
2.157522617718775e-07	1.501731e-03	4.906102e-04
2.158124046290204e-07	1.501288e-03	4.880780e-04
2.158725474861634e-07	1.500348e-03	4.856089e-04
2.159326903433063e-07	1.498913e-03	4.832030e-04
2.159928332004492e-07	1.496982e-03	4.808600e-04
2.160178332004492e-07	1.496074e-03	4.799032e-04
2.161262617718779e-07	1.491105e-03	4.758860e-04
2.162346903433066e-07	1.485097e-03	4.720452e-04
2.163431189147353e-07	1.478050e-03	4.683806e-04
2.164515474861640e-07	1.469965e-03	4.648922e-04
2.165599760575927e-07	1.460841e-03	4.615801e-04
2.166684046290214e-07	1.450678e-03	4.584442e-04
2.167768332004501e-07	1.439477e-03	4.554846e-04
2.168145474861644e-07	1.435458e-03	4.544877e-04
2.168522617718787e-07	1.431353e-03	4.535090e-04
2.168899760575931e-07	1.427163e-03	4.525482e-04
2.169276903433074e-07	1.422888e-03	4.516055e-04
2.169654046290217e-07	1.418527e-03	4.506808e-04
2.170031189147361e-07	1.414081e-03	4.497741e-04
2.170408332004504e-07	1.409549e-03	4.488855e-04
2.170418332004504e-07	1.409428e-03	4.488621e-04
2.171879760575934e-07	1.390939e-03	4.456116e-04
2.173341189147364e-07	1.371652e-03	4.425704e-04
2.174802617718795e-07	1.351568e-03	4.397386e-04
2.176264046290225e-07	1.330687e-03	4.371161e-04
2.177725474861655e-07	1.309008e-03	4.347030e-04
2.179186903433085e-07	1.286532e-03	4.324993e-04
2.180648332004516e-07	1.263259e-03	4.305050e-04
2.180658332004516e-07	1.263099e-03	4.304917e-04
2.182119760575946e-07	1.239397e-03	4.286556e-04
2.183581189147376e-07	1.215334e-03	4.269474e-04
2.185042617718806e-07	1.190913e-03	4.253671e-04
2.186504046290237e-07	1.166132e-03	4.239145e-04
2.187965474861667e-07	1.140992e-03	4.225898e-04
2.189426903433097e-07	1.115493e-03	4.213930e-04
2.190888332004527e-07	1.089634e-03	4.203239e-04
2.190898332004527e-07	1.089457e-03	4.203168e-04
2.192196903433100e-07	1.066331e-03	4.194388e-04
2.193495474861673e-07	1.043075e-03	4.186196e-04
2.194794046290246e-07	1.019688e-03	4.178592e-04
2.196092617718819e-07	9.961708e-04	4.171576e-04
2.197391189147392e-07	9.725227e-04	4.165148e-04
2.198689760575965e-07	9.487441e-04	4.159308e-04
2.199988332004537e-07	9.248348e-04	4.154055e-04
2.199998332004537e-07	9.246506e-04	4.154016e-04
2.200000000000000e-07	9.246198e-04	4.154008e-04
