time	V(n001)	V(n002)	V(n003)
0.000000000000000e+00	0.000000e+00	0.000000e+00	0.000000e+00
1.006310719978738e-09	0.000000e+00	0.000000e+00	0.000000e+00
2.000000000000000e-09	0.000000e+00	0.000000e+00	0.000000e+00
2.003785714285714e-09	1.766137e-07	0.000000e+00	0.000000e+00
2.007571428571428e-09	6.820761e-07	0.000000e+00	0.000000e+00
2.011357142857142e-09	1.516387e-06	0.000000e+00	0.000000e+00
2.015142857142856e-09	2.679547e-06	0.000000e+00	0.000000e+00
2.018928571428570e-09	4.171555e-06	0.000000e+00	0.000000e+00
2.022714285714284e-09	5.992411e-06	0.000000e+00	0.000000e+00
2.026499999999997e-09	8.142117e-06	0.000000e+00	0.000000e+00
2.027499999999997e-09	8.763382e-06	0.000000e+00	0.000000e+00
2.039357142857139e-09	1.793883e-05	0.000000e+00	0.000000e+00
2.051214285714281e-09	3.016588e-05	0.000000e+00	0.000000e+00
2.063071428571422e-09	4.544456e-05	0.000000e+00	0.000000e+00
2.074928571428564e-09	6.377484e-05	0.000000e+00	0.000000e+00
2.086785714285705e-09	8.515674e-05	0.000000e+00	0.000000e+00
2.098642857142847e-09	1.095902e-04	0.000000e+00	0.000000e+00
2.110499999999989e-09	1.370754e-04	0.000000e+00	0.000000e+00
2.132642857142843e-09	1.965739e-04	0.000000e+00	0.000000e+00
2.154785714285698e-09	2.655247e-04	0.000000e+00	0.000000e+00
2.176928571428553e-09	3.439278e-04	0.000000e+00	0.000000e+00
2.199071428571408e-09	4.317832e-04	0.000000e+00	0.000000e+00
2.221214285714263e-09	5.290909e-04	0.000000e+00	0.000000e+00
2.243357142857117e-09	6.358509e-04	0.000000e+00	0.000000e+00
2.265499999999972e-09	7.520632e-04	0.000000e+00	0.000000e+00
2.305071428571396e-09	9.829191e-04	0.000000e+00	0.000000e+00
2.344642857142821e-09	1.238130e-03	0.000000e+00	0.000000e+00
2.384214285714245e-09	1.517694e-03	0.000000e+00	0.000000e+00
2.423785714285670e-09	1.821614e-03	0.000000e+00	0.000000e+00
2.463357142857094e-09	2.149887e-03	0.000000e+00	0.000000e+00
2.502928571428518e-09	2.502515e-03	0.000000e+00	0.000000e+00
2.542499999999942e-09	2.879498e-03	0.000000e+00	0.000000e+00
2.610785714285649e-09	3.584033e-03	0.000000e+00	0.000000e+00
2.679071428571356e-09	4.338469e-03	0.000000e+00	0.000000e+00
2.747357142857063e-09	5.142807e-03	0.000000e+00	0.000000e+00
2.815642857142770e-09	5.997045e-03	0.000000e+00	0.000000e+00
2.883928571428477e-09	6.901184e-03	0.000000e+00	0.000000e+00
2.952214285714184e-09	7.855224e-03	0.000000e+00	0.000000e+00
3.020499999999891e-09	8.859165e-03	0.000000e+00	0.000000e+00
3.051499999999888e-09	9.324246e-03	0.000000e+00	0.000000e+00
3.176785714285601e-09	1.130860e-02	0.000000e+00	0.000000e+00
3.302071428571314e-09	1.337674e-02	0.000000e+00	0.000000e+00
3.427357142857027e-09	1.552866e-02	0.000000e+00	0.000000e+00
3.552642857142740e-09	1.776436e-02	0.000000e+00	0.000000e+00
3.677928571428453e-09	2.008384e-02	0.000000e+00	0.000000e+00
3.803214285714166e-09	2.248710e-02	0.000000e+00	0.000000e+00
3.928499999999879e-09	2.497415e-02	0.000000e+00	0.000000e+00
4.075499999999924e-09	2.793057e-02	0.000000e+00	0.000000e+00
4.221642857142826e-09	3.094723e-02	0.000000e+00	0.000000e+00
4.367785714285728e-09	3.400221e-02	0.000000e+00	0.000000e+00
4.513928571428629e-09	3.709550e-02	0.000000e+00	0.000000e+00
4.660071428571532e-09	4.022710e-02	0.000000e+00	0.000000e+00
4.806214285714434e-09	4.339702e-02	0.000000e+00	0.000000e+00
4.952357142857336e-09	4.660526e-02	0.000000e+00	0.000000e+00
5.098500000000238e-09	4.985181e-02	0.000000e+00	0.000000e+00
5.099500000000238e-09	4.987402e-02	0.000000e+00	0.000000e+00
5.245642857143140e-09	5.313548e-02	0.000000e+00	0.000000e+00
5.391785714286042e-09	5.641070e-02	0.000000e+00	0.000000e+00
5.537928571428944e-09	5.969968e-02	0.000000e+00	0.000000e+00
5.684071428571846e-09	6.300243e-02	0.000000e+00	0.000000e+00
5.830214285714748e-09	6.631894e-02	0.000000e+00	0.000000e+00
5.976357142857650e-09	6.964921e-02	0.000000e+00	0.000000e+00
6.122500000000552e-09	7.299324e-02	0.000000e+00	0.000000e+00
6.123500000000552e-09	7.301612e-02	0.000000e+00	0.000000e+00
7.147500000000866e-09	9.658875e-02	0.000000e+00	0.000000e+00
8.171500000000584e-09	1.203160e-01	0.000000e+00	0.000000e+00
9.195500000000051e-09	1.440988e-01	0.000000e+00	0.000000e+00
1.021949999999952e-08	1.679016e-01	0.000000e+00	0.000000e+00
1.124349999999898e-08	1.917116e-01	0.000000e+00	0.000000e+00
1.226749999999845e-08	2.155241e-01	0.000000e+00	0.000000e+00
1.329149999999792e-08	2.393375e-01	0.000000e+00	0.000000e+00
1.431549999999739e-08	2.631513e-01	0.000000e+00	0.000000e+00
1.533949999999758e-08	2.869652e-01	0.000000e+00	0.000000e+00
1.636349999999874e-08	3.107791e-01	0.000000e+00	0.000000e+00
1.738749999999990e-08	3.345930e-01	0.000000e+00	0.000000e+00
1.841150000000106e-08	3.584070e-01	0.000000e+00	0.000000e+00
1.943550000000222e-08	3.822209e-01	7.186944e-25	0.000000e+00
2.028850000000319e-08	4.020582e-01	5.768935e-10	0.000000e+00
2.029150000000319e-08	4.021279e-01	4.269049e-09	0.000000e+00
2.029450000000320e-08	4.021977e-01	1.164644e-08	0.000000e+00
2.029750000000320e-08	4.022675e-01	2.571004e-08	0.000000e+00
2.030050000000320e-08	4.023372e-01	4.946485e-08	0.000000e+00
2.030350000000321e-08	4.024070e-01	8.586026e-08	0.000000e+00
2.030650000000321e-08	4.024768e-01	1.377996e-07	0.000000e+00
2.030950000000321e-08	4.025465e-01	2.081350e-07	0.000000e+00
2.031250000000322e-08	4.026163e-01	2.996721e-07	0.000000e+00
2.031807142857465e-08	4.027459e-01	4.955586e-07	0.000000e+00
2.032364285714609e-08	4.028754e-01	8.314860e-07	0.000000e+00
2.032921428571752e-08	4.030050e-01	1.307454e-06	0.000000e+00
2.033478571428896e-08	4.031345e-01	1.923463e-06	0.000000e+00
2.034035714286039e-08	4.032641e-01	2.679513e-06	0.000000e+00
2.034592857143182e-08	4.033937e-01	3.575604e-06	0.000000e+00
2.035150000000326e-08	4.035233e-01	4.611735e-06	0.000000e+00
2.035878571428898e-08	4.036927e-01	6.241172e-06	0.000000e+00
2.036607142857471e-08	4.038621e-01	8.299544e-06	0.000000e+00
2.037335714286043e-08	4.040316e-01	1.078685e-05	0.000000e+00
2.038064285714615e-08	4.042010e-01	1.370310e-05	0.000000e+00
2.038792857143187e-08	4.043704e-01	1.704827e-05	0.000000e+00
2.039521428571760e-08	4.045399e-01	2.082239e-05	0.000000e+00
2.040250000000332e-08	4.047093e-01	2.502544e-05	0.000000e+00
2.041050000000333e-08	4.048953e-01	3.024425e-05	0.000000e+00
2.041850000000334e-08	4.050814e-01	3.618168e-05	0.000000e+00
2.042650000000335e-08	4.052674e-01	4.283773e-05	0.000000e+00
2.043450000000336e-08	4.054535e-01	5.021239e-05	0.000000e+00
2.044250000000336e-08	4.056395e-01	5.830568e-05	0.000000e+00
2.045050000000337e-08	4.058256e-01	6.711758e-05	0.000000e+00
2.045850000000338e-08	4.060116e-01	7.664810e-05	0.000000e+00
2.045950000000338e-08	4.060349e-01	7.790297e-05	0.000000e+00
2.047578571428912e-08	4.064136e-01	9.982985e-05	0.000000e+00
2.049207142857485e-08	4.067924e-01	1.255676e-04	0.000000e+00
2.050835714286058e-08	4.071711e-01	1.551161e-04	0.000000e+00
2.052464285714631e-08	4.075498e-01	1.884755e-04	0.000000e+00
2.054092857143205e-08	4.079286e-01	2.256458e-04	0.000000e+00
2.055721428571778e-08	4.083073e-01	2.666268e-04	0.000000e+00
2.057350000000351e-08	4.086860e-01	3.114188e-04	0.000000e+00
2.060621428571784e-08	4.094468e-01	4.141872e-04	0.000000e+00
2.063892857143216e-08	4.102076e-01	5.345635e-04	0.000000e+00
2.067164285714648e-08	4.109685e-01	6.725476e-04	0.000000e+00
2.070435714286080e-08	4.117292e-01	8.281395e-04	0.000000e+00
2.073707142857513e-08	4.124900e-01	1.001339e-03	0.000000e+00
2.076978571428945e-08	4.132508e-01	1.192147e-03	0.000000e+00
2.080250000000377e-08	4.140116e-01	1.400562e-03	0.000000e+00
2.085935714286098e-08	4.153339e-01	1.808845e-03	0.000000e+00
2.091621428571819e-08	4.166561e-01	2.264401e-03	0.000000e+00
2.097307142857540e-08	4.179784e-01	2.767230e-03	0.000000e+00
2.102992857143260e-08	4.193007e-01	3.317332e-03	0.000000e+00
2.108678571428981e-08	4.206229e-01	3.914708e-03	0.000000e+00
2.114364285714702e-08	4.219452e-01	4.559356e-03	0.000000e+00
2.120050000000422e-08	4.232675e-01	5.251278e-03	0.000000e+00
2.124078571428998e-08	4.242043e-01	5.764518e-03	0.000000e+00
2.128107142857575e-08	4.251412e-01	6.295717e-03	0.000000e+00
2.132135714286150e-08	4.260781e-01	6.844877e-03	0.000000e+00
2.136164285714726e-08	4.270150e-01	7.411997e-03	0.000000e+00
2.140192857143302e-08	4.279518e-01	7.997077e-03	0.000000e+00
2.144221428571878e-08	4.288887e-01	8.600116e-03	0.000000e+00
2.148250000000454e-08	4.298256e-01	9.221116e-03	0.000000e+00
2.148350000000454e-08	4.298488e-01	9.236692e-03	0.000000e+00
2.160050000000468e-08	4.325698e-01	1.115083e-02	0.000000e+00
2.171750000000481e-08	4.352907e-01	1.315525e-02	0.000000e+00
2.183450000000494e-08	4.380116e-01	1.524994e-02	0.000000e+00
2.195150000000508e-08	4.407326e-01	1.743490e-02	0.000000e+00
2.206850000000521e-08	4.434535e-01	1.971014e-02	0.000000e+00
2.218550000000534e-08	4.461744e-01	2.207566e-02	0.000000e+00
2.230250000000547e-08	4.488953e-01	2.453144e-02	0.000000e+00
2.250750000000571e-08	4.536628e-01	2.893004e-02	0.000000e+00
2.264954760003788e-08	4.569662e-01	3.208348e-02	0.000000e+00
2.279159520007006e-08	4.602697e-01	3.528123e-02	0.000000e+00
2.293364280010224e-08	4.635731e-01	3.852328e-02	0.000000e+00
2.307569040013442e-08	4.668765e-01	4.180964e-02	0.000000e+00
2.321773800016659e-08	4.701799e-01	4.514030e-02	0.000000e+00
2.335978560019877e-08	4.734834e-01	4.851527e-02	0.000000e+00
2.350183320023095e-08	4.767868e-01	5.193454e-02	0.000000e+00
2.350583320023095e-08	4.768794e-01	5.203080e-02	0.000000e+00
2.359740462880248e-08	4.788686e-01	5.424214e-02	0.000000e+00
2.368897605737402e-08	4.807157e-01	5.646147e-02	0.000000e+00
2.378054748594555e-08	4.824208e-01	5.868878e-02	0.000000e+00
2.387211891451708e-08	4.839838e-01	6.092408e-02	0.000000e+00
2.396369034308861e-08	4.854047e-01	6.316738e-02	0.000000e+00
2.405526177166014e-08	4.866835e-01	6.541866e-02	0.000000e+00
2.414683320023168e-08	4.878203e-01	6.767792e-02	0.000000e+00
2.420140462880317e-08	4.884629e-01	6.902628e-02	0.000000e+00
2.425597605737466e-08	4.890754e-01	7.037632e-02	0.000000e+00
2.431054748594615e-08	4.896579e-01	7.172806e-02	0.000000e+00
2.436511891451764e-08	4.902103e-01	7.308148e-02	0.000000e+00
2.441969034308913e-08	4.907326e-01	7.443659e-02	0.000000e+00
2.447426177166062e-08	4.912249e-01	7.579339e-02	0.000000e+00
2.452883320023211e-08	4.916871e-01	7.715189e-02	0.000000e+00
2.452983320023211e-08	4.916954e-01	7.717679e-02	0.000000e+00
2.462140462880365e-08	4.924099e-01	7.945979e-02	0.000000e+00
2.471297605737518e-08	4.930734e-01	8.174566e-02	0.000000e+00
2.480454748594671e-08	4.936858e-01	8.403440e-02	0.000000e+00
2.489611891451824e-08	4.942472e-01	8.632601e-02	0.000000e+00
2.498769034308977e-08	4.947576e-01	8.862049e-02	0.000000e+00
2.507926177166130e-08	4.952169e-01	9.091784e-02	0.000000e+00
2.517083320023284e-08	4.956252e-01	9.321805e-02	0.000000e+00
2.522540462880433e-08	4.958560e-01	9.458955e-02	0.000000e+00
2.527997605737582e-08	4.960761e-01	9.596166e-02	0.000000e+00
2.533454748594731e-08	4.962853e-01	9.733437e-02	0.000000e+00
2.538911891451880e-08	4.964837e-01	9.870769e-02	0.000000e+00
2.544369034309029e-08	4.966713e-01	1.000816e-01	0.000000e+00
2.549826177166178e-08	4.968481e-01	1.014562e-01	0.000000e+00
2.555283320023327e-08	4.970141e-01	1.028313e-01	0.000000e+00
2.555383320023327e-08	4.970171e-01	1.028565e-01	0.000000e+00
2.564554748594766e-08	4.972741e-01	1.051688e-01	0.000000e+00
2.573726177166205e-08	4.975127e-01	1.074822e-01	0.000000e+00
2.582897605737644e-08	4.977330e-01	1.097966e-01	0.000000e+00
2.592069034309083e-08	4.979349e-01	1.121121e-01	0.000000e+00
2.601240462880522e-08	4.981184e-01	1.144286e-01	0.000000e+00
2.610411891451961e-08	4.982835e-01	1.167461e-01	0.000000e+00
2.619583320023400e-08	4.984302e-01	1.190646e-01	0.000000e+00
2.625026177166263e-08	4.985128e-01	1.204408e-01	0.000000e+00
2.630469034309127e-08	4.985916e-01	1.218172e-01	0.000000e+00
2.635911891451990e-08	4.986665e-01	1.231939e-01	0.000000e+00
2.641354748594853e-08	4.987375e-01	1.245707e-01	0.000000e+00
2.646797605737717e-08	4.988047e-01	1.259478e-01	0.000000e+00
2.652240462880580e-08	4.988681e-01	1.273251e-01	0.000000e+00
2.657683320023443e-08	4.989275e-01	1.287026e-01	0.000000e+00
2.657783320023443e-08	4.989286e-01	1.287279e-01	0.000000e+00
2.666983320023454e-08	4.990212e-01	1.310568e-01	0.000000e+00
2.676183320023464e-08	4.991071e-01	1.333860e-01	0.000000e+00
2.685383320023475e-08	4.991864e-01	1.357155e-01	0.000000e+00
2.694583320023485e-08	4.992591e-01	1.380455e-01	0.000000e+00
2.703783320023496e-08	4.993251e-01	1.403758e-01	0.000000e+00
2.712983320023506e-08	4.993845e-01	1.427065e-01	0.000000e+00
2.722183320023516e-08	4.994373e-01	1.450376e-01	0.000000e+00
2.727597605737808e-08	4.994667e-01	1.464095e-01	0.000000e+00
2.733011891452100e-08	4.994948e-01	1.477816e-01	0.000000e+00
2.738426177166392e-08	4.995216e-01	1.491537e-01	0.000000e+00
2.743840462880684e-08	4.995469e-01	1.505258e-01	0.000000e+00
2.749254748594976e-08	4.995709e-01	1.518981e-01	0.000000e+00
2.754669034309268e-08	4.995935e-01	1.532704e-01	0.000000e+00
2.760083320023559e-08	4.996148e-01	1.546428e-01	0.000000e+00
2.760183320023560e-08	4.996152e-01	1.546682e-01	0.000000e+00
2.769454748594999e-08	4.996487e-01	1.570185e-01	0.000000e+00
2.778726177166438e-08	4.996797e-01	1.593689e-01	0.000000e+00
2.787997605737877e-08	4.997084e-01	1.617194e-01	0.000000e+00
2.797269034309316e-08	4.997346e-01	1.640701e-01	0.000000e+00
2.806540462880755e-08	4.997585e-01	1.664209e-01	0.000000e+00
2.815811891452194e-08	4.997799e-01	1.687719e-01	0.000000e+00
2.825083320023633e-08	4.997989e-01	1.711230e-01	0.000000e+00
2.830426177166496e-08	4.998093e-01	1.724779e-01	0.000000e+00
2.835769034309360e-08	4.998192e-01	1.738328e-01	0.000000e+00
2.841111891452223e-08	4.998287e-01	1.751877e-01	0.000000e+00
2.846454748595086e-08	4.998376e-01	1.765427e-01	0.000000e+00
2.851797605737949e-08	4.998461e-01	1.778977e-01	0.000000e+00
2.857140462880812e-08	4.998541e-01	1.792528e-01	0.000000e+00
2.862483320023676e-08	4.998616e-01	1.806078e-01	0.000000e+00
2.862583320023676e-08	4.998618e-01	1.806332e-01	0.000000e+00
2.872083320023686e-08	4.998741e-01	1.830426e-01	0.000000e+00
2.881583320023697e-08	4.998855e-01	1.854521e-01	0.000000e+00
2.891083320023708e-08	4.998960e-01	1.878617e-01	0.000000e+00
2.900583320023719e-08	4.999056e-01	1.902713e-01	0.000000e+00
2.910083320023730e-08	4.999143e-01	1.926810e-01	0.000000e+00
2.919583320023740e-08	4.999220e-01	1.950907e-01	0.000000e+00
2.929083320023751e-08	4.999289e-01	1.975004e-01	0.000000e+00
2.934197605738043e-08	4.999324e-01	1.987977e-01	0.000000e+00
2.939311891452334e-08	4.999358e-01	2.000950e-01	0.000000e+00
2.944426177166625e-08	4.999390e-01	2.013924e-01	0.000000e+00
2.949540462880917e-08	4.999421e-01	2.026897e-01	0.000000e+00
2.954654748595209e-08	4.999450e-01	2.039870e-01	0.000000e+00
2.959769034309500e-08	4.999477e-01	2.052843e-01	0.000000e+00
2.964883320023792e-08	4.999503e-01	2.065817e-01	0.000000e+00
2.964983320023792e-08	4.999503e-01	2.066071e-01	0.000000e+00
2.975054748595232e-08	4.999550e-01	2.091619e-01	0.000000e+00
2.985126177166672e-08	4.999593e-01	2.117168e-01	0.000000e+00
2.995197605738112e-08	4.999633e-01	2.142717e-01	0.000000e+00
3.005269034309552e-08	4.999669e-01	2.168266e-01	0.000000e+00
3.015340462880991e-08	4.999701e-01	2.193815e-01	0.000000e+00
3.025411891452431e-08	4.999730e-01	2.219365e-01	0.000000e+00
3.035483320023871e-08	4.999755e-01	2.244915e-01	0.000000e+00
3.040026177166734e-08	4.999766e-01	2.256439e-01	0.000000e+00
3.044569034309596e-08	4.999776e-01	2.267964e-01	0.000000e+00
3.049111891452458e-08	4.999786e-01	2.279489e-01	0.000000e+00
3.053654748595321e-08	4.999796e-01	2.291013e-01	0.000000e+00
3.058197605738183e-08	4.999805e-01	2.302538e-01	0.000000e+00
3.062740462881045e-08	4.999813e-01	2.314063e-01	0.000000e+00
3.067283320023907e-08	4.999821e-01	2.325588e-01	0.000000e+00
3.067383320023908e-08	4.999822e-01	2.325841e-01	0.000000e+00
3.078869034309635e-08	4.999841e-01	2.354979e-01	0.000000e+00
3.090354748595362e-08	4.999858e-01	2.384118e-01	0.000000e+00
3.101840462881089e-08	4.999874e-01	2.413256e-01	0.000000e+00
3.113326177166817e-08	4.999888e-01	2.442394e-01	0.000000e+00
3.124811891452544e-08	4.999900e-01	2.471533e-01	0.000000e+00
3.136297605738272e-08	4.999911e-01	2.500672e-01	0.000000e+00
3.147783320023999e-08	4.999920e-01	2.529810e-01	0.000000e+00
3.150911891452574e-08	4.999923e-01	2.537747e-01	0.000000e+00
3.154040462881148e-08	4.999925e-01	2.545684e-01	0.000000e+00
3.157169034309723e-08	4.999927e-01	2.553621e-01	0.000000e+00
3.160297605738299e-08	4.999930e-01	2.561559e-01	0.000000e+00
3.163426177166874e-08	4.999932e-01	2.569496e-01	0.000000e+00
3.166554748595449e-08	4.999934e-01	2.577433e-01	0.000000e+00
3.169683320024024e-08	4.999936e-01	2.585370e-01	0.000000e+00
3.169783320024024e-08	4.999936e-01	2.585623e-01	0.000000e+00
3.184397605738326e-08	4.999944e-01	2.622699e-01	0.000000e+00
3.199011891452628e-08	4.999952e-01	2.659775e-01	0.000000e+00
3.213626177166931e-08	4.999959e-01	2.696851e-01	0.000000e+00
3.228240462881233e-08	4.999964e-01	2.733927e-01	0.000000e+00
3.242854748595535e-08	4.999969e-01	2.771004e-01	0.000000e+00
3.257469034309837e-08	4.999974e-01	2.808080e-01	0.000000e+00
3.272083320024140e-08	4.999977e-01	2.845156e-01	0.000000e+00
3.272183320024140e-08	4.999977e-01	2.845410e-01	0.000000e+00
3.286797605738442e-08	4.999980e-01	2.882486e-01	0.000000e+00
3.301411891452744e-08	4.999983e-01	2.919562e-01	0.000000e+00
3.316026177167047e-08	4.999985e-01	2.956638e-01	0.000000e+00
3.330640462881349e-08	4.999987e-01	2.993715e-01	0.000000e+00
3.345254748595651e-08	4.999989e-01	3.030791e-01	0.000000e+00
3.359869034309953e-08	4.999991e-01	3.067867e-01	0.000000e+00
3.374483320024256e-08	4.999992e-01	3.104944e-01	0.000000e+00
3.374583320024256e-08	4.999992e-01	3.105198e-01	0.000000e+00
3.389197605738558e-08	4.999993e-01	3.142274e-01	0.000000e+00
3.403811891452860e-08	4.999994e-01	3.179350e-01	0.000000e+00
3.418426177167163e-08	4.999995e-01	3.216426e-01	0.000000e+00
3.433040462881465e-08	4.999995e-01	3.253503e-01	0.000000e+00
3.447654748595767e-08	4.999996e-01	3.290579e-01	0.000000e+00
3.462269034310069e-08	4.999997e-01	3.327656e-01	0.000000e+00
3.476883320024372e-08	4.999997e-01	3.364732e-01	0.000000e+00
3.476983320024372e-08	4.999997e-01	3.364986e-01	0.000000e+00
3.579383320024488e-08	4.999999e-01	3.624774e-01	0.000000e+00
3.681783320024604e-08	5.000000e-01	3.884563e-01	0.000000e+00
3.784183320024720e-08	5.000000e-01	4.144351e-01	0.000000e+00
3.857683320024804e-08	5.000000e-01	4.330821e-01	0.000000e+00
3.857983320024804e-08	5.000000e-01	4.331582e-01	0.000000e+00
3.858283320024804e-08	5.000000e-01	4.332343e-01	0.000000e+00
3.858583320024805e-08	5.000000e-01	4.333104e-01	0.000000e+00
3.858883320024805e-08	5.000000e-01	4.333865e-01	0.000000e+00
3.859183320024805e-08	5.000000e-01	4.334626e-01	0.000000e+00
3.859483320024806e-08	5.000000e-01	4.335387e-01	0.000000e+00
3.859783320024806e-08	4.999999e-01	4.336148e-01	0.000000e+00
3.860283320024807e-08	4.999999e-01	4.337417e-01	0.000000e+00
3.860783320024807e-08	4.999999e-01	4.338685e-01	0.000000e+00
3.861283320024808e-08	4.999998e-01	4.339954e-01	0.000000e+00
3.861783320024808e-08	4.999997e-01	4.341222e-01	0.000000e+00
3.862283320024809e-08	4.999996e-01	4.342491e-01	0.000000e+00
3.862783320024809e-08	4.999995e-01	4.343759e-01	0.000000e+00
3.863283320024810e-08	4.999993e-01	4.345028e-01	0.000000e+00
3.864054748596240e-08	4.999991e-01	4.346985e-01	0.000000e+00
3.864826177167669e-08	4.999987e-01	4.348942e-01	0.000000e+00
3.865597605739099e-08	4.999983e-01	4.350899e-01	0.000000e+00
3.866369034310528e-08	4.999977e-01	4.352856e-01	0.000000e+00
3.867140462881957e-08	4.999971e-01	4.354814e-01	0.000000e+00
3.867911891453387e-08	4.999964e-01	4.356771e-01	0.000000e+00
3.868683320024816e-08	4.999956e-01	4.358728e-01	0.000000e+00
3.869911891453389e-08	4.999942e-01	4.361845e-01	0.000000e+00
3.871140462881962e-08	4.999924e-01	4.364961e-01	0.000000e+00
3.872369034310534e-08	4.999903e-01	4.368078e-01	0.000000e+00
3.873597605739108e-08	4.999879e-01	4.371195e-01	0.000000e+00
3.874826177167680e-08	4.999852e-01	4.374312e-01	0.000000e+00
3.876054748596253e-08	4.999821e-01	4.377429e-01	0.000000e+00
3.877283320024826e-08	4.999788e-01	4.380546e-01	0.000000e+00
3.878597605739113e-08	4.999748e-01	4.383880e-01	0.000000e+00
3.879911891453400e-08	4.999705e-01	4.387214e-01	0.000000e+00
3.881226177167688e-08	4.999657e-01	4.390549e-01	0.000000e+00
3.882540462881975e-08	4.999605e-01	4.393883e-01	0.000000e+00
3.883854748596262e-08	4.999549e-01	4.397217e-01	0.000000e+00
3.885169034310549e-08	4.999489e-01	4.400552e-01	0.000000e+00
3.886483320024836e-08	4.999424e-01	4.403886e-01	0.000000e+00
3.886583320024836e-08	4.999419e-01	4.404140e-01	0.000000e+00
3.889883320024840e-08	4.999236e-01	4.412512e-01	0.000000e+00
3.893183320024844e-08	4.999030e-01	4.420884e-01	0.000000e+00
3.896483320024848e-08	4.998801e-01	4.429256e-01	0.000000e+00
3.899783320024851e-08	4.998549e-01	4.437628e-01	0.000000e+00
3.903083320024855e-08	4.998274e-01	4.446000e-01	0.000000e+00
3.906383320024859e-08	4.997975e-01	4.454373e-01	0.000000e+00
3.909683320024863e-08	4.997654e-01	4.462745e-01	0.000000e+00
3.916626177167728e-08	4.996891e-01	4.480359e-01	0.000000e+00
3.923569034310592e-08	4.996095e-01	4.497973e-01	0.000000e+00
3.930511891453458e-08	4.995266e-01	4.515587e-01	0.000000e+00
3.937454748596323e-08	4.994403e-01	4.533201e-01	0.000000e+00
3.944397605739188e-08	4.993506e-01	4.550815e-01	0.000000e+00
3.951340462882053e-08	4.992577e-01	4.568429e-01	0.000000e+00
3.958283320024918e-08	4.991613e-01	4.586043e-01	0.000000e+00
3.962654748596351e-08	4.991026e-01	4.597133e-01	0.000000e+00
3.967026177167785e-08	4.990448e-01	4.608223e-01	0.000000e+00
3.971397605739219e-08	4.989881e-01	4.619314e-01	0.000000e+00
3.975769034310652e-08	4.989324e-01	4.630404e-01	0.000000e+00
3.980140462882085e-08	4.988778e-01	4.641494e-01	0.000000e+00
3.984511891453519e-08	4.988241e-01	4.652585e-01	0.000000e+00
3.988883320024952e-08	4.987715e-01	4.663675e-01	0.000000e+00
3.988983320024953e-08	4.987704e-01	4.663928e-01	0.000000e+00
3.995526177167817e-08	4.986948e-01	4.680528e-01	0.000000e+00
4.002069034310681e-08	4.986238e-01	4.697127e-01	0.000000e+00
4.008611891453546e-08	4.985575e-01	4.713726e-01	0.000000e+00
4.015154748596411e-08	4.984959e-01	4.730325e-01	0.000000e+00
4.021697605739276e-08	4.984389e-01	4.746925e-01	0.000000e+00
4.028240462882140e-08	4.983866e-01	4.763524e-01	0.000000e+00
4.034783320025004e-08	4.983390e-01	4.780123e-01	0.000000e+00
4.077083320025052e-08	4.981638e-01	4.887438e-01	0.000000e+00
4.079111891453626e-08	4.981610e-01	4.892585e-01	0.000000e+00
4.081140462882200e-08	4.981587e-01	4.897731e-01	0.000000e+00
4.083169034310773e-08	4.981570e-01	4.902877e-01	0.000000e+00
4.085197605739348e-08	4.981557e-01	4.908024e-01	0.000000e+00
4.087226177167921e-08	4.981550e-01	4.913170e-01	0.000000e+00
4.089254748596495e-08	4.981547e-01	4.918317e-01	0.000000e+00
4.091283320025069e-08	4.981550e-01	4.923463e-01	0.000000e+00
4.091383320025069e-08	4.981550e-01	4.923717e-01	0.000000e+00
4.098497605739363e-08	4.981602e-01	4.941766e-01	0.000000e+00
4.105611891453656e-08	4.981711e-01	4.959815e-01	0.000000e+00
4.112726177167950e-08	4.981875e-01	4.977864e-01	0.000000e+00
4.119840462882244e-08	4.982095e-01	4.995913e-01	0.000000e+00
4.126954748596538e-08	4.982371e-01	5.013962e-01	0.000000e+00
4.134069034310831e-08	4.982704e-01	5.032011e-01	0.000000e+00
4.141183320025125e-08	4.983092e-01	5.050060e-01	0.000000e+00
4.146526177167989e-08	4.983416e-01	5.063614e-01	0.000000e+00
4.151869034310851e-08	4.983766e-01	5.077169e-01	0.000000e+00
4.157211891453715e-08	4.984141e-01	5.090724e-01	0.000000e+00
4.162554748596578e-08	4.984543e-01	5.104279e-01	0.000000e+00
4.167897605739441e-08	4.984971e-01	5.117833e-01	0.000000e+00
4.173240462882304e-08	4.985425e-01	5.131388e-01	0.000000e+00
4.178583320025168e-08	4.985906e-01	5.144943e-01	0.000000e+00
4.178783320025168e-08	4.985924e-01	5.145451e-01	0.000000e+00
4.178983320025168e-08	4.985942e-01	5.145958e-01	0.000000e+00
4.181083320025170e-08	4.986137e-01	5.151302e-01	0.000000e+00
4.183183320025173e-08	4.986336e-01	5.156615e-01	0.000000e+00
4.185283320025175e-08	4.986538e-01	5.161898e-01	0.000000e+00
4.187383320025178e-08	4.986744e-01	5.167151e-01	0.000000e+00
4.189483320025180e-08	4.986953e-01	5.172374e-01	0.000000e+00
4.191583320025182e-08	4.987166e-01	5.177566e-01	0.000000e+00
4.193683320025185e-08	4.987382e-01	5.182728e-01	0.000000e+00
4.193783320025185e-08	4.987392e-01	5.182971e-01	0.000000e+00
4.199097605739477e-08	4.987956e-01	5.195799e-01	0.000000e+00
4.204411891453768e-08	4.988539e-01	5.208180e-01	0.000000e+00
4.209726177168060e-08	4.989141e-01	5.220114e-01	0.000000e+00
4.215040462882352e-08	4.989762e-01	5.231602e-01	0.000000e+00
4.220354748596644e-08	4.990402e-01	5.242643e-01	0.000000e+00
4.225669034310935e-08	4.991062e-01	5.253237e-01	0.000000e+00
4.230983320025227e-08	4.991740e-01	5.263385e-01	0.000000e+00
4.240283320025238e-08	4.992973e-01	5.279788e-01	0.000000e+00
4.249583320025248e-08	4.994247e-01	5.295046e-01	0.000000e+00
4.258883320025259e-08	4.995565e-01	5.309161e-01	0.000000e+00
4.268183320025269e-08	4.996924e-01	5.322131e-01	0.000000e+00
4.277483320025280e-08	4.998326e-01	5.333958e-01	0.000000e+00
4.286783320025290e-08	4.999770e-01	5.344641e-01	0.000000e+00
4.296083320025301e-08	5.001256e-01	5.354180e-01	0.000000e+00
4.296183320025301e-08	5.001273e-01	5.354280e-01	0.000000e+00
4.305669034311026e-08	5.002822e-01	5.363178e-01	0.000000e+00
4.315154748596751e-08	5.004399e-01	5.371425e-01	0.000000e+00
4.324640462882476e-08	5.006004e-01	5.379020e-01	0.000000e+00
4.334126177168201e-08	5.007637e-01	5.385965e-01	0.000000e+00
4.343611891453926e-08	5.009297e-01	5.392259e-01	0.000000e+00
4.353097605739651e-08	5.010985e-01	5.397902e-01	0.000000e+00
4.362583320025376e-08	5.012701e-01	5.402894e-01	0.000000e+00
4.367711891453953e-08	5.013636e-01	5.405461e-01	0.000000e+00
4.372840462882530e-08	5.014576e-01	5.407913e-01	0.000000e+00
4.377969034311108e-08	5.015522e-01	5.410252e-01	0.000000e+00
4.383097605739685e-08	5.016474e-01	5.412478e-01	0.000000e+00
4.388226177168263e-08	5.017430e-01	5.414589e-01	0.000000e+00
4.393354748596840e-08	5.018393e-01	5.416587e-01	0.000000e+00
4.398483320025417e-08	5.019360e-01	5.418471e-01	0.000000e+00
4.398583320025417e-08	5.019379e-01	5.418507e-01	0.000000e+00
4.407811891453999e-08	5.021134e-01	5.421630e-01	0.000000e+00
4.417040462882581e-08	5.022902e-01	5.424528e-01	0.000000e+00
4.426269034311162e-08	5.024681e-01	5.427203e-01	0.000000e+00
4.435497605739745e-08	5.026472e-01	5.429652e-01	0.000000e+00
4.444726177168327e-08	5.028276e-01	5.431878e-01	0.000000e+00
4.453954748596908e-08	5.030091e-01	5.433879e-01	0.000000e+00
4.463183320025490e-08	5.031919e-01	5.435655e-01	0.000000e+00
4.468569034311210e-08	5.032989e-01	5.436639e-01	0.000000e+00
4.473954748596931e-08	5.034062e-01	5.437578e-01	0.000000e+00
4.479340462882651e-08	5.035137e-01	5.438471e-01	0.000000e+00
4.484726177168372e-08	5.036215e-01	5.439318e-01	0.000000e+00
4.490111891454092e-08	5.037296e-01	5.440120e-01	0.000000e+00
4.495497605739813e-08	5.038380e-01	5.440877e-01	0.000000e+00
4.500883320025533e-08	5.039466e-01	5.441588e-01	0.000000e+00
4.500983320025533e-08	5.039486e-01	5.441601e-01	0.000000e+00
4.510326177168401e-08	5.041377e-01	5.442735e-01	0.000000e+00
4.519669034311268e-08	5.043273e-01	5.443787e-01	0.000000e+00
4.529011891454136e-08	5.045175e-01	5.444757e-01	0.000000e+00
4.538354748597004e-08	5.047082e-01	5.445645e-01	0.000000e+00
4.547697605739872e-08	5.048994e-01	5.446450e-01	0.000000e+00
4.557040462882739e-08	5.050912e-01	5.447174e-01	0.000000e+00
4.566383320025607e-08	5.052835e-01	5.447814e-01	0.000000e+00
4.571654748597042e-08	5.053921e-01	5.448158e-01	0.000000e+00
4.576926177168477e-08	5.055009e-01	5.448486e-01	0.000000e+00
4.582197605739911e-08	5.056098e-01	5.448798e-01	0.000000e+00
4.587469034311345e-08	5.057187e-01	5.449095e-01	0.000000e+00
4.592740462882780e-08	5.058278e-01	5.449376e-01	0.000000e+00
4.598011891454214e-08	5.059370e-01	5.449641e-01	0.000000e+00
4.603283320025649e-08	5.060464e-01	5.449891e-01	0.000000e+00
4.603383320025649e-08	5.060484e-01	5.449896e-01	0.000000e+00
4.613040462882803e-08	5.062490e-01	5.450316e-01	0.000000e+00
4.622697605739957e-08	5.064498e-01	5.450705e-01	0.000000e+00
4.632354748597111e-08	5.066508e-01	5.451063e-01	0.000000e+00
4.642011891454264e-08	5.068521e-01	5.451389e-01	0.000000e+00
4.651669034311418e-08	5.070536e-01	5.451684e-01	0.000000e+00
4.661326177168572e-08	5.072554e-01	5.451948e-01	0.000000e+00
4.670983320025726e-08	5.074574e-01	5.452181e-01	0.000000e+00
4.675940462882874e-08	5.075611e-01	5.452294e-01	0.000000e+00
4.680897605740023e-08	5.076649e-01	5.452403e-01	0.000000e+00
4.685854748597171e-08	5.077687e-01	5.452507e-01	0.000000e+00
4.690811891454320e-08	5.078725e-01	5.452606e-01	0.000000e+00
4.695769034311468e-08	5.079764e-01	5.452700e-01	0.000000e+00
4.700726177168617e-08	5.080804e-01	5.452789e-01	0.000000e+00
4.705683320025765e-08	5.081844e-01	5.452874e-01	0.000000e+00
4.705783320025765e-08	5.081865e-01	5.452875e-01	0.000000e+00
4.715383320025776e-08	5.083880e-01	5.453025e-01	-7.850048e-11
4.724983320025787e-08	5.085896e-01	5.453164e-01	-1.079235e-10
4.734583320025798e-08	5.087912e-01	5.453292e-01	-8.826900e-11
4.744183320025809e-08	5.089930e-01	5.453409e-01	-1.953704e-11
4.753783320025820e-08	5.091949e-01	5.453514e-01	9.827239e-11
4.763383320025831e-08	5.093969e-01	5.453609e-01	2.651593e-10
4.772983320025842e-08	5.095990e-01	5.453693e-01	4.811237e-10
4.773454748597271e-08	5.096090e-01	5.453697e-01	6.142564e-10
4.773926177168700e-08	5.096189e-01	5.453701e-01	1.500385e-09
4.774397605740129e-08	5.096288e-01	5.453704e-01	3.139510e-09
4.774869034311558e-08	5.096387e-01	5.453708e-01	5.531631e-09
4.775340462882987e-08	5.096487e-01	5.453712e-01	8.676748e-09
4.775811891454416e-08	5.096586e-01	5.453716e-01	1.257486e-08
4.776283320025845e-08	5.096685e-01	5.453720e-01	1.722597e-08
4.776826177168703e-08	5.096799e-01	5.453725e-01	2.365007e-08
4.777369034311561e-08	5.096914e-01	5.453729e-01	3.407495e-08
4.777911891454418e-08	5.097028e-01	5.453733e-01	4.850061e-08
4.778454748597276e-08	5.097142e-01	5.453738e-01	6.692703e-08
4.778997605740134e-08	5.097257e-01	5.453742e-01	8.935423e-08
4.779540462882992e-08	5.097371e-01	5.453747e-01	1.157822e-07
4.780083320025850e-08	5.097485e-01	5.453751e-01	1.462110e-07
4.780797605740136e-08	5.097636e-01	5.453757e-01	1.930680e-07
4.781511891454423e-08	5.097786e-01	5.453762e-01	2.576789e-07
4.782226177168709e-08	5.097936e-01	5.453768e-01	3.400437e-07
4.782940462882996e-08	5.098087e-01	5.453774e-01	4.401623e-07
4.783654748597282e-08	5.098237e-01	5.453779e-01	5.580349e-07
4.784369034311568e-08	5.098387e-01	5.453784e-01	6.936613e-07
4.785083320025855e-08	5.098538e-01	5.453790e-01	8.470416e-07
4.786154748597285e-08	5.098764e-01	5.453798e-01	1.111255e-06
4.787226177168715e-08	5.098990e-01	5.453806e-01	1.462701e-06
4.788297605740145e-08	5.099215e-01	5.453814e-01	1.901379e-06
4.789369034311574e-08	5.099441e-01	5.453822e-01	2.427291e-06
4.790440462883004e-08	5.099667e-01	5.453829e-01	3.040435e-06
4.791511891454434e-08	5.099892e-01	5.453837e-01	3.740811e-06
4.792583320025864e-08	5.100118e-01	5.453844e-01	4.528421e-06
4.793754748597294e-08	5.100365e-01	5.453852e-01	5.518971e-06
4.794926177168724e-08	5.100611e-01	5.453861e-01	6.698113e-06
4.796097605740154e-08	5.100858e-01	5.453869e-01	8.065845e-06
4.797269034311583e-08	5.101105e-01	5.453877e-01	9.622168e-06
4.798440462883013e-08	5.101352e-01	5.453884e-01	1.136708e-05
4.799611891454443e-08	5.101599e-01	5.453892e-01	1.330059e-05
4.800783320025873e-08	5.101845e-01	5.453900e-01	1.542268e-05
4.801826177168732e-08	5.102065e-01	5.453906e-01	1.751518e-05
4.802869034311589e-08	5.102285e-01	5.453913e-01	1.982674e-05
4.803911891454448e-08	5.102505e-01	5.453920e-01	2.235736e-05
4.804954748597306e-08	5.102725e-01	5.453926e-01	2.510704e-05
4.805997605740165e-08	5.102944e-01	5.453932e-01	2.807579e-05
4.807040462883023e-08	5.103164e-01	5.453939e-01	3.126359e-05
4.808083320025881e-08	5.103384e-01	5.453945e-01	3.467045e-05
4.808183320025881e-08	5.103405e-01	5.453945e-01	3.501244e-05
4.810026177168741e-08	5.103794e-01	5.453956e-01	4.161947e-05
4.811869034311600e-08	5.104182e-01	5.453967e-01	4.918455e-05
4.813711891454459e-08	5.104570e-01	5.453978e-01	5.770768e-05
4.815554748597318e-08	5.104959e-01	5.453988e-01	6.718885e-05
4.817397605740178e-08	5.105347e-01	5.453998e-01	7.762808e-05
4.819240462883037e-08	5.105736e-01	5.454008e-01	8.902535e-05
4.821083320025896e-08	5.106124e-01	5.454018e-01	1.013807e-04
4.823869034311613e-08	5.106712e-01	5.454033e-01	1.220521e-04
4.826654748597331e-08	5.107299e-01	5.454047e-01	1.457443e-04
4.829440462883048e-08	5.107886e-01	5.454060e-01	1.724575e-04
4.832226177168766e-08	5.108474e-01	5.454074e-01	2.021916e-04
4.835011891454483e-08	5.109061e-01	5.454087e-01	2.349465e-04
4.837797605740201e-08	5.109649e-01	5.454099e-01	2.707224e-04
4.840583320025918e-08	5.110236e-01	5.454112e-01	3.095191e-04
4.845883320025924e-08	5.111354e-01	5.454134e-01	3.924129e-04
4.851183320025930e-08	5.112473e-01	5.454155e-01	4.893545e-04
4.856483320025936e-08	5.113591e-01	5.454175e-01	6.003440e-04
4.861783320025942e-08	5.114709e-01	5.454194e-01	7.253813e-04
4.867083320025948e-08	5.115828e-01	5.454213e-01	8.644666e-04
4.872383320025954e-08	5.116946e-01	5.454230e-01	1.017600e-03
4.877683320025960e-08	5.118065e-01	5.454246e-01	1.184781e-03
4.882369034311680e-08	5.119054e-01	5.454259e-01	1.345792e-03
4.887054748597400e-08	5.120043e-01	5.454272e-01	1.518510e-03
4.891740462883119e-08	5.121032e-01	5.454285e-01	1.702935e-03
4.896426177168839e-08	5.122021e-01	5.454297e-01	1.899067e-03
4.901111891454558e-08	5.123011e-01	5.454309e-01	2.106907e-03
4.905797605740278e-08	5.124000e-01	5.454319e-01	2.326454e-03
4.910483320025997e-08	5.124989e-01	5.454330e-01	2.557709e-03
4.910583320025998e-08	5.125011e-01	5.454330e-01	2.562767e-03
4.922283320026011e-08	5.127481e-01	5.454353e-01	3.198036e-03
4.933983320026024e-08	5.129952e-01	5.454374e-01	3.895158e-03
4.945683320026037e-08	5.132424e-01	5.454394e-01	4.654132e-03
4.957383320026051e-08	5.134895e-01	5.454411e-01	5.474958e-03
4.969083320026064e-08	5.137367e-01	5.454426e-01	6.357637e-03
4.980783320026077e-08	5.139838e-01	5.454439e-01	7.302168e-03
4.992483320026090e-08	5.142310e-01	5.454450e-01	8.308550e-03
5.012983320026114e-08	5.146642e-01	5.454468e-01	1.017614e-02
5.027597605740416e-08	5.149731e-01	5.454478e-01	1.160462e-02
5.042211891454718e-08	5.152819e-01	5.454487e-01	1.308199e-02
5.056826177169021e-08	5.155908e-01	5.454495e-01	1.460826e-02
5.071440462883323e-08	5.158997e-01	5.454503e-01	1.618342e-02
5.086054748597625e-08	5.162085e-01	5.454509e-01	1.780748e-02
5.100669034311927e-08	5.165174e-01	5.454514e-01	1.948043e-02
5.115283320026230e-08	5.168263e-01	5.454518e-01	2.120227e-02
5.115383320026230e-08	5.168284e-01	5.454518e-01	2.121409e-02
5.129997605740532e-08	5.171374e-01	5.454521e-01	2.296352e-02
5.144611891454834e-08	5.174463e-01	5.454525e-01	2.473497e-02
5.159226177169137e-08	5.177552e-01	5.454528e-01	2.652842e-02
5.173840462883439e-08	5.180642e-01	5.454530e-01	2.834389e-02
5.188454748597741e-08	5.183731e-01	5.454532e-01	3.018136e-02
5.203069034312043e-08	5.186821e-01	5.454534e-01	3.204084e-02
5.217683320026346e-08	5.189910e-01	5.454535e-01	3.392234e-02
5.217783320026346e-08	5.189931e-01	5.454535e-01	3.393522e-02
5.232397605740648e-08	5.193020e-01	5.454537e-01	3.582767e-02
5.247011891454950e-08	5.196110e-01	5.454538e-01	3.772928e-02
5.261626177169253e-08	5.199199e-01	5.454539e-01	3.964004e-02
5.276240462883555e-08	5.202289e-01	5.454540e-01	4.155995e-02
5.290854748597857e-08	5.205379e-01	5.454541e-01	4.348901e-02
5.305469034312159e-08	5.208468e-01	5.454542e-01	4.542723e-02
5.320083320026462e-08	5.211558e-01	5.454542e-01	4.737459e-02
5.320183320026462e-08	5.211579e-01	5.454542e-01	4.738792e-02
5.422583320026578e-08	5.233228e-01	5.454544e-01	6.113896e-02
5.524983320026694e-08	5.254877e-01	5.454545e-01	7.500713e-02
5.627383320026810e-08	5.276526e-01	5.454545e-01	8.892016e-02
5.686483320026877e-08	5.289020e-01	5.454546e-01	9.695864e-02
5.686783320026878e-08	5.289084e-01	5.454546e-01	9.699946e-02
5.687083320026878e-08	5.289147e-01	5.454546e-01	9.704027e-02
5.687383320026878e-08	5.289211e-01	5.454546e-01	9.708109e-02
5.687683320026879e-08	5.289274e-01	5.454546e-01	9.712190e-02
5.687983320026879e-08	5.289337e-01	5.454546e-01	9.716272e-02
5.688283320026879e-08	5.289401e-01	5.454547e-01	9.720353e-02
5.688697605741166e-08	5.289488e-01	5.454548e-01	9.725989e-02
5.689111891455452e-08	5.289576e-01	5.454549e-01	9.731625e-02
5.689526177169738e-08	5.289663e-01	5.454551e-01	9.737261e-02
5.689940462884024e-08	5.289751e-01	5.454553e-01	9.742897e-02
5.690354748598310e-08	5.289838e-01	5.454556e-01	9.748534e-02
5.690769034312596e-08	5.289926e-01	5.454560e-01	9.754170e-02
5.691183320026883e-08	5.290014e-01	5.454564e-01	9.759807e-02
5.691783320026883e-08	5.290140e-01	5.454571e-01	9.767970e-02
5.692383320026884e-08	5.290267e-01	5.454580e-01	9.776132e-02
5.692983320026885e-08	5.290394e-01	5.454591e-01	9.784295e-02
5.693583320026885e-08	5.290521e-01	5.454604e-01	9.792458e-02
5.694183320026886e-08	5.290648e-01	5.454619e-01	9.800621e-02
5.694783320026887e-08	5.290775e-01	5.454636e-01	9.808784e-02
5.695383320026887e-08	5.290902e-01	5.454655e-01	9.816948e-02
5.696326177169746e-08	5.291101e-01	5.454688e-01	9.829775e-02
5.697269034312604e-08	5.291301e-01	5.454728e-01	9.842603e-02
5.698211891455462e-08	5.291500e-01	5.454774e-01	9.855431e-02
5.699154748598320e-08	5.291699e-01	5.454825e-01	9.868260e-02
5.700097605741179e-08	5.291899e-01	5.454883e-01	9.881088e-02
5.701040462884037e-08	5.292098e-01	5.454946e-01	9.893916e-02
5.701983320026895e-08	5.292297e-01	5.455016e-01	9.906744e-02
5.703640462884040e-08	5.292647e-01	5.455155e-01	9.929291e-02
5.705297605741185e-08	5.292998e-01	5.455311e-01	9.951838e-02
5.706954748598329e-08	5.293348e-01	5.455485e-01	9.974385e-02
5.708611891455474e-08	5.293698e-01	5.455675e-01	9.996932e-02
5.710269034312618e-08	5.294049e-01	5.455883e-01	1.001948e-01
5.711926177169764e-08	5.294399e-01	5.456109e-01	1.004203e-01
5.713583320026908e-08	5.294750e-01	5.456351e-01	1.006458e-01
5.715883320026911e-08	5.295236e-01	5.456715e-01	1.009587e-01
5.718183320026913e-08	5.295722e-01	5.457095e-01	1.012717e-01
5.720483320026916e-08	5.296208e-01	5.457492e-01	1.015846e-01
5.722783320026919e-08	5.296695e-01	5.457905e-01	1.018976e-01
5.725083320026921e-08	5.297181e-01	5.458334e-01	1.022105e-01
5.727383320026924e-08	5.297667e-01	5.458780e-01	1.025235e-01
5.729683320026926e-08	5.298153e-01	5.459242e-01	1.028365e-01
5.729783320026926e-08	5.298175e-01	5.459263e-01	1.028501e-01
5.732854748598359e-08	5.298824e-01	5.459891e-01	1.032680e-01
5.735926177169791e-08	5.299473e-01	5.460510e-01	1.036860e-01
5.738997605741223e-08	5.300123e-01	5.461120e-01	1.041039e-01
5.742069034312654e-08	5.300772e-01	5.461721e-01	1.045219e-01
5.745140462884087e-08	5.301421e-01	5.462313e-01	1.049399e-01
5.748211891455519e-08	5.302071e-01	5.462896e-01	1.053578e-01
5.751283320026951e-08	5.302720e-01	5.463470e-01	1.057758e-01
5.754369034312668e-08	5.303372e-01	5.464015e-01	1.061958e-01
5.757454748598387e-08	5.304024e-01	5.464530e-01	1.066157e-01
5.760540462884104e-08	5.304677e-01	5.465014e-01	1.070356e-01
5.763626177169822e-08	5.305329e-01	5.465468e-01	1.074555e-01
5.766711891455540e-08	5.305981e-01	5.465890e-01	1.078755e-01
5.769797605741258e-08	5.306634e-01	5.466283e-01	1.082954e-01
5.772883320026975e-08	5.307286e-01	5.466644e-01	1.087154e-01
5.775911891455550e-08	5.307927e-01	5.466961e-01	1.091276e-01
5.778940462884125e-08	5.308567e-01	5.467246e-01	1.095397e-01
5.781969034312700e-08	5.309207e-01	5.467498e-01	1.099519e-01
5.784997605741275e-08	5.309848e-01	5.467717e-01	1.103641e-01
5.788026177169850e-08	5.310488e-01	5.467904e-01	1.107763e-01
5.791054748598425e-08	5.311128e-01	5.468057e-01	1.111885e-01
5.794083320026999e-08	5.311769e-01	5.468178e-01	1.116007e-01
5.796011891455573e-08	5.312176e-01	5.468239e-01	1.118631e-01
5.797940462884146e-08	5.312584e-01	5.468288e-01	1.121256e-01
5.799869034312720e-08	5.312992e-01	5.468326e-01	1.123881e-01
5.801797605741294e-08	5.313399e-01	5.468351e-01	1.126506e-01
5.803726177169868e-08	5.313807e-01	5.468365e-01	1.129131e-01
5.805654748598441e-08	5.314215e-01	5.468367e-01	1.131756e-01
5.807583320027015e-08	5.314623e-01	5.468357e-01	1.134380e-01
5.811083320027019e-08	5.315362e-01	5.468309e-01	1.139144e-01
5.814583320027023e-08	5.316102e-01	5.468230e-01	1.143908e-01
5.818083320027027e-08	5.316842e-01	5.468121e-01	1.148672e-01
5.821583320027031e-08	5.317582e-01	5.467982e-01	1.153436e-01
5.825083320027035e-08	5.318322e-01	5.467813e-01	1.158199e-01
5.828583320027039e-08	5.319062e-01	5.467614e-01	1.162963e-01
5.832083320027042e-08	5.319802e-01	5.467384e-01	1.167727e-01
5.832183320027043e-08	5.319824e-01	5.467378e-01	1.167863e-01
5.838440462884192e-08	5.321147e-01	5.466894e-01	1.176380e-01
5.844697605741343e-08	5.322469e-01	5.466362e-01	1.184897e-01
5.850954748598493e-08	5.323792e-01	5.465780e-01	1.193413e-01
5.857211891455642e-08	5.325115e-01	5.465150e-01	1.201930e-01
5.863469034312792e-08	5.326438e-01	5.464470e-01	1.210447e-01
5.869726177169943e-08	5.327761e-01	5.463742e-01	1.218964e-01
5.875983320027092e-08	5.329084e-01	5.462965e-01	1.227481e-01
5.883597605741387e-08	5.330693e-01	5.461990e-01	1.237846e-01
5.891211891455681e-08	5.332303e-01	5.461007e-01	1.248210e-01
5.898826177169976e-08	5.333913e-01	5.460015e-01	1.258575e-01
5.906440462884269e-08	5.335523e-01	5.459015e-01	1.268940e-01
5.914054748598564e-08	5.337132e-01	5.458007e-01	1.279304e-01
5.921669034312858e-08	5.338742e-01	5.456990e-01	1.289669e-01
5.929283320027153e-08	5.340352e-01	5.455965e-01	1.300034e-01
5.934583320027159e-08	5.341473e-01	5.455269e-01	1.307248e-01
5.944626177170027e-08	5.343596e-01	5.453959e-01	1.320919e-01
5.954669034312895e-08	5.345719e-01	5.452692e-01	1.334590e-01
5.964711891455764e-08	5.347843e-01	5.451468e-01	1.348261e-01
5.974754748598633e-08	5.349966e-01	5.450285e-01	1.361932e-01
5.984797605741500e-08	5.352089e-01	5.449144e-01	1.375603e-01
5.994840462884369e-08	5.354212e-01	5.448046e-01	1.389274e-01
6.004883320027238e-08	5.356335e-01	5.446990e-01	1.402945e-01
6.007283320027240e-08	5.356842e-01	5.446747e-01	1.406212e-01
6.007383320027241e-08	5.356864e-01	5.446738e-01	1.406348e-01
6.007483320027241e-08	5.356885e-01	5.446728e-01	1.406485e-01
6.007583320027241e-08	5.356906e-01	5.446715e-01	1.406621e-01
6.007683320027241e-08	5.356927e-01	5.446706e-01	1.406757e-01
6.007783320027241e-08	5.356948e-01	5.446697e-01	1.406893e-01
6.007983320027241e-08	5.356991e-01	5.446677e-01	1.407165e-01
6.010640462884387e-08	5.357548e-01	5.446412e-01	1.410782e-01
6.013297605741533e-08	5.358115e-01	5.446150e-01	1.414399e-01
6.015954748598678e-08	5.358694e-01	5.445891e-01	1.418017e-01
6.018611891455825e-08	5.359283e-01	5.445636e-01	1.421634e-01
6.021269034312971e-08	5.359883e-01	5.445385e-01	1.425251e-01
6.023926177170117e-08	5.360494e-01	5.445137e-01	1.428868e-01
6.026583320027262e-08	5.361115e-01	5.444893e-01	1.432485e-01
6.036983320027274e-08	5.363723e-01	5.443969e-01	1.446642e-01
6.048583320027287e-08	5.367086e-01	5.443005e-01	1.462433e-01
6.060183320027300e-08	5.370578e-01	5.442098e-01	1.478224e-01
6.071783320027314e-08	5.374201e-01	5.441248e-01	1.494015e-01
6.083383320027327e-08	5.377953e-01	5.440455e-01	1.509806e-01
6.094983320027340e-08	5.381835e-01	5.439718e-01	1.525597e-01
6.106583320027353e-08	5.385846e-01	5.439038e-01	1.541389e-01
6.118183320027366e-08	5.389988e-01	5.438414e-01	1.557180e-01
6.121197605741655e-08	5.391019e-01	5.438259e-01	1.561283e-01
6.124211891455945e-08	5.392044e-01	5.438106e-01	1.565386e-01
6.127226177170234e-08	5.393063e-01	5.437956e-01	1.569490e-01
6.130240462884523e-08	5.394077e-01	5.437810e-01	1.573593e-01
6.133254748598811e-08	5.395084e-01	5.437666e-01	1.577696e-01
6.136269034313101e-08	5.396085e-01	5.437525e-01	1.581800e-01
6.139283320027390e-08	5.397081e-01	5.437388e-01	1.585903e-01
6.139383320027390e-08	5.397114e-01	5.437384e-01	1.586039e-01
6.149911891455974e-08	5.400541e-01	5.436930e-01	1.600372e-01
6.160440462884557e-08	5.403839e-01	5.436504e-01	1.614705e-01
6.170969034313141e-08	5.407008e-01	5.436106e-01	1.629037e-01
6.181497605741723e-08	5.410046e-01	5.435736e-01	1.643370e-01
6.192026177170307e-08	5.412955e-01	5.435394e-01	1.657703e-01
6.202554748598890e-08	5.415735e-01	5.435080e-01	1.672035e-01
6.213083320027474e-08	5.418384e-01	5.434794e-01	1.686368e-01
6.217169034313193e-08	5.419369e-01	5.434688e-01	1.691930e-01
6.221254748598911e-08	5.420334e-01	5.434585e-01	1.697492e-01
6.225340462884630e-08	5.421278e-01	5.434484e-01	1.703054e-01
6.229426177170350e-08	5.422201e-01	5.434387e-01	1.708616e-01
6.233511891456069e-08	5.423104e-01	5.434292e-01	1.714177e-01
6.237597605741787e-08	5.423986e-01	5.434201e-01	1.719739e-01
6.241683320027506e-08	5.424848e-01	5.434113e-01	1.725301e-01
6.241783320027506e-08	5.424868e-01	5.434111e-01	1.725437e-01
6.255926177170380e-08	5.427665e-01	5.433831e-01	1.744690e-01
6.270069034313253e-08	5.430263e-01	5.433575e-01	1.763943e-01
6.284211891456126e-08	5.432662e-01	5.433342e-01	1.783196e-01
6.298354748598999e-08	5.434861e-01	5.433132e-01	1.802449e-01
6.312497605741872e-08	5.436862e-01	5.432945e-01	1.821702e-01
6.326640462884745e-08	5.438663e-01	5.432782e-01	1.840955e-01
6.340783320027619e-08	5.440265e-01	5.432642e-01	1.860207e-01
6.344183320027623e-08	5.440634e-01	5.432609e-01	1.864836e-01
6.358654748599067e-08	5.442083e-01	5.432483e-01	1.884536e-01
6.373126177170513e-08	5.443415e-01	5.432367e-01	1.904236e-01
6.387597605741957e-08	5.444630e-01	5.432263e-01	1.923936e-01
6.402069034313403e-08	5.445728e-01	5.432170e-01	1.943637e-01
6.416540462884847e-08	5.446711e-01	5.432088e-01	1.963337e-01
6.431011891456293e-08	5.447576e-01	5.432017e-01	1.983037e-01
6.445483320027737e-08	5.448325e-01	5.431957e-01	2.002737e-01
6.446583320027739e-08	5.448381e-01	5.431952e-01	2.004235e-01
6.459254748599181e-08	5.448976e-01	5.431904e-01	2.021484e-01
6.471926177170625e-08	5.449526e-01	5.431860e-01	2.038734e-01
6.484597605742067e-08	5.450030e-01	5.431820e-01	2.055984e-01
6.497269034313511e-08	5.450488e-01	5.431784e-01	2.073234e-01
6.509940462884953e-08	5.450901e-01	5.431752e-01	2.090484e-01
6.522611891456397e-08	5.451268e-01	5.431724e-01	2.107734e-01
6.535283320027839e-08	5.451589e-01	5.431699e-01	2.124983e-01
6.548983320027855e-08	5.451912e-01	5.431674e-01	2.143633e-01
6.560854748599296e-08	5.452159e-01	5.431655e-01	2.159794e-01
6.572726177170739e-08	5.452387e-01	5.431638e-01	2.175955e-01
6.584597605742180e-08	5.452597e-01	5.431622e-01	2.192116e-01
6.596469034313623e-08	5.452788e-01	5.431608e-01	2.208276e-01
6.608340462885065e-08	5.452961e-01	5.431595e-01	2.224437e-01
6.620211891456507e-08	5.453115e-01	5.431584e-01	2.240598e-01
6.632083320027949e-08	5.453250e-01	5.431574e-01	2.256759e-01
6.634826177170809e-08	5.453280e-01	5.431572e-01	2.260493e-01
6.637569034313670e-08	5.453310e-01	5.431569e-01	2.264226e-01
6.640311891456530e-08	5.453339e-01	5.431567e-01	2.267960e-01
6.643054748599389e-08	5.453367e-01	5.431565e-01	2.271694e-01
6.645797605742250e-08	5.453395e-01	5.431563e-01	2.275428e-01
6.648540462885110e-08	5.453421e-01	5.431561e-01	2.279162e-01
6.651283320027971e-08	5.453448e-01	5.431560e-01	2.282896e-01
6.651383320027971e-08	5.453449e-01	5.431560e-01	2.283032e-01
6.663040462885127e-08	5.453552e-01	5.431552e-01	2.298901e-01
6.674697605742283e-08	5.453648e-01	5.431545e-01	2.314770e-01
6.686354748599439e-08	5.453735e-01	5.431539e-01	2.330639e-01
6.698011891456596e-08	5.453815e-01	5.431533e-01	2.346508e-01
6.709669034313752e-08	5.453887e-01	5.431528e-01	2.362377e-01
6.721326177170907e-08	5.453951e-01	5.431523e-01	2.378246e-01
6.732983320028063e-08	5.454007e-01	5.431519e-01	2.394115e-01
6.735940462885209e-08	5.454021e-01	5.431518e-01	2.398141e-01
6.738897605742355e-08	5.454035e-01	5.431517e-01	2.402167e-01
6.741854748599501e-08	5.454048e-01	5.431516e-01	2.406192e-01
6.744811891456649e-08	5.454061e-01	5.431515e-01	2.410218e-01
6.747769034313795e-08	5.454073e-01	5.431514e-01	2.414244e-01
6.750726177170941e-08	5.454085e-01	5.431513e-01	2.418269e-01
6.753683320028087e-08	5.454097e-01	5.431513e-01	2.422295e-01
6.753783320028087e-08	5.454097e-01	5.431513e-01	2.422431e-01
6.765840462885243e-08	5.454142e-01	5.431510e-01	2.438844e-01
6.777897605742400e-08	5.454182e-01	5.431507e-01	2.455258e-01
6.789954748599556e-08	5.454220e-01	5.431504e-01	2.471672e-01
6.802011891456714e-08	5.454253e-01	5.431502e-01	2.488085e-01
6.814069034313870e-08	5.454284e-01	5.431500e-01	2.504499e-01
6.826126177171026e-08	5.454310e-01	5.431498e-01	2.520912e-01
6.838183320028183e-08	5.454333e-01	5.431497e-01	2.537326e-01
6.856183320028203e-08	5.454365e-01	5.431494e-01	2.561830e-01
6.868340462885360e-08	5.454383e-01	5.431493e-01	2.578385e-01
6.880497605742516e-08	5.454400e-01	5.431492e-01	2.594937e-01
6.892654748599672e-08	5.454415e-01	5.431490e-01	2.611485e-01
6.904811891456830e-08	5.454429e-01	5.431489e-01	2.628030e-01
6.916969034313987e-08	5.454441e-01	5.431489e-01	2.644571e-01
6.929126177171143e-08	5.454452e-01	5.431488e-01	2.661108e-01
6.941283320028300e-08	5.454462e-01	5.431488e-01	2.677642e-01
6.958583320028319e-08	5.454473e-01	5.431486e-01	2.700864e-01
6.968183320028330e-08	5.454479e-01	5.431486e-01	2.713582e-01
6.977783320028341e-08	5.454485e-01	5.431486e-01	2.725899e-01
6.987383320028352e-08	5.454490e-01	5.431485e-01	2.737816e-01
6.996983320028363e-08	5.454495e-01	5.431485e-01	2.749333e-01
7.006583320028374e-08	5.454499e-01	5.431485e-01	2.760449e-01
7.016183320028385e-08	5.454503e-01	5.431485e-01	2.771165e-01
7.025783320028395e-08	5.454506e-01	5.431485e-01	2.781480e-01
7.030797605742686e-08	5.454508e-01	5.431484e-01	2.786630e-01
7.035811891456979e-08	5.454510e-01	5.431484e-01	2.791645e-01
7.040826177171270e-08	5.454511e-01	5.431484e-01	2.796527e-01
7.045840462885561e-08	5.454513e-01	5.431484e-01	2.801274e-01
7.050854748599852e-08	5.454514e-01	5.431484e-01	2.805887e-01
7.055869034314144e-08	5.454516e-01	5.431484e-01	2.810366e-01
7.060883320028435e-08	5.454517e-01	5.431484e-01	2.814711e-01
7.060983320028435e-08	5.454517e-01	5.431484e-01	2.814797e-01
7.075597605742737e-08	5.454520e-01	5.431484e-01	2.826557e-01
7.090211891457040e-08	5.454524e-01	5.431483e-01	2.837400e-01
7.104826177171342e-08	5.454526e-01	5.431483e-01	2.847325e-01
7.119440462885644e-08	5.454529e-01	5.431483e-01	2.856331e-01
7.134054748599946e-08	5.454531e-01	5.431483e-01	2.864420e-01
7.148669034314249e-08	5.454533e-01	5.431483e-01	2.871591e-01
7.163283320028551e-08	5.454534e-01	5.431483e-01	2.877845e-01
7.163383320028551e-08	5.454534e-01	5.431483e-01	2.877886e-01
7.176726177171424e-08	5.454536e-01	5.431483e-01	2.883035e-01
7.190069034314296e-08	5.454537e-01	5.431482e-01	2.887766e-01
7.203411891457169e-08	5.454538e-01	5.431482e-01	2.892078e-01
7.216754748600040e-08	5.454539e-01	5.431482e-01	2.895970e-01
7.230097605742912e-08	5.454540e-01	5.431482e-01	2.899444e-01
7.243440462885785e-08	5.454540e-01	5.431482e-01	2.902499e-01
7.256783320028657e-08	5.454541e-01	5.431482e-01	2.905135e-01
7.265783320028668e-08	5.454541e-01	5.431482e-01	2.906811e-01
7.277083320028680e-08	5.454542e-01	5.431482e-01	2.908706e-01
7.288383320028693e-08	5.454542e-01	5.431482e-01	2.910459e-01
7.299683320028706e-08	5.454543e-01	5.431482e-01	2.912067e-01
7.310983320028719e-08	5.454543e-01	5.431482e-01	2.913533e-01
7.322283320028732e-08	5.454543e-01	5.431482e-01	2.914854e-01
7.333583320028744e-08	5.454543e-01	5.431482e-01	2.916033e-01
7.344883320028757e-08	5.454543e-01	5.431482e-01	2.917068e-01
7.348197605743046e-08	5.454543e-01	5.431482e-01	2.917361e-01
7.351511891457337e-08	5.454544e-01	5.431482e-01	2.917645e-01
7.354826177171626e-08	5.454544e-01	5.431482e-01	2.917922e-01
7.358140462885915e-08	5.454544e-01	5.431482e-01	2.918190e-01
7.361454748600204e-08	5.454544e-01	5.431482e-01	2.918451e-01
7.364769034314494e-08	5.454544e-01	5.431482e-01	2.918704e-01
7.368083320028784e-08	5.454544e-01	5.431482e-01	2.918949e-01
7.368183320028784e-08	5.454544e-01	5.431482e-01	2.918956e-01
7.378697605743081e-08	5.454544e-01	5.431482e-01	2.919674e-01
7.389211891457379e-08	5.454544e-01	5.431482e-01	2.920339e-01
7.399726177171677e-08	5.454544e-01	5.431482e-01	2.920951e-01
7.410240462885974e-08	5.454544e-01	5.431482e-01	2.921510e-01
7.420754748600271e-08	5.454544e-01	5.431482e-01	2.922016e-01
7.431269034314570e-08	5.454544e-01	5.431482e-01	2.922468e-01
7.441783320028867e-08	5.454544e-01	5.431482e-01	2.922868e-01
7.445883320028872e-08	5.454545e-01	5.431482e-01	2.923017e-01
7.449983320028876e-08	5.454545e-01	5.431482e-01	2.923162e-01
7.454083320028881e-08	5.454545e-01	5.431482e-01	2.923301e-01
7.458183320028886e-08	5.454545e-01	5.431482e-01	2.923435e-01
7.462283320028890e-08	5.454545e-01	5.431482e-01	2.923564e-01
7.466383320028895e-08	5.454545e-01	5.431482e-01	2.923688e-01
7.470483320028900e-08	5.454545e-01	5.431482e-01	2.923807e-01
7.470583320028900e-08	5.454545e-01	5.431482e-01	2.923810e-01
7.476969034314622e-08	5.454545e-01	5.431482e-01	2.923986e-01
7.483354748600342e-08	5.454545e-01	5.431482e-01	2.924152e-01
7.489740462886064e-08	5.454545e-01	5.431482e-01	2.924310e-01
7.496126177171786e-08	5.454545e-01	5.431482e-01	2.924459e-01
7.502511891457508e-08	5.454545e-01	5.431482e-01	2.924600e-01
7.508897605743229e-08	5.454545e-01	5.431482e-01	2.924731e-01
7.515283320028950e-08	5.454545e-01	5.431482e-01	2.924854e-01
7.515583320028951e-08	5.454545e-01	5.431482e-01	2.924859e-01
7.515883320028951e-08	5.454545e-01	5.431482e-01	2.924865e-01
7.516183320028951e-08	5.454545e-01	5.431482e-01	2.924871e-01
7.516483320028952e-08	5.454545e-01	5.431482e-01	2.924876e-01
7.516783320028952e-08	5.454545e-01	5.431482e-01	2.924882e-01
7.517083320028952e-08	5.454545e-01	5.431482e-01	2.924887e-01
7.517469034314668e-08	5.454545e-01	5.431482e-01	2.924894e-01
7.517854748600381e-08	5.454544e-01	5.431482e-01	2.924901e-01
7.518240462886096e-08	5.454544e-01	5.431482e-01	2.924908e-01
7.518626177171812e-08	5.454544e-01	5.431482e-01	2.924915e-01
7.519011891457527e-08	5.454543e-01	5.431481e-01	2.924922e-01
7.519397605743240e-08	5.454543e-01	5.431481e-01	2.924929e-01
7.519783320028956e-08	5.454542e-01	5.431481e-01	2.924936e-01
7.520354748600384e-08	5.454541e-01	5.431481e-01	2.924947e-01
7.520926177171814e-08	5.454539e-01	5.431480e-01	2.924957e-01
7.521497605743243e-08	5.454537e-01	5.431479e-01	2.924967e-01
7.522069034314673e-08	5.454535e-01	5.431478e-01	2.924977e-01
7.522640462886101e-08	5.454532e-01	5.431477e-01	2.924987e-01
7.523211891457531e-08	5.454530e-01	5.431475e-01	2.924997e-01
7.523783320028960e-08	5.454527e-01	5.431473e-01	2.925007e-01
7.524669034314676e-08	5.454521e-01	5.431469e-01	2.925023e-01
7.525554748600390e-08	5.454514e-01	5.431464e-01	2.925038e-01
7.526440462886106e-08	5.454507e-01	5.431457e-01	2.925053e-01
7.527326177171821e-08	5.454498e-01	5.431448e-01	2.925068e-01
7.528211891457537e-08	5.454489e-01	5.431437e-01	2.925083e-01
7.529097605743251e-08	5.454479e-01	5.431425e-01	2.925097e-01
7.529983320028967e-08	5.454468e-01	5.431411e-01	2.925112e-01
7.531554748600397e-08	5.454445e-01	5.431382e-01	2.925137e-01
7.533126177171828e-08	5.454420e-01	5.431341e-01	2.925163e-01
7.534697605743258e-08	5.454392e-01	5.431289e-01	2.925187e-01
7.536269034314689e-08	5.454362e-01	5.431224e-01	2.925212e-01
7.537840462886119e-08	5.454330e-01	5.431148e-01	2.925236e-01
7.539411891457550e-08	5.454295e-01	5.431059e-01	2.925260e-01
7.540983320028980e-08	5.454257e-01	5.430959e-01	2.925283e-01
7.543097605743267e-08	5.454203e-01	5.430800e-01	2.925314e-01
7.545211891457556e-08	5.454148e-01	5.430604e-01	2.925344e-01
7.547326177171844e-08	5.454091e-01	5.430372e-01	2.925374e-01
7.549440462886132e-08	5.454033e-01	5.430103e-01	2.925403e-01
7.551554748600420e-08	5.453974e-01	5.429798e-01	2.925432e-01
7.553669034314709e-08	5.453913e-01	5.429456e-01	2.925460e-01
7.555783320028996e-08	5.453851e-01	5.429077e-01	2.925487e-01
7.558154748600427e-08	5.453782e-01	5.428599e-01	2.925517e-01
7.560526177171859e-08	5.453716e-01	5.428063e-01	2.925547e-01
7.562897605743290e-08	5.453652e-01	5.427468e-01	2.925576e-01
7.565269034314722e-08	5.453591e-01	5.426815e-01	2.925604e-01
7.567640462886152e-08	5.453532e-01	5.426104e-01	2.925631e-01
7.570011891457584e-08	5.453475e-01	5.425334e-01	2.925658e-01
7.572383320029015e-08	5.453421e-01	5.424506e-01	2.925684e-01
7.572983320029016e-08	5.453408e-01	5.424286e-01	2.925691e-01
7.575097605743304e-08	5.453365e-01	5.423481e-01	2.925714e-01
7.577211891457593e-08	5.453325e-01	5.422628e-01	2.925736e-01
7.579326177171880e-08	5.453289e-01	5.421728e-01	2.925758e-01
7.581440462886168e-08	5.453257e-01	5.420779e-01	2.925780e-01
7.583554748600456e-08	5.453228e-01	5.419783e-01	2.925801e-01
7.585669034314745e-08	5.453202e-01	5.418739e-01	2.925822e-01
7.587783320029033e-08	5.453180e-01	5.417648e-01	2.925842e-01
7.589297605743320e-08	5.453167e-01	5.416838e-01	2.925856e-01
7.590811891457608e-08	5.453156e-01	5.416005e-01	2.925870e-01
7.592326177171895e-08	5.453146e-01	5.415149e-01	2.925884e-01
7.593840462886182e-08	5.453139e-01	5.414270e-01	2.925898e-01
7.595354748600469e-08	5.453134e-01	5.413369e-01	2.925911e-01
7.596869034314758e-08	5.453130e-01	5.412444e-01	2.925924e-01
7.598383320029045e-08	5.453128e-01	5.411497e-01	2.925937e-01
7.599897605743332e-08	5.453128e-01	5.410527e-01	2.925950e-01
7.601411891457620e-08	5.453130e-01	5.409537e-01	2.925963e-01
7.602926177171907e-08	5.453134e-01	5.408525e-01	2.925976e-01
7.604440462886194e-08	5.453140e-01	5.407493e-01	2.925988e-01
7.605954748600481e-08	5.453147e-01	5.406440e-01	2.926000e-01
7.607469034314770e-08	5.453156e-01	5.405366e-01	2.926012e-01
7.608983320029057e-08	5.453167e-01	5.404271e-01	2.926024e-01
7.616054748600493e-08	5.453250e-01	5.398823e-01	2.926077e-01
7.623126177171930e-08	5.453353e-01	5.393067e-01	2.926126e-01
7.630197605743366e-08	5.453475e-01	5.387004e-01	2.926173e-01
7.637269034314803e-08	5.453617e-01	5.380633e-01	2.926216e-01
7.644340462886239e-08	5.453779e-01	5.373954e-01	2.926257e-01
7.651411891457677e-08	5.453961e-01	5.366968e-01	2.926295e-01
7.658483320029113e-08	5.454163e-01	5.359675e-01	2.926330e-01
7.660883320029116e-08	5.454229e-01	5.357178e-01	2.926341e-01
7.663283320029118e-08	5.454295e-01	5.354663e-01	2.926353e-01
7.665683320029121e-08	5.454361e-01	5.352127e-01	2.926364e-01
7.668083320029124e-08	5.454427e-01	5.349573e-01	2.926374e-01
7.670483320029126e-08	5.454494e-01	5.346999e-01	2.926385e-01
7.672883320029129e-08	5.454560e-01	5.344406e-01	2.926395e-01
7.675283320029132e-08	5.454626e-01	5.341793e-01	2.926405e-01
7.675383320029132e-08	5.454629e-01	5.341684e-01	2.926405e-01
7.680840462886281e-08	5.454780e-01	5.335669e-01	2.926427e-01
7.686297605743430e-08	5.454926e-01	5.329600e-01	2.926448e-01
7.691754748600579e-08	5.455068e-01	5.323477e-01	2.926468e-01
7.697211891457729e-08	5.455204e-01	5.317301e-01	2.926486e-01
7.702669034314878e-08	5.455335e-01	5.311070e-01	2.926504e-01
7.708126177172026e-08	5.455462e-01	5.304786e-01	2.926521e-01
7.713583320029175e-08	5.455583e-01	5.298448e-01	2.926537e-01
7.719369034314897e-08	5.455703e-01	5.291703e-01	2.926553e-01
7.725154748600616e-08	5.455814e-01	5.284941e-01	2.926568e-01
7.730940462886338e-08	5.455917e-01	5.278164e-01	2.926582e-01
7.736726177172059e-08	5.456012e-01	5.271370e-01	2.926596e-01
7.742511891457780e-08	5.456097e-01	5.264561e-01	2.926609e-01
7.748297605743500e-08	5.456175e-01	5.257736e-01	2.926621e-01
7.754083320029221e-08	5.456244e-01	5.250896e-01	2.926632e-01
7.757454748600653e-08	5.456280e-01	5.246913e-01	2.926639e-01
7.760826177172086e-08	5.456313e-01	5.242932e-01	2.926645e-01
7.764197605743518e-08	5.456344e-01	5.238951e-01	2.926651e-01
7.767569034314951e-08	5.456372e-01	5.234972e-01	2.926656e-01
7.770940462886383e-08	5.456397e-01	5.230993e-01	2.926662e-01
7.774311891457816e-08	5.456419e-01	5.227015e-01	2.926667e-01
7.777683320029248e-08	5.456439e-01	5.223038e-01	2.926673e-01
7.777783320029248e-08	5.456439e-01	5.222920e-01	2.926673e-01
7.782497605743539e-08	5.456462e-01	5.217364e-01	2.926680e-01
7.787211891457831e-08	5.456480e-01	5.211814e-01	2.926687e-01
7.791926177172121e-08	5.456494e-01	5.206272e-01	2.926693e-01
7.796640462886412e-08	5.456503e-01	5.200737e-01	2.926699e-01
7.801354748600703e-08	5.456508e-01	5.195210e-01	2.926705e-01
7.806069034314995e-08	5.456508e-01	5.189690e-01	2.926711e-01
7.810783320029286e-08	5.456504e-01	5.184177e-01	2.926716e-01
7.814397605743575e-08	5.456498e-01	5.179957e-01	2.926720e-01
7.818011891457866e-08	5.456490e-01	5.175742e-01	2.926724e-01
7.821626177172155e-08	5.456480e-01	5.171534e-01	2.926727e-01
7.825240462886445e-08	5.456468e-01	5.167331e-01	2.926731e-01
7.828854748600734e-08	5.456455e-01	5.163134e-01	2.926734e-01
7.832469034315025e-08	5.456439e-01	5.158942e-01	2.926738e-01
7.836083320029314e-08	5.456421e-01	5.154756e-01	2.926741e-01
7.836183320029314e-08	5.456421e-01	5.154641e-01	2.926741e-01
7.836283320029314e-08	5.456420e-01	5.154525e-01	2.926741e-01
7.836383320029315e-08	5.456420e-01	5.154409e-01	2.926741e-01
7.836483320029315e-08	5.456419e-01	5.154294e-01	2.926741e-01
7.836583320029315e-08	5.456418e-01	5.154178e-01	2.926741e-01
7.836683320029315e-08	5.456418e-01	5.154062e-01	2.926741e-01
7.839140462886460e-08	5.456405e-01	5.151232e-01	2.926743e-01
7.841597605743606e-08	5.456391e-01	5.148371e-01	2.926745e-01
7.844054748600751e-08	5.456376e-01	5.145479e-01	2.926747e-01
7.846511891457898e-08	5.456361e-01	5.142555e-01	2.926749e-01
7.848969034315043e-08	5.456345e-01	5.139601e-01	2.926751e-01
7.851426177172189e-08	5.456329e-01	5.136616e-01	2.926753e-01
7.853883320029334e-08	5.456311e-01	5.133599e-01	2.926755e-01
7.857626177172196e-08	5.456284e-01	5.128886e-01	2.926758e-01
7.861369034315058e-08	5.456255e-01	5.124120e-01	2.926760e-01
7.865111891457919e-08	5.456225e-01	5.119302e-01	2.926763e-01
7.868854748600779e-08	5.456193e-01	5.114431e-01	2.926765e-01
7.872597605743641e-08	5.456161e-01	5.109506e-01	2.926767e-01
7.876340462886503e-08	5.456127e-01	5.104530e-01	2.926770e-01
7.880083320029364e-08	5.456092e-01	5.099500e-01	2.926772e-01
7.880183320029364e-08	5.456092e-01	5.099366e-01	2.926772e-01
7.886240462886514e-08	5.456033e-01	5.091201e-01	2.926775e-01
7.892297605743663e-08	5.455973e-01	5.083132e-01	2.926778e-01
7.898354748600813e-08	5.455912e-01	5.075161e-01	2.926781e-01
7.904411891457964e-08	5.455849e-01	5.067287e-01	2.926784e-01
7.910469034315113e-08	5.455785e-01	5.059509e-01	2.926787e-01
7.916526177172263e-08	5.455719e-01	5.051830e-01	2.926789e-01
7.922583320029412e-08	5.455651e-01	5.044247e-01	2.926791e-01
7.931140462886565e-08	5.455555e-01	5.033899e-01	2.926794e-01
7.939697605743717e-08	5.455459e-01	5.023798e-01	2.926797e-01
7.948254748600869e-08	5.455363e-01	5.013943e-01	2.926800e-01
7.956811891458023e-08	5.455267e-01	5.004335e-01	2.926802e-01
7.965369034315175e-08	5.455171e-01	4.994973e-01	2.926805e-01
7.973926177172328e-08	5.455075e-01	4.985858e-01	2.926807e-01
7.982483320029480e-08	5.454980e-01	4.976990e-01	2.926808e-01
7.982583320029480e-08	5.454978e-01	4.976886e-01	2.926808e-01
7.995769034315210e-08	5.454834e-01	4.963600e-01	2.926811e-01
8.008954748600938e-08	5.454695e-01	4.950458e-01	2.926813e-01
8.022140462886668e-08	5.454562e-01	4.937460e-01	2.926815e-01
8.035326177172397e-08	5.454433e-01	4.924607e-01	2.926817e-01
8.048511891458127e-08	5.454309e-01	4.911897e-01	2.926818e-01
8.061697605743855e-08	5.454191e-01	4.899332e-01	2.926820e-01
8.074883320029585e-08	5.454078e-01	4.886911e-01	2.926821e-01
8.084983320029596e-08	5.453995e-01	4.877298e-01	2.926822e-01
8.099597605743898e-08	5.453883e-01	4.863390e-01	2.926823e-01
8.114211891458202e-08	5.453778e-01	4.849403e-01	2.926824e-01
8.128826177172503e-08	5.453679e-01	4.835337e-01	2.926824e-01
8.143440462886805e-08	5.453587e-01	4.821192e-01	2.926825e-01
8.158054748601107e-08	5.453502e-01	4.806968e-01	2.926826e-01
8.172669034315411e-08	5.453424e-01	4.792666e-01	2.926826e-01
8.187283320029712e-08	5.453352e-01	4.778284e-01	2.926826e-01
8.187383320029713e-08	5.453351e-01	4.778185e-01	2.926826e-01
8.201997605744014e-08	5.453285e-01	4.763686e-01	2.926827e-01
8.216611891458318e-08	5.453224e-01	4.749108e-01	2.926827e-01
8.231226177172620e-08	5.453167e-01	4.734451e-01	2.926828e-01
8.245840462886922e-08	5.453115e-01	4.719714e-01	2.926828e-01
8.260454748601223e-08	5.453068e-01	4.704900e-01	2.926828e-01
8.275069034315527e-08	5.453024e-01	4.690006e-01	2.926828e-01
8.289683320029829e-08	5.452986e-01	4.675033e-01	2.926828e-01
8.289783320029829e-08	5.452986e-01	4.674931e-01	2.926828e-01
8.304397605744131e-08	5.452951e-01	4.659896e-01	2.926828e-01
8.319011891458434e-08	5.452919e-01	4.644814e-01	2.926828e-01
8.333626177172736e-08	5.452889e-01	4.629686e-01	2.926829e-01
8.348240462887038e-08	5.452862e-01	4.614511e-01	2.926829e-01
8.362854748601340e-08	5.452837e-01	4.599290e-01	2.926829e-01
8.377469034315643e-08	5.452815e-01	4.584022e-01	2.926829e-01
8.392083320029945e-08	5.452796e-01	4.568707e-01	2.926829e-01
8.392183320029945e-08	5.452796e-01	4.568602e-01	2.926829e-01
8.397683320029951e-08	5.452789e-01	4.562834e-01	2.926829e-01
8.403183320029957e-08	5.452782e-01	4.557061e-01	2.926829e-01
8.408683320029963e-08	5.452775e-01	4.551284e-01	2.926829e-01
8.414183320029970e-08	5.452769e-01	4.545502e-01	2.926829e-01
8.419683320029976e-08	5.452764e-01	4.539717e-01	2.926829e-01
8.425183320029982e-08	5.452758e-01	4.533928e-01	2.926829e-01
8.430683320029988e-08	5.452753e-01	4.528134e-01	2.926829e-01
8.431197605744274e-08	5.452752e-01	4.527592e-01	2.926829e-01
8.431711891458562e-08	5.452752e-01	4.527050e-01	2.926829e-01
8.432226177172848e-08	5.452751e-01	4.526508e-01	2.926829e-01
8.432740462887133e-08	5.452751e-01	4.525966e-01	2.926829e-01
8.433254748601419e-08	5.452750e-01	4.525424e-01	2.926829e-01
8.433769034315707e-08	5.452750e-01	4.524882e-01	2.926829e-01
8.434283320029993e-08	5.452749e-01	4.524340e-01	2.926829e-01
8.434983320029993e-08	5.452748e-01	4.523602e-01	2.926829e-01
8.435683320029994e-08	5.452748e-01	4.522864e-01	2.926829e-01
8.436383320029995e-08	5.452747e-01	4.522126e-01	2.926830e-01
8.437083320029996e-08	5.452746e-01	4.521388e-01	2.926830e-01
8.437783320029996e-08	5.452746e-01	4.520650e-01	2.926830e-01
8.438483320029997e-08	5.452745e-01	4.519912e-01	2.926831e-01
8.439183320029998e-08	5.452744e-01	4.519174e-01	2.926832e-01
8.440869034315715e-08	5.452743e-01	4.517396e-01	2.926833e-01
8.442554748601430e-08	5.452741e-01	4.515618e-01	2.926835e-01
8.444240462887146e-08	5.452740e-01	4.513839e-01	2.926839e-01
8.445926177172863e-08	5.452738e-01	4.512060e-01	2.926845e-01
8.447611891458580e-08	5.452737e-01	4.510281e-01	2.926852e-01
8.449297605744295e-08	5.452736e-01	4.508502e-01	2.926860e-01
8.450983320030011e-08	5.452734e-01	4.506722e-01	2.926869e-01
8.452611891458585e-08	5.452733e-01	4.505002e-01	2.926880e-01
8.454240462887158e-08	5.452732e-01	4.503282e-01	2.926894e-01
8.455869034315732e-08	5.452730e-01	4.501562e-01	2.926909e-01
8.457497605744304e-08	5.452729e-01	4.499841e-01	2.926927e-01
8.459126177172878e-08	5.452727e-01	4.498121e-01	2.926947e-01
8.460754748601451e-08	5.452726e-01	4.496400e-01	2.926970e-01
8.462383320030024e-08	5.452725e-01	4.494679e-01	2.926994e-01
8.464611891458599e-08	5.452723e-01	4.492323e-01	2.927032e-01
8.466840462887172e-08	5.452721e-01	4.489967e-01	2.927076e-01
8.469069034315747e-08	5.452720e-01	4.487610e-01	2.927124e-01
8.471297605744320e-08	5.452718e-01	4.485253e-01	2.927177e-01
8.473526177172894e-08	5.452716e-01	4.482895e-01	2.927235e-01
8.475754748601468e-08	5.452715e-01	4.480537e-01	2.927297e-01
8.477983320030042e-08	5.452713e-01	4.478179e-01	2.927365e-01
8.480340462887187e-08	5.452712e-01	4.475684e-01	2.927443e-01
8.482697605744333e-08	5.452710e-01	4.473188e-01	2.927525e-01
8.485054748601478e-08	5.452709e-01	4.470693e-01	2.927611e-01
8.487411891458625e-08	5.452707e-01	4.468196e-01	2.927702e-01
8.489769034315770e-08	5.452706e-01	4.465700e-01	2.927798e-01
8.492126177172915e-08	5.452704e-01	4.463202e-01	2.927898e-01
8.494483320030061e-08	5.452703e-01	4.460705e-01	2.928002e-01
8.494583320030061e-08	5.452703e-01	4.460599e-01	2.928007e-01
8.500554748601496e-08	5.452699e-01	4.454270e-01	2.928299e-01
8.506526177172932e-08	5.452696e-01	4.447938e-01	2.928595e-01
8.512497605744367e-08	5.452692e-01	4.441604e-01	2.928895e-01
8.518469034315803e-08	5.452689e-01	4.435268e-01	2.929199e-01
8.524440462887237e-08	5.452686e-01	4.428930e-01	2.929506e-01
8.530411891458674e-08	5.452683e-01	4.422590e-01	2.929817e-01
8.536383320030108e-08	5.452681e-01	4.416247e-01	2.930132e-01
8.540797605744399e-08	5.452679e-01	4.411557e-01	2.930350e-01
8.545211891458690e-08	5.452677e-01	4.406866e-01	2.930556e-01
8.549626177172981e-08	5.452675e-01	4.402174e-01	2.930752e-01
8.554040462887271e-08	5.452673e-01	4.397482e-01	2.930935e-01
8.558454748601561e-08	5.452671e-01	4.392788e-01	2.931108e-01
8.562869034315853e-08	5.452670e-01	4.388093e-01	2.931269e-01
8.567283320030143e-08	5.452668e-01	4.383398e-01	2.931418e-01
8.571083320030148e-08	5.452667e-01	4.379355e-01	2.931534e-01
8.574883320030152e-08	5.452666e-01	4.375312e-01	2.931638e-01
8.578683320030156e-08	5.452664e-01	4.371268e-01	2.931731e-01
8.582483320030161e-08	5.452663e-01	4.367224e-01	2.931813e-01
8.586283320030165e-08	5.452662e-01	4.363179e-01	2.931884e-01
8.590083320030169e-08	5.452661e-01	4.359134e-01	2.931943e-01
8.593883320030173e-08	5.452660e-01	4.355088e-01	2.931991e-01
8.596983320030177e-08	5.452659e-01	4.351787e-01	2.932021e-01
8.598754748601607e-08	5.452659e-01	4.349901e-01	2.932035e-01
8.600526177173038e-08	5.452658e-01	4.348014e-01	2.932046e-01
8.602297605744468e-08	5.452658e-01	4.346128e-01	2.932055e-01
8.604069034315900e-08	5.452657e-01	4.344241e-01	2.932062e-01
8.605840462887330e-08	5.452657e-01	4.342354e-01	2.932066e-01
8.607611891458761e-08	5.452656e-01	4.340467e-01	2.932067e-01
8.609383320030191e-08	5.452656e-01	4.338580e-01	2.932067e-01
8.613026177173053e-08	5.452655e-01	4.334700e-01	2.932057e-01
8.616669034315914e-08	5.452654e-01	4.330818e-01	2.932038e-01
8.620311891458775e-08	5.452653e-01	4.326937e-01	2.932010e-01
8.623954748601636e-08	5.452652e-01	4.323055e-01	2.931972e-01
8.627597605744497e-08	5.452651e-01	4.319173e-01	2.931925e-01
8.631240462887359e-08	5.452650e-01	4.315290e-01	2.931869e-01
8.634883320030220e-08	5.452650e-01	4.311407e-01	2.931803e-01
8.644083320030230e-08	5.452648e-01	4.301599e-01	2.931590e-01
8.653283320030241e-08	5.452646e-01	4.291790e-01	2.931340e-01
8.662483320030251e-08	5.452644e-01	4.281978e-01	2.931053e-01
8.671683320030262e-08	5.452643e-01	4.272166e-01	2.930729e-01
8.680883320030272e-08	5.452641e-01	4.262351e-01	2.930368e-01
8.690083320030283e-08	5.452640e-01	4.252535e-01	2.929971e-01
8.699283320030293e-08	5.452639e-01	4.242718e-01	2.929536e-01
8.699383320030293e-08	5.452639e-01	4.242611e-01	2.929532e-01
8.709740462887448e-08	5.452637e-01	4.231557e-01	2.929020e-01
8.720097605744602e-08	5.452636e-01	4.220503e-01	2.928500e-01
8.730454748601756e-08	5.452635e-01	4.209447e-01	2.927973e-01
8.740811891458912e-08	5.452634e-01	4.198390e-01	2.927438e-01
8.751169034316067e-08	5.452633e-01	4.187331e-01	2.926895e-01
8.761526177173221e-08	5.452633e-01	4.176272e-01	2.926345e-01
8.771883320030375e-08	5.452632e-01	4.165212e-01	2.925786e-01
8.776140462887523e-08	5.452632e-01	4.160665e-01	2.925562e-01
8.780397605744670e-08	5.452632e-01	4.156119e-01	2.925340e-01
8.784654748601818e-08	5.452631e-01	4.151572e-01	2.925119e-01
8.788911891458967e-08	5.452631e-01	4.147025e-01	2.924899e-01
8.793169034316114e-08	5.452631e-01	4.142478e-01	2.924681e-01
8.797426177173262e-08	5.452630e-01	4.137931e-01	2.924465e-01
8.801683320030409e-08	5.452630e-01	4.133384e-01	2.924250e-01
8.801783320030409e-08	5.452630e-01	4.133278e-01	2.924245e-01
8.814454748601852e-08	5.452629e-01	4.119742e-01	2.923617e-01
8.827126177173295e-08	5.452629e-01	4.106206e-01	2.923013e-01
8.839797605744738e-08	5.452628e-01	4.092670e-01	2.922434e-01
8.852469034316181e-08	5.452628e-01	4.079132e-01	2.921881e-01
8.865140462887624e-08	5.452628e-01	4.065594e-01	2.921352e-01
8.877811891459067e-08	5.452627e-01	4.052056e-01	2.920849e-01
8.890483320030510e-08	5.452627e-01	4.038516e-01	2.920371e-01
8.904183320030525e-08	5.452626e-01	4.023878e-01	2.919887e-01
8.918797605744827e-08	5.452626e-01	4.008261e-01	2.919408e-01
8.933411891459130e-08	5.452626e-01	3.992645e-01	2.918961e-01
8.948026177173432e-08	5.452625e-01	3.977028e-01	2.918545e-01
8.962640462887734e-08	5.452625e-01	3.961411e-01	2.918160e-01
8.977254748602036e-08	5.452625e-01	3.945794e-01	2.917806e-01
8.991869034316339e-08	5.452625e-01	3.930176e-01	2.917483e-01
9.006483320030641e-08	5.452625e-01	3.914558e-01	2.917192e-01
9.006583320030641e-08	5.452625e-01	3.914451e-01	2.917190e-01
9.021197605744943e-08	5.452624e-01	3.898832e-01	2.916924e-01
9.035811891459247e-08	5.452624e-01	3.883214e-01	2.916678e-01
9.050426177173549e-08	5.452624e-01	3.867595e-01	2.916452e-01
9.065040462887850e-08	5.452624e-01	3.851977e-01	2.916246e-01
9.079654748602152e-08	5.452624e-01	3.836358e-01	2.916060e-01
9.094269034316456e-08	5.452624e-01	3.820739e-01	2.915893e-01
9.108883320030757e-08	5.452624e-01	3.805119e-01	2.915746e-01
9.108983320030758e-08	5.452624e-01	3.805013e-01	2.915745e-01
9.123597605745059e-08	5.452624e-01	3.789393e-01	2.915612e-01
9.138211891459363e-08	5.452624e-01	3.773774e-01	2.915489e-01
9.152826177173665e-08	5.452624e-01	3.758155e-01	2.915377e-01
9.167440462887967e-08	5.452624e-01	3.742535e-01	2.915276e-01
9.182054748602268e-08	5.452624e-01	3.726916e-01	2.915186e-01
9.196669034316572e-08	5.452624e-01	3.711297e-01	2.915106e-01
9.211283320030874e-08	5.452624e-01	3.695677e-01	2.915037e-01
9.211383320030874e-08	5.452624e-01	3.695570e-01	2.915036e-01
9.225240462888032e-08	5.452624e-01	3.680760e-01	2.914976e-01
9.239097605745190e-08	5.452624e-01	3.665949e-01	2.914921e-01
9.252954748602349e-08	5.452623e-01	3.651139e-01	2.914871e-01
9.266811891459509e-08	5.452623e-01	3.636329e-01	2.914826e-01
9.280669034316667e-08	5.452623e-01	3.621518e-01	2.914785e-01
9.294526177173825e-08	5.452623e-01	3.606708e-01	2.914750e-01
9.308383320030984e-08	5.452623e-01	3.591897e-01	2.914719e-01
9.313783320030990e-08	5.452623e-01	3.586126e-01	2.914708e-01
9.318483320030995e-08	5.452623e-01	3.581102e-01	2.914698e-01
9.323183320031000e-08	5.452623e-01	3.576078e-01	2.914689e-01
9.327883320031006e-08	5.452623e-01	3.571055e-01	2.914680e-01
9.332583320031011e-08	5.452623e-01	3.566032e-01	2.914671e-01
9.337283320031016e-08	5.452623e-01	3.561010e-01	2.914663e-01
9.341983320031022e-08	5.452623e-01	3.555988e-01	2.914655e-01
9.346683320031027e-08	5.452623e-01	3.550966e-01	2.914647e-01
9.347469034316743e-08	5.452623e-01	3.550129e-01	2.914646e-01
9.348254748602457e-08	5.452623e-01	3.549295e-01	2.914645e-01
9.349040462888172e-08	5.452623e-01	3.548463e-01	2.914643e-01
9.349826177173888e-08	5.452623e-01	3.547634e-01	2.914642e-01
9.350611891459604e-08	5.452623e-01	3.546806e-01	2.914641e-01
9.351397605745318e-08	5.452623e-01	3.545981e-01	2.914640e-01
9.352183320031033e-08	5.452623e-01	3.545159e-01	2.914638e-01
9.352897605745319e-08	5.452623e-01	3.544413e-01	2.914637e-01
9.353611891459607e-08	5.452624e-01	3.543670e-01	2.914636e-01
9.354326177173893e-08	5.452623e-01	3.542929e-01	2.914635e-01
9.355040462888179e-08	5.452623e-01	3.542191e-01	2.914634e-01
9.355754748602465e-08	5.452623e-01	3.541454e-01	2.914633e-01
9.356469034316753e-08	5.452623e-01	3.540720e-01	2.914632e-01
9.357183320031039e-08	5.452622e-01	3.539988e-01	2.914631e-01
9.357983320031040e-08	5.452622e-01	3.539170e-01	2.914630e-01
9.358783320031041e-08	5.452621e-01	3.538355e-01	2.914628e-01
9.359583320031042e-08	5.452621e-01	3.537542e-01	2.914627e-01
9.360383320031043e-08	5.452620e-01	3.536731e-01	2.914626e-01
9.361183320031044e-08	5.452619e-01	3.535922e-01	2.914625e-01
9.361983320031044e-08	5.452618e-01	3.535115e-01	2.914624e-01
9.362783320031045e-08	5.452617e-01	3.534310e-01	2.914623e-01
9.363826177173904e-08	5.452615e-01	3.533264e-01	2.914621e-01
9.364869034316762e-08	5.452613e-01	3.532219e-01	2.914620e-01
9.365911891459621e-08	5.452610e-01	3.531176e-01	2.914618e-01
9.366954748602478e-08	5.452607e-01	3.530134e-01	2.914617e-01
9.367997605745337e-08	5.452603e-01	3.529094e-01	2.914615e-01
9.369040462888195e-08	5.452598e-01	3.528055e-01	2.914614e-01
9.370083320031054e-08	5.452594e-01	3.527017e-01	2.914613e-01
9.371711891459627e-08	5.452585e-01	3.525398e-01	2.914610e-01
9.373340462888200e-08	5.452573e-01	3.523776e-01	2.914608e-01
9.374969034316774e-08	5.452559e-01	3.522150e-01	2.914606e-01
9.376597605745346e-08	5.452542e-01	3.520521e-01	2.914604e-01
9.378226177173920e-08	5.452523e-01	3.518889e-01	2.914602e-01
9.379854748602493e-08	5.452501e-01	3.517253e-01	2.914600e-01
9.381483320031067e-08	5.452476e-01	3.515614e-01	2.914598e-01
9.386026177173929e-08	5.452400e-01	3.511000e-01	2.914593e-01
9.390569034316792e-08	5.452269e-01	3.506321e-01	2.914588e-01
9.395111891459654e-08	5.452082e-01	3.501577e-01	2.914583e-01
9.399654748602515e-08	5.451839e-01	3.496766e-01	2.914578e-01
9.404197605745378e-08	5.451539e-01	3.491890e-01	2.914573e-01
9.408740462888240e-08	5.451184e-01	3.486947e-01	2.914569e-01
9.413283320031103e-08	5.450773e-01	3.481939e-01	2.914564e-01
9.416183320031106e-08	5.450458e-01	3.478720e-01	2.914562e-01
9.420783320031111e-08	5.449898e-01	3.473556e-01	2.914557e-01
9.425383320031116e-08	5.449234e-01	3.468375e-01	2.914553e-01
9.429983320031122e-08	5.448466e-01	3.463178e-01	2.914549e-01
9.434583320031127e-08	5.447595e-01	3.457965e-01	2.914546e-01
9.439183320031132e-08	5.446620e-01	3.452734e-01	2.914542e-01
9.443783320031137e-08	5.445542e-01	3.447487e-01	2.914539e-01
9.448383320031142e-08	5.444360e-01	3.442223e-01	2.914536e-01
9.455311891459722e-08	5.442347e-01	3.434322e-01	2.914531e-01
9.462240462888301e-08	5.440068e-01	3.426470e-01	2.914526e-01
9.469169034316881e-08	5.437521e-01	3.418666e-01	2.914522e-01
9.476097605745459e-08	5.434707e-01	3.410911e-01	2.914518e-01
9.483026177174039e-08	5.431626e-01	3.403204e-01	2.914514e-01
9.489954748602618e-08	5.428278e-01	3.395546e-01	2.914511e-01
9.496883320031197e-08	5.424663e-01	3.387937e-01	2.914508e-01
9.518583320031222e-08	5.411747e-01	3.364460e-01	2.914498e-01
9.533197605745524e-08	5.401539e-01	3.348967e-01	2.914493e-01
9.547811891459827e-08	5.390634e-01	3.333526e-01	2.914489e-01
9.562426177174129e-08	5.379032e-01	3.318137e-01	2.914484e-01
9.577040462888431e-08	5.366734e-01	3.302800e-01	2.914481e-01
9.591654748602733e-08	5.353738e-01	3.287516e-01	2.914477e-01
9.606269034317036e-08	5.340046e-01	3.272284e-01	2.914474e-01
9.620883320031338e-08	5.325657e-01	3.257104e-01	2.914472e-01
9.620983320031338e-08	5.325558e-01	3.256999e-01	2.914472e-01
9.628369034317061e-08	5.318216e-01	3.249286e-01	2.914471e-01
9.635754748602783e-08	5.310799e-01	3.241564e-01	2.914470e-01
9.643140462888506e-08	5.303307e-01	3.233835e-01	2.914469e-01
9.650526177174229e-08	5.295740e-01	3.226097e-01	2.914468e-01
9.657911891459952e-08	5.288099e-01	3.218351e-01	2.914467e-01
9.665297605745674e-08	5.280383e-01	3.210598e-01	2.914466e-01
9.672683320031397e-08	5.272592e-01	3.202836e-01	2.914465e-01
9.677711891459974e-08	5.267313e-01	3.197487e-01	2.914465e-01
9.682740462888551e-08	5.262033e-01	3.192287e-01	2.914464e-01
9.687769034317129e-08	5.256752e-01	3.187235e-01	2.914464e-01
9.692797605745705e-08	5.251471e-01	3.182333e-01	2.914463e-01
9.697826177174283e-08	5.246190e-01	3.177579e-01	2.914463e-01
9.702854748602859e-08	5.240907e-01	3.172974e-01	2.914462e-01
9.707883320031437e-08	5.235624e-01	3.168518e-01	2.914462e-01
9.723383320031454e-08	5.219166e-01	3.156616e-01	2.914461e-01
9.728611891460032e-08	5.213556e-01	3.153191e-01	2.914461e-01
9.733840462888609e-08	5.207916e-01	3.150036e-01	2.914460e-01
9.739069034317187e-08	5.202246e-01	3.147152e-01	2.914460e-01
9.744297605745763e-08	5.196546e-01	3.144537e-01	2.914460e-01
9.749526177174341e-08	5.190816e-01	3.142193e-01	2.914460e-01
9.754754748602918e-08	5.185056e-01	3.140118e-01	2.914459e-01
9.759983320031496e-08	5.179267e-01	3.138314e-01	2.914459e-01
9.765754748602930e-08	5.172844e-01	3.136606e-01	2.914459e-01
9.771526177174366e-08	5.166404e-01	3.135111e-01	2.914459e-01
9.777297605745801e-08	5.159947e-01	3.133828e-01	2.914458e-01
9.783069034317237e-08	5.153473e-01	3.132759e-01	2.914458e-01
9.788840462888671e-08	5.146981e-01	3.131902e-01	2.914458e-01
9.794611891460107e-08	5.140472e-01	3.131258e-01	2.914458e-01
9.800383320031542e-08	5.133945e-01	3.130828e-01	2.914457e-01
9.802883320031544e-08	5.131119e-01	3.130672e-01	2.914457e-01
9.805383320031547e-08	5.128293e-01	3.130541e-01	2.914457e-01
9.807883320031550e-08	5.125466e-01	3.130433e-01	2.914457e-01
9.810383320031553e-08	5.122638e-01	3.130350e-01	2.914457e-01
9.812883320031556e-08	5.119811e-01	3.130291e-01	2.914457e-01
9.815383320031559e-08	5.116983e-01	3.130257e-01	2.914457e-01
9.817883320031561e-08	5.114154e-01	3.130246e-01	2.914457e-01
9.818997605745848e-08	5.112894e-01	3.130247e-01	2.914457e-01
9.820111891460136e-08	5.111633e-01	3.130251e-01	2.914457e-01
9.821226177174423e-08	5.110373e-01	3.130259e-01	2.914457e-01
9.822340462888709e-08	5.109113e-01	3.130271e-01	2.914457e-01
9.823454748602996e-08	5.107852e-01	3.130287e-01	2.914457e-01
9.824569034317284e-08	5.106592e-01	3.130306e-01	2.914457e-01
9.825683320031570e-08	5.105332e-01	3.130329e-01	2.914457e-01
9.825783320031570e-08	5.105219e-01	3.130331e-01	2.914457e-01
9.829369034317289e-08	5.101165e-01	3.130434e-01	2.914457e-01
9.832954748603006e-08	5.097114e-01	3.130563e-01	2.914457e-01
9.836540462888725e-08	5.093065e-01	3.130718e-01	2.914456e-01
9.840126177174444e-08	5.089019e-01	3.130900e-01	2.914456e-01
9.843711891460163e-08	5.084975e-01	3.131108e-01	2.914456e-01
9.847297605745880e-08	5.080934e-01	3.131342e-01	2.914456e-01
9.850883320031599e-08	5.076896e-01	3.131603e-01	2.914456e-01
9.856140462888747e-08	5.070982e-01	3.132022e-01	2.914456e-01
9.861397605745896e-08	5.065078e-01	3.132464e-01	2.914456e-01
9.866654748603045e-08	5.059183e-01	3.132929e-01	2.914456e-01
9.871911891460195e-08	5.053298e-01	3.133418e-01	2.914455e-01
9.877169034317343e-08	5.047422e-01	3.133929e-01	2.914455e-01
9.882426177174492e-08	5.041555e-01	3.134464e-01	2.914455e-01
9.887683320031641e-08	5.035698e-01	3.135022e-01	2.914455e-01
9.893454748603075e-08	5.029282e-01	3.135642e-01	2.914455e-01
9.899226177174511e-08	5.022877e-01	3.136261e-01	2.914455e-01
9.904997605745946e-08	5.016484e-01	3.136882e-01	2.914455e-01
9.910769034317381e-08	5.010104e-01	3.137503e-01	2.914455e-01
9.916540462888816e-08	5.003735e-01	3.138125e-01	2.914455e-01
9.922311891460252e-08	4.997379e-01	3.138748e-01	2.914455e-01
9.928083320031686e-08	4.991035e-01	3.139372e-01	2.914455e-01
9.928183320031686e-08	4.990925e-01	3.139382e-01	2.914455e-01
9.937097605745982e-08	4.981152e-01	3.140327e-01	2.914455e-01
9.946011891460279e-08	4.971402e-01	3.141242e-01	2.914455e-01
9.954926177174574e-08	4.961674e-01	3.142127e-01	2.914455e-01
9.963840462888870e-08	4.951969e-01	3.142981e-01	2.914455e-01
9.972754748603165e-08	4.942287e-01	3.143805e-01	2.914455e-01
9.981669034317462e-08	4.932628e-01	3.144599e-01	2.914454e-01
9.990583320031757e-08	4.922992e-01	3.145362e-01	2.914454e-01
1.003058332003180e-07	4.879936e-01	3.148327e-01	2.914454e-01
1.004519760574610e-07	4.864281e-01	3.149224e-01	2.914454e-01
1.005981189146041e-07	4.848643e-01	3.150048e-01	2.914454e-01
1.007442617717471e-07	4.833022e-01	3.150801e-01	2.914454e-01
1.008904046288901e-07	4.817417e-01	3.151481e-01	2.914454e-01
1.010365474860331e-07	4.801830e-01	3.152089e-01	2.914454e-01
1.011826903431762e-07	4.786260e-01	3.152624e-01	2.914454e-01
1.013288332003192e-07	4.770706e-01	3.153087e-01	2.914454e-01
1.013298332003192e-07	4.770600e-01	3.153090e-01	2.914454e-01
1.014668332003193e-07	4.756020e-01	3.153481e-01	2.914454e-01
1.016038332003195e-07	4.741441e-01	3.153838e-01	2.914454e-01
1.017408332003197e-07	4.726864e-01	3.154162e-01	2.914454e-01
1.018778332003198e-07	4.712287e-01	3.154453e-01	2.914454e-01
1.020148332003200e-07	4.697712e-01	3.154711e-01	2.914454e-01
1.021518332003201e-07	4.683138e-01	3.154936e-01	2.914454e-01
1.022888332003203e-07	4.668564e-01	3.155127e-01	2.914454e-01
1.023538332003203e-07	4.661649e-01	3.155214e-01	2.914454e-01
1.023882617717490e-07	4.657985e-01	3.155258e-01	2.914454e-01
1.024226903431776e-07	4.654322e-01	3.155300e-01	2.914454e-01
1.024571189146062e-07	4.650658e-01	3.155342e-01	2.914454e-01
1.024915474860348e-07	4.646994e-01	3.155382e-01	2.914454e-01
1.025259760574634e-07	4.643330e-01	3.155421e-01	2.914454e-01
1.025604046288920e-07	4.639666e-01	3.155459e-01	2.914454e-01
1.025948332003206e-07	4.636002e-01	3.155495e-01	2.914454e-01
1.025998332003206e-07	4.635470e-01	3.155500e-01	2.914454e-01
1.026048332003206e-07	4.634938e-01	3.155506e-01	2.914454e-01
1.026098332003206e-07	4.634406e-01	3.155511e-01	2.914454e-01
1.026148332003206e-07	4.633873e-01	3.155516e-01	2.914454e-01
1.026198332003206e-07	4.633341e-01	3.155521e-01	2.914454e-01
1.026248332003207e-07	4.632809e-01	3.155526e-01	2.914454e-01
1.026298332003207e-07	4.632277e-01	3.155531e-01	2.914454e-01
1.026364046288921e-07	4.631578e-01	3.155538e-01	2.914454e-01
1.026429760574635e-07	4.630878e-01	3.155544e-01	2.914454e-01
1.026495474860350e-07	4.630179e-01	3.155551e-01	2.914454e-01
1.026561189146064e-07	4.629479e-01	3.155557e-01	2.914454e-01
1.026626903431778e-07	4.628780e-01	3.155564e-01	2.914455e-01
1.026692617717493e-07	4.628080e-01	3.155570e-01	2.914455e-01
1.026758332003207e-07	4.627381e-01	3.155577e-01	2.914456e-01
1.026976903431779e-07	4.625054e-01	3.155598e-01	2.914457e-01
1.027195474860350e-07	4.622728e-01	3.155619e-01	2.914461e-01
1.027414046288922e-07	4.620401e-01	3.155639e-01	2.914468e-01
1.027632617717494e-07	4.618074e-01	3.155659e-01	2.914477e-01
1.027851189146066e-07	4.615748e-01	3.155678e-01	2.914489e-01
1.028069760574637e-07	4.613421e-01	3.155698e-01	2.914504e-01
1.028288332003209e-07	4.611094e-01	3.155716e-01	2.914521e-01
1.028481189146066e-07	4.609040e-01	3.155733e-01	2.914541e-01
1.028674046288924e-07	4.606987e-01	3.155748e-01	2.914564e-01
1.028866903431781e-07	4.604934e-01	3.155764e-01	2.914592e-01
1.029059760574638e-07	4.602880e-01	3.155779e-01	2.914624e-01
1.029252617717496e-07	4.600827e-01	3.155795e-01	2.914660e-01
1.029445474860353e-07	4.598774e-01	3.155809e-01	2.914700e-01
1.029638332003210e-07	4.596720e-01	3.155824e-01	2.914744e-01
1.029914046288925e-07	4.593784e-01	3.155844e-01	2.914816e-01
1.030189760574640e-07	4.590848e-01	3.155864e-01	2.914899e-01
1.030465474860354e-07	4.587912e-01	3.155884e-01	2.914991e-01
1.030741189146069e-07	4.584975e-01	3.155903e-01	2.915094e-01
1.031016903431783e-07	4.582039e-01	3.155921e-01	2.915207e-01
1.031292617717498e-07	4.579103e-01	3.155939e-01	2.915330e-01
1.031568332003213e-07	4.576166e-01	3.155957e-01	2.915464e-01
1.031882617717499e-07	4.572818e-01	3.155976e-01	2.915630e-01
1.032196903431785e-07	4.569471e-01	3.155995e-01	2.915807e-01
1.032511189146071e-07	4.566123e-01	3.156014e-01	2.915997e-01
1.032825474860357e-07	4.562775e-01	3.156032e-01	2.916199e-01
1.033139760574643e-07	4.559426e-01	3.156049e-01	2.916412e-01
1.033454046288929e-07	4.556078e-01	3.156066e-01	2.916637e-01
1.033768332003215e-07	4.552729e-01	3.156082e-01	2.916875e-01
1.033778332003215e-07	4.552623e-01	3.156083e-01	2.916882e-01
1.034591189146073e-07	4.543962e-01	3.156123e-01	2.917563e-01
1.035404046288931e-07	4.535299e-01	3.156160e-01	2.918277e-01
1.036216903431789e-07	4.526636e-01	3.156195e-01	2.919024e-01
1.037029760574647e-07	4.517972e-01	3.156227e-01	2.919803e-01
1.037842617717505e-07	4.509307e-01	3.156257e-01	2.920616e-01
1.038655474860363e-07	4.500641e-01	3.156285e-01	2.921462e-01
1.039468332003222e-07	4.491974e-01	3.156310e-01	2.922341e-01
1.040116903431794e-07	4.485057e-01	3.156329e-01	2.923034e-01
1.040765474860366e-07	4.478141e-01	3.156346e-01	2.923722e-01
1.041414046288938e-07	4.471224e-01	3.156363e-01	2.924405e-01
1.042062617717510e-07	4.464306e-01	3.156379e-01	2.925083e-01
1.042711189146082e-07	4.457388e-01	3.156394e-01	2.925757e-01
1.043359760574654e-07	4.450470e-01	3.156408e-01	2.926426e-01
1.044008332003227e-07	4.443550e-01	3.156421e-01	2.927091e-01
1.044018332003227e-07	4.443444e-01	3.156421e-01	2.927101e-01
1.045175474860371e-07	4.431098e-01	3.156442e-01	2.928255e-01
1.046332617717515e-07	4.418750e-01	3.156461e-01	2.929373e-01
1.047489760574659e-07	4.406402e-01	3.156479e-01	2.930454e-01
1.048646903431803e-07	4.394052e-01	3.156495e-01	2.931500e-01
1.049804046288948e-07	4.381701e-01	3.156509e-01	2.932510e-01
1.050961189146092e-07	4.369349e-01	3.156521e-01	2.933483e-01
1.052118332003236e-07	4.356995e-01	3.156531e-01	2.934421e-01
1.054258332003238e-07	4.334146e-01	3.156549e-01	2.936075e-01
1.054876903431810e-07	4.327541e-01	3.156553e-01	2.936534e-01
1.055495474860383e-07	4.320935e-01	3.156557e-01	2.936986e-01
1.056114046288955e-07	4.314330e-01	3.156561e-01	2.937432e-01
1.056732617717527e-07	4.307724e-01	3.156565e-01	2.937871e-01
1.057351189146099e-07	4.301118e-01	3.156568e-01	2.938303e-01
1.057969760574671e-07	4.294512e-01	3.156571e-01	2.938729e-01
1.058588332003243e-07	4.287905e-01	3.156574e-01	2.939147e-01
1.058939760574672e-07	4.284152e-01	3.156576e-01	2.939385e-01
1.059291189146101e-07	4.280398e-01	3.156578e-01	2.939615e-01
1.059642617717530e-07	4.276645e-01	3.156579e-01	2.939835e-01
1.059994046288959e-07	4.272891e-01	3.156580e-01	2.940047e-01
1.060345474860388e-07	4.269137e-01	3.156582e-01	2.940251e-01
1.060696903431817e-07	4.265384e-01	3.156583e-01	2.940445e-01
1.061048332003246e-07	4.261630e-01	3.156585e-01	2.940631e-01
1.061319760574675e-07	4.258731e-01	3.156586e-01	2.940763e-01
1.061591189146104e-07	4.255831e-01	3.156587e-01	2.940887e-01
1.061862617717533e-07	4.252932e-01	3.156588e-01	2.941004e-01
1.062134046288962e-07	4.250032e-01	3.156589e-01	2.941112e-01
1.062405474860390e-07	4.247133e-01	3.156589e-01	2.941212e-01
1.062676903431819e-07	4.244233e-01	3.156590e-01	2.941304e-01
1.062948332003248e-07	4.241334e-01	3.156591e-01	2.941388e-01
1.063168332003248e-07	4.238984e-01	3.156592e-01	2.941450e-01
1.063388332003249e-07	4.236634e-01	3.156592e-01	2.941508e-01
1.063608332003249e-07	4.234284e-01	3.156593e-01	2.941561e-01
1.063828332003249e-07	4.231933e-01	3.156594e-01	2.941611e-01
1.064048332003249e-07	4.229583e-01	3.156594e-01	2.941656e-01
1.064268332003250e-07	4.227233e-01	3.156595e-01	2.941697e-01
1.064488332003250e-07	4.224883e-01	3.156596e-01	2.941733e-01
1.064498332003250e-07	4.224776e-01	3.156596e-01	2.941735e-01
1.064896903431822e-07	4.220518e-01	3.156596e-01	2.941789e-01
1.065295474860394e-07	4.216260e-01	3.156597e-01	2.941838e-01
1.065694046288966e-07	4.212002e-01	3.156598e-01	2.941882e-01
1.066092617717537e-07	4.207744e-01	3.156599e-01	2.941921e-01
1.066491189146109e-07	4.203486e-01	3.156600e-01	2.941955e-01
1.066889760574681e-07	4.199227e-01	3.156601e-01	2.941983e-01
1.067288332003253e-07	4.194969e-01	3.156602e-01	2.942006e-01
1.067552617717539e-07	4.192145e-01	3.156602e-01	2.942023e-01
1.067816903431825e-07	4.189322e-01	3.156603e-01	2.942042e-01
1.068081189146111e-07	4.186498e-01	3.156603e-01	2.942063e-01
1.068345474860397e-07	4.183674e-01	3.156604e-01	2.942085e-01
1.068609760574683e-07	4.180851e-01	3.156604e-01	2.942109e-01
1.068874046288969e-07	4.178027e-01	3.156605e-01	2.942134e-01
1.069138332003255e-07	4.175203e-01	3.156605e-01	2.942161e-01
1.069454046288970e-07	4.171830e-01	3.156606e-01	2.942197e-01
1.069769760574684e-07	4.168457e-01	3.156606e-01	2.942239e-01
1.070085474860399e-07	4.165084e-01	3.156607e-01	2.942287e-01
1.070401189146114e-07	4.161710e-01	3.156607e-01	2.942340e-01
1.070716903431828e-07	4.158337e-01	3.156608e-01	2.942398e-01
1.071032617717543e-07	4.154964e-01	3.156608e-01	2.942462e-01
1.071348332003258e-07	4.151590e-01	3.156609e-01	2.942532e-01
1.071796903431830e-07	4.146797e-01	3.156609e-01	2.942644e-01
1.072245474860402e-07	4.142004e-01	3.156610e-01	2.942770e-01
1.072694046288973e-07	4.137211e-01	3.156610e-01	2.942912e-01
1.073142617717545e-07	4.132418e-01	3.156611e-01	2.943069e-01
1.073591189146117e-07	4.127625e-01	3.156611e-01	2.943241e-01
1.074039760574689e-07	4.122832e-01	3.156612e-01	2.943429e-01
1.074488332003261e-07	4.118038e-01	3.156612e-01	2.943631e-01
1.074738332003262e-07	4.115367e-01	3.156613e-01	2.943752e-01
1.075584046288977e-07	4.106330e-01	3.156613e-01	2.944200e-01
1.076429760574692e-07	4.097293e-01	3.156614e-01	2.944697e-01
1.077275474860407e-07	4.088256e-01	3.156615e-01	2.945241e-01
1.078121189146123e-07	4.079218e-01	3.156615e-01	2.945833e-01
1.078966903431838e-07	4.070181e-01	3.156616e-01	2.946472e-01
1.079812617717553e-07	4.061143e-01	3.156616e-01	2.947159e-01
1.080658332003268e-07	4.052105e-01	3.156617e-01	2.947893e-01
1.081274046288983e-07	4.045525e-01	3.156617e-01	2.948448e-01
1.081889760574698e-07	4.038945e-01	3.156617e-01	2.949017e-01
1.082505474860413e-07	4.032365e-01	3.156617e-01	2.949600e-01
1.083121189146128e-07	4.025786e-01	3.156618e-01	2.950196e-01
1.083736903431843e-07	4.019206e-01	3.156618e-01	2.950807e-01
1.084352617717558e-07	4.012626e-01	3.156618e-01	2.951431e-01
1.084968332003273e-07	4.006045e-01	3.156618e-01	2.952069e-01
1.084978332003273e-07	4.005938e-01	3.156618e-01	2.952079e-01
1.086328332003275e-07	3.991511e-01	3.156619e-01	2.953525e-01
1.087678332003276e-07	3.977084e-01	3.156619e-01	2.954976e-01
1.089028332003278e-07	3.962656e-01	3.156620e-01	2.956434e-01
1.090378332003279e-07	3.948228e-01	3.156620e-01	2.957898e-01
1.091728332003281e-07	3.933800e-01	3.156620e-01	2.959368e-01
1.093078332003282e-07	3.919372e-01	3.156620e-01	2.960845e-01
1.094428332003284e-07	3.904944e-01	3.156621e-01	2.962328e-01
1.095218332003285e-07	3.896501e-01	3.156621e-01	2.963176e-01
1.096679760574715e-07	3.880882e-01	3.156621e-01	2.964730e-01
1.098141189146145e-07	3.865263e-01	3.156621e-01	2.966251e-01
1.099602617717575e-07	3.849643e-01	3.156621e-01	2.967738e-01
1.101064046289006e-07	3.834024e-01	3.156621e-01	2.969192e-01
1.102525474860436e-07	3.818405e-01	3.156621e-01	2.970612e-01
1.103986903431866e-07	3.802785e-01	3.156621e-01	2.971999e-01
1.105448332003296e-07	3.787166e-01	3.156621e-01	2.973352e-01
1.105458332003296e-07	3.787059e-01	3.156621e-01	2.973362e-01
1.106919760574727e-07	3.771439e-01	3.156621e-01	2.974674e-01
1.108381189146157e-07	3.755820e-01	3.156621e-01	2.975955e-01
1.109842617717587e-07	3.740200e-01	3.156621e-01	2.977205e-01
1.111304046289017e-07	3.724581e-01	3.156621e-01	2.978424e-01
1.112765474860447e-07	3.708961e-01	3.156621e-01	2.979613e-01
1.114226903431878e-07	3.693342e-01	3.156621e-01	2.980771e-01
1.115688332003308e-07	3.677722e-01	3.156621e-01	2.981898e-01
1.115698332003308e-07	3.677615e-01	3.156621e-01	2.981906e-01
1.117388332003310e-07	3.659552e-01	3.156621e-01	2.983181e-01
1.117446903431881e-07	3.658926e-01	3.156622e-01	2.983225e-01
1.117505474860453e-07	3.658300e-01	3.156622e-01	2.983269e-01
1.117564046289024e-07	3.657674e-01	3.156622e-01	2.983312e-01
1.117622617717596e-07	3.657047e-01	3.156621e-01	2.983356e-01
1.117681189146167e-07	3.656420e-01	3.156621e-01	2.983399e-01
1.117739760574739e-07	3.655793e-01	3.156621e-01	2.983443e-01
1.117798332003310e-07	3.655166e-01	3.156620e-01	2.983486e-01
1.117899760574739e-07	3.654080e-01	3.156619e-01	2.983561e-01
1.118001189146168e-07	3.652992e-01	3.156618e-01	2.983636e-01
1.118102617717596e-07	3.651904e-01	3.156615e-01	2.983711e-01
1.118204046289025e-07	3.650814e-01	3.156611e-01	2.983786e-01
1.118305474860454e-07	3.649724e-01	3.156607e-01	2.983861e-01
1.118406903431883e-07	3.648634e-01	3.156601e-01	2.983935e-01
1.118508332003311e-07	3.647542e-01	3.156595e-01	2.984010e-01
1.118596903431883e-07	3.646588e-01	3.156588e-01	2.984075e-01
1.118685474860454e-07	3.645634e-01	3.156580e-01	2.984139e-01
1.118774046289026e-07	3.644679e-01	3.156571e-01	2.984204e-01
1.118862617717597e-07	3.643724e-01	3.156560e-01	2.984269e-01
1.118951189146169e-07	3.642769e-01	3.156548e-01	2.984333e-01
1.119039760574740e-07	3.641813e-01	3.156535e-01	2.984398e-01
1.119128332003312e-07	3.640856e-01	3.156521e-01	2.984463e-01
1.119235474860455e-07	3.639699e-01	3.156502e-01	2.984540e-01
1.119342617717598e-07	3.638541e-01	3.156481e-01	2.984618e-01
1.119449760574741e-07	3.637384e-01	3.156459e-01	2.984696e-01
1.119556903431884e-07	3.636226e-01	3.156435e-01	2.984773e-01
1.119664046289027e-07	3.635068e-01	3.156409e-01	2.984851e-01
1.119771189146170e-07	3.633910e-01	3.156382e-01	2.984928e-01
1.119878332003313e-07	3.632752e-01	3.156354e-01	2.985005e-01
1.120021189146170e-07	3.631208e-01	3.156313e-01	2.985108e-01
1.120164046289027e-07	3.629665e-01	3.156272e-01	2.985211e-01
1.120306903431885e-07	3.628122e-01	3.156230e-01	2.985313e-01
1.120449760574742e-07	3.626581e-01	3.156189e-01	2.985415e-01
1.120592617717599e-07	3.625040e-01	3.156148e-01	2.985517e-01
1.120735474860456e-07	3.623500e-01	3.156107e-01	2.985619e-01
1.120878332003314e-07	3.621960e-01	3.156065e-01	2.985721e-01
1.121068332003314e-07	3.619915e-01	3.156011e-01	2.985855e-01
1.121258332003314e-07	3.617872e-01	3.155967e-01	2.985990e-01
1.121448332003315e-07	3.615832e-01	3.155932e-01	2.986124e-01
1.121638332003315e-07	3.613794e-01	3.155908e-01	2.986258e-01
1.121828332003315e-07	3.611759e-01	3.155894e-01	2.986392e-01
1.122018332003315e-07	3.609726e-01	3.155890e-01	2.986525e-01
1.122208332003315e-07	3.607695e-01	3.155895e-01	2.986658e-01
1.122359760574744e-07	3.606078e-01	3.155913e-01	2.986764e-01
1.122511189146173e-07	3.604463e-01	3.155944e-01	2.986869e-01
1.122662617717602e-07	3.602850e-01	3.155987e-01	2.986975e-01
1.122814046289030e-07	3.601237e-01	3.156044e-01	2.987080e-01
1.122965474860459e-07	3.599627e-01	3.156113e-01	2.987185e-01
1.123116903431888e-07	3.598017e-01	3.156196e-01	2.987289e-01
1.123268332003317e-07	3.596410e-01	3.156291e-01	2.987394e-01
1.123488332003317e-07	3.594076e-01	3.156457e-01	2.987546e-01
1.123708332003317e-07	3.591745e-01	3.156661e-01	2.987697e-01
1.123928332003317e-07	3.589415e-01	3.156902e-01	2.987848e-01
1.124148332003318e-07	3.587087e-01	3.157182e-01	2.987998e-01
1.124368332003318e-07	3.584761e-01	3.157499e-01	2.988148e-01
1.124588332003318e-07	3.582437e-01	3.157855e-01	2.988298e-01
1.124808332003318e-07	3.580115e-01	3.158248e-01	2.988448e-01
1.125938332003320e-07	3.568193e-01	3.160941e-01	2.989210e-01
1.126375474860463e-07	3.563585e-01	3.162299e-01	2.989502e-01
1.126812617717606e-07	3.558972e-01	3.163802e-01	2.989794e-01
1.127249760574750e-07	3.554355e-01	3.165452e-01	2.990084e-01
1.127686903431893e-07	3.549735e-01	3.167247e-01	2.990373e-01
1.128124046289036e-07	3.545110e-01	3.169188e-01	2.990660e-01
1.128561189146180e-07	3.540481e-01	3.171275e-01	2.990947e-01
1.128998332003323e-07	3.535849e-01	3.173507e-01	2.991232e-01
1.129804046289038e-07	3.527288e-01	3.178037e-01	2.991755e-01
1.130609760574753e-07	3.518711e-01	3.182709e-01	2.992275e-01
1.131415474860469e-07	3.510117e-01	3.187523e-01	2.992791e-01
1.132221189146184e-07	3.501508e-01	3.192479e-01	2.993305e-01
1.133026903431899e-07	3.492883e-01	3.197577e-01	2.993816e-01
1.133832617717614e-07	3.484241e-01	3.202817e-01	2.994323e-01
1.134638332003329e-07	3.475584e-01	3.208199e-01	2.994828e-01
1.134856903431901e-07	3.473235e-01	3.209610e-01	2.994964e-01
1.135075474860473e-07	3.470886e-01	3.211015e-01	2.995101e-01
1.135294046289044e-07	3.468537e-01	3.212412e-01	2.995237e-01
1.135512617717616e-07	3.466187e-01	3.213802e-01	2.995373e-01
1.135731189146188e-07	3.463836e-01	3.215185e-01	2.995509e-01
1.135949760574759e-07	3.461486e-01	3.216561e-01	2.995644e-01
1.136168332003331e-07	3.459134e-01	3.217930e-01	2.995780e-01
1.136178332003331e-07	3.459027e-01	3.217992e-01	2.995786e-01
1.136939760574761e-07	3.450832e-01	3.222708e-01	2.996256e-01
1.137701189146190e-07	3.442638e-01	3.227247e-01	2.996725e-01
1.138462617717620e-07	3.434446e-01	3.231608e-01	2.997192e-01
1.139224046289049e-07	3.426255e-01	3.235793e-01	2.997658e-01
1.139985474860478e-07	3.418065e-01	3.239801e-01	2.998121e-01
1.140746903431908e-07	3.409877e-01	3.243632e-01	2.998584e-01
1.141508332003337e-07	3.401690e-01	3.247286e-01	2.999044e-01
1.142208332003338e-07	3.394168e-01	3.250438e-01	2.999466e-01
1.142908332003339e-07	3.386651e-01	3.253425e-01	2.999888e-01
1.143608332003340e-07	3.379137e-01	3.256247e-01	3.000308e-01
1.144308332003340e-07	3.371627e-01	3.258904e-01	3.000727e-01
1.145008332003341e-07	3.364120e-01	3.261398e-01	3.001145e-01
1.145708332003342e-07	3.356617e-01	3.263726e-01	3.001562e-01
1.146408332003343e-07	3.349118e-01	3.265890e-01	3.001979e-01
1.146418332003343e-07	3.349011e-01	3.265920e-01	3.001985e-01
1.146858332003343e-07	3.344299e-01	3.267204e-01	3.002246e-01
1.147298332003344e-07	3.339588e-01	3.268434e-01	3.002507e-01
1.147738332003344e-07	3.334879e-01	3.269610e-01	3.002768e-01
1.148178332003345e-07	3.330171e-01	3.270732e-01	3.003028e-01
1.148618332003345e-07	3.325463e-01	3.271800e-01	3.003288e-01
1.149058332003346e-07	3.320758e-01	3.272814e-01	3.003548e-01
1.149498332003346e-07	3.316053e-01	3.273774e-01	3.003808e-01
1.149611189146204e-07	3.314846e-01	3.274014e-01	3.003874e-01
1.149724046289061e-07	3.313640e-01	3.274246e-01	3.003941e-01
1.149836903431918e-07	3.312433e-01	3.274470e-01	3.004007e-01
1.149949760574775e-07	3.311227e-01	3.274687e-01	3.004074e-01
1.150062617717633e-07	3.310021e-01	3.274896e-01	3.004140e-01
1.150175474860490e-07	3.308815e-01	3.275098e-01	3.004207e-01
1.150288332003347e-07	3.307609e-01	3.275293e-01	3.004273e-01
1.150449760574776e-07	3.305883e-01	3.275552e-01	3.004368e-01
1.150611189146205e-07	3.304159e-01	3.275795e-01	3.004463e-01
1.150772617717633e-07	3.302435e-01	3.276024e-01	3.004558e-01
1.150934046289062e-07	3.300711e-01	3.276237e-01	3.004653e-01
1.151095474860491e-07	3.298988e-01	3.276436e-01	3.004748e-01
1.151256903431920e-07	3.297266e-01	3.276619e-01	3.004843e-01
1.151418332003348e-07	3.295544e-01	3.276787e-01	3.004938e-01
1.151612617717634e-07	3.293472e-01	3.276972e-01	3.005052e-01
1.151806903431920e-07	3.291403e-01	3.277149e-01	3.005166e-01
1.152001189146206e-07	3.289338e-01	3.277319e-01	3.005280e-01
1.152195474860492e-07	3.287275e-01	3.277482e-01	3.005394e-01
1.152389760574778e-07	3.285215e-01	3.277637e-01	3.005508e-01
1.152584046289064e-07	3.283158e-01	3.277784e-01	3.005622e-01
1.152778332003350e-07	3.281104e-01	3.277923e-01	3.005736e-01
1.152954046289064e-07	3.279250e-01	3.278052e-01	3.005839e-01
1.153129760574779e-07	3.277402e-01	3.278183e-01	3.005942e-01
1.153305474860493e-07	3.275558e-01	3.278317e-01	3.006044e-01
1.153481189146208e-07	3.273720e-01	3.278454e-01	3.006147e-01
1.153656903431922e-07	3.271887e-01	3.278594e-01	3.006250e-01
1.153832617717637e-07	3.270059e-01	3.278736e-01	3.006353e-01
1.154008332003351e-07	3.268237e-01	3.278881e-01	3.006456e-01
1.154232617717637e-07	3.265919e-01	3.279075e-01	3.006587e-01
1.154456903431923e-07	3.263615e-01	3.279278e-01	3.006718e-01
1.154681189146209e-07	3.261325e-01	3.279490e-01	3.006849e-01
1.154905474860495e-07	3.259049e-01	3.279710e-01	3.006980e-01
1.155129760574781e-07	3.256787e-01	3.279939e-01	3.007111e-01
1.155354046289067e-07	3.254540e-01	3.280177e-01	3.007242e-01
1.155578332003353e-07	3.252306e-01	3.280423e-01	3.007373e-01
1.155731189146211e-07	3.250794e-01	3.280596e-01	3.007462e-01
1.155884046289068e-07	3.249291e-01	3.280772e-01	3.007551e-01
1.156036903431925e-07	3.247797e-01	3.280950e-01	3.007640e-01
1.156189760574782e-07	3.246311e-01	3.281131e-01	3.007729e-01
1.156342617717640e-07	3.244835e-01	3.281315e-01	3.007818e-01
1.156495474860497e-07	3.243367e-01	3.281502e-01	3.007907e-01
1.156648332003354e-07	3.241908e-01	3.281692e-01	3.007996e-01
1.156658332003354e-07	3.241813e-01	3.281704e-01	3.008002e-01
1.157099760574783e-07	3.237648e-01	3.282276e-01	3.008259e-01
1.157541189146213e-07	3.233578e-01	3.282841e-01	3.008516e-01
1.157982617717642e-07	3.229604e-01	3.283401e-01	3.008773e-01
1.158424046289071e-07	3.225725e-01	3.283955e-01	3.009030e-01
1.158865474860500e-07	3.221941e-01	3.284503e-01	3.009286e-01
1.159306903431929e-07	3.218253e-01	3.285045e-01	3.009543e-01
1.159748332003358e-07	3.214660e-01	3.285581e-01	3.009799e-01
1.160124046289073e-07	3.211691e-01	3.286010e-01	3.010017e-01
1.160499760574787e-07	3.208801e-01	3.286417e-01	3.010235e-01
1.160875474860502e-07	3.205989e-01	3.286801e-01	3.010453e-01
1.161251189146217e-07	3.203256e-01	3.287163e-01	3.010671e-01
1.161626903431932e-07	3.200602e-01	3.287503e-01	3.010889e-01
1.162002617717646e-07	3.198027e-01	3.287820e-01	3.011106e-01
1.162378332003361e-07	3.195530e-01	3.288115e-01	3.011324e-01
1.162766903431933e-07	3.193034e-01	3.288390e-01	3.011549e-01
1.163155474860505e-07	3.190620e-01	3.288640e-01	3.011774e-01
1.163544046289077e-07	3.188288e-01	3.288864e-01	3.011999e-01
1.163932617717648e-07	3.186039e-01	3.289062e-01	3.012224e-01
1.164321189146220e-07	3.183872e-01	3.289235e-01	3.012448e-01
1.164709760574792e-07	3.181787e-01	3.289383e-01	3.012673e-01
1.165098332003364e-07	3.179784e-01	3.289504e-01	3.012898e-01
1.165354046289079e-07	3.178508e-01	3.289572e-01	3.013045e-01
1.165609760574793e-07	3.177265e-01	3.289631e-01	3.013193e-01
1.165865474860508e-07	3.176055e-01	3.289681e-01	3.013341e-01
1.166121189146222e-07	3.174877e-01	3.289722e-01	3.013489e-01
1.166376903431937e-07	3.173732e-01	3.289753e-01	3.013636e-01
1.166632617717651e-07	3.172619e-01	3.289776e-01	3.013784e-01
1.166888332003366e-07	3.171539e-01	3.289790e-01	3.013932e-01
1.166898332003366e-07	3.171498e-01	3.289791e-01	3.013937e-01
1.167302617717652e-07	3.169858e-01	3.289795e-01	3.014171e-01
1.167706903431938e-07	3.168290e-01	3.289783e-01	3.014404e-01
1.168111189146225e-07	3.166792e-01	3.289757e-01	3.014637e-01
1.168515474860511e-07	3.165365e-01	3.289715e-01	3.014871e-01
1.168919760574797e-07	3.164010e-01	3.289659e-01	3.015104e-01
1.169324046289083e-07	3.162724e-01	3.289587e-01	3.015337e-01
1.169728332003369e-07	3.161510e-01	3.289500e-01	3.015570e-01
1.170265474860513e-07	3.160000e-01	3.289366e-01	3.015880e-01
1.170802617717656e-07	3.158587e-01	3.289220e-01	3.016189e-01
1.171339760574800e-07	3.157270e-01	3.289063e-01	3.016499e-01
1.171876903431943e-07	3.156049e-01	3.288895e-01	3.016808e-01
1.172414046289087e-07	3.154925e-01	3.288715e-01	3.017118e-01
1.172951189146230e-07	3.153897e-01	3.288524e-01	3.017427e-01
1.173488332003374e-07	3.152966e-01	3.288321e-01	3.017736e-01
1.174008332003374e-07	3.152139e-01	3.288123e-01	3.018036e-01
1.174528332003375e-07	3.151375e-01	3.287924e-01	3.018335e-01
1.175048332003375e-07	3.150674e-01	3.287724e-01	3.018634e-01
1.175568332003376e-07	3.150035e-01	3.287523e-01	3.018933e-01
1.176088332003376e-07	3.149460e-01	3.287322e-01	3.019232e-01
1.176608332003377e-07	3.148947e-01	3.287120e-01	3.019531e-01
1.177128332003378e-07	3.148497e-01	3.286918e-01	3.019831e-01
1.177138332003378e-07	3.148489e-01	3.286914e-01	3.019837e-01
1.177714046289093e-07	3.148051e-01	3.286694e-01	3.020168e-01
1.178289760574807e-07	3.147662e-01	3.286479e-01	3.020499e-01
1.178865474860522e-07	3.147322e-01	3.286269e-01	3.020829e-01
1.179441189146237e-07	3.147031e-01	3.286065e-01	3.021160e-01
1.180016903431952e-07	3.146789e-01	3.285865e-01	3.021491e-01
1.180592617717667e-07	3.146597e-01	3.285671e-01	3.021822e-01
1.181168332003382e-07	3.146453e-01	3.285481e-01	3.022153e-01
1.181495474860525e-07	3.146385e-01	3.285377e-01	3.022341e-01
1.181822617717669e-07	3.146326e-01	3.285275e-01	3.022529e-01
1.182149760574812e-07	3.146278e-01	3.285175e-01	3.022717e-01
1.182476903431955e-07	3.146241e-01	3.285078e-01	3.022905e-01
1.182804046289098e-07	3.146213e-01	3.284982e-01	3.023093e-01
1.183131189146242e-07	3.146196e-01	3.284889e-01	3.023281e-01
1.183458332003385e-07	3.146189e-01	3.284798e-01	3.023469e-01
1.183672617717671e-07	3.146188e-01	3.284740e-01	3.023592e-01
1.183886903431957e-07	3.146191e-01	3.284683e-01	3.023715e-01
1.184101189146243e-07	3.146197e-01	3.284626e-01	3.023838e-01
1.184315474860529e-07	3.146206e-01	3.284571e-01	3.023961e-01
1.184529760574815e-07	3.146219e-01	3.284516e-01	3.024084e-01
1.184744046289101e-07	3.146235e-01	3.284462e-01	3.024207e-01
1.184958332003387e-07	3.146254e-01	3.284410e-01	3.024330e-01
1.185302617717673e-07	3.146291e-01	3.284327e-01	3.024528e-01
1.185646903431959e-07	3.146335e-01	3.284247e-01	3.024726e-01
1.185991189146245e-07	3.146384e-01	3.284169e-01	3.024924e-01
1.186335474860531e-07	3.146439e-01	3.284094e-01	3.025121e-01
1.186679760574817e-07	3.146501e-01	3.284020e-01	3.025319e-01
1.187024046289103e-07	3.146568e-01	3.283950e-01	3.025517e-01
1.187368332003389e-07	3.146641e-01	3.283881e-01	3.025714e-01
1.187378332003389e-07	3.146643e-01	3.283879e-01	3.025720e-01
1.188042617717676e-07	3.146801e-01	3.283754e-01	3.026101e-01
1.188706903431962e-07	3.146970e-01	3.283637e-01	3.026483e-01
1.189371189146249e-07	3.147149e-01	3.283527e-01	3.026864e-01
1.190035474860535e-07	3.147338e-01	3.283424e-01	3.027245e-01
1.190699760574822e-07	3.147538e-01	3.283329e-01	3.027627e-01
1.191364046289108e-07	3.147749e-01	3.283241e-01	3.028008e-01
1.192028332003395e-07	3.147970e-01	3.283161e-01	3.028389e-01
1.192825474860538e-07	3.148241e-01	3.283073e-01	3.028847e-01
1.193622617717682e-07	3.148513e-01	3.282993e-01	3.029304e-01
1.194419760574826e-07	3.148785e-01	3.282920e-01	3.029762e-01
1.195216903431970e-07	3.149059e-01	3.282855e-01	3.030219e-01
1.196014046289113e-07	3.149334e-01	3.282796e-01	3.030677e-01
1.196811189146257e-07	3.149609e-01	3.282746e-01	3.031134e-01
1.197608332003401e-07	3.149886e-01	3.282702e-01	3.031591e-01
1.197618332003401e-07	3.149890e-01	3.282702e-01	3.031597e-01
1.198662617717688e-07	3.150245e-01	3.282654e-01	3.032196e-01
1.199706903431975e-07	3.150590e-01	3.282613e-01	3.032795e-01
1.200751189146261e-07	3.150924e-01	3.282578e-01	3.033394e-01
1.201795474860549e-07	3.151248e-01	3.282550e-01	3.033994e-01
1.202839760574835e-07	3.151561e-01	3.282529e-01	3.034593e-01
1.203884046289122e-07	3.151864e-01	3.282514e-01	3.035192e-01
1.204928332003409e-07	3.152157e-01	3.282506e-01	3.035791e-01
1.205345474860553e-07	3.152269e-01	3.282504e-01	3.036030e-01
1.205762617717696e-07	3.152380e-01	3.282502e-01	3.036269e-01
1.206179760574839e-07	3.152488e-01	3.282500e-01	3.036509e-01
1.206596903431983e-07	3.152595e-01	3.282499e-01	3.036748e-01
1.207014046289126e-07	3.152699e-01	3.282499e-01	3.036987e-01
1.207431189146269e-07	3.152802e-01	3.282499e-01	3.037227e-01
1.207848332003412e-07	3.152902e-01	3.282500e-01	3.037466e-01
1.207858332003412e-07	3.152905e-01	3.282500e-01	3.037471e-01
1.208131189146270e-07	3.152969e-01	3.282501e-01	3.037628e-01
1.208404046289128e-07	3.153033e-01	3.282501e-01	3.037784e-01
1.208676903431985e-07	3.153095e-01	3.282502e-01	3.037941e-01
1.208949760574842e-07	3.153157e-01	3.282503e-01	3.038098e-01
1.209222617717700e-07	3.153218e-01	3.282505e-01	3.038255e-01
1.209495474860557e-07	3.153279e-01	3.282506e-01	3.038412e-01
1.209768332003415e-07	3.153338e-01	3.282508e-01	3.038570e-01
1.210065474860558e-07	3.153402e-01	3.282510e-01	3.038744e-01
1.210362617717701e-07	3.153464e-01	3.282512e-01	3.038920e-01
1.210659760574844e-07	3.153526e-01	3.282514e-01	3.039101e-01
1.210956903431987e-07	3.153587e-01	3.282516e-01	3.039284e-01
1.211254046289131e-07	3.153647e-01	3.282519e-01	3.039471e-01
1.211551189146274e-07	3.153705e-01	3.282522e-01	3.039661e-01
1.211848332003417e-07	3.153763e-01	3.282524e-01	3.039855e-01
1.212432617717703e-07	3.153874e-01	3.282530e-01	3.040255e-01
1.213016903431990e-07	3.153981e-01	3.282536e-01	3.040654e-01
1.213601189146276e-07	3.154085e-01	3.282543e-01	3.041052e-01
1.214185474860563e-07	3.154186e-01	3.282549e-01	3.041448e-01
1.214769760574849e-07	3.154283e-01	3.282556e-01	3.041844e-01
1.215354046289135e-07	3.154377e-01	3.282563e-01	3.042237e-01
1.215938332003422e-07	3.154467e-01	3.282571e-01	3.042630e-01
1.216245474860565e-07	3.154513e-01	3.282575e-01	3.042826e-01
1.216552617717708e-07	3.154558e-01	3.282579e-01	3.043018e-01
1.216859760574851e-07	3.154603e-01	3.282583e-01	3.043206e-01
1.217166903431995e-07	3.154646e-01	3.282587e-01	3.043390e-01
1.217474046289138e-07	3.154689e-01	3.282591e-01	3.043570e-01
1.217781189146281e-07	3.154731e-01	3.282595e-01	3.043745e-01
1.218088332003424e-07	3.154773e-01	3.282599e-01	3.043916e-01
1.218098332003424e-07	3.154774e-01	3.282599e-01	3.043922e-01
1.219108332003425e-07	3.154903e-01	3.282613e-01	3.044433e-01
1.220118332003426e-07	3.155025e-01	3.282627e-01	3.044926e-01
1.221128332003428e-07	3.155139e-01	3.282640e-01	3.045402e-01
1.222138332003429e-07	3.155247e-01	3.282654e-01	3.045860e-01
1.223148332003430e-07	3.155347e-01	3.282667e-01	3.046300e-01
1.224158332003431e-07	3.155440e-01	3.282680e-01	3.046723e-01
1.225168332003432e-07	3.155526e-01	3.282693e-01	3.047128e-01
1.225619760574861e-07	3.155563e-01	3.282699e-01	3.047321e-01
1.226071189146290e-07	3.155598e-01	3.282704e-01	3.047518e-01
1.226522617717719e-07	3.155633e-01	3.282709e-01	3.047718e-01
1.226974046289149e-07	3.155667e-01	3.282715e-01	3.047921e-01
1.227425474860578e-07	3.155699e-01	3.282720e-01	3.048127e-01
1.227876903432007e-07	3.155731e-01	3.282725e-01	3.048337e-01
1.228328332003436e-07	3.155761e-01	3.282731e-01	3.048551e-01
1.228338332003436e-07	3.155762e-01	3.282731e-01	3.048556e-01
1.229314046289151e-07	3.155823e-01	3.282741e-01	3.049034e-01
1.230289760574866e-07	3.155882e-01	3.282752e-01	3.049531e-01
1.231265474860582e-07	3.155936e-01	3.282762e-01	3.050046e-01
1.232241189146297e-07	3.155987e-01	3.282771e-01	3.050579e-01
1.233216903432013e-07	3.156035e-01	3.282781e-01	3.051130e-01
1.234192617717728e-07	3.156078e-01	3.282789e-01	3.051699e-01
1.235168332003443e-07	3.156118e-01	3.282798e-01	3.052286e-01
1.235654046289158e-07	3.156137e-01	3.282802e-01	3.052582e-01
1.236139760574873e-07	3.156156e-01	3.282806e-01	3.052880e-01
1.236625474860588e-07	3.156174e-01	3.282810e-01	3.053181e-01
1.237111189146303e-07	3.156191e-01	3.282814e-01	3.053484e-01
1.237596903432018e-07	3.156208e-01	3.282817e-01	3.053789e-01
1.238082617717732e-07	3.156223e-01	3.282821e-01	3.054097e-01
1.238568332003447e-07	3.156239e-01	3.282824e-01	3.054407e-01
1.238578332003447e-07	3.156239e-01	3.282824e-01	3.054413e-01
1.238998332003448e-07	3.156252e-01	3.282827e-01	3.054682e-01
1.239418332003448e-07	3.156264e-01	3.282830e-01	3.054952e-01
1.239838332003449e-07	3.156276e-01	3.282833e-01	3.055222e-01
1.240258332003449e-07	3.156288e-01	3.282836e-01	3.055494e-01
1.240678332003450e-07	3.156299e-01	3.282838e-01	3.055765e-01
1.241098332003450e-07	3.156310e-01	3.282841e-01	3.056038e-01
1.241518332003451e-07	3.156320e-01	3.282844e-01	3.056311e-01
1.241894046289165e-07	3.156330e-01	3.282846e-01	3.056558e-01
1.242269760574880e-07	3.156338e-01	3.282848e-01	3.056796e-01
1.242645474860595e-07	3.156347e-01	3.282850e-01	3.057024e-01
1.243021189146309e-07	3.156355e-01	3.282852e-01	3.057242e-01
1.243396903432024e-07	3.156363e-01	3.282854e-01	3.057450e-01
1.243772617717739e-07	3.156371e-01	3.282856e-01	3.057649e-01
1.244148332003454e-07	3.156379e-01	3.282858e-01	3.057838e-01
1.244408332003454e-07	3.156384e-01	3.282860e-01	3.057956e-01
1.244668332003454e-07	3.156389e-01	3.282861e-01	3.058064e-01
1.244928332003455e-07	3.156394e-01	3.282862e-01	3.058164e-01
1.245188332003455e-07	3.156399e-01	3.282864e-01	3.058254e-01
1.245448332003455e-07	3.156404e-01	3.282865e-01	3.058336e-01
1.245708332003455e-07	3.156408e-01	3.282866e-01	3.058409e-01
1.245968332003456e-07	3.156413e-01	3.282867e-01	3.058472e-01
1.246169760574884e-07	3.156416e-01	3.282868e-01	3.058514e-01
1.246371189146313e-07	3.156420e-01	3.282869e-01	3.058551e-01
1.246572617717742e-07	3.156423e-01	3.282870e-01	3.058582e-01
1.246774046289171e-07	3.156426e-01	3.282871e-01	3.058608e-01
1.246975474860600e-07	3.156429e-01	3.282872e-01	3.058628e-01
1.247176903432029e-07	3.156433e-01	3.282873e-01	3.058643e-01
1.247378332003457e-07	3.156436e-01	3.282873e-01	3.058652e-01
1.247501189146315e-07	3.156438e-01	3.282874e-01	3.058655e-01
1.247624046289172e-07	3.156440e-01	3.282874e-01	3.058657e-01
1.247746903432029e-07	3.156441e-01	3.282875e-01	3.058656e-01
1.247869760574886e-07	3.156443e-01	3.282875e-01	3.058653e-01
1.247992617717744e-07	3.156445e-01	3.282876e-01	3.058649e-01
1.248115474860601e-07	3.156447e-01	3.282876e-01	3.058643e-01
1.248238332003458e-07	3.156449e-01	3.282877e-01	3.058635e-01
1.248319760574887e-07	3.156450e-01	3.282877e-01	3.058629e-01
1.248401189146316e-07	3.156451e-01	3.282878e-01	3.058622e-01
1.248482617717744e-07	3.156452e-01	3.282878e-01	3.058614e-01
1.248564046289173e-07	3.156453e-01	3.282878e-01	3.058605e-01
1.248645474860602e-07	3.156454e-01	3.282879e-01	3.058596e-01
1.248726903432030e-07	3.156456e-01	3.282879e-01	3.058586e-01
1.248808332003459e-07	3.156457e-01	3.282879e-01	3.058576e-01
1.248818332003459e-07	3.156457e-01	3.282879e-01	3.058574e-01
1.249416903432031e-07	3.156465e-01	3.282882e-01	3.058464e-01
1.250015474860603e-07	3.156473e-01	3.282884e-01	3.058331e-01
1.250614046289175e-07	3.156480e-01	3.282886e-01	3.058173e-01
1.251212617717747e-07	3.156487e-01	3.282888e-01	3.057992e-01
1.251811189146319e-07	3.156494e-01	3.282890e-01	3.057787e-01
1.252409760574892e-07	3.156500e-01	3.282892e-01	3.057558e-01
1.253008332003464e-07	3.156506e-01	3.282893e-01	3.057305e-01
1.253584046289179e-07	3.156511e-01	3.282895e-01	3.057055e-01
1.254159760574894e-07	3.156517e-01	3.282897e-01	3.056803e-01
1.254735474860609e-07	3.156522e-01	3.282898e-01	3.056548e-01
1.255311189146323e-07	3.156526e-01	3.282900e-01	3.056291e-01
1.255886903432038e-07	3.156531e-01	3.282901e-01	3.056032e-01
1.256462617717753e-07	3.156535e-01	3.282902e-01	3.055770e-01
1.257038332003468e-07	3.156539e-01	3.282904e-01	3.055505e-01
1.257325474860612e-07	3.156541e-01	3.282904e-01	3.055377e-01
1.257612617717755e-07	3.156543e-01	3.282905e-01	3.055249e-01
1.257899760574898e-07	3.156545e-01	3.282906e-01	3.055123e-01
1.258186903432041e-07	3.156547e-01	3.282906e-01	3.054998e-01
1.258474046289184e-07	3.156549e-01	3.282907e-01	3.054874e-01
1.258761189146327e-07	3.156551e-01	3.282908e-01	3.054752e-01
1.259048332003471e-07	3.156552e-01	3.282908e-01	3.054630e-01
1.259058332003471e-07	3.156552e-01	3.282908e-01	3.054626e-01
1.259819760574900e-07	3.156557e-01	3.282910e-01	3.054312e-01
1.260581189146329e-07	3.156561e-01	3.282911e-01	3.054012e-01
1.261342617717759e-07	3.156565e-01	3.282912e-01	3.053726e-01
1.262104046289188e-07	3.156568e-01	3.282914e-01	3.053454e-01
1.262865474860618e-07	3.156572e-01	3.282915e-01	3.053195e-01
1.263626903432047e-07	3.156575e-01	3.282916e-01	3.052951e-01
1.264388332003477e-07	3.156578e-01	3.282917e-01	3.052720e-01
1.265088332003477e-07	3.156580e-01	3.282918e-01	3.052522e-01
1.265788332003478e-07	3.156583e-01	3.282919e-01	3.052335e-01
1.266488332003479e-07	3.156585e-01	3.282919e-01	3.052159e-01
1.267188332003480e-07	3.156587e-01	3.282920e-01	3.051994e-01
1.267888332003481e-07	3.156589e-01	3.282921e-01	3.051839e-01
1.268588332003481e-07	3.156591e-01	3.282922e-01	3.051696e-01
1.269288332003482e-07	3.156593e-01	3.282923e-01	3.051564e-01
1.269298332003482e-07	3.156593e-01	3.282923e-01	3.051562e-01
1.270446903432055e-07	3.156596e-01	3.282924e-01	3.051368e-01
1.271595474860628e-07	3.156598e-01	3.282924e-01	3.051193e-01
1.272744046289200e-07	3.156600e-01	3.282925e-01	3.051036e-01
1.273892617717773e-07	3.156603e-01	3.282926e-01	3.050897e-01
1.275041189146346e-07	3.156604e-01	3.282927e-01	3.050777e-01
1.276189760574919e-07	3.156606e-01	3.282928e-01	3.050675e-01
1.277338332003491e-07	3.156608e-01	3.282928e-01	3.050592e-01
1.277651189146349e-07	3.156608e-01	3.282928e-01	3.050570e-01
1.277964046289206e-07	3.156608e-01	3.282929e-01	3.050549e-01
1.278276903432064e-07	3.156609e-01	3.282929e-01	3.050528e-01
1.278589760574921e-07	3.156609e-01	3.282929e-01	3.050509e-01
1.278902617717779e-07	3.156609e-01	3.282929e-01	3.050491e-01
1.279215474860636e-07	3.156610e-01	3.282929e-01	3.050473e-01
1.279528332003494e-07	3.156610e-01	3.282929e-01	3.050456e-01
1.279538332003494e-07	3.156610e-01	3.282929e-01	3.050455e-01
1.280346903432066e-07	3.156611e-01	3.282929e-01	3.050416e-01
1.281155474860639e-07	3.156612e-01	3.282930e-01	3.050379e-01
1.281964046289211e-07	3.156612e-01	3.282930e-01	3.050346e-01
1.282772617717783e-07	3.156613e-01	3.282930e-01	3.050317e-01
1.283581189146355e-07	3.156614e-01	3.282931e-01	3.050291e-01
1.284389760574928e-07	3.156614e-01	3.282931e-01	3.050268e-01
1.285198332003500e-07	3.156615e-01	3.282931e-01	3.050249e-01
1.285851189146358e-07	3.156615e-01	3.282931e-01	3.050235e-01
1.286504046289216e-07	3.156616e-01	3.282932e-01	3.050222e-01
1.287156903432074e-07	3.156616e-01	3.282932e-01	3.050210e-01
1.287809760574932e-07	3.156616e-01	3.282932e-01	3.050199e-01
1.288462617717789e-07	3.156617e-01	3.282932e-01	3.050189e-01
1.289115474860648e-07	3.156617e-01	3.282932e-01	3.050181e-01
1.289768332003505e-07	3.156617e-01	3.282932e-01	3.050174e-01
1.289778332003505e-07	3.156617e-01	3.282932e-01	3.050174e-01
1.290546903432078e-07	3.156617e-01	3.282932e-01	3.050166e-01
1.291315474860650e-07	3.156618e-01	3.282933e-01	3.050160e-01
1.292084046289222e-07	3.156618e-01	3.282933e-01	3.050154e-01
1.292852617717794e-07	3.156618e-01	3.282933e-01	3.050148e-01
1.293621189146367e-07	3.156619e-01	3.282933e-01	3.050144e-01
1.294389760574939e-07	3.156619e-01	3.282933e-01	3.050140e-01
1.295158332003511e-07	3.156619e-01	3.282933e-01	3.050137e-01
1.295851189146369e-07	3.156619e-01	3.282933e-01	3.050135e-01
1.296544046289227e-07	3.156619e-01	3.282933e-01	3.050133e-01
1.297236903432085e-07	3.156619e-01	3.282933e-01	3.050132e-01
1.297929760574943e-07	3.156619e-01	3.282933e-01	3.050130e-01
1.298622617717801e-07	3.156620e-01	3.282933e-01	3.050129e-01
1.299315474860659e-07	3.156620e-01	3.282933e-01	3.050128e-01
1.300008332003517e-07	3.156620e-01	3.282934e-01	3.050127e-01
1.300018332003517e-07	3.156620e-01	3.282934e-01	3.050127e-01
1.300041189146374e-07	3.156620e-01	3.282934e-01	3.050127e-01
1.300064046289231e-07	3.156620e-01	3.282934e-01	3.050127e-01
1.300086903432089e-07	3.156620e-01	3.282934e-01	3.050127e-01
1.300109760574946e-07	3.156620e-01	3.282934e-01	3.050127e-01
1.300132617717803e-07	3.156620e-01	3.282934e-01	3.050127e-01
1.300155474860660e-07	3.156620e-01	3.282934e-01	3.050127e-01
1.300178332003517e-07	3.156620e-01	3.282934e-01	3.050127e-01
1.300208332003517e-07	3.156620e-01	3.282934e-01	3.050127e-01
1.300238332003517e-07	3.156620e-01	3.282934e-01	3.050127e-01
1.300268332003517e-07	3.156620e-01	3.282934e-01	3.050127e-01
1.300298332003517e-07	3.156620e-01	3.282934e-01	3.050127e-01
1.300326903432089e-07	3.156620e-01	3.282934e-01	3.050127e-01
1.300355474860660e-07	3.156620e-01	3.282935e-01	3.050127e-01
1.300384046289232e-07	3.156620e-01	3.282936e-01	3.050127e-01
1.300412617717803e-07	3.156620e-01	3.282936e-01	3.050127e-01
1.300441189146375e-07	3.156620e-01	3.282937e-01	3.050127e-01
1.300469760574946e-07	3.156620e-01	3.282938e-01	3.050127e-01
1.300498332003518e-07	3.156620e-01	3.282939e-01	3.050127e-01
1.300538332003518e-07	3.156620e-01	3.282942e-01	3.050127e-01
1.300578332003518e-07	3.156620e-01	3.282944e-01	3.050127e-01
1.300618332003518e-07	3.156620e-01	3.282947e-01	3.050127e-01
1.300658332003518e-07	3.156620e-01	3.282950e-01	3.050127e-01
1.300698332003518e-07	3.156620e-01	3.282954e-01	3.050127e-01
1.300738332003518e-07	3.156620e-01	3.282958e-01	3.050127e-01
1.300778332003518e-07	3.156620e-01	3.282963e-01	3.050127e-01
1.300836903432089e-07	3.156620e-01	3.282970e-01	3.050127e-01
1.300895474860661e-07	3.156620e-01	3.282979e-01	3.050127e-01
1.300954046289232e-07	3.156620e-01	3.282988e-01	3.050127e-01
1.301012617717804e-07	3.156620e-01	3.282997e-01	3.050127e-01
1.301071189146375e-07	3.156620e-01	3.283007e-01	3.050127e-01
1.301129760574947e-07	3.156619e-01	3.283019e-01	3.050127e-01
1.301188332003518e-07	3.156619e-01	3.283030e-01	3.050127e-01
1.301261189146375e-07	3.156619e-01	3.283046e-01	3.050127e-01
1.301334046289233e-07	3.156619e-01	3.283061e-01	3.050127e-01
1.301406903432090e-07	3.156618e-01	3.283076e-01	3.050126e-01
1.301479760574947e-07	3.156618e-01	3.283092e-01	3.050126e-01
1.301552617717804e-07	3.156617e-01	3.283107e-01	3.050126e-01
1.301625474860662e-07	3.156616e-01	3.283122e-01	3.050126e-01
1.301698332003519e-07	3.156615e-01	3.283138e-01	3.050126e-01
1.301779760574948e-07	3.156614e-01	3.283154e-01	3.050126e-01
1.301861189146376e-07	3.156613e-01	3.283168e-01	3.050126e-01
1.301942617717805e-07	3.156611e-01	3.283181e-01	3.050126e-01
1.302024046289234e-07	3.156609e-01	3.283191e-01	3.050126e-01
1.302105474860662e-07	3.156607e-01	3.283200e-01	3.050126e-01
1.302186903432091e-07	3.156605e-01	3.283206e-01	3.050126e-01
1.302268332003520e-07	3.156602e-01	3.283211e-01	3.050126e-01
1.302321189146377e-07	3.156600e-01	3.283212e-01	3.050126e-01
1.302374046289234e-07	3.156598e-01	3.283212e-01	3.050126e-01
1.302426903432091e-07	3.156595e-01	3.283211e-01	3.050126e-01
1.302479760574948e-07	3.156593e-01	3.283208e-01	3.050126e-01
1.302532617717805e-07	3.156590e-01	3.283204e-01	3.050126e-01
1.302585474860663e-07	3.156587e-01	3.283198e-01	3.050126e-01
1.302638332003520e-07	3.156584e-01	3.283191e-01	3.050126e-01
1.302728332003520e-07	3.156578e-01	3.283175e-01	3.050126e-01
1.302818332003520e-07	3.156571e-01	3.283155e-01	3.050126e-01
1.302908332003520e-07	3.156564e-01	3.283129e-01	3.050126e-01
1.302998332003520e-07	3.156555e-01	3.283098e-01	3.050126e-01
1.303088332003520e-07	3.156546e-01	3.283061e-01	3.050126e-01
1.303178332003521e-07	3.156536e-01	3.283020e-01	3.050126e-01
1.303268332003521e-07	3.156525e-01	3.282973e-01	3.050126e-01
1.303406903432092e-07	3.156507e-01	3.282889e-01	3.050126e-01
1.303545474860664e-07	3.156487e-01	3.282791e-01	3.050126e-01
1.303684046289236e-07	3.156463e-01	3.282680e-01	3.050126e-01
1.303822617717807e-07	3.156437e-01	3.282556e-01	3.050126e-01
1.303961189146379e-07	3.156408e-01	3.282417e-01	3.050126e-01
1.304099760574950e-07	3.156376e-01	3.282265e-01	3.050126e-01
1.304238332003522e-07	3.156342e-01	3.282099e-01	3.050126e-01
1.304459760574951e-07	3.156280e-01	3.281802e-01	3.050126e-01
1.304681189146379e-07	3.156209e-01	3.281478e-01	3.050126e-01
1.304902617717808e-07	3.156129e-01	3.281127e-01	3.050126e-01
1.305124046289237e-07	3.156041e-01	3.280750e-01	3.050126e-01
1.305345474860666e-07	3.155943e-01	3.280347e-01	3.050126e-01
1.305566903432095e-07	3.155836e-01	3.279916e-01	3.050126e-01
1.305788332003524e-07	3.155720e-01	3.279459e-01	3.050126e-01
1.306091189146381e-07	3.155544e-01	3.278799e-01	3.050126e-01
1.306394046289239e-07	3.155351e-01	3.278127e-01	3.050127e-01
1.306696903432096e-07	3.155142e-01	3.277443e-01	3.050127e-01
1.306999760574953e-07	3.154918e-01	3.276748e-01	3.050127e-01
1.307302617717811e-07	3.154677e-01	3.276041e-01	3.050127e-01
1.307605474860669e-07	3.154420e-01	3.275322e-01	3.050127e-01
1.307908332003526e-07	3.154147e-01	3.274592e-01	3.050127e-01
1.308235474860669e-07	3.153835e-01	3.273818e-01	3.050127e-01
1.308562617717812e-07	3.153514e-01	3.273065e-01	3.050127e-01
1.308889760574956e-07	3.153185e-01	3.272333e-01	3.050128e-01
1.309216903432099e-07	3.152847e-01	3.271621e-01	3.050128e-01
1.309544046289242e-07	3.152500e-01	3.270930e-01	3.050128e-01
1.309871189146385e-07	3.152144e-01	3.270259e-01	3.050128e-01
1.310198332003529e-07	3.151780e-01	3.269610e-01	3.050128e-01
1.310258332003529e-07	3.151713e-01	3.269494e-01	3.050128e-01
1.310669760574958e-07	3.151249e-01	3.268733e-01	3.050128e-01
1.311081189146387e-07	3.150795e-01	3.268015e-01	3.050129e-01
1.311492617717816e-07	3.150350e-01	3.267340e-01	3.050129e-01
1.311904046289245e-07	3.149914e-01	3.266708e-01	3.050129e-01
1.312315474860674e-07	3.149487e-01	3.266120e-01	3.050129e-01
1.312726903432103e-07	3.149071e-01	3.265575e-01	3.050129e-01
1.313138332003532e-07	3.148663e-01	3.265072e-01	3.050130e-01
1.313538332003532e-07	3.148290e-01	3.264622e-01	3.050130e-01
1.313938332003533e-07	3.147941e-01	3.264199e-01	3.050130e-01
1.314338332003533e-07	3.147618e-01	3.263802e-01	3.050130e-01
1.314738332003534e-07	3.147319e-01	3.263432e-01	3.050130e-01
1.315138332003534e-07	3.147046e-01	3.263088e-01	3.050131e-01
1.315538332003535e-07	3.146797e-01	3.262772e-01	3.050131e-01
1.315938332003535e-07	3.146573e-01	3.262482e-01	3.050131e-01
1.316241189146392e-07	3.146425e-01	3.262272e-01	3.050131e-01
1.316544046289250e-07	3.146295e-01	3.262071e-01	3.050131e-01
1.316846903432108e-07	3.146181e-01	3.261878e-01	3.050131e-01
1.317149760574965e-07	3.146085e-01	3.261693e-01	3.050131e-01
1.317452617717822e-07	3.146005e-01	3.261516e-01	3.050131e-01
1.317755474860680e-07	3.145943e-01	3.261347e-01	3.050131e-01
1.318058332003537e-07	3.145899e-01	3.261186e-01	3.050131e-01
1.318189760574966e-07	3.145885e-01	3.261117e-01	3.050132e-01
1.318321189146395e-07	3.145874e-01	3.261049e-01	3.050132e-01
1.318452617717823e-07	3.145866e-01	3.260983e-01	3.050132e-01
1.318584046289252e-07	3.145862e-01	3.260917e-01	3.050132e-01
1.318715474860681e-07	3.145860e-01	3.260852e-01	3.050132e-01
1.318846903432110e-07	3.145862e-01	3.260787e-01	3.050132e-01
1.318978332003538e-07	3.145868e-01	3.260724e-01	3.050132e-01
1.319194046289253e-07	3.145883e-01	3.260622e-01	3.050132e-01
1.319409760574968e-07	3.145907e-01	3.260522e-01	3.050132e-01
1.319625474860682e-07	3.145938e-01	3.260423e-01	3.050132e-01
1.319841189146397e-07	3.145978e-01	3.260326e-01	3.050132e-01
1.320056903432111e-07	3.146026e-01	3.260230e-01	3.050132e-01
1.320272617717826e-07	3.146082e-01	3.260136e-01	3.050132e-01
1.320488332003540e-07	3.146147e-01	3.260044e-01	3.050132e-01
1.320498332003540e-07	3.146150e-01	3.260039e-01	3.050132e-01
1.321079760574969e-07	3.146369e-01	3.259798e-01	3.050132e-01
1.321661189146399e-07	3.146634e-01	3.259559e-01	3.050133e-01
1.322242617717828e-07	3.146944e-01	3.259324e-01	3.050133e-01
1.322824046289257e-07	3.147299e-01	3.259092e-01	3.050133e-01
1.323405474860686e-07	3.147699e-01	3.258864e-01	3.050133e-01
1.323986903432116e-07	3.148145e-01	3.258639e-01	3.050133e-01
1.324568332003545e-07	3.148636e-01	3.258417e-01	3.050133e-01
1.325448332003546e-07	3.149455e-01	3.258081e-01	3.050133e-01
1.326328332003547e-07	3.150313e-01	3.257744e-01	3.050133e-01
1.327208332003548e-07	3.151208e-01	3.257406e-01	3.050134e-01
1.328088332003549e-07	3.152141e-01	3.257068e-01	3.050134e-01
1.328968332003550e-07	3.153113e-01	3.256730e-01	3.050134e-01
1.329848332003551e-07	3.154122e-01	3.256391e-01	3.050134e-01
1.330728332003552e-07	3.155169e-01	3.256051e-01	3.050134e-01
1.330738332003552e-07	3.155181e-01	3.256047e-01	3.050134e-01
1.332248332003554e-07	3.156945e-01	3.255462e-01	3.050134e-01
1.332258332003554e-07	3.156956e-01	3.255459e-01	3.050134e-01
1.332268332003554e-07	3.156968e-01	3.255456e-01	3.050134e-01
1.332278332003554e-07	3.156979e-01	3.255449e-01	3.050134e-01
1.332288332003554e-07	3.156991e-01	3.255446e-01	3.050134e-01
1.332298332003554e-07	3.157003e-01	3.255444e-01	3.050134e-01
1.332308332003554e-07	3.157015e-01	3.255439e-01	3.050134e-01
1.332475474860697e-07	3.157209e-01	3.255373e-01	3.050134e-01
1.332642617717840e-07	3.157405e-01	3.255308e-01	3.050134e-01
1.332809760574983e-07	3.157602e-01	3.255245e-01	3.050134e-01
1.332976903432126e-07	3.157801e-01	3.255183e-01	3.050134e-01
1.333144046289269e-07	3.158001e-01	3.255123e-01	3.050134e-01
1.333311189146412e-07	3.158203e-01	3.255065e-01	3.050134e-01
1.333478332003555e-07	3.158407e-01	3.255008e-01	3.050134e-01
1.333588332003555e-07	3.158542e-01	3.254974e-01	3.050134e-01
1.333698332003555e-07	3.158678e-01	3.254941e-01	3.050134e-01
1.333808332003555e-07	3.158814e-01	3.254910e-01	3.050134e-01
1.333918332003555e-07	3.158950e-01	3.254881e-01	3.050134e-01
1.334028332003556e-07	3.159087e-01	3.254854e-01	3.050134e-01
1.334138332003556e-07	3.159224e-01	3.254829e-01	3.050134e-01
1.334248332003556e-07	3.159361e-01	3.254806e-01	3.050134e-01
1.334346903432127e-07	3.159484e-01	3.254786e-01	3.050134e-01
1.334445474860699e-07	3.159607e-01	3.254769e-01	3.050134e-01
1.334544046289271e-07	3.159730e-01	3.254752e-01	3.050134e-01
1.334642617717842e-07	3.159852e-01	3.254737e-01	3.050134e-01
1.334741189146413e-07	3.159975e-01	3.254723e-01	3.050134e-01
1.334839760574985e-07	3.160097e-01	3.254710e-01	3.050134e-01
1.334938332003557e-07	3.160219e-01	3.254698e-01	3.050134e-01
1.335046903432128e-07	3.160352e-01	3.254687e-01	3.050134e-01
1.335155474860700e-07	3.160485e-01	3.254676e-01	3.050134e-01
1.335264046289271e-07	3.160617e-01	3.254665e-01	3.050134e-01
1.335372617717843e-07	3.160748e-01	3.254654e-01	3.050134e-01
1.335481189146414e-07	3.160879e-01	3.254643e-01	3.050134e-01
1.335589760574986e-07	3.161009e-01	3.254633e-01	3.050134e-01
1.335698332003557e-07	3.161138e-01	3.254623e-01	3.050134e-01
1.335982617717843e-07	3.161471e-01	3.254604e-01	3.050134e-01
1.336266903432130e-07	3.161796e-01	3.254561e-01	3.050134e-01
1.336551189146415e-07	3.162113e-01	3.254492e-01	3.050134e-01
1.336835474860702e-07	3.162421e-01	3.254397e-01	3.050134e-01
1.337119760574988e-07	3.162721e-01	3.254277e-01	3.050134e-01
1.337404046289274e-07	3.163012e-01	3.254131e-01	3.050134e-01
1.337688332003560e-07	3.163295e-01	3.253960e-01	3.050134e-01
1.337912617717846e-07	3.163512e-01	3.253787e-01	3.050134e-01
1.338136903432132e-07	3.163724e-01	3.253578e-01	3.050134e-01
1.338361189146418e-07	3.163931e-01	3.253334e-01	3.050134e-01
1.338585474860704e-07	3.164134e-01	3.253055e-01	3.050134e-01
1.338809760574990e-07	3.164332e-01	3.252740e-01	3.050134e-01
1.339034046289276e-07	3.164525e-01	3.252389e-01	3.050134e-01
1.339258332003561e-07	3.164714e-01	3.252003e-01	3.050134e-01
1.339502617717847e-07	3.164915e-01	3.251533e-01	3.050134e-01
1.339746903432134e-07	3.165112e-01	3.251011e-01	3.050134e-01
1.339991189146419e-07	3.165306e-01	3.250438e-01	3.050134e-01
1.340235474860706e-07	3.165497e-01	3.249813e-01	3.050134e-01
1.340479760574991e-07	3.165683e-01	3.249137e-01	3.050134e-01
1.340724046289278e-07	3.165866e-01	3.248410e-01	3.050134e-01
1.340968332003563e-07	3.166046e-01	3.247630e-01	3.050134e-01
1.340978332003563e-07	3.166053e-01	3.247597e-01	3.050134e-01
1.341444046289278e-07	3.166387e-01	3.245939e-01	3.050134e-01
1.341909760574993e-07	3.166716e-01	3.244119e-01	3.050134e-01
1.342375474860708e-07	3.167039e-01	3.242136e-01	3.050134e-01
1.342841189146423e-07	3.167356e-01	3.239990e-01	3.050134e-01
1.343306903432138e-07	3.167669e-01	3.237682e-01	3.050134e-01
1.343772617717852e-07	3.167975e-01	3.235211e-01	3.050134e-01
1.344238332003567e-07	3.168277e-01	3.232577e-01	3.050134e-01
1.345041189146425e-07	3.168794e-01	3.227643e-01	3.050134e-01
1.345844046289283e-07	3.169299e-01	3.222585e-01	3.050134e-01
1.346646903432141e-07	3.169791e-01	3.217403e-01	3.050134e-01
1.347449760574999e-07	3.170271e-01	3.212096e-01	3.050134e-01
1.348252617717857e-07	3.170738e-01	3.206666e-01	3.050134e-01
1.349055474860716e-07	3.171193e-01	3.201111e-01	3.050134e-01
1.349858332003574e-07	3.171635e-01	3.195432e-01	3.050134e-01
1.351218332003575e-07	3.172337e-01	3.186243e-01	3.050133e-01
1.352002617717862e-07	3.172717e-01	3.181066e-01	3.050133e-01
1.352786903432148e-07	3.173076e-01	3.176078e-01	3.050133e-01
1.353571189146435e-07	3.173415e-01	3.171278e-01	3.050133e-01
1.354355474860722e-07	3.173733e-01	3.166666e-01	3.050133e-01
1.355139760575008e-07	3.174030e-01	3.162243e-01	3.050133e-01
1.355924046289295e-07	3.174307e-01	3.158007e-01	3.050133e-01
1.356708332003581e-07	3.174564e-01	3.153960e-01	3.050133e-01
1.357385474860725e-07	3.174768e-01	3.150667e-01	3.050133e-01
1.358062617717868e-07	3.174958e-01	3.147526e-01	3.050133e-01
1.358739760575012e-07	3.175135e-01	3.144538e-01	3.050133e-01
1.359416903432156e-07	3.175299e-01	3.141703e-01	3.050133e-01
1.360094046289300e-07	3.175450e-01	3.139020e-01	3.050133e-01
1.360771189146443e-07	3.175587e-01	3.136491e-01	3.050133e-01
1.361448332003587e-07	3.175710e-01	3.134114e-01	3.050133e-01
1.361458332003587e-07	3.175712e-01	3.134080e-01	3.050133e-01
1.362449760575016e-07	3.175870e-01	3.130884e-01	3.050133e-01
1.363441189146446e-07	3.176009e-01	3.127926e-01	3.050133e-01
1.364432617717876e-07	3.176131e-01	3.125205e-01	3.050133e-01
1.365424046289306e-07	3.176235e-01	3.122722e-01	3.050133e-01
1.366415474860735e-07	3.176321e-01	3.120477e-01	3.050133e-01
1.367406903432165e-07	3.176388e-01	3.118470e-01	3.050133e-01
1.368398332003595e-07	3.176438e-01	3.116700e-01	3.050133e-01
1.368868332003595e-07	3.176459e-01	3.115908e-01	3.050133e-01
1.369338332003596e-07	3.176478e-01	3.115149e-01	3.050133e-01
1.369808332003596e-07	3.176494e-01	3.114424e-01	3.050133e-01
1.370278332003597e-07	3.176509e-01	3.113734e-01	3.050133e-01
1.370748332003597e-07	3.176521e-01	3.113077e-01	3.050133e-01
1.371218332003598e-07	3.176531e-01	3.112454e-01	3.050133e-01
1.371688332003598e-07	3.176538e-01	3.111866e-01	3.050133e-01
1.371698332003598e-07	3.176538e-01	3.111853e-01	3.050133e-01
1.372159760575027e-07	3.176544e-01	3.111303e-01	3.050133e-01
1.372621189146456e-07	3.176549e-01	3.110776e-01	3.050133e-01
1.373082617717885e-07	3.176552e-01	3.110272e-01	3.050133e-01
1.373544046289315e-07	3.176554e-01	3.109791e-01	3.050133e-01
1.374005474860744e-07	3.176555e-01	3.109333e-01	3.050133e-01
1.374466903432173e-07	3.176555e-01	3.108899e-01	3.050133e-01
1.374928332003602e-07	3.176553e-01	3.108487e-01	3.050133e-01
1.375512617717888e-07	3.176549e-01	3.107994e-01	3.050133e-01
1.376096903432175e-07	3.176544e-01	3.107525e-01	3.050133e-01
1.376681189146461e-07	3.176538e-01	3.107080e-01	3.050133e-01
1.377265474860748e-07	3.176531e-01	3.106658e-01	3.050133e-01
1.377849760575034e-07	3.176523e-01	3.106261e-01	3.050133e-01
1.378434046289320e-07	3.176514e-01	3.105887e-01	3.050133e-01
1.379018332003607e-07	3.176503e-01	3.105537e-01	3.050133e-01
1.379434046289321e-07	3.176496e-01	3.105297e-01	3.050133e-01
1.379849760575036e-07	3.176488e-01	3.105065e-01	3.050133e-01
1.380265474860751e-07	3.176480e-01	3.104840e-01	3.050133e-01
1.380681189146466e-07	3.176472e-01	3.104622e-01	3.050133e-01
1.381096903432180e-07	3.176464e-01	3.104412e-01	3.050133e-01
1.381512617717895e-07	3.176455e-01	3.104209e-01	3.050133e-01
1.381928332003610e-07	3.176447e-01	3.104013e-01	3.050133e-01
1.381938332003610e-07	3.176446e-01	3.104008e-01	3.050133e-01
1.382845474860754e-07	3.176427e-01	3.103607e-01	3.050133e-01
1.383752617717898e-07	3.176407e-01	3.103222e-01	3.050133e-01
1.384659760575041e-07	3.176388e-01	3.102853e-01	3.050133e-01
1.385566903432185e-07	3.176368e-01	3.102501e-01	3.050133e-01
1.386474046289329e-07	3.176349e-01	3.102165e-01	3.050133e-01
1.387381189146473e-07	3.176330e-01	3.101845e-01	3.050133e-01
1.388288332003617e-07	3.176311e-01	3.101541e-01	3.050133e-01
1.388776903432189e-07	3.176301e-01	3.101378e-01	3.050133e-01
1.389265474860761e-07	3.176292e-01	3.101217e-01	3.050133e-01
1.389754046289333e-07	3.176282e-01	3.101057e-01	3.050133e-01
1.390242617717905e-07	3.176273e-01	3.100898e-01	3.050133e-01
1.390731189146477e-07	3.176264e-01	3.100740e-01	3.050133e-01
1.391219760575049e-07	3.176255e-01	3.100584e-01	3.050133e-01
1.391708332003621e-07	3.176247e-01	3.100430e-01	3.050133e-01
1.391762617717907e-07	3.176246e-01	3.100413e-01	3.050133e-01
1.391816903432193e-07	3.176245e-01	3.100395e-01	3.050133e-01
1.391871189146478e-07	3.176244e-01	3.100378e-01	3.050133e-01
1.391925474860764e-07	3.176243e-01	3.100361e-01	3.050133e-01
1.391979760575050e-07	3.176242e-01	3.100344e-01	3.050133e-01
1.392034046289336e-07	3.176241e-01	3.100327e-01	3.050133e-01
1.392088332003621e-07	3.176240e-01	3.100309e-01	3.050133e-01
1.392168332003621e-07	3.176239e-01	3.100284e-01	3.050133e-01
1.392178332003621e-07	3.176239e-01	3.100281e-01	3.050133e-01
1.392352617717907e-07	3.176236e-01	3.100226e-01	3.050133e-01
1.392526903432193e-07	3.176233e-01	3.100171e-01	3.050134e-01
1.392701189146479e-07	3.176230e-01	3.100116e-01	3.050136e-01
1.392875474860765e-07	3.176227e-01	3.100061e-01	3.050139e-01
1.393049760575051e-07	3.176224e-01	3.100006e-01	3.050142e-01
1.393224046289337e-07	3.176222e-01	3.099952e-01	3.050146e-01
1.393398332003623e-07	3.176219e-01	3.099897e-01	3.050151e-01
1.393564046289337e-07	3.176216e-01	3.099845e-01	3.050158e-01
1.393729760575052e-07	3.176214e-01	3.099793e-01	3.050165e-01
1.393895474860766e-07	3.176211e-01	3.099741e-01	3.050175e-01
1.394061189146481e-07	3.176208e-01	3.099688e-01	3.050186e-01
1.394226903432195e-07	3.176206e-01	3.099636e-01	3.050198e-01
1.394392617717910e-07	3.176203e-01	3.099584e-01	3.050212e-01
1.394558332003624e-07	3.176201e-01	3.099532e-01	3.050228e-01
1.395045474860768e-07	3.176194e-01	3.099379e-01	3.050282e-01
1.395532617717911e-07	3.176187e-01	3.099226e-01	3.050356e-01
1.396019760575054e-07	3.176180e-01	3.099071e-01	3.050451e-01
1.396506903432198e-07	3.176174e-01	3.098917e-01	3.050566e-01
1.396994046289341e-07	3.176167e-01	3.098762e-01	3.050701e-01
1.397481189146485e-07	3.176161e-01	3.098606e-01	3.050856e-01
1.397968332003628e-07	3.176155e-01	3.098450e-01	3.051032e-01
1.398586903432200e-07	3.176148e-01	3.098251e-01	3.051287e-01
1.399205474860772e-07	3.176141e-01	3.098050e-01	3.051597e-01
1.399824046289345e-07	3.176135e-01	3.097848e-01	3.051960e-01
1.400442617717916e-07	3.176129e-01	3.097644e-01	3.052379e-01
1.401061189146489e-07	3.176123e-01	3.097438e-01	3.052851e-01
1.401679760575061e-07	3.176117e-01	3.097231e-01	3.053379e-01
1.402298332003633e-07	3.176112e-01	3.097022e-01	3.053960e-01
1.402418332003633e-07	3.176111e-01	3.096982e-01	3.054082e-01
1.403004046289348e-07	3.176106e-01	3.096782e-01	3.054714e-01
1.403589760575063e-07	3.176102e-01	3.096581e-01	3.055404e-01
1.404175474860778e-07	3.176098e-01	3.096379e-01	3.056151e-01
1.404761189146493e-07	3.176094e-01	3.096175e-01	3.056955e-01
1.405346903432208e-07	3.176090e-01	3.095969e-01	3.057817e-01
1.405932617717923e-07	3.176086e-01	3.095761e-01	3.058737e-01
1.406518332003638e-07	3.176083e-01	3.095553e-01	3.059714e-01
1.407394046289353e-07	3.176078e-01	3.095237e-01	3.061299e-01
1.408269760575068e-07	3.176074e-01	3.094918e-01	3.062952e-01
1.409145474860784e-07	3.176070e-01	3.094596e-01	3.064675e-01
1.410021189146499e-07	3.176066e-01	3.094271e-01	3.066467e-01
1.410896903432214e-07	3.176063e-01	3.093942e-01	3.068328e-01
1.411772617717929e-07	3.176060e-01	3.093610e-01	3.070258e-01
1.412648332003645e-07	3.176058e-01	3.093275e-01	3.072258e-01
1.412658332003645e-07	3.176058e-01	3.093271e-01	3.072280e-01
1.413664046289360e-07	3.176055e-01	3.092882e-01	3.074598e-01
1.414669760575076e-07	3.176053e-01	3.092490e-01	3.076881e-01
1.415675474860791e-07	3.176051e-01	3.092094e-01	3.079128e-01
1.416681189146506e-07	3.176049e-01	3.091695e-01	3.081340e-01
1.417686903432222e-07	3.176047e-01	3.091293e-01	3.083517e-01
1.418692617717937e-07	3.176046e-01	3.090887e-01	3.085658e-01
1.419698332003653e-07	3.176045e-01	3.090477e-01	3.087763e-01
1.420154046289368e-07	3.176045e-01	3.090291e-01	3.088678e-01
1.420609760575082e-07	3.176044e-01	3.090104e-01	3.089575e-01
1.421065474860797e-07	3.176044e-01	3.089917e-01	3.090454e-01
1.421521189146512e-07	3.176043e-01	3.089729e-01	3.091314e-01
1.421976903432227e-07	3.176043e-01	3.089540e-01	3.092157e-01
1.422432617717941e-07	3.176043e-01	3.089352e-01	3.092982e-01
1.422888332003656e-07	3.176043e-01	3.089162e-01	3.093789e-01
1.422898332003656e-07	3.176043e-01	3.089158e-01	3.093806e-01
1.423444046289371e-07	3.176043e-01	3.088930e-01	3.094752e-01
1.423989760575086e-07	3.176042e-01	3.088702e-01	3.095664e-01
1.424535474860801e-07	3.176042e-01	3.088473e-01	3.096540e-01
1.425081189146516e-07	3.176042e-01	3.088244e-01	3.097382e-01
1.425626903432231e-07	3.176042e-01	3.088014e-01	3.098189e-01
1.426172617717946e-07	3.176042e-01	3.087783e-01	3.098961e-01
1.426718332003661e-07	3.176042e-01	3.087552e-01	3.099698e-01
1.427376903432233e-07	3.176042e-01	3.087272e-01	3.100510e-01
1.428035474860805e-07	3.176042e-01	3.086991e-01	3.101287e-01
1.428694046289377e-07	3.176042e-01	3.086710e-01	3.102026e-01
1.429352617717949e-07	3.176042e-01	3.086428e-01	3.102730e-01
1.430011189146521e-07	3.176042e-01	3.086145e-01	3.103397e-01
1.430669760575094e-07	3.176042e-01	3.085861e-01	3.104028e-01
1.431328332003666e-07	3.176042e-01	3.085577e-01	3.104622e-01
1.433138332003668e-07	3.176043e-01	3.084794e-01	3.106212e-01
1.434204046289384e-07	3.176043e-01	3.084330e-01	3.107111e-01
1.435269760575099e-07	3.176043e-01	3.083865e-01	3.107960e-01
1.436335474860814e-07	3.176043e-01	3.083400e-01	3.108757e-01
1.437401189146530e-07	3.176044e-01	3.082933e-01	3.109503e-01
1.438466903432245e-07	3.176044e-01	3.082465e-01	3.110197e-01
1.439532617717961e-07	3.176045e-01	3.081996e-01	3.110841e-01
1.440598332003676e-07	3.176045e-01	3.081526e-01	3.111433e-01
1.443378332003680e-07	3.176046e-01	3.080297e-01	3.112635e-01
1.444114046289395e-07	3.176046e-01	3.079971e-01	3.112876e-01
1.444849760575110e-07	3.176047e-01	3.079645e-01	3.113091e-01
1.445585474860825e-07	3.176047e-01	3.079318e-01	3.113280e-01
1.446321189146540e-07	3.176047e-01	3.078991e-01	3.113443e-01
1.447056903432255e-07	3.176048e-01	3.078664e-01	3.113580e-01
1.447792617717970e-07	3.176048e-01	3.078337e-01	3.113691e-01
1.448528332003685e-07	3.176048e-01	3.078009e-01	3.113776e-01
1.449028332003686e-07	3.176048e-01	3.077786e-01	3.113823e-01
1.449528332003687e-07	3.176048e-01	3.077563e-01	3.113862e-01
1.450028332003687e-07	3.176048e-01	3.077340e-01	3.113894e-01
1.450528332003688e-07	3.176048e-01	3.077117e-01	3.113918e-01
1.451028332003688e-07	3.176049e-01	3.076894e-01	3.113934e-01
1.451528332003689e-07	3.176049e-01	3.076671e-01	3.113943e-01
1.452028332003689e-07	3.176049e-01	3.076448e-01	3.113944e-01
1.452254046289404e-07	3.176049e-01	3.076347e-01	3.113943e-01
1.452479760575118e-07	3.176049e-01	3.076246e-01	3.113941e-01
1.452705474860833e-07	3.176049e-01	3.076145e-01	3.113938e-01
1.452931189146547e-07	3.176049e-01	3.076044e-01	3.113933e-01
1.453156903432262e-07	3.176049e-01	3.075943e-01	3.113928e-01
1.453382617717976e-07	3.176049e-01	3.075843e-01	3.113922e-01
1.453608332003691e-07	3.176049e-01	3.075742e-01	3.113914e-01
1.453618332003691e-07	3.176050e-01	3.075737e-01	3.113914e-01
1.454179760575120e-07	3.176050e-01	3.075486e-01	3.113890e-01
1.454741189146549e-07	3.176050e-01	3.075235e-01	3.113863e-01
1.455302617717979e-07	3.176050e-01	3.074984e-01	3.113832e-01
1.455864046289408e-07	3.176050e-01	3.074733e-01	3.113797e-01
1.456425474860837e-07	3.176050e-01	3.074481e-01	3.113758e-01
1.456986903432266e-07	3.176050e-01	3.074230e-01	3.113715e-01
1.457548332003696e-07	3.176050e-01	3.073978e-01	3.113668e-01
1.458259760575125e-07	3.176051e-01	3.073660e-01	3.113606e-01
1.458971189146554e-07	3.176051e-01	3.073341e-01	3.113543e-01
1.459682617717984e-07	3.176051e-01	3.073022e-01	3.113478e-01
1.460394046289413e-07	3.176051e-01	3.072703e-01	3.113412e-01
1.461105474860843e-07	3.176051e-01	3.072384e-01	3.113345e-01
1.461816903432272e-07	3.176051e-01	3.072065e-01	3.113276e-01
1.462528332003701e-07	3.176051e-01	3.071745e-01	3.113207e-01
1.463858332003703e-07	3.176052e-01	3.071148e-01	3.113081e-01
1.464731189146561e-07	3.176052e-01	3.070756e-01	3.113000e-01
1.465604046289419e-07	3.176052e-01	3.070364e-01	3.112922e-01
1.466476903432277e-07	3.176052e-01	3.069972e-01	3.112846e-01
1.467349760575135e-07	3.176052e-01	3.069580e-01	3.112774e-01
1.468222617717993e-07	3.176052e-01	3.069188e-01	3.112705e-01
1.469095474860852e-07	3.176053e-01	3.068796e-01	3.112639e-01
1.469968332003710e-07	3.176053e-01	3.068404e-01	3.112575e-01
1.474098332003714e-07	3.176053e-01	3.066547e-01	3.112327e-01
1.475376903432287e-07	3.176053e-01	3.065972e-01	3.112268e-01
1.476655474860860e-07	3.176053e-01	3.065397e-01	3.112215e-01
1.477934046289433e-07	3.176053e-01	3.064821e-01	3.112167e-01
1.479212617718006e-07	3.176054e-01	3.064246e-01	3.112126e-01
1.480491189146579e-07	3.176054e-01	3.063671e-01	3.112091e-01
1.481769760575152e-07	3.176054e-01	3.063095e-01	3.112062e-01
1.483048332003725e-07	3.176054e-01	3.062520e-01	3.112039e-01
1.483078332003725e-07	3.176054e-01	3.062507e-01	3.112038e-01
1.483108332003725e-07	3.176054e-01	3.062493e-01	3.112038e-01
1.483138332003725e-07	3.176054e-01	3.062480e-01	3.112037e-01
1.483168332003725e-07	3.176053e-01	3.062466e-01	3.112037e-01
1.483198332003725e-07	3.176053e-01	3.062453e-01	3.112037e-01
1.483229760575153e-07	3.176053e-01	3.062438e-01	3.112036e-01
1.483261189146582e-07	3.176053e-01	3.062424e-01	3.112036e-01
1.483292617718010e-07	3.176053e-01	3.062410e-01	3.112035e-01
1.483324046289439e-07	3.176053e-01	3.062396e-01	3.112035e-01
1.483355474860868e-07	3.176053e-01	3.062382e-01	3.112034e-01
1.483386903432296e-07	3.176052e-01	3.062368e-01	3.112034e-01
1.483418332003725e-07	3.176052e-01	3.062353e-01	3.112033e-01
1.483464046289439e-07	3.176051e-01	3.062333e-01	3.112032e-01
1.483509760575154e-07	3.176051e-01	3.062312e-01	3.112031e-01
1.483555474860868e-07	3.176050e-01	3.062291e-01	3.112031e-01
1.483601189146582e-07	3.176049e-01	3.062270e-01	3.112030e-01
1.483646903432297e-07	3.176048e-01	3.062249e-01	3.112029e-01
1.483692617718011e-07	3.176046e-01	3.062228e-01	3.112029e-01
1.483738332003725e-07	3.176045e-01	3.062207e-01	3.112028e-01
1.483818332003725e-07	3.176042e-01	3.062169e-01	3.112027e-01
1.483898332003725e-07	3.176039e-01	3.062131e-01	3.112026e-01
1.483978332003726e-07	3.176036e-01	3.062093e-01	3.112024e-01
1.484058332003726e-07	3.176032e-01	3.062055e-01	3.112023e-01
1.484138332003726e-07	3.176028e-01	3.062016e-01	3.112022e-01
1.484218332003726e-07	3.176023e-01	3.061977e-01	3.112021e-01
1.484298332003726e-07	3.176019e-01	3.061937e-01	3.112020e-01
1.484338332003726e-07	3.176016e-01	3.061917e-01	3.112019e-01
1.484464046289441e-07	3.176008e-01	3.061853e-01	3.112018e-01
1.484589760575155e-07	3.175999e-01	3.061789e-01	3.112016e-01
1.484715474860869e-07	3.175990e-01	3.061725e-01	3.112014e-01
1.484841189146584e-07	3.175980e-01	3.061660e-01	3.112013e-01
1.484966903432298e-07	3.175971e-01	3.061596e-01	3.112011e-01
1.485092617718012e-07	3.175961e-01	3.061531e-01	3.112010e-01
1.485218332003727e-07	3.175951e-01	3.061467e-01	3.112008e-01
1.485334046289442e-07	3.175941e-01	3.061408e-01	3.112007e-01
1.485449760575156e-07	3.175932e-01	3.061351e-01	3.112006e-01
1.485565474860870e-07	3.175923e-01	3.061296e-01	3.112004e-01
1.485681189146585e-07	3.175913e-01	3.061243e-01	3.112003e-01
1.485796903432299e-07	3.175904e-01	3.061193e-01	3.112002e-01
1.485912617718013e-07	3.175894e-01	3.061144e-01	3.112001e-01
1.486028332003728e-07	3.175885e-01	3.061098e-01	3.112000e-01
1.486151189146585e-07	3.175875e-01	3.061052e-01	3.111998e-01
1.486274046289443e-07	3.175864e-01	3.061011e-01	3.111997e-01
1.486396903432300e-07	3.175854e-01	3.060976e-01	3.111996e-01
1.486519760575157e-07	3.175843e-01	3.060946e-01	3.111995e-01
1.486642617718014e-07	3.175832e-01	3.060920e-01	3.111994e-01
1.486765474860872e-07	3.175820e-01	3.060900e-01	3.111993e-01
1.486888332003729e-07	3.175809e-01	3.060885e-01	3.111992e-01
1.486966903432300e-07	3.175801e-01	3.060880e-01	3.111992e-01
1.487045474860872e-07	3.175793e-01	3.060876e-01	3.111991e-01
1.487124046289444e-07	3.175785e-01	3.060876e-01	3.111990e-01
1.487202617718015e-07	3.175776e-01	3.060879e-01	3.111990e-01
1.487281189146586e-07	3.175767e-01	3.060884e-01	3.111989e-01
1.487359760575158e-07	3.175758e-01	3.060892e-01	3.111989e-01
1.487438332003730e-07	3.175748e-01	3.060903e-01	3.111988e-01
1.487559760575158e-07	3.175732e-01	3.060925e-01	3.111987e-01
1.487681189146587e-07	3.175716e-01	3.060955e-01	3.111986e-01
1.487802617718016e-07	3.175698e-01	3.060992e-01	3.111986e-01
1.487924046289444e-07	3.175678e-01	3.061037e-01	3.111985e-01
1.488045474860873e-07	3.175658e-01	3.061088e-01	3.111984e-01
1.488166903432302e-07	3.175636e-01	3.061147e-01	3.111984e-01
1.488288332003730e-07	3.175613e-01	3.061214e-01	3.111983e-01
1.488475474860874e-07	3.175575e-01	3.061332e-01	3.111982e-01
1.488662617718016e-07	3.175531e-01	3.061465e-01	3.111981e-01
1.488849760575160e-07	3.175484e-01	3.061613e-01	3.111980e-01
1.489036903432303e-07	3.175431e-01	3.061777e-01	3.111979e-01
1.489224046289446e-07	3.175374e-01	3.061955e-01	3.111979e-01
1.489411189146589e-07	3.175312e-01	3.062148e-01	3.111978e-01
1.489598332003732e-07	3.175246e-01	3.062357e-01	3.111977e-01
1.489874046289447e-07	3.175138e-01	3.062693e-01	3.111976e-01
1.490149760575161e-07	3.175017e-01	3.063040e-01	3.111976e-01
1.490425474860876e-07	3.174884e-01	3.063399e-01	3.111975e-01
1.490701189146590e-07	3.174739e-01	3.063768e-01	3.111974e-01
1.490976903432305e-07	3.174582e-01	3.064149e-01	3.111974e-01
1.491252617718019e-07	3.174412e-01	3.064541e-01	3.111974e-01
1.491528332003734e-07	3.174230e-01	3.064943e-01	3.111973e-01
1.491808332003734e-07	3.174032e-01	3.065346e-01	3.111973e-01
1.492088332003735e-07	3.173823e-01	3.065731e-01	3.111973e-01
1.492368332003735e-07	3.173603e-01	3.066096e-01	3.111973e-01
1.492648332003735e-07	3.173372e-01	3.066443e-01	3.111973e-01
1.492928332003736e-07	3.173131e-01	3.066771e-01	3.111974e-01
1.493208332003736e-07	3.172878e-01	3.067081e-01	3.111974e-01
1.493488332003736e-07	3.172615e-01	3.067371e-01	3.111974e-01
1.493642617718022e-07	3.172467e-01	3.067515e-01	3.111974e-01
1.493796903432308e-07	3.172317e-01	3.067647e-01	3.111974e-01
1.493951189146594e-07	3.172164e-01	3.067770e-01	3.111975e-01
1.494105474860880e-07	3.172009e-01	3.067882e-01	3.111975e-01
1.494259760575166e-07	3.171852e-01	3.067983e-01	3.111975e-01
1.494414046289452e-07	3.171693e-01	3.068074e-01	3.111976e-01
1.494568332003738e-07	3.171531e-01	3.068154e-01	3.111976e-01
1.494578332003738e-07	3.171521e-01	3.068159e-01	3.111976e-01
1.494711189146595e-07	3.171380e-01	3.068218e-01	3.111976e-01
1.494844046289452e-07	3.171238e-01	3.068268e-01	3.111977e-01
1.494976903432310e-07	3.171095e-01	3.068309e-01	3.111977e-01
1.495109760575167e-07	3.170951e-01	3.068341e-01	3.111977e-01
1.495242617718024e-07	3.170806e-01	3.068364e-01	3.111978e-01
1.495375474860881e-07	3.170660e-01	3.068378e-01	3.111978e-01
1.495508332003739e-07	3.170512e-01	3.068384e-01	3.111978e-01
1.495648332003739e-07	3.170356e-01	3.068379e-01	3.111979e-01
1.495788332003739e-07	3.170199e-01	3.068364e-01	3.111979e-01
1.495928332003739e-07	3.170042e-01	3.068340e-01	3.111980e-01
1.496068332003739e-07	3.169883e-01	3.068305e-01	3.111980e-01
1.496208332003739e-07	3.169724e-01	3.068259e-01	3.111981e-01
1.496348332003740e-07	3.169564e-01	3.068204e-01	3.111981e-01
1.496488332003740e-07	3.169404e-01	3.068139e-01	3.111982e-01
1.496791189146597e-07	3.169054e-01	3.067959e-01	3.111983e-01
1.497094046289455e-07	3.168704e-01	3.067738e-01	3.111984e-01
1.497396903432312e-07	3.168355e-01	3.067474e-01	3.111985e-01
1.497699760575170e-07	3.168005e-01	3.067167e-01	3.111986e-01
1.498002617718027e-07	3.167656e-01	3.066818e-01	3.111988e-01
1.498305474860885e-07	3.167306e-01	3.066426e-01	3.111989e-01
1.498608332003742e-07	3.166957e-01	3.065992e-01	3.111990e-01
1.499278332003743e-07	3.166188e-01	3.064853e-01	3.111994e-01
1.499948332003744e-07	3.165439e-01	3.063623e-01	3.111997e-01
1.500618332003744e-07	3.164709e-01	3.062303e-01	3.112000e-01
1.501288332003745e-07	3.163998e-01	3.060892e-01	3.112004e-01
1.501958332003746e-07	3.163306e-01	3.059390e-01	3.112007e-01
1.502628332003747e-07	3.162633e-01	3.057797e-01	3.112011e-01
1.503298332003747e-07	3.161980e-01	3.056114e-01	3.112015e-01
1.503514046289462e-07	3.161776e-01	3.055586e-01	3.112016e-01
1.503729760575177e-07	3.161574e-01	3.055060e-01	3.112018e-01
1.503945474860891e-07	3.161374e-01	3.054535e-01	3.112019e-01
1.504161189146606e-07	3.161177e-01	3.054011e-01	3.112020e-01
1.504376903432320e-07	3.160983e-01	3.053488e-01	3.112021e-01
1.504592617718035e-07	3.160791e-01	3.052966e-01	3.112023e-01
1.504808332003749e-07	3.160601e-01	3.052445e-01	3.112024e-01
1.504818332003749e-07	3.160592e-01	3.052421e-01	3.112024e-01
1.505402617718035e-07	3.160091e-01	3.051015e-01	3.112027e-01
1.505986903432322e-07	3.159606e-01	3.049655e-01	3.112031e-01
1.506571189146608e-07	3.159136e-01	3.048342e-01	3.112034e-01
1.507155474860895e-07	3.158681e-01	3.047075e-01	3.112038e-01
1.507739760575181e-07	3.158242e-01	3.045855e-01	3.112041e-01
1.508324046289468e-07	3.157818e-01	3.044681e-01	3.112044e-01
1.508908332003754e-07	3.157410e-01	3.043553e-01	3.112048e-01
1.509554046289469e-07	3.156974e-01	3.042391e-01	3.112051e-01
1.510199760575184e-07	3.156551e-01	3.041305e-01	3.112055e-01
1.510845474860899e-07	3.156141e-01	3.040295e-01	3.112059e-01
1.511491189146614e-07	3.155744e-01	3.039360e-01	3.112062e-01
1.512136903432329e-07	3.155359e-01	3.038501e-01	3.112066e-01
1.512782617718044e-07	3.154986e-01	3.037717e-01	3.112069e-01
1.513428332003759e-07	3.154627e-01	3.037008e-01	3.112073e-01
1.513659760575188e-07	3.154500e-01	3.036771e-01	3.112074e-01
1.513891189146617e-07	3.154373e-01	3.036542e-01	3.112075e-01
1.514122617718045e-07	3.154248e-01	3.036321e-01	3.112076e-01
1.514354046289474e-07	3.154124e-01	3.036109e-01	3.112077e-01
1.514585474860903e-07	3.154002e-01	3.035906e-01	3.112079e-01
1.514816903432332e-07	3.153880e-01	3.035711e-01	3.112080e-01
1.515048332003761e-07	3.153759e-01	3.035524e-01	3.112081e-01
1.515058332003761e-07	3.153754e-01	3.035516e-01	3.112081e-01
1.515138332003761e-07	3.153713e-01	3.035454e-01	3.112081e-01
1.515148332003761e-07	3.153707e-01	3.035446e-01	3.112081e-01
1.515158332003761e-07	3.153702e-01	3.035439e-01	3.112081e-01
1.515168332003761e-07	3.153697e-01	3.035430e-01	3.112081e-01
1.515238332003761e-07	3.153661e-01	3.035377e-01	3.112082e-01
1.515308332003761e-07	3.153625e-01	3.035324e-01	3.112082e-01
1.515378332003761e-07	3.153589e-01	3.035270e-01	3.112082e-01
1.515448332003761e-07	3.153553e-01	3.035216e-01	3.112083e-01
1.515518332003761e-07	3.153517e-01	3.035162e-01	3.112083e-01
1.515588332003761e-07	3.153482e-01	3.035107e-01	3.112083e-01
1.515658332003762e-07	3.153446e-01	3.035052e-01	3.112084e-01
1.515756903432333e-07	3.153396e-01	3.034973e-01	3.112084e-01
1.515855474860905e-07	3.153346e-01	3.034893e-01	3.112085e-01
1.515954046289476e-07	3.153297e-01	3.034813e-01	3.112085e-01
1.516052617718048e-07	3.153247e-01	3.034732e-01	3.112086e-01
1.516151189146619e-07	3.153198e-01	3.034651e-01	3.112086e-01
1.516249760575191e-07	3.153149e-01	3.034569e-01	3.112087e-01
1.516348332003762e-07	3.153101e-01	3.034487e-01	3.112087e-01
1.516498332003762e-07	3.153027e-01	3.034360e-01	3.112088e-01
1.516648332003763e-07	3.152954e-01	3.034241e-01	3.112089e-01
1.516798332003763e-07	3.152883e-01	3.034131e-01	3.112089e-01
1.516948332003763e-07	3.152813e-01	3.034028e-01	3.112090e-01
1.517098332003763e-07	3.152744e-01	3.033933e-01	3.112091e-01
1.517248332003763e-07	3.152676e-01	3.033847e-01	3.112091e-01
1.517398332003763e-07	3.152609e-01	3.033768e-01	3.112092e-01
1.517478332003764e-07	3.152574e-01	3.033733e-01	3.112092e-01
1.517558332003764e-07	3.152540e-01	3.033703e-01	3.112093e-01
1.517638332003764e-07	3.152506e-01	3.033677e-01	3.112093e-01
1.517718332003764e-07	3.152474e-01	3.033655e-01	3.112093e-01
1.517798332003764e-07	3.152441e-01	3.033638e-01	3.112094e-01
1.517878332003764e-07	3.152410e-01	3.033625e-01	3.112094e-01
1.517958332003764e-07	3.152378e-01	3.033616e-01	3.112094e-01
1.518011189146621e-07	3.152358e-01	3.033614e-01	3.112095e-01
1.518064046289479e-07	3.152339e-01	3.033613e-01	3.112095e-01
1.518116903432336e-07	3.152319e-01	3.033615e-01	3.112095e-01
1.518169760575193e-07	3.152300e-01	3.033618e-01	3.112095e-01
1.518222617718050e-07	3.152281e-01	3.033624e-01	3.112096e-01
1.518275474860907e-07	3.152263e-01	3.033632e-01	3.112096e-01
1.518328332003765e-07	3.152245e-01	3.033643e-01	3.112096e-01
1.518439760575193e-07	3.152208e-01	3.033672e-01	3.112097e-01
1.518551189146622e-07	3.152172e-01	3.033712e-01	3.112097e-01
1.518662617718051e-07	3.152139e-01	3.033761e-01	3.112097e-01
1.518774046289479e-07	3.152108e-01	3.033821e-01	3.112098e-01
1.518885474860908e-07	3.152078e-01	3.033891e-01	3.112098e-01
1.518996903432337e-07	3.152050e-01	3.033971e-01	3.112099e-01
1.519108332003765e-07	3.152024e-01	3.034061e-01	3.112099e-01
1.519249760575194e-07	3.151995e-01	3.034190e-01	3.112100e-01
1.519391189146623e-07	3.151969e-01	3.034334e-01	3.112101e-01
1.519532617718052e-07	3.151946e-01	3.034491e-01	3.112101e-01
1.519674046289480e-07	3.151928e-01	3.034663e-01	3.112102e-01
1.519815474860909e-07	3.151913e-01	3.034849e-01	3.112102e-01
1.519956903432338e-07	3.151901e-01	3.035050e-01	3.112103e-01
1.520098332003767e-07	3.151894e-01	3.035264e-01	3.112104e-01
1.520176903432338e-07	3.151891e-01	3.035388e-01	3.112104e-01
1.520255474860910e-07	3.151890e-01	3.035516e-01	3.112104e-01
1.520334046289481e-07	3.151890e-01	3.035646e-01	3.112105e-01
1.520412617718052e-07	3.151891e-01	3.035780e-01	3.112105e-01
1.520491189146624e-07	3.151894e-01	3.035918e-01	3.112105e-01
1.520569760575196e-07	3.151898e-01	3.036058e-01	3.112106e-01
1.520648332003767e-07	3.151903e-01	3.036202e-01	3.112106e-01
1.520815474860910e-07	3.151918e-01	3.036521e-01	3.112106e-01
1.520982617718053e-07	3.151938e-01	3.036848e-01	3.112107e-01
1.521149760575196e-07	3.151964e-01	3.037185e-01	3.112108e-01
1.521316903432339e-07	3.151996e-01	3.037530e-01	3.112108e-01
1.521484046289483e-07	3.152032e-01	3.037885e-01	3.112109e-01
1.521651189146625e-07	3.152075e-01	3.038248e-01	3.112110e-01
1.521818332003768e-07	3.152122e-01	3.038621e-01	3.112110e-01
1.522114046289483e-07	3.152222e-01	3.039298e-01	3.112111e-01
1.522409760575198e-07	3.152335e-01	3.039975e-01	3.112113e-01
1.522705474860912e-07	3.152460e-01	3.040651e-01	3.112114e-01
1.523001189146627e-07	3.152597e-01	3.041326e-01	3.112115e-01
1.523296903432342e-07	3.152748e-01	3.042000e-01	3.112116e-01
1.523592617718056e-07	3.152911e-01	3.042673e-01	3.112117e-01
1.523888332003771e-07	3.153087e-01	3.043346e-01	3.112118e-01
1.524088332003771e-07	3.153210e-01	3.043787e-01	3.112119e-01
1.524288332003771e-07	3.153335e-01	3.044221e-01	3.112119e-01
1.524488332003772e-07	3.153463e-01	3.044647e-01	3.112120e-01
1.524688332003772e-07	3.153593e-01	3.045065e-01	3.112121e-01
1.524888332003772e-07	3.153725e-01	3.045474e-01	3.112121e-01
1.525088332003772e-07	3.153859e-01	3.045875e-01	3.112122e-01
1.525288332003772e-07	3.153996e-01	3.046269e-01	3.112122e-01
1.525298332003772e-07	3.154002e-01	3.046288e-01	3.112122e-01
1.525712617718059e-07	3.154294e-01	3.047068e-01	3.112124e-01
1.526126903432345e-07	3.154575e-01	3.047806e-01	3.112125e-01
1.526541189146631e-07	3.154847e-01	3.048502e-01	3.112126e-01
1.526955474860917e-07	3.155110e-01	3.049157e-01	3.112128e-01
1.527369760575203e-07	3.155362e-01	3.049771e-01	3.112129e-01
1.527784046289490e-07	3.155605e-01	3.050343e-01	3.112130e-01
1.528198332003776e-07	3.155838e-01	3.050874e-01	3.112131e-01
1.528502617718062e-07	3.155993e-01	3.051240e-01	3.112132e-01
1.528806903432348e-07	3.156134e-01	3.051589e-01	3.112133e-01
1.529111189146634e-07	3.156260e-01	3.051922e-01	3.112134e-01
1.529415474860920e-07	3.156373e-01	3.052238e-01	3.112134e-01
1.529719760575206e-07	3.156473e-01	3.052538e-01	3.112135e-01
1.530024046289492e-07	3.156558e-01	3.052821e-01	3.112136e-01
1.530328332003778e-07	3.156629e-01	3.053088e-01	3.112137e-01
1.530491189146635e-07	3.156660e-01	3.053225e-01	3.112137e-01
1.530654046289493e-07	3.156686e-01	3.053360e-01	3.112138e-01
1.530816903432350e-07	3.156708e-01	3.053491e-01	3.112138e-01
1.530979760575207e-07	3.156724e-01	3.053619e-01	3.112138e-01
1.531142617718065e-07	3.156736e-01	3.053743e-01	3.112139e-01
1.531305474860922e-07	3.156743e-01	3.053864e-01	3.112139e-01
1.531468332003779e-07	3.156745e-01	3.053981e-01	3.112139e-01
1.531654046289494e-07	3.156742e-01	3.054111e-01	3.112140e-01
1.531839760575208e-07	3.156732e-01	3.054239e-01	3.112140e-01
1.532025474860923e-07	3.156715e-01	3.054362e-01	3.112141e-01
1.532211189146637e-07	3.156692e-01	3.054482e-01	3.112141e-01
1.532396903432352e-07	3.156663e-01	3.054599e-01	3.112142e-01
1.532582617718066e-07	3.156627e-01	3.054713e-01	3.112142e-01
1.532768332003781e-07	3.156585e-01	3.054823e-01	3.112142e-01
1.533162617718067e-07	3.156471e-01	3.055046e-01	3.112143e-01
1.533556903432353e-07	3.156330e-01	3.055260e-01	3.112144e-01
1.533951189146639e-07	3.156161e-01	3.055465e-01	3.112145e-01
1.534345474860926e-07	3.155964e-01	3.055660e-01	3.112145e-01
1.534739760575212e-07	3.155739e-01	3.055845e-01	3.112146e-01
1.535134046289498e-07	3.155486e-01	3.056022e-01	3.112147e-01
1.535528332003784e-07	3.155204e-01	3.056189e-01	3.112148e-01
1.535538332003784e-07	3.155197e-01	3.056193e-01	3.112148e-01
1.536129760575213e-07	3.154719e-01	3.056431e-01	3.112149e-01
1.536721189146642e-07	3.154195e-01	3.056659e-01	3.112150e-01
1.537312617718072e-07	3.153624e-01	3.056876e-01	3.112151e-01
1.537904046289501e-07	3.153006e-01	3.057082e-01	3.112152e-01
1.538495474860930e-07	3.152341e-01	3.057277e-01	3.112153e-01
1.539086903432360e-07	3.151630e-01	3.057462e-01	3.112154e-01
1.539678332003789e-07	3.150872e-01	3.057637e-01	3.112155e-01
1.540548332003790e-07	3.149683e-01	3.057880e-01	3.112156e-01
1.541418332003791e-07	3.148457e-01	3.058108e-01	3.112157e-01
1.542288332003792e-07	3.147193e-01	3.058321e-01	3.112158e-01
1.543158332003793e-07	3.145893e-01	3.058520e-01	3.112159e-01
1.544028332003794e-07	3.144555e-01	3.058704e-01	3.112160e-01
1.544898332003795e-07	3.143180e-01	3.058873e-01	3.112161e-01
1.545768332003796e-07	3.141769e-01	3.059027e-01	3.112162e-01
1.545778332003796e-07	3.141753e-01	3.059029e-01	3.112162e-01
1.546846903432368e-07	3.140019e-01	3.059199e-01	3.112163e-01
1.547915474860941e-07	3.138312e-01	3.059353e-01	3.112163e-01
1.548984046289514e-07	3.136631e-01	3.059492e-01	3.112164e-01
1.550052617718086e-07	3.134977e-01	3.059614e-01	3.112165e-01
1.551121189146659e-07	3.133349e-01	3.059721e-01	3.112166e-01
1.552189760575231e-07	3.131747e-01	3.059811e-01	3.112167e-01
1.553258332003804e-07	3.130172e-01	3.059885e-01	3.112167e-01
1.553651189146662e-07	3.129611e-01	3.059910e-01	3.112168e-01
1.554044046289519e-07	3.129057e-01	3.059934e-01	3.112168e-01
1.554436903432377e-07	3.128510e-01	3.059956e-01	3.112168e-01
1.554829760575234e-07	3.127970e-01	3.059977e-01	3.112168e-01
1.555222617718092e-07	3.127436e-01	3.059996e-01	3.112168e-01
1.555615474860950e-07	3.126909e-01	3.060014e-01	3.112168e-01
1.556008332003807e-07	3.126389e-01	3.060030e-01	3.112169e-01
1.556018332003807e-07	3.126376e-01	3.060031e-01	3.112169e-01
1.557038332003808e-07	3.125062e-01	3.060066e-01	3.112169e-01
1.558058332003810e-07	3.123795e-01	3.060095e-01	3.112170e-01
1.559078332003811e-07	3.122575e-01	3.060119e-01	3.112170e-01
1.560098332003812e-07	3.121403e-01	3.060137e-01	3.112171e-01
1.561118332003813e-07	3.120277e-01	3.060149e-01	3.112171e-01
1.562138332003814e-07	3.119199e-01	3.060156e-01	3.112171e-01
1.563158332003815e-07	3.118168e-01	3.060157e-01	3.112171e-01
1.563599760575244e-07	3.117735e-01	3.060157e-01	3.112171e-01
1.564041189146673e-07	3.117309e-01	3.060156e-01	3.112172e-01
1.564482617718102e-07	3.116891e-01	3.060155e-01	3.112172e-01
1.564924046289532e-07	3.116480e-01	3.060153e-01	3.112172e-01
1.565365474860961e-07	3.116077e-01	3.060151e-01	3.112172e-01
1.565806903432390e-07	3.115681e-01	3.060149e-01	3.112172e-01
1.566248332003819e-07	3.115293e-01	3.060146e-01	3.112172e-01
1.566258332003819e-07	3.115284e-01	3.060146e-01	3.112172e-01
1.567444046289535e-07	3.114283e-01	3.060135e-01	3.112172e-01
1.568629760575250e-07	3.113321e-01	3.060123e-01	3.112173e-01
1.569815474860966e-07	3.112398e-01	3.060110e-01	3.112173e-01
1.571001189146681e-07	3.111515e-01	3.060096e-01	3.112173e-01
1.572186903432397e-07	3.110671e-01	3.060081e-01	3.112173e-01
1.573372617718113e-07	3.109866e-01	3.060065e-01	3.112174e-01
1.574558332003828e-07	3.109101e-01	3.060049e-01	3.112174e-01
1.574599760575257e-07	3.109075e-01	3.060048e-01	3.112174e-01
1.574641189146685e-07	3.109048e-01	3.060047e-01	3.112174e-01
1.574682617718114e-07	3.109022e-01	3.060047e-01	3.112174e-01
1.574724046289543e-07	3.108995e-01	3.060046e-01	3.112174e-01
1.574765474860971e-07	3.108969e-01	3.060046e-01	3.112174e-01
1.574806903432400e-07	3.108943e-01	3.060045e-01	3.112174e-01
1.574848332003829e-07	3.108917e-01	3.060044e-01	3.112174e-01
1.574919760575257e-07	3.108871e-01	3.060043e-01	3.112174e-01
1.574991189146686e-07	3.108826e-01	3.060042e-01	3.112174e-01
1.575062617718114e-07	3.108781e-01	3.060042e-01	3.112174e-01
1.575134046289543e-07	3.108737e-01	3.060041e-01	3.112175e-01
1.575205474860972e-07	3.108692e-01	3.060040e-01	3.112175e-01
1.575276903432401e-07	3.108647e-01	3.060039e-01	3.112176e-01
1.575348332003829e-07	3.108602e-01	3.060038e-01	3.112177e-01
1.575441189146686e-07	3.108545e-01	3.060037e-01	3.112178e-01
1.575534046289544e-07	3.108487e-01	3.060035e-01	3.112179e-01
1.575626903432401e-07	3.108430e-01	3.060034e-01	3.112181e-01
1.575719760575258e-07	3.108372e-01	3.060033e-01	3.112184e-01
1.575812617718115e-07	3.108315e-01	3.060031e-01	3.112186e-01
1.575905474860973e-07	3.108258e-01	3.060030e-01	3.112189e-01
1.575998332003830e-07	3.108202e-01	3.060029e-01	3.112193e-01
1.576068332003830e-07	3.108159e-01	3.060028e-01	3.112196e-01
1.576138332003830e-07	3.108116e-01	3.060027e-01	3.112199e-01
1.576208332003830e-07	3.108074e-01	3.060026e-01	3.112203e-01
1.576278332003830e-07	3.108031e-01	3.060025e-01	3.112207e-01
1.576348332003830e-07	3.107989e-01	3.060024e-01	3.112211e-01
1.576418332003830e-07	3.107947e-01	3.060023e-01	3.112216e-01
1.576488332003830e-07	3.107904e-01	3.060022e-01	3.112221e-01
1.576498332003830e-07	3.107898e-01	3.060022e-01	3.112221e-01
1.576636903432402e-07	3.107815e-01	3.060020e-01	3.112232e-01
1.576775474860974e-07	3.107732e-01	3.060019e-01	3.112245e-01
1.576914046289545e-07	3.107650e-01	3.060017e-01	3.112258e-01
1.577052617718117e-07	3.107567e-01	3.060015e-01	3.112273e-01
1.577191189146688e-07	3.107486e-01	3.060013e-01	3.112290e-01
1.577329760575260e-07	3.107404e-01	3.060011e-01	3.112308e-01
1.577468332003832e-07	3.107323e-01	3.060009e-01	3.112327e-01
1.577895474860975e-07	3.107074e-01	3.060004e-01	3.112400e-01
1.578322617718118e-07	3.106829e-01	3.059999e-01	3.112477e-01
1.578749760575262e-07	3.106586e-01	3.059993e-01	3.112560e-01
1.579176903432405e-07	3.106345e-01	3.059988e-01	3.112648e-01
1.579604046289548e-07	3.106107e-01	3.059982e-01	3.112740e-01
1.580031189146692e-07	3.105872e-01	3.059977e-01	3.112838e-01
1.580458332003835e-07	3.105639e-01	3.059972e-01	3.112940e-01
1.580731189146692e-07	3.105492e-01	3.059969e-01	3.113002e-01
1.581004046289550e-07	3.105345e-01	3.059966e-01	3.113062e-01
1.581276903432407e-07	3.105199e-01	3.059962e-01	3.113120e-01
1.581549760575265e-07	3.105054e-01	3.059959e-01	3.113176e-01
1.581822617718122e-07	3.104910e-01	3.059956e-01	3.113230e-01
1.582095474860980e-07	3.104767e-01	3.059953e-01	3.113282e-01
1.582368332003837e-07	3.104624e-01	3.059950e-01	3.113333e-01
1.582701189146695e-07	3.104451e-01	3.059947e-01	3.113391e-01
1.583034046289552e-07	3.104280e-01	3.059943e-01	3.113445e-01
1.583366903432410e-07	3.104109e-01	3.059940e-01	3.113496e-01
1.583699760575267e-07	3.103940e-01	3.059936e-01	3.113544e-01
1.584032617718125e-07	3.103771e-01	3.059933e-01	3.113588e-01
1.584365474860982e-07	3.103603e-01	3.059930e-01	3.113629e-01
1.584698332003840e-07	3.103437e-01	3.059926e-01	3.113667e-01
1.584988332003840e-07	3.103292e-01	3.059924e-01	3.113697e-01
1.585278332003840e-07	3.103149e-01	3.059921e-01	3.113726e-01
1.585568332003841e-07	3.103005e-01	3.059918e-01	3.113753e-01
1.585858332003841e-07	3.102863e-01	3.059915e-01	3.113779e-01
1.586148332003841e-07	3.102721e-01	3.059913e-01	3.113803e-01
1.586438332003842e-07	3.102580e-01	3.059910e-01	3.113825e-01
1.586728332003842e-07	3.102439e-01	3.059908e-01	3.113846e-01
1.586738332003842e-07	3.102434e-01	3.059908e-01	3.113846e-01
1.587086903432414e-07	3.102266e-01	3.059905e-01	3.113869e-01
1.587435474860986e-07	3.102098e-01	3.059902e-01	3.113892e-01
1.587784046289558e-07	3.101931e-01	3.059899e-01	3.113913e-01
1.588132617718129e-07	3.101765e-01	3.059896e-01	3.113933e-01
1.588481189146701e-07	3.101599e-01	3.059893e-01	3.113952e-01
1.588829760575273e-07	3.101434e-01	3.059891e-01	3.113970e-01
1.589178332003845e-07	3.101270e-01	3.059888e-01	3.113987e-01
1.589572617718131e-07	3.101085e-01	3.059885e-01	3.114006e-01
1.589966903432417e-07	3.100901e-01	3.059882e-01	3.114024e-01
1.590361189146703e-07	3.100717e-01	3.059880e-01	3.114041e-01
1.590755474860990e-07	3.100534e-01	3.059877e-01	3.114058e-01
1.591149760575276e-07	3.100352e-01	3.059874e-01	3.114075e-01
1.591544046289562e-07	3.100170e-01	3.059872e-01	3.114090e-01
1.591938332003848e-07	3.099989e-01	3.059870e-01	3.114106e-01
1.592656903432420e-07	3.099661e-01	3.059865e-01	3.114133e-01
1.593375474860993e-07	3.099334e-01	3.059861e-01	3.114158e-01
1.594094046289565e-07	3.099008e-01	3.059858e-01	3.114181e-01
1.594812617718137e-07	3.098683e-01	3.059854e-01	3.114201e-01
1.595531189146709e-07	3.098360e-01	3.059851e-01	3.114220e-01
1.596249760575281e-07	3.098038e-01	3.059848e-01	3.114237e-01
1.596968332003854e-07	3.097717e-01	3.059845e-01	3.114252e-01
1.596978332003854e-07	3.097713e-01	3.059844e-01	3.114252e-01
1.597425474860997e-07	3.097514e-01	3.059843e-01	3.114260e-01
1.597872617718140e-07	3.097315e-01	3.059841e-01	3.114267e-01
1.598319760575284e-07	3.097116e-01	3.059839e-01	3.114273e-01
1.598766903432427e-07	3.096918e-01	3.059838e-01	3.114278e-01
1.599214046289571e-07	3.096719e-01	3.059836e-01	3.114282e-01
1.599661189146714e-07	3.096521e-01	3.059835e-01	3.114285e-01
1.600108332003857e-07	3.096324e-01	3.059834e-01	3.114288e-01
1.600634046289572e-07	3.096091e-01	3.059832e-01	3.114289e-01
1.601159760575287e-07	3.095859e-01	3.059831e-01	3.114290e-01
1.601685474861002e-07	3.095627e-01	3.059829e-01	3.114290e-01
1.602211189146717e-07	3.095396e-01	3.059828e-01	3.114289e-01
1.602736903432432e-07	3.095164e-01	3.059827e-01	3.114287e-01
1.603262617718146e-07	3.094933e-01	3.059825e-01	3.114284e-01
1.603788332003861e-07	3.094702e-01	3.059824e-01	3.114281e-01
1.604185474861005e-07	3.094527e-01	3.059823e-01	3.114278e-01
1.604582617718148e-07	3.094353e-01	3.059823e-01	3.114275e-01
1.604979760575291e-07	3.094178e-01	3.059822e-01	3.114271e-01
1.605376903432435e-07	3.094004e-01	3.059821e-01	3.114268e-01
1.605774046289578e-07	3.093829e-01	3.059820e-01	3.114264e-01
1.606171189146721e-07	3.093655e-01	3.059820e-01	3.114260e-01
1.606568332003865e-07	3.093480e-01	3.059819e-01	3.114257e-01
1.606588332003865e-07	3.093472e-01	3.059819e-01	3.114256e-01
1.606608332003865e-07	3.093463e-01	3.059819e-01	3.114256e-01
1.606625474861008e-07	3.093455e-01	3.059819e-01	3.114256e-01
1.606642617718150e-07	3.093448e-01	3.059819e-01	3.114256e-01
1.606659760575293e-07	3.093440e-01	3.059819e-01	3.114255e-01
1.606676903432436e-07	3.093433e-01	3.059819e-01	3.114255e-01
1.606694046289579e-07	3.093425e-01	3.059819e-01	3.114255e-01
1.606711189146722e-07	3.093417e-01	3.059819e-01	3.114255e-01
1.606728332003865e-07	3.093410e-01	3.059819e-01	3.114255e-01
1.606796903432436e-07	3.093380e-01	3.059819e-01	3.114254e-01
1.606865474861008e-07	3.093350e-01	3.059819e-01	3.114254e-01
1.606934046289579e-07	3.093320e-01	3.059819e-01	3.114253e-01
1.607002617718151e-07	3.093290e-01	3.059819e-01	3.114252e-01
1.607071189146722e-07	3.093259e-01	3.059819e-01	3.114251e-01
1.607139760575294e-07	3.093229e-01	3.059818e-01	3.114250e-01
1.607208332003865e-07	3.093199e-01	3.059818e-01	3.114250e-01
1.607218332003865e-07	3.093195e-01	3.059818e-01	3.114249e-01
1.607401189146723e-07	3.093114e-01	3.059818e-01	3.114247e-01
1.607584046289580e-07	3.093034e-01	3.059818e-01	3.114244e-01
1.607766903432437e-07	3.092954e-01	3.059817e-01	3.114240e-01
1.607949760575295e-07	3.092873e-01	3.059817e-01	3.114235e-01
1.608132617718152e-07	3.092793e-01	3.059817e-01	3.114229e-01
1.608315474861010e-07	3.092713e-01	3.059817e-01	3.114222e-01
1.608498332003867e-07	3.092633e-01	3.059817e-01	3.114215e-01
1.608685474861010e-07	3.092550e-01	3.059816e-01	3.114205e-01
1.608872617718153e-07	3.092468e-01	3.059816e-01	3.114193e-01
1.609059760575296e-07	3.092386e-01	3.059816e-01	3.114179e-01
1.609246903432439e-07	3.092304e-01	3.059816e-01	3.114163e-01
1.609434046289582e-07	3.092222e-01	3.059815e-01	3.114145e-01
1.609621189146725e-07	3.092140e-01	3.059815e-01	3.114125e-01
1.609808332003868e-07	3.092057e-01	3.059815e-01	3.114102e-01
1.610264046289583e-07	3.091857e-01	3.059815e-01	3.114040e-01
1.610719760575298e-07	3.091657e-01	3.059814e-01	3.113960e-01
1.611175474861013e-07	3.091457e-01	3.059814e-01	3.113862e-01
1.611631189146727e-07	3.091256e-01	3.059813e-01	3.113747e-01
1.612086903432442e-07	3.091056e-01	3.059813e-01	3.113613e-01
1.612542617718157e-07	3.090855e-01	3.059813e-01	3.113463e-01
1.612998332003872e-07	3.090655e-01	3.059812e-01	3.113294e-01
1.613616903432444e-07	3.090383e-01	3.059812e-01	3.113035e-01
1.614235474861016e-07	3.090111e-01	3.059812e-01	3.112722e-01
1.614854046289588e-07	3.089838e-01	3.059811e-01	3.112356e-01
1.615472617718160e-07	3.089566e-01	3.059811e-01	3.111935e-01
1.616091189146732e-07	3.089293e-01	3.059811e-01	3.111461e-01
1.616709760575305e-07	3.089020e-01	3.059810e-01	3.110933e-01
1.617328332003877e-07	3.088747e-01	3.059810e-01	3.110352e-01
1.617458332003877e-07	3.088690e-01	3.059810e-01	3.110220e-01
1.618045474861021e-07	3.088431e-01	3.059810e-01	3.109586e-01
1.618632617718164e-07	3.088171e-01	3.059810e-01	3.108895e-01
1.619219760575307e-07	3.087912e-01	3.059810e-01	3.108148e-01
1.619806903432451e-07	3.087652e-01	3.059810e-01	3.107343e-01
1.620394046289595e-07	3.087393e-01	3.059810e-01	3.106481e-01
1.620981189146738e-07	3.087133e-01	3.059810e-01	3.105562e-01
1.621568332003882e-07	3.086873e-01	3.059810e-01	3.104587e-01
1.622442617718168e-07	3.086486e-01	3.059809e-01	3.103012e-01
1.623316903432455e-07	3.086098e-01	3.059809e-01	3.101371e-01
1.624191189146742e-07	3.085710e-01	3.059809e-01	3.099663e-01
1.625065474861028e-07	3.085322e-01	3.059809e-01	3.097887e-01
1.625939760575315e-07	3.084934e-01	3.059809e-01	3.096045e-01
1.626814046289602e-07	3.084546e-01	3.059809e-01	3.094135e-01
1.627688332003889e-07	3.084157e-01	3.059809e-01	3.092158e-01
1.627698332003889e-07	3.084153e-01	3.059809e-01	3.092136e-01
1.628701189146747e-07	3.083706e-01	3.059809e-01	3.089849e-01
1.629704046289605e-07	3.083260e-01	3.059809e-01	3.087598e-01
1.630706903432463e-07	3.082813e-01	3.059809e-01	3.085384e-01
1.631709760575322e-07	3.082366e-01	3.059810e-01	3.083206e-01
1.632712617718180e-07	3.081919e-01	3.059810e-01	3.081064e-01
1.633715474861038e-07	3.081472e-01	3.059810e-01	3.078958e-01
1.634718332003897e-07	3.081024e-01	3.059810e-01	3.076889e-01
1.635176903432468e-07	3.080819e-01	3.059810e-01	3.075983e-01
1.635635474861040e-07	3.080614e-01	3.059810e-01	3.075094e-01
1.636094046289612e-07	3.080409e-01	3.059810e-01	3.074224e-01
1.636552617718184e-07	3.080204e-01	3.059810e-01	3.073372e-01
1.637011189146756e-07	3.079999e-01	3.059810e-01	3.072539e-01
1.637469760575328e-07	3.079794e-01	3.059810e-01	3.071724e-01
1.637928332003900e-07	3.079589e-01	3.059810e-01	3.070927e-01
1.637938332003900e-07	3.079585e-01	3.059810e-01	3.070910e-01
1.639059760575330e-07	3.079083e-01	3.059810e-01	3.069051e-01
1.640181189146760e-07	3.078581e-01	3.059811e-01	3.067310e-01
1.641302617718190e-07	3.078079e-01	3.059811e-01	3.065687e-01
1.642424046289620e-07	3.077577e-01	3.059811e-01	3.064182e-01
1.643545474861049e-07	3.077075e-01	3.059811e-01	3.062796e-01
1.644666903432479e-07	3.076572e-01	3.059811e-01	3.061527e-01
1.645788332003909e-07	3.076069e-01	3.059811e-01	3.060376e-01
1.646128332003909e-07	3.075917e-01	3.059811e-01	3.060047e-01
1.646468332003910e-07	3.075764e-01	3.059811e-01	3.059727e-01
1.646808332003910e-07	3.075612e-01	3.059811e-01	3.059417e-01
1.647148332003911e-07	3.075459e-01	3.059811e-01	3.059116e-01
1.647488332003911e-07	3.075306e-01	3.059811e-01	3.058824e-01
1.647828332003911e-07	3.075154e-01	3.059811e-01	3.058541e-01
1.648168332003912e-07	3.075001e-01	3.059811e-01	3.058268e-01
1.648178332003912e-07	3.074997e-01	3.059811e-01	3.058259e-01
1.649591189146770e-07	3.074363e-01	3.059811e-01	3.057243e-01
1.651004046289629e-07	3.073728e-01	3.059812e-01	3.056337e-01
1.652416903432488e-07	3.073094e-01	3.059812e-01	3.055541e-01
1.653829760575347e-07	3.072459e-01	3.059812e-01	3.054855e-01
1.655242617718205e-07	3.071825e-01	3.059812e-01	3.054279e-01
1.656655474861064e-07	3.071190e-01	3.059812e-01	3.053814e-01
1.658068332003923e-07	3.070555e-01	3.059812e-01	3.053459e-01
1.658418332003923e-07	3.070397e-01	3.059812e-01	3.053375e-01
1.659232617718210e-07	3.070031e-01	3.059812e-01	3.053202e-01
1.660046903432497e-07	3.069665e-01	3.059812e-01	3.053047e-01
1.660861189146783e-07	3.069299e-01	3.059812e-01	3.052910e-01
1.661675474861070e-07	3.068933e-01	3.059813e-01	3.052791e-01
1.662489760575357e-07	3.068567e-01	3.059813e-01	3.052690e-01
1.663304046289643e-07	3.068201e-01	3.059813e-01	3.052607e-01
1.664118332003930e-07	3.067834e-01	3.059812e-01	3.052542e-01
1.664376903432502e-07	3.067718e-01	3.059812e-01	3.052523e-01
1.664635474861073e-07	3.067602e-01	3.059812e-01	3.052505e-01
1.664894046289645e-07	3.067485e-01	3.059812e-01	3.052489e-01
1.665152617718217e-07	3.067369e-01	3.059813e-01	3.052473e-01
1.665411189146788e-07	3.067253e-01	3.059813e-01	3.052459e-01
1.665669760575360e-07	3.067136e-01	3.059813e-01	3.052447e-01
1.665928332003932e-07	3.067020e-01	3.059813e-01	3.052435e-01
1.665958332003932e-07	3.067007e-01	3.059813e-01	3.052433e-01
1.665988332003932e-07	3.066993e-01	3.059813e-01	3.052432e-01
1.666018332003932e-07	3.066980e-01	3.059813e-01	3.052431e-01
1.666048332003932e-07	3.066966e-01	3.059813e-01	3.052430e-01
1.666075474861075e-07	3.066954e-01	3.059813e-01	3.052429e-01
1.666102617718218e-07	3.066942e-01	3.059814e-01	3.052428e-01
1.666129760575361e-07	3.066930e-01	3.059814e-01	3.052427e-01
1.666156903432504e-07	3.066918e-01	3.059815e-01	3.052425e-01
1.666184046289647e-07	3.066905e-01	3.059816e-01	3.052424e-01
1.666211189146789e-07	3.066893e-01	3.059817e-01	3.052423e-01
1.666238332003932e-07	3.066881e-01	3.059818e-01	3.052422e-01
1.666276903432504e-07	3.066863e-01	3.059819e-01	3.052421e-01
1.666315474861075e-07	3.066846e-01	3.059821e-01	3.052419e-01
1.666354046289647e-07	3.066829e-01	3.059824e-01	3.052418e-01
1.666392617718218e-07	3.066811e-01	3.059826e-01	3.052416e-01
1.666431189146790e-07	3.066794e-01	3.059829e-01	3.052415e-01
1.666469760575361e-07	3.066776e-01	3.059833e-01	3.052414e-01
1.666508332003933e-07	3.066759e-01	3.059836e-01	3.052412e-01
1.666572617718218e-07	3.066730e-01	3.059843e-01	3.052410e-01
1.666636903432504e-07	3.066701e-01	3.059851e-01	3.052408e-01
1.666701189146790e-07	3.066672e-01	3.059859e-01	3.052406e-01
1.666765474861076e-07	3.066643e-01	3.059867e-01	3.052404e-01
1.666829760575361e-07	3.066614e-01	3.059876e-01	3.052402e-01
1.666894046289647e-07	3.066585e-01	3.059886e-01	3.052400e-01
1.666958332003933e-07	3.066556e-01	3.059897e-01	3.052399e-01
1.667046903432505e-07	3.066516e-01	3.059911e-01	3.052396e-01
1.667135474861076e-07	3.066475e-01	3.059926e-01	3.052394e-01
1.667224046289648e-07	3.066435e-01	3.059939e-01	3.052392e-01
1.667312617718219e-07	3.066394e-01	3.059952e-01	3.052390e-01
1.667401189146791e-07	3.066353e-01	3.059964e-01	3.052388e-01
1.667489760575362e-07	3.066312e-01	3.059975e-01	3.052386e-01
1.667578332003934e-07	3.066270e-01	3.059986e-01	3.052384e-01
1.667634046289648e-07	3.066244e-01	3.059991e-01	3.052383e-01
1.667689760575362e-07	3.066217e-01	3.059996e-01	3.052382e-01
1.667745474861077e-07	3.066191e-01	3.060000e-01	3.052381e-01
1.667801189146791e-07	3.066164e-01	3.060004e-01	3.052380e-01
1.667856903432506e-07	3.066137e-01	3.060006e-01	3.052379e-01
1.667912617718220e-07	3.066110e-01	3.060008e-01	3.052378e-01
1.667968332003934e-07	3.066083e-01	3.060009e-01	3.052378e-01
1.668021189146791e-07	3.066057e-01	3.060008e-01	3.052377e-01
1.668074046289649e-07	3.066031e-01	3.060008e-01	3.052376e-01
1.668126903432506e-07	3.066005e-01	3.060006e-01	3.052376e-01
1.668179760575363e-07	3.065978e-01	3.060003e-01	3.052375e-01
1.668232617718220e-07	3.065952e-01	3.059999e-01	3.052374e-01
1.668285474861078e-07	3.065925e-01	3.059995e-01	3.052374e-01
1.668338332003935e-07	3.065898e-01	3.059990e-01	3.052374e-01
1.668658332003935e-07	3.065729e-01	3.059937e-01	3.052371e-01
1.668779760575364e-07	3.065663e-01	3.059908e-01	3.052370e-01
1.668901189146792e-07	3.065596e-01	3.059874e-01	3.052370e-01
1.669022617718221e-07	3.065527e-01	3.059837e-01	3.052370e-01
1.669144046289650e-07	3.065457e-01	3.059796e-01	3.052370e-01
1.669265474861079e-07	3.065386e-01	3.059751e-01	3.052370e-01
1.669386903432507e-07	3.065313e-01	3.059702e-01	3.052370e-01
1.669508332003936e-07	3.065239e-01	3.059649e-01	3.052371e-01
1.669701189146793e-07	3.065117e-01	3.059558e-01	3.052371e-01
1.669894046289651e-07	3.064992e-01	3.059464e-01	3.052373e-01
1.670086903432508e-07	3.064864e-01	3.059368e-01	3.052374e-01
1.670279760575365e-07	3.064732e-01	3.059270e-01	3.052376e-01
1.670472617718223e-07	3.064597e-01	3.059170e-01	3.052379e-01
1.670665474861080e-07	3.064459e-01	3.059068e-01	3.052381e-01
1.670858332003937e-07	3.064317e-01	3.058964e-01	3.052384e-01
1.671008332003938e-07	3.064205e-01	3.058886e-01	3.052387e-01
1.671158332003938e-07	3.064091e-01	3.058811e-01	3.052390e-01
1.671308332003938e-07	3.063977e-01	3.058738e-01	3.052393e-01
1.671458332003938e-07	3.063861e-01	3.058667e-01	3.052396e-01
1.671608332003938e-07	3.063744e-01	3.058598e-01	3.052399e-01
1.671758332003939e-07	3.063627e-01	3.058531e-01	3.052402e-01
1.671908332003939e-07	3.063508e-01	3.058467e-01	3.052406e-01
1.672064046289653e-07	3.063384e-01	3.058404e-01	3.052410e-01
1.672219760575368e-07	3.063260e-01	3.058343e-01	3.052414e-01
1.672375474861082e-07	3.063137e-01	3.058284e-01	3.052419e-01
1.672531189146796e-07	3.063014e-01	3.058227e-01	3.052423e-01
1.672686903432511e-07	3.062891e-01	3.058172e-01	3.052428e-01
1.672842617718225e-07	3.062768e-01	3.058120e-01	3.052432e-01
1.672998332003940e-07	3.062646e-01	3.058069e-01	3.052437e-01
1.673256903432512e-07	3.062444e-01	3.057992e-01	3.052446e-01
1.673515474861083e-07	3.062247e-01	3.057910e-01	3.052455e-01
1.673774046289655e-07	3.062057e-01	3.057822e-01	3.052464e-01
1.674032617718227e-07	3.061871e-01	3.057728e-01	3.052474e-01
1.674291189146798e-07	3.061692e-01	3.057629e-01	3.052484e-01
1.674549760575370e-07	3.061518e-01	3.057525e-01	3.052494e-01
1.674808332003942e-07	3.061349e-01	3.057415e-01	3.052505e-01
1.675045474861085e-07	3.061203e-01	3.057299e-01	3.052515e-01
1.675282617718228e-07	3.061064e-01	3.057166e-01	3.052525e-01
1.675519760575371e-07	3.060933e-01	3.057015e-01	3.052536e-01
1.675756903432515e-07	3.060809e-01	3.056845e-01	3.052546e-01
1.675994046289658e-07	3.060693e-01	3.056658e-01	3.052557e-01
1.676231189146801e-07	3.060584e-01	3.056453e-01	3.052569e-01
1.676468332003944e-07	3.060482e-01	3.056229e-01	3.052580e-01
1.676726903432516e-07	3.060382e-01	3.055958e-01	3.052593e-01
1.676985474861087e-07	3.060290e-01	3.055656e-01	3.052606e-01
1.677244046289659e-07	3.060207e-01	3.055326e-01	3.052619e-01
1.677502617718231e-07	3.060133e-01	3.054965e-01	3.052632e-01
1.677761189146802e-07	3.060067e-01	3.054575e-01	3.052645e-01
1.678019760575374e-07	3.060011e-01	3.054156e-01	3.052658e-01
1.678278332003946e-07	3.059963e-01	3.053707e-01	3.052672e-01
1.678365474861089e-07	3.059949e-01	3.053548e-01	3.052677e-01
1.678452617718232e-07	3.059935e-01	3.053387e-01	3.052681e-01
1.678539760575375e-07	3.059922e-01	3.053221e-01	3.052686e-01
1.678626903432518e-07	3.059910e-01	3.053053e-01	3.052691e-01
1.678714046289661e-07	3.059899e-01	3.052881e-01	3.052696e-01
1.678801189146804e-07	3.059888e-01	3.052705e-01	3.052700e-01
1.678888332003947e-07	3.059879e-01	3.052526e-01	3.052705e-01
1.678898332003947e-07	3.059878e-01	3.052506e-01	3.052706e-01
1.679084046289661e-07	3.059861e-01	3.052112e-01	3.052716e-01
1.679269760575376e-07	3.059846e-01	3.051705e-01	3.052726e-01
1.679455474861090e-07	3.059835e-01	3.051284e-01	3.052736e-01
1.679641189146805e-07	3.059826e-01	3.050849e-01	3.052747e-01
1.679826903432519e-07	3.059821e-01	3.050401e-01	3.052757e-01
1.680012617718233e-07	3.059818e-01	3.049939e-01	3.052768e-01
1.680198332003948e-07	3.059818e-01	3.049463e-01	3.052778e-01
1.680475474861091e-07	3.059823e-01	3.048727e-01	3.052794e-01
1.680752617718234e-07	3.059831e-01	3.047970e-01	3.052810e-01
1.681029760575378e-07	3.059841e-01	3.047191e-01	3.052826e-01
1.681306903432521e-07	3.059853e-01	3.046392e-01	3.052842e-01
1.681584046289664e-07	3.059869e-01	3.045572e-01	3.052858e-01
1.681861189146807e-07	3.059887e-01	3.044731e-01	3.052874e-01
1.682138332003950e-07	3.059907e-01	3.043869e-01	3.052890e-01
1.682374046289665e-07	3.059925e-01	3.043126e-01	3.052904e-01
1.682609760575379e-07	3.059941e-01	3.042376e-01	3.052918e-01
1.682845474861094e-07	3.059957e-01	3.041621e-01	3.052931e-01
1.683081189146808e-07	3.059971e-01	3.040859e-01	3.052945e-01
1.683316903432523e-07	3.059985e-01	3.040092e-01	3.052959e-01
1.683552617718237e-07	3.059998e-01	3.039318e-01	3.052973e-01
1.683788332003952e-07	3.060010e-01	3.038539e-01	3.052987e-01
1.683935474861095e-07	3.060017e-01	3.038052e-01	3.052996e-01
1.684082617718238e-07	3.060022e-01	3.037566e-01	3.053004e-01
1.684229760575381e-07	3.060026e-01	3.037079e-01	3.053013e-01
1.684376903432524e-07	3.060030e-01	3.036593e-01	3.053022e-01
1.684524046289667e-07	3.060032e-01	3.036107e-01	3.053030e-01
1.684671189146810e-07	3.060034e-01	3.035622e-01	3.053039e-01
1.684818332003953e-07	3.060035e-01	3.035136e-01	3.053048e-01
1.684974046289668e-07	3.060034e-01	3.034623e-01	3.053057e-01
1.685129760575382e-07	3.060032e-01	3.034112e-01	3.053066e-01
1.685285474861097e-07	3.060028e-01	3.033603e-01	3.053075e-01
1.685441189146811e-07	3.060023e-01	3.033096e-01	3.053084e-01
1.685596903432526e-07	3.060017e-01	3.032591e-01	3.053094e-01
1.685752617718240e-07	3.060009e-01	3.032088e-01	3.053103e-01
1.685908332003955e-07	3.060000e-01	3.031587e-01	3.053112e-01
1.686185474861098e-07	3.059979e-01	3.030701e-01	3.053128e-01
1.686462617718241e-07	3.059953e-01	3.029828e-01	3.053144e-01
1.686739760575384e-07	3.059922e-01	3.028968e-01	3.053160e-01
1.687016903432527e-07	3.059884e-01	3.028120e-01	3.053176e-01
1.687294046289671e-07	3.059841e-01	3.027285e-01	3.053192e-01
1.687571189146814e-07	3.059793e-01	3.026463e-01	3.053208e-01
1.687848332003957e-07	3.059739e-01	3.025654e-01	3.053224e-01
1.689138332003958e-07	3.059407e-01	3.022114e-01	3.053298e-01
1.689756903432530e-07	3.059200e-01	3.020553e-01	3.053333e-01
1.690375474861103e-07	3.058968e-01	3.019088e-01	3.053368e-01
1.690994046289675e-07	3.058710e-01	3.017719e-01	3.053402e-01
1.691612617718247e-07	3.058428e-01	3.016447e-01	3.053436e-01
1.692231189146819e-07	3.058120e-01	3.015272e-01	3.053469e-01
1.692849760575391e-07	3.057788e-01	3.014192e-01	3.053502e-01
1.693468332003963e-07	3.057430e-01	3.013210e-01	3.053534e-01
1.694116903432535e-07	3.057034e-01	3.012288e-01	3.053568e-01
1.694765474861108e-07	3.056625e-01	3.011453e-01	3.053601e-01
1.695414046289680e-07	3.056202e-01	3.010706e-01	3.053634e-01
1.696062617718252e-07	3.055767e-01	3.010045e-01	3.053666e-01
1.696711189146824e-07	3.055319e-01	3.009470e-01	3.053698e-01
1.697359760575396e-07	3.054859e-01	3.008983e-01	3.053730e-01
1.698008332003968e-07	3.054385e-01	3.008583e-01	3.053761e-01
1.698018332003968e-07	3.054378e-01	3.008578e-01	3.053761e-01
1.698028332003968e-07	3.054371e-01	3.008572e-01	3.053761e-01
1.698038332003968e-07	3.054363e-01	3.008564e-01	3.053762e-01
1.698048332003968e-07	3.054356e-01	3.008558e-01	3.053762e-01
1.698058332003968e-07	3.054349e-01	3.008555e-01	3.053763e-01
1.698068332003968e-07	3.054341e-01	3.008549e-01	3.053763e-01
1.698201189146826e-07	3.054244e-01	3.008474e-01	3.053770e-01
1.698334046289683e-07	3.054148e-01	3.008402e-01	3.053776e-01
1.698466903432540e-07	3.054053e-01	3.008334e-01	3.053782e-01
1.698599760575397e-07	3.053958e-01	3.008269e-01	3.053788e-01
1.698732617718255e-07	3.053864e-01	3.008208e-01	3.053795e-01
1.698865474861112e-07	3.053771e-01	3.008149e-01	3.053801e-01
1.698998332003969e-07	3.053679e-01	3.008095e-01	3.053807e-01
1.699378332003970e-07	3.053420e-01	3.007960e-01	3.053824e-01
1.699489760575398e-07	3.053345e-01	3.007926e-01	3.053829e-01
1.699601189146827e-07	3.053270e-01	3.007894e-01	3.053834e-01
1.699712617718256e-07	3.053196e-01	3.007864e-01	3.053839e-01
1.699824046289685e-07	3.053122e-01	3.007836e-01	3.053844e-01
1.699935474861113e-07	3.053048e-01	3.007809e-01	3.053849e-01
1.700046903432542e-07	3.052974e-01	3.007785e-01	3.053854e-01
1.700158332003971e-07	3.052901e-01	3.007762e-01	3.053859e-01
1.700371189146828e-07	3.052760e-01	3.007726e-01	3.053869e-01
1.700584046289686e-07	3.052620e-01	3.007685e-01	3.053879e-01
1.700796903432543e-07	3.052480e-01	3.007639e-01	3.053888e-01
1.701009760575400e-07	3.052340e-01	3.007588e-01	3.053898e-01
1.701222617718258e-07	3.052201e-01	3.007533e-01	3.053907e-01
1.701435474861115e-07	3.052062e-01	3.007473e-01	3.053916e-01
1.701648332003972e-07	3.051924e-01	3.007408e-01	3.053925e-01
1.701794046289687e-07	3.051830e-01	3.007354e-01	3.053932e-01
1.701939760575401e-07	3.051737e-01	3.007293e-01	3.053938e-01
1.702085474861116e-07	3.051645e-01	3.007223e-01	3.053944e-01
1.702231189146830e-07	3.051555e-01	3.007147e-01	3.053951e-01
1.702376903432545e-07	3.051466e-01	3.007063e-01	3.053957e-01
1.702522617718259e-07	3.051378e-01	3.006971e-01	3.053963e-01
1.702668332003974e-07	3.051292e-01	3.006872e-01	3.053969e-01
1.702849760575402e-07	3.051186e-01	3.006735e-01	3.053977e-01
1.703031189146831e-07	3.051085e-01	3.006585e-01	3.053985e-01
1.703212617718260e-07	3.050987e-01	3.006422e-01	3.053992e-01
1.703394046289689e-07	3.050893e-01	3.006246e-01	3.054000e-01
1.703575474861118e-07	3.050804e-01	3.006056e-01	3.054007e-01
1.703756903432546e-07	3.050718e-01	3.005852e-01	3.054015e-01
1.703938332003975e-07	3.050636e-01	3.005635e-01	3.054022e-01
1.704154046289690e-07	3.050546e-01	3.005359e-01	3.054031e-01
1.704369760575404e-07	3.050463e-01	3.005071e-01	3.054040e-01
1.704585474861119e-07	3.050388e-01	3.004770e-01	3.054049e-01
1.704801189146833e-07	3.050321e-01	3.004458e-01	3.054057e-01
1.705016903432548e-07	3.050262e-01	3.004134e-01	3.054066e-01
1.705232617718262e-07	3.050210e-01	3.003798e-01	3.054075e-01
1.705448332003977e-07	3.050167e-01	3.003451e-01	3.054083e-01
1.705582617718262e-07	3.050144e-01	3.003232e-01	3.054089e-01
1.705716903432548e-07	3.050125e-01	3.003014e-01	3.054094e-01
1.705851189146834e-07	3.050109e-01	3.002795e-01	3.054099e-01
1.705985474861120e-07	3.050096e-01	3.002576e-01	3.054104e-01
1.706119760575406e-07	3.050087e-01	3.002356e-01	3.054110e-01
1.706254046289692e-07	3.050081e-01	3.002136e-01	3.054115e-01
1.706388332003978e-07	3.050078e-01	3.001915e-01	3.054120e-01
1.706491189146835e-07	3.050078e-01	3.001747e-01	3.054124e-01
1.706594046289692e-07	3.050080e-01	3.001581e-01	3.054128e-01
1.706696903432550e-07	3.050083e-01	3.001416e-01	3.054132e-01
1.706799760575407e-07	3.050089e-01	3.001253e-01	3.054136e-01
1.706902617718264e-07	3.050096e-01	3.001091e-01	3.054140e-01
1.707005474861121e-07	3.050105e-01	3.000930e-01	3.054144e-01
1.707108332003979e-07	3.050116e-01	3.000771e-01	3.054148e-01
1.707375474861122e-07	3.050154e-01	3.000364e-01	3.054158e-01
1.707642617718265e-07	3.050202e-01	2.999982e-01	3.054168e-01
1.707909760575408e-07	3.050260e-01	2.999624e-01	3.054178e-01
1.708176903432551e-07	3.050328e-01	2.999292e-01	3.054188e-01
1.708444046289695e-07	3.050407e-01	2.998985e-01	3.054198e-01
1.708711189146837e-07	3.050495e-01	2.998702e-01	3.054208e-01
1.708978332003981e-07	3.050594e-01	2.998445e-01	3.054218e-01
1.709068332003981e-07	3.050629e-01	2.998368e-01	3.054221e-01
1.709158332003981e-07	3.050665e-01	2.998294e-01	3.054225e-01
1.709248332003981e-07	3.050701e-01	2.998224e-01	3.054228e-01
1.709338332003981e-07	3.050739e-01	2.998159e-01	3.054231e-01
1.709428332003981e-07	3.050777e-01	2.998097e-01	3.054235e-01
1.709518332003981e-07	3.050816e-01	2.998039e-01	3.054238e-01
1.709608332003981e-07	3.050856e-01	2.997985e-01	3.054241e-01
1.709618332003981e-07	3.050861e-01	2.997979e-01	3.054241e-01
1.709766903432553e-07	3.050929e-01	2.997900e-01	3.054247e-01
1.709915474861125e-07	3.050999e-01	2.997831e-01	3.054252e-01
1.710064046289696e-07	3.051070e-01	2.997775e-01	3.054257e-01
1.710212617718268e-07	3.051144e-01	2.997730e-01	3.054263e-01
1.710361189146839e-07	3.051219e-01	2.997696e-01	3.054268e-01
1.710509760575411e-07	3.051296e-01	2.997674e-01	3.054273e-01
1.710658332003983e-07	3.051374e-01	2.997664e-01	3.054279e-01
1.710784046289697e-07	3.051442e-01	2.997664e-01	3.054283e-01
1.710909760575411e-07	3.051510e-01	2.997673e-01	3.054288e-01
1.711035474861126e-07	3.051580e-01	2.997690e-01	3.054292e-01
1.711161189146840e-07	3.051650e-01	2.997715e-01	3.054296e-01
1.711286903432555e-07	3.051721e-01	2.997749e-01	3.054301e-01
1.711412617718269e-07	3.051792e-01	2.997791e-01	3.054305e-01
1.711538332003984e-07	3.051865e-01	2.997841e-01	3.054309e-01
1.711835474861127e-07	3.052040e-01	2.997996e-01	3.054320e-01
1.712132617718270e-07	3.052217e-01	2.998191e-01	3.054330e-01
1.712429760575413e-07	3.052395e-01	2.998427e-01	3.054340e-01
1.712726903432556e-07	3.052574e-01	2.998704e-01	3.054351e-01
1.713024046289700e-07	3.052756e-01	2.999022e-01	3.054361e-01
1.713321189146843e-07	3.052938e-01	2.999381e-01	3.054371e-01
1.713618332003986e-07	3.053123e-01	2.999780e-01	3.054381e-01
1.714154046289701e-07	3.053455e-01	3.000611e-01	3.054399e-01
1.714689760575416e-07	3.053781e-01	3.001509e-01	3.054416e-01
1.715225474861131e-07	3.054100e-01	3.002473e-01	3.054434e-01
1.715761189146845e-07	3.054411e-01	3.003504e-01	3.054451e-01
1.716296903432560e-07	3.054715e-01	3.004601e-01	3.054468e-01
1.716832617718275e-07	3.055013e-01	3.005764e-01	3.054485e-01
1.717368332003990e-07	3.055303e-01	3.006994e-01	3.054502e-01
1.717722617718276e-07	3.055487e-01	3.007806e-01	3.054513e-01
1.718076903432562e-07	3.055666e-01	3.008616e-01	3.054525e-01
1.718431189146849e-07	3.055840e-01	3.009426e-01	3.054536e-01
1.718785474861135e-07	3.056009e-01	3.010235e-01	3.054547e-01
1.719139760575421e-07	3.056174e-01	3.011042e-01	3.054557e-01
1.719494046289707e-07	3.056333e-01	3.011849e-01	3.054568e-01
1.719848332003993e-07	3.056487e-01	3.012654e-01	3.054579e-01
1.719858332003993e-07	3.056492e-01	3.012677e-01	3.054579e-01
1.720418332003994e-07	3.056724e-01	3.013932e-01	3.054596e-01
1.720978332003994e-07	3.056945e-01	3.015139e-01	3.054613e-01
1.721538332003995e-07	3.057154e-01	3.016300e-01	3.054630e-01
1.722098332003996e-07	3.057352e-01	3.017414e-01	3.054646e-01
1.722658332003996e-07	3.057537e-01	3.018481e-01	3.054663e-01
1.723218332003997e-07	3.057711e-01	3.019502e-01	3.054679e-01
1.723778332003997e-07	3.057874e-01	3.020475e-01	3.054695e-01
1.724371189146855e-07	3.058034e-01	3.021428e-01	3.054712e-01
1.724964046289713e-07	3.058185e-01	3.022313e-01	3.054729e-01
1.725556903432571e-07	3.058326e-01	3.023128e-01	3.054746e-01
1.726149760575429e-07	3.058458e-01	3.023875e-01	3.054762e-01
1.726742617718286e-07	3.058580e-01	3.024552e-01	3.054779e-01
1.727335474861144e-07	3.058692e-01	3.025161e-01	3.054796e-01
1.727928332004002e-07	3.058795e-01	3.025701e-01	3.054812e-01
1.728236903432574e-07	3.058846e-01	3.025956e-01	3.054820e-01
1.728545474861146e-07	3.058895e-01	3.026194e-01	3.054829e-01
1.728854046289718e-07	3.058942e-01	3.026416e-01	3.054837e-01
1.729162617718289e-07	3.058987e-01	3.026622e-01	3.054846e-01
1.729471189146861e-07	3.059031e-01	3.026811e-01	3.054854e-01
1.729779760575433e-07	3.059072e-01	3.026983e-01	3.054863e-01
1.730088332004005e-07	3.059112e-01	3.027139e-01	3.054871e-01
1.730098332004005e-07	3.059113e-01	3.027144e-01	3.054871e-01
1.730849760575434e-07	3.059202e-01	3.027447e-01	3.054891e-01
1.731601189146863e-07	3.059283e-01	3.027682e-01	3.054912e-01
1.732352617718293e-07	3.059358e-01	3.027848e-01	3.054932e-01
1.733104046289722e-07	3.059425e-01	3.027945e-01	3.054952e-01
1.733855474861152e-07	3.059484e-01	3.027975e-01	3.054971e-01
1.734606903432581e-07	3.059537e-01	3.027935e-01	3.054991e-01
1.735358332004011e-07	3.059583e-01	3.027827e-01	3.055011e-01
1.735998332004011e-07	3.059618e-01	3.027703e-01	3.055028e-01
1.736638332004012e-07	3.059651e-01	3.027556e-01	3.055044e-01
1.737278332004013e-07	3.059681e-01	3.027385e-01	3.055061e-01
1.737918332004014e-07	3.059708e-01	3.027191e-01	3.055077e-01
1.738558332004014e-07	3.059732e-01	3.026974e-01	3.055094e-01
1.739198332004015e-07	3.059754e-01	3.026734e-01	3.055110e-01
1.739838332004016e-07	3.059773e-01	3.026471e-01	3.055127e-01
1.740338332004016e-07	3.059787e-01	3.026261e-01	3.055139e-01
1.741038332004017e-07	3.059804e-01	3.025949e-01	3.055157e-01
1.741738332004018e-07	3.059819e-01	3.025633e-01	3.055175e-01
1.742438332004019e-07	3.059833e-01	3.025310e-01	3.055193e-01
1.743138332004019e-07	3.059845e-01	3.024983e-01	3.055210e-01
1.743838332004020e-07	3.059855e-01	3.024650e-01	3.055228e-01
1.744538332004021e-07	3.059864e-01	3.024311e-01	3.055246e-01
1.745238332004022e-07	3.059871e-01	3.023967e-01	3.055263e-01
1.745958332004023e-07	3.059878e-01	3.023618e-01	3.055281e-01
1.746678332004023e-07	3.059883e-01	3.023274e-01	3.055299e-01
1.747398332004024e-07	3.059888e-01	3.022936e-01	3.055317e-01
1.748118332004025e-07	3.059892e-01	3.022603e-01	3.055335e-01
1.748838332004026e-07	3.059895e-01	3.022276e-01	3.055353e-01
1.749558332004027e-07	3.059898e-01	3.021955e-01	3.055371e-01
1.750278332004028e-07	3.059899e-01	3.021639e-01	3.055389e-01
1.750578332004028e-07	3.059900e-01	3.021511e-01	3.055396e-01
1.751421189146886e-07	3.059901e-01	3.021160e-01	3.055417e-01
1.752264046289744e-07	3.059901e-01	3.020822e-01	3.055438e-01
1.753106903432602e-07	3.059901e-01	3.020497e-01	3.055458e-01
1.753949760575460e-07	3.059901e-01	3.020187e-01	3.055479e-01
1.754792617718318e-07	3.059900e-01	3.019890e-01	3.055500e-01
1.755635474861177e-07	3.059899e-01	3.019607e-01	3.055521e-01
1.756478332004035e-07	3.059897e-01	3.019337e-01	3.055541e-01
1.756638332004035e-07	3.059897e-01	3.019288e-01	3.055545e-01
1.756798332004035e-07	3.059897e-01	3.019239e-01	3.055549e-01
1.756958332004035e-07	3.059896e-01	3.019190e-01	3.055553e-01
1.757118332004035e-07	3.059896e-01	3.019142e-01	3.055557e-01
1.757278332004035e-07	3.059896e-01	3.019095e-01	3.055561e-01
1.757438332004036e-07	3.059896e-01	3.019048e-01	3.055565e-01
1.757598332004036e-07	3.059895e-01	3.019001e-01	3.055569e-01
1.757792617718322e-07	3.059895e-01	3.018945e-01	3.055573e-01
1.757986903432608e-07	3.059894e-01	3.018890e-01	3.055578e-01
1.758181189146894e-07	3.059894e-01	3.018836e-01	3.055584e-01
1.758375474861180e-07	3.059893e-01	3.018782e-01	3.055590e-01
1.758569760575465e-07	3.059893e-01	3.018729e-01	3.055597e-01
1.758764046289752e-07	3.059892e-01	3.018677e-01	3.055604e-01
1.758958332004037e-07	3.059892e-01	3.018626e-01	3.055612e-01
1.759144046289752e-07	3.059892e-01	3.018577e-01	3.055621e-01
1.759329760575466e-07	3.059891e-01	3.018529e-01	3.055631e-01
1.759515474861181e-07	3.059891e-01	3.018482e-01	3.055643e-01
1.759701189146895e-07	3.059890e-01	3.018435e-01	3.055655e-01
1.759886903432610e-07	3.059890e-01	3.018389e-01	3.055669e-01
1.760072617718324e-07	3.059889e-01	3.018344e-01	3.055684e-01
1.760258332004039e-07	3.059888e-01	3.018299e-01	3.055700e-01
1.760818332004039e-07	3.059887e-01	3.018168e-01	3.055756e-01
1.761315474861183e-07	3.059886e-01	3.018056e-01	3.055816e-01
1.761812617718326e-07	3.059884e-01	3.017948e-01	3.055888e-01
1.762309760575470e-07	3.059883e-01	3.017844e-01	3.055971e-01
1.762806903432613e-07	3.059882e-01	3.017744e-01	3.056065e-01
1.763304046289757e-07	3.059880e-01	3.017649e-01	3.056172e-01
1.763801189146900e-07	3.059879e-01	3.017557e-01	3.056290e-01
1.764298332004043e-07	3.059877e-01	3.017469e-01	3.056420e-01
1.764646903432615e-07	3.059876e-01	3.017409e-01	3.056521e-01
1.764995474861187e-07	3.059875e-01	3.017351e-01	3.056626e-01
1.765344046289759e-07	3.059874e-01	3.017295e-01	3.056737e-01
1.765692617718331e-07	3.059873e-01	3.017241e-01	3.056853e-01
1.766041189146902e-07	3.059872e-01	3.017188e-01	3.056974e-01
1.766389760575474e-07	3.059871e-01	3.017137e-01	3.057100e-01
1.766738332004046e-07	3.059870e-01	3.017088e-01	3.057231e-01
1.767354046289761e-07	3.059868e-01	3.017004e-01	3.057481e-01
1.767969760575476e-07	3.059866e-01	3.016925e-01	3.057724e-01
1.768585474861191e-07	3.059865e-01	3.016850e-01	3.057959e-01
1.769201189146906e-07	3.059863e-01	3.016779e-01	3.058187e-01
1.769816903432621e-07	3.059861e-01	3.016713e-01	3.058408e-01
1.770432617718336e-07	3.059860e-01	3.016651e-01	3.058621e-01
1.771048332004051e-07	3.059858e-01	3.016593e-01	3.058827e-01
1.771058332004051e-07	3.059858e-01	3.016592e-01	3.058830e-01
1.771371189146909e-07	3.059857e-01	3.016563e-01	3.058920e-01
1.771684046289766e-07	3.059857e-01	3.016536e-01	3.059002e-01
1.771996903432624e-07	3.059856e-01	3.016510e-01	3.059077e-01
1.772309760575481e-07	3.059855e-01	3.016484e-01	3.059144e-01
1.772622617718338e-07	3.059854e-01	3.016459e-01	3.059202e-01
1.772935474861196e-07	3.059853e-01	3.016435e-01	3.059253e-01
1.773248332004054e-07	3.059853e-01	3.016412e-01	3.059297e-01
1.773428332004054e-07	3.059852e-01	3.016399e-01	3.059317e-01
1.773608332004054e-07	3.059852e-01	3.016386e-01	3.059335e-01
1.773788332004054e-07	3.059851e-01	3.016373e-01	3.059349e-01
1.773968332004054e-07	3.059851e-01	3.016361e-01	3.059360e-01
1.774148332004055e-07	3.059851e-01	3.016349e-01	3.059369e-01
1.774328332004055e-07	3.059850e-01	3.016337e-01	3.059374e-01
1.774508332004055e-07	3.059850e-01	3.016326e-01	3.059376e-01
1.774671189146912e-07	3.059849e-01	3.016316e-01	3.059375e-01
1.774834046289770e-07	3.059849e-01	3.016306e-01	3.059372e-01
1.774996903432627e-07	3.059849e-01	3.016296e-01	3.059366e-01
1.775159760575484e-07	3.059848e-01	3.016286e-01	3.059358e-01
1.775322617718342e-07	3.059848e-01	3.016277e-01	3.059347e-01
1.775485474861199e-07	3.059848e-01	3.016267e-01	3.059334e-01
1.775648332004056e-07	3.059847e-01	3.016258e-01	3.059318e-01
1.776015474861200e-07	3.059846e-01	3.016238e-01	3.059272e-01
1.776382617718343e-07	3.059845e-01	3.016219e-01	3.059215e-01
1.776749760575486e-07	3.059845e-01	3.016201e-01	3.059147e-01
1.777116903432629e-07	3.059844e-01	3.016183e-01	3.059067e-01
1.777484046289773e-07	3.059843e-01	3.016167e-01	3.058975e-01
1.777851189146916e-07	3.059843e-01	3.016151e-01	3.058872e-01
1.778218332004059e-07	3.059842e-01	3.016135e-01	3.058758e-01
1.778656903432631e-07	3.059841e-01	3.016118e-01	3.058608e-01
1.779095474861203e-07	3.059840e-01	3.016102e-01	3.058447e-01
1.779534046289775e-07	3.059839e-01	3.016086e-01	3.058275e-01
1.779972617718347e-07	3.059839e-01	3.016072e-01	3.058093e-01
1.780411189146919e-07	3.059838e-01	3.016058e-01	3.057901e-01
1.780849760575491e-07	3.059837e-01	3.016045e-01	3.057699e-01
1.781288332004063e-07	3.059836e-01	3.016033e-01	3.057486e-01
1.781298332004063e-07	3.059836e-01	3.016033e-01	3.057482e-01
1.782042617718349e-07	3.059835e-01	3.016014e-01	3.057099e-01
1.782786903432636e-07	3.059834e-01	3.015997e-01	3.056715e-01
1.783531189146922e-07	3.059833e-01	3.015982e-01	3.056330e-01
1.784275474861209e-07	3.059832e-01	3.015968e-01	3.055944e-01
1.785019760575495e-07	3.059831e-01	3.015956e-01	3.055556e-01
1.785764046289782e-07	3.059830e-01	3.015946e-01	3.055166e-01
1.786508332004069e-07	3.059829e-01	3.015937e-01	3.054776e-01
1.786982617718355e-07	3.059828e-01	3.015932e-01	3.054539e-01
1.787456903432641e-07	3.059828e-01	3.015927e-01	3.054309e-01
1.787931189146927e-07	3.059827e-01	3.015923e-01	3.054087e-01
1.788405474861214e-07	3.059827e-01	3.015919e-01	3.053872e-01
1.788879760575500e-07	3.059826e-01	3.015916e-01	3.053664e-01
1.789354046289786e-07	3.059826e-01	3.015913e-01	3.053464e-01
1.789828332004072e-07	3.059825e-01	3.015910e-01	3.053271e-01
1.790069760575501e-07	3.059825e-01	3.015909e-01	3.053178e-01
1.790311189146930e-07	3.059825e-01	3.015908e-01	3.053085e-01
1.790552617718359e-07	3.059825e-01	3.015907e-01	3.052992e-01
1.790794046289788e-07	3.059824e-01	3.015906e-01	3.052898e-01
1.791035474861217e-07	3.059824e-01	3.015905e-01	3.052804e-01
1.791276903432646e-07	3.059824e-01	3.015904e-01	3.052710e-01
1.791518332004074e-07	3.059824e-01	3.015903e-01	3.052616e-01
1.791538332004074e-07	3.059824e-01	3.015903e-01	3.052608e-01
1.791788332004075e-07	3.059824e-01	3.015903e-01	3.052507e-01
1.792038332004075e-07	3.059823e-01	3.015902e-01	3.052405e-01
1.792288332004075e-07	3.059823e-01	3.015901e-01	3.052301e-01
1.792538332004075e-07	3.059823e-01	3.015901e-01	3.052196e-01
1.792788332004076e-07	3.059823e-01	3.015900e-01	3.052090e-01
1.793038332004076e-07	3.059822e-01	3.015900e-01	3.051982e-01
1.793288332004076e-07	3.059822e-01	3.015900e-01	3.051873e-01
1.793648332004077e-07	3.059822e-01	3.015899e-01	3.051714e-01
1.794008332004077e-07	3.059822e-01	3.015899e-01	3.051559e-01
1.794368332004078e-07	3.059822e-01	3.015899e-01	3.051408e-01
1.794728332004078e-07	3.059821e-01	3.015899e-01	3.051261e-01
1.795088332004078e-07	3.059821e-01	3.015899e-01	3.051119e-01
1.795448332004079e-07	3.059821e-01	3.015899e-01	3.050981e-01
1.795808332004079e-07	3.059821e-01	3.015899e-01	3.050847e-01
1.796111189146937e-07	3.059820e-01	3.015900e-01	3.050742e-01
1.796414046289794e-07	3.059820e-01	3.015900e-01	3.050644e-01
1.796716903432652e-07	3.059820e-01	3.015900e-01	3.050551e-01
1.797019760575509e-07	3.059820e-01	3.015901e-01	3.050465e-01
1.797322617718366e-07	3.059819e-01	3.015901e-01	3.050386e-01
1.797625474861224e-07	3.059819e-01	3.015902e-01	3.050312e-01
1.797928332004082e-07	3.059819e-01	3.015902e-01	3.050245e-01
1.798282617718368e-07	3.059819e-01	3.015903e-01	3.050176e-01
1.798636903432654e-07	3.059819e-01	3.015904e-01	3.050114e-01
1.798991189146940e-07	3.059819e-01	3.015905e-01	3.050060e-01
1.799345474861226e-07	3.059818e-01	3.015905e-01	3.050013e-01
1.799699760575512e-07	3.059818e-01	3.015906e-01	3.049975e-01
1.800054046289798e-07	3.059818e-01	3.015907e-01	3.049944e-01
1.800408332004084e-07	3.059818e-01	3.015908e-01	3.049920e-01
1.800602617718370e-07	3.059818e-01	3.015909e-01	3.049910e-01
1.800796903432656e-07	3.059818e-01	3.015909e-01	3.049902e-01
1.800991189146942e-07	3.059818e-01	3.015910e-01	3.049895e-01
1.801185474861228e-07	3.059818e-01	3.015911e-01	3.049890e-01
1.801379760575514e-07	3.059817e-01	3.015911e-01	3.049886e-01
1.801574046289800e-07	3.059817e-01	3.015912e-01	3.049885e-01
1.801768332004086e-07	3.059817e-01	3.015912e-01	3.049885e-01
1.801778332004086e-07	3.059817e-01	3.015912e-01	3.049885e-01
1.802031189146943e-07	3.059817e-01	3.015913e-01	3.049887e-01
1.802284046289801e-07	3.059817e-01	3.015914e-01	3.049892e-01
1.802536903432658e-07	3.059817e-01	3.015915e-01	3.049899e-01
1.802789760575516e-07	3.059817e-01	3.015916e-01	3.049908e-01
1.803042617718373e-07	3.059817e-01	3.015916e-01	3.049919e-01
1.803295474861231e-07	3.059817e-01	3.015917e-01	3.049932e-01
1.803548332004088e-07	3.059817e-01	3.015918e-01	3.049947e-01
1.803968332004088e-07	3.059816e-01	3.015920e-01	3.049976e-01
1.804388332004089e-07	3.059816e-01	3.015921e-01	3.050010e-01
1.804808332004089e-07	3.059816e-01	3.015922e-01	3.050047e-01
1.805228332004090e-07	3.059816e-01	3.015924e-01	3.050087e-01
1.805648332004090e-07	3.059816e-01	3.015925e-01	3.050132e-01
1.806068332004091e-07	3.059816e-01	3.015927e-01	3.050180e-01
1.806488332004091e-07	3.059816e-01	3.015928e-01	3.050232e-01
1.807276903432664e-07	3.059815e-01	3.015931e-01	3.050338e-01
1.808065474861236e-07	3.059815e-01	3.015934e-01	3.050450e-01
1.808854046289808e-07	3.059815e-01	3.015937e-01	3.050570e-01
1.809642617718380e-07	3.059815e-01	3.015939e-01	3.050696e-01
1.810431189146953e-07	3.059815e-01	3.015942e-01	3.050828e-01
1.811219760575525e-07	3.059815e-01	3.015945e-01	3.050968e-01
1.812008332004098e-07	3.059815e-01	3.015948e-01	3.051114e-01
1.812018332004098e-07	3.059815e-01	3.015948e-01	3.051116e-01
1.813342617718385e-07	3.059814e-01	3.015952e-01	3.051374e-01
1.814666903432672e-07	3.059814e-01	3.015956e-01	3.051633e-01
1.815991189146959e-07	3.059814e-01	3.015960e-01	3.051891e-01
1.817315474861246e-07	3.059814e-01	3.015964e-01	3.052149e-01
1.818639760575534e-07	3.059814e-01	3.015968e-01	3.052407e-01
1.819964046289821e-07	3.059814e-01	3.015971e-01	3.052664e-01
1.821288332004108e-07	3.059813e-01	3.015974e-01	3.052921e-01
1.822258332004109e-07	3.059813e-01	3.015977e-01	3.053098e-01
1.823319760575539e-07	3.059813e-01	3.015979e-01	3.053286e-01
1.824381189146969e-07	3.059813e-01	3.015981e-01	3.053465e-01
1.825442617718398e-07	3.059813e-01	3.015983e-01	3.053634e-01
1.826504046289828e-07	3.059813e-01	3.015985e-01	3.053795e-01
1.827565474861258e-07	3.059813e-01	3.015987e-01	3.053947e-01
1.828626903432688e-07	3.059813e-01	3.015989e-01	3.054090e-01
1.829688332004118e-07	3.059813e-01	3.015991e-01	3.054223e-01
1.832498332004121e-07	3.059813e-01	3.015995e-01	3.054531e-01
1.833959760575551e-07	3.059813e-01	3.015996e-01	3.054664e-01
1.835421189146981e-07	3.059813e-01	3.015998e-01	3.054783e-01
1.836882617718411e-07	3.059813e-01	3.016000e-01	3.054889e-01
1.838344046289842e-07	3.059813e-01	3.016001e-01	3.054981e-01
1.839805474861272e-07	3.059813e-01	3.016002e-01	3.055061e-01
1.841266903432702e-07	3.059813e-01	3.016004e-01	3.055127e-01
1.842728332004132e-07	3.059813e-01	3.016005e-01	3.055180e-01
1.842738332004132e-07	3.059813e-01	3.016005e-01	3.055181e-01
1.843605474861276e-07	3.059813e-01	3.016005e-01	3.055209e-01
1.844472617718420e-07	3.059813e-01	3.016006e-01	3.055235e-01
1.845339760575564e-07	3.059813e-01	3.016006e-01	3.055258e-01
1.846206903432708e-07	3.059813e-01	3.016007e-01	3.055279e-01
1.847074046289852e-07	3.059813e-01	3.016007e-01	3.055297e-01
1.847941189146995e-07	3.059813e-01	3.016008e-01	3.055313e-01
1.848808332004139e-07	3.059813e-01	3.016008e-01	3.055326e-01
1.848838332004139e-07	3.059813e-01	3.016008e-01	3.055326e-01
1.848868332004139e-07	3.059813e-01	3.016008e-01	3.055327e-01
1.848898332004139e-07	3.059813e-01	3.016008e-01	3.055327e-01
1.848928332004139e-07	3.059813e-01	3.016008e-01	3.055328e-01
1.848956903432711e-07	3.059813e-01	3.016008e-01	3.055328e-01
1.848985474861282e-07	3.059813e-01	3.016008e-01	3.055328e-01
1.849014046289854e-07	3.059813e-01	3.016008e-01	3.055329e-01
1.849042617718425e-07	3.059813e-01	3.016008e-01	3.055329e-01
1.849071189146997e-07	3.059813e-01	3.016008e-01	3.055330e-01
1.849099760575568e-07	3.059812e-01	3.016008e-01	3.055330e-01
1.849128332004140e-07	3.059812e-01	3.016008e-01	3.055331e-01
1.849169760575568e-07	3.059812e-01	3.016008e-01	3.055331e-01
1.849211189146997e-07	3.059811e-01	3.016007e-01	3.055332e-01
1.849252617718425e-07	3.059811e-01	3.016007e-01	3.055332e-01
1.849294046289854e-07	3.059810e-01	3.016006e-01	3.055333e-01
1.849335474861283e-07	3.059809e-01	3.016006e-01	3.055333e-01
1.849376903432711e-07	3.059808e-01	3.016005e-01	3.055334e-01
1.849418332004140e-07	3.059807e-01	3.016004e-01	3.055334e-01
1.849484046289854e-07	3.059806e-01	3.016003e-01	3.055335e-01
1.849549760575569e-07	3.059804e-01	3.016001e-01	3.055336e-01
1.849615474861283e-07	3.059802e-01	3.015998e-01	3.055337e-01
1.849681189146997e-07	3.059800e-01	3.015995e-01	3.055338e-01
1.849746903432712e-07	3.059797e-01	3.015991e-01	3.055339e-01
1.849812617718426e-07	3.059795e-01	3.015987e-01	3.055339e-01
1.849878332004140e-07	3.059792e-01	3.015982e-01	3.055340e-01
1.849954046289855e-07	3.059789e-01	3.015975e-01	3.055341e-01
1.850029760575569e-07	3.059786e-01	3.015968e-01	3.055342e-01
1.850105474861284e-07	3.059782e-01	3.015960e-01	3.055343e-01
1.850181189146998e-07	3.059778e-01	3.015950e-01	3.055344e-01
1.850256903432712e-07	3.059775e-01	3.015940e-01	3.055345e-01
1.850332617718427e-07	3.059771e-01	3.015929e-01	3.055346e-01
1.850408332004141e-07	3.059767e-01	3.015917e-01	3.055347e-01
1.850501189146998e-07	3.059762e-01	3.015901e-01	3.055348e-01
1.850594046289856e-07	3.059757e-01	3.015884e-01	3.055349e-01
1.850686903432713e-07	3.059752e-01	3.015867e-01	3.055350e-01
1.850779760575570e-07	3.059747e-01	3.015848e-01	3.055351e-01
1.850872617718427e-07	3.059742e-01	3.015828e-01	3.055352e-01
1.850965474861285e-07	3.059737e-01	3.015808e-01	3.055353e-01
1.851058332004142e-07	3.059732e-01	3.015786e-01	3.055353e-01
1.851166903432713e-07	3.059727e-01	3.015761e-01	3.055355e-01
1.851275474861285e-07	3.059721e-01	3.015735e-01	3.055356e-01
1.851384046289857e-07	3.059715e-01	3.015710e-01	3.055357e-01
1.851492617718428e-07	3.059708e-01	3.015684e-01	3.055358e-01
1.851601189147000e-07	3.059702e-01	3.015660e-01	3.055358e-01
1.851709760575571e-07	3.059695e-01	3.015635e-01	3.055359e-01
1.851818332004143e-07	3.059689e-01	3.015611e-01	3.055360e-01
1.851924046289857e-07	3.059682e-01	3.015588e-01	3.055361e-01
1.852029760575571e-07	3.059674e-01	3.015567e-01	3.055362e-01
1.852135474861286e-07	3.059666e-01	3.015548e-01	3.055363e-01
1.852241189147000e-07	3.059658e-01	3.015530e-01	3.055364e-01
1.852346903432715e-07	3.059649e-01	3.015514e-01	3.055365e-01
1.852452617718429e-07	3.059639e-01	3.015499e-01	3.055365e-01
1.852558332004144e-07	3.059629e-01	3.015486e-01	3.055366e-01
1.852616903432715e-07	3.059623e-01	3.015480e-01	3.055367e-01
1.852675474861287e-07	3.059616e-01	3.015474e-01	3.055367e-01
1.852734046289858e-07	3.059610e-01	3.015469e-01	3.055368e-01
1.852792617718429e-07	3.059603e-01	3.015465e-01	3.055368e-01
1.852851189147001e-07	3.059596e-01	3.015461e-01	3.055368e-01
1.852909760575572e-07	3.059589e-01	3.015458e-01	3.055369e-01
1.852968332004144e-07	3.059581e-01	3.015455e-01	3.055369e-01
1.852978332004144e-07	3.059580e-01	3.015455e-01	3.055369e-01
1.853052617718430e-07	3.059570e-01	3.015453e-01	3.055370e-01
1.853126903432716e-07	3.059559e-01	3.015452e-01	3.055370e-01
1.853201189147001e-07	3.059547e-01	3.015452e-01	3.055371e-01
1.853275474861287e-07	3.059536e-01	3.015453e-01	3.055371e-01
1.853349760575573e-07	3.059523e-01	3.015455e-01	3.055371e-01
1.853424046289859e-07	3.059510e-01	3.015458e-01	3.055372e-01
1.853498332004145e-07	3.059497e-01	3.015462e-01	3.055372e-01
1.853608332004145e-07	3.059475e-01	3.015470e-01	3.055373e-01
1.853718332004145e-07	3.059453e-01	3.015479e-01	3.055373e-01
1.853828332004145e-07	3.059428e-01	3.015491e-01	3.055374e-01
1.853938332004145e-07	3.059402e-01	3.015503e-01	3.055375e-01
1.854048332004145e-07	3.059375e-01	3.015518e-01	3.055375e-01
1.854158332004145e-07	3.059346e-01	3.015534e-01	3.055376e-01
1.854268332004145e-07	3.059316e-01	3.015551e-01	3.055376e-01
1.854505474861289e-07	3.059244e-01	3.015597e-01	3.055378e-01
1.854742617718432e-07	3.059165e-01	3.015640e-01	3.055379e-01
1.854979760575575e-07	3.059078e-01	3.015681e-01	3.055380e-01
1.855216903432718e-07	3.058982e-01	3.015720e-01	3.055380e-01
1.855454046289861e-07	3.058879e-01	3.015757e-01	3.055381e-01
1.855691189147004e-07	3.058768e-01	3.015791e-01	3.055382e-01
1.855928332004147e-07	3.058648e-01	3.015824e-01	3.055383e-01
1.856018332004147e-07	3.058601e-01	3.015832e-01	3.055383e-01
1.856108332004148e-07	3.058552e-01	3.015839e-01	3.055383e-01
1.856198332004148e-07	3.058502e-01	3.015844e-01	3.055383e-01
1.856288332004148e-07	3.058451e-01	3.015847e-01	3.055384e-01
1.856378332004148e-07	3.058399e-01	3.015849e-01	3.055384e-01
1.856468332004148e-07	3.058346e-01	3.015849e-01	3.055384e-01
1.856558332004148e-07	3.058292e-01	3.015847e-01	3.055384e-01
1.856671189147005e-07	3.058222e-01	3.015843e-01	3.055384e-01
1.856784046289863e-07	3.058151e-01	3.015835e-01	3.055385e-01
1.856896903432720e-07	3.058078e-01	3.015824e-01	3.055385e-01
1.857009760575577e-07	3.058004e-01	3.015809e-01	3.055385e-01
1.857122617718434e-07	3.057927e-01	3.015791e-01	3.055385e-01
1.857235474861292e-07	3.057849e-01	3.015770e-01	3.055386e-01
1.857348332004149e-07	3.057770e-01	3.015745e-01	3.055386e-01
1.857515474861292e-07	3.057649e-01	3.015701e-01	3.055386e-01
1.857682617718435e-07	3.057525e-01	3.015650e-01	3.055386e-01
1.857849760575578e-07	3.057397e-01	3.015590e-01	3.055386e-01
1.858016903432721e-07	3.057266e-01	3.015522e-01	3.055387e-01
1.858184046289864e-07	3.057132e-01	3.015446e-01	3.055387e-01
1.858351189147007e-07	3.056994e-01	3.015362e-01	3.055387e-01
1.858518332004150e-07	3.056853e-01	3.015270e-01	3.055387e-01
1.858779760575579e-07	3.056626e-01	3.015107e-01	3.055387e-01
1.859041189147008e-07	3.056391e-01	3.014929e-01	3.055387e-01
1.859302617718437e-07	3.056148e-01	3.014736e-01	3.055387e-01
1.859564046289866e-07	3.055898e-01	3.014528e-01	3.055387e-01
1.859825474861295e-07	3.055640e-01	3.014305e-01	3.055387e-01
1.860086903432724e-07	3.055374e-01	3.014068e-01	3.055387e-01
1.860348332004152e-07	3.055100e-01	3.013815e-01	3.055387e-01
1.860756903432724e-07	3.054657e-01	3.013392e-01	3.055387e-01
1.861165474861296e-07	3.054194e-01	3.012971e-01	3.055387e-01
1.861574046289868e-07	3.053712e-01	3.012552e-01	3.055386e-01
1.861982617718440e-07	3.053209e-01	3.012137e-01	3.055386e-01
1.862391189147012e-07	3.052686e-01	3.011724e-01	3.055385e-01
1.862799760575584e-07	3.052144e-01	3.011314e-01	3.055385e-01
1.863208332004156e-07	3.051581e-01	3.010906e-01	3.055384e-01
1.863218332004156e-07	3.051567e-01	3.010897e-01	3.055384e-01
1.863501189147013e-07	3.051165e-01	3.010638e-01	3.055383e-01
1.863784046289871e-07	3.050752e-01	3.010395e-01	3.055383e-01
1.864066903432728e-07	3.050330e-01	3.010169e-01	3.055382e-01
1.864349760575585e-07	3.049898e-01	3.009960e-01	3.055382e-01
1.864632617718443e-07	3.049456e-01	3.009767e-01	3.055381e-01
1.864915474861300e-07	3.049004e-01	3.009590e-01	3.055381e-01
1.865198332004158e-07	3.048542e-01	3.009430e-01	3.055380e-01
1.865421189147015e-07	3.048171e-01	3.009319e-01	3.055380e-01
1.865644046289873e-07	3.047795e-01	3.009220e-01	3.055379e-01
1.865866903432730e-07	3.047413e-01	3.009134e-01	3.055379e-01
1.866089760575587e-07	3.047025e-01	3.009061e-01	3.055378e-01
1.866312617718445e-07	3.046632e-01	3.009000e-01	3.055378e-01
1.866535474861302e-07	3.046234e-01	3.008951e-01	3.055377e-01
1.866758332004160e-07	3.045830e-01	3.008915e-01	3.055377e-01
1.866944046289874e-07	3.045489e-01	3.008894e-01	3.055376e-01
1.867129760575589e-07	3.045145e-01	3.008882e-01	3.055376e-01
1.867315474861303e-07	3.044798e-01	3.008878e-01	3.055375e-01
1.867501189147018e-07	3.044447e-01	3.008882e-01	3.055375e-01
1.867686903432732e-07	3.044094e-01	3.008894e-01	3.055374e-01
1.867872617718446e-07	3.043737e-01	3.008915e-01	3.055374e-01
1.868058332004161e-07	3.043377e-01	3.008943e-01	3.055373e-01
1.868452617718447e-07	3.042600e-01	3.009034e-01	3.055372e-01
1.868846903432733e-07	3.041815e-01	3.009152e-01	3.055372e-01
1.869241189147020e-07	3.041022e-01	3.009295e-01	3.055371e-01
1.869635474861306e-07	3.040219e-01	3.009465e-01	3.055370e-01
1.870029760575592e-07	3.039408e-01	3.009662e-01	3.055369e-01
1.870424046289878e-07	3.038589e-01	3.009885e-01	3.055368e-01
1.870818332004164e-07	3.037760e-01	3.010134e-01	3.055367e-01
1.871194046289879e-07	3.036967e-01	3.010387e-01	3.055366e-01
1.871569760575594e-07	3.036174e-01	3.010648e-01	3.055365e-01
1.871945474861308e-07	3.035382e-01	3.010918e-01	3.055364e-01
1.872321189147023e-07	3.034589e-01	3.011197e-01	3.055363e-01
1.872696903432738e-07	3.033797e-01	3.011483e-01	3.055362e-01
1.873072617718452e-07	3.033005e-01	3.011778e-01	3.055361e-01
1.873448332004167e-07	3.032213e-01	3.012082e-01	3.055360e-01
1.873458332004167e-07	3.032192e-01	3.012090e-01	3.055360e-01
1.873952617718453e-07	3.031155e-01	3.012492e-01	3.055359e-01
1.874446903432740e-07	3.030132e-01	3.012885e-01	3.055358e-01
1.874941189147026e-07	3.029123e-01	3.013269e-01	3.055357e-01
1.875435474861312e-07	3.028129e-01	3.013645e-01	3.055356e-01
1.875929760575599e-07	3.027148e-01	3.014012e-01	3.055355e-01
1.876424046289885e-07	3.026182e-01	3.014370e-01	3.055354e-01
1.876918332004171e-07	3.025230e-01	3.014719e-01	3.055353e-01
1.877404046289886e-07	3.024315e-01	3.015041e-01	3.055351e-01
1.877889760575601e-07	3.023424e-01	3.015344e-01	3.055350e-01
1.878375474861316e-07	3.022556e-01	3.015627e-01	3.055349e-01
1.878861189147030e-07	3.021712e-01	3.015890e-01	3.055349e-01
1.879346903432745e-07	3.020890e-01	3.016134e-01	3.055348e-01
1.879832617718460e-07	3.020091e-01	3.016358e-01	3.055347e-01
1.880318332004175e-07	3.019316e-01	3.016563e-01	3.055346e-01
1.880898332004176e-07	3.018426e-01	3.016778e-01	3.055345e-01
1.880908332004176e-07	3.018411e-01	3.016782e-01	3.055345e-01
1.880928332004176e-07	3.018381e-01	3.016789e-01	3.055345e-01
1.880978332004176e-07	3.018306e-01	3.016806e-01	3.055345e-01
1.881028332004176e-07	3.018231e-01	3.016823e-01	3.055345e-01
1.881078332004176e-07	3.018157e-01	3.016839e-01	3.055345e-01
1.881128332004176e-07	3.018083e-01	3.016854e-01	3.055344e-01
1.881178332004176e-07	3.018010e-01	3.016869e-01	3.055344e-01
1.881228332004176e-07	3.017936e-01	3.016883e-01	3.055344e-01
1.881278332004176e-07	3.017863e-01	3.016897e-01	3.055344e-01
1.881334046289891e-07	3.017782e-01	3.016911e-01	3.055344e-01
1.881389760575605e-07	3.017701e-01	3.016925e-01	3.055344e-01
1.881445474861319e-07	3.017621e-01	3.016937e-01	3.055344e-01
1.881501189147033e-07	3.017541e-01	3.016949e-01	3.055344e-01
1.881556903432748e-07	3.017461e-01	3.016959e-01	3.055344e-01
1.881612617718462e-07	3.017381e-01	3.016969e-01	3.055344e-01
1.881668332004177e-07	3.017302e-01	3.016978e-01	3.055344e-01
1.881785474861320e-07	3.017137e-01	3.016993e-01	3.055343e-01
1.881902617718462e-07	3.016974e-01	3.017006e-01	3.055343e-01
1.882019760575605e-07	3.016812e-01	3.017019e-01	3.055343e-01
1.882136903432749e-07	3.016653e-01	3.017030e-01	3.055343e-01
1.882254046289892e-07	3.016495e-01	3.017041e-01	3.055343e-01
1.882371189147034e-07	3.016339e-01	3.017050e-01	3.055343e-01
1.882488332004177e-07	3.016185e-01	3.017059e-01	3.055342e-01
1.882558332004178e-07	3.016094e-01	3.017065e-01	3.055342e-01
1.882628332004178e-07	3.016003e-01	3.017072e-01	3.055342e-01
1.882698332004178e-07	3.015914e-01	3.017080e-01	3.055342e-01
1.882768332004178e-07	3.015825e-01	3.017089e-01	3.055342e-01
1.882838332004178e-07	3.015737e-01	3.017099e-01	3.055342e-01
1.882908332004178e-07	3.015650e-01	3.017109e-01	3.055342e-01
1.882978332004178e-07	3.015563e-01	3.017120e-01	3.055342e-01
1.883064046289893e-07	3.015458e-01	3.017136e-01	3.055341e-01
1.883149760575607e-07	3.015355e-01	3.017153e-01	3.055341e-01
1.883235474861321e-07	3.015253e-01	3.017172e-01	3.055341e-01
1.883321189147035e-07	3.015152e-01	3.017193e-01	3.055341e-01
1.883406903432750e-07	3.015053e-01	3.017216e-01	3.055341e-01
1.883492617718464e-07	3.014955e-01	3.017240e-01	3.055341e-01
1.883578332004179e-07	3.014858e-01	3.017266e-01	3.055341e-01
1.883698332004179e-07	3.014726e-01	3.017307e-01	3.055341e-01
1.883844046289893e-07	3.014568e-01	3.017361e-01	3.055340e-01
1.883989760575608e-07	3.014415e-01	3.017420e-01	3.055340e-01
1.884135474861322e-07	3.014266e-01	3.017482e-01	3.055340e-01
1.884281189147037e-07	3.014122e-01	3.017547e-01	3.055340e-01
1.884426903432751e-07	3.013982e-01	3.017617e-01	3.055339e-01
1.884572617718465e-07	3.013846e-01	3.017690e-01	3.055339e-01
1.884718332004180e-07	3.013715e-01	3.017767e-01	3.055339e-01
1.884895474861323e-07	3.013562e-01	3.017863e-01	3.055339e-01
1.885072617718466e-07	3.013416e-01	3.017959e-01	3.055339e-01
1.885249760575609e-07	3.013275e-01	3.018053e-01	3.055338e-01
1.885426903432752e-07	3.013141e-01	3.018147e-01	3.055338e-01
1.885604046289895e-07	3.013012e-01	3.018239e-01	3.055338e-01
1.885781189147038e-07	3.012890e-01	3.018330e-01	3.055338e-01
1.885958332004181e-07	3.012774e-01	3.018421e-01	3.055337e-01
1.886101189147039e-07	3.012685e-01	3.018489e-01	3.055337e-01
1.886244046289896e-07	3.012598e-01	3.018554e-01	3.055337e-01
1.886386903432753e-07	3.012515e-01	3.018617e-01	3.055337e-01
1.886529760575611e-07	3.012435e-01	3.018676e-01	3.055337e-01
1.886672617718468e-07	3.012357e-01	3.018732e-01	3.055337e-01
1.886815474861325e-07	3.012283e-01	3.018784e-01	3.055336e-01
1.886958332004183e-07	3.012211e-01	3.018834e-01	3.055336e-01
1.887098332004183e-07	3.012144e-01	3.018879e-01	3.055336e-01
1.887238332004183e-07	3.012078e-01	3.018921e-01	3.055336e-01
1.887378332004183e-07	3.012014e-01	3.018961e-01	3.055336e-01
1.887518332004183e-07	3.011952e-01	3.018998e-01	3.055336e-01
1.887658332004183e-07	3.011891e-01	3.019032e-01	3.055336e-01
1.887798332004183e-07	3.011833e-01	3.019064e-01	3.055335e-01
1.887938332004184e-07	3.011776e-01	3.019094e-01	3.055335e-01
1.888125474861327e-07	3.011702e-01	3.019129e-01	3.055335e-01
1.888312617718470e-07	3.011628e-01	3.019164e-01	3.055335e-01
1.888499760575613e-07	3.011556e-01	3.019199e-01	3.055335e-01
1.888686903432756e-07	3.011484e-01	3.019234e-01	3.055335e-01
1.888874046289899e-07	3.011413e-01	3.019269e-01	3.055334e-01
1.889061189147042e-07	3.011343e-01	3.019305e-01	3.055334e-01
1.889248332004185e-07	3.011274e-01	3.019341e-01	3.055334e-01
1.889464046289900e-07	3.011194e-01	3.019385e-01	3.055334e-01
1.889679760575614e-07	3.011112e-01	3.019440e-01	3.055334e-01
1.889895474861329e-07	3.011028e-01	3.019505e-01	3.055333e-01
1.890111189147043e-07	3.010942e-01	3.019580e-01	3.055333e-01
1.890326903432758e-07	3.010855e-01	3.019665e-01	3.055333e-01
1.890542617718472e-07	3.010766e-01	3.019760e-01	3.055333e-01
1.890758332004187e-07	3.010676e-01	3.019865e-01	3.055333e-01
1.890988332004187e-07	3.010576e-01	3.019994e-01	3.055332e-01
1.891218332004187e-07	3.010473e-01	3.020144e-01	3.055332e-01
1.891448332004188e-07	3.010366e-01	3.020315e-01	3.055332e-01
1.891678332004188e-07	3.010257e-01	3.020506e-01	3.055332e-01
1.891908332004188e-07	3.010144e-01	3.020717e-01	3.055332e-01
1.892138332004188e-07	3.010027e-01	3.020950e-01	3.055332e-01
1.892368332004189e-07	3.009908e-01	3.021203e-01	3.055331e-01
1.892591189147046e-07	3.009788e-01	3.021472e-01	3.055331e-01
1.892814046289904e-07	3.009666e-01	3.021762e-01	3.055331e-01
1.893036903432761e-07	3.009541e-01	3.022075e-01	3.055331e-01
1.893259760575618e-07	3.009414e-01	3.022410e-01	3.055331e-01
1.893482617718476e-07	3.009284e-01	3.022767e-01	3.055331e-01
1.893705474861333e-07	3.009151e-01	3.023146e-01	3.055330e-01
1.893928332004190e-07	3.009016e-01	3.023547e-01	3.055330e-01
1.893938332004190e-07	3.009010e-01	3.023566e-01	3.055330e-01
1.894425474861334e-07	3.008702e-01	3.024539e-01	3.055330e-01
1.894912617718477e-07	3.008395e-01	3.025587e-01	3.055330e-01
1.895399760575621e-07	3.008088e-01	3.026711e-01	3.055329e-01
1.895886903432764e-07	3.007782e-01	3.027910e-01	3.055329e-01
1.896374046289908e-07	3.007476e-01	3.029185e-01	3.055329e-01
1.896861189147051e-07	3.007171e-01	3.030535e-01	3.055329e-01
1.897348332004194e-07	3.006866e-01	3.031961e-01	3.055328e-01
1.897792617718480e-07	3.006600e-01	3.033294e-01	3.055328e-01
1.898236903432767e-07	3.006348e-01	3.034635e-01	3.055328e-01
1.898681189147053e-07	3.006110e-01	3.035984e-01	3.055328e-01
1.899125474861339e-07	3.005885e-01	3.037339e-01	3.055328e-01
1.899569760575625e-07	3.005675e-01	3.038703e-01	3.055328e-01
1.900014046289912e-07	3.005479e-01	3.040074e-01	3.055328e-01
1.900458332004198e-07	3.005297e-01	3.041453e-01	3.055328e-01
1.900818332004198e-07	3.005164e-01	3.042551e-01	3.055327e-01
1.901178332004199e-07	3.005044e-01	3.043630e-01	3.055327e-01
1.901538332004199e-07	3.004936e-01	3.044690e-01	3.055327e-01
1.901898332004199e-07	3.004841e-01	3.045732e-01	3.055327e-01
1.902258332004200e-07	3.004757e-01	3.046755e-01	3.055327e-01
1.902618332004200e-07	3.004687e-01	3.047759e-01	3.055327e-01
1.902978332004201e-07	3.004628e-01	3.048744e-01	3.055327e-01
1.903148332004201e-07	3.004605e-01	3.049198e-01	3.055327e-01
1.903318332004201e-07	3.004585e-01	3.049647e-01	3.055327e-01
1.903488332004201e-07	3.004567e-01	3.050089e-01	3.055327e-01
1.903658332004201e-07	3.004552e-01	3.050525e-01	3.055327e-01
1.903828332004202e-07	3.004540e-01	3.050955e-01	3.055327e-01
1.903998332004202e-07	3.004530e-01	3.051378e-01	3.055327e-01
1.904168332004202e-07	3.004524e-01	3.051796e-01	3.055327e-01
1.904178332004202e-07	3.004523e-01	3.051820e-01	3.055327e-01
1.904351189147059e-07	3.004519e-01	3.052238e-01	3.055327e-01
1.904524046289917e-07	3.004518e-01	3.052648e-01	3.055326e-01
1.904696903432774e-07	3.004519e-01	3.053052e-01	3.055326e-01
1.904869760575631e-07	3.004523e-01	3.053449e-01	3.055326e-01
1.905042617718489e-07	3.004529e-01	3.053838e-01	3.055326e-01
1.905215474861346e-07	3.004538e-01	3.054221e-01	3.055326e-01
1.905388332004203e-07	3.004550e-01	3.054596e-01	3.055326e-01
1.905996903432776e-07	3.004615e-01	3.055858e-01	3.055326e-01
1.906605474861348e-07	3.004704e-01	3.057033e-01	3.055326e-01
1.907214046289920e-07	3.004817e-01	3.058120e-01	3.055326e-01
1.907822617718492e-07	3.004953e-01	3.059120e-01	3.055326e-01
1.908431189147064e-07	3.005113e-01	3.060032e-01	3.055326e-01
1.909039760575636e-07	3.005296e-01	3.060858e-01	3.055326e-01
1.909648332004208e-07	3.005503e-01	3.061596e-01	3.055326e-01
1.910328332004209e-07	3.005752e-01	3.062319e-01	3.055326e-01
1.911008332004210e-07	3.006012e-01	3.062960e-01	3.055326e-01
1.911688332004211e-07	3.006280e-01	3.063521e-01	3.055326e-01
1.912368332004211e-07	3.006558e-01	3.064001e-01	3.055326e-01
1.913048332004212e-07	3.006845e-01	3.064401e-01	3.055326e-01
1.913728332004213e-07	3.007141e-01	3.064719e-01	3.055326e-01
1.914408332004214e-07	3.007447e-01	3.064956e-01	3.055326e-01
1.914418332004214e-07	3.007451e-01	3.064960e-01	3.055326e-01
1.914848332004214e-07	3.007642e-01	3.065082e-01	3.055326e-01
1.915278332004215e-07	3.007831e-01	3.065185e-01	3.055326e-01
1.915708332004215e-07	3.008019e-01	3.065268e-01	3.055326e-01
1.916138332004216e-07	3.008206e-01	3.065330e-01	3.055326e-01
1.916568332004216e-07	3.008391e-01	3.065372e-01	3.055326e-01
1.916998332004217e-07	3.008575e-01	3.065395e-01	3.055326e-01
1.917428332004217e-07	3.008758e-01	3.065397e-01	3.055326e-01
1.917852617718503e-07	3.008935e-01	3.065384e-01	3.055326e-01
1.918276903432790e-07	3.009109e-01	3.065359e-01	3.055326e-01
1.918701189147076e-07	3.009280e-01	3.065322e-01	3.055326e-01
1.919125474861362e-07	3.009446e-01	3.065273e-01	3.055326e-01
1.919549760575648e-07	3.009610e-01	3.065212e-01	3.055326e-01
1.919974046289934e-07	3.009770e-01	3.065139e-01	3.055326e-01
1.920398332004220e-07	3.009926e-01	3.065054e-01	3.055326e-01
1.921005474861364e-07	3.010143e-01	3.064916e-01	3.055326e-01
1.921612617718507e-07	3.010350e-01	3.064766e-01	3.055326e-01
1.922219760575651e-07	3.010548e-01	3.064606e-01	3.055326e-01
1.922826903432795e-07	3.010737e-01	3.064435e-01	3.055326e-01
1.923434046289938e-07	3.010917e-01	3.064253e-01	3.055326e-01
1.924041189147082e-07	3.011087e-01	3.064059e-01	3.055326e-01
1.924648332004225e-07	3.011248e-01	3.063855e-01	3.055326e-01
1.924658332004225e-07	3.011251e-01	3.063852e-01	3.055326e-01
1.925454046289941e-07	3.011447e-01	3.063577e-01	3.055326e-01
1.926249760575656e-07	3.011627e-01	3.063301e-01	3.055326e-01
1.927045474861371e-07	3.011793e-01	3.063025e-01	3.055326e-01
1.927841189147086e-07	3.011943e-01	3.062748e-01	3.055326e-01
1.928636903432801e-07	3.012079e-01	3.062470e-01	3.055326e-01
1.929432617718516e-07	3.012200e-01	3.062192e-01	3.055326e-01
1.930228332004232e-07	3.012306e-01	3.061913e-01	3.055326e-01
1.930894046289947e-07	3.012384e-01	3.061686e-01	3.055326e-01
1.931559760575662e-07	3.012455e-01	3.061465e-01	3.055326e-01
1.932225474861377e-07	3.012518e-01	3.061248e-01	3.055326e-01
1.932891189147092e-07	3.012574e-01	3.061037e-01	3.055326e-01
1.933556903432807e-07	3.012622e-01	3.060831e-01	3.055326e-01
1.934222617718522e-07	3.012662e-01	3.060630e-01	3.055326e-01
1.934888332004237e-07	3.012695e-01	3.060434e-01	3.055326e-01
1.934898332004237e-07	3.012696e-01	3.060431e-01	3.055326e-01
1.935506903432809e-07	3.012720e-01	3.060257e-01	3.055326e-01
1.936115474861381e-07	3.012741e-01	3.060089e-01	3.055326e-01
1.936724046289953e-07	3.012757e-01	3.059927e-01	3.055326e-01
1.937332617718525e-07	3.012769e-01	3.059769e-01	3.055326e-01
1.937941189147097e-07	3.012777e-01	3.059616e-01	3.055326e-01
1.938549760575670e-07	3.012780e-01	3.059469e-01	3.055326e-01
1.939158332004242e-07	3.012780e-01	3.059327e-01	3.055326e-01
1.939325474861385e-07	3.012779e-01	3.059289e-01	3.055326e-01
1.939492617718528e-07	3.012779e-01	3.059251e-01	3.055326e-01
1.939659760575671e-07	3.012778e-01	3.059214e-01	3.055326e-01
1.939826903432814e-07	3.012777e-01	3.059177e-01	3.055326e-01
1.939994046289957e-07	3.012775e-01	3.059141e-01	3.055326e-01
1.940161189147100e-07	3.012774e-01	3.059105e-01	3.055326e-01
1.940328332004243e-07	3.012772e-01	3.059069e-01	3.055326e-01
1.940374046289957e-07	3.012771e-01	3.059059e-01	3.055326e-01
1.940419760575672e-07	3.012771e-01	3.059049e-01	3.055327e-01
1.940465474861386e-07	3.012770e-01	3.059040e-01	3.055327e-01
1.940511189147100e-07	3.012770e-01	3.059030e-01	3.055327e-01
1.940556903432815e-07	3.012769e-01	3.059020e-01	3.055327e-01
1.940602617718529e-07	3.012768e-01	3.059011e-01	3.055327e-01
1.940648332004243e-07	3.012768e-01	3.059001e-01	3.055327e-01
1.940748332004244e-07	3.012766e-01	3.058981e-01	3.055327e-01
1.940848332004244e-07	3.012765e-01	3.058960e-01	3.055327e-01
1.940948332004244e-07	3.012763e-01	3.058939e-01	3.055328e-01
1.941048332004244e-07	3.012762e-01	3.058919e-01	3.055329e-01
1.941148332004244e-07	3.012760e-01	3.058899e-01	3.055330e-01
1.941248332004244e-07	3.012758e-01	3.058879e-01	3.055331e-01
1.941348332004244e-07	3.012756e-01	3.058859e-01	3.055332e-01
1.941439760575673e-07	3.012755e-01	3.058840e-01	3.055334e-01
1.941531189147101e-07	3.012753e-01	3.058822e-01	3.055336e-01
1.941622617718530e-07	3.012751e-01	3.058804e-01	3.055338e-01
1.941714046289959e-07	3.012749e-01	3.058786e-01	3.055341e-01
1.941805474861388e-07	3.012747e-01	3.058769e-01	3.055344e-01
1.941896903432816e-07	3.012745e-01	3.058751e-01	3.055347e-01
1.941988332004245e-07	3.012743e-01	3.058734e-01	3.055351e-01
1.942139760575674e-07	3.012740e-01	3.058705e-01	3.055358e-01
1.942291189147102e-07	3.012736e-01	3.058676e-01	3.055366e-01
1.942442617718531e-07	3.012732e-01	3.058648e-01	3.055375e-01
1.942594046289960e-07	3.012729e-01	3.058620e-01	3.055386e-01
1.942745474861389e-07	3.012725e-01	3.058592e-01	3.055397e-01
1.942896903432817e-07	3.012721e-01	3.058565e-01	3.055409e-01
1.943048332004246e-07	3.012716e-01	3.058538e-01	3.055422e-01
1.943261189147103e-07	3.012710e-01	3.058500e-01	3.055443e-01
1.943474046289961e-07	3.012704e-01	3.058463e-01	3.055465e-01
1.943686903432818e-07	3.012698e-01	3.058427e-01	3.055489e-01
1.943899760575676e-07	3.012691e-01	3.058391e-01	3.055514e-01
1.944112617718533e-07	3.012684e-01	3.058355e-01	3.055542e-01
1.944325474861391e-07	3.012677e-01	3.058320e-01	3.055571e-01
1.944538332004248e-07	3.012670e-01	3.058286e-01	3.055601e-01
1.944622617718534e-07	3.012667e-01	3.058273e-01	3.055614e-01
1.944706903432819e-07	3.012664e-01	3.058259e-01	3.055627e-01
1.944791189147105e-07	3.012661e-01	3.058246e-01	3.055641e-01
1.944875474861391e-07	3.012658e-01	3.058233e-01	3.055654e-01
1.944959760575677e-07	3.012655e-01	3.058220e-01	3.055668e-01
1.945044046289963e-07	3.012652e-01	3.058207e-01	3.055682e-01
1.945128332004248e-07	3.012649e-01	3.058194e-01	3.055696e-01
1.945138332004249e-07	3.012649e-01	3.058192e-01	3.055698e-01
1.945574046289963e-07	3.012633e-01	3.058126e-01	3.055775e-01
1.946009760575678e-07	3.012616e-01	3.058062e-01	3.055865e-01
1.946445474861393e-07	3.012599e-01	3.058000e-01	3.055969e-01
1.946881189147108e-07	3.012582e-01	3.057940e-01	3.056087e-01
1.947316903432822e-07	3.012564e-01	3.057882e-01	3.056219e-01
1.947752617718537e-07	3.012546e-01	3.057826e-01	3.056365e-01
1.948188332004252e-07	3.012527e-01	3.057772e-01	3.056525e-01
1.948521189147109e-07	3.012513e-01	3.057732e-01	3.056662e-01
1.948854046289967e-07	3.012498e-01	3.057693e-01	3.056810e-01
1.949186903432825e-07	3.012484e-01	3.057654e-01	3.056968e-01
1.949519760575682e-07	3.012469e-01	3.057617e-01	3.057137e-01
1.949852617718539e-07	3.012454e-01	3.057580e-01	3.057317e-01
1.950185474861397e-07	3.012440e-01	3.057545e-01	3.057507e-01
1.950518332004255e-07	3.012425e-01	3.057510e-01	3.057707e-01
1.951211189147112e-07	3.012394e-01	3.057441e-01	3.058173e-01
1.951904046289971e-07	3.012363e-01	3.057375e-01	3.058651e-01
1.952596903432828e-07	3.012332e-01	3.057313e-01	3.059141e-01
1.953289760575686e-07	3.012301e-01	3.057253e-01	3.059643e-01
1.953982617718544e-07	3.012271e-01	3.057197e-01	3.060157e-01
1.954675474861402e-07	3.012241e-01	3.057144e-01	3.060682e-01
1.955368332004260e-07	3.012211e-01	3.057094e-01	3.061220e-01
1.955378332004260e-07	3.012211e-01	3.057093e-01	3.061227e-01
1.955856903432832e-07	3.012191e-01	3.057060e-01	3.061577e-01
1.956335474861404e-07	3.012171e-01	3.057028e-01	3.061913e-01
1.956814046289976e-07	3.012151e-01	3.056997e-01	3.062233e-01
1.957292617718548e-07	3.012132e-01	3.056967e-01	3.062539e-01
1.957771189147120e-07	3.012113e-01	3.056938e-01	3.062829e-01
1.958249760575692e-07	3.012094e-01	3.056910e-01	3.063105e-01
1.958728332004264e-07	3.012075e-01	3.056883e-01	3.063366e-01
1.959175474861407e-07	3.012058e-01	3.056859e-01	3.063589e-01
1.959622617718551e-07	3.012042e-01	3.056836e-01	3.063795e-01
1.960069760575694e-07	3.012025e-01	3.056813e-01	3.063985e-01
1.960516903432837e-07	3.012009e-01	3.056791e-01	3.064157e-01
1.960964046289981e-07	3.011994e-01	3.056770e-01	3.064311e-01
1.961411189147124e-07	3.011978e-01	3.056749e-01	3.064449e-01
1.961858332004267e-07	3.011963e-01	3.056729e-01	3.064569e-01
1.962258332004268e-07	3.011950e-01	3.056711e-01	3.064662e-01
1.962658332004268e-07	3.011937e-01	3.056695e-01	3.064743e-01
1.963058332004269e-07	3.011924e-01	3.056678e-01	3.064811e-01
1.963458332004269e-07	3.011912e-01	3.056662e-01	3.064868e-01
1.963858332004270e-07	3.011900e-01	3.056646e-01	3.064913e-01
1.964258332004270e-07	3.011888e-01	3.056631e-01	3.064945e-01
1.964658332004271e-07	3.011876e-01	3.056616e-01	3.064966e-01
1.964794046289985e-07	3.011872e-01	3.056611e-01	3.064971e-01
1.964929760575699e-07	3.011868e-01	3.056606e-01	3.064975e-01
1.965065474861414e-07	3.011864e-01	3.056601e-01	3.064977e-01
1.965201189147128e-07	3.011860e-01	3.056596e-01	3.064979e-01
1.965336903432843e-07	3.011857e-01	3.056591e-01	3.064980e-01
1.965472617718557e-07	3.011853e-01	3.056587e-01	3.064979e-01
1.965608332004272e-07	3.011849e-01	3.056582e-01	3.064977e-01
1.965618332004272e-07	3.011849e-01	3.056582e-01	3.064977e-01
1.966182617718558e-07	3.011834e-01	3.056562e-01	3.064955e-01
1.966746903432844e-07	3.011819e-01	3.056544e-01	3.064920e-01
1.967311189147131e-07	3.011805e-01	3.056526e-01	3.064872e-01
1.967875474861417e-07	3.011791e-01	3.056508e-01	3.064811e-01
1.968439760575703e-07	3.011778e-01	3.056491e-01	3.064736e-01
1.969004046289990e-07	3.011765e-01	3.056474e-01	3.064649e-01
1.969568332004276e-07	3.011753e-01	3.056459e-01	3.064549e-01
1.970015474861420e-07	3.011743e-01	3.056446e-01	3.064465e-01
1.970462617718563e-07	3.011734e-01	3.056434e-01	3.064378e-01
1.970909760575706e-07	3.011725e-01	3.056422e-01	3.064288e-01
1.971356903432850e-07	3.011716e-01	3.056410e-01	3.064194e-01
1.971804046289993e-07	3.011708e-01	3.056399e-01	3.064098e-01
1.972251189147136e-07	3.011700e-01	3.056387e-01	3.063998e-01
1.972698332004280e-07	3.011692e-01	3.056376e-01	3.063895e-01
1.972988332004280e-07	3.011687e-01	3.056369e-01	3.063828e-01
1.973278332004280e-07	3.011682e-01	3.056362e-01	3.063760e-01
1.973568332004281e-07	3.011678e-01	3.056355e-01	3.063689e-01
1.973858332004281e-07	3.011673e-01	3.056348e-01	3.063616e-01
1.974148332004281e-07	3.011668e-01	3.056342e-01	3.063541e-01
1.974438332004282e-07	3.011664e-01	3.056335e-01	3.063463e-01
1.974728332004282e-07	3.011659e-01	3.056328e-01	3.063384e-01
1.975858332004283e-07	3.011643e-01	3.056303e-01	3.063042e-01
1.976422617718570e-07	3.011636e-01	3.056291e-01	3.062855e-01
1.976986903432856e-07	3.011629e-01	3.056278e-01	3.062655e-01
1.977551189147142e-07	3.011622e-01	3.056266e-01	3.062443e-01
1.978115474861429e-07	3.011615e-01	3.056254e-01	3.062218e-01
1.978679760575715e-07	3.011609e-01	3.056243e-01	3.061981e-01
1.979244046290002e-07	3.011603e-01	3.056231e-01	3.061730e-01
1.979808332004288e-07	3.011597e-01	3.056220e-01	3.061467e-01
1.980248332004288e-07	3.011593e-01	3.056211e-01	3.061251e-01
1.980688332004289e-07	3.011589e-01	3.056202e-01	3.061030e-01
1.981128332004289e-07	3.011585e-01	3.056193e-01	3.060806e-01
1.981568332004290e-07	3.011581e-01	3.056185e-01	3.060577e-01
1.982008332004290e-07	3.011577e-01	3.056176e-01	3.060346e-01
1.982448332004291e-07	3.011574e-01	3.056168e-01	3.060110e-01
1.982888332004291e-07	3.011570e-01	3.056159e-01	3.059871e-01
1.983345474861435e-07	3.011567e-01	3.056151e-01	3.059622e-01
1.983802617718578e-07	3.011564e-01	3.056142e-01	3.059383e-01
1.984259760575721e-07	3.011560e-01	3.056133e-01	3.059154e-01
1.984716903432865e-07	3.011557e-01	3.056125e-01	3.058934e-01
1.985174046290008e-07	3.011555e-01	3.056116e-01	3.058723e-01
1.985631189147151e-07	3.011552e-01	3.056107e-01	3.058521e-01
1.986088332004295e-07	3.011549e-01	3.056099e-01	3.058329e-01
1.986098332004295e-07	3.011549e-01	3.056099e-01	3.058325e-01
1.986442617718581e-07	3.011548e-01	3.056092e-01	3.058194e-01
1.986786903432867e-07	3.011546e-01	3.056086e-01	3.058073e-01
1.987131189147153e-07	3.011544e-01	3.056079e-01	3.057964e-01
1.987475474861439e-07	3.011542e-01	3.056073e-01	3.057865e-01
1.987819760575725e-07	3.011541e-01	3.056067e-01	3.057777e-01
1.988164046290012e-07	3.011539e-01	3.056060e-01	3.057701e-01
1.988508332004298e-07	3.011537e-01	3.056054e-01	3.057635e-01
1.988719760575726e-07	3.011536e-01	3.056050e-01	3.057601e-01
1.988931189147155e-07	3.011536e-01	3.056046e-01	3.057572e-01
1.989142617718584e-07	3.011535e-01	3.056042e-01	3.057548e-01
1.989354046290013e-07	3.011534e-01	3.056038e-01	3.057528e-01
1.989565474861442e-07	3.011533e-01	3.056035e-01	3.057513e-01
1.989776903432871e-07	3.011532e-01	3.056031e-01	3.057503e-01
1.989988332004299e-07	3.011532e-01	3.056027e-01	3.057497e-01
1.990112617718585e-07	3.011531e-01	3.056025e-01	3.057496e-01
1.990236903432871e-07	3.011531e-01	3.056022e-01	3.057497e-01
1.990361189147157e-07	3.011530e-01	3.056020e-01	3.057499e-01
1.990485474861443e-07	3.011530e-01	3.056018e-01	3.057502e-01
1.990609760575729e-07	3.011529e-01	3.056016e-01	3.057508e-01
1.990734046290015e-07	3.011529e-01	3.056013e-01	3.057515e-01
1.990858332004300e-07	3.011528e-01	3.056011e-01	3.057523e-01
1.991205474861444e-07	3.011527e-01	3.056005e-01	3.057556e-01
1.991552617718587e-07	3.011526e-01	3.055998e-01	3.057600e-01
1.991899760575730e-07	3.011525e-01	3.055992e-01	3.057656e-01
1.992246903432873e-07	3.011524e-01	3.055986e-01	3.057722e-01
1.992594046290017e-07	3.011523e-01	3.055979e-01	3.057799e-01
1.992941189147160e-07	3.011522e-01	3.055973e-01	3.057887e-01
1.993288332004303e-07	3.011521e-01	3.055967e-01	3.057987e-01
1.993722617718589e-07	3.011520e-01	3.055959e-01	3.058126e-01
1.994156903432876e-07	3.011519e-01	3.055951e-01	3.058277e-01
1.994591189147162e-07	3.011518e-01	3.055943e-01	3.058438e-01
1.995025474861448e-07	3.011517e-01	3.055935e-01	3.058611e-01
1.995459760575734e-07	3.011516e-01	3.055927e-01	3.058796e-01
1.995894046290020e-07	3.011515e-01	3.055919e-01	3.058991e-01
1.996328332004307e-07	3.011515e-01	3.055911e-01	3.059198e-01
1.996338332004307e-07	3.011515e-01	3.055911e-01	3.059203e-01
1.997078332004307e-07	3.011513e-01	3.055898e-01	3.059579e-01
1.997818332004308e-07	3.011512e-01	3.055884e-01	3.059959e-01
1.998558332004309e-07	3.011511e-01	3.055871e-01	3.060342e-01
1.999298332004310e-07	3.011510e-01	3.055858e-01	3.060729e-01
2.000038332004311e-07	3.011509e-01	3.055844e-01	3.061119e-01
2.000778332004312e-07	3.011509e-01	3.055831e-01	3.061513e-01
2.001518332004312e-07	3.011508e-01	3.055817e-01	3.061911e-01
2.002176903432885e-07	3.011508e-01	3.055805e-01	3.062249e-01
2.002835474861457e-07	3.011507e-01	3.055793e-01	3.062573e-01
2.003494046290029e-07	3.011507e-01	3.055781e-01	3.062883e-01
2.004152617718601e-07	3.011506e-01	3.055769e-01	3.063178e-01
2.004811189147173e-07	3.011506e-01	3.055757e-01	3.063459e-01
2.005469760575745e-07	3.011506e-01	3.055745e-01	3.063725e-01
2.006128332004318e-07	3.011506e-01	3.055733e-01	3.063976e-01
2.006578332004318e-07	3.011505e-01	3.055725e-01	3.064136e-01
2.007214046290033e-07	3.011505e-01	3.055713e-01	3.064346e-01
2.007849760575748e-07	3.011505e-01	3.055701e-01	3.064539e-01
2.008485474861463e-07	3.011505e-01	3.055690e-01	3.064714e-01
2.009121189147178e-07	3.011505e-01	3.055678e-01	3.064872e-01
2.009756903432893e-07	3.011505e-01	3.055666e-01	3.065012e-01
2.010392617718608e-07	3.011505e-01	3.055654e-01	3.065136e-01
2.011028332004323e-07	3.011505e-01	3.055643e-01	3.065241e-01
2.011571189147181e-07	3.011505e-01	3.055632e-01	3.065318e-01
2.012114046290039e-07	3.011505e-01	3.055622e-01	3.065383e-01
2.012656903432897e-07	3.011505e-01	3.055612e-01	3.065438e-01
2.013199760575754e-07	3.011505e-01	3.055602e-01	3.065482e-01
2.013742617718612e-07	3.011505e-01	3.055592e-01	3.065515e-01
2.014285474861470e-07	3.011505e-01	3.055582e-01	3.065538e-01
2.014828332004328e-07	3.011505e-01	3.055572e-01	3.065549e-01
2.015111189147185e-07	3.011505e-01	3.055567e-01	3.065552e-01
2.015394046290043e-07	3.011505e-01	3.055562e-01	3.065552e-01
2.015676903432900e-07	3.011505e-01	3.055556e-01	3.065550e-01
2.015959760575757e-07	3.011505e-01	3.055551e-01	3.065546e-01
2.016242617718615e-07	3.011505e-01	3.055546e-01	3.065539e-01
2.016525474861472e-07	3.011505e-01	3.055541e-01	3.065530e-01
2.016808332004330e-07	3.011505e-01	3.055535e-01	3.065519e-01
2.016818332004330e-07	3.011505e-01	3.055535e-01	3.065518e-01
2.017698332004331e-07	3.011505e-01	3.055519e-01	3.065466e-01
2.018578332004332e-07	3.011505e-01	3.055502e-01	3.065400e-01
2.019458332004333e-07	3.011506e-01	3.055486e-01	3.065320e-01
2.020338332004334e-07	3.011506e-01	3.055470e-01	3.065227e-01
2.021218332004335e-07	3.011506e-01	3.055453e-01	3.065121e-01
2.022098332004336e-07	3.011506e-01	3.055437e-01	3.065000e-01
2.022978332004337e-07	3.011506e-01	3.055420e-01	3.064867e-01
2.023559760575766e-07	3.011506e-01	3.055409e-01	3.064776e-01
2.024141189147195e-07	3.011506e-01	3.055398e-01	3.064684e-01
2.024722617718624e-07	3.011506e-01	3.055388e-01	3.064589e-01
2.025304046290054e-07	3.011507e-01	3.055377e-01	3.064493e-01
2.025885474861483e-07	3.011507e-01	3.055366e-01	3.064395e-01
2.026466903432912e-07	3.011507e-01	3.055355e-01	3.064295e-01
2.027048332004341e-07	3.011507e-01	3.055344e-01	3.064193e-01
2.027058332004341e-07	3.011507e-01	3.055344e-01	3.064191e-01
2.027719760575771e-07	3.011507e-01	3.055331e-01	3.064075e-01
2.028381189147200e-07	3.011507e-01	3.055319e-01	3.063959e-01
2.029042617718629e-07	3.011507e-01	3.055306e-01	3.063843e-01
2.029704046290059e-07	3.011507e-01	3.055294e-01	3.063728e-01
2.030365474861488e-07	3.011508e-01	3.055281e-01	3.063613e-01
2.031026903432917e-07	3.011508e-01	3.055269e-01	3.063499e-01
2.031688332004347e-07	3.011508e-01	3.055257e-01	3.063385e-01
2.031718332004347e-07	3.011508e-01	3.055256e-01	3.063380e-01
2.031748332004347e-07	3.011508e-01	3.055255e-01	3.063374e-01
2.031772617718632e-07	3.011508e-01	3.055255e-01	3.063370e-01
2.031796903432918e-07	3.011508e-01	3.055255e-01	3.063366e-01
2.031821189147204e-07	3.011508e-01	3.055255e-01	3.063362e-01
2.031845474861490e-07	3.011508e-01	3.055254e-01	3.063358e-01
2.031869760575775e-07	3.011508e-01	3.055254e-01	3.063354e-01
2.031894046290061e-07	3.011508e-01	3.055254e-01	3.063350e-01
2.031918332004347e-07	3.011508e-01	3.055255e-01	3.063346e-01
2.031948332004347e-07	3.011508e-01	3.055255e-01	3.063340e-01
2.031978332004347e-07	3.011508e-01	3.055255e-01	3.063335e-01
2.032008332004347e-07	3.011508e-01	3.055256e-01	3.063330e-01
2.032038332004347e-07	3.011508e-01	3.055256e-01	3.063325e-01
2.032068332004347e-07	3.011508e-01	3.055257e-01	3.063320e-01
2.032098332004347e-07	3.011508e-01	3.055258e-01	3.063315e-01
2.032128332004347e-07	3.011508e-01	3.055259e-01	3.063310e-01
2.032175474861490e-07	3.011508e-01	3.055262e-01	3.063302e-01
2.032222617718633e-07	3.011508e-01	3.055264e-01	3.063294e-01
2.032269760575776e-07	3.011508e-01	3.055267e-01	3.063286e-01
2.032316903432919e-07	3.011508e-01	3.055271e-01	3.063278e-01
2.032364046290062e-07	3.011508e-01	3.055274e-01	3.063270e-01
2.032411189147205e-07	3.011508e-01	3.055278e-01	3.063263e-01
2.032458332004348e-07	3.011508e-01	3.055282e-01	3.063255e-01
2.032525474861491e-07	3.011508e-01	3.055289e-01	3.063243e-01
2.032592617718633e-07	3.011507e-01	3.055295e-01	3.063232e-01
2.032659760575776e-07	3.011507e-01	3.055302e-01	3.063221e-01
2.032726903432919e-07	3.011507e-01	3.055308e-01	3.063210e-01
2.032794046290062e-07	3.011506e-01	3.055315e-01	3.063199e-01
2.032861189147205e-07	3.011505e-01	3.055322e-01	3.063188e-01
2.032928332004348e-07	3.011505e-01	3.055328e-01	3.063177e-01
2.032985474861491e-07	3.011504e-01	3.055334e-01	3.063167e-01
2.033042617718634e-07	3.011503e-01	3.055338e-01	3.063158e-01
2.033099760575777e-07	3.011502e-01	3.055343e-01	3.063148e-01
2.033156903432920e-07	3.011501e-01	3.055346e-01	3.063139e-01
2.033214046290063e-07	3.011500e-01	3.055350e-01	3.063129e-01
2.033271189147206e-07	3.011498e-01	3.055353e-01	3.063120e-01
2.033328332004349e-07	3.011497e-01	3.055355e-01	3.063111e-01
2.033379760575777e-07	3.011495e-01	3.055357e-01	3.063102e-01
2.033431189147206e-07	3.011494e-01	3.055358e-01	3.063094e-01
2.033482617718634e-07	3.011492e-01	3.055358e-01	3.063085e-01
2.033534046290063e-07	3.011490e-01	3.055359e-01	3.063077e-01
2.033585474861492e-07	3.011487e-01	3.055358e-01	3.063069e-01
2.033636903432920e-07	3.011485e-01	3.055357e-01	3.063060e-01
2.033688332004349e-07	3.011483e-01	3.055356e-01	3.063052e-01
2.033754046290063e-07	3.011479e-01	3.055353e-01	3.063041e-01
2.033819760575778e-07	3.011475e-01	3.055350e-01	3.063031e-01
2.033885474861492e-07	3.011471e-01	3.055345e-01	3.063020e-01
2.033951189147206e-07	3.011467e-01	3.055340e-01	3.063010e-01
2.034016903432921e-07	3.011462e-01	3.055334e-01	3.062999e-01
2.034082617718635e-07	3.011456e-01	3.055327e-01	3.062989e-01
2.034148332004349e-07	3.011451e-01	3.055319e-01	3.062978e-01
2.034275474861493e-07	3.011439e-01	3.055302e-01	3.062958e-01
2.034402617718635e-07	3.011425e-01	3.055283e-01	3.062938e-01
2.034529760575778e-07	3.011410e-01	3.055263e-01	3.062917e-01
2.034656903432921e-07	3.011394e-01	3.055242e-01	3.062897e-01
2.034784046290065e-07	3.011375e-01	3.055220e-01	3.062878e-01
2.034911189147207e-07	3.011356e-01	3.055197e-01	3.062858e-01
2.035038332004350e-07	3.011334e-01	3.055173e-01	3.062838e-01
2.035146903432922e-07	3.011314e-01	3.055153e-01	3.062821e-01
2.035255474861494e-07	3.011294e-01	3.055134e-01	3.062805e-01
2.035364046290065e-07	3.011272e-01	3.055116e-01	3.062788e-01
2.035472617718637e-07	3.011249e-01	3.055100e-01	3.062771e-01
2.035581189147208e-07	3.011225e-01	3.055085e-01	3.062755e-01
2.035689760575780e-07	3.011200e-01	3.055071e-01	3.062738e-01
2.035798332004351e-07	3.011174e-01	3.055058e-01	3.062722e-01
2.035872617718637e-07	3.011156e-01	3.055051e-01	3.062711e-01
2.035946903432923e-07	3.011138e-01	3.055045e-01	3.062699e-01
2.036021189147209e-07	3.011119e-01	3.055040e-01	3.062688e-01
2.036095474861495e-07	3.011099e-01	3.055036e-01	3.062677e-01
2.036169760575780e-07	3.011080e-01	3.055033e-01	3.062666e-01
2.036244046290066e-07	3.011060e-01	3.055031e-01	3.062655e-01
2.036318332004352e-07	3.011039e-01	3.055030e-01	3.062644e-01
2.036396903432923e-07	3.011017e-01	3.055031e-01	3.062633e-01
2.036475474861495e-07	3.010995e-01	3.055033e-01	3.062621e-01
2.036554046290067e-07	3.010973e-01	3.055036e-01	3.062610e-01
2.036632617718638e-07	3.010950e-01	3.055041e-01	3.062598e-01
2.036711189147209e-07	3.010928e-01	3.055047e-01	3.062587e-01
2.036789760575781e-07	3.010905e-01	3.055055e-01	3.062575e-01
2.036868332004353e-07	3.010882e-01	3.055063e-01	3.062564e-01
2.036928332004353e-07	3.010864e-01	3.055071e-01	3.062555e-01
2.036988332004353e-07	3.010846e-01	3.055080e-01	3.062546e-01
2.037048332004353e-07	3.010828e-01	3.055089e-01	3.062538e-01
2.037108332004353e-07	3.010810e-01	3.055099e-01	3.062529e-01
2.037168332004353e-07	3.010793e-01	3.055110e-01	3.062521e-01
2.037228332004353e-07	3.010775e-01	3.055122e-01	3.062512e-01
2.037288332004353e-07	3.010757e-01	3.055134e-01	3.062503e-01
2.037298332004353e-07	3.010754e-01	3.055136e-01	3.062502e-01
2.037524046290068e-07	3.010686e-01	3.055192e-01	3.062470e-01
2.037749760575782e-07	3.010620e-01	3.055256e-01	3.062438e-01
2.037975474861497e-07	3.010556e-01	3.055327e-01	3.062407e-01
2.038201189147211e-07	3.010496e-01	3.055406e-01	3.062376e-01
2.038426903432926e-07	3.010437e-01	3.055492e-01	3.062346e-01
2.038652617718640e-07	3.010381e-01	3.055586e-01	3.062315e-01
2.038878332004355e-07	3.010327e-01	3.055687e-01	3.062285e-01
2.039055474861498e-07	3.010289e-01	3.055768e-01	3.062262e-01
2.039232617718641e-07	3.010253e-01	3.055851e-01	3.062239e-01
2.039409760575784e-07	3.010220e-01	3.055935e-01	3.062216e-01
2.039586903432927e-07	3.010189e-01	3.056020e-01	3.062193e-01
2.039764046290070e-07	3.010162e-01	3.056107e-01	3.062171e-01
2.039941189147213e-07	3.010137e-01	3.056196e-01	3.062149e-01
2.040118332004356e-07	3.010116e-01	3.056285e-01	3.062126e-01
2.040256903432928e-07	3.010101e-01	3.056356e-01	3.062109e-01
2.040395474861499e-07	3.010088e-01	3.056427e-01	3.062092e-01
2.040534046290071e-07	3.010077e-01	3.056499e-01	3.062075e-01
2.040672617718642e-07	3.010067e-01	3.056571e-01	3.062058e-01
2.040811189147214e-07	3.010059e-01	3.056645e-01	3.062042e-01
2.040949760575786e-07	3.010053e-01	3.056718e-01	3.062025e-01
2.041088332004357e-07	3.010049e-01	3.056793e-01	3.062009e-01
2.041205474861500e-07	3.010046e-01	3.056856e-01	3.061995e-01
2.041322617718643e-07	3.010045e-01	3.056921e-01	3.061981e-01
2.041439760575786e-07	3.010044e-01	3.056986e-01	3.061968e-01
2.041556903432929e-07	3.010045e-01	3.057052e-01	3.061954e-01
2.041674046290072e-07	3.010047e-01	3.057120e-01	3.061941e-01
2.041791189147215e-07	3.010049e-01	3.057188e-01	3.061927e-01
2.041908332004358e-07	3.010053e-01	3.057257e-01	3.061914e-01
2.042276903432930e-07	3.010074e-01	3.057476e-01	3.061873e-01
2.042645474861502e-07	3.010098e-01	3.057720e-01	3.061833e-01
2.043014046290074e-07	3.010126e-01	3.057990e-01	3.061793e-01
2.043382617718646e-07	3.010157e-01	3.058285e-01	3.061755e-01
2.043751189147217e-07	3.010192e-01	3.058607e-01	3.061717e-01
2.044119760575789e-07	3.010231e-01	3.058954e-01	3.061680e-01
2.044488332004361e-07	3.010273e-01	3.059326e-01	3.061644e-01
2.044702617718647e-07	3.010296e-01	3.059564e-01	3.061624e-01
2.044916903432933e-07	3.010317e-01	3.059816e-01	3.061604e-01
2.045131189147219e-07	3.010337e-01	3.060080e-01	3.061584e-01
2.045345474861505e-07	3.010356e-01	3.060358e-01	3.061564e-01
2.045559760575791e-07	3.010373e-01	3.060649e-01	3.061545e-01
2.045774046290077e-07	3.010390e-01	3.060954e-01	3.061525e-01
2.045988332004363e-07	3.010405e-01	3.061272e-01	3.061506e-01
2.046148332004363e-07	3.010415e-01	3.061518e-01	3.061492e-01
2.046308332004363e-07	3.010424e-01	3.061772e-01	3.061479e-01
2.046468332004363e-07	3.010431e-01	3.062034e-01	3.061465e-01
2.046628332004364e-07	3.010438e-01	3.062302e-01	3.061451e-01
2.046788332004364e-07	3.010443e-01	3.062578e-01	3.061438e-01
2.046948332004364e-07	3.010448e-01	3.062861e-01	3.061425e-01
2.047108332004364e-07	3.010451e-01	3.063152e-01	3.061412e-01
2.047168332004364e-07	3.010452e-01	3.063262e-01	3.061407e-01
2.047228332004364e-07	3.010453e-01	3.063374e-01	3.061402e-01
2.047288332004364e-07	3.010453e-01	3.063486e-01	3.061397e-01
2.047348332004364e-07	3.010453e-01	3.063599e-01	3.061393e-01
2.047408332004364e-07	3.010454e-01	3.063713e-01	3.061388e-01
2.047468332004365e-07	3.010454e-01	3.063829e-01	3.061383e-01
2.047528332004365e-07	3.010454e-01	3.063945e-01	3.061378e-01
2.047538332004365e-07	3.010453e-01	3.063964e-01	3.061377e-01
2.047694046290079e-07	3.010452e-01	3.064270e-01	3.061365e-01
2.047849760575794e-07	3.010449e-01	3.064581e-01	3.061353e-01
2.048005474861508e-07	3.010446e-01	3.064897e-01	3.061341e-01
2.048161189147222e-07	3.010441e-01	3.065219e-01	3.061330e-01
2.048316903432937e-07	3.010435e-01	3.065545e-01	3.061318e-01
2.048472617718651e-07	3.010428e-01	3.065876e-01	3.061306e-01
2.048628332004366e-07	3.010419e-01	3.066212e-01	3.061295e-01
2.048922617718652e-07	3.010400e-01	3.066863e-01	3.061274e-01
2.049216903432938e-07	3.010377e-01	3.067520e-01	3.061253e-01
2.049511189147224e-07	3.010351e-01	3.068184e-01	3.061233e-01
2.049805474861510e-07	3.010321e-01	3.068856e-01	3.061213e-01
2.050099760575796e-07	3.010288e-01	3.069534e-01	3.061193e-01
2.050394046290082e-07	3.010252e-01	3.070219e-01	3.061175e-01
2.050688332004368e-07	3.010212e-01	3.070911e-01	3.061156e-01
2.051206903432940e-07	3.010134e-01	3.072142e-01	3.061124e-01
2.051725474861512e-07	3.010053e-01	3.073331e-01	3.061094e-01
2.052244046290084e-07	3.009970e-01	3.074478e-01	3.061065e-01
2.052762617718656e-07	3.009885e-01	3.075582e-01	3.061037e-01
2.053281189147228e-07	3.009797e-01	3.076643e-01	3.061010e-01
2.053799760575800e-07	3.009708e-01	3.077662e-01	3.060984e-01
2.054318332004372e-07	3.009616e-01	3.078639e-01	3.060960e-01
2.054715474861516e-07	3.009549e-01	3.079323e-01	3.060941e-01
2.055112617718659e-07	3.009485e-01	3.079958e-01	3.060924e-01
2.055509760575802e-07	3.009424e-01	3.080542e-01	3.060907e-01
2.055906903432946e-07	3.009367e-01	3.081077e-01	3.060891e-01
2.056304046290089e-07	3.009312e-01	3.081562e-01	3.060875e-01
2.056701189147232e-07	3.009260e-01	3.081996e-01	3.060860e-01
2.057098332004375e-07	3.009211e-01	3.082381e-01	3.060845e-01
2.057778332004376e-07	3.009139e-01	3.082910e-01	3.060821e-01
2.058046903432948e-07	3.009114e-01	3.083075e-01	3.060812e-01
2.058315474861520e-07	3.009090e-01	3.083217e-01	3.060803e-01
2.058584046290092e-07	3.009069e-01	3.083334e-01	3.060795e-01
2.058852617718663e-07	3.009050e-01	3.083428e-01	3.060786e-01
2.059121189147235e-07	3.009032e-01	3.083498e-01	3.060778e-01
2.059389760575807e-07	3.009017e-01	3.083544e-01	3.060770e-01
2.059658332004378e-07	3.009004e-01	3.083566e-01	3.060763e-01
2.059882617718664e-07	3.008995e-01	3.083567e-01	3.060757e-01
2.060106903432950e-07	3.008986e-01	3.083554e-01	3.060750e-01
2.060331189147236e-07	3.008980e-01	3.083525e-01	3.060744e-01
2.060555474861522e-07	3.008974e-01	3.083482e-01	3.060738e-01
2.060779760575808e-07	3.008970e-01	3.083424e-01	3.060733e-01
2.061004046290094e-07	3.008967e-01	3.083351e-01	3.060727e-01
2.061228332004380e-07	3.008965e-01	3.083263e-01	3.060721e-01
2.061525474861523e-07	3.008965e-01	3.083124e-01	3.060714e-01
2.061822617718666e-07	3.008967e-01	3.082965e-01	3.060708e-01
2.062119760575810e-07	3.008971e-01	3.082784e-01	3.060701e-01
2.062416903432953e-07	3.008976e-01	3.082582e-01	3.060694e-01
2.062714046290096e-07	3.008984e-01	3.082359e-01	3.060688e-01
2.063011189147239e-07	3.008993e-01	3.082115e-01	3.060682e-01
2.063308332004382e-07	3.009005e-01	3.081849e-01	3.060676e-01
2.063768332004383e-07	3.009025e-01	3.081407e-01	3.060667e-01
2.063778332004383e-07	3.009025e-01	3.081397e-01	3.060667e-01
2.063788332004383e-07	3.009026e-01	3.081388e-01	3.060667e-01
2.063798332004383e-07	3.009027e-01	3.081375e-01	3.060667e-01
2.063808332004383e-07	3.009027e-01	3.081365e-01	3.060667e-01
2.063818332004383e-07	3.009028e-01	3.081357e-01	3.060666e-01
2.063828332004383e-07	3.009028e-01	3.081346e-01	3.060666e-01
2.063875474861526e-07	3.009030e-01	3.081298e-01	3.060665e-01
2.063922617718669e-07	3.009033e-01	3.081249e-01	3.060664e-01
2.063969760575812e-07	3.009035e-01	3.081200e-01	3.060663e-01
2.064016903432955e-07	3.009038e-01	3.081151e-01	3.060663e-01
2.064064046290098e-07	3.009041e-01	3.081101e-01	3.060662e-01
2.064111189147240e-07	3.009044e-01	3.081051e-01	3.060661e-01
2.064158332004383e-07	3.009047e-01	3.081000e-01	3.060660e-01
2.064231189147241e-07	3.009051e-01	3.080922e-01	3.060659e-01
2.064304046290098e-07	3.009057e-01	3.080843e-01	3.060658e-01
2.064376903432955e-07	3.009062e-01	3.080763e-01	3.060657e-01
2.064449760575812e-07	3.009068e-01	3.080683e-01	3.060655e-01
2.064522617718669e-07	3.009074e-01	3.080603e-01	3.060654e-01
2.064595474861527e-07	3.009081e-01	3.080522e-01	3.060653e-01
2.064668332004384e-07	3.009088e-01	3.080441e-01	3.060651e-01
2.064806903432956e-07	3.009102e-01	3.080287e-01	3.060649e-01
2.064945474861527e-07	3.009116e-01	3.080133e-01	3.060647e-01
2.065084046290099e-07	3.009132e-01	3.079979e-01	3.060645e-01
2.065222617718670e-07	3.009148e-01	3.079825e-01	3.060643e-01
2.065361189147242e-07	3.009164e-01	3.079671e-01	3.060640e-01
2.065499760575814e-07	3.009181e-01	3.079518e-01	3.060638e-01
2.065638332004385e-07	3.009199e-01	3.079365e-01	3.060636e-01
2.065764046290100e-07	3.009215e-01	3.079227e-01	3.060634e-01
2.065889760575814e-07	3.009231e-01	3.079087e-01	3.060632e-01
2.066015474861529e-07	3.009247e-01	3.078947e-01	3.060631e-01
2.066141189147243e-07	3.009264e-01	3.078806e-01	3.060629e-01
2.066266903432957e-07	3.009281e-01	3.078664e-01	3.060627e-01
2.066392617718672e-07	3.009298e-01	3.078520e-01	3.060625e-01
2.066518332004386e-07	3.009315e-01	3.078376e-01	3.060623e-01
2.066724046290101e-07	3.009343e-01	3.078136e-01	3.060621e-01
2.066929760575815e-07	3.009373e-01	3.077887e-01	3.060618e-01
2.067135474861530e-07	3.009406e-01	3.077629e-01	3.060615e-01
2.067341189147244e-07	3.009441e-01	3.077361e-01	3.060613e-01
2.067546903432959e-07	3.009479e-01	3.077085e-01	3.060610e-01
2.067752617718673e-07	3.009519e-01	3.076799e-01	3.060608e-01
2.067958332004388e-07	3.009561e-01	3.076505e-01	3.060606e-01
2.068018332004388e-07	3.009574e-01	3.076417e-01	3.060605e-01
2.068235474861531e-07	3.009625e-01	3.076087e-01	3.060602e-01
2.068452617718674e-07	3.009681e-01	3.075749e-01	3.060600e-01
2.068669760575817e-07	3.009744e-01	3.075403e-01	3.060598e-01
2.068886903432960e-07	3.009811e-01	3.075049e-01	3.060595e-01
2.069104046290103e-07	3.009885e-01	3.074687e-01	3.060593e-01
2.069321189147246e-07	3.009965e-01	3.074317e-01	3.060591e-01
2.069538332004390e-07	3.010050e-01	3.073938e-01	3.060589e-01
2.069858332004390e-07	3.010189e-01	3.073368e-01	3.060586e-01
2.070178332004390e-07	3.010342e-01	3.072810e-01	3.060584e-01
2.070498332004391e-07	3.010509e-01	3.072265e-01	3.060581e-01
2.070818332004391e-07	3.010691e-01	3.071734e-01	3.060578e-01
2.071138332004391e-07	3.010886e-01	3.071216e-01	3.060576e-01
2.071458332004392e-07	3.011096e-01	3.070711e-01	3.060574e-01
2.071778332004392e-07	3.011320e-01	3.070220e-01	3.060572e-01
2.072016903432964e-07	3.011496e-01	3.069880e-01	3.060570e-01
2.072255474861536e-07	3.011678e-01	3.069559e-01	3.060568e-01
2.072494046290107e-07	3.011867e-01	3.069256e-01	3.060567e-01
2.072732617718679e-07	3.012062e-01	3.068972e-01	3.060565e-01
2.072971189147251e-07	3.012264e-01	3.068707e-01	3.060564e-01
2.073209760575822e-07	3.012473e-01	3.068460e-01	3.060563e-01
2.073448332004394e-07	3.012689e-01	3.068232e-01	3.060561e-01
2.073684046290109e-07	3.012908e-01	3.068028e-01	3.060560e-01
2.073919760575823e-07	3.013132e-01	3.067841e-01	3.060559e-01
2.074155474861538e-07	3.013363e-01	3.067669e-01	3.060558e-01
2.074391189147252e-07	3.013599e-01	3.067514e-01	3.060557e-01
2.074626903432967e-07	3.013842e-01	3.067375e-01	3.060556e-01
2.074862617718681e-07	3.014090e-01	3.067252e-01	3.060555e-01
2.075098332004396e-07	3.014344e-01	3.067145e-01	3.060554e-01
2.075441189147253e-07	3.014723e-01	3.067018e-01	3.060553e-01
2.075784046290111e-07	3.015116e-01	3.066904e-01	3.060552e-01
2.076126903432968e-07	3.015521e-01	3.066803e-01	3.060550e-01
2.076469760575826e-07	3.015939e-01	3.066715e-01	3.060549e-01
2.076812617718683e-07	3.016370e-01	3.066638e-01	3.060548e-01
2.077155474861541e-07	3.016813e-01	3.066575e-01	3.060547e-01
2.077498332004399e-07	3.017270e-01	3.066524e-01	3.060546e-01
2.077605474861542e-07	3.017415e-01	3.066505e-01	3.060546e-01
2.077712617718684e-07	3.017562e-01	3.066486e-01	3.060546e-01
2.077819760575827e-07	3.017710e-01	3.066466e-01	3.060545e-01
2.077926903432971e-07	3.017860e-01	3.066446e-01	3.060545e-01
2.078034046290114e-07	3.018010e-01	3.066425e-01	3.060545e-01
2.078141189147256e-07	3.018162e-01	3.066404e-01	3.060545e-01
2.078248332004399e-07	3.018316e-01	3.066382e-01	3.060544e-01
2.078258332004399e-07	3.018330e-01	3.066380e-01	3.060544e-01
2.078474046290114e-07	3.018643e-01	3.066335e-01	3.060544e-01
2.078689760575828e-07	3.018962e-01	3.066284e-01	3.060544e-01
2.078905474861543e-07	3.019286e-01	3.066228e-01	3.060543e-01
2.079121189147257e-07	3.019615e-01	3.066167e-01	3.060543e-01
2.079336903432972e-07	3.019950e-01	3.066100e-01	3.060542e-01
2.079552617718687e-07	3.020290e-01	3.066028e-01	3.060542e-01
2.079768332004401e-07	3.020635e-01	3.065951e-01	3.060542e-01
2.080039760575830e-07	3.021078e-01	3.065842e-01	3.060542e-01
2.080311189147259e-07	3.021528e-01	3.065722e-01	3.060541e-01
2.080582617718688e-07	3.021986e-01	3.065589e-01	3.060541e-01
2.080854046290117e-07	3.022452e-01	3.065444e-01	3.060541e-01
2.081125474861546e-07	3.022926e-01	3.065287e-01	3.060540e-01
2.081396903432974e-07	3.023408e-01	3.065117e-01	3.060540e-01
2.081668332004403e-07	3.023898e-01	3.064935e-01	3.060540e-01
2.082085474861547e-07	3.024667e-01	3.064626e-01	3.060540e-01
2.082502617718690e-07	3.025449e-01	3.064292e-01	3.060539e-01
2.082919760575833e-07	3.026244e-01	3.063934e-01	3.060539e-01
2.083336903432977e-07	3.027051e-01	3.063551e-01	3.060539e-01
2.083754046290120e-07	3.027872e-01	3.063144e-01	3.060539e-01
2.084171189147263e-07	3.028706e-01	3.062713e-01	3.060539e-01
2.084588332004407e-07	3.029552e-01	3.062257e-01	3.060539e-01
2.085145474861550e-07	3.030700e-01	3.061614e-01	3.060539e-01
2.085702617718693e-07	3.031851e-01	3.060965e-01	3.060539e-01
2.086259760575837e-07	3.033003e-01	3.060310e-01	3.060540e-01
2.086816903432981e-07	3.034158e-01	3.059648e-01	3.060540e-01
2.087374046290124e-07	3.035315e-01	3.058980e-01	3.060540e-01
2.087931189147267e-07	3.036474e-01	3.058305e-01	3.060540e-01
2.088488332004411e-07	3.037636e-01	3.057624e-01	3.060541e-01
2.088498332004411e-07	3.037657e-01	3.057612e-01	3.060541e-01
2.089041189147269e-07	3.038776e-01	3.056970e-01	3.060541e-01
2.089584046290127e-07	3.039877e-01	3.056353e-01	3.060542e-01
2.090126903432984e-07	3.040960e-01	3.055762e-01	3.060542e-01
2.090669760575842e-07	3.042024e-01	3.055197e-01	3.060543e-01
2.091212617718700e-07	3.043069e-01	3.054657e-01	3.060543e-01
2.091755474861558e-07	3.044096e-01	3.054143e-01	3.060544e-01
2.092298332004415e-07	3.045104e-01	3.053654e-01	3.060544e-01
2.092828332004416e-07	3.046061e-01	3.053216e-01	3.060545e-01
2.093358332004417e-07	3.046989e-01	3.052810e-01	3.060545e-01
2.093888332004417e-07	3.047888e-01	3.052437e-01	3.060546e-01
2.094418332004418e-07	3.048759e-01	3.052097e-01	3.060546e-01
2.094948332004418e-07	3.049601e-01	3.051790e-01	3.060547e-01
2.095478332004419e-07	3.050414e-01	3.051516e-01	3.060548e-01
2.096008332004420e-07	3.051198e-01	3.051275e-01	3.060548e-01
2.096396903432991e-07	3.051752e-01	3.051119e-01	3.060549e-01
2.096785474861563e-07	3.052289e-01	3.050979e-01	3.060549e-01
2.097174046290135e-07	3.052809e-01	3.050854e-01	3.060550e-01
2.097562617718707e-07	3.053312e-01	3.050745e-01	3.060550e-01
2.097951189147279e-07	3.053798e-01	3.050651e-01	3.060550e-01
2.098339760575851e-07	3.054267e-01	3.050572e-01	3.060551e-01
2.098728332004423e-07	3.054719e-01	3.050510e-01	3.060551e-01
2.098738332004423e-07	3.054730e-01	3.050508e-01	3.060551e-01
2.099441189147281e-07	3.055501e-01	3.050436e-01	3.060552e-01
2.100144046290139e-07	3.056220e-01	3.050397e-01	3.060553e-01
2.100846903432997e-07	3.056889e-01	3.050390e-01	3.060554e-01
2.101549760575854e-07	3.057506e-01	3.050416e-01	3.060554e-01
2.102252617718712e-07	3.058072e-01	3.050474e-01	3.060555e-01
2.102955474861570e-07	3.058586e-01	3.050565e-01	3.060556e-01
2.103658332004428e-07	3.059050e-01	3.050689e-01	3.060556e-01
2.104338332004429e-07	3.059454e-01	3.050826e-01	3.060557e-01
2.105018332004430e-07	3.059822e-01	3.050974e-01	3.060558e-01
2.105698332004431e-07	3.060154e-01	3.051133e-01	3.060558e-01
2.106378332004431e-07	3.060449e-01	3.051302e-01	3.060559e-01
2.107058332004432e-07	3.060709e-01	3.051483e-01	3.060560e-01
2.107738332004433e-07	3.060933e-01	3.051674e-01	3.060560e-01
2.108418332004434e-07	3.061120e-01	3.051876e-01	3.060561e-01
2.108978332004434e-07	3.061256e-01	3.052040e-01	3.060561e-01
2.109575474861578e-07	3.061377e-01	3.052218e-01	3.060562e-01
2.110172617718721e-07	3.061481e-01	3.052396e-01	3.060562e-01
2.110769760575865e-07	3.061568e-01	3.052572e-01	3.060563e-01
2.111366903433008e-07	3.061637e-01	3.052747e-01	3.060563e-01
2.111964046290152e-07	3.061689e-01	3.052920e-01	3.060564e-01
2.112561189147295e-07	3.061723e-01	3.053093e-01	3.060564e-01
2.113158332004439e-07	3.061740e-01	3.053263e-01	3.060565e-01
2.113471189147296e-07	3.061744e-01	3.053351e-01	3.060565e-01
2.113784046290154e-07	3.061746e-01	3.053437e-01	3.060565e-01
2.114096903433012e-07	3.061744e-01	3.053522e-01	3.060565e-01
2.114409760575869e-07	3.061739e-01	3.053605e-01	3.060565e-01
2.114722617718726e-07	3.061730e-01	3.053688e-01	3.060566e-01
2.115035474861584e-07	3.061719e-01	3.053769e-01	3.060566e-01
2.115348332004442e-07	3.061704e-01	3.053849e-01	3.060566e-01
2.115899760575871e-07	3.061670e-01	3.053987e-01	3.060567e-01
2.116451189147300e-07	3.061631e-01	3.054120e-01	3.060567e-01
2.117002617718729e-07	3.061584e-01	3.054249e-01	3.060567e-01
2.117554046290158e-07	3.061532e-01	3.054373e-01	3.060568e-01
2.118105474861588e-07	3.061473e-01	3.054492e-01	3.060568e-01
2.118656903433017e-07	3.061408e-01	3.054607e-01	3.060568e-01
2.119208332004446e-07	3.061337e-01	3.054717e-01	3.060568e-01
2.119218332004446e-07	3.061335e-01	3.054719e-01	3.060568e-01
2.119786903433018e-07	3.061257e-01	3.054827e-01	3.060569e-01
2.120355474861590e-07	3.061176e-01	3.054930e-01	3.060569e-01
2.120924046290162e-07	3.061093e-01	3.055028e-01	3.060569e-01
2.121492617718734e-07	3.061006e-01	3.055121e-01	3.060570e-01
2.122061189147306e-07	3.060916e-01	3.055209e-01	3.060570e-01
2.122629760575878e-07	3.060823e-01	3.055292e-01	3.060570e-01
2.123198332004450e-07	3.060728e-01	3.055370e-01	3.060570e-01
2.123242617718736e-07	3.060720e-01	3.055376e-01	3.060570e-01
2.123286903433022e-07	3.060713e-01	3.055382e-01	3.060570e-01
2.123331189147308e-07	3.060705e-01	3.055388e-01	3.060570e-01
2.123375474861594e-07	3.060698e-01	3.055394e-01	3.060570e-01
2.123419760575879e-07	3.060690e-01	3.055399e-01	3.060570e-01
2.123464046290165e-07	3.060683e-01	3.055405e-01	3.060571e-01
2.123508332004451e-07	3.060675e-01	3.055411e-01	3.060571e-01
2.123621189147308e-07	3.060656e-01	3.055425e-01	3.060571e-01
2.123734046290165e-07	3.060637e-01	3.055440e-01	3.060571e-01
2.123846903433023e-07	3.060618e-01	3.055454e-01	3.060572e-01
2.123959760575880e-07	3.060599e-01	3.055468e-01	3.060573e-01
2.124072617718737e-07	3.060579e-01	3.055481e-01	3.060574e-01
2.124185474861594e-07	3.060560e-01	3.055495e-01	3.060576e-01
2.124298332004452e-07	3.060541e-01	3.055508e-01	3.060578e-01
2.124394046290166e-07	3.060524e-01	3.055520e-01	3.060580e-01
2.124489760575880e-07	3.060508e-01	3.055531e-01	3.060583e-01
2.124585474861595e-07	3.060491e-01	3.055542e-01	3.060586e-01
2.124681189147309e-07	3.060474e-01	3.055553e-01	3.060589e-01
2.124776903433024e-07	3.060458e-01	3.055563e-01	3.060593e-01
2.124872617718738e-07	3.060441e-01	3.055574e-01	3.060597e-01
2.124968332004452e-07	3.060425e-01	3.055584e-01	3.060602e-01
2.125108332004453e-07	3.060400e-01	3.055600e-01	3.060609e-01
2.125248332004453e-07	3.060376e-01	3.055614e-01	3.060618e-01
2.125388332004453e-07	3.060352e-01	3.055629e-01	3.060628e-01
2.125528332004453e-07	3.060327e-01	3.055643e-01	3.060639e-01
2.125668332004453e-07	3.060303e-01	3.055658e-01	3.060651e-01
2.125808332004453e-07	3.060278e-01	3.055672e-01	3.060664e-01
2.125948332004454e-07	3.060254e-01	3.055685e-01	3.060678e-01
2.126372617718740e-07	3.060180e-01	3.055725e-01	3.060729e-01
2.126796903433026e-07	3.060106e-01	3.055762e-01	3.060785e-01
2.127221189147312e-07	3.060032e-01	3.055798e-01	3.060845e-01
2.127645474861598e-07	3.059958e-01	3.055832e-01	3.060910e-01
2.128069760575884e-07	3.059885e-01	3.055863e-01	3.060978e-01
2.128494046290171e-07	3.059812e-01	3.055893e-01	3.061052e-01
2.128918332004457e-07	3.059739e-01	3.055920e-01	3.061129e-01
2.128994046290171e-07	3.059726e-01	3.055925e-01	3.061142e-01
2.129069760575886e-07	3.059713e-01	3.055930e-01	3.061155e-01
2.129145474861600e-07	3.059700e-01	3.055934e-01	3.061168e-01
2.129221189147314e-07	3.059687e-01	3.055939e-01	3.061181e-01
2.129296903433029e-07	3.059674e-01	3.055944e-01	3.061194e-01
2.129372617718743e-07	3.059661e-01	3.055948e-01	3.061207e-01
2.129448332004457e-07	3.059648e-01	3.055952e-01	3.061219e-01
2.129458332004458e-07	3.059646e-01	3.055953e-01	3.061221e-01
2.129805474861601e-07	3.059588e-01	3.055972e-01	3.061280e-01
2.130152617718744e-07	3.059530e-01	3.055991e-01	3.061335e-01
2.130499760575887e-07	3.059472e-01	3.056008e-01	3.061386e-01
2.130846903433031e-07	3.059415e-01	3.056024e-01	3.061433e-01
2.131194046290174e-07	3.059358e-01	3.056040e-01	3.061475e-01
2.131541189147317e-07	3.059302e-01	3.056054e-01	3.061513e-01
2.131888332004460e-07	3.059246e-01	3.056067e-01	3.061547e-01
2.132064046290175e-07	3.059218e-01	3.056073e-01	3.061561e-01
2.132239760575889e-07	3.059190e-01	3.056079e-01	3.061573e-01
2.132415474861604e-07	3.059162e-01	3.056085e-01	3.061584e-01
2.132591189147318e-07	3.059134e-01	3.056091e-01	3.061592e-01
2.132766903433033e-07	3.059107e-01	3.056096e-01	3.061599e-01
2.132942617718747e-07	3.059080e-01	3.056102e-01	3.061604e-01
2.133118332004462e-07	3.059053e-01	3.056107e-01	3.061607e-01
2.133224046290176e-07	3.059036e-01	3.056109e-01	3.061607e-01
2.133329760575890e-07	3.059020e-01	3.056112e-01	3.061608e-01
2.133435474861605e-07	3.059004e-01	3.056115e-01	3.061607e-01
2.133541189147319e-07	3.058988e-01	3.056118e-01	3.061605e-01
2.133646903433034e-07	3.058971e-01	3.056120e-01	3.061603e-01
2.133752617718748e-07	3.058955e-01	3.056123e-01	3.061600e-01
2.133858332004462e-07	3.058940e-01	3.056125e-01	3.061597e-01
2.134071189147320e-07	3.058908e-01	3.056130e-01	3.061587e-01
2.134284046290177e-07	3.058876e-01	3.056135e-01	3.061574e-01
2.134496903433035e-07	3.058845e-01	3.056139e-01	3.061559e-01
2.134709760575892e-07	3.058813e-01	3.056143e-01	3.061540e-01
2.134922617718749e-07	3.058783e-01	3.056146e-01	3.061518e-01
2.135135474861607e-07	3.058752e-01	3.056150e-01	3.061494e-01
2.135348332004464e-07	3.058721e-01	3.056153e-01	3.061466e-01
2.135694046290179e-07	3.058672e-01	3.056158e-01	3.061414e-01
2.136039760575894e-07	3.058624e-01	3.056162e-01	3.061356e-01
2.136385474861608e-07	3.058577e-01	3.056165e-01	3.061293e-01
2.136731189147323e-07	3.058530e-01	3.056169e-01	3.061223e-01
2.137076903433038e-07	3.058483e-01	3.056171e-01	3.061148e-01
2.137422617718752e-07	3.058438e-01	3.056173e-01	3.061068e-01
2.137768332004467e-07	3.058393e-01	3.056174e-01	3.060981e-01
2.138042617718753e-07	3.058358e-01	3.056175e-01	3.060910e-01
2.138316903433039e-07	3.058323e-01	3.056175e-01	3.060838e-01
2.138591189147325e-07	3.058289e-01	3.056176e-01	3.060764e-01
2.138865474861611e-07	3.058255e-01	3.056176e-01	3.060690e-01
2.139139760575897e-07	3.058221e-01	3.056175e-01	3.060614e-01
2.139414046290183e-07	3.058188e-01	3.056175e-01	3.060538e-01
2.139688332004469e-07	3.058156e-01	3.056174e-01	3.060460e-01
2.139698332004469e-07	3.058155e-01	3.056174e-01	3.060457e-01
2.140125474861613e-07	3.058105e-01	3.056173e-01	3.060336e-01
2.140552617718756e-07	3.058056e-01	3.056170e-01	3.060218e-01
2.140979760575899e-07	3.058008e-01	3.056168e-01	3.060105e-01
2.141406903433043e-07	3.057961e-01	3.056165e-01	3.059996e-01
2.141834046290186e-07	3.057915e-01	3.056162e-01	3.059891e-01
2.142261189147329e-07	3.057870e-01	3.056158e-01	3.059791e-01
2.142688332004473e-07	3.057826e-01	3.056153e-01	3.059695e-01
2.143024046290187e-07	3.057792e-01	3.056150e-01	3.059626e-01
2.143359760575902e-07	3.057758e-01	3.056146e-01	3.059562e-01
2.143695474861617e-07	3.057726e-01	3.056143e-01	3.059504e-01
2.144031189147331e-07	3.057693e-01	3.056139e-01	3.059451e-01
2.144366903433046e-07	3.057662e-01	3.056134e-01	3.059403e-01
2.144702617718760e-07	3.057630e-01	3.056130e-01	3.059361e-01
2.145038332004475e-07	3.057600e-01	3.056126e-01	3.059324e-01
2.145281189147333e-07	3.057578e-01	3.056122e-01	3.059301e-01
2.145524046290190e-07	3.057557e-01	3.056119e-01	3.059281e-01
2.145766903433047e-07	3.057535e-01	3.056116e-01	3.059264e-01
2.146009760575905e-07	3.057514e-01	3.056112e-01	3.059250e-01
2.146252617718762e-07	3.057494e-01	3.056109e-01	3.059239e-01
2.146495474861620e-07	3.057473e-01	3.056105e-01	3.059231e-01
2.146738332004477e-07	3.057453e-01	3.056102e-01	3.059226e-01
2.146902617718763e-07	3.057440e-01	3.056099e-01	3.059225e-01
2.147066903433049e-07	3.057426e-01	3.056097e-01	3.059224e-01
2.147231189147335e-07	3.057413e-01	3.056094e-01	3.059225e-01
2.147395474861621e-07	3.057400e-01	3.056092e-01	3.059227e-01
2.147559760575907e-07	3.057387e-01	3.056089e-01	3.059231e-01
2.147724046290193e-07	3.057374e-01	3.056087e-01	3.059235e-01
2.147888332004478e-07	3.057362e-01	3.056085e-01	3.059241e-01
2.148179760575907e-07	3.057339e-01	3.056080e-01	3.059255e-01
2.148471189147336e-07	3.057317e-01	3.056075e-01	3.059272e-01
2.148762617718765e-07	3.057295e-01	3.056071e-01	3.059292e-01
2.149054046290194e-07	3.057274e-01	3.056066e-01	3.059316e-01
2.149345474861623e-07	3.057253e-01	3.056062e-01	3.059343e-01
2.149636903433052e-07	3.057232e-01	3.056057e-01	3.059373e-01
2.149928332004481e-07	3.057212e-01	3.056052e-01	3.059406e-01
2.149938332004481e-07	3.057211e-01	3.056052e-01	3.059407e-01
2.150689760575910e-07	3.057161e-01	3.056040e-01	3.059512e-01
2.151441189147340e-07	3.057112e-01	3.056028e-01	3.059625e-01
2.152192617718769e-07	3.057065e-01	3.056016e-01	3.059745e-01
2.152944046290199e-07	3.057020e-01	3.056005e-01	3.059874e-01
2.153695474861628e-07	3.056976e-01	3.055993e-01	3.060010e-01
2.154446903433057e-07	3.056935e-01	3.055982e-01	3.060155e-01
2.155198332004487e-07	3.056895e-01	3.055971e-01	3.060308e-01
2.155428332004487e-07	3.056883e-01	3.055967e-01	3.060353e-01
2.155658332004487e-07	3.056872e-01	3.055964e-01	3.060397e-01
2.155888332004487e-07	3.056860e-01	3.055961e-01	3.060440e-01
2.156118332004488e-07	3.056849e-01	3.055957e-01	3.060481e-01
2.156348332004488e-07	3.056837e-01	3.055954e-01	3.060521e-01
2.156578332004488e-07	3.056826e-01	3.055951e-01	3.060559e-01
2.156808332004489e-07	3.056815e-01	3.055947e-01	3.060596e-01
2.156988332004489e-07	3.056806e-01	3.055945e-01	3.060622e-01
2.157168332004489e-07	3.056798e-01	3.055942e-01	3.060647e-01
2.157348332004489e-07	3.056790e-01	3.055940e-01	3.060669e-01
2.157528332004489e-07	3.056781e-01	3.055938e-01	3.060690e-01
2.157708332004490e-07	3.056773e-01	3.055935e-01	3.060709e-01
2.157888332004490e-07	3.056765e-01	3.055933e-01	3.060726e-01
2.158068332004490e-07	3.056757e-01	3.055930e-01	3.060741e-01
2.158224046290205e-07	3.056750e-01	3.055928e-01	3.060752e-01
2.158379760575919e-07	3.056743e-01	3.055926e-01	3.060763e-01
2.158535474861633e-07	3.056736e-01	3.055924e-01	3.060772e-01
2.158691189147348e-07	3.056729e-01	3.055922e-01	3.060780e-01
2.158846903433062e-07	3.056723e-01	3.055920e-01	3.060786e-01
2.159002617718777e-07	3.056716e-01	3.055918e-01	3.060791e-01
2.159158332004491e-07	3.056709e-01	3.055916e-01	3.060795e-01
2.159268332004491e-07	3.056705e-01	3.055914e-01	3.060797e-01
2.159378332004491e-07	3.056700e-01	3.055913e-01	3.060799e-01
2.159488332004492e-07	3.056695e-01	3.055912e-01	3.060799e-01
2.159598332004492e-07	3.056691e-01	3.055910e-01	3.060799e-01
2.159708332004492e-07	3.056686e-01	3.055909e-01	3.060798e-01
2.159818332004492e-07	3.056682e-01	3.055908e-01	3.060797e-01
2.159928332004492e-07	3.056677e-01	3.055906e-01	3.060795e-01
2.159962617718778e-07	3.056676e-01	3.055906e-01	3.060794e-01
2.159996903433064e-07	3.056675e-01	3.055905e-01	3.060793e-01
2.160031189147349e-07	3.056673e-01	3.055905e-01	3.060793e-01
2.160065474861635e-07	3.056672e-01	3.055905e-01	3.060792e-01
2.160099760575921e-07	3.056670e-01	3.055904e-01	3.060791e-01
2.160134046290207e-07	3.056669e-01	3.055904e-01	3.060789e-01
2.160168332004492e-07	3.056668e-01	3.055903e-01	3.060788e-01
2.160178332004492e-07	3.056667e-01	3.055903e-01	3.060788e-01
2.160552617718778e-07	3.056652e-01	3.055898e-01	3.060772e-01
2.160926903433065e-07	3.056638e-01	3.055894e-01	3.060743e-01
2.161301189147351e-07	3.056623e-01	3.055890e-01	3.060702e-01
2.161675474861637e-07	3.056609e-01	3.055885e-01	3.060649e-01
2.162049760575923e-07	3.056595e-01	3.055881e-01	3.060584e-01
2.162424046290209e-07	3.056581e-01	3.055877e-01	3.060506e-01
2.162798332004495e-07	3.056568e-01	3.055873e-01	3.060416e-01
2.163091189147353e-07	3.056558e-01	3.055870e-01	3.060332e-01
2.163384046290210e-07	3.056547e-01	3.055867e-01	3.060239e-01
2.163676903433068e-07	3.056537e-01	3.055864e-01	3.060136e-01
2.163969760575925e-07	3.056527e-01	3.055861e-01	3.060024e-01
2.164262617718783e-07	3.056517e-01	3.055858e-01	3.059901e-01
2.164555474861640e-07	3.056508e-01	3.055855e-01	3.059768e-01
2.164848332004498e-07	3.056498e-01	3.055852e-01	3.059626e-01
2.165292617718784e-07	3.056484e-01	3.055848e-01	3.059387e-01
2.165736903433070e-07	3.056470e-01	3.055844e-01	3.059133e-01
2.166181189147356e-07	3.056456e-01	3.055840e-01	3.058863e-01
2.166625474861643e-07	3.056442e-01	3.055836e-01	3.058577e-01
2.167069760575929e-07	3.056429e-01	3.055832e-01	3.058275e-01
2.167514046290215e-07	3.056416e-01	3.055829e-01	3.057958e-01
2.167958332004501e-07	3.056403e-01	3.055825e-01	3.057625e-01
2.168308332004502e-07	3.056393e-01	3.055822e-01	3.057359e-01
2.168658332004502e-07	3.056383e-01	3.055820e-01	3.057092e-01
2.169008332004502e-07	3.056373e-01	3.055817e-01	3.056825e-01
2.169358332004503e-07	3.056363e-01	3.055814e-01	3.056557e-01
2.169708332004503e-07	3.056354e-01	3.055812e-01	3.056289e-01
2.170058332004504e-07	3.056344e-01	3.055810e-01	3.056020e-01
2.170408332004504e-07	3.056335e-01	3.055807e-01	3.055751e-01
2.170418332004504e-07	3.056335e-01	3.055807e-01	3.055743e-01
2.170905474861647e-07	3.056322e-01	3.055804e-01	3.055373e-01
2.171392617718791e-07	3.056309e-01	3.055801e-01	3.055018e-01
2.171879760575934e-07	3.056297e-01	3.055798e-01	3.054676e-01
2.172366903433078e-07	3.056284e-01	3.055795e-01	3.054348e-01
2.172854046290221e-07	3.056272e-01	3.055792e-01	3.054034e-01
2.173341189147364e-07	3.056260e-01	3.055790e-01	3.053734e-01
2.173828332004508e-07	3.056248e-01	3.055787e-01	3.053447e-01
2.174295474861651e-07	3.056237e-01	3.055785e-01	3.053193e-01
2.174762617718794e-07	3.056226e-01	3.055782e-01	3.052958e-01
2.175229760575938e-07	3.056215e-01	3.055780e-01	3.052740e-01
2.175696903433081e-07	3.056204e-01	3.055778e-01	3.052540e-01
2.176164046290225e-07	3.056193e-01	3.055776e-01	3.052359e-01
2.176631189147368e-07	3.056183e-01	3.055774e-01	3.052195e-01
2.177098332004512e-07	3.056172e-01	3.055772e-01	3.052050e-01
2.177554046290226e-07	3.056162e-01	3.055770e-01	3.051926e-01
2.178009760575941e-07	3.056152e-01	3.055768e-01	3.051817e-01
2.178465474861656e-07	3.056142e-01	3.055767e-01	3.051723e-01
2.178921189147371e-07	3.056132e-01	3.055765e-01	3.051645e-01
2.179376903433086e-07	3.056122e-01	3.055764e-01	3.051581e-01
2.179832617718800e-07	3.056112e-01	3.055762e-01	3.051532e-01
2.180288332004515e-07	3.056103e-01	3.055761e-01	3.051498e-01
2.180658332004516e-07	3.056095e-01	3.055760e-01	3.051478e-01
2.181039760575945e-07	3.056087e-01	3.055759e-01	3.051467e-01
2.181421189147373e-07	3.056079e-01	3.055758e-01	3.051464e-01
2.181802617718802e-07	3.056071e-01	3.055757e-01	3.051467e-01
2.182184046290232e-07	3.056063e-01	3.055756e-01	3.051477e-01
2.182565474861661e-07	3.056055e-01	3.055755e-01	3.051494e-01
2.182946903433090e-07	3.056047e-01	3.055754e-01	3.051518e-01
2.183328332004519e-07	3.056040e-01	3.055753e-01	3.051549e-01
2.183896903433091e-07	3.056028e-01	3.055752e-01	3.051606e-01
2.184465474861663e-07	3.056017e-01	3.055750e-01	3.051671e-01
2.185034046290235e-07	3.056005e-01	3.055749e-01	3.051745e-01
2.185602617718807e-07	3.055994e-01	3.055748e-01	3.051826e-01
2.186171189147379e-07	3.055983e-01	3.055747e-01	3.051914e-01
2.186739760575951e-07	3.055971e-01	3.055746e-01	3.052011e-01
2.187308332004523e-07	3.055960e-01	3.055745e-01	3.052115e-01
2.187819760575952e-07	3.055950e-01	3.055744e-01	3.052212e-01
2.188331189147381e-07	3.055940e-01	3.055743e-01	3.052310e-01
2.188842617718810e-07	3.055930e-01	3.055743e-01	3.052409e-01
2.189354046290240e-07	3.055920e-01	3.055742e-01	3.052510e-01
2.189865474861669e-07	3.055910e-01	3.055741e-01	3.052611e-01
2.190376903433098e-07	3.055900e-01	3.055741e-01	3.052715e-01
2.190888332004527e-07	3.055891e-01	3.055740e-01	3.052819e-01
2.190898332004527e-07	3.055890e-01	3.055740e-01	3.052821e-01
2.191656903433100e-07	3.055876e-01	3.055740e-01	3.052976e-01
2.192415474861672e-07	3.055861e-01	3.055739e-01	3.053127e-01
2.193174046290244e-07	3.055847e-01	3.055738e-01	3.053275e-01
2.193932617718816e-07	3.055832e-01	3.055738e-01	3.053419e-01
2.194691189147389e-07	3.055818e-01	3.055737e-01	3.053559e-01
2.195449760575961e-07	3.055803e-01	3.055737e-01	3.053696e-01
2.196208332004533e-07	3.055789e-01	3.055736e-01	3.053829e-01
2.196911189147391e-07	3.055776e-01	3.055736e-01	3.053946e-01
2.197614046290249e-07	3.055763e-01	3.055735e-01	3.054058e-01
2.198316903433107e-07	3.055749e-01	3.055735e-01	3.054166e-01
2.199019760575965e-07	3.055736e-01	3.055735e-01	3.054268e-01
2.199722617718823e-07	3.055723e-01	3.055735e-01	3.054365e-01
2.200425474861681e-07	3.055710e-01	3.055734e-01	3.054458e-01
2.201128332004539e-07	3.055696e-01	3.055734e-01	3.054545e-01
2.201138332004539e-07	3.055696e-01	3.055734e-01	3.054546e-01
2.202599760575969e-07	3.055669e-01	3.055734e-01	3.054709e-01
2.204061189147399e-07	3.055641e-01	3.055733e-01	3.054854e-01
2.205522617718829e-07	3.055614e-01	3.055733e-01	3.054983e-01
2.206984046290260e-07	3.055587e-01	3.055733e-01	3.055095e-01
2.208445474861690e-07	3.055559e-01	3.055733e-01	3.055191e-01
2.209906903433120e-07	3.055532e-01	3.055733e-01	3.055270e-01
2.211368332004550e-07	3.055504e-01	3.055733e-01	3.055332e-01
2.211378332004550e-07	3.055504e-01	3.055733e-01	3.055333e-01
2.211835474861694e-07	3.055496e-01	3.055733e-01	3.055351e-01
2.212292617718837e-07	3.055487e-01	3.055733e-01	3.055368e-01
2.212749760575980e-07	3.055478e-01	3.055733e-01	3.055384e-01
2.213206903433124e-07	3.055470e-01	3.055733e-01	3.055400e-01
2.213664046290267e-07	3.055461e-01	3.055733e-01	3.055414e-01
2.214121189147411e-07	3.055453e-01	3.055733e-01	3.055428e-01
2.214578332004554e-07	3.055444e-01	3.055733e-01	3.055440e-01
2.214612617718840e-07	3.055443e-01	3.055733e-01	3.055441e-01
2.214646903433126e-07	3.055443e-01	3.055733e-01	3.055442e-01
2.214681189147411e-07	3.055442e-01	3.055733e-01	3.055443e-01
2.214715474861697e-07	3.055441e-01	3.055733e-01	3.055444e-01
2.214749760575983e-07	3.055441e-01	3.055733e-01	3.055445e-01
2.214784046290269e-07	3.055440e-01	3.055733e-01	3.055446e-01
2.214818332004554e-07	3.055439e-01	3.055733e-01	3.055446e-01
2.214865474861697e-07	3.055438e-01	3.055733e-01	3.055448e-01
2.214912617718840e-07	3.055437e-01	3.055732e-01	3.055449e-01
2.214959760575983e-07	3.055435e-01	3.055732e-01	3.055450e-01
2.215006903433126e-07	3.055434e-01	3.055732e-01	3.055452e-01
2.215054046290269e-07	3.055432e-01	3.055731e-01	3.055453e-01
2.215101189147412e-07	3.055431e-01	3.055731e-01	3.055454e-01
2.215148332004555e-07	3.055429e-01	3.055730e-01	3.055455e-01
2.215205474861698e-07	3.055427e-01	3.055729e-01	3.055456e-01
2.215262617718840e-07	3.055424e-01	3.055728e-01	3.055458e-01
2.215319760575983e-07	3.055422e-01	3.055726e-01	3.055459e-01
2.215376903433126e-07	3.055419e-01	3.055724e-01	3.055461e-01
2.215434046290269e-07	3.055417e-01	3.055722e-01	3.055462e-01
2.215491189147412e-07	3.055414e-01	3.055720e-01	3.055463e-01
2.215548332004555e-07	3.055411e-01	3.055718e-01	3.055464e-01
2.215616903433127e-07	3.055408e-01	3.055714e-01	3.055466e-01
2.215685474861698e-07	3.055404e-01	3.055710e-01	3.055468e-01
2.215754046290270e-07	3.055401e-01	3.055706e-01	3.055469e-01
2.215822617718841e-07	3.055397e-01	3.055702e-01	3.055471e-01
2.215891189147413e-07	3.055393e-01	3.055697e-01	3.055472e-01
2.215959760575984e-07	3.055389e-01	3.055693e-01	3.055474e-01
2.216028332004556e-07	3.055386e-01	3.055688e-01	3.055475e-01
2.216118332004556e-07	3.055381e-01	3.055680e-01	3.055477e-01
2.216208332004556e-07	3.055376e-01	3.055674e-01	3.055479e-01
2.216298332004556e-07	3.055371e-01	3.055667e-01	3.055481e-01
2.216388332004556e-07	3.055366e-01	3.055661e-01	3.055483e-01
2.216478332004556e-07	3.055361e-01	3.055654e-01	3.055485e-01
2.216568332004556e-07	3.055357e-01	3.055649e-01	3.055486e-01
2.216658332004556e-07	3.055352e-01	3.055643e-01	3.055488e-01
2.216724046290271e-07	3.055348e-01	3.055640e-01	3.055489e-01
2.216789760575985e-07	3.055345e-01	3.055637e-01	3.055491e-01
2.216855474861700e-07	3.055341e-01	3.055635e-01	3.055492e-01
2.216921189147414e-07	3.055338e-01	3.055633e-01	3.055493e-01
2.216986903433128e-07	3.055334e-01	3.055632e-01	3.055494e-01
2.217052617718842e-07	3.055330e-01	3.055631e-01	3.055496e-01
2.217118332004557e-07	3.055327e-01	3.055631e-01	3.055497e-01
2.217179760575986e-07	3.055323e-01	3.055631e-01	3.055498e-01
2.217241189147414e-07	3.055319e-01	3.055632e-01	3.055499e-01
2.217302617718843e-07	3.055315e-01	3.055634e-01	3.055500e-01
2.217364046290272e-07	3.055312e-01	3.055636e-01	3.055501e-01
2.217425474861700e-07	3.055308e-01	3.055639e-01	3.055502e-01
2.217486903433129e-07	3.055304e-01	3.055643e-01	3.055503e-01
2.217548332004557e-07	3.055300e-01	3.055647e-01	3.055505e-01
2.217628332004557e-07	3.055294e-01	3.055654e-01	3.055506e-01
2.217708332004558e-07	3.055288e-01	3.055662e-01	3.055507e-01
2.217788332004558e-07	3.055281e-01	3.055670e-01	3.055508e-01
2.217868332004558e-07	3.055275e-01	3.055680e-01	3.055510e-01
2.217948332004558e-07	3.055268e-01	3.055691e-01	3.055511e-01
2.218028332004558e-07	3.055260e-01	3.055702e-01	3.055512e-01
2.218108332004558e-07	3.055253e-01	3.055715e-01	3.055514e-01
2.218215474861701e-07	3.055242e-01	3.055733e-01	3.055515e-01
2.218322617718844e-07	3.055230e-01	3.055752e-01	3.055517e-01
2.218429760575987e-07	3.055217e-01	3.055772e-01	3.055518e-01
2.218536903433130e-07	3.055204e-01	3.055792e-01	3.055520e-01
2.218644046290273e-07	3.055189e-01	3.055812e-01	3.055521e-01
2.218751189147416e-07	3.055174e-01	3.055834e-01	3.055523e-01
2.218858332004559e-07	3.055158e-01	3.055855e-01	3.055525e-01
2.219009760575988e-07	3.055133e-01	3.055886e-01	3.055527e-01
2.219161189147416e-07	3.055106e-01	3.055913e-01	3.055529e-01
2.219312617718845e-07	3.055077e-01	3.055935e-01	3.055530e-01
2.219464046290274e-07	3.055046e-01	3.055952e-01	3.055532e-01
2.219615474861703e-07	3.055013e-01	3.055965e-01	3.055534e-01
2.219766903433131e-07	3.054977e-01	3.055973e-01	3.055536e-01
2.219918332004560e-07	3.054940e-01	3.055977e-01	3.055538e-01
2.220011189147417e-07	3.054915e-01	3.055974e-01	3.055539e-01
2.220104046290275e-07	3.054891e-01	3.055967e-01	3.055539e-01
2.220196903433132e-07	3.054865e-01	3.055957e-01	3.055540e-01
2.220289760575989e-07	3.054839e-01	3.055943e-01	3.055541e-01
2.220382617718846e-07	3.054812e-01	3.055926e-01	3.055542e-01
2.220475474861704e-07	3.054784e-01	3.055904e-01	3.055543e-01
2.220568332004561e-07	3.054755e-01	3.055879e-01	3.055544e-01
2.220701189147418e-07	3.054713e-01	3.055836e-01	3.055546e-01
2.220834046290276e-07	3.054669e-01	3.055783e-01	3.055547e-01
2.220966903433133e-07	3.054624e-01	3.055720e-01	3.055548e-01
2.221099760575990e-07	3.054578e-01	3.055646e-01	3.055549e-01
2.221232617718847e-07	3.054531e-01	3.055563e-01	3.055550e-01
2.221365474861705e-07	3.054482e-01	3.055470e-01	3.055552e-01
2.221498332004562e-07	3.054432e-01	3.055367e-01	3.055553e-01
2.221618332004562e-07	3.054386e-01	3.055264e-01	3.055554e-01
2.221809760575991e-07	3.054310e-01	3.055081e-01	3.055555e-01
2.222001189147420e-07	3.054233e-01	3.054877e-01	3.055557e-01
2.222192617718848e-07	3.054154e-01	3.054652e-01	3.055558e-01
2.222384046290277e-07	3.054073e-01	3.054406e-01	3.055559e-01
2.222575474861706e-07	3.053991e-01	3.054139e-01	3.055561e-01
2.222766903433135e-07	3.053907e-01	3.053852e-01	3.055562e-01
2.222958332004564e-07	3.053822e-01	3.053543e-01	3.055563e-01
2.223449760575993e-07	3.053594e-01	3.052609e-01	3.055566e-01
2.223941189147422e-07	3.053364e-01	3.051650e-01	3.055568e-01
2.224432617718851e-07	3.053132e-01	3.050668e-01	3.055570e-01
2.224924046290280e-07	3.052899e-01	3.049662e-01	3.055572e-01
2.225415474861709e-07	3.052663e-01	3.048632e-01	3.055574e-01
2.225906903433138e-07	3.052426e-01	3.047577e-01	3.055575e-01
2.226398332004567e-07	3.052187e-01	3.046499e-01	3.055576e-01
2.226666903433139e-07	3.052060e-01	3.045969e-01	3.055577e-01
2.226935474861711e-07	3.051934e-01	3.045466e-01	3.055578e-01
2.227204046290283e-07	3.051812e-01	3.044992e-01	3.055578e-01
2.227472617718854e-07	3.051691e-01	3.044547e-01	3.055578e-01
2.227741189147426e-07	3.051574e-01	3.044129e-01	3.055579e-01
2.228009760575998e-07	3.051458e-01	3.043741e-01	3.055579e-01
2.228278332004570e-07	3.051345e-01	3.043380e-01	3.055579e-01
2.228509760575998e-07	3.051251e-01	3.043100e-01	3.055579e-01
2.228741189147427e-07	3.051161e-01	3.042846e-01	3.055579e-01
2.228972617718856e-07	3.051074e-01	3.042617e-01	3.055580e-01
2.229204046290285e-07	3.050991e-01	3.042414e-01	3.055580e-01
2.229435474861714e-07	3.050912e-01	3.042236e-01	3.055580e-01
2.229666903433143e-07	3.050836e-01	3.042084e-01	3.055580e-01
2.229898332004571e-07	3.050765e-01	3.041958e-01	3.055580e-01
2.230062617718857e-07	3.050717e-01	3.041883e-01	3.055580e-01
2.230226903433143e-07	3.050672e-01	3.041820e-01	3.055580e-01
2.230391189147429e-07	3.050629e-01	3.041768e-01	3.055580e-01
2.230555474861715e-07	3.050589e-01	3.041728e-01	3.055580e-01
2.230719760576001e-07	3.050552e-01	3.041700e-01	3.055580e-01
2.230884046290287e-07	3.050517e-01	3.041683e-01	3.055579e-01
2.231048332004573e-07	3.050485e-01	3.041678e-01	3.055579e-01
2.231162617718858e-07	3.050465e-01	3.041680e-01	3.055579e-01
2.231276903433144e-07	3.050446e-01	3.041687e-01	3.055579e-01
2.231391189147430e-07	3.050428e-01	3.041699e-01	3.055579e-01
2.231505474861716e-07	3.050412e-01	3.041715e-01	3.055579e-01
2.231619760576002e-07	3.050398e-01	3.041736e-01	3.055579e-01
2.231734046290288e-07	3.050385e-01	3.041762e-01	3.055579e-01
2.231848332004574e-07	3.050373e-01	3.041793e-01	3.055579e-01
2.231858332004574e-07	3.050373e-01	3.041795e-01	3.055579e-01
2.231979760576002e-07	3.050362e-01	3.041833e-01	3.055579e-01
2.232101189147431e-07	3.050354e-01	3.041874e-01	3.055579e-01
2.232222617718860e-07	3.050347e-01	3.041920e-01	3.055579e-01
2.232344046290289e-07	3.050342e-01	3.041970e-01	3.055578e-01
2.232465474861717e-07	3.050339e-01	3.042025e-01	3.055578e-01
2.232586903433146e-07	3.050338e-01	3.042084e-01	3.055578e-01
2.232708332004575e-07	3.050339e-01	3.042147e-01	3.055578e-01
2.232908332004575e-07	3.050344e-01	3.042259e-01	3.055578e-01
2.233108332004575e-07	3.050355e-01	3.042379e-01	3.055578e-01
2.233308332004575e-07	3.050371e-01	3.042507e-01	3.055577e-01
2.233508332004575e-07	3.050392e-01	3.042643e-01	3.055577e-01
2.233708332004576e-07	3.050418e-01	3.042786e-01	3.055577e-01
2.233908332004576e-07	3.050450e-01	3.042936e-01	3.055577e-01
2.234108332004576e-07	3.050487e-01	3.043095e-01	3.055577e-01
2.234465474861720e-07	3.050568e-01	3.043395e-01	3.055576e-01
2.234822617718863e-07	3.050665e-01	3.043701e-01	3.055576e-01
2.235179760576006e-07	3.050778e-01	3.044014e-01	3.055575e-01
2.235536903433149e-07	3.050907e-01	3.044332e-01	3.055575e-01
2.235894046290293e-07	3.051053e-01	3.044658e-01	3.055574e-01
2.236251189147436e-07	3.051214e-01	3.044989e-01	3.055574e-01
2.236608332004579e-07	3.051392e-01	3.045327e-01	3.055573e-01
2.237011189147437e-07	3.051612e-01	3.045702e-01	3.055572e-01
2.237414046290294e-07	3.051847e-01	3.046066e-01	3.055572e-01
2.237816903433152e-07	3.052097e-01	3.046421e-01	3.055571e-01
2.238219760576009e-07	3.052361e-01	3.046766e-01	3.055570e-01
2.238622617718867e-07	3.052640e-01	3.047101e-01	3.055570e-01
2.239025474861725e-07	3.052933e-01	3.047426e-01	3.055569e-01
2.239428332004582e-07	3.053241e-01	3.047740e-01	3.055569e-01
2.239808332004583e-07	3.053541e-01	3.048021e-01	3.055568e-01
2.240188332004583e-07	3.053846e-01	3.048289e-01	3.055567e-01
2.240568332004583e-07	3.054156e-01	3.048544e-01	3.055567e-01
2.240948332004584e-07	3.054472e-01	3.048786e-01	3.055566e-01
2.241328332004584e-07	3.054792e-01	3.049014e-01	3.055566e-01
2.241708332004585e-07	3.055117e-01	3.049229e-01	3.055565e-01
2.242088332004585e-07	3.055447e-01	3.049432e-01	3.055564e-01
2.242098332004585e-07	3.055455e-01	3.049437e-01	3.055564e-01
2.242749760576015e-07	3.056029e-01	3.049748e-01	3.055563e-01
2.243401189147444e-07	3.056589e-01	3.050031e-01	3.055563e-01
2.244052617718873e-07	3.057135e-01	3.050287e-01	3.055562e-01
2.244704046290303e-07	3.057667e-01	3.050515e-01	3.055561e-01
2.245355474861732e-07	3.058186e-01	3.050714e-01	3.055560e-01
2.246006903433161e-07	3.058691e-01	3.050886e-01	3.055559e-01
2.246658332004590e-07	3.059182e-01	3.051030e-01	3.055559e-01
2.246668332004590e-07	3.059189e-01	3.051032e-01	3.055559e-01
2.246678332004590e-07	3.059196e-01	3.051035e-01	3.055559e-01
2.246688332004590e-07	3.059203e-01	3.051037e-01	3.055559e-01
2.246698332004590e-07	3.059211e-01	3.051039e-01	3.055559e-01
2.246718332004590e-07	3.059225e-01	3.051043e-01	3.055559e-01
2.246759760576019e-07	3.059255e-01	3.051052e-01	3.055558e-01
2.246801189147448e-07	3.059284e-01	3.051060e-01	3.055558e-01
2.246842617718876e-07	3.059313e-01	3.051069e-01	3.055558e-01
2.246884046290305e-07	3.059343e-01	3.051077e-01	3.055558e-01
2.246925474861734e-07	3.059372e-01	3.051084e-01	3.055558e-01
2.246966903433162e-07	3.059401e-01	3.051092e-01	3.055558e-01
2.247008332004591e-07	3.059430e-01	3.051099e-01	3.055558e-01
2.247056903433162e-07	3.059464e-01	3.051106e-01	3.055558e-01
2.247105474861734e-07	3.059497e-01	3.051113e-01	3.055558e-01
2.247154046290305e-07	3.059531e-01	3.051120e-01	3.055558e-01
2.247202617718877e-07	3.059564e-01	3.051126e-01	3.055558e-01
2.247251189147448e-07	3.059597e-01	3.051132e-01	3.055558e-01
2.247299760576020e-07	3.059630e-01	3.051137e-01	3.055558e-01
2.247348332004591e-07	3.059663e-01	3.051142e-01	3.055558e-01
2.247438332004591e-07	3.059723e-01	3.051148e-01	3.055558e-01
2.247528332004591e-07	3.059784e-01	3.051155e-01	3.055558e-01
2.247618332004591e-07	3.059843e-01	3.051161e-01	3.055558e-01
2.247708332004592e-07	3.059903e-01	3.051167e-01	3.055558e-01
2.247798332004592e-07	3.059961e-01	3.051172e-01	3.055557e-01
2.247888332004592e-07	3.060020e-01	3.051178e-01	3.055557e-01
2.247978332004592e-07	3.060078e-01	3.051182e-01	3.055557e-01
2.248038332004592e-07	3.060116e-01	3.051186e-01	3.055557e-01
2.248098332004592e-07	3.060154e-01	3.051190e-01	3.055557e-01
2.248158332004592e-07	3.060193e-01	3.051195e-01	3.055557e-01
2.248218332004592e-07	3.060231e-01	3.051200e-01	3.055557e-01
2.248278332004592e-07	3.060269e-01	3.051205e-01	3.055557e-01
2.248338332004592e-07	3.060307e-01	3.051211e-01	3.055557e-01
2.248398332004592e-07	3.060345e-01	3.051217e-01	3.055557e-01
2.248471189147450e-07	3.060391e-01	3.051226e-01	3.055557e-01
2.248544046290307e-07	3.060437e-01	3.051236e-01	3.055557e-01
2.248616903433164e-07	3.060482e-01	3.051246e-01	3.055556e-01
2.248689760576021e-07	3.060528e-01	3.051258e-01	3.055556e-01
2.248762617718878e-07	3.060574e-01	3.051270e-01	3.055556e-01
2.248835474861736e-07	3.060620e-01	3.051283e-01	3.055556e-01
2.248908332004593e-07	3.060666e-01	3.051297e-01	3.055556e-01
2.249018332004593e-07	3.060735e-01	3.051321e-01	3.055556e-01
2.249128332004593e-07	3.060804e-01	3.051346e-01	3.055556e-01
2.249238332004593e-07	3.060873e-01	3.051372e-01	3.055556e-01
2.249348332004593e-07	3.060943e-01	3.051399e-01	3.055556e-01
2.249458332004594e-07	3.061012e-01	3.051428e-01	3.055556e-01
2.249568332004594e-07	3.061082e-01	3.051458e-01	3.055556e-01
2.249678332004594e-07	3.061152e-01	3.051490e-01	3.055556e-01
2.249821189147451e-07	3.061244e-01	3.051532e-01	3.055555e-01
2.249964046290309e-07	3.061336e-01	3.051572e-01	3.055555e-01
2.250106903433166e-07	3.061428e-01	3.051611e-01	3.055555e-01
2.250249760576023e-07	3.061520e-01	3.051648e-01	3.055555e-01
2.250392617718880e-07	3.061613e-01	3.051684e-01	3.055555e-01
2.250535474861738e-07	3.061706e-01	3.051719e-01	3.055555e-01
2.250678332004595e-07	3.061799e-01	3.051751e-01	3.055555e-01
2.250774046290309e-07	3.061861e-01	3.051771e-01	3.055555e-01
2.250869760576024e-07	3.061924e-01	3.051788e-01	3.055555e-01
2.250965474861738e-07	3.061986e-01	3.051804e-01	3.055555e-01
2.251061189147452e-07	3.062048e-01	3.051817e-01	3.055555e-01
2.251156903433167e-07	3.062109e-01	3.051829e-01	3.055555e-01
2.251252617718881e-07	3.062171e-01	3.051839e-01	3.055554e-01
2.251348332004596e-07	3.062233e-01	3.051847e-01	3.055554e-01
2.251434046290310e-07	3.062288e-01	3.051853e-01	3.055554e-01
2.251519760576024e-07	3.062342e-01	3.051856e-01	3.055554e-01
2.251605474861739e-07	3.062396e-01	3.051858e-01	3.055554e-01
2.251691189147453e-07	3.062450e-01	3.051858e-01	3.055554e-01
2.251776903433168e-07	3.062503e-01	3.051856e-01	3.055554e-01
2.251862617718882e-07	3.062556e-01	3.051853e-01	3.055554e-01
2.251948332004596e-07	3.062609e-01	3.051848e-01	3.055554e-01
2.252002617718882e-07	3.062642e-01	3.051844e-01	3.055554e-01
2.252056903433168e-07	3.062675e-01	3.051839e-01	3.055554e-01
2.252111189147454e-07	3.062708e-01	3.051833e-01	3.055554e-01
2.252165474861740e-07	3.062740e-01	3.051827e-01	3.055554e-01
2.252219760576025e-07	3.062772e-01	3.051820e-01	3.055554e-01
2.252274046290311e-07	3.062804e-01	3.051813e-01	3.055554e-01
2.252328332004597e-07	3.062836e-01	3.051805e-01	3.055554e-01
2.252338332004597e-07	3.062842e-01	3.051803e-01	3.055554e-01
2.252592617718883e-07	3.062988e-01	3.051753e-01	3.055554e-01
2.252846903433169e-07	3.063126e-01	3.051693e-01	3.055554e-01
2.253101189147455e-07	3.063255e-01	3.051624e-01	3.055553e-01
2.253355474861741e-07	3.063376e-01	3.051546e-01	3.055553e-01
2.253609760576027e-07	3.063488e-01	3.051458e-01	3.055553e-01
2.253864046290313e-07	3.063592e-01	3.051361e-01	3.055553e-01
2.254118332004599e-07	3.063688e-01	3.051255e-01	3.055553e-01
2.254309760576028e-07	3.063752e-01	3.051174e-01	3.055553e-01
2.254501189147456e-07	3.063810e-01	3.051092e-01	3.055553e-01
2.254692617718885e-07	3.063862e-01	3.051007e-01	3.055553e-01
2.254884046290314e-07	3.063908e-01	3.050922e-01	3.055553e-01
2.255075474861743e-07	3.063948e-01	3.050835e-01	3.055553e-01
2.255266903433172e-07	3.063982e-01	3.050746e-01	3.055553e-01
2.255458332004600e-07	3.064010e-01	3.050655e-01	3.055553e-01
2.255579760576029e-07	3.064025e-01	3.050598e-01	3.055552e-01
2.255701189147458e-07	3.064037e-01	3.050540e-01	3.055552e-01
2.255822617718886e-07	3.064047e-01	3.050481e-01	3.055552e-01
2.255944046290315e-07	3.064055e-01	3.050421e-01	3.055552e-01
2.256065474861744e-07	3.064060e-01	3.050361e-01	3.055552e-01
2.256186903433173e-07	3.064064e-01	3.050300e-01	3.055552e-01
2.256308332004601e-07	3.064065e-01	3.050238e-01	3.055552e-01
2.256455474861744e-07	3.064063e-01	3.050163e-01	3.055552e-01
2.256602617718887e-07	3.064059e-01	3.050085e-01	3.055552e-01
2.256749760576030e-07	3.064052e-01	3.050005e-01	3.055552e-01
2.256896903433173e-07	3.064042e-01	3.049923e-01	3.055552e-01
2.257044046290317e-07	3.064029e-01	3.049840e-01	3.055552e-01
2.257191189147459e-07	3.064014e-01	3.049754e-01	3.055552e-01
2.257338332004603e-07	3.063996e-01	3.049666e-01	3.055552e-01
2.257682617718889e-07	3.063941e-01	3.049455e-01	3.055552e-01
2.258026903433175e-07	3.063878e-01	3.049218e-01	3.055552e-01
2.258371189147461e-07	3.063808e-01	3.048955e-01	3.055552e-01
2.258715474861747e-07	3.063729e-01	3.048666e-01	3.055552e-01
2.259059760576033e-07	3.063643e-01	3.048352e-01	3.055552e-01
2.259404046290319e-07	3.063548e-01	3.048012e-01	3.055552e-01
2.259748332004605e-07	3.063446e-01	3.047647e-01	3.055552e-01
2.260071189147463e-07	3.063349e-01	3.047267e-01	3.055552e-01
2.260394046290320e-07	3.063252e-01	3.046857e-01	3.055552e-01
2.260716903433178e-07	3.063155e-01	3.046416e-01	3.055552e-01
2.261039760576035e-07	3.063057e-01	3.045943e-01	3.055552e-01
2.261362617718893e-07	3.062960e-01	3.045440e-01	3.055552e-01
2.261685474861750e-07	3.062862e-01	3.044906e-01	3.055552e-01
2.262008332004608e-07	3.062764e-01	3.044342e-01	3.055552e-01
2.262578332004608e-07	3.062600e-01	3.043277e-01	3.055553e-01
2.262944046290323e-07	3.062498e-01	3.042542e-01	3.055553e-01
2.263309760576038e-07	3.062399e-01	3.041787e-01	3.055553e-01
2.263675474861753e-07	3.062304e-01	3.041012e-01	3.055553e-01
2.264041189147467e-07	3.062212e-01	3.040216e-01	3.055553e-01
2.264406903433182e-07	3.062123e-01	3.039400e-01	3.055553e-01
2.264772617718897e-07	3.062037e-01	3.038564e-01	3.055553e-01
2.265138332004611e-07	3.061955e-01	3.037708e-01	3.055553e-01
2.265688332004612e-07	3.061840e-01	3.036393e-01	3.055553e-01
2.266238332004613e-07	3.061727e-01	3.035114e-01	3.055554e-01
2.266788332004613e-07	3.061616e-01	3.033871e-01	3.055554e-01
2.267338332004614e-07	3.061508e-01	3.032665e-01	3.055554e-01
2.267888332004614e-07	3.061402e-01	3.031495e-01	3.055554e-01
2.268438332004615e-07	3.061299e-01	3.030361e-01	3.055555e-01
2.268988332004616e-07	3.061197e-01	3.029264e-01	3.055555e-01
2.269405474861759e-07	3.061118e-01	3.028500e-01	3.055555e-01
2.269822617718902e-07	3.061037e-01	3.027789e-01	3.055555e-01
2.270239760576046e-07	3.060953e-01	3.027131e-01	3.055556e-01
2.270656903433189e-07	3.060867e-01	3.026527e-01	3.055556e-01
2.271074046290332e-07	3.060779e-01	3.025975e-01	3.055556e-01
2.271491189147476e-07	3.060689e-01	3.025477e-01	3.055556e-01
2.271908332004619e-07	3.060597e-01	3.025032e-01	3.055557e-01
2.272818332004620e-07	3.060385e-01	3.024274e-01	3.055557e-01
2.273094046290335e-07	3.060318e-01	3.024100e-01	3.055557e-01
2.273369760576049e-07	3.060250e-01	3.023950e-01	3.055558e-01
2.273645474861764e-07	3.060180e-01	3.023826e-01	3.055558e-01
2.273921189147478e-07	3.060109e-01	3.023726e-01	3.055558e-01
2.274196903433193e-07	3.060037e-01	3.023651e-01	3.055558e-01
2.274472617718908e-07	3.059964e-01	3.023601e-01	3.055558e-01
2.274748332004622e-07	3.059889e-01	3.023576e-01	3.055559e-01
2.274964046290337e-07	3.059830e-01	3.023572e-01	3.055559e-01
2.275179760576051e-07	3.059771e-01	3.023582e-01	3.055559e-01
2.275395474861766e-07	3.059711e-01	3.023606e-01	3.055559e-01
2.275611189147480e-07	3.059650e-01	3.023643e-01	3.055559e-01
2.275826903433195e-07	3.059588e-01	3.023694e-01	3.055559e-01
2.276042617718909e-07	3.059526e-01	3.023758e-01	3.055560e-01
2.276258332004624e-07	3.059464e-01	3.023836e-01	3.055560e-01
2.277228332004625e-07	3.059169e-01	3.024410e-01	3.055560e-01
2.278198332004626e-07	3.058876e-01	3.025133e-01	3.055561e-01
2.279168332004627e-07	3.058584e-01	3.026004e-01	3.055562e-01
2.280138332004628e-07	3.058293e-01	3.027024e-01	3.055563e-01
2.281108332004629e-07	3.058003e-01	3.028191e-01	3.055564e-01
2.282078332004631e-07	3.057715e-01	3.029507e-01	3.055564e-01
2.283048332004632e-07	3.057428e-01	3.030972e-01	3.055565e-01
2.283058332004632e-07	3.057425e-01	3.030987e-01	3.055565e-01
2.283835474861775e-07	3.057208e-01	3.032160e-01	3.055566e-01
2.284612617718919e-07	3.057000e-01	3.033328e-01	3.055567e-01
2.285389760576063e-07	3.056803e-01	3.034490e-01	3.055567e-01
2.286166903433207e-07	3.056615e-01	3.035648e-01	3.055568e-01
2.286944046290350e-07	3.056438e-01	3.036799e-01	3.055569e-01
2.287721189147494e-07	3.056270e-01	3.037946e-01	3.055570e-01
2.288498332004638e-07	3.056113e-01	3.039087e-01	3.055570e-01
2.289182617718924e-07	3.055985e-01	3.040053e-01	3.055571e-01
2.289866903433211e-07	3.055865e-01	3.040985e-01	3.055572e-01
2.290551189147497e-07	3.055754e-01	3.041885e-01	3.055572e-01
2.291235474861784e-07	3.055652e-01	3.042752e-01	3.055573e-01
2.291919760576070e-07	3.055558e-01	3.043586e-01	3.055574e-01
2.292604046290357e-07	3.055472e-01	3.044387e-01	3.055574e-01
2.293288332004643e-07	3.055395e-01	3.045155e-01	3.055575e-01
2.293298332004643e-07	3.055395e-01	3.045166e-01	3.055575e-01
2.294262617718930e-07	3.055302e-01	3.046175e-01	3.055576e-01
2.295226903433217e-07	3.055221e-01	3.047112e-01	3.055577e-01
2.296191189147504e-07	3.055153e-01	3.047976e-01	3.055578e-01
2.297155474861791e-07	3.055097e-01	3.048768e-01	3.055579e-01
2.298119760576077e-07	3.055054e-01	3.049488e-01	3.055580e-01
2.299084046290364e-07	3.055023e-01	3.050136e-01	3.055581e-01
2.300048332004651e-07	3.055004e-01	3.050712e-01	3.055582e-01
2.300545474861794e-07	3.054997e-01	3.050986e-01	3.055582e-01
2.301042617718938e-07	3.054992e-01	3.051244e-01	3.055583e-01
2.301539760576081e-07	3.054988e-01	3.051487e-01	3.055583e-01
2.302036903433225e-07	3.054987e-01	3.051715e-01	3.055584e-01
2.302534046290368e-07	3.054988e-01	3.051928e-01	3.055584e-01
2.303031189147511e-07	3.054990e-01	3.052126e-01	3.055585e-01
2.303528332004655e-07	3.054994e-01	3.052309e-01	3.055585e-01
2.303538332004655e-07	3.054994e-01	3.052313e-01	3.055585e-01
2.303902617718941e-07	3.054998e-01	3.052439e-01	3.055586e-01
2.304266903433227e-07	3.055003e-01	3.052558e-01	3.055586e-01
2.304631189147513e-07	3.055008e-01	3.052671e-01	3.055586e-01
2.304995474861799e-07	3.055014e-01	3.052777e-01	3.055587e-01
2.305359760576085e-07	3.055021e-01	3.052877e-01	3.055587e-01
2.305724046290372e-07	3.055028e-01	3.052971e-01	3.055587e-01
2.306088332004658e-07	3.055036e-01	3.053058e-01	3.055588e-01
2.306139760576086e-07	3.055037e-01	3.053070e-01	3.055588e-01
2.306191189147515e-07	3.055038e-01	3.053082e-01	3.055588e-01
2.306242617718944e-07	3.055039e-01	3.053094e-01	3.055588e-01
2.306294046290372e-07	3.055041e-01	3.053105e-01	3.055588e-01
2.306345474861801e-07	3.055042e-01	3.053117e-01	3.055588e-01
2.306396903433230e-07	3.055043e-01	3.053128e-01	3.055588e-01
2.306448332004658e-07	3.055044e-01	3.053139e-01	3.055588e-01
2.306526903433230e-07	3.055046e-01	3.053156e-01	3.055589e-01
2.306605474861801e-07	3.055048e-01	3.053173e-01	3.055589e-01
2.306684046290373e-07	3.055050e-01	3.053189e-01	3.055590e-01
2.306762617718944e-07	3.055052e-01	3.053206e-01	3.055590e-01
2.306841189147516e-07	3.055053e-01	3.053222e-01	3.055591e-01
2.306919760576087e-07	3.055055e-01	3.053237e-01	3.055591e-01
2.306998332004659e-07	3.055057e-01	3.053253e-01	3.055592e-01
2.307084046290373e-07	3.055059e-01	3.053269e-01	3.055593e-01
2.307169760576088e-07	3.055062e-01	3.053286e-01	3.055595e-01
2.307255474861802e-07	3.055064e-01	3.053302e-01	3.055596e-01
2.307341189147516e-07	3.055066e-01	3.053317e-01	3.055598e-01
2.307426903433231e-07	3.055068e-01	3.053333e-01	3.055600e-01
2.307512617718945e-07	3.055071e-01	3.053348e-01	3.055602e-01
2.307598332004660e-07	3.055073e-01	3.053363e-01	3.055605e-01
2.307832617718945e-07	3.055079e-01	3.053402e-01	3.055613e-01
2.308066903433232e-07	3.055086e-01	3.053440e-01	3.055622e-01
2.308301189147517e-07	3.055093e-01	3.053475e-01	3.055633e-01
2.308535474861803e-07	3.055099e-01	3.053509e-01	3.055645e-01
2.308769760576089e-07	3.055106e-01	3.053541e-01	3.055659e-01
2.309004046290375e-07	3.055113e-01	3.053571e-01	3.055674e-01
2.309238332004661e-07	3.055120e-01	3.053599e-01	3.055690e-01
2.309429760576090e-07	3.055126e-01	3.053620e-01	3.055705e-01
2.309621189147519e-07	3.055132e-01	3.053641e-01	3.055720e-01
2.309812617718948e-07	3.055138e-01	3.053661e-01	3.055736e-01
2.310004046290377e-07	3.055144e-01	3.053679e-01	3.055754e-01
2.310195474861805e-07	3.055150e-01	3.053697e-01	3.055773e-01
2.310386903433234e-07	3.055156e-01	3.053713e-01	3.055792e-01
2.310578332004663e-07	3.055162e-01	3.053728e-01	3.055813e-01
2.310849760576092e-07	3.055171e-01	3.053748e-01	3.055845e-01
2.311121189147521e-07	3.055180e-01	3.053767e-01	3.055880e-01
2.311392617718949e-07	3.055189e-01	3.053783e-01	3.055920e-01
2.311664046290379e-07	3.055198e-01	3.053798e-01	3.055963e-01
2.311935474861807e-07	3.055207e-01	3.053811e-01	3.056010e-01
2.312206903433236e-07	3.055216e-01	3.053822e-01	3.056062e-01
2.312478332004665e-07	3.055225e-01	3.053831e-01	3.056117e-01
2.312662617718951e-07	3.055231e-01	3.053837e-01	3.056158e-01
2.312846903433237e-07	3.055237e-01	3.053842e-01	3.056201e-01
2.313031189147523e-07	3.055243e-01	3.053847e-01	3.056246e-01
2.313215474861809e-07	3.055249e-01	3.053850e-01	3.056293e-01
2.313399760576095e-07	3.055255e-01	3.053853e-01	3.056342e-01
2.313584046290381e-07	3.055262e-01	3.053856e-01	3.056394e-01
2.313768332004666e-07	3.055268e-01	3.053857e-01	3.056448e-01
2.313778332004667e-07	3.055268e-01	3.053857e-01	3.056451e-01
2.314385474861810e-07	3.055288e-01	3.053858e-01	3.056651e-01
2.314992617718953e-07	3.055308e-01	3.053854e-01	3.056862e-01
2.315599760576097e-07	3.055328e-01	3.053845e-01	3.057083e-01
2.316206903433241e-07	3.055347e-01	3.053832e-01	3.057315e-01
2.316814046290384e-07	3.055367e-01	3.053813e-01	3.057557e-01
2.317421189147528e-07	3.055385e-01	3.053791e-01	3.057810e-01
2.318028332004671e-07	3.055404e-01	3.053763e-01	3.058073e-01
2.318476903433243e-07	3.055417e-01	3.053741e-01	3.058261e-01
2.318925474861815e-07	3.055431e-01	3.053718e-01	3.058447e-01
2.319374046290387e-07	3.055443e-01	3.053694e-01	3.058632e-01
2.319822617718959e-07	3.055456e-01	3.053669e-01	3.058815e-01
2.320271189147531e-07	3.055468e-01	3.053642e-01	3.058997e-01
2.320719760576103e-07	3.055480e-01	3.053614e-01	3.059177e-01
2.321168332004675e-07	3.055492e-01	3.053585e-01	3.059356e-01
2.321574046290390e-07	3.055503e-01	3.053558e-01	3.059516e-01
2.321979760576104e-07	3.055513e-01	3.053530e-01	3.059676e-01
2.322385474861819e-07	3.055523e-01	3.053502e-01	3.059836e-01
2.322791189147534e-07	3.055532e-01	3.053474e-01	3.059996e-01
2.323196903433249e-07	3.055542e-01	3.053446e-01	3.060156e-01
2.323602617718963e-07	3.055551e-01	3.053417e-01	3.060316e-01
2.324008332004678e-07	3.055560e-01	3.053387e-01	3.060476e-01
2.324018332004678e-07	3.055560e-01	3.053386e-01	3.060480e-01
2.324568332004679e-07	3.055572e-01	3.053346e-01	3.060700e-01
2.325118332004679e-07	3.055583e-01	3.053305e-01	3.060921e-01
2.325668332004680e-07	3.055594e-01	3.053265e-01	3.061144e-01
2.326218332004681e-07	3.055605e-01	3.053225e-01	3.061367e-01
2.326768332004681e-07	3.055615e-01	3.053184e-01	3.061592e-01
2.327318332004682e-07	3.055624e-01	3.053144e-01	3.061818e-01
2.327868332004682e-07	3.055634e-01	3.053104e-01	3.062046e-01
2.328765474861826e-07	3.055647e-01	3.053039e-01	3.062426e-01
2.329662617718970e-07	3.055660e-01	3.052976e-01	3.062785e-01
2.330559760576114e-07	3.055672e-01	3.052914e-01	3.063123e-01
2.331456903433258e-07	3.055683e-01	3.052854e-01	3.063441e-01
2.332354046290402e-07	3.055694e-01	3.052796e-01	3.063737e-01
2.333251189147546e-07	3.055703e-01	3.052739e-01	3.064013e-01
2.334148332004690e-07	3.055711e-01	3.052684e-01	3.064267e-01
2.334258332004690e-07	3.055712e-01	3.052678e-01	3.064294e-01
2.334689760576119e-07	3.055716e-01	3.052652e-01	3.064395e-01
2.335121189147548e-07	3.055719e-01	3.052627e-01	3.064486e-01
2.335552617718977e-07	3.055723e-01	3.052603e-01	3.064568e-01
2.335984046290406e-07	3.055726e-01	3.052579e-01	3.064639e-01
2.336415474861835e-07	3.055729e-01	3.052555e-01	3.064701e-01
2.336846903433264e-07	3.055731e-01	3.052532e-01	3.064752e-01
2.337278332004693e-07	3.055734e-01	3.052510e-01	3.064794e-01
2.338098332004694e-07	3.055739e-01	3.052469e-01	3.064843e-01
2.338108332004694e-07	3.055739e-01	3.052468e-01	3.064844e-01
2.338128332004694e-07	3.055739e-01	3.052467e-01	3.064845e-01
2.338138332004694e-07	3.055739e-01	3.052467e-01	3.064845e-01
2.338199760576123e-07	3.055739e-01	3.052464e-01	3.064847e-01
2.338261189147551e-07	3.055740e-01	3.052461e-01	3.064849e-01
2.338322617718980e-07	3.055740e-01	3.052458e-01	3.064850e-01
2.338384046290409e-07	3.055740e-01	3.052455e-01	3.064851e-01
2.338445474861837e-07	3.055741e-01	3.052452e-01	3.064853e-01
2.338506903433266e-07	3.055741e-01	3.052449e-01	3.064853e-01
2.338568332004695e-07	3.055741e-01	3.052446e-01	3.064854e-01
2.338665474861838e-07	3.055742e-01	3.052441e-01	3.064855e-01
2.338762617718980e-07	3.055742e-01	3.052436e-01	3.064855e-01
2.338859760576123e-07	3.055743e-01	3.052432e-01	3.064854e-01
2.338956903433267e-07	3.055743e-01	3.052427e-01	3.064852e-01
2.339054046290410e-07	3.055744e-01	3.052423e-01	3.064850e-01
2.339151189147552e-07	3.055744e-01	3.052418e-01	3.064846e-01
2.339248332004695e-07	3.055744e-01	3.052414e-01	3.064843e-01
2.339369760576124e-07	3.055745e-01	3.052408e-01	3.064836e-01
2.339491189147553e-07	3.055746e-01	3.052403e-01	3.064829e-01
2.339612617718981e-07	3.055746e-01	3.052397e-01	3.064820e-01
2.339734046290410e-07	3.055747e-01	3.052392e-01	3.064809e-01
2.339855474861839e-07	3.055747e-01	3.052386e-01	3.064797e-01
2.339976903433268e-07	3.055748e-01	3.052381e-01	3.064783e-01
2.340098332004696e-07	3.055748e-01	3.052375e-01	3.064768e-01
2.340305474861840e-07	3.055749e-01	3.052366e-01	3.064739e-01
2.340512617718982e-07	3.055750e-01	3.052357e-01	3.064704e-01
2.340719760576126e-07	3.055751e-01	3.052349e-01	3.064666e-01
2.340926903433269e-07	3.055751e-01	3.052340e-01	3.064623e-01
2.341134046290412e-07	3.055752e-01	3.052331e-01	3.064576e-01
2.341341189147555e-07	3.055753e-01	3.052323e-01	3.064524e-01
2.341548332004698e-07	3.055753e-01	3.052315e-01	3.064468e-01
2.341968332004698e-07	3.055755e-01	3.052298e-01	3.064340e-01
2.342388332004699e-07	3.055756e-01	3.052282e-01	3.064201e-01
2.342808332004699e-07	3.055757e-01	3.052266e-01	3.064053e-01
2.343228332004700e-07	3.055758e-01	3.052250e-01	3.063895e-01
2.343648332004700e-07	3.055759e-01	3.052235e-01	3.063728e-01
2.344068332004701e-07	3.055760e-01	3.052221e-01	3.063550e-01
2.344488332004701e-07	3.055761e-01	3.052207e-01	3.063363e-01
2.344498332004701e-07	3.055761e-01	3.052206e-01	3.063358e-01
2.344978332004702e-07	3.055761e-01	3.052191e-01	3.063139e-01
2.345458332004702e-07	3.055762e-01	3.052175e-01	3.062923e-01
2.345938332004703e-07	3.055763e-01	3.052161e-01	3.062711e-01
2.346418332004704e-07	3.055763e-01	3.052147e-01	3.062502e-01
2.346898332004704e-07	3.055764e-01	3.052133e-01	3.062297e-01
2.347378332004705e-07	3.055764e-01	3.052120e-01	3.062095e-01
2.347858332004705e-07	3.055764e-01	3.052107e-01	3.061897e-01
2.348204046290420e-07	3.055764e-01	3.052098e-01	3.061763e-01
2.348549760576134e-07	3.055765e-01	3.052089e-01	3.061636e-01
2.348895474861849e-07	3.055765e-01	3.052081e-01	3.061516e-01
2.349241189147564e-07	3.055765e-01	3.052073e-01	3.061402e-01
2.349586903433279e-07	3.055765e-01	3.052065e-01	3.061294e-01
2.349932617718993e-07	3.055765e-01	3.052057e-01	3.061192e-01
2.350278332004708e-07	3.055765e-01	3.052049e-01	3.061097e-01
2.350624046290423e-07	3.055765e-01	3.052042e-01	3.061010e-01
2.350969760576137e-07	3.055765e-01	3.052035e-01	3.060928e-01
2.351315474861852e-07	3.055765e-01	3.052028e-01	3.060852e-01
2.351661189147567e-07	3.055765e-01	3.052021e-01	3.060782e-01
2.352006903433281e-07	3.055765e-01	3.052014e-01	3.060717e-01
2.352352617718996e-07	3.055765e-01	3.052008e-01	3.060658e-01
2.352698332004711e-07	3.055764e-01	3.052001e-01	3.060604e-01
2.352988332004711e-07	3.055764e-01	3.051996e-01	3.060562e-01
2.353278332004711e-07	3.055764e-01	3.051991e-01	3.060522e-01
2.353568332004712e-07	3.055764e-01	3.051986e-01	3.060484e-01
2.353858332004712e-07	3.055764e-01	3.051982e-01	3.060447e-01
2.354148332004712e-07	3.055764e-01	3.051977e-01	3.060412e-01
2.354438332004713e-07	3.055763e-01	3.051972e-01	3.060379e-01
2.354728332004713e-07	3.055763e-01	3.051968e-01	3.060347e-01
2.354738332004713e-07	3.055763e-01	3.051968e-01	3.060346e-01
2.355104046290428e-07	3.055763e-01	3.051962e-01	3.060307e-01
2.355469760576142e-07	3.055763e-01	3.051957e-01	3.060266e-01
2.355835474861857e-07	3.055762e-01	3.051952e-01	3.060225e-01
2.356201189147572e-07	3.055762e-01	3.051947e-01	3.060182e-01
2.356566903433286e-07	3.055762e-01	3.051942e-01	3.060137e-01
2.356932617719001e-07	3.055762e-01	3.051938e-01	3.060092e-01
2.357298332004716e-07	3.055761e-01	3.051933e-01	3.060045e-01
2.357664046290431e-07	3.055761e-01	3.051929e-01	3.059994e-01
2.358029760576145e-07	3.055761e-01	3.051924e-01	3.059939e-01
2.358395474861860e-07	3.055760e-01	3.051920e-01	3.059880e-01
2.358761189147575e-07	3.055760e-01	3.051916e-01	3.059817e-01
2.359126903433289e-07	3.055760e-01	3.051912e-01	3.059750e-01
2.359492617719004e-07	3.055759e-01	3.051909e-01	3.059679e-01
2.359858332004719e-07	3.055759e-01	3.051905e-01	3.059604e-01
2.360346903433291e-07	3.055758e-01	3.051901e-01	3.059495e-01
2.360835474861863e-07	3.055758e-01	3.051896e-01	3.059379e-01
2.361324046290435e-07	3.055758e-01	3.051892e-01	3.059256e-01
2.361812617719007e-07	3.055757e-01	3.051888e-01	3.059125e-01
2.362301189147579e-07	3.055757e-01	3.051884e-01	3.058987e-01
2.362789760576151e-07	3.055756e-01	3.051881e-01	3.058841e-01
2.363278332004723e-07	3.055755e-01	3.051877e-01	3.058688e-01
2.363519760576151e-07	3.055755e-01	3.051875e-01	3.058611e-01
2.363761189147580e-07	3.055755e-01	3.051874e-01	3.058532e-01
2.364002617719009e-07	3.055755e-01	3.051872e-01	3.058452e-01
2.364244046290438e-07	3.055754e-01	3.051871e-01	3.058372e-01
2.364485474861867e-07	3.055754e-01	3.051869e-01	3.058290e-01
2.364726903433296e-07	3.055754e-01	3.051868e-01	3.058207e-01
2.364968332004725e-07	3.055754e-01	3.051866e-01	3.058123e-01
2.364978332004725e-07	3.055754e-01	3.051866e-01	3.058119e-01
2.365804046290440e-07	3.055753e-01	3.051862e-01	3.057818e-01
2.366629760576155e-07	3.055752e-01	3.051857e-01	3.057520e-01
2.367455474861870e-07	3.055751e-01	3.051853e-01	3.057226e-01
2.368281189147585e-07	3.055751e-01	3.051850e-01	3.056934e-01
2.369106903433301e-07	3.055750e-01	3.051846e-01	3.056646e-01
2.369932617719016e-07	3.055749e-01	3.051843e-01	3.056361e-01
2.370758332004731e-07	3.055748e-01	3.051841e-01	3.056079e-01
2.371394046290446e-07	3.055748e-01	3.051839e-01	3.055875e-01
2.372029760576161e-07	3.055747e-01	3.051837e-01	3.055682e-01
2.372665474861876e-07	3.055747e-01	3.051835e-01	3.055498e-01
2.373301189147591e-07	3.055746e-01	3.051834e-01	3.055326e-01
2.373936903433306e-07	3.055746e-01	3.051832e-01	3.055163e-01
2.374572617719021e-07	3.055745e-01	3.051831e-01	3.055010e-01
2.375208332004736e-07	3.055745e-01	3.051830e-01	3.054868e-01
2.375218332004736e-07	3.055745e-01	3.051830e-01	3.054866e-01
2.375855474861880e-07	3.055745e-01	3.051828e-01	3.054737e-01
2.376492617719023e-07	3.055744e-01	3.051827e-01	3.054619e-01
2.377129760576167e-07	3.055744e-01	3.051826e-01	3.054512e-01
2.377766903433311e-07	3.055743e-01	3.051825e-01	3.054417e-01
2.378404046290454e-07	3.055743e-01	3.051824e-01	3.054332e-01
2.379041189147598e-07	3.055743e-01	3.051824e-01	3.054259e-01
2.379678332004741e-07	3.055742e-01	3.051823e-01	3.054198e-01
2.380258332004742e-07	3.055742e-01	3.051823e-01	3.054151e-01
2.380838332004743e-07	3.055742e-01	3.051822e-01	3.054111e-01
2.381418332004743e-07	3.055741e-01	3.051822e-01	3.054079e-01
2.381998332004744e-07	3.055741e-01	3.051821e-01	3.054054e-01
2.382578332004745e-07	3.055741e-01	3.051821e-01	3.054036e-01
2.383158332004745e-07	3.055740e-01	3.051820e-01	3.054025e-01
2.383738332004746e-07	3.055740e-01	3.051820e-01	3.054022e-01
2.383982617719027e-07	3.055740e-01	3.051820e-01	3.054022e-01
2.384226903433308e-07	3.055740e-01	3.051820e-01	3.054023e-01
2.384471189147589e-07	3.055740e-01	3.051820e-01	3.054024e-01
2.384715474861871e-07	3.055740e-01	3.051819e-01	3.054027e-01
2.384959760576152e-07	3.055740e-01	3.051819e-01	3.054031e-01
2.385204046290433e-07	3.055739e-01	3.051819e-01	3.054036e-01
2.385448332004714e-07	3.055739e-01	3.051819e-01	3.054042e-01
2.385458332004714e-07	3.055739e-01	3.051819e-01	3.054042e-01
2.386188332004696e-07	3.055739e-01	3.051819e-01	3.054065e-01
2.386918332004677e-07	3.055739e-01	3.051818e-01	3.054094e-01
2.387648332004659e-07	3.055739e-01	3.051818e-01	3.054127e-01
2.388378332004640e-07	3.055738e-01	3.051818e-01	3.054165e-01
2.389108332004622e-07	3.055738e-01	3.051818e-01	3.054207e-01
2.389838332004603e-07	3.055738e-01	3.051818e-01	3.054255e-01
2.390568332004585e-07	3.055738e-01	3.051818e-01	3.054307e-01
2.391299760575995e-07	3.055737e-01	3.051818e-01	3.054362e-01
2.392031189147405e-07	3.055737e-01	3.051818e-01	3.054417e-01
2.392762617718815e-07	3.055737e-01	3.051817e-01	3.054474e-01
2.393494046290225e-07	3.055737e-01	3.051817e-01	3.054531e-01
2.394225474861635e-07	3.055737e-01	3.051817e-01	3.054589e-01
2.394956903433045e-07	3.055737e-01	3.051817e-01	3.054647e-01
2.395688332004455e-07	3.055737e-01	3.051817e-01	3.054707e-01
2.395698332004455e-07	3.055737e-01	3.051817e-01	3.054708e-01
2.395948332004448e-07	3.055737e-01	3.051817e-01	3.054728e-01
2.396198332004442e-07	3.055737e-01	3.051817e-01	3.054747e-01
2.396448332004436e-07	3.055736e-01	3.051817e-01	3.054767e-01
2.396698332004429e-07	3.055736e-01	3.051817e-01	3.054787e-01
2.396948332004423e-07	3.055736e-01	3.051817e-01	3.054806e-01
2.397198332004417e-07	3.055736e-01	3.051817e-01	3.054825e-01
2.397448332004410e-07	3.055736e-01	3.051817e-01	3.054845e-01
2.397478332004410e-07	3.055736e-01	3.051817e-01	3.054847e-01
2.397508332004409e-07	3.055736e-01	3.051817e-01	3.054850e-01
2.397538332004408e-07	3.055736e-01	3.051818e-01	3.054852e-01
2.397562617718693e-07	3.055736e-01	3.051818e-01	3.054854e-01
2.397586903432978e-07	3.055736e-01	3.051818e-01	3.054855e-01
2.397611189147263e-07	3.055736e-01	3.051818e-01	3.054857e-01
2.397635474861549e-07	3.055736e-01	3.051818e-01	3.054859e-01
2.397659760575834e-07	3.055736e-01	3.051819e-01	3.054861e-01
2.397684046290119e-07	3.055736e-01	3.051819e-01	3.054863e-01
2.397708332004404e-07	3.055736e-01	3.051820e-01	3.054865e-01
2.397741189147260e-07	3.055736e-01	3.051821e-01	3.054867e-01
2.397774046290116e-07	3.055736e-01	3.051822e-01	3.054870e-01
2.397806903432973e-07	3.055736e-01	3.051823e-01	3.054872e-01
2.397839760575829e-07	3.055736e-01	3.051825e-01	3.054875e-01
2.397872617718685e-07	3.055736e-01	3.051826e-01	3.054877e-01
2.397905474861542e-07	3.055736e-01	3.051828e-01	3.054880e-01
2.397938332004398e-07	3.055736e-01	3.051830e-01	3.054882e-01
2.397994046290111e-07	3.055736e-01	3.051833e-01	3.054886e-01
2.398049760575824e-07	3.055736e-01	3.051837e-01	3.054891e-01
2.398105474861537e-07	3.055736e-01	3.051840e-01	3.054895e-01
2.398161189147249e-07	3.055736e-01	3.051844e-01	3.054899e-01
2.398216903432962e-07	3.055736e-01	3.051847e-01	3.054903e-01
2.398272617718675e-07	3.055735e-01	3.051851e-01	3.054907e-01
2.398328332004388e-07	3.055735e-01	3.051855e-01	3.054911e-01
2.398376903432958e-07	3.055735e-01	3.051858e-01	3.054915e-01
2.398425474861528e-07	3.055735e-01	3.051860e-01	3.054919e-01
2.398474046290099e-07	3.055734e-01	3.051863e-01	3.054922e-01
2.398522617718669e-07	3.055734e-01	3.051864e-01	3.054926e-01
2.398571189147239e-07	3.055733e-01	3.051866e-01	3.054930e-01
2.398619760575809e-07	3.055733e-01	3.051867e-01	3.054933e-01
2.398668332004379e-07	3.055732e-01	3.051868e-01	3.054937e-01
2.398709760575807e-07	3.055732e-01	3.051868e-01	3.054940e-01
2.398751189147235e-07	3.055731e-01	3.051868e-01	3.054943e-01
2.398792617718662e-07	3.055730e-01	3.051867e-01	3.054946e-01
2.398834046290090e-07	3.055729e-01	3.051866e-01	3.054949e-01
2.398875474861517e-07	3.055728e-01	3.051864e-01	3.054952e-01
2.398916903432945e-07	3.055727e-01	3.051862e-01	3.054955e-01
2.398958332004372e-07	3.055726e-01	3.051860e-01	3.054958e-01
2.399016903432942e-07	3.055725e-01	3.051856e-01	3.054962e-01
2.399075474861512e-07	3.055723e-01	3.051850e-01	3.054967e-01
2.399134046290082e-07	3.055721e-01	3.051844e-01	3.054971e-01
2.399192617718652e-07	3.055719e-01	3.051837e-01	3.054975e-01
2.399251189147222e-07	3.055716e-01	3.051829e-01	3.054979e-01
2.399309760575792e-07	3.055714e-01	3.051819e-01	3.054984e-01
2.399368332004362e-07	3.055711e-01	3.051809e-01	3.054988e-01
2.399461189147217e-07	3.055706e-01	3.051791e-01	3.054994e-01
2.399554046290071e-07	3.055700e-01	3.051770e-01	3.055001e-01
2.399646903432926e-07	3.055694e-01	3.051748e-01	3.055008e-01
2.399739760575781e-07	3.055687e-01	3.051724e-01	3.055014e-01
2.399832617718636e-07	3.055679e-01	3.051698e-01	3.055021e-01
2.399925474861490e-07	3.055670e-01	3.051671e-01	3.055027e-01
2.400018332004345e-07	3.055661e-01	3.051642e-01	3.055034e-01
2.400154046290056e-07	3.055647e-01	3.051596e-01	3.055043e-01
2.400289760575767e-07	3.055631e-01	3.051551e-01	3.055053e-01
2.400425474861478e-07	3.055613e-01	3.051506e-01	3.055062e-01
2.400561189147189e-07	3.055594e-01	3.051462e-01	3.055071e-01
2.400696903432900e-07	3.055574e-01	3.051419e-01	3.055080e-01
2.400832617718610e-07	3.055552e-01	3.051376e-01	3.055089e-01
2.400968332004321e-07	3.055529e-01	3.051333e-01	3.055098e-01
2.401066903432890e-07	3.055512e-01	3.051306e-01	3.055105e-01
2.401165474861459e-07	3.055494e-01	3.051280e-01	3.055111e-01
2.401264046290028e-07	3.055475e-01	3.051256e-01	3.055118e-01
2.401362617718597e-07	3.055457e-01	3.051235e-01	3.055124e-01
2.401461189147166e-07	3.055437e-01	3.051216e-01	3.055131e-01
2.401559760575735e-07	3.055418e-01	3.051198e-01	3.055137e-01
2.401658332004304e-07	3.055398e-01	3.051184e-01	3.055143e-01
2.401728332004302e-07	3.055383e-01	3.051175e-01	3.055148e-01
2.401798332004300e-07	3.055368e-01	3.051168e-01	3.055152e-01
2.401868332004298e-07	3.055354e-01	3.051162e-01	3.055157e-01
2.401938332004297e-07	3.055339e-01	3.051157e-01	3.055161e-01
2.402008332004295e-07	3.055324e-01	3.051154e-01	3.055165e-01
2.402078332004293e-07	3.055309e-01	3.051153e-01	3.055170e-01
2.402148332004291e-07	3.055294e-01	3.051153e-01	3.055174e-01
2.402238332004289e-07	3.055274e-01	3.051155e-01	3.055180e-01
2.402328332004287e-07	3.055255e-01	3.051159e-01	3.055185e-01
2.402418332004284e-07	3.055235e-01	3.051166e-01	3.055191e-01
2.402508332004282e-07	3.055216e-01	3.051175e-01	3.055196e-01
2.402598332004280e-07	3.055196e-01	3.051187e-01	3.055202e-01
2.402688332004278e-07	3.055177e-01	3.051201e-01	3.055207e-01
2.402778332004275e-07	3.055158e-01	3.051217e-01	3.055212e-01
2.402955474861414e-07	3.055120e-01	3.051257e-01	3.055223e-01
2.403132617718552e-07	3.055082e-01	3.051304e-01	3.055233e-01
2.403309760575690e-07	3.055045e-01	3.051359e-01	3.055243e-01
2.403486903432829e-07	3.055009e-01	3.051421e-01	3.055254e-01
2.403664046289967e-07	3.054973e-01	3.051490e-01	3.055264e-01
2.403841189147106e-07	3.054938e-01	3.051567e-01	3.055273e-01
2.404018332004244e-07	3.054903e-01	3.051651e-01	3.055283e-01
2.404229760575667e-07	3.054864e-01	3.051760e-01	3.055295e-01
2.404441189147090e-07	3.054823e-01	3.051874e-01	3.055306e-01
2.404652617718514e-07	3.054783e-01	3.051995e-01	3.055317e-01
2.404864046289937e-07	3.054742e-01	3.052122e-01	3.055328e-01
2.405075474861360e-07	3.054701e-01	3.052255e-01	3.055339e-01
2.405286903432783e-07	3.054660e-01	3.052394e-01	3.055349e-01
2.405498332004206e-07	3.054618e-01	3.052540e-01	3.055360e-01
2.405559760575633e-07	3.054606e-01	3.052583e-01	3.055363e-01
2.405621189147060e-07	3.054593e-01	3.052626e-01	3.055365e-01
2.405682617718487e-07	3.054580e-01	3.052670e-01	3.055368e-01
2.405744046289915e-07	3.054567e-01	3.052714e-01	3.055371e-01
2.405805474861342e-07	3.054554e-01	3.052758e-01	3.055374e-01
2.405866903432769e-07	3.054540e-01	3.052803e-01	3.055377e-01
2.405928332004196e-07	3.054527e-01	3.052848e-01	3.055380e-01
2.405938332004195e-07	3.054525e-01	3.052855e-01	3.055381e-01
2.406202617718474e-07	3.054465e-01	3.053054e-01	3.055393e-01
2.406466903432753e-07	3.054400e-01	3.053258e-01	3.055405e-01
2.406731189147032e-07	3.054328e-01	3.053467e-01	3.055417e-01
2.406995474861311e-07	3.054250e-01	3.053680e-01	3.055428e-01
2.407259760575590e-07	3.054165e-01	3.053899e-01	3.055439e-01
2.407524046289869e-07	3.054074e-01	3.054122e-01	3.055450e-01
2.407788332004148e-07	3.053977e-01	3.054351e-01	3.055461e-01
2.408058332004142e-07	3.053868e-01	3.054589e-01	3.055471e-01
2.408328332004135e-07	3.053750e-01	3.054827e-01	3.055482e-01
2.408598332004128e-07	3.053622e-01	3.055064e-01	3.055492e-01
2.408868332004121e-07	3.053485e-01	3.055301e-01	3.055501e-01
2.409138332004114e-07	3.053339e-01	3.055537e-01	3.055511e-01
2.409408332004107e-07	3.053184e-01	3.055773e-01	3.055520e-01
2.409678332004101e-07	3.053020e-01	3.056008e-01	3.055529e-01
2.410064046289805e-07	3.052765e-01	3.056342e-01	3.055541e-01
2.410449760575510e-07	3.052499e-01	3.056649e-01	3.055553e-01
2.410835474861214e-07	3.052220e-01	3.056927e-01	3.055564e-01
2.411221189146919e-07	3.051930e-01	3.057177e-01	3.055575e-01
2.411606903432623e-07	3.051627e-01	3.057399e-01	3.055585e-01
2.411992617718328e-07	3.051312e-01	3.057593e-01	3.055595e-01
2.412378332004032e-07	3.050985e-01	3.057759e-01	3.055604e-01
2.412529760575457e-07	3.050857e-01	3.057808e-01	3.055608e-01
2.412681189146882e-07	3.050729e-01	3.057850e-01	3.055611e-01
2.412832617718306e-07	3.050601e-01	3.057884e-01	3.055615e-01
2.412984046289731e-07	3.050472e-01	3.057911e-01	3.055618e-01
2.413135474861156e-07	3.050344e-01	3.057930e-01	3.055621e-01
2.413286903432581e-07	3.050215e-01	3.057942e-01	3.055624e-01
2.413438332004005e-07	3.050086e-01	3.057947e-01	3.055628e-01
2.413584046289716e-07	3.049963e-01	3.057943e-01	3.055631e-01
2.413729760575426e-07	3.049840e-01	3.057932e-01	3.055633e-01
2.413875474861137e-07	3.049718e-01	3.057913e-01	3.055636e-01
2.414021189146848e-07	3.049596e-01	3.057886e-01	3.055639e-01
2.414166903432558e-07	3.049476e-01	3.057852e-01	3.055642e-01
2.414312617718269e-07	3.049356e-01	3.057810e-01	3.055644e-01
2.414458332003979e-07	3.049237e-01	3.057760e-01	3.055647e-01
2.414702617718259e-07	3.049039e-01	3.057658e-01	3.055651e-01
2.414946903432538e-07	3.048846e-01	3.057535e-01	3.055655e-01
2.415191189146818e-07	3.048658e-01	3.057391e-01	3.055659e-01
2.415435474861098e-07	3.048475e-01	3.057225e-01	3.055663e-01
2.415679760575377e-07	3.048297e-01	3.057038e-01	3.055666e-01
2.415924046289657e-07	3.048123e-01	3.056830e-01	3.055669e-01
2.416168332003936e-07	3.047955e-01	3.056600e-01	3.055673e-01
2.416178332003936e-07	3.047948e-01	3.056590e-01	3.055673e-01
2.416546903432498e-07	3.047705e-01	3.056199e-01	3.055678e-01
2.416915474861060e-07	3.047479e-01	3.055774e-01	3.055682e-01
2.417284046289622e-07	3.047269e-01	3.055316e-01	3.055686e-01
2.417652617718184e-07	3.047076e-01	3.054825e-01	3.055690e-01
2.418021189146746e-07	3.046898e-01	3.054300e-01	3.055693e-01
2.418389760575308e-07	3.046737e-01	3.053742e-01	3.055696e-01
2.418758332003870e-07	3.046592e-01	3.053150e-01	3.055699e-01
2.419071189146720e-07	3.046484e-01	3.052635e-01	3.055701e-01
2.419384046289569e-07	3.046387e-01	3.052113e-01	3.055703e-01
2.419696903432418e-07	3.046303e-01	3.051587e-01	3.055705e-01
2.420009760575267e-07	3.046231e-01	3.051056e-01	3.055707e-01
2.420322617718117e-07	3.046170e-01	3.050520e-01	3.055708e-01
2.420635474860966e-07	3.046121e-01	3.049978e-01	3.055710e-01
2.420948332003815e-07	3.046085e-01	3.049432e-01	3.055711e-01
2.421108332003811e-07	3.046070e-01	3.049156e-01	3.055712e-01
2.421268332003807e-07	3.046058e-01	3.048883e-01	3.055712e-01
2.421428332003803e-07	3.046049e-01	3.048611e-01	3.055713e-01
2.421588332003799e-07	3.046042e-01	3.048341e-01	3.055713e-01
2.421748332003795e-07	3.046039e-01	3.048074e-01	3.055714e-01
2.421908332003791e-07	3.046038e-01	3.047808e-01	3.055714e-01
2.422068332003787e-07	3.046039e-01	3.047544e-01	3.055714e-01
2.422495474860919e-07	3.046058e-01	3.046849e-01	3.055715e-01
2.422922617718051e-07	3.046091e-01	3.046189e-01	3.055716e-01
2.423349760575183e-07	3.046138e-01	3.045564e-01	3.055716e-01
2.423776903432315e-07	3.046199e-01	3.044974e-01	3.055716e-01
2.424204046289447e-07	3.046274e-01	3.044419e-01	3.055716e-01
2.424631189146579e-07	3.046363e-01	3.043900e-01	3.055715e-01
2.425058332003711e-07	3.046466e-01	3.043416e-01	3.055715e-01
2.425251189146563e-07	3.046514e-01	3.043215e-01	3.055715e-01
2.425444046289415e-07	3.046565e-01	3.043023e-01	3.055715e-01
2.425636903432268e-07	3.046617e-01	3.042842e-01	3.055714e-01
2.425829760575120e-07	3.046670e-01	3.042669e-01	3.055714e-01
2.426022617717972e-07	3.046725e-01	3.042506e-01	3.055714e-01
2.426215474860824e-07	3.046782e-01	3.042353e-01	3.055713e-01
2.426408332003677e-07	3.046841e-01	3.042209e-01	3.055713e-01
2.426418332003676e-07	3.046844e-01	3.042202e-01	3.055712e-01
2.426729760575097e-07	3.046942e-01	3.041991e-01	3.055712e-01
2.427041189146518e-07	3.047042e-01	3.041806e-01	3.055711e-01
2.427352617717938e-07	3.047144e-01	3.041645e-01	3.055710e-01
2.427664046289359e-07	3.047248e-01	3.041509e-01	3.055709e-01
2.427975474860780e-07	3.047354e-01	3.041398e-01	3.055708e-01
2.428286903432201e-07	3.047463e-01	3.041312e-01	3.055707e-01
2.428598332003621e-07	3.047574e-01	3.041251e-01	3.055705e-01
2.428731189146475e-07	3.047621e-01	3.041232e-01	3.055705e-01
2.428864046289329e-07	3.047668e-01	3.041217e-01	3.055704e-01
2.428996903432183e-07	3.047716e-01	3.041206e-01	3.055704e-01
2.429129760575036e-07	3.047763e-01	3.041200e-01	3.055703e-01
2.429262617717890e-07	3.047811e-01	3.041197e-01	3.055703e-01
2.429395474860744e-07	3.047859e-01	3.041199e-01	3.055702e-01
2.429528332003598e-07	3.047907e-01	3.041205e-01	3.055702e-01
2.429538332003597e-07	3.047910e-01	3.041206e-01	3.055702e-01
2.429548332003597e-07	3.047914e-01	3.041207e-01	3.055702e-01
2.429558332003597e-07	3.047917e-01	3.041206e-01	3.055702e-01
2.429568332003597e-07	3.047921e-01	3.041205e-01	3.055702e-01
2.429578332003596e-07	3.047925e-01	3.041209e-01	3.055701e-01
2.429588332003596e-07	3.047928e-01	3.041209e-01	3.055701e-01
2.429608332003596e-07	3.047935e-01	3.041210e-01	3.055701e-01
2.429618332003595e-07	3.047939e-01	3.041211e-01	3.055701e-01
2.429628332003595e-07	3.047943e-01	3.041212e-01	3.055701e-01
2.429664046289308e-07	3.047956e-01	3.041215e-01	3.055701e-01
2.429699760575022e-07	3.047969e-01	3.041218e-01	3.055701e-01
2.429735474860735e-07	3.047982e-01	3.041222e-01	3.055701e-01
2.429771189146449e-07	3.047995e-01	3.041226e-01	3.055701e-01
2.429806903432162e-07	3.048008e-01	3.041230e-01	3.055700e-01
2.429842617717875e-07	3.048021e-01	3.041234e-01	3.055700e-01
2.429878332003589e-07	3.048034e-01	3.041239e-01	3.055700e-01
2.429968332003586e-07	3.048067e-01	3.041252e-01	3.055700e-01
2.430058332003584e-07	3.048101e-01	3.041268e-01	3.055699e-01
2.430148332003582e-07	3.048135e-01	3.041286e-01	3.055699e-01
2.430238332003580e-07	3.048169e-01	3.041306e-01	3.055698e-01
2.430328332003577e-07	3.048204e-01	3.041328e-01	3.055698e-01
2.430418332003575e-07	3.048238e-01	3.041352e-01	3.055698e-01
2.430508332003573e-07	3.048273e-01	3.041379e-01	3.055697e-01
2.430624046289284e-07	3.048319e-01	3.041418e-01	3.055697e-01
2.430739760574996e-07	3.048364e-01	3.041459e-01	3.055696e-01
2.430855474860707e-07	3.048409e-01	3.041504e-01	3.055696e-01
2.430971189146418e-07	3.048454e-01	3.041551e-01	3.055695e-01
2.431086903432130e-07	3.048499e-01	3.041602e-01	3.055694e-01
2.431202617717841e-07	3.048545e-01	3.041656e-01	3.055694e-01
2.431318332003552e-07	3.048590e-01	3.041713e-01	3.055693e-01
2.431464046289263e-07	3.048646e-01	3.041788e-01	3.055692e-01
2.431609760574973e-07	3.048702e-01	3.041863e-01	3.055692e-01
2.431755474860684e-07	3.048758e-01	3.041940e-01	3.055691e-01
2.431901189146395e-07	3.048814e-01	3.042019e-01	3.055690e-01
2.432046903432105e-07	3.048870e-01	3.042098e-01	3.055689e-01
2.432192617717816e-07	3.048926e-01	3.042178e-01	3.055689e-01
2.432338332003526e-07	3.048982e-01	3.042259e-01	3.055688e-01
2.432466903432095e-07	3.049031e-01	3.042329e-01	3.055687e-01
2.432595474860663e-07	3.049081e-01	3.042398e-01	3.055687e-01
2.432724046289231e-07	3.049131e-01	3.042467e-01	3.055686e-01
2.432852617717799e-07	3.049183e-01	3.042536e-01	3.055685e-01
2.432981189146367e-07	3.049234e-01	3.042605e-01	3.055685e-01
2.433109760574935e-07	3.049287e-01	3.042673e-01	3.055684e-01
2.433238332003504e-07	3.049339e-01	3.042741e-01	3.055683e-01
2.433412617717785e-07	3.049412e-01	3.042831e-01	3.055682e-01
2.433586903432066e-07	3.049487e-01	3.042926e-01	3.055681e-01
2.433761189146348e-07	3.049564e-01	3.043025e-01	3.055680e-01
2.433935474860629e-07	3.049644e-01	3.043129e-01	3.055679e-01
2.434109760574910e-07	3.049725e-01	3.043237e-01	3.055678e-01
2.434284046289191e-07	3.049808e-01	3.043350e-01	3.055677e-01
2.434458332003473e-07	3.049893e-01	3.043467e-01	3.055677e-01
2.434654046289182e-07	3.049992e-01	3.043609e-01	3.055675e-01
2.434849760574891e-07	3.050093e-01	3.043769e-01	3.055674e-01
2.435045474860601e-07	3.050197e-01	3.043947e-01	3.055673e-01
2.435241189146310e-07	3.050304e-01	3.044143e-01	3.055672e-01
2.435436903432019e-07	3.050413e-01	3.044357e-01	3.055671e-01
2.435632617717729e-07	3.050525e-01	3.044589e-01	3.055670e-01
2.435828332003438e-07	3.050639e-01	3.044839e-01	3.055669e-01
2.435945474860578e-07	3.050708e-01	3.045001e-01	3.055668e-01
2.436062617717718e-07	3.050778e-01	3.045172e-01	3.055667e-01
2.436179760574858e-07	3.050849e-01	3.045351e-01	3.055667e-01
2.436296903431998e-07	3.050920e-01	3.045539e-01	3.055666e-01
2.436414046289137e-07	3.050992e-01	3.045735e-01	3.055665e-01
2.436531189146277e-07	3.051065e-01	3.045940e-01	3.055665e-01
2.436648332003417e-07	3.051138e-01	3.046153e-01	3.055664e-01
2.436658332003417e-07	3.051144e-01	3.046172e-01	3.055664e-01
2.436905474860554e-07	3.051301e-01	3.046657e-01	3.055663e-01
2.437152617717690e-07	3.051459e-01	3.047175e-01	3.055661e-01
2.437399760574827e-07	3.051617e-01	3.047727e-01	3.055660e-01
2.437646903431963e-07	3.051777e-01	3.048313e-01	3.055658e-01
2.437894046289100e-07	3.051939e-01	3.048931e-01	3.055657e-01
2.438141189146237e-07	3.052101e-01	3.049583e-01	3.055656e-01
2.438388332003373e-07	3.052264e-01	3.050269e-01	3.055654e-01
2.438835474860505e-07	3.052562e-01	3.051612e-01	3.055652e-01
2.439282617717636e-07	3.052856e-01	3.052956e-01	3.055649e-01
2.439729760574768e-07	3.053147e-01	3.054299e-01	3.055647e-01
2.440176903431899e-07	3.053435e-01	3.055643e-01	3.055644e-01
2.440624046289031e-07	3.053719e-01	3.056986e-01	3.055642e-01
2.441071189146162e-07	3.053999e-01	3.058329e-01	3.055639e-01
2.441518332003294e-07	3.054277e-01	3.059673e-01	3.055637e-01
2.441818332003286e-07	3.054458e-01	3.060508e-01	3.055635e-01
2.442118332003279e-07	3.054634e-01	3.061300e-01	3.055634e-01
2.442418332003271e-07	3.054805e-01	3.062049e-01	3.055632e-01
2.442718332003263e-07	3.054971e-01	3.062756e-01	3.055631e-01
2.443018332003256e-07	3.055132e-01	3.063420e-01	3.055629e-01
2.443318332003248e-07	3.055288e-01	3.064040e-01	3.055628e-01
2.443618332003241e-07	3.055438e-01	3.064618e-01	3.055626e-01
2.443896903431805e-07	3.055572e-01	3.065105e-01	3.055624e-01
2.444175474860369e-07	3.055699e-01	3.065550e-01	3.055623e-01
2.444454046288934e-07	3.055818e-01	3.065953e-01	3.055622e-01
2.444732617717498e-07	3.055930e-01	3.066314e-01	3.055620e-01
2.445011189146062e-07	3.056034e-01	3.066634e-01	3.055619e-01
2.445289760574627e-07	3.056131e-01	3.066913e-01	3.055618e-01
2.445568332003191e-07	3.056220e-01	3.067149e-01	3.055617e-01
2.445756903431758e-07	3.056275e-01	3.067287e-01	3.055616e-01
2.445945474860325e-07	3.056326e-01	3.067410e-01	3.055615e-01
2.446134046288891e-07	3.056372e-01	3.067516e-01	3.055614e-01
2.446322617717458e-07	3.056414e-01	3.067606e-01	3.055613e-01
2.446511189146024e-07	3.056452e-01	3.067681e-01	3.055612e-01
2.446699760574591e-07	3.056485e-01	3.067740e-01	3.055611e-01
2.446888332003158e-07	3.056514e-01	3.067782e-01	3.055611e-01
2.446898332003158e-07	3.056515e-01	3.067784e-01	3.055610e-01
2.447048332003154e-07	3.056534e-01	3.067808e-01	3.055610e-01
2.447198332003150e-07	3.056550e-01	3.067824e-01	3.055609e-01
2.447348332003146e-07	3.056563e-01	3.067832e-01	3.055609e-01
2.447498332003142e-07	3.056573e-01	3.067832e-01	3.055608e-01
2.447648332003139e-07	3.056580e-01	3.067825e-01	3.055607e-01
2.447798332003135e-07	3.056584e-01	3.067809e-01	3.055607e-01
2.447948332003131e-07	3.056585e-01	3.067786e-01	3.055606e-01
2.448139760574555e-07	3.056581e-01	3.067746e-01	3.055605e-01
2.448331189145978e-07	3.056572e-01	3.067698e-01	3.055604e-01
2.448522617717402e-07	3.056557e-01	3.067640e-01	3.055604e-01
2.448714046288826e-07	3.056538e-01	3.067574e-01	3.055603e-01
2.448905474860250e-07	3.056513e-01	3.067498e-01	3.055602e-01
2.449096903431673e-07	3.056483e-01	3.067414e-01	3.055601e-01
2.449288332003097e-07	3.056448e-01	3.067321e-01	3.055601e-01
2.449634046288803e-07	3.056369e-01	3.067133e-01	3.055599e-01
2.449979760574508e-07	3.056275e-01	3.066932e-01	3.055598e-01
2.450325474860214e-07	3.056165e-01	3.066719e-01	3.055596e-01
2.450671189145919e-07	3.056039e-01	3.066493e-01	3.055595e-01
2.451016903431625e-07	3.055897e-01	3.066256e-01	3.055594e-01
2.451362617717330e-07	3.055739e-01	3.066006e-01	3.055593e-01
2.451708332003036e-07	3.055564e-01	3.065744e-01	3.055592e-01
2.452101189145883e-07	3.055347e-01	3.065444e-01	3.055590e-01
2.452494046288730e-07	3.055116e-01	3.065146e-01	3.055589e-01
2.452886903431577e-07	3.054869e-01	3.064851e-01	3.055587e-01
2.453279760574424e-07	3.054608e-01	3.064557e-01	3.055586e-01
2.453672617717272e-07	3.054333e-01	3.064266e-01	3.055585e-01
2.454065474860119e-07	3.054043e-01	3.063977e-01	3.055584e-01
2.454458332002966e-07	3.053738e-01	3.063689e-01	3.055583e-01
2.454839760574385e-07	3.053432e-01	3.063420e-01	3.055582e-01
2.455221189145804e-07	3.053120e-01	3.063159e-01	3.055580e-01
2.455602617717223e-07	3.052803e-01	3.062906e-01	3.055579e-01
2.455984046288642e-07	3.052480e-01	3.062660e-01	3.055578e-01
2.456365474860061e-07	3.052152e-01	3.062423e-01	3.055577e-01
2.456746903431479e-07	3.051819e-01	3.062193e-01	3.055576e-01
2.457128332002898e-07	3.051480e-01	3.061972e-01	3.055575e-01
2.457138332002898e-07	3.051471e-01	3.061966e-01	3.055575e-01
2.457806903431453e-07	3.050867e-01	3.061602e-01	3.055574e-01
2.458475474860007e-07	3.050278e-01	3.061258e-01	3.055572e-01
2.459144046288562e-07	3.049702e-01	3.060934e-01	3.055571e-01
2.459812617717116e-07	3.049141e-01	3.060630e-01	3.055569e-01
2.460481189145671e-07	3.048594e-01	3.060346e-01	3.055568e-01
2.461149760574225e-07	3.048062e-01	3.060082e-01	3.055566e-01
2.461818332002780e-07	3.047543e-01	3.059837e-01	3.055565e-01
2.462409760574193e-07	3.047115e-01	3.059630e-01	3.055564e-01
2.463001189145607e-07	3.046713e-01	3.059430e-01	3.055563e-01
2.463592617717020e-07	3.046338e-01	3.059236e-01	3.055562e-01
2.464184046288434e-07	3.045989e-01	3.059050e-01	3.055561e-01
2.464775474859847e-07	3.045666e-01	3.058871e-01	3.055560e-01
2.465366903431261e-07	3.045370e-01	3.058699e-01	3.055559e-01
2.465958332002675e-07	3.045100e-01	3.058534e-01	3.055559e-01
2.467378332002639e-07	3.044574e-01	3.058152e-01	3.055557e-01
2.467862617716912e-07	3.044432e-01	3.058027e-01	3.055556e-01
2.468346903431186e-07	3.044309e-01	3.057904e-01	3.055556e-01
2.468831189145459e-07	3.044202e-01	3.057784e-01	3.055555e-01
2.469315474859732e-07	3.044113e-01	3.057666e-01	3.055555e-01
2.469799760574006e-07	3.044042e-01	3.057550e-01	3.055554e-01
2.470284046288279e-07	3.043988e-01	3.057437e-01	3.055554e-01
2.470768332002553e-07	3.043951e-01	3.057326e-01	3.055553e-01
2.471131189145401e-07	3.043934e-01	3.057245e-01	3.055553e-01
2.471494046288249e-07	3.043925e-01	3.057165e-01	3.055553e-01
2.471856903431097e-07	3.043924e-01	3.057086e-01	3.055552e-01
2.472219760573945e-07	3.043930e-01	3.057009e-01	3.055552e-01
2.472582617716793e-07	3.043945e-01	3.056933e-01	3.055552e-01
2.472945474859640e-07	3.043967e-01	3.056858e-01	3.055552e-01
2.473308332002488e-07	3.043997e-01	3.056785e-01	3.055551e-01
2.473922617716759e-07	3.044066e-01	3.056665e-01	3.055551e-01
2.474536903431029e-07	3.044150e-01	3.056549e-01	3.055550e-01
2.475151189145299e-07	3.044249e-01	3.056437e-01	3.055550e-01
2.475765474859569e-07	3.044363e-01	3.056330e-01	3.055550e-01
2.476379760573839e-07	3.044491e-01	3.056227e-01	3.055549e-01
2.476994046288109e-07	3.044634e-01	3.056129e-01	3.055549e-01
2.477608332002379e-07	3.044792e-01	3.056036e-01	3.055549e-01
2.477618332002379e-07	3.044795e-01	3.056034e-01	3.055549e-01
2.478499760573785e-07	3.045042e-01	3.055909e-01	3.055548e-01
2.479381189145192e-07	3.045298e-01	3.055793e-01	3.055548e-01
2.480262617716598e-07	3.045564e-01	3.055686e-01	3.055548e-01
2.481144046288004e-07	3.045838e-01	3.055589e-01	3.055547e-01
2.482025474859410e-07	3.046122e-01	3.055501e-01	3.055547e-01
2.482906903430817e-07	3.046414e-01	3.055423e-01	3.055547e-01
2.483788332002223e-07	3.046716e-01	3.055354e-01	3.055547e-01
2.484368332002208e-07	3.046911e-01	3.055313e-01	3.055546e-01
2.484948332002194e-07	3.047104e-01	3.055275e-01	3.055546e-01
2.485528332002179e-07	3.047295e-01	3.055241e-01	3.055546e-01
2.486108332002164e-07	3.047484e-01	3.055210e-01	3.055546e-01
2.486688332002149e-07	3.047671e-01	3.055182e-01	3.055546e-01
2.487268332002135e-07	3.047857e-01	3.055157e-01	3.055546e-01
2.487848332002120e-07	3.048040e-01	3.055135e-01	3.055546e-01
2.487858332002120e-07	3.048043e-01	3.055135e-01	3.055546e-01
2.488016903430687e-07	3.048092e-01	3.055130e-01	3.055546e-01
2.488175474859255e-07	3.048141e-01	3.055124e-01	3.055546e-01
2.488334046287822e-07	3.048190e-01	3.055119e-01	3.055546e-01
2.488492617716389e-07	3.048239e-01	3.055114e-01	3.055546e-01
2.488651189144957e-07	3.048287e-01	3.055110e-01	3.055546e-01
2.488809760573524e-07	3.048335e-01	3.055105e-01	3.055546e-01
2.488968332002092e-07	3.048382e-01	3.055101e-01	3.055546e-01
2.489015474859233e-07	3.048396e-01	3.055100e-01	3.055546e-01
2.489062617716375e-07	3.048411e-01	3.055098e-01	3.055546e-01
2.489109760573517e-07	3.048425e-01	3.055097e-01	3.055546e-01
2.489156903430658e-07	3.048439e-01	3.055096e-01	3.055546e-01
2.489204046287800e-07	3.048453e-01	3.055095e-01	3.055546e-01
2.489251189144942e-07	3.048467e-01	3.055094e-01	3.055546e-01
2.489298332002083e-07	3.048481e-01	3.055093e-01	3.055546e-01
2.489386903430652e-07	3.048507e-01	3.055091e-01	3.055546e-01
2.489475474859222e-07	3.048533e-01	3.055088e-01	3.055546e-01
2.489564046287791e-07	3.048559e-01	3.055087e-01	3.055547e-01
2.489652617716360e-07	3.048585e-01	3.055085e-01	3.055547e-01
2.489741189144929e-07	3.048611e-01	3.055083e-01	3.055548e-01
2.489829760573498e-07	3.048636e-01	3.055081e-01	3.055549e-01
2.489918332002068e-07	3.048662e-01	3.055079e-01	3.055550e-01
2.490012617716351e-07	3.048689e-01	3.055077e-01	3.055551e-01
2.490106903430634e-07	3.048716e-01	3.055076e-01	3.055553e-01
2.490201189144918e-07	3.048743e-01	3.055074e-01	3.055555e-01
2.490295474859201e-07	3.048770e-01	3.055072e-01	3.055557e-01
2.490389760573484e-07	3.048796e-01	3.055071e-01	3.055560e-01
2.490484046287768e-07	3.048823e-01	3.055069e-01	3.055562e-01
2.490578332002051e-07	3.048849e-01	3.055068e-01	3.055566e-01
2.491035474859182e-07	3.048976e-01	3.055062e-01	3.055585e-01
2.491492617716313e-07	3.049100e-01	3.055057e-01	3.055614e-01
2.491949760573445e-07	3.049220e-01	3.055053e-01	3.055651e-01
2.492406903430576e-07	3.049338e-01	3.055050e-01	3.055697e-01
2.492864046287707e-07	3.049453e-01	3.055048e-01	3.055751e-01
2.493321189144839e-07	3.049565e-01	3.055048e-01	3.055815e-01
2.493778332001970e-07	3.049674e-01	3.055049e-01	3.055886e-01
2.494042617716249e-07	3.049735e-01	3.055049e-01	3.055933e-01
2.494306903430528e-07	3.049796e-01	3.055050e-01	3.055981e-01
2.494571189144807e-07	3.049855e-01	3.055051e-01	3.056032e-01
2.494835474859086e-07	3.049914e-01	3.055053e-01	3.056086e-01
2.495099760573365e-07	3.049971e-01	3.055055e-01	3.056141e-01
2.495364046287644e-07	3.050028e-01	3.055057e-01	3.056200e-01
2.495628332001923e-07	3.050083e-01	3.055059e-01	3.056260e-01
2.495979760573343e-07	3.050155e-01	3.055062e-01	3.056345e-01
2.496331189144762e-07	3.050225e-01	3.055066e-01	3.056429e-01
2.496682617716182e-07	3.050294e-01	3.055070e-01	3.056512e-01
2.497034046287602e-07	3.050360e-01	3.055075e-01	3.056594e-01
2.497385474859021e-07	3.050425e-01	3.055079e-01	3.056675e-01
2.497736903430441e-07	3.050489e-01	3.055084e-01	3.056756e-01
2.498088332001861e-07	3.050550e-01	3.055090e-01	3.056836e-01
2.498098332001860e-07	3.050552e-01	3.055090e-01	3.056838e-01
2.498359760573282e-07	3.050596e-01	3.055094e-01	3.056893e-01
2.498621189144704e-07	3.050640e-01	3.055098e-01	3.056945e-01
2.498882617716126e-07	3.050682e-01	3.055103e-01	3.056995e-01
2.499144046287548e-07	3.050724e-01	3.055107e-01	3.057041e-01
2.499405474858970e-07	3.050765e-01	3.055112e-01	3.057084e-01
2.499666903430392e-07	3.050805e-01	3.055117e-01	3.057124e-01
2.499928332001814e-07	3.050843e-01	3.055122e-01	3.057161e-01
2.500145474858951e-07	3.050875e-01	3.055126e-01	3.057188e-01
2.500362617716089e-07	3.050906e-01	3.055130e-01	3.057213e-01
2.500579760573226e-07	3.050937e-01	3.055134e-01	3.057235e-01
2.500796903430363e-07	3.050967e-01	3.055138e-01	3.057255e-01
2.501014046287501e-07	3.050996e-01	3.055142e-01	3.057272e-01
2.501231189144638e-07	3.051024e-01	3.055147e-01	3.057286e-01
2.501448332001775e-07	3.051052e-01	3.055151e-01	3.057298e-01
2.501604046287486e-07	3.051072e-01	3.055155e-01	3.057306e-01
2.501759760573196e-07	3.051092e-01	3.055158e-01	3.057312e-01
2.501915474858906e-07	3.051111e-01	3.055161e-01	3.057316e-01
2.502071189144617e-07	3.051130e-01	3.055164e-01	3.057320e-01
2.502226903430327e-07	3.051148e-01	3.055167e-01	3.057323e-01
2.502382617716038e-07	3.051167e-01	3.055170e-01	3.057324e-01
2.502538332001748e-07	3.051185e-01	3.055174e-01	3.057324e-01
2.502968332001737e-07	3.051233e-01	3.055183e-01	3.057317e-01
2.503398332001726e-07	3.051279e-01	3.055192e-01	3.057306e-01
2.503828332001715e-07	3.051323e-01	3.055201e-01	3.057289e-01
2.504258332001704e-07	3.051365e-01	3.055211e-01	3.057267e-01
2.504688332001693e-07	3.051406e-01	3.055220e-01	3.057241e-01
2.505118332001682e-07	3.051444e-01	3.055229e-01	3.057209e-01
2.505548332001672e-07	3.051480e-01	3.055238e-01	3.057172e-01
2.505879760573092e-07	3.051507e-01	3.055246e-01	3.057143e-01
2.506211189144512e-07	3.051533e-01	3.055253e-01	3.057114e-01
2.506542617715932e-07	3.051558e-01	3.055260e-01	3.057084e-01
2.506874046287352e-07	3.051582e-01	3.055267e-01	3.057054e-01
2.507205474858772e-07	3.051604e-01	3.055274e-01	3.057024e-01
2.507536903430193e-07	3.051626e-01	3.055280e-01	3.056993e-01
2.507868332001613e-07	3.051647e-01	3.055287e-01	3.056961e-01
2.508338332001601e-07	3.051675e-01	3.055297e-01	3.056918e-01
2.508758332001590e-07	3.051699e-01	3.055305e-01	3.056879e-01
2.509178332001580e-07	3.051721e-01	3.055314e-01	3.056841e-01
2.509598332001569e-07	3.051742e-01	3.055322e-01	3.056804e-01
2.510018332001558e-07	3.051762e-01	3.055330e-01	3.056768e-01
2.510438332001548e-07	3.051780e-01	3.055338e-01	3.056732e-01
2.510858332001537e-07	3.051798e-01	3.055346e-01	3.056696e-01
2.511278332001526e-07	3.051814e-01	3.055354e-01	3.056662e-01
2.511911189144368e-07	3.051836e-01	3.055365e-01	3.056611e-01
2.512544046287209e-07	3.051856e-01	3.055376e-01	3.056561e-01
2.513176903430050e-07	3.051874e-01	3.055387e-01	3.056511e-01
2.513809760572891e-07	3.051890e-01	3.055397e-01	3.056460e-01
2.514442617715732e-07	3.051904e-01	3.055407e-01	3.056410e-01
2.515075474858573e-07	3.051916e-01	3.055417e-01	3.056360e-01
2.515708332001414e-07	3.051925e-01	3.055426e-01	3.056310e-01
2.516116903429975e-07	3.051931e-01	3.055432e-01	3.056276e-01
2.516525474858536e-07	3.051936e-01	3.055437e-01	3.056243e-01
2.516934046287097e-07	3.051941e-01	3.055443e-01	3.056209e-01
2.517342617715658e-07	3.051945e-01	3.055448e-01	3.056175e-01
2.517751189144220e-07	3.051948e-01	3.055453e-01	3.056141e-01
2.518159760572781e-07	3.051951e-01	3.055458e-01	3.056107e-01
2.518568332001342e-07	3.051953e-01	3.055463e-01	3.056072e-01
2.518578332001341e-07	3.051953e-01	3.055463e-01	3.056072e-01
2.518924046287047e-07	3.051955e-01	3.055467e-01	3.056042e-01
2.519269760572753e-07	3.051956e-01	3.055471e-01	3.056013e-01
2.519615474858458e-07	3.051957e-01	3.055475e-01	3.055984e-01
2.519961189144164e-07	3.051957e-01	3.055479e-01	3.055955e-01
2.520306903429869e-07	3.051958e-01	3.055482e-01	3.055926e-01
2.520652617715575e-07	3.051958e-01	3.055486e-01	3.055897e-01
2.520998332001280e-07	3.051958e-01	3.055489e-01	3.055868e-01
2.521018332001280e-07	3.051958e-01	3.055489e-01	3.055867e-01
2.521199760572704e-07	3.051958e-01	3.055491e-01	3.055852e-01
2.521381189144128e-07	3.051957e-01	3.055493e-01	3.055837e-01
2.521562617715552e-07	3.051957e-01	3.055494e-01	3.055822e-01
2.521744046286976e-07	3.051957e-01	3.055496e-01	3.055806e-01
2.521925474858400e-07	3.051956e-01	3.055497e-01	3.055790e-01
2.522106903429823e-07	3.051956e-01	3.055499e-01	3.055773e-01
2.522288332001247e-07	3.051955e-01	3.055500e-01	3.055757e-01
2.522505474858385e-07	3.051954e-01	3.055502e-01	3.055735e-01
2.522722617715522e-07	3.051954e-01	3.055504e-01	3.055712e-01
2.522939760572660e-07	3.051953e-01	3.055506e-01	3.055688e-01
2.523156903429797e-07	3.051952e-01	3.055508e-01	3.055663e-01
2.523374046286934e-07	3.051951e-01	3.055509e-01	3.055637e-01
2.523591189144072e-07	3.051949e-01	3.055511e-01	3.055609e-01
2.523808332001209e-07	3.051948e-01	3.055513e-01	3.055581e-01
2.524019760572632e-07	3.051947e-01	3.055514e-01	3.055553e-01
2.524231189144055e-07	3.051946e-01	3.055516e-01	3.055524e-01
2.524442617715479e-07	3.051944e-01	3.055517e-01	3.055494e-01
2.524654046286902e-07	3.051943e-01	3.055518e-01	3.055463e-01
2.524865474858325e-07	3.051942e-01	3.055520e-01	3.055431e-01
2.525076903429748e-07	3.051940e-01	3.055521e-01	3.055398e-01
2.525288332001171e-07	3.051938e-01	3.055522e-01	3.055365e-01
2.525614046286877e-07	3.051936e-01	3.055524e-01	3.055312e-01
2.525939760572584e-07	3.051933e-01	3.055526e-01	3.055254e-01
2.526265474858290e-07	3.051931e-01	3.055528e-01	3.055191e-01
2.526591189143996e-07	3.051928e-01	3.055530e-01	3.055124e-01
2.526916903429702e-07	3.051925e-01	3.055532e-01	3.055052e-01
2.527242617715408e-07	3.051922e-01	3.055534e-01	3.054976e-01
2.527568332001114e-07	3.051919e-01	3.055535e-01	3.054894e-01
2.528818332001082e-07	3.051907e-01	3.055541e-01	3.054523e-01
2.529412617715353e-07	3.051901e-01	3.055543e-01	3.054310e-01
2.530006903429623e-07	3.051895e-01	3.055545e-01	3.054089e-01
2.530601189143894e-07	3.051889e-01	3.055547e-01	3.053861e-01
2.531195474858165e-07	3.051883e-01	3.055549e-01	3.053626e-01
2.531789760572435e-07	3.051877e-01	3.055551e-01	3.053384e-01
2.532384046286706e-07	3.051870e-01	3.055552e-01	3.053135e-01
2.532978332000977e-07	3.051864e-01	3.055554e-01	3.052879e-01
2.533418332000965e-07	3.051859e-01	3.055555e-01	3.052696e-01
2.533858332000954e-07	3.051854e-01	3.055555e-01	3.052517e-01
2.534298332000943e-07	3.051850e-01	3.055556e-01	3.052339e-01
2.534738332000932e-07	3.051845e-01	3.055557e-01	3.052165e-01
2.535178332000921e-07	3.051840e-01	3.055557e-01	3.051993e-01
2.535618332000910e-07	3.051835e-01	3.055558e-01	3.051824e-01
2.536058332000899e-07	3.051831e-01	3.055559e-01	3.051657e-01
2.536485474858031e-07	3.051826e-01	3.055559e-01	3.051499e-01
2.536912617715163e-07	3.051822e-01	3.055559e-01	3.051340e-01
2.537339760572295e-07	3.051818e-01	3.055560e-01	3.051183e-01
2.537766903429427e-07	3.051813e-01	3.055560e-01	3.051026e-01
2.538194046286559e-07	3.051809e-01	3.055560e-01	3.050870e-01
2.538621189143691e-07	3.051805e-01	3.055561e-01	3.050714e-01
2.539048332000823e-07	3.051800e-01	3.055561e-01	3.050559e-01
2.539058332000823e-07	3.051800e-01	3.055561e-01	3.050555e-01
2.539588332000809e-07	3.051795e-01	3.055561e-01	3.050361e-01
2.540118332000796e-07	3.051790e-01	3.055561e-01	3.050166e-01
2.540648332000782e-07	3.051785e-01	3.055561e-01	3.049970e-01
2.541178332000769e-07	3.051780e-01	3.055561e-01	3.049773e-01
2.541708332000755e-07	3.051776e-01	3.055561e-01	3.049575e-01
2.542238332000742e-07	3.051771e-01	3.055561e-01	3.049376e-01
2.542768332000729e-07	3.051766e-01	3.055561e-01	3.049177e-01
2.543686903429277e-07	3.051758e-01	3.055560e-01	3.048821e-01
2.544605474857825e-07	3.051751e-01	3.055559e-01	3.048486e-01
2.545524046286373e-07	3.051744e-01	3.055559e-01	3.048171e-01
2.546442617714921e-07	3.051737e-01	3.055558e-01	3.047878e-01
2.547361189143469e-07	3.051731e-01	3.055557e-01	3.047605e-01
2.548279760572018e-07	3.051724e-01	3.055557e-01	3.047353e-01
2.549198332000566e-07	3.051718e-01	3.055556e-01	3.047122e-01
2.549298332000563e-07	3.051718e-01	3.055556e-01	3.047100e-01
2.549709760571981e-07	3.051715e-01	3.055555e-01	3.047016e-01
2.550121189143399e-07	3.051713e-01	3.055555e-01	3.046941e-01
2.550532617714818e-07	3.051710e-01	3.055555e-01	3.046874e-01
2.550944046286236e-07	3.051708e-01	3.055554e-01	3.046816e-01
2.551355474857654e-07	3.051705e-01	3.055554e-01	3.046767e-01
2.551766903429072e-07	3.051703e-01	3.055553e-01	3.046726e-01
2.552178332000490e-07	3.051701e-01	3.055553e-01	3.046694e-01
2.552374046286200e-07	3.051700e-01	3.055552e-01	3.046682e-01
2.552569760571909e-07	3.051699e-01	3.055552e-01	3.046672e-01
2.552765474857618e-07	3.051698e-01	3.055552e-01	3.046665e-01
2.552961189143327e-07	3.051697e-01	3.055552e-01	3.046659e-01
2.553156903429037e-07	3.051696e-01	3.055552e-01	3.046656e-01
2.553352617714746e-07	3.051695e-01	3.055551e-01	3.046654e-01
2.553548332000455e-07	3.051694e-01	3.055551e-01	3.046655e-01
2.553868332000447e-07	3.051692e-01	3.055551e-01	3.046660e-01
2.554188332000439e-07	3.051691e-01	3.055550e-01	3.046671e-01
2.554508332000431e-07	3.051689e-01	3.055550e-01	3.046687e-01
2.554828332000423e-07	3.051688e-01	3.055549e-01	3.046709e-01
2.555148332000415e-07	3.051687e-01	3.055549e-01	3.046736e-01
2.555468332000407e-07	3.051685e-01	3.055549e-01	3.046768e-01
2.555788332000399e-07	3.051684e-01	3.055548e-01	3.046806e-01
2.556322617714671e-07	3.051682e-01	3.055548e-01	3.046881e-01
2.556856903428943e-07	3.051680e-01	3.055547e-01	3.046968e-01
2.557391189143215e-07	3.051677e-01	3.055546e-01	3.047067e-01
2.557925474857487e-07	3.051675e-01	3.055546e-01	3.047179e-01
2.558459760571760e-07	3.051673e-01	3.055545e-01	3.047302e-01
2.558994046286032e-07	3.051671e-01	3.055544e-01	3.047438e-01
2.559528332000304e-07	3.051670e-01	3.055544e-01	3.047586e-01
2.559538332000304e-07	3.051670e-01	3.055544e-01	3.047589e-01
2.560696903428846e-07	3.051666e-01	3.055542e-01	3.047956e-01
2.561855474857388e-07	3.051663e-01	3.055541e-01	3.048343e-01
2.563014046285930e-07	3.051659e-01	3.055540e-01	3.048749e-01
2.564172617714472e-07	3.051657e-01	3.055538e-01	3.049174e-01
2.565331189143014e-07	3.051654e-01	3.055537e-01	3.049619e-01
2.566489760571556e-07	3.051652e-01	3.055535e-01	3.050082e-01
2.567648332000098e-07	3.051650e-01	3.055534e-01	3.050565e-01
2.567951189142948e-07	3.051649e-01	3.055534e-01	3.050687e-01
2.568254046285797e-07	3.051649e-01	3.055533e-01	3.050807e-01
2.568556903428647e-07	3.051648e-01	3.055533e-01	3.050928e-01
2.568859760571496e-07	3.051648e-01	3.055532e-01	3.051048e-01
2.569162617714346e-07	3.051647e-01	3.055532e-01	3.051167e-01
2.569465474857195e-07	3.051647e-01	3.055532e-01	3.051286e-01
2.569768332000045e-07	3.051646e-01	3.055531e-01	3.051404e-01
2.569778332000044e-07	3.051646e-01	3.055531e-01	3.051408e-01
2.570749760571448e-07	3.051645e-01	3.055530e-01	3.051784e-01
2.571721189142852e-07	3.051643e-01	3.055529e-01	3.052146e-01
2.572692617714256e-07	3.051642e-01	3.055528e-01	3.052494e-01
2.573664046285660e-07	3.051641e-01	3.055527e-01	3.052827e-01
2.574635474857064e-07	3.051640e-01	3.055526e-01	3.053147e-01
2.575606903428468e-07	3.051639e-01	3.055525e-01	3.053452e-01
2.576578331999872e-07	3.051638e-01	3.055524e-01	3.053744e-01
2.580018331999785e-07	3.051636e-01	3.055521e-01	3.054627e-01
2.580328331999777e-07	3.051636e-01	3.055520e-01	3.054696e-01
2.580358331999776e-07	3.051636e-01	3.055520e-01	3.054703e-01
2.580388331999775e-07	3.051636e-01	3.055520e-01	3.054709e-01
2.580418331999775e-07	3.051636e-01	3.055520e-01	3.054716e-01
2.580444046285488e-07	3.051636e-01	3.055520e-01	3.054721e-01
2.580469760571202e-07	3.051635e-01	3.055520e-01	3.054727e-01
2.580495474856916e-07	3.051635e-01	3.055520e-01	3.054732e-01
2.580521189142629e-07	3.051635e-01	3.055520e-01	3.054738e-01
2.580546903428343e-07	3.051635e-01	3.055520e-01	3.054743e-01
2.580572617714056e-07	3.051635e-01	3.055520e-01	3.054749e-01
2.580598331999770e-07	3.051635e-01	3.055520e-01	3.054754e-01
2.580636903428341e-07	3.051634e-01	3.055520e-01	3.054763e-01
2.580675474856911e-07	3.051634e-01	3.055520e-01	3.054771e-01
2.580714046285481e-07	3.051634e-01	3.055519e-01	3.054779e-01
2.580752617714052e-07	3.051633e-01	3.055519e-01	3.054787e-01
2.580791189142622e-07	3.051633e-01	3.055519e-01	3.054796e-01
2.580829760571193e-07	3.051632e-01	3.055518e-01	3.054804e-01
2.580868331999763e-07	3.051632e-01	3.055518e-01	3.054812e-01
2.580921189142619e-07	3.051631e-01	3.055517e-01	3.054823e-01
2.580974046285475e-07	3.051630e-01	3.055516e-01	3.054834e-01
2.581026903428331e-07	3.051629e-01	3.055515e-01	3.054845e-01
2.581079760571187e-07	3.051628e-01	3.055514e-01	3.054856e-01
2.581132617714042e-07	3.051626e-01	3.055513e-01	3.054867e-01
2.581185474856898e-07	3.051625e-01	3.055512e-01	3.054878e-01
2.581238331999754e-07	3.051624e-01	3.055510e-01	3.054889e-01
2.581306903428324e-07	3.051622e-01	3.055508e-01	3.054902e-01
2.581375474856893e-07	3.051620e-01	3.055506e-01	3.054916e-01
2.581444046285463e-07	3.051619e-01	3.055504e-01	3.054930e-01
2.581512617714033e-07	3.051617e-01	3.055501e-01	3.054944e-01
2.581581189142602e-07	3.051615e-01	3.055499e-01	3.054957e-01
2.581649760571172e-07	3.051613e-01	3.055497e-01	3.054971e-01
2.581718331999742e-07	3.051611e-01	3.055495e-01	3.054984e-01
2.581792617714026e-07	3.051609e-01	3.055492e-01	3.054999e-01
2.581866903428309e-07	3.051607e-01	3.055491e-01	3.055013e-01
2.581941189142593e-07	3.051605e-01	3.055489e-01	3.055027e-01
2.582015474856877e-07	3.051602e-01	3.055489e-01	3.055041e-01
2.582089760571161e-07	3.051600e-01	3.055489e-01	3.055055e-01
2.582164046285445e-07	3.051598e-01	3.055489e-01	3.055069e-01
2.582238331999729e-07	3.051595e-01	3.055490e-01	3.055083e-01
2.582302617714013e-07	3.051593e-01	3.055491e-01	3.055095e-01
2.582366903428297e-07	3.051591e-01	3.055493e-01	3.055107e-01
2.582431189142581e-07	3.051589e-01	3.055496e-01	3.055119e-01
2.582495474856865e-07	3.051586e-01	3.055499e-01	3.055131e-01
2.582559760571149e-07	3.051584e-01	3.055503e-01	3.055142e-01
2.582624046285433e-07	3.051582e-01	3.055508e-01	3.055154e-01
2.582688331999717e-07	3.051579e-01	3.055514e-01	3.055165e-01
2.582765474856858e-07	3.051576e-01	3.055521e-01	3.055179e-01
2.582842617713999e-07	3.051572e-01	3.055530e-01	3.055193e-01
2.582919760571140e-07	3.051568e-01	3.055539e-01	3.055206e-01
2.582996903428281e-07	3.051564e-01	3.055550e-01	3.055220e-01
2.583074046285422e-07	3.051560e-01	3.055561e-01	3.055233e-01
2.583151189142563e-07	3.051555e-01	3.055574e-01	3.055246e-01
2.583228331999704e-07	3.051549e-01	3.055587e-01	3.055259e-01
2.583336903428272e-07	3.051542e-01	3.055608e-01	3.055278e-01
2.583445474856841e-07	3.051533e-01	3.055630e-01	3.055296e-01
2.583554046285410e-07	3.051524e-01	3.055653e-01	3.055314e-01
2.583662617713978e-07	3.051513e-01	3.055676e-01	3.055331e-01
2.583771189142547e-07	3.051502e-01	3.055700e-01	3.055349e-01
2.583879760571116e-07	3.051490e-01	3.055726e-01	3.055366e-01
2.583988331999684e-07	3.051477e-01	3.055752e-01	3.055384e-01
2.584121189142538e-07	3.051459e-01	3.055784e-01	3.055404e-01
2.584254046285392e-07	3.051440e-01	3.055813e-01	3.055425e-01
2.584386903428246e-07	3.051420e-01	3.055840e-01	3.055445e-01
2.584519760571099e-07	3.051398e-01	3.055864e-01	3.055465e-01
2.584652617713953e-07	3.051375e-01	3.055886e-01	3.055484e-01
2.584785474856807e-07	3.051350e-01	3.055905e-01	3.055504e-01
2.584918331999661e-07	3.051324e-01	3.055922e-01	3.055523e-01
2.584981189142516e-07	3.051311e-01	3.055927e-01	3.055532e-01
2.585044046285372e-07	3.051298e-01	3.055932e-01	3.055541e-01
2.585106903428227e-07	3.051285e-01	3.055935e-01	3.055550e-01
2.585169760571083e-07	3.051271e-01	3.055937e-01	3.055558e-01
2.585232617713938e-07	3.051258e-01	3.055938e-01	3.055567e-01
2.585295474856794e-07	3.051244e-01	3.055938e-01	3.055576e-01
2.585358331999650e-07	3.051229e-01	3.055937e-01	3.055584e-01
2.585436903428219e-07	3.051211e-01	3.055933e-01	3.055595e-01
2.585515474856788e-07	3.051192e-01	3.055927e-01	3.055605e-01
2.585594046285358e-07	3.051173e-01	3.055919e-01	3.055616e-01
2.585672617713927e-07	3.051154e-01	3.055909e-01	3.055626e-01
2.585751189142497e-07	3.051134e-01	3.055896e-01	3.055637e-01
2.585829760571066e-07	3.051114e-01	3.055881e-01	3.055647e-01
2.585908331999636e-07	3.051094e-01	3.055864e-01	3.055657e-01
2.586024046285347e-07	3.051064e-01	3.055835e-01	3.055672e-01
2.586139760571058e-07	3.051033e-01	3.055800e-01	3.055686e-01
2.586255474856770e-07	3.051002e-01	3.055761e-01	3.055700e-01
2.586371189142481e-07	3.050971e-01	3.055717e-01	3.055715e-01
2.586486903428192e-07	3.050940e-01	3.055668e-01	3.055728e-01
2.586602617713904e-07	3.050909e-01	3.055614e-01	3.055742e-01
2.586718331999615e-07	3.050877e-01	3.055556e-01	3.055756e-01
2.586904046285325e-07	3.050825e-01	3.055450e-01	3.055777e-01
2.587089760571034e-07	3.050775e-01	3.055338e-01	3.055798e-01
2.587275474856744e-07	3.050725e-01	3.055219e-01	3.055818e-01
2.587461189142453e-07	3.050676e-01	3.055093e-01	3.055838e-01
2.587646903428163e-07	3.050627e-01	3.054961e-01	3.055858e-01
2.587832617713873e-07	3.050580e-01	3.054822e-01	3.055877e-01
2.588018331999582e-07	3.050533e-01	3.054676e-01	3.055896e-01
2.588226903428148e-07	3.050483e-01	3.054510e-01	3.055916e-01
2.588435474856714e-07	3.050435e-01	3.054350e-01	3.055936e-01
2.588644046285281e-07	3.050390e-01	3.054195e-01	3.055956e-01
2.588852617713847e-07	3.050347e-01	3.054047e-01	3.055974e-01
2.589061189142413e-07	3.050307e-01	3.053904e-01	3.055993e-01
2.589269760570979e-07	3.050270e-01	3.053767e-01	3.056010e-01
2.589478331999545e-07	3.050236e-01	3.053637e-01	3.056028e-01
2.589588331999542e-07	3.050219e-01	3.053575e-01	3.056036e-01
2.589698331999540e-07	3.050203e-01	3.053517e-01	3.056045e-01
2.589808331999537e-07	3.050188e-01	3.053463e-01	3.056054e-01
2.589918331999534e-07	3.050174e-01	3.053413e-01	3.056062e-01
2.590028331999531e-07	3.050161e-01	3.053368e-01	3.056071e-01
2.590138331999528e-07	3.050149e-01	3.053326e-01	3.056079e-01
2.590248331999526e-07	3.050138e-01	3.053288e-01	3.056087e-01
2.590258331999525e-07	3.050137e-01	3.053285e-01	3.056088e-01
2.590359760570951e-07	3.050128e-01	3.053255e-01	3.056095e-01
2.590461189142377e-07	3.050120e-01	3.053229e-01	3.056102e-01
2.590562617713803e-07	3.050113e-01	3.053207e-01	3.056109e-01
2.590664046285229e-07	3.050106e-01	3.053189e-01	3.056116e-01
2.590765474856655e-07	3.050101e-01	3.053175e-01	3.056123e-01
2.590866903428081e-07	3.050096e-01	3.053165e-01	3.056130e-01
2.590968331999507e-07	3.050093e-01	3.053159e-01	3.056137e-01
2.591044046285220e-07	3.050091e-01	3.053157e-01	3.056142e-01
2.591119760570932e-07	3.050089e-01	3.053157e-01	3.056146e-01
2.591195474856645e-07	3.050088e-01	3.053159e-01	3.056151e-01
2.591271189142357e-07	3.050087e-01	3.053164e-01	3.056156e-01
2.591346903428069e-07	3.050087e-01	3.053171e-01	3.056161e-01
2.591422617713782e-07	3.050088e-01	3.053180e-01	3.056165e-01
2.591498331999494e-07	3.050089e-01	3.053191e-01	3.056170e-01
2.591648331999490e-07	3.050092e-01	3.053221e-01	3.056179e-01
2.591798331999486e-07	3.050098e-01	3.053257e-01	3.056187e-01
2.591948331999483e-07	3.050106e-01	3.053301e-01	3.056196e-01
2.592098331999479e-07	3.050116e-01	3.053351e-01	3.056204e-01
2.592248331999475e-07	3.050128e-01	3.053409e-01	3.056212e-01
2.592398331999471e-07	3.050143e-01	3.053473e-01	3.056220e-01
2.592548331999467e-07	3.050159e-01	3.053545e-01	3.056228e-01
2.592839760570889e-07	3.050198e-01	3.053708e-01	3.056242e-01
2.593131189142310e-07	3.050245e-01	3.053878e-01	3.056255e-01
2.593422617713731e-07	3.050299e-01	3.054054e-01	3.056268e-01
2.593714046285152e-07	3.050362e-01	3.054236e-01	3.056280e-01
2.594005474856573e-07	3.050433e-01	3.054424e-01	3.056291e-01
2.594296903427994e-07	3.050511e-01	3.054618e-01	3.056302e-01
2.594588331999416e-07	3.050598e-01	3.054819e-01	3.056312e-01
2.594795474856553e-07	3.050664e-01	3.054951e-01	3.056319e-01
2.595002617713691e-07	3.050733e-01	3.055075e-01	3.056325e-01
2.595209760570829e-07	3.050806e-01	3.055190e-01	3.056332e-01
2.595416903427966e-07	3.050882e-01	3.055296e-01	3.056337e-01
2.595624046285104e-07	3.050961e-01	3.055393e-01	3.056343e-01
2.595831189142241e-07	3.051043e-01	3.055481e-01	3.056348e-01
2.596038331999379e-07	3.051129e-01	3.055561e-01	3.056353e-01
2.596169760570804e-07	3.051184e-01	3.055603e-01	3.056356e-01
2.596301189142229e-07	3.051241e-01	3.055639e-01	3.056359e-01
2.596432617713655e-07	3.051298e-01	3.055670e-01	3.056362e-01
2.596564046285080e-07	3.051356e-01	3.055695e-01	3.056365e-01
2.596695474856505e-07	3.051416e-01	3.055714e-01	3.056367e-01
2.596826903427930e-07	3.051476e-01	3.055728e-01	3.056370e-01
2.596958331999356e-07	3.051536e-01	3.055736e-01	3.056372e-01
2.597056903427925e-07	3.051582e-01	3.055737e-01	3.056374e-01
2.597155474856494e-07	3.051629e-01	3.055735e-01	3.056376e-01
2.597254046285062e-07	3.051676e-01	3.055729e-01	3.056377e-01
2.597352617713631e-07	3.051723e-01	3.055720e-01	3.056379e-01
2.597451189142200e-07	3.051770e-01	3.055707e-01	3.056380e-01
2.597549760570769e-07	3.051818e-01	3.055690e-01	3.056382e-01
2.597648331999338e-07	3.051866e-01	3.055670e-01	3.056383e-01
2.597844046285047e-07	3.051962e-01	3.055618e-01	3.056386e-01
2.598039760570757e-07	3.052059e-01	3.055552e-01	3.056388e-01
2.598235474856466e-07	3.052156e-01	3.055471e-01	3.056390e-01
2.598431189142175e-07	3.052252e-01	3.055377e-01	3.056392e-01
2.598626903427885e-07	3.052350e-01	3.055268e-01	3.056394e-01
2.598822617713594e-07	3.052447e-01	3.055144e-01	3.056396e-01
2.599018331999303e-07	3.052545e-01	3.055006e-01	3.056397e-01
2.599228331999298e-07	3.052649e-01	3.054843e-01	3.056399e-01
2.599438331999293e-07	3.052751e-01	3.054665e-01	3.056400e-01
2.599648331999287e-07	3.052852e-01	3.054475e-01	3.056401e-01
2.599858331999282e-07	3.052952e-01	3.054271e-01	3.056402e-01
2.600068331999277e-07	3.053050e-01	3.054054e-01	3.056403e-01
2.600278331999272e-07	3.053147e-01	3.053824e-01	3.056403e-01
2.600488331999266e-07	3.053242e-01	3.053580e-01	3.056403e-01
2.600498331999266e-07	3.053247e-01	3.053568e-01	3.056403e-01
2.600868331999257e-07	3.053410e-01	3.053102e-01	3.056404e-01
2.601238331999247e-07	3.053563e-01	3.052620e-01	3.056403e-01
2.601608331999238e-07	3.053705e-01	3.052121e-01	3.056402e-01
2.601978331999228e-07	3.053837e-01	3.051605e-01	3.056401e-01
2.602348331999219e-07	3.053958e-01	3.051073e-01	3.056400e-01
2.602718331999210e-07	3.054069e-01	3.050524e-01	3.056398e-01
2.603088331999200e-07	3.054170e-01	3.049958e-01	3.056395e-01
2.603349760570622e-07	3.054232e-01	3.049563e-01	3.056393e-01
2.603611189142044e-07	3.054287e-01	3.049172e-01	3.056391e-01
2.603872617713466e-07	3.054335e-01	3.048787e-01	3.056389e-01
2.604134046284888e-07	3.054376e-01	3.048407e-01	3.056386e-01
2.604395474856310e-07	3.054411e-01	3.048032e-01	3.056384e-01
2.604656903427732e-07	3.054439e-01	3.047663e-01	3.056381e-01
2.604918331999154e-07	3.054460e-01	3.047298e-01	3.056378e-01
2.605044046284865e-07	3.054467e-01	3.047127e-01	3.056377e-01
2.605169760570576e-07	3.054473e-01	3.046959e-01	3.056375e-01
2.605295474856287e-07	3.054478e-01	3.046794e-01	3.056374e-01
2.605421189141998e-07	3.054480e-01	3.046631e-01	3.056372e-01
2.605546903427709e-07	3.054481e-01	3.046471e-01	3.056371e-01
2.605672617713421e-07	3.054481e-01	3.046313e-01	3.056369e-01
2.605798331999132e-07	3.054478e-01	3.046158e-01	3.056368e-01
2.606045474856268e-07	3.054470e-01	3.045861e-01	3.056364e-01
2.606292617713405e-07	3.054455e-01	3.045578e-01	3.056361e-01
2.606539760570541e-07	3.054435e-01	3.045308e-01	3.056358e-01
2.606786903427678e-07	3.054409e-01	3.045051e-01	3.056354e-01
2.607034046284815e-07	3.054377e-01	3.044808e-01	3.056351e-01
2.607281189141951e-07	3.054340e-01	3.044579e-01	3.056347e-01
2.607528331999088e-07	3.054297e-01	3.044363e-01	3.056343e-01
2.607845474856223e-07	3.054233e-01	3.044108e-01	3.056339e-01
2.608162617713357e-07	3.054163e-01	3.043879e-01	3.056334e-01
2.608479760570492e-07	3.054086e-01	3.043675e-01	3.056329e-01
2.608796903427627e-07	3.054001e-01	3.043495e-01	3.056324e-01
2.609114046284762e-07	3.053910e-01	3.043342e-01	3.056319e-01
2.609431189141897e-07	3.053812e-01	3.043213e-01	3.056313e-01
2.609748331999032e-07	3.053706e-01	3.043109e-01	3.056308e-01
2.609888331999028e-07	3.053658e-01	3.043072e-01	3.056306e-01
2.610028331999024e-07	3.053609e-01	3.043039e-01	3.056303e-01
2.610168331999021e-07	3.053560e-01	3.043010e-01	3.056301e-01
2.610308331999017e-07	3.053509e-01	3.042987e-01	3.056298e-01
2.610448331999014e-07	3.053458e-01	3.042968e-01	3.056296e-01
2.610588331999010e-07	3.053405e-01	3.042953e-01	3.056294e-01
2.610728331999007e-07	3.053352e-01	3.042944e-01	3.056291e-01
2.610738331999007e-07	3.053348e-01	3.042943e-01	3.056291e-01
2.610946903427573e-07	3.053267e-01	3.042938e-01	3.056287e-01
2.611155474856139e-07	3.053184e-01	3.042942e-01	3.056284e-01
2.611364046284705e-07	3.053101e-01	3.042956e-01	3.056280e-01
2.611572617713271e-07	3.053016e-01	3.042979e-01	3.056276e-01
2.611781189141837e-07	3.052930e-01	3.043011e-01	3.056273e-01
2.611989760570403e-07	3.052843e-01	3.043052e-01	3.056269e-01
2.612198331998970e-07	3.052755e-01	3.043103e-01	3.056265e-01
2.612418331998964e-07	3.052662e-01	3.043165e-01	3.056262e-01
2.612428331998964e-07	3.052657e-01	3.043168e-01	3.056261e-01
2.612438331998963e-07	3.052653e-01	3.043171e-01	3.056261e-01
2.612448331998963e-07	3.052649e-01	3.043174e-01	3.056261e-01
2.612458331998963e-07	3.052644e-01	3.043177e-01	3.056261e-01
2.612492617713248e-07	3.052630e-01	3.043187e-01	3.056260e-01
2.612526903427533e-07	3.052615e-01	3.043198e-01	3.056259e-01
2.612561189141817e-07	3.052601e-01	3.043209e-01	3.056259e-01
2.612595474856102e-07	3.052586e-01	3.043221e-01	3.056258e-01
2.612629760570387e-07	3.052571e-01	3.043232e-01	3.056258e-01
2.612664046284672e-07	3.052556e-01	3.043243e-01	3.056257e-01
2.612698331998957e-07	3.052542e-01	3.043254e-01	3.056256e-01
2.612761189141812e-07	3.052515e-01	3.043275e-01	3.056255e-01
2.612824046284668e-07	3.052487e-01	3.043296e-01	3.056254e-01
2.612886903427524e-07	3.052460e-01	3.043317e-01	3.056253e-01
2.612949760570379e-07	3.052433e-01	3.043339e-01	3.056252e-01
2.613012617713235e-07	3.052406e-01	3.043361e-01	3.056251e-01
2.613075474856090e-07	3.052379e-01	3.043383e-01	3.056250e-01
2.613138331998946e-07	3.052352e-01	3.043405e-01	3.056249e-01
2.613234046284658e-07	3.052311e-01	3.043440e-01	3.056247e-01
2.613329760570369e-07	3.052270e-01	3.043477e-01	3.056245e-01
2.613425474856081e-07	3.052229e-01	3.043517e-01	3.056244e-01
2.613521189141793e-07	3.052188e-01	3.043560e-01	3.056242e-01
2.613616903427505e-07	3.052148e-01	3.043606e-01	3.056240e-01
2.613712617713217e-07	3.052108e-01	3.043655e-01	3.056239e-01
2.613808331998929e-07	3.052068e-01	3.043706e-01	3.056237e-01
2.613908331998926e-07	3.052027e-01	3.043764e-01	3.056235e-01
2.614008331998924e-07	3.051986e-01	3.043827e-01	3.056233e-01
2.614108331998921e-07	3.051947e-01	3.043894e-01	3.056231e-01
2.614208331998919e-07	3.051908e-01	3.043964e-01	3.056230e-01
2.614308331998916e-07	3.051869e-01	3.044040e-01	3.056228e-01
2.614408331998914e-07	3.051832e-01	3.044119e-01	3.056226e-01
2.614508331998911e-07	3.051794e-01	3.044202e-01	3.056224e-01
2.614675474856050e-07	3.051735e-01	3.044354e-01	3.056221e-01
2.614842617713188e-07	3.051678e-01	3.044511e-01	3.056219e-01
2.615009760570327e-07	3.051623e-01	3.044673e-01	3.056216e-01
2.615176903427465e-07	3.051572e-01	3.044841e-01	3.056213e-01
2.615344046284604e-07	3.051523e-01	3.045015e-01	3.056210e-01
2.615511189141743e-07	3.051477e-01	3.045195e-01	3.056207e-01
2.615678331998881e-07	3.051434e-01	3.045380e-01	3.056204e-01
2.615844046284591e-07	3.051394e-01	3.045562e-01	3.056201e-01
2.616009760570302e-07	3.051357e-01	3.045740e-01	3.056198e-01
2.616175474856012e-07	3.051322e-01	3.045914e-01	3.056195e-01
2.616341189141722e-07	3.051289e-01	3.046085e-01	3.056192e-01
2.616506903427432e-07	3.051258e-01	3.046252e-01	3.056190e-01
2.616672617713142e-07	3.051229e-01	3.046415e-01	3.056187e-01
2.616838331998852e-07	3.051202e-01	3.046575e-01	3.056184e-01
2.617006903427419e-07	3.051176e-01	3.046728e-01	3.056181e-01
2.617175474855986e-07	3.051152e-01	3.046875e-01	3.056178e-01
2.617344046284553e-07	3.051128e-01	3.047014e-01	3.056175e-01
2.617512617713121e-07	3.051106e-01	3.047147e-01	3.056173e-01
2.617681189141688e-07	3.051085e-01	3.047272e-01	3.056170e-01
2.617849760570255e-07	3.051064e-01	3.047391e-01	3.056167e-01
2.618018331998822e-07	3.051045e-01	3.047502e-01	3.056164e-01
2.618162617713104e-07	3.051029e-01	3.047591e-01	3.056162e-01
2.618306903427386e-07	3.051014e-01	3.047676e-01	3.056159e-01
2.618451189141668e-07	3.050998e-01	3.047757e-01	3.056157e-01
2.618595474855950e-07	3.050984e-01	3.047834e-01	3.056155e-01
2.618739760570232e-07	3.050970e-01	3.047906e-01	3.056152e-01
2.618884046284514e-07	3.050956e-01	3.047974e-01	3.056150e-01
2.619028331998796e-07	3.050943e-01	3.048037e-01	3.056147e-01
2.619172617713079e-07	3.050930e-01	3.048097e-01	3.056145e-01
2.619316903427361e-07	3.050918e-01	3.048153e-01	3.056143e-01
2.619461189141643e-07	3.050907e-01	3.048207e-01	3.056140e-01
2.619605474855925e-07	3.050897e-01	3.048257e-01	3.056138e-01
2.619749760570207e-07	3.050888e-01	3.048304e-01	3.056136e-01
2.619894046284489e-07	3.050880e-01	3.048348e-01	3.056134e-01
2.620038331998771e-07	3.050873e-01	3.048389e-01	3.056131e-01
2.620171189141625e-07	3.050867e-01	3.048424e-01	3.056129e-01
2.620304046284478e-07	3.050863e-01	3.048458e-01	3.056127e-01
2.620436903427332e-07	3.050860e-01	3.048488e-01	3.056125e-01
2.620569760570186e-07	3.050858e-01	3.048517e-01	3.056123e-01
2.620702617713040e-07	3.050858e-01	3.048544e-01	3.056121e-01
2.620835474855894e-07	3.050860e-01	3.048568e-01	3.056119e-01
2.620968331998747e-07	3.050863e-01	3.048590e-01	3.056117e-01
2.620978331998747e-07	3.050863e-01	3.048592e-01	3.056117e-01
2.621152617713028e-07	3.050870e-01	3.048618e-01	3.056114e-01
2.621326903427310e-07	3.050880e-01	3.048640e-01	3.056112e-01
2.621501189141591e-07	3.050894e-01	3.048660e-01	3.056109e-01
2.621675474855872e-07	3.050912e-01	3.048675e-01	3.056106e-01
2.621849760570154e-07	3.050934e-01	3.048688e-01	3.056104e-01
2.622024046284435e-07	3.050960e-01	3.048697e-01	3.056101e-01
2.622198331998716e-07	3.050989e-01	3.048703e-01	3.056099e-01
2.622325474855856e-07	3.051014e-01	3.048705e-01	3.056097e-01
2.622452617712995e-07	3.051041e-01	3.048706e-01	3.056095e-01
2.622579760570135e-07	3.051071e-01	3.048705e-01	3.056093e-01
2.622706903427275e-07	3.051103e-01	3.048703e-01	3.056092e-01
2.622834046284414e-07	3.051138e-01	3.048699e-01	3.056090e-01
2.622961189141554e-07	3.051175e-01	3.048694e-01	3.056088e-01
2.623088331998694e-07	3.051215e-01	3.048687e-01	3.056086e-01
2.623249760570118e-07	3.051270e-01	3.048677e-01	3.056084e-01
2.623411189141543e-07	3.051329e-01	3.048665e-01	3.056082e-01
2.623572617712967e-07	3.051393e-01	3.048651e-01	3.056080e-01
2.623734046284392e-07	3.051461e-01	3.048637e-01	3.056077e-01
2.623895474855816e-07	3.051533e-01	3.048621e-01	3.056075e-01
2.624056903427241e-07	3.051610e-01	3.048603e-01	3.056073e-01
2.624218331998665e-07	3.051691e-01	3.048584e-01	3.056071e-01
2.624438331998659e-07	3.051810e-01	3.048557e-01	3.056068e-01
2.624658331998654e-07	3.051935e-01	3.048531e-01	3.056065e-01
2.624878331998648e-07	3.052068e-01	3.048508e-01	3.056062e-01
2.625098331998643e-07	3.052208e-01	3.048486e-01	3.056060e-01
2.625318331998637e-07	3.052356e-01	3.048467e-01	3.056057e-01
2.625538331998632e-07	3.052510e-01	3.048449e-01	3.056054e-01
2.625758331998626e-07	3.052672e-01	3.048433e-01	3.056051e-01
2.625936903427193e-07	3.052808e-01	3.048425e-01	3.056049e-01
2.626115474855760e-07	3.052947e-01	3.048421e-01	3.056047e-01
2.626294046284327e-07	3.053090e-01	3.048423e-01	3.056045e-01
2.626472617712894e-07	3.053236e-01	3.048430e-01	3.056043e-01
2.626651189141460e-07	3.053385e-01	3.048441e-01	3.056041e-01
2.626829760570027e-07	3.053537e-01	3.048458e-01	3.056039e-01
2.627008331998594e-07	3.053693e-01	3.048480e-01	3.056037e-01
2.627216903427160e-07	3.053878e-01	3.048513e-01	3.056034e-01
2.627425474855727e-07	3.054064e-01	3.048558e-01	3.056032e-01
2.627634046284293e-07	3.054253e-01	3.048613e-01	3.056029e-01
2.627842617712859e-07	3.054443e-01	3.048680e-01	3.056027e-01
2.628051189141425e-07	3.054635e-01	3.048758e-01	3.056025e-01
2.628259760569991e-07	3.054829e-01	3.048846e-01	3.056023e-01
2.628468331998557e-07	3.055024e-01	3.048946e-01	3.056020e-01
2.628735474855693e-07	3.055276e-01	3.049093e-01	3.056018e-01
2.629002617712829e-07	3.055525e-01	3.049262e-01	3.056015e-01
2.629269760569966e-07	3.055772e-01	3.049453e-01	3.056012e-01
2.629536903427102e-07	3.056017e-01	3.049665e-01	3.056009e-01
2.629804046284238e-07	3.056259e-01	3.049900e-01	3.056007e-01
2.630071189141374e-07	3.056500e-01	3.050156e-01	3.056004e-01
2.630338331998510e-07	3.056738e-01	3.050434e-01	3.056002e-01
2.630462617712792e-07	3.056846e-01	3.050571e-01	3.056000e-01
2.630586903427075e-07	3.056953e-01	3.050712e-01	3.055999e-01
2.630711189141358e-07	3.057060e-01	3.050858e-01	3.055998e-01
2.630835474855640e-07	3.057164e-01	3.051008e-01	3.055997e-01
2.630959760569923e-07	3.057268e-01	3.051163e-01	3.055996e-01
2.631084046284205e-07	3.057371e-01	3.051322e-01	3.055995e-01
2.631208331998488e-07	3.057472e-01	3.051485e-01	3.055994e-01
2.631218331998488e-07	3.057480e-01	3.051499e-01	3.055993e-01
2.631618331998477e-07	3.057797e-01	3.052064e-01	3.055990e-01
2.632018331998467e-07	3.058097e-01	3.052659e-01	3.055986e-01
2.632418331998457e-07	3.058378e-01	3.053283e-01	3.055983e-01
2.632818331998447e-07	3.058642e-01	3.053937e-01	3.055980e-01
2.633218331998437e-07	3.058888e-01	3.054620e-01	3.055976e-01
2.633618331998427e-07	3.059115e-01	3.055333e-01	3.055973e-01
2.634018331998417e-07	3.059325e-01	3.056075e-01	3.055970e-01
2.634395474855550e-07	3.059502e-01	3.056786e-01	3.055967e-01
2.634772617712683e-07	3.059663e-01	3.057493e-01	3.055965e-01
2.635149760569817e-07	3.059807e-01	3.058196e-01	3.055962e-01
2.635526903426950e-07	3.059934e-01	3.058895e-01	3.055959e-01
2.635904046284083e-07	3.060045e-01	3.059591e-01	3.055957e-01
2.636281189141217e-07	3.060138e-01	3.060282e-01	3.055954e-01
2.636658331998350e-07	3.060215e-01	3.060970e-01	3.055952e-01
2.636945474855485e-07	3.060264e-01	3.061478e-01	3.055950e-01
2.637232617712621e-07	3.060305e-01	3.061970e-01	3.055948e-01
2.637519760569757e-07	3.060337e-01	3.062448e-01	3.055946e-01
2.637806903426892e-07	3.060363e-01	3.062911e-01	3.055945e-01
2.638094046284028e-07	3.060380e-01	3.063359e-01	3.055943e-01
2.638381189141163e-07	3.060389e-01	3.063792e-01	3.055942e-01
2.638668331998299e-07	3.060391e-01	3.064210e-01	3.055940e-01
2.639061189141146e-07	3.060382e-01	3.064751e-01	3.055938e-01
2.639454046283993e-07	3.060363e-01	3.065251e-01	3.055936e-01
2.639846903426840e-07	3.060334e-01	3.065711e-01	3.055934e-01
2.640239760569688e-07	3.060296e-01	3.066130e-01	3.055932e-01
2.640632617712535e-07	3.060248e-01	3.066509e-01	3.055930e-01
2.641025474855382e-07	3.060191e-01	3.066846e-01	3.055928e-01
2.641418331998229e-07	3.060124e-01	3.067144e-01	3.055926e-01
2.641458331998228e-07	3.060117e-01	3.067172e-01	3.055926e-01
2.641758331998221e-07	3.060061e-01	3.067364e-01	3.055925e-01
2.642058331998213e-07	3.060003e-01	3.067532e-01	3.055923e-01
2.642358331998205e-07	3.059942e-01	3.067676e-01	3.055922e-01
2.642658331998198e-07	3.059878e-01	3.067795e-01	3.055921e-01
2.642958331998190e-07	3.059811e-01	3.067890e-01	3.055920e-01
2.643258331998183e-07	3.059741e-01	3.067961e-01	3.055918e-01
2.643558331998175e-07	3.059669e-01	3.068007e-01	3.055917e-01
2.643774046283884e-07	3.059615e-01	3.068026e-01	3.055917e-01
2.643989760569593e-07	3.059562e-01	3.068034e-01	3.055916e-01
2.644205474855301e-07	3.059507e-01	3.068030e-01	3.055915e-01
2.644421189141010e-07	3.059452e-01	3.068016e-01	3.055914e-01
2.644636903426719e-07	3.059397e-01	3.067990e-01	3.055913e-01
2.644852617712428e-07	3.059340e-01	3.067953e-01	3.055913e-01
2.645068331998137e-07	3.059283e-01	3.067905e-01	3.055912e-01
2.645666903426693e-07	3.059121e-01	3.067705e-01	3.055910e-01
2.646265474855249e-07	3.058960e-01	3.067448e-01	3.055908e-01
2.646864046283806e-07	3.058800e-01	3.067134e-01	3.055907e-01
2.647462617712362e-07	3.058641e-01	3.066765e-01	3.055905e-01
2.648061189140918e-07	3.058484e-01	3.066339e-01	3.055903e-01
2.648659760569474e-07	3.058327e-01	3.065857e-01	3.055902e-01
2.649258331998031e-07	3.058172e-01	3.065319e-01	3.055900e-01
2.649605474855165e-07	3.058085e-01	3.064999e-01	3.055899e-01
2.649952617712299e-07	3.058000e-01	3.064672e-01	3.055899e-01
2.650299760569433e-07	3.057916e-01	3.064337e-01	3.055898e-01
2.650646903426567e-07	3.057833e-01	3.063997e-01	3.055897e-01
2.650994046283701e-07	3.057752e-01	3.063649e-01	3.055896e-01
2.651341189140835e-07	3.057673e-01	3.063294e-01	3.055896e-01
2.651688331997969e-07	3.057595e-01	3.062933e-01	3.055895e-01
2.651698331997969e-07	3.057593e-01	3.062923e-01	3.055895e-01
2.652369760569380e-07	3.057448e-01	3.062208e-01	3.055894e-01
2.653041189140792e-07	3.057310e-01	3.061504e-01	3.055893e-01
2.653712617712203e-07	3.057179e-01	3.060810e-01	3.055892e-01
2.654384046283615e-07	3.057054e-01	3.060126e-01	3.055891e-01
2.655055474855027e-07	3.056936e-01	3.059453e-01	3.055890e-01
2.655726903426438e-07	3.056824e-01	3.058789e-01	3.055889e-01
2.656398331997850e-07	3.056719e-01	3.058136e-01	3.055888e-01
2.657081189140690e-07	3.056620e-01	3.057506e-01	3.055887e-01
2.657764046283529e-07	3.056526e-01	3.056909e-01	3.055886e-01
2.658446903426369e-07	3.056437e-01	3.056345e-01	3.055885e-01
2.659129760569209e-07	3.056355e-01	3.055814e-01	3.055885e-01
2.659812617712049e-07	3.056278e-01	3.055315e-01	3.055884e-01
2.660495474854889e-07	3.056206e-01	3.054850e-01	3.055884e-01
2.661178331997729e-07	3.056140e-01	3.054418e-01	3.055883e-01
2.661938331997709e-07	3.056072e-01	3.053982e-01	3.055883e-01
2.662701189140547e-07	3.056010e-01	3.053592e-01	3.055882e-01
2.663464046283385e-07	3.055952e-01	3.053241e-01	3.055882e-01
2.664226903426223e-07	3.055898e-01	3.052930e-01	3.055881e-01
2.664989760569061e-07	3.055849e-01	3.052658e-01	3.055881e-01
2.665752617711898e-07	3.055804e-01	3.052426e-01	3.055880e-01
2.666515474854736e-07	3.055763e-01	3.052234e-01	3.055880e-01
2.667278331997574e-07	3.055727e-01	3.052081e-01	3.055880e-01
2.667928331997558e-07	3.055699e-01	3.051976e-01	3.055880e-01
2.668578331997541e-07	3.055673e-01	3.051890e-01	3.055880e-01
2.669228331997525e-07	3.055648e-01	3.051823e-01	3.055879e-01
2.669878331997508e-07	3.055626e-01	3.051776e-01	3.055879e-01
2.670528331997492e-07	3.055605e-01	3.051747e-01	3.055879e-01
2.671178331997475e-07	3.055586e-01	3.051738e-01	3.055879e-01
2.671828331997459e-07	3.055570e-01	3.051747e-01	3.055879e-01
2.671868331997458e-07	3.055569e-01	3.051748e-01	3.055879e-01
2.671908331997457e-07	3.055568e-01	3.051749e-01	3.055879e-01
2.671948331997456e-07	3.055567e-01	3.051750e-01	3.055879e-01
2.671988331997455e-07	3.055566e-01	3.051751e-01	3.055879e-01
2.672028331997454e-07	3.055565e-01	3.051752e-01	3.055879e-01
2.672068331997453e-07	3.055564e-01	3.051753e-01	3.055879e-01
2.672108331997452e-07	3.055563e-01	3.051754e-01	3.055879e-01
2.672168331997450e-07	3.055561e-01	3.051756e-01	3.055879e-01
2.672178331997450e-07	3.055561e-01	3.051756e-01	3.055879e-01
2.672248331997448e-07	3.055560e-01	3.051759e-01	3.055879e-01
2.672318331997446e-07	3.055558e-01	3.051761e-01	3.055879e-01
2.672388331997445e-07	3.055556e-01	3.051764e-01	3.055880e-01
2.672458331997443e-07	3.055555e-01	3.051767e-01	3.055880e-01
2.672528331997441e-07	3.055553e-01	3.051770e-01	3.055881e-01
2.672598331997439e-07	3.055551e-01	3.051773e-01	3.055881e-01
2.672668331997437e-07	3.055550e-01	3.051776e-01	3.055882e-01
2.672742617711721e-07	3.055548e-01	3.051779e-01	3.055883e-01
2.672816903426005e-07	3.055547e-01	3.051783e-01	3.055885e-01
2.672891189140289e-07	3.055545e-01	3.051787e-01	3.055886e-01
2.672965474854573e-07	3.055543e-01	3.051791e-01	3.055888e-01
2.673039760568857e-07	3.055542e-01	3.051795e-01	3.055890e-01
2.673114046283140e-07	3.055540e-01	3.051800e-01	3.055892e-01
2.673188331997424e-07	3.055539e-01	3.051804e-01	3.055894e-01
2.673306903425993e-07	3.055537e-01	3.051812e-01	3.055898e-01
2.673425474854561e-07	3.055534e-01	3.051820e-01	3.055903e-01
2.673544046283130e-07	3.055532e-01	3.051828e-01	3.055908e-01
2.673662617711698e-07	3.055530e-01	3.051837e-01	3.055914e-01
2.673781189140266e-07	3.055527e-01	3.051846e-01	3.055920e-01
2.673899760568835e-07	3.055525e-01	3.051855e-01	3.055927e-01
2.674018331997403e-07	3.055523e-01	3.051865e-01	3.055934e-01
2.674216903425970e-07	3.055520e-01	3.051882e-01	3.055948e-01
2.674415474854536e-07	3.055516e-01	3.051900e-01	3.055962e-01
2.674614046283102e-07	3.055513e-01	3.051919e-01	3.055978e-01
2.674812617711669e-07	3.055510e-01	3.051939e-01	3.055994e-01
2.675011189140235e-07	3.055507e-01	3.051959e-01	3.056011e-01
2.675209760568802e-07	3.055504e-01	3.051981e-01	3.056029e-01
2.675408331997368e-07	3.055501e-01	3.052003e-01	3.056047e-01
2.675788331997358e-07	3.055496e-01	3.052048e-01	3.056084e-01
2.676168331997349e-07	3.055491e-01	3.052095e-01	3.056123e-01
2.676548331997339e-07	3.055487e-01	3.052143e-01	3.056164e-01
2.676928331997330e-07	3.055483e-01	3.052194e-01	3.056207e-01
2.677308331997320e-07	3.055479e-01	3.052247e-01	3.056251e-01
2.677688331997310e-07	3.055475e-01	3.052302e-01	3.056297e-01
2.678068331997301e-07	3.055472e-01	3.052359e-01	3.056346e-01
2.678529760568718e-07	3.055468e-01	3.052430e-01	3.056408e-01
2.678991189140134e-07	3.055465e-01	3.052502e-01	3.056469e-01
2.679452617711551e-07	3.055462e-01	3.052575e-01	3.056529e-01
2.679914046282968e-07	3.055459e-01	3.052649e-01	3.056588e-01
2.680375474854385e-07	3.055457e-01	3.052724e-01	3.056646e-01
2.680836903425802e-07	3.055455e-01	3.052801e-01	3.056703e-01
2.681298331997219e-07	3.055453e-01	3.052878e-01	3.056759e-01
2.681456903425786e-07	3.055453e-01	3.052905e-01	3.056776e-01
2.681615474854354e-07	3.055452e-01	3.052931e-01	3.056793e-01
2.681774046282921e-07	3.055452e-01	3.052958e-01	3.056810e-01
2.681932617711488e-07	3.055451e-01	3.052985e-01	3.056826e-01
2.682091189140056e-07	3.055451e-01	3.053011e-01	3.056841e-01
2.682249760568623e-07	3.055450e-01	3.053038e-01	3.056856e-01
2.682408331997191e-07	3.055450e-01	3.053065e-01	3.056871e-01
2.682418331997190e-07	3.055450e-01	3.053066e-01	3.056872e-01
2.682906903425749e-07	3.055449e-01	3.053149e-01	3.056913e-01
2.683395474854309e-07	3.055449e-01	3.053231e-01	3.056948e-01
2.683884046282868e-07	3.055448e-01	3.053312e-01	3.056980e-01
2.684372617711427e-07	3.055448e-01	3.053392e-01	3.057006e-01
2.684861189139986e-07	3.055448e-01	3.053472e-01	3.057028e-01
2.685349760568545e-07	3.055448e-01	3.053551e-01	3.057045e-01
2.685838331997104e-07	3.055449e-01	3.053630e-01	3.057057e-01
2.686009760568528e-07	3.055449e-01	3.053657e-01	3.057061e-01
2.686181189139952e-07	3.055449e-01	3.053684e-01	3.057064e-01
2.686352617711376e-07	3.055449e-01	3.053711e-01	3.057066e-01
2.686524046282801e-07	3.055449e-01	3.053737e-01	3.057068e-01
2.686695474854225e-07	3.055449e-01	3.053764e-01	3.057070e-01
2.686866903425649e-07	3.055450e-01	3.053790e-01	3.057070e-01
2.687038331997073e-07	3.055450e-01	3.053817e-01	3.057071e-01
2.687229760568497e-07	3.055450e-01	3.053846e-01	3.057070e-01
2.687421189139921e-07	3.055451e-01	3.053875e-01	3.057069e-01
2.687612617711345e-07	3.055451e-01	3.053903e-01	3.057067e-01
2.687804046282768e-07	3.055451e-01	3.053932e-01	3.057065e-01
2.687995474854192e-07	3.055452e-01	3.053960e-01	3.057061e-01
2.688186903425616e-07	3.055452e-01	3.053988e-01	3.057057e-01
2.688378331997039e-07	3.055453e-01	3.054016e-01	3.057052e-01
2.688821189139885e-07	3.055454e-01	3.054079e-01	3.057037e-01
2.689264046282731e-07	3.055455e-01	3.054141e-01	3.057016e-01
2.689706903425577e-07	3.055456e-01	3.054202e-01	3.056989e-01
2.690149760568423e-07	3.055458e-01	3.054261e-01	3.056956e-01
2.690592617711269e-07	3.055459e-01	3.054319e-01	3.056916e-01
2.691035474854115e-07	3.055460e-01	3.054375e-01	3.056869e-01
2.691478331996961e-07	3.055462e-01	3.054430e-01	3.056816e-01
2.692658331996931e-07	3.055466e-01	3.054570e-01	3.056635e-01
2.693081189139777e-07	3.055467e-01	3.054617e-01	3.056556e-01
2.693504046282624e-07	3.055469e-01	3.054663e-01	3.056470e-01
2.693926903425470e-07	3.055470e-01	3.054708e-01	3.056377e-01
2.694349760568317e-07	3.055472e-01	3.054752e-01	3.056277e-01
2.694772617711163e-07	3.055474e-01	3.054794e-01	3.056171e-01
2.695195474854010e-07	3.055475e-01	3.054835e-01	3.056058e-01
2.695618331996856e-07	3.055477e-01	3.054875e-01	3.055939e-01
2.696589760568260e-07	3.055481e-01	3.054960e-01	3.055624e-01
2.697561189139664e-07	3.055485e-01	3.055040e-01	3.055312e-01
2.698532617711068e-07	3.055489e-01	3.055114e-01	3.055001e-01
2.699504046282472e-07	3.055492e-01	3.055182e-01	3.054691e-01
2.700475474853876e-07	3.055496e-01	3.055244e-01	3.054384e-01
2.701446903425280e-07	3.055500e-01	3.055300e-01	3.054078e-01
2.702418331996684e-07	3.055503e-01	3.055350e-01	3.053773e-01
2.702898331996672e-07	3.055505e-01	3.055373e-01	3.053644e-01
2.703086903425238e-07	3.055506e-01	3.055382e-01	3.053596e-01
2.703275474853805e-07	3.055506e-01	3.055391e-01	3.053549e-01
2.703464046282372e-07	3.055507e-01	3.055399e-01	3.053503e-01
2.703652617710938e-07	3.055508e-01	3.055408e-01	3.053459e-01
2.703841189139505e-07	3.055508e-01	3.055416e-01	3.053416e-01
2.704029760568071e-07	3.055509e-01	3.055424e-01	3.053375e-01
2.704218331996638e-07	3.055510e-01	3.055431e-01	3.053335e-01
2.704414046282347e-07	3.055510e-01	3.055439e-01	3.053295e-01
2.704609760568057e-07	3.055511e-01	3.055447e-01	3.053256e-01
2.704805474853766e-07	3.055511e-01	3.055455e-01	3.053217e-01
2.705001189139475e-07	3.055512e-01	3.055462e-01	3.053180e-01
2.705196903425185e-07	3.055513e-01	3.055469e-01	3.053143e-01
2.705392617710894e-07	3.055513e-01	3.055476e-01	3.053107e-01
2.705588331996603e-07	3.055514e-01	3.055483e-01	3.053071e-01
2.706125474853733e-07	3.055516e-01	3.055501e-01	3.052975e-01
2.706662617710862e-07	3.055517e-01	3.055518e-01	3.052881e-01
2.707199760567991e-07	3.055519e-01	3.055534e-01	3.052788e-01
2.707736903425120e-07	3.055521e-01	3.055548e-01	3.052697e-01
2.708274046282250e-07	3.055522e-01	3.055562e-01	3.052608e-01
2.708811189139379e-07	3.055523e-01	3.055575e-01	3.052520e-01
2.709348331996508e-07	3.055525e-01	3.055587e-01	3.052433e-01
2.709622617710787e-07	3.055526e-01	3.055592e-01	3.052389e-01
2.709896903425066e-07	3.055526e-01	3.055598e-01	3.052346e-01
2.710171189139344e-07	3.055527e-01	3.055603e-01	3.052304e-01
2.710445474853623e-07	3.055528e-01	3.055608e-01	3.052263e-01
2.710719760567902e-07	3.055528e-01	3.055613e-01	3.052223e-01
2.710994046282181e-07	3.055529e-01	3.055617e-01	3.052184e-01
2.711268331996459e-07	3.055530e-01	3.055621e-01	3.052146e-01
2.711534046282167e-07	3.055530e-01	3.055625e-01	3.052111e-01
2.711799760567875e-07	3.055531e-01	3.055629e-01	3.052080e-01
2.712065474853582e-07	3.055531e-01	3.055633e-01	3.052052e-01
2.712331189139290e-07	3.055532e-01	3.055636e-01	3.052028e-01
2.712596903424997e-07	3.055532e-01	3.055640e-01	3.052006e-01
2.712862617710705e-07	3.055533e-01	3.055643e-01	3.051988e-01
2.713128331996412e-07	3.055533e-01	3.055646e-01	3.051974e-01
2.713138331996412e-07	3.055533e-01	3.055646e-01	3.051973e-01
2.713245474853552e-07	3.055534e-01	3.055647e-01	3.051969e-01
2.713352617710692e-07	3.055534e-01	3.055648e-01	3.051965e-01
2.713459760567833e-07	3.055534e-01	3.055649e-01	3.051962e-01
2.713566903424973e-07	3.055534e-01	3.055651e-01	3.051960e-01
2.713674046282113e-07	3.055535e-01	3.055652e-01	3.051959e-01
2.713781189139253e-07	3.055535e-01	3.055653e-01	3.051958e-01
2.713888331996393e-07	3.055535e-01	3.055654e-01	3.051958e-01
2.714029760567818e-07	3.055535e-01	3.055655e-01	3.051960e-01
2.714171189139243e-07	3.055535e-01	3.055656e-01	3.051963e-01
2.714312617710668e-07	3.055536e-01	3.055658e-01	3.051967e-01
2.714454046282093e-07	3.055536e-01	3.055659e-01	3.051973e-01
2.714595474853518e-07	3.055536e-01	3.055660e-01	3.051980e-01
2.714736903424943e-07	3.055536e-01	3.055661e-01	3.051989e-01
2.714878331996368e-07	3.055537e-01	3.055662e-01	3.051999e-01
2.715125474853505e-07	3.055537e-01	3.055664e-01	3.052020e-01
2.715372617710641e-07	3.055538e-01	3.055666e-01	3.052046e-01
2.715619760567778e-07	3.055538e-01	3.055667e-01	3.052075e-01
2.715866903424914e-07	3.055538e-01	3.055669e-01	3.052109e-01
2.716114046282051e-07	3.055539e-01	3.055670e-01	3.052148e-01
2.716361189139188e-07	3.055539e-01	3.055672e-01	3.052190e-01
2.716608331996324e-07	3.055539e-01	3.055673e-01	3.052236e-01
2.717274046282022e-07	3.055540e-01	3.055676e-01	3.052390e-01
2.717939760567719e-07	3.055541e-01	3.055678e-01	3.052557e-01
2.718605474853416e-07	3.055542e-01	3.055680e-01	3.052736e-01
2.719271189139114e-07	3.055543e-01	3.055681e-01	3.052929e-01
2.719936903424811e-07	3.055544e-01	3.055682e-01	3.053134e-01
2.720602617710509e-07	3.055544e-01	3.055683e-01	3.053352e-01
2.721268331996206e-07	3.055545e-01	3.055682e-01	3.053584e-01
2.721568331996199e-07	3.055545e-01	3.055682e-01	3.053684e-01
2.721868331996191e-07	3.055545e-01	3.055682e-01	3.053783e-01
2.722168331996183e-07	3.055546e-01	3.055682e-01	3.053882e-01
2.722468331996176e-07	3.055546e-01	3.055681e-01	3.053980e-01
2.722768331996168e-07	3.055546e-01	3.055681e-01	3.054077e-01
2.723068331996161e-07	3.055546e-01	3.055681e-01	3.054173e-01
2.723368331996153e-07	3.055546e-01	3.055680e-01	3.054268e-01
2.723378331996153e-07	3.055546e-01	3.055680e-01	3.054271e-01
2.723982617710423e-07	3.055547e-01	3.055679e-01	3.054459e-01
2.724586903424693e-07	3.055547e-01	3.055678e-01	3.054640e-01
2.725191189138964e-07	3.055547e-01	3.055676e-01	3.054814e-01
2.725795474853234e-07	3.055547e-01	3.055675e-01	3.054981e-01
2.726399760567505e-07	3.055547e-01	3.055673e-01	3.055141e-01
2.727004046281775e-07	3.055548e-01	3.055671e-01	3.055295e-01
2.727608331996046e-07	3.055548e-01	3.055669e-01	3.055442e-01
2.728448331996024e-07	3.055548e-01	3.055666e-01	3.055634e-01
2.729288331996003e-07	3.055548e-01	3.055663e-01	3.055815e-01
2.730128331995982e-07	3.055548e-01	3.055660e-01	3.055986e-01
2.730968331995960e-07	3.055548e-01	3.055656e-01	3.056146e-01
2.731808331995939e-07	3.055548e-01	3.055653e-01	3.056295e-01
2.732648331995918e-07	3.055548e-01	3.055650e-01	3.056433e-01
2.733488331995897e-07	3.055547e-01	3.055646e-01	3.056560e-01
2.733618331995893e-07	3.055547e-01	3.055646e-01	3.056579e-01
2.734539760567298e-07	3.055547e-01	3.055642e-01	3.056707e-01
2.735461189138704e-07	3.055547e-01	3.055638e-01	3.056822e-01
2.736382617710109e-07	3.055546e-01	3.055635e-01	3.056924e-01
2.737304046281514e-07	3.055546e-01	3.055631e-01	3.057013e-01
2.738225474852919e-07	3.055546e-01	3.055628e-01	3.057090e-01
2.739146903424325e-07	3.055545e-01	3.055625e-01	3.057153e-01
2.740068331995730e-07	3.055545e-01	3.055621e-01	3.057204e-01
2.740509760567147e-07	3.055545e-01	3.055620e-01	3.057224e-01
2.740951189138565e-07	3.055544e-01	3.055618e-01	3.057240e-01
2.741392617709982e-07	3.055544e-01	3.055617e-01	3.057254e-01
2.741834046281399e-07	3.055544e-01	3.055615e-01	3.057265e-01
2.742275474852817e-07	3.055544e-01	3.055614e-01	3.057273e-01
2.742716903424234e-07	3.055543e-01	3.055612e-01	3.057278e-01
2.743158331995652e-07	3.055543e-01	3.055611e-01	3.057280e-01
2.743256903424220e-07	3.055543e-01	3.055611e-01	3.057280e-01
2.743355474852789e-07	3.055543e-01	3.055610e-01	3.057280e-01
2.743454046281358e-07	3.055543e-01	3.055610e-01	3.057280e-01
2.743552617709927e-07	3.055543e-01	3.055610e-01	3.057279e-01
2.743651189138496e-07	3.055543e-01	3.055610e-01	3.057279e-01
2.743749760567065e-07	3.055542e-01	3.055609e-01	3.057279e-01
2.743848331995634e-07	3.055542e-01	3.055609e-01	3.057278e-01
2.743858331995634e-07	3.055542e-01	3.055609e-01	3.057278e-01
2.744489760567046e-07	3.055542e-01	3.055607e-01	3.057270e-01
2.745121189138459e-07	3.055542e-01	3.055605e-01	3.057258e-01
2.745752617709872e-07	3.055541e-01	3.055603e-01	3.057241e-01
2.746384046281284e-07	3.055541e-01	3.055602e-01	3.057220e-01
2.747015474852697e-07	3.055540e-01	3.055600e-01	3.057195e-01
2.747646903424109e-07	3.055540e-01	3.055599e-01	3.057165e-01
2.748278331995522e-07	3.055539e-01	3.055597e-01	3.057131e-01
2.749108331995501e-07	3.055539e-01	3.055595e-01	3.057080e-01
2.749938331995480e-07	3.055538e-01	3.055593e-01	3.057026e-01
2.750768331995459e-07	3.055537e-01	3.055591e-01	3.056969e-01
2.751598331995438e-07	3.055537e-01	3.055590e-01	3.056909e-01
2.752428331995417e-07	3.055536e-01	3.055588e-01	3.056846e-01
2.753258331995396e-07	3.055535e-01	3.055586e-01	3.056779e-01
2.754088331995375e-07	3.055535e-01	3.055585e-01	3.056709e-01
2.754098331995374e-07	3.055535e-01	3.055585e-01	3.056708e-01
2.755029760566779e-07	3.055534e-01	3.055583e-01	3.056629e-01
2.755961189138184e-07	3.055533e-01	3.055582e-01	3.056551e-01
2.756892617709589e-07	3.055533e-01	3.055581e-01	3.056475e-01
2.757824046280994e-07	3.055532e-01	3.055579e-01	3.056399e-01
2.758755474852399e-07	3.055531e-01	3.055578e-01	3.056325e-01
2.759686903423804e-07	3.055530e-01	3.055577e-01	3.056251e-01
2.760618331995209e-07	3.055529e-01	3.055576e-01	3.056179e-01
2.760988331995200e-07	3.055529e-01	3.055575e-01	3.056152e-01
2.761358331995190e-07	3.055529e-01	3.055575e-01	3.056125e-01
2.761728331995181e-07	3.055529e-01	3.055575e-01	3.056099e-01
2.762098331995172e-07	3.055528e-01	3.055574e-01	3.056073e-01
2.762468331995162e-07	3.055528e-01	3.055574e-01	3.056048e-01
2.762838331995153e-07	3.055528e-01	3.055574e-01	3.056023e-01
2.763208331995144e-07	3.055527e-01	3.055573e-01	3.055998e-01
2.763238331995143e-07	3.055527e-01	3.055573e-01	3.055996e-01
2.763268331995142e-07	3.055527e-01	3.055573e-01	3.055995e-01
2.763298331995141e-07	3.055527e-01	3.055573e-01	3.055992e-01
2.763321189137998e-07	3.055527e-01	3.055573e-01	3.055991e-01
2.763344046280854e-07	3.055527e-01	3.055574e-01	3.055990e-01
2.763366903423711e-07	3.055527e-01	3.055574e-01	3.055988e-01
2.763389760566568e-07	3.055527e-01	3.055574e-01	3.055987e-01
2.763412617709424e-07	3.055527e-01	3.055575e-01	3.055985e-01
2.763435474852281e-07	3.055527e-01	3.055575e-01	3.055984e-01
2.763458331995137e-07	3.055527e-01	3.055575e-01	3.055982e-01
2.763492617709422e-07	3.055527e-01	3.055576e-01	3.055980e-01
2.763526903423707e-07	3.055527e-01	3.055577e-01	3.055978e-01
2.763561189137992e-07	3.055527e-01	3.055578e-01	3.055976e-01
2.763595474852277e-07	3.055527e-01	3.055580e-01	3.055973e-01
2.763629760566561e-07	3.055527e-01	3.055581e-01	3.055971e-01
2.763664046280846e-07	3.055527e-01	3.055583e-01	3.055969e-01
2.763698331995131e-07	3.055527e-01	3.055584e-01	3.055967e-01
2.763756903423701e-07	3.055527e-01	3.055587e-01	3.055963e-01
2.763815474852271e-07	3.055527e-01	3.055591e-01	3.055959e-01
2.763874046280841e-07	3.055526e-01	3.055594e-01	3.055956e-01
2.763932617709411e-07	3.055526e-01	3.055597e-01	3.055952e-01
2.763991189137981e-07	3.055526e-01	3.055600e-01	3.055949e-01
2.764049760566551e-07	3.055526e-01	3.055603e-01	3.055945e-01
2.764108331995121e-07	3.055525e-01	3.055606e-01	3.055941e-01
2.764139760566549e-07	3.055525e-01	3.055607e-01	3.055939e-01
2.764171189137976e-07	3.055525e-01	3.055608e-01	3.055938e-01
2.764202617709404e-07	3.055524e-01	3.055610e-01	3.055936e-01
2.764234046280832e-07	3.055524e-01	3.055611e-01	3.055934e-01
2.764265474852260e-07	3.055524e-01	3.055611e-01	3.055932e-01
2.764296903423687e-07	3.055523e-01	3.055612e-01	3.055930e-01
2.764328331995115e-07	3.055523e-01	3.055613e-01	3.055928e-01
2.764338331995115e-07	3.055523e-01	3.055613e-01	3.055927e-01
2.764378331995114e-07	3.055522e-01	3.055613e-01	3.055925e-01
2.764418331995113e-07	3.055522e-01	3.055613e-01	3.055923e-01
2.764458331995112e-07	3.055521e-01	3.055613e-01	3.055920e-01
2.764498331995111e-07	3.055520e-01	3.055613e-01	3.055918e-01
2.764538331995110e-07	3.055520e-01	3.055612e-01	3.055916e-01
2.764578331995109e-07	3.055519e-01	3.055611e-01	3.055913e-01
2.764618331995108e-07	3.055518e-01	3.055610e-01	3.055911e-01
2.764674046280821e-07	3.055517e-01	3.055607e-01	3.055907e-01
2.764729760566534e-07	3.055515e-01	3.055604e-01	3.055904e-01
2.764785474852246e-07	3.055513e-01	3.055601e-01	3.055901e-01
2.764841189137959e-07	3.055511e-01	3.055597e-01	3.055898e-01
2.764896903423672e-07	3.055509e-01	3.055592e-01	3.055894e-01
2.764952617709385e-07	3.055507e-01	3.055586e-01	3.055891e-01
2.765008331995098e-07	3.055505e-01	3.055581e-01	3.055888e-01
2.765105474852238e-07	3.055500e-01	3.055569e-01	3.055882e-01
2.765202617709379e-07	3.055495e-01	3.055556e-01	3.055877e-01
2.765299760566519e-07	3.055489e-01	3.055543e-01	3.055871e-01
2.765396903423660e-07	3.055482e-01	3.055528e-01	3.055866e-01
2.765494046280800e-07	3.055475e-01	3.055513e-01	3.055860e-01
2.765591189137940e-07	3.055468e-01	3.055498e-01	3.055855e-01
2.765688331995081e-07	3.055460e-01	3.055481e-01	3.055850e-01
2.765778331995078e-07	3.055451e-01	3.055466e-01	3.055845e-01
2.765868331995076e-07	3.055443e-01	3.055451e-01	3.055840e-01
2.765958331995074e-07	3.055434e-01	3.055437e-01	3.055835e-01
2.766048331995072e-07	3.055424e-01	3.055424e-01	3.055830e-01
2.766138331995069e-07	3.055414e-01	3.055411e-01	3.055825e-01
2.766228331995067e-07	3.055404e-01	3.055399e-01	3.055821e-01
2.766318331995065e-07	3.055393e-01	3.055387e-01	3.055816e-01
2.766392617709349e-07	3.055384e-01	3.055378e-01	3.055812e-01
2.766466903423632e-07	3.055375e-01	3.055370e-01	3.055808e-01
2.766541189137916e-07	3.055365e-01	3.055363e-01	3.055804e-01
2.766615474852200e-07	3.055355e-01	3.055356e-01	3.055801e-01
2.766689760566484e-07	3.055346e-01	3.055350e-01	3.055797e-01
2.766764046280768e-07	3.055335e-01	3.055345e-01	3.055793e-01
2.766838331995052e-07	3.055325e-01	3.055341e-01	3.055789e-01
2.766904046280764e-07	3.055316e-01	3.055338e-01	3.055786e-01
2.766969760566477e-07	3.055307e-01	3.055335e-01	3.055783e-01
2.767035474852189e-07	3.055298e-01	3.055333e-01	3.055780e-01
2.767101189137902e-07	3.055289e-01	3.055331e-01	3.055777e-01
2.767166903423615e-07	3.055279e-01	3.055330e-01	3.055773e-01
2.767232617709327e-07	3.055270e-01	3.055330e-01	3.055770e-01
2.767298331995040e-07	3.055260e-01	3.055330e-01	3.055767e-01
2.767388331995038e-07	3.055248e-01	3.055330e-01	3.055763e-01
2.767478331995035e-07	3.055235e-01	3.055332e-01	3.055758e-01
2.767568331995033e-07	3.055222e-01	3.055334e-01	3.055754e-01
2.767658331995031e-07	3.055209e-01	3.055336e-01	3.055750e-01
2.767748331995029e-07	3.055196e-01	3.055339e-01	3.055746e-01
2.767838331995026e-07	3.055184e-01	3.055342e-01	3.055742e-01
2.767928331995024e-07	3.055171e-01	3.055345e-01	3.055738e-01
2.768034046280736e-07	3.055156e-01	3.055350e-01	3.055733e-01
2.768139760566447e-07	3.055142e-01	3.055354e-01	3.055728e-01
2.768245474852159e-07	3.055127e-01	3.055358e-01	3.055723e-01
2.768351189137870e-07	3.055113e-01	3.055361e-01	3.055719e-01
2.768456903423582e-07	3.055099e-01	3.055363e-01	3.055714e-01
2.768562617709294e-07	3.055085e-01	3.055365e-01	3.055710e-01
2.768668331995005e-07	3.055071e-01	3.055366e-01	3.055705e-01
2.768748331995003e-07	3.055060e-01	3.055366e-01	3.055702e-01
2.768828331995001e-07	3.055050e-01	3.055365e-01	3.055698e-01
2.768908331994999e-07	3.055039e-01	3.055364e-01	3.055695e-01
2.768988331994997e-07	3.055029e-01	3.055361e-01	3.055692e-01
2.769068331994995e-07	3.055019e-01	3.055358e-01	3.055689e-01
2.769148331994993e-07	3.055008e-01	3.055354e-01	3.055685e-01
2.769228331994991e-07	3.054998e-01	3.055349e-01	3.055682e-01
2.769334046280703e-07	3.054984e-01	3.055341e-01	3.055678e-01
2.769439760566414e-07	3.054970e-01	3.055330e-01	3.055674e-01
2.769545474852126e-07	3.054956e-01	3.055318e-01	3.055670e-01
2.769651189137837e-07	3.054941e-01	3.055304e-01	3.055666e-01
2.769756903423549e-07	3.054926e-01	3.055288e-01	3.055662e-01
2.769862617709261e-07	3.054912e-01	3.055270e-01	3.055658e-01
2.769968331994972e-07	3.054896e-01	3.055250e-01	3.055654e-01
2.770126903423540e-07	3.054873e-01	3.055215e-01	3.055648e-01
2.770285474852107e-07	3.054848e-01	3.055177e-01	3.055642e-01
2.770444046280675e-07	3.054821e-01	3.055134e-01	3.055636e-01
2.770602617709242e-07	3.054793e-01	3.055088e-01	3.055631e-01
2.770761189137809e-07	3.054764e-01	3.055037e-01	3.055625e-01
2.770919760566377e-07	3.054733e-01	3.054982e-01	3.055620e-01
2.771078331994944e-07	3.054700e-01	3.054923e-01	3.055615e-01
2.771284046280653e-07	3.054655e-01	3.054840e-01	3.055608e-01
2.771489760566362e-07	3.054605e-01	3.054755e-01	3.055602e-01
2.771695474852071e-07	3.054551e-01	3.054666e-01	3.055596e-01
2.771901189137780e-07	3.054493e-01	3.054574e-01	3.055589e-01
2.772106903423490e-07	3.054430e-01	3.054479e-01	3.055583e-01
2.772312617709199e-07	3.054364e-01	3.054381e-01	3.055577e-01
2.772518331994908e-07	3.054293e-01	3.054280e-01	3.055572e-01
2.772751189137759e-07	3.054207e-01	3.054165e-01	3.055565e-01
2.772984046280610e-07	3.054116e-01	3.054051e-01	3.055559e-01
2.773216903423461e-07	3.054019e-01	3.053938e-01	3.055553e-01
2.773449760566313e-07	3.053918e-01	3.053826e-01	3.055548e-01
2.773682617709164e-07	3.053812e-01	3.053715e-01	3.055542e-01
2.773915474852015e-07	3.053700e-01	3.053604e-01	3.055537e-01
2.774148331994866e-07	3.053584e-01	3.053494e-01	3.055531e-01
2.774578331994855e-07	3.053361e-01	3.053298e-01	3.055522e-01
2.774968331994846e-07	3.053145e-01	3.053127e-01	3.055514e-01
2.775358331994836e-07	3.052929e-01	3.052958e-01	3.055507e-01
2.775748331994826e-07	3.052715e-01	3.052791e-01	3.055500e-01
2.776138331994816e-07	3.052501e-01	3.052625e-01	3.055494e-01
2.776528331994806e-07	3.052288e-01	3.052461e-01	3.055488e-01
2.776918331994796e-07	3.052076e-01	3.052299e-01	3.055482e-01
2.777308331994786e-07	3.051865e-01	3.052139e-01	3.055477e-01
2.777588331994779e-07	3.051721e-01	3.052021e-01	3.055473e-01
2.777868331994772e-07	3.051583e-01	3.051905e-01	3.055470e-01
2.778148331994765e-07	3.051451e-01	3.051789e-01	3.055466e-01
2.778428331994758e-07	3.051325e-01	3.051674e-01	3.055463e-01
2.778708331994751e-07	3.051204e-01	3.051560e-01	3.055461e-01
2.778988331994744e-07	3.051089e-01	3.051448e-01	3.055458e-01
2.779268331994737e-07	3.050979e-01	3.051336e-01	3.055455e-01
2.779581189137586e-07	3.050865e-01	3.051213e-01	3.055453e-01
2.779894046280435e-07	3.050759e-01	3.051099e-01	3.055451e-01
2.780206903423284e-07	3.050659e-01	3.050993e-01	3.055448e-01
2.780519760566134e-07	3.050566e-01	3.050897e-01	3.055446e-01
2.780832617708983e-07	3.050481e-01	3.050809e-01	3.055445e-01
2.781145474851832e-07	3.050402e-01	3.050730e-01	3.055443e-01
2.781458331994681e-07	3.050330e-01	3.050660e-01	3.055441e-01
2.781634046280391e-07	3.050292e-01	3.050628e-01	3.055441e-01
2.781809760566101e-07	3.050255e-01	3.050601e-01	3.055440e-01
2.781985474851811e-07	3.050220e-01	3.050579e-01	3.055439e-01
2.782161189137521e-07	3.050186e-01	3.050562e-01	3.055439e-01
2.782336903423230e-07	3.050153e-01	3.050550e-01	3.055438e-01
2.782512617708940e-07	3.050122e-01	3.050543e-01	3.055438e-01
2.782688331994650e-07	3.050092e-01	3.050542e-01	3.055437e-01
2.782861189137503e-07	3.050063e-01	3.050546e-01	3.055437e-01
2.783034046280356e-07	3.050035e-01	3.050556e-01	3.055436e-01
2.783206903423208e-07	3.050008e-01	3.050572e-01	3.055436e-01
2.783379760566061e-07	3.049981e-01	3.050594e-01	3.055436e-01
2.783552617708914e-07	3.049955e-01	3.050622e-01	3.055435e-01
2.783725474851767e-07	3.049930e-01	3.050656e-01	3.055435e-01
2.783898331994619e-07	3.049905e-01	3.050696e-01	3.055435e-01
2.784028331994616e-07	3.049886e-01	3.050730e-01	3.055435e-01
2.784158331994613e-07	3.049868e-01	3.050767e-01	3.055435e-01
2.784288331994609e-07	3.049850e-01	3.050808e-01	3.055435e-01
2.784418331994606e-07	3.049831e-01	3.050853e-01	3.055435e-01
2.784548331994603e-07	3.049813e-01	3.050901e-01	3.055435e-01
2.784678331994600e-07	3.049795e-01	3.050953e-01	3.055435e-01
2.784808331994596e-07	3.049776e-01	3.051008e-01	3.055435e-01
2.784818331994596e-07	3.049775e-01	3.051012e-01	3.055435e-01
2.785116903423160e-07	3.049733e-01	3.051155e-01	3.055435e-01
2.785415474851724e-07	3.049690e-01	3.051313e-01	3.055435e-01
2.785714046280288e-07	3.049646e-01	3.051488e-01	3.055435e-01
2.786012617708852e-07	3.049601e-01	3.051679e-01	3.055436e-01
2.786311189137415e-07	3.049554e-01	3.051886e-01	3.055436e-01
2.786609760565979e-07	3.049506e-01	3.052109e-01	3.055437e-01
2.786908331994543e-07	3.049457e-01	3.052349e-01	3.055437e-01
2.787256903423106e-07	3.049396e-01	3.052649e-01	3.055438e-01
2.787605474851668e-07	3.049334e-01	3.052960e-01	3.055439e-01
2.787954046280231e-07	3.049270e-01	3.053283e-01	3.055440e-01
2.788302617708793e-07	3.049203e-01	3.053616e-01	3.055441e-01
2.788651189137356e-07	3.049134e-01	3.053961e-01	3.055442e-01
2.788999760565919e-07	3.049063e-01	3.054317e-01	3.055443e-01
2.789348331994481e-07	3.048990e-01	3.054684e-01	3.055444e-01
2.789855474851611e-07	3.048879e-01	3.055232e-01	3.055446e-01
2.790362617708741e-07	3.048769e-01	3.055767e-01	3.055448e-01
2.790869760565871e-07	3.048661e-01	3.056288e-01	3.055450e-01
2.791376903423001e-07	3.048553e-01	3.056796e-01	3.055452e-01
2.791884046280131e-07	3.048447e-01	3.057291e-01	3.055455e-01
2.792391189137261e-07	3.048343e-01	3.057773e-01	3.055457e-01
2.792898331994391e-07	3.048239e-01	3.058242e-01	3.055460e-01
2.793205474851526e-07	3.048181e-01	3.058505e-01	3.055461e-01
2.793512617708661e-07	3.048126e-01	3.058754e-01	3.055462e-01
2.793819760565797e-07	3.048074e-01	3.058990e-01	3.055464e-01
2.794126903422932e-07	3.048025e-01	3.059213e-01	3.055465e-01
2.794434046280067e-07	3.047979e-01	3.059422e-01	3.055467e-01
2.794741189137202e-07	3.047936e-01	3.059618e-01	3.055469e-01
2.795048331994337e-07	3.047897e-01	3.059801e-01	3.055470e-01
2.795058331994337e-07	3.047895e-01	3.059807e-01	3.055470e-01
2.795288331994331e-07	3.047869e-01	3.059932e-01	3.055471e-01
2.795298331994331e-07	3.047868e-01	3.059938e-01	3.055471e-01
2.795308331994330e-07	3.047867e-01	3.059944e-01	3.055471e-01
2.795318331994330e-07	3.047866e-01	3.059947e-01	3.055471e-01
2.795328331994330e-07	3.047864e-01	3.059951e-01	3.055471e-01
2.795338331994330e-07	3.047863e-01	3.059959e-01	3.055471e-01
2.795348331994329e-07	3.047862e-01	3.059964e-01	3.055472e-01
2.795389760565757e-07	3.047858e-01	3.059986e-01	3.055472e-01
2.795431189137184e-07	3.047854e-01	3.060006e-01	3.055472e-01
2.795472617708612e-07	3.047850e-01	3.060027e-01	3.055472e-01
2.795514046280039e-07	3.047845e-01	3.060047e-01	3.055472e-01
2.795555474851467e-07	3.047841e-01	3.060068e-01	3.055473e-01
2.795596903422894e-07	3.047838e-01	3.060087e-01	3.055473e-01
2.795638331994322e-07	3.047834e-01	3.060107e-01	3.055473e-01
2.795726903422891e-07	3.047826e-01	3.060149e-01	3.055474e-01
2.795815474851460e-07	3.047820e-01	3.060189e-01	3.055474e-01
2.795904046280029e-07	3.047814e-01	3.060229e-01	3.055475e-01
2.795992617708599e-07	3.047808e-01	3.060268e-01	3.055475e-01
2.796081189137168e-07	3.047803e-01	3.060305e-01	3.055475e-01
2.796169760565737e-07	3.047799e-01	3.060342e-01	3.055476e-01
2.796258331994306e-07	3.047795e-01	3.060378e-01	3.055476e-01
2.796324046280019e-07	3.047792e-01	3.060404e-01	3.055477e-01
2.796389760565731e-07	3.047790e-01	3.060430e-01	3.055477e-01
2.796455474851444e-07	3.047788e-01	3.060455e-01	3.055477e-01
2.796521189137157e-07	3.047786e-01	3.060479e-01	3.055478e-01
2.796586903422869e-07	3.047785e-01	3.060502e-01	3.055478e-01
2.796652617708582e-07	3.047783e-01	3.060524e-01	3.055478e-01
2.796718331994295e-07	3.047782e-01	3.060546e-01	3.055479e-01
2.796765474851436e-07	3.047782e-01	3.060561e-01	3.055479e-01
2.796812617708578e-07	3.047781e-01	3.060576e-01	3.055479e-01
2.796859760565720e-07	3.047781e-01	3.060590e-01	3.055479e-01
2.796906903422861e-07	3.047781e-01	3.060604e-01	3.055480e-01
2.796954046280003e-07	3.047781e-01	3.060617e-01	3.055480e-01
2.797001189137145e-07	3.047781e-01	3.060629e-01	3.055480e-01
2.797048331994286e-07	3.047781e-01	3.060641e-01	3.055480e-01
2.797119760565713e-07	3.047781e-01	3.060658e-01	3.055481e-01
2.797191189137140e-07	3.047782e-01	3.060674e-01	3.055481e-01
2.797262617708566e-07	3.047783e-01	3.060688e-01	3.055481e-01
2.797334046279993e-07	3.047784e-01	3.060700e-01	3.055482e-01
2.797405474851420e-07	3.047786e-01	3.060711e-01	3.055482e-01
2.797476903422847e-07	3.047788e-01	3.060721e-01	3.055482e-01
2.797548331994274e-07	3.047791e-01	3.060728e-01	3.055483e-01
2.797601189137129e-07	3.047793e-01	3.060733e-01	3.055483e-01
2.797654046279985e-07	3.047795e-01	3.060737e-01	3.055483e-01
2.797706903422841e-07	3.047798e-01	3.060739e-01	3.055484e-01
2.797759760565697e-07	3.047801e-01	3.060741e-01	3.055484e-01
2.797812617708553e-07	3.047804e-01	3.060742e-01	3.055484e-01
2.797865474851408e-07	3.047807e-01	3.060742e-01	3.055484e-01
2.797918331994264e-07	3.047811e-01	3.060741e-01	3.055485e-01
2.797986903422834e-07	3.047816e-01	3.060739e-01	3.055485e-01
2.798055474851404e-07	3.047822e-01	3.060735e-01	3.055485e-01
2.798124046279973e-07	3.047828e-01	3.060730e-01	3.055486e-01
2.798192617708543e-07	3.047835e-01	3.060723e-01	3.055486e-01
2.798261189137113e-07	3.047842e-01	3.060715e-01	3.055486e-01
2.798329760565682e-07	3.047850e-01	3.060705e-01	3.055487e-01
2.798398331994252e-07	3.047858e-01	3.060694e-01	3.055487e-01
2.798524046279963e-07	3.047875e-01	3.060670e-01	3.055488e-01
2.798649760565674e-07	3.047894e-01	3.060643e-01	3.055488e-01
2.798775474851385e-07	3.047915e-01	3.060614e-01	3.055489e-01
2.798901189137096e-07	3.047938e-01	3.060582e-01	3.055490e-01
2.799026903422807e-07	3.047963e-01	3.060548e-01	3.055490e-01
2.799152617708519e-07	3.047991e-01	3.060511e-01	3.055491e-01
2.799278331994230e-07	3.048020e-01	3.060472e-01	3.055491e-01
2.799408331994226e-07	3.048053e-01	3.060431e-01	3.055492e-01
2.799538331994223e-07	3.048088e-01	3.060391e-01	3.055493e-01
2.799668331994220e-07	3.048126e-01	3.060353e-01	3.055493e-01
2.799798331994217e-07	3.048165e-01	3.060316e-01	3.055494e-01
2.799928331994213e-07	3.048207e-01	3.060281e-01	3.055494e-01
2.800058331994210e-07	3.048251e-01	3.060248e-01	3.055495e-01
2.800188331994207e-07	3.048298e-01	3.060215e-01	3.055496e-01
2.800275474851347e-07	3.048330e-01	3.060196e-01	3.055496e-01
2.800362617708488e-07	3.048363e-01	3.060179e-01	3.055496e-01
2.800449760565629e-07	3.048397e-01	3.060164e-01	3.055497e-01
2.800536903422769e-07	3.048431e-01	3.060150e-01	3.055497e-01
2.800624046279910e-07	3.048466e-01	3.060138e-01	3.055498e-01
2.800711189137051e-07	3.048503e-01	3.060128e-01	3.055498e-01
2.800798331994191e-07	3.048540e-01	3.060120e-01	3.055499e-01
2.800861189137047e-07	3.048567e-01	3.060115e-01	3.055499e-01
2.800924046279902e-07	3.048594e-01	3.060112e-01	3.055499e-01
2.800986903422758e-07	3.048622e-01	3.060110e-01	3.055500e-01
2.801049760565613e-07	3.048650e-01	3.060108e-01	3.055500e-01
2.801112617708469e-07	3.048679e-01	3.060108e-01	3.055500e-01
2.801175474851324e-07	3.048707e-01	3.060109e-01	3.055500e-01
2.801238331994180e-07	3.048736e-01	3.060111e-01	3.055501e-01
2.801322617708464e-07	3.048776e-01	3.060115e-01	3.055501e-01
2.801406903422747e-07	3.048816e-01	3.060121e-01	3.055502e-01
2.801491189137031e-07	3.048856e-01	3.060129e-01	3.055502e-01
2.801575474851314e-07	3.048897e-01	3.060138e-01	3.055502e-01
2.801659760565598e-07	3.048938e-01	3.060150e-01	3.055503e-01
2.801744046279882e-07	3.048979e-01	3.060163e-01	3.055503e-01
2.801828331994165e-07	3.049021e-01	3.060178e-01	3.055503e-01
2.801964046279876e-07	3.049090e-01	3.060206e-01	3.055504e-01
2.802099760565587e-07	3.049159e-01	3.060237e-01	3.055505e-01
2.802235474851298e-07	3.049228e-01	3.060270e-01	3.055505e-01
2.802371189137008e-07	3.049298e-01	3.060305e-01	3.055506e-01
2.802506903422719e-07	3.049368e-01	3.060343e-01	3.055506e-01
2.802642617708430e-07	3.049438e-01	3.060384e-01	3.055507e-01
2.802778331994141e-07	3.049509e-01	3.060427e-01	3.055508e-01
2.802959760565565e-07	3.049605e-01	3.060487e-01	3.055508e-01
2.803141189136989e-07	3.049699e-01	3.060543e-01	3.055509e-01
2.803322617708413e-07	3.049794e-01	3.060596e-01	3.055510e-01
2.803504046279837e-07	3.049887e-01	3.060644e-01	3.055511e-01
2.803685474851261e-07	3.049981e-01	3.060690e-01	3.055511e-01
2.803866903422685e-07	3.050074e-01	3.060731e-01	3.055512e-01
2.804048331994109e-07	3.050166e-01	3.060769e-01	3.055513e-01
2.804134046279821e-07	3.050209e-01	3.060783e-01	3.055513e-01
2.804219760565533e-07	3.050252e-01	3.060795e-01	3.055514e-01
2.804305474851245e-07	3.050295e-01	3.060804e-01	3.055514e-01
2.804391189136957e-07	3.050337e-01	3.060812e-01	3.055514e-01
2.804476903422669e-07	3.050379e-01	3.060817e-01	3.055515e-01
2.804562617708382e-07	3.050421e-01	3.060820e-01	3.055515e-01
2.804648331994094e-07	3.050462e-01	3.060821e-01	3.055515e-01
2.804738331994091e-07	3.050505e-01	3.060819e-01	3.055516e-01
2.804828331994089e-07	3.050548e-01	3.060814e-01	3.055516e-01
2.804918331994087e-07	3.050590e-01	3.060806e-01	3.055516e-01
2.805008331994085e-07	3.050632e-01	3.060795e-01	3.055517e-01
2.805098331994082e-07	3.050674e-01	3.060781e-01	3.055517e-01
2.805188331994080e-07	3.050715e-01	3.060764e-01	3.055517e-01
2.805278331994078e-07	3.050756e-01	3.060744e-01	3.055518e-01
2.805298331994077e-07	3.050765e-01	3.060740e-01	3.055518e-01
2.805441189136931e-07	3.050828e-01	3.060700e-01	3.055518e-01
2.805584046279784e-07	3.050890e-01	3.060652e-01	3.055519e-01
2.805726903422638e-07	3.050951e-01	3.060597e-01	3.055520e-01
2.805869760565491e-07	3.051011e-01	3.060533e-01	3.055520e-01
2.806012617708345e-07	3.051069e-01	3.060460e-01	3.055521e-01
2.806155474851198e-07	3.051126e-01	3.060380e-01	3.055521e-01
2.806298331994052e-07	3.051182e-01	3.060291e-01	3.055522e-01
2.806512617708332e-07	3.051263e-01	3.060141e-01	3.055522e-01
2.806726903422612e-07	3.051340e-01	3.059977e-01	3.055523e-01
2.806941189136893e-07	3.051414e-01	3.059799e-01	3.055524e-01
2.807155474851173e-07	3.051484e-01	3.059608e-01	3.055525e-01
2.807369760565453e-07	3.051550e-01	3.059402e-01	3.055525e-01
2.807584046279734e-07	3.051613e-01	3.059183e-01	3.055526e-01
2.807798331994014e-07	3.051673e-01	3.058950e-01	3.055527e-01
2.808068331994007e-07	3.051742e-01	3.058639e-01	3.055528e-01
2.808338331994000e-07	3.051804e-01	3.058327e-01	3.055529e-01
2.808608331993993e-07	3.051861e-01	3.058014e-01	3.055529e-01
2.808878331993986e-07	3.051911e-01	3.057699e-01	3.055530e-01
2.809148331993980e-07	3.051955e-01	3.057384e-01	3.055531e-01
2.809418331993973e-07	3.051993e-01	3.057067e-01	3.055532e-01
2.809688331993966e-07	3.052024e-01	3.056749e-01	3.055533e-01
2.809862617708247e-07	3.052041e-01	3.056553e-01	3.055533e-01
2.810036903422529e-07	3.052056e-01	3.056365e-01	3.055534e-01
2.810211189136810e-07	3.052069e-01	3.056184e-01	3.055534e-01
2.810385474851091e-07	3.052079e-01	3.056011e-01	3.055535e-01
2.810559760565372e-07	3.052087e-01	3.055845e-01	3.055535e-01
2.810734046279654e-07	3.052092e-01	3.055687e-01	3.055536e-01
2.810908331993935e-07	3.052095e-01	3.055536e-01	3.055536e-01
2.811028331993932e-07	3.052096e-01	3.055439e-01	3.055537e-01
2.811148331993929e-07	3.052097e-01	3.055346e-01	3.055537e-01
2.811268331993926e-07	3.052096e-01	3.055260e-01	3.055537e-01
2.811388331993923e-07	3.052094e-01	3.055178e-01	3.055537e-01
2.811508331993920e-07	3.052092e-01	3.055102e-01	3.055538e-01
2.811628331993917e-07	3.052088e-01	3.055030e-01	3.055538e-01
2.811748331993914e-07	3.052084e-01	3.054965e-01	3.055538e-01
2.811899760565338e-07	3.052078e-01	3.054890e-01	3.055539e-01
2.812051189136763e-07	3.052070e-01	3.054825e-01	3.055539e-01
2.812202617708188e-07	3.052062e-01	3.054769e-01	3.055540e-01
2.812354046279613e-07	3.052052e-01	3.054723e-01	3.055540e-01
2.812505474851037e-07	3.052042e-01	3.054687e-01	3.055540e-01
2.812656903422462e-07	3.052030e-01	3.054660e-01	3.055541e-01
2.812808331993887e-07	3.052018e-01	3.054643e-01	3.055541e-01
2.812908331993884e-07	3.052009e-01	3.054637e-01	3.055541e-01
2.813008331993882e-07	3.052001e-01	3.054635e-01	3.055541e-01
2.813108331993879e-07	3.051992e-01	3.054638e-01	3.055541e-01
2.813208331993877e-07	3.051983e-01	3.054645e-01	3.055542e-01
2.813308331993874e-07	3.051973e-01	3.054657e-01	3.055542e-01
2.813408331993872e-07	3.051964e-01	3.054672e-01	3.055542e-01
2.813508331993869e-07	3.051954e-01	3.054692e-01	3.055542e-01
2.813725474851007e-07	3.051932e-01	3.054751e-01	3.055543e-01
2.813942617708144e-07	3.051910e-01	3.054828e-01	3.055543e-01
2.814159760565281e-07	3.051888e-01	3.054923e-01	3.055544e-01
2.814376903422419e-07	3.051867e-01	3.055036e-01	3.055544e-01
2.814594046279556e-07	3.051845e-01	3.055167e-01	3.055545e-01
2.814811189136693e-07	3.051824e-01	3.055316e-01	3.055545e-01
2.815028331993831e-07	3.051804e-01	3.055483e-01	3.055546e-01
2.815099760565257e-07	3.051797e-01	3.055541e-01	3.055546e-01
2.815171189136684e-07	3.051791e-01	3.055601e-01	3.055546e-01
2.815242617708111e-07	3.051785e-01	3.055662e-01	3.055546e-01
2.815314046279538e-07	3.051779e-01	3.055725e-01	3.055546e-01
2.815385474850964e-07	3.051773e-01	3.055789e-01	3.055546e-01
2.815456903422391e-07	3.051767e-01	3.055855e-01	3.055546e-01
2.815528331993818e-07	3.051761e-01	3.055922e-01	3.055547e-01
2.815538331993818e-07	3.051761e-01	3.055932e-01	3.055547e-01
2.815732617708099e-07	3.051746e-01	3.056125e-01	3.055547e-01
2.815926903422379e-07	3.051733e-01	3.056327e-01	3.055547e-01
2.816121189136660e-07	3.051722e-01	3.056537e-01	3.055548e-01
2.816315474850941e-07	3.051713e-01	3.056755e-01	3.055548e-01
2.816509760565222e-07	3.051706e-01	3.056982e-01	3.055548e-01
2.816704046279502e-07	3.051700e-01	3.057218e-01	3.055549e-01
2.816898331993783e-07	3.051696e-01	3.057462e-01	3.055549e-01
2.817019760565209e-07	3.051695e-01	3.057616e-01	3.055549e-01
2.817141189136634e-07	3.051694e-01	3.057773e-01	3.055549e-01
2.817262617708060e-07	3.051695e-01	3.057931e-01	3.055549e-01
2.817384046279485e-07	3.051696e-01	3.058091e-01	3.055550e-01
2.817505474850911e-07	3.051699e-01	3.058252e-01	3.055550e-01
2.817626903422336e-07	3.051702e-01	3.058416e-01	3.055550e-01
2.817748331993762e-07	3.051707e-01	3.058580e-01	3.055550e-01
2.817976903422327e-07	3.051718e-01	3.058896e-01	3.055550e-01
2.818205474850893e-07	3.051733e-01	3.059211e-01	3.055551e-01
2.818434046279459e-07	3.051752e-01	3.059526e-01	3.055551e-01
2.818662617708024e-07	3.051774e-01	3.059841e-01	3.055552e-01
2.818891189136590e-07	3.051801e-01	3.060157e-01	3.055552e-01
2.819119760565156e-07	3.051832e-01	3.060472e-01	3.055552e-01
2.819348331993721e-07	3.051866e-01	3.060787e-01	3.055553e-01
2.819696903422284e-07	3.051927e-01	3.061264e-01	3.055553e-01
2.820045474850846e-07	3.051997e-01	3.061723e-01	3.055553e-01
2.820394046279409e-07	3.052077e-01	3.062165e-01	3.055554e-01
2.820742617707972e-07	3.052166e-01	3.062590e-01	3.055554e-01
2.821091189136534e-07	3.052264e-01	3.062998e-01	3.055554e-01
2.821439760565097e-07	3.052371e-01	3.063388e-01	3.055555e-01
2.821788331993659e-07	3.052488e-01	3.063762e-01	3.055555e-01
2.822132617707936e-07	3.052612e-01	3.064103e-01	3.055555e-01
2.822476903422213e-07	3.052743e-01	3.064418e-01	3.055556e-01
2.822821189136490e-07	3.052880e-01	3.064706e-01	3.055556e-01
2.823165474850767e-07	3.053024e-01	3.064968e-01	3.055556e-01
2.823509760565044e-07	3.053174e-01	3.065204e-01	3.055557e-01
2.823854046279321e-07	3.053331e-01	3.065413e-01	3.055557e-01
2.824198331993598e-07	3.053495e-01	3.065596e-01	3.055557e-01
2.824422617707878e-07	3.053604e-01	3.065699e-01	3.055557e-01
2.824646903422158e-07	3.053714e-01	3.065791e-01	3.055557e-01
2.824871189136438e-07	3.053826e-01	3.065871e-01	3.055558e-01
2.825095474850718e-07	3.053939e-01	3.065940e-01	3.055558e-01
2.825319760564998e-07	3.054054e-01	3.065998e-01	3.055558e-01
2.825544046279279e-07	3.054170e-01	3.066044e-01	3.055558e-01
2.825768331993559e-07	3.054287e-01	3.066079e-01	3.055558e-01
2.825778331993558e-07	3.054293e-01	3.066080e-01	3.055558e-01
2.826019760564981e-07	3.054420e-01	3.066105e-01	3.055558e-01
2.826261189136403e-07	3.054548e-01	3.066118e-01	3.055559e-01
2.826502617707826e-07	3.054677e-01	3.066119e-01	3.055559e-01
2.826744046279248e-07	3.054805e-01	3.066108e-01	3.055559e-01
2.826985474850671e-07	3.054934e-01	3.066087e-01	3.055559e-01
2.827226903422093e-07	3.055064e-01	3.066053e-01	3.055559e-01
2.827468331993515e-07	3.055193e-01	3.066008e-01	3.055559e-01
2.828079760564929e-07	3.055524e-01	3.065833e-01	3.055559e-01
2.828691189136342e-07	3.055845e-01	3.065614e-01	3.055560e-01
2.829302617707755e-07	3.056154e-01	3.065350e-01	3.055560e-01
2.829914046279168e-07	3.056452e-01	3.065040e-01	3.055560e-01
2.830525474850581e-07	3.056739e-01	3.064686e-01	3.055560e-01
2.831136903421994e-07	3.057016e-01	3.064287e-01	3.055560e-01
2.831748331993407e-07	3.057281e-01	3.063842e-01	3.055561e-01
2.832279760564822e-07	3.057494e-01	3.063443e-01	3.055561e-01
2.832811189136237e-07	3.057693e-01	3.063037e-01	3.055561e-01
2.833342617707652e-07	3.057877e-01	3.062626e-01	3.055561e-01
2.833874046279067e-07	3.058046e-01	3.062209e-01	3.055561e-01
2.834405474850483e-07	3.058199e-01	3.061785e-01	3.055561e-01
2.834936903421898e-07	3.058339e-01	3.061356e-01	3.055561e-01
2.835468331993313e-07	3.058463e-01	3.060921e-01	3.055561e-01
2.836018331993299e-07	3.058574e-01	3.060482e-01	3.055561e-01
2.836448331993288e-07	3.058650e-01	3.060141e-01	3.055561e-01
2.836878331993277e-07	3.058715e-01	3.059806e-01	3.055561e-01
2.837308331993266e-07	3.058772e-01	3.059478e-01	3.055561e-01
2.837738331993255e-07	3.058819e-01	3.059157e-01	3.055561e-01
2.838168331993244e-07	3.058857e-01	3.058843e-01	3.055561e-01
2.838598331993233e-07	3.058885e-01	3.058535e-01	3.055561e-01
2.839028331993223e-07	3.058904e-01	3.058234e-01	3.055561e-01
2.839361189136071e-07	3.058913e-01	3.058008e-01	3.055561e-01
2.839694046278920e-07	3.058918e-01	3.057787e-01	3.055561e-01
2.840026903421769e-07	3.058918e-01	3.057573e-01	3.055561e-01
2.840359760564617e-07	3.058913e-01	3.057364e-01	3.055561e-01
2.840692617707466e-07	3.058904e-01	3.057161e-01	3.055561e-01
2.841025474850315e-07	3.058890e-01	3.056964e-01	3.055561e-01
2.841358331993164e-07	3.058871e-01	3.056773e-01	3.055561e-01
2.842056903421717e-07	3.058817e-01	3.056393e-01	3.055561e-01
2.842755474850271e-07	3.058750e-01	3.056040e-01	3.055561e-01
2.843454046278825e-07	3.058672e-01	3.055713e-01	3.055561e-01
2.844152617707378e-07	3.058581e-01	3.055412e-01	3.055561e-01
2.844851189135932e-07	3.058479e-01	3.055138e-01	3.055561e-01
2.845549760564486e-07	3.058365e-01	3.054891e-01	3.055561e-01
2.846248331993040e-07	3.058239e-01	3.054670e-01	3.055561e-01
2.846258331993039e-07	3.058237e-01	3.054667e-01	3.055561e-01
2.847061189135876e-07	3.058084e-01	3.054446e-01	3.055561e-01
2.847864046278713e-07	3.057928e-01	3.054250e-01	3.055561e-01
2.848666903421550e-07	3.057771e-01	3.054079e-01	3.055561e-01
2.849469760564387e-07	3.057611e-01	3.053934e-01	3.055561e-01
2.850272617707223e-07	3.057448e-01	3.053815e-01	3.055561e-01
2.851075474850060e-07	3.057284e-01	3.053721e-01	3.055561e-01
2.851878331992897e-07	3.057117e-01	3.053652e-01	3.055561e-01
2.852284046278601e-07	3.057035e-01	3.053623e-01	3.055560e-01
2.852689760564305e-07	3.056955e-01	3.053597e-01	3.055560e-01
2.853095474850009e-07	3.056875e-01	3.053576e-01	3.055560e-01
2.853501189135713e-07	3.056797e-01	3.053559e-01	3.055560e-01
2.853906903421417e-07	3.056720e-01	3.053546e-01	3.055560e-01
2.854312617707121e-07	3.056644e-01	3.053537e-01	3.055560e-01
2.854718331992825e-07	3.056569e-01	3.053532e-01	3.055560e-01
2.854768331992824e-07	3.056560e-01	3.053531e-01	3.055560e-01
2.854818331992823e-07	3.056551e-01	3.053531e-01	3.055560e-01
2.854868331992821e-07	3.056541e-01	3.053530e-01	3.055560e-01
2.854918331992820e-07	3.056532e-01	3.053530e-01	3.055560e-01
2.854968331992819e-07	3.056523e-01	3.053530e-01	3.055560e-01
2.855018331992817e-07	3.056514e-01	3.053529e-01	3.055560e-01
2.855068331992816e-07	3.056505e-01	3.053529e-01	3.055561e-01
2.855145474849957e-07	3.056492e-01	3.053529e-01	3.055561e-01
2.855222617707098e-07	3.056478e-01	3.053529e-01	3.055561e-01
2.855299760564239e-07	3.056464e-01	3.053529e-01	3.055561e-01
2.855376903421380e-07	3.056451e-01	3.053529e-01	3.055561e-01
2.855454046278521e-07	3.056437e-01	3.053530e-01	3.055562e-01
2.855531189135662e-07	3.056423e-01	3.053530e-01	3.055563e-01
2.855608331992803e-07	3.056410e-01	3.053530e-01	3.055563e-01
2.855702617707086e-07	3.056394e-01	3.053531e-01	3.055564e-01
2.855796903421369e-07	3.056378e-01	3.053532e-01	3.055565e-01
2.855891189135652e-07	3.056361e-01	3.053533e-01	3.055567e-01
2.855985474849936e-07	3.056345e-01	3.053534e-01	3.055569e-01
2.856079760564219e-07	3.056329e-01	3.053536e-01	3.055570e-01
2.856174046278502e-07	3.056313e-01	3.053537e-01	3.055573e-01
2.856268331992786e-07	3.056297e-01	3.053539e-01	3.055575e-01
2.856498331992780e-07	3.056259e-01	3.053543e-01	3.055582e-01
2.856738331992774e-07	3.056220e-01	3.053549e-01	3.055590e-01
2.856978331992768e-07	3.056181e-01	3.053555e-01	3.055601e-01
2.857218331992762e-07	3.056143e-01	3.053562e-01	3.055613e-01
2.857458331992756e-07	3.056106e-01	3.053570e-01	3.055627e-01
2.857698331992750e-07	3.056069e-01	3.053578e-01	3.055642e-01
2.857938331992743e-07	3.056033e-01	3.053588e-01	3.055660e-01
2.858178331992737e-07	3.055998e-01	3.053598e-01	3.055679e-01
2.858401189135589e-07	3.055965e-01	3.053608e-01	3.055699e-01
2.858624046278440e-07	3.055934e-01	3.053618e-01	3.055721e-01
2.858846903421292e-07	3.055903e-01	3.053629e-01	3.055745e-01
2.859069760564143e-07	3.055872e-01	3.053640e-01	3.055770e-01
2.859292617706995e-07	3.055842e-01	3.053651e-01	3.055797e-01
2.859515474849846e-07	3.055813e-01	3.053664e-01	3.055826e-01
2.859738331992698e-07	3.055784e-01	3.053676e-01	3.055857e-01
2.860162617706973e-07	3.055730e-01	3.053701e-01	3.055923e-01
2.860586903421248e-07	3.055679e-01	3.053728e-01	3.055991e-01
2.861011189135523e-07	3.055630e-01	3.053755e-01	3.056063e-01
2.861435474849798e-07	3.055583e-01	3.053783e-01	3.056137e-01
2.861859760564073e-07	3.055538e-01	3.053812e-01	3.056215e-01
2.862284046278348e-07	3.055496e-01	3.053841e-01	3.056295e-01
2.862708331992623e-07	3.055455e-01	3.053872e-01	3.056379e-01
2.862995474849758e-07	3.055429e-01	3.053893e-01	3.056434e-01
2.863282617706894e-07	3.055403e-01	3.053914e-01	3.056489e-01
2.863569760564029e-07	3.055379e-01	3.053935e-01	3.056544e-01
2.863856903421165e-07	3.055355e-01	3.053957e-01	3.056599e-01
2.864144046278301e-07	3.055332e-01	3.053979e-01	3.056654e-01
2.864431189135436e-07	3.055310e-01	3.054000e-01	3.056709e-01
2.864718331992572e-07	3.055289e-01	3.054022e-01	3.056764e-01
2.865005474849707e-07	3.055269e-01	3.054044e-01	3.056819e-01
2.865292617706843e-07	3.055250e-01	3.054066e-01	3.056876e-01
2.865579760563978e-07	3.055231e-01	3.054088e-01	3.056933e-01
2.865866903421114e-07	3.055214e-01	3.054109e-01	3.056993e-01
2.866154046278250e-07	3.055197e-01	3.054131e-01	3.057053e-01
2.866441189135385e-07	3.055180e-01	3.054153e-01	3.057115e-01
2.866728331992521e-07	3.055165e-01	3.054175e-01	3.057178e-01
2.866738331992521e-07	3.055165e-01	3.054176e-01	3.057180e-01
2.867055474849655e-07	3.055149e-01	3.054200e-01	3.057253e-01
2.867372617706790e-07	3.055133e-01	3.054224e-01	3.057328e-01
2.867689760563925e-07	3.055119e-01	3.054247e-01	3.057406e-01
2.868006903421060e-07	3.055106e-01	3.054271e-01	3.057487e-01
2.868324046278195e-07	3.055093e-01	3.054294e-01	3.057570e-01
2.868641189135329e-07	3.055081e-01	3.054317e-01	3.057656e-01
2.868958331992464e-07	3.055071e-01	3.054340e-01	3.057745e-01
2.869371189135311e-07	3.055058e-01	3.054370e-01	3.057866e-01
2.869784046278158e-07	3.055046e-01	3.054399e-01	3.057988e-01
2.870196903421004e-07	3.055036e-01	3.054428e-01	3.058110e-01
2.870609760563851e-07	3.055026e-01	3.054457e-01	3.058233e-01
2.871022617706698e-07	3.055018e-01	3.054484e-01	3.058356e-01
2.871435474849544e-07	3.055011e-01	3.054512e-01	3.058480e-01
2.871848331992391e-07	3.055005e-01	3.054539e-01	3.058604e-01
2.872238331992381e-07	3.055001e-01	3.054564e-01	3.058717e-01
2.872628331992371e-07	3.054997e-01	3.054588e-01	3.058824e-01
2.873018331992361e-07	3.054994e-01	3.054612e-01	3.058923e-01
2.873408331992352e-07	3.054992e-01	3.054636e-01	3.059015e-01
2.873798331992342e-07	3.054990e-01	3.054659e-01	3.059100e-01
2.874188331992332e-07	3.054990e-01	3.054682e-01	3.059178e-01
2.874578331992322e-07	3.054990e-01	3.054704e-01	3.059249e-01
2.874815474849459e-07	3.054990e-01	3.054717e-01	3.059286e-01
2.875052617706596e-07	3.054991e-01	3.054730e-01	3.059319e-01
2.875289760563732e-07	3.054991e-01	3.054743e-01	3.059348e-01
2.875526903420869e-07	3.054993e-01	3.054755e-01	3.059372e-01
2.875764046278006e-07	3.054994e-01	3.054768e-01	3.059393e-01
2.876001189135143e-07	3.054995e-01	3.054780e-01	3.059409e-01
2.876238331992280e-07	3.054997e-01	3.054792e-01	3.059421e-01
2.876342617706563e-07	3.054998e-01	3.054798e-01	3.059425e-01
2.876446903420846e-07	3.054998e-01	3.054803e-01	3.059428e-01
2.876551189135129e-07	3.054999e-01	3.054808e-01	3.059430e-01
2.876655474849412e-07	3.055000e-01	3.054813e-01	3.059431e-01
2.876759760563695e-07	3.055001e-01	3.054818e-01	3.059431e-01
2.876864046277978e-07	3.055002e-01	3.054823e-01	3.059431e-01
2.876968331992261e-07	3.055003e-01	3.054828e-01	3.059430e-01
2.876978331992261e-07	3.055003e-01	3.054829e-01	3.059429e-01
2.877196903420827e-07	3.055005e-01	3.054839e-01	3.059423e-01
2.877415474849393e-07	3.055008e-01	3.054850e-01	3.059414e-01
2.877634046277959e-07	3.055010e-01	3.054860e-01	3.059400e-01
2.877852617706525e-07	3.055013e-01	3.054870e-01	3.059383e-01
2.878071189135091e-07	3.055016e-01	3.054880e-01	3.059362e-01
2.878289760563656e-07	3.055019e-01	3.054889e-01	3.059338e-01
2.878508331992222e-07	3.055022e-01	3.054899e-01	3.059309e-01
2.878941189135069e-07	3.055028e-01	3.054917e-01	3.059241e-01
2.879374046277915e-07	3.055035e-01	3.054935e-01	3.059162e-01
2.879806903420761e-07	3.055042e-01	3.054952e-01	3.059071e-01
2.880239760563607e-07	3.055049e-01	3.054969e-01	3.058968e-01
2.880672617706453e-07	3.055057e-01	3.054985e-01	3.058855e-01
2.881105474849299e-07	3.055065e-01	3.055001e-01	3.058729e-01
2.881538331992146e-07	3.055074e-01	3.055016e-01	3.058593e-01
2.882251189134985e-07	3.055088e-01	3.055039e-01	3.058343e-01
2.882964046277824e-07	3.055103e-01	3.055062e-01	3.058087e-01
2.883676903420663e-07	3.055118e-01	3.055083e-01	3.057824e-01
2.884389760563502e-07	3.055133e-01	3.055102e-01	3.057554e-01
2.885102617706341e-07	3.055148e-01	3.055121e-01	3.057278e-01
2.885815474849180e-07	3.055164e-01	3.055138e-01	3.056994e-01
2.886528331992019e-07	3.055181e-01	3.055154e-01	3.056704e-01
2.887218331992002e-07	3.055196e-01	3.055169e-01	3.056438e-01
2.887412617706282e-07	3.055200e-01	3.055173e-01	3.056364e-01
2.887606903420563e-07	3.055205e-01	3.055177e-01	3.056290e-01
2.887801189134844e-07	3.055209e-01	3.055181e-01	3.056215e-01
2.887995474849125e-07	3.055213e-01	3.055184e-01	3.056140e-01
2.888189760563406e-07	3.055217e-01	3.055188e-01	3.056064e-01
2.888384046277686e-07	3.055222e-01	3.055191e-01	3.055988e-01
2.888578331991967e-07	3.055226e-01	3.055195e-01	3.055911e-01
2.888905474849102e-07	3.055233e-01	3.055201e-01	3.055779e-01
2.889232617706236e-07	3.055240e-01	3.055206e-01	3.055648e-01
2.889559760563371e-07	3.055247e-01	3.055212e-01	3.055517e-01
2.889886903420505e-07	3.055254e-01	3.055217e-01	3.055388e-01
2.890214046277640e-07	3.055261e-01	3.055222e-01	3.055259e-01
2.890541189134775e-07	3.055268e-01	3.055227e-01	3.055131e-01
2.890868331991909e-07	3.055275e-01	3.055231e-01	3.055004e-01
2.891315474849041e-07	3.055284e-01	3.055237e-01	3.054835e-01
2.891762617706172e-07	3.055293e-01	3.055243e-01	3.054671e-01
2.892209760563304e-07	3.055302e-01	3.055249e-01	3.054512e-01
2.892656903420435e-07	3.055311e-01	3.055254e-01	3.054357e-01
2.893104046277567e-07	3.055320e-01	3.055259e-01	3.054207e-01
2.893551189134698e-07	3.055328e-01	3.055264e-01	3.054062e-01
2.893998331991830e-07	3.055337e-01	3.055268e-01	3.053921e-01
2.894389760563249e-07	3.055344e-01	3.055272e-01	3.053803e-01
2.894781189134667e-07	3.055351e-01	3.055275e-01	3.053691e-01
2.895172617706086e-07	3.055358e-01	3.055279e-01	3.053586e-01
2.895564046277504e-07	3.055365e-01	3.055282e-01	3.053488e-01
2.895955474848923e-07	3.055372e-01	3.055285e-01	3.053396e-01
2.896346903420342e-07	3.055378e-01	3.055288e-01	3.053311e-01
2.896738331991760e-07	3.055385e-01	3.055291e-01	3.053232e-01
2.897458331991742e-07	3.055396e-01	3.055296e-01	3.053109e-01
2.897936903420302e-07	3.055404e-01	3.055298e-01	3.053042e-01
2.898415474848861e-07	3.055411e-01	3.055301e-01	3.052984e-01
2.898894046277420e-07	3.055418e-01	3.055304e-01	3.052936e-01
2.899372617705979e-07	3.055425e-01	3.055306e-01	3.052898e-01
2.899851189134539e-07	3.055431e-01	3.055308e-01	3.052869e-01
2.900329760563098e-07	3.055438e-01	3.055310e-01	3.052850e-01
2.900808331991657e-07	3.055444e-01	3.055312e-01	3.052841e-01
2.900969760563082e-07	3.055446e-01	3.055313e-01	3.052839e-01
2.901131189134506e-07	3.055448e-01	3.055313e-01	3.052838e-01
2.901292617705931e-07	3.055450e-01	3.055314e-01	3.052838e-01
2.901454046277355e-07	3.055452e-01	3.055314e-01	3.052839e-01
2.901615474848780e-07	3.055454e-01	3.055315e-01	3.052841e-01
2.901776903420204e-07	3.055456e-01	3.055316e-01	3.052843e-01
2.901938331991629e-07	3.055458e-01	3.055316e-01	3.052847e-01
2.902235474848764e-07	3.055461e-01	3.055317e-01	3.052856e-01
2.902532617705899e-07	3.055465e-01	3.055318e-01	3.052868e-01
2.902829760563035e-07	3.055468e-01	3.055319e-01	3.052883e-01
2.903126903420170e-07	3.055471e-01	3.055320e-01	3.052902e-01
2.903424046277305e-07	3.055475e-01	3.055320e-01	3.052923e-01
2.903721189134441e-07	3.055478e-01	3.055321e-01	3.052947e-01
2.904018331991576e-07	3.055481e-01	3.055322e-01	3.052975e-01
2.904496903420135e-07	3.055485e-01	3.055323e-01	3.053026e-01
2.904975474848695e-07	3.055490e-01	3.055324e-01	3.053086e-01
2.905454046277254e-07	3.055494e-01	3.055324e-01	3.053157e-01
2.905932617705813e-07	3.055499e-01	3.055325e-01	3.053237e-01
2.906411189134373e-07	3.055503e-01	3.055326e-01	3.053327e-01
2.906889760562932e-07	3.055507e-01	3.055326e-01	3.053426e-01
2.907368331991491e-07	3.055511e-01	3.055327e-01	3.053536e-01
2.907698331991483e-07	3.055513e-01	3.055327e-01	3.053617e-01
2.908186903420042e-07	3.055516e-01	3.055328e-01	3.053748e-01
2.908675474848601e-07	3.055520e-01	3.055328e-01	3.053888e-01
2.909164046277160e-07	3.055523e-01	3.055328e-01	3.054036e-01
2.909652617705719e-07	3.055526e-01	3.055329e-01	3.054194e-01
2.910141189134278e-07	3.055529e-01	3.055329e-01	3.054360e-01
2.910629760562837e-07	3.055532e-01	3.055329e-01	3.054535e-01
2.911118331991396e-07	3.055535e-01	3.055329e-01	3.054719e-01
2.912004046277088e-07	3.055540e-01	3.055329e-01	3.055082e-01
2.912889760562780e-07	3.055544e-01	3.055329e-01	3.055439e-01
2.913775474848472e-07	3.055548e-01	3.055329e-01	3.055792e-01
2.914661189134164e-07	3.055551e-01	3.055329e-01	3.056139e-01
2.915546903419855e-07	3.055555e-01	3.055329e-01	3.056482e-01
2.916432617705547e-07	3.055557e-01	3.055328e-01	3.056819e-01
2.917318331991239e-07	3.055560e-01	3.055328e-01	3.057151e-01
2.917938331991223e-07	3.055561e-01	3.055328e-01	3.057355e-01
2.918415474848354e-07	3.055563e-01	3.055327e-01	3.057502e-01
2.918892617705485e-07	3.055564e-01	3.055327e-01	3.057639e-01
2.919369760562616e-07	3.055565e-01	3.055327e-01	3.057765e-01
2.919846903419746e-07	3.055566e-01	3.055327e-01	3.057881e-01
2.920324046276877e-07	3.055567e-01	3.055327e-01	3.057985e-01
2.920801189134008e-07	3.055568e-01	3.055326e-01	3.058079e-01
2.921278331991139e-07	3.055568e-01	3.055326e-01	3.058162e-01
2.921632617705415e-07	3.055569e-01	3.055326e-01	3.058215e-01
2.921986903419692e-07	3.055569e-01	3.055325e-01	3.058262e-01
2.922341189133969e-07	3.055570e-01	3.055325e-01	3.058302e-01
2.922695474848246e-07	3.055570e-01	3.055325e-01	3.058336e-01
2.923049760562522e-07	3.055571e-01	3.055325e-01	3.058363e-01
2.923404046276799e-07	3.055571e-01	3.055325e-01	3.058385e-01
2.923758331991076e-07	3.055572e-01	3.055325e-01	3.058399e-01
2.924006903419641e-07	3.055572e-01	3.055324e-01	3.058406e-01
2.924255474848206e-07	3.055572e-01	3.055324e-01	3.058409e-01
2.924504046276771e-07	3.055572e-01	3.055324e-01	3.058410e-01
2.924752617705336e-07	3.055572e-01	3.055324e-01	3.058408e-01
2.925001189133902e-07	3.055573e-01	3.055324e-01	3.058403e-01
2.925249760562467e-07	3.055573e-01	3.055324e-01	3.058395e-01
2.925498331991032e-07	3.055573e-01	3.055323e-01	3.058385e-01
2.925879760562451e-07	3.055573e-01	3.055323e-01	3.058363e-01
2.926261189133870e-07	3.055574e-01	3.055323e-01	3.058335e-01
2.926642617705289e-07	3.055574e-01	3.055323e-01	3.058302e-01
2.927024046276707e-07	3.055574e-01	3.055323e-01	3.058264e-01
2.927405474848126e-07	3.055574e-01	3.055322e-01	3.058220e-01
2.927786903419545e-07	3.055574e-01	3.055322e-01	3.058171e-01
2.928168331990964e-07	3.055574e-01	3.055322e-01	3.058116e-01
2.928178331990964e-07	3.055574e-01	3.055322e-01	3.058114e-01
2.929109760562369e-07	3.055575e-01	3.055321e-01	3.057954e-01
2.930041189133774e-07	3.055575e-01	3.055321e-01	3.057781e-01
2.930972617705179e-07	3.055575e-01	3.055320e-01	3.057596e-01
2.931904046276584e-07	3.055575e-01	3.055320e-01	3.057398e-01
2.932835474847989e-07	3.055575e-01	3.055319e-01	3.057189e-01
2.933766903419394e-07	3.055575e-01	3.055319e-01	3.056967e-01
2.934698331990799e-07	3.055575e-01	3.055319e-01	3.056732e-01
2.935228331990785e-07	3.055575e-01	3.055318e-01	3.056603e-01
2.935758331990772e-07	3.055575e-01	3.055318e-01	3.056476e-01
2.936288331990758e-07	3.055574e-01	3.055318e-01	3.056351e-01
2.936818331990745e-07	3.055574e-01	3.055318e-01	3.056227e-01
2.937348331990732e-07	3.055574e-01	3.055317e-01	3.056105e-01
2.937878331990718e-07	3.055574e-01	3.055317e-01	3.055985e-01
2.938408331990705e-07	3.055574e-01	3.055317e-01	3.055867e-01
2.938418331990704e-07	3.055574e-01	3.055317e-01	3.055865e-01
2.939166903419257e-07	3.055574e-01	3.055317e-01	3.055703e-01
2.939915474847809e-07	3.055573e-01	3.055316e-01	3.055551e-01
2.940664046276362e-07	3.055573e-01	3.055316e-01	3.055406e-01
2.941412617704914e-07	3.055573e-01	3.055316e-01	3.055270e-01
2.942161189133467e-07	3.055573e-01	3.055316e-01	3.055142e-01
2.942909760562019e-07	3.055572e-01	3.055315e-01	3.055023e-01
2.943658331990572e-07	3.055572e-01	3.055315e-01	3.054911e-01
2.946088331990510e-07	3.055571e-01	3.055314e-01	3.054617e-01
2.946118331990509e-07	3.055571e-01	3.055314e-01	3.054613e-01
2.946148331990509e-07	3.055571e-01	3.055314e-01	3.054610e-01
2.946178331990508e-07	3.055571e-01	3.055314e-01	3.054608e-01
2.946204046276221e-07	3.055571e-01	3.055314e-01	3.054605e-01
2.946229760561935e-07	3.055571e-01	3.055314e-01	3.054602e-01
2.946255474847649e-07	3.055571e-01	3.055314e-01	3.054600e-01
2.946281189133362e-07	3.055571e-01	3.055314e-01	3.054597e-01
2.946306903419076e-07	3.055571e-01	3.055314e-01	3.054595e-01
2.946332617704790e-07	3.055571e-01	3.055314e-01	3.054592e-01
2.946358331990503e-07	3.055570e-01	3.055314e-01	3.054590e-01
2.946396903419074e-07	3.055570e-01	3.055314e-01	3.054586e-01
2.946435474847644e-07	3.055570e-01	3.055314e-01	3.054582e-01
2.946474046276215e-07	3.055569e-01	3.055313e-01	3.054579e-01
2.946512617704785e-07	3.055569e-01	3.055313e-01	3.054575e-01
2.946551189133356e-07	3.055569e-01	3.055313e-01	3.054571e-01
2.946589760561926e-07	3.055568e-01	3.055312e-01	3.054568e-01
2.946628331990496e-07	3.055568e-01	3.055311e-01	3.054564e-01
2.946679760561924e-07	3.055567e-01	3.055310e-01	3.054559e-01
2.946731189133351e-07	3.055566e-01	3.055309e-01	3.054555e-01
2.946782617704778e-07	3.055565e-01	3.055308e-01	3.054550e-01
2.946834046276206e-07	3.055564e-01	3.055306e-01	3.054545e-01
2.946885474847633e-07	3.055563e-01	3.055304e-01	3.054541e-01
2.946936903419060e-07	3.055562e-01	3.055302e-01	3.054536e-01
2.946988331990487e-07	3.055561e-01	3.055300e-01	3.054532e-01
2.947051189133343e-07	3.055560e-01	3.055296e-01	3.054526e-01
2.947114046276198e-07	3.055559e-01	3.055293e-01	3.054521e-01
2.947176903419054e-07	3.055557e-01	3.055289e-01	3.054516e-01
2.947239760561910e-07	3.055556e-01	3.055286e-01	3.054510e-01
2.947302617704765e-07	3.055555e-01	3.055282e-01	3.054505e-01
2.947365474847621e-07	3.055553e-01	3.055278e-01	3.054500e-01
2.947428331990476e-07	3.055552e-01	3.055273e-01	3.054495e-01
2.947501189133331e-07	3.055550e-01	3.055268e-01	3.054489e-01
2.947574046276187e-07	3.055548e-01	3.055263e-01	3.054483e-01
2.947646903419042e-07	3.055547e-01	3.055258e-01	3.054478e-01
2.947719760561897e-07	3.055545e-01	3.055253e-01	3.054472e-01
2.947792617704753e-07	3.055543e-01	3.055249e-01	3.054467e-01
2.947865474847608e-07	3.055541e-01	3.055244e-01	3.054461e-01
2.947938331990463e-07	3.055539e-01	3.055240e-01	3.054456e-01
2.947999760561890e-07	3.055538e-01	3.055237e-01	3.054452e-01
2.948061189133317e-07	3.055536e-01	3.055234e-01	3.054447e-01
2.948122617704744e-07	3.055534e-01	3.055231e-01	3.054443e-01
2.948184046276171e-07	3.055532e-01	3.055229e-01	3.054439e-01
2.948245474847598e-07	3.055530e-01	3.055227e-01	3.054434e-01
2.948306903419025e-07	3.055527e-01	3.055226e-01	3.054430e-01
2.948368331990452e-07	3.055525e-01	3.055224e-01	3.054426e-01
2.948408331990451e-07	3.055523e-01	3.055224e-01	3.054424e-01
2.948448331990450e-07	3.055522e-01	3.055224e-01	3.054421e-01
2.948488331990449e-07	3.055520e-01	3.055224e-01	3.054418e-01
2.948528331990448e-07	3.055518e-01	3.055224e-01	3.054416e-01
2.948568331990447e-07	3.055516e-01	3.055224e-01	3.054413e-01
2.948608331990446e-07	3.055514e-01	3.055224e-01	3.054411e-01
2.948648331990445e-07	3.055511e-01	3.055224e-01	3.054408e-01
2.948658331990445e-07	3.055511e-01	3.055224e-01	3.054408e-01
2.948728331990443e-07	3.055507e-01	3.055226e-01	3.054403e-01
2.948798331990441e-07	3.055503e-01	3.055227e-01	3.054399e-01
2.948868331990440e-07	3.055498e-01	3.055229e-01	3.054395e-01
2.948938331990438e-07	3.055493e-01	3.055232e-01	3.054391e-01
2.949008331990436e-07	3.055488e-01	3.055235e-01	3.054387e-01
2.949078331990434e-07	3.055482e-01	3.055238e-01	3.054383e-01
2.949148331990433e-07	3.055476e-01	3.055242e-01	3.054379e-01
2.949275474847572e-07	3.055465e-01	3.055249e-01	3.054372e-01
2.949402617704712e-07	3.055452e-01	3.055256e-01	3.054365e-01
2.949529760561852e-07	3.055438e-01	3.055263e-01	3.054359e-01
2.949656903418991e-07	3.055422e-01	3.055270e-01	3.054353e-01
2.949784046276131e-07	3.055406e-01	3.055275e-01	3.054347e-01
2.949911189133270e-07	3.055388e-01	3.055281e-01	3.054341e-01
2.950038331990410e-07	3.055369e-01	3.055286e-01	3.054336e-01
2.950108331990408e-07	3.055358e-01	3.055288e-01	3.054333e-01
2.950178331990407e-07	3.055347e-01	3.055289e-01	3.054330e-01
2.950248331990405e-07	3.055335e-01	3.055289e-01	3.054327e-01
2.950318331990403e-07	3.055323e-01	3.055289e-01	3.054324e-01
2.950388331990401e-07	3.055311e-01	3.055289e-01	3.054322e-01
2.950458331990399e-07	3.055299e-01	3.055288e-01	3.054319e-01
2.950528331990398e-07	3.055286e-01	3.055286e-01	3.054316e-01
2.950604046276110e-07	3.055272e-01	3.055283e-01	3.054314e-01
2.950679760561822e-07	3.055257e-01	3.055280e-01	3.054311e-01
2.950755474847535e-07	3.055242e-01	3.055275e-01	3.054308e-01
2.950831189133247e-07	3.055227e-01	3.055270e-01	3.054306e-01
2.950906903418959e-07	3.055212e-01	3.055264e-01	3.054303e-01
2.950982617704672e-07	3.055196e-01	3.055257e-01	3.054301e-01
2.951058331990384e-07	3.055181e-01	3.055250e-01	3.054299e-01
2.951156903418953e-07	3.055160e-01	3.055239e-01	3.054296e-01
2.951255474847522e-07	3.055139e-01	3.055226e-01	3.054293e-01
2.951354046276091e-07	3.055117e-01	3.055213e-01	3.054290e-01
2.951452617704660e-07	3.055096e-01	3.055199e-01	3.054288e-01
2.951551189133229e-07	3.055074e-01	3.055183e-01	3.054286e-01
2.951649760561798e-07	3.055051e-01	3.055167e-01	3.054283e-01
2.951748331990367e-07	3.055029e-01	3.055150e-01	3.054281e-01
2.951961189133218e-07	3.054980e-01	3.055107e-01	3.054277e-01
2.952174046276070e-07	3.054931e-01	3.055067e-01	3.054273e-01
2.952386903418922e-07	3.054882e-01	3.055032e-01	3.054270e-01
2.952599760561774e-07	3.054834e-01	3.055001e-01	3.054267e-01
2.952812617704625e-07	3.054786e-01	3.054974e-01	3.054265e-01
2.953025474847477e-07	3.054739e-01	3.054950e-01	3.054263e-01
2.953238331990329e-07	3.054692e-01	3.054931e-01	3.054262e-01
2.953316903418898e-07	3.054674e-01	3.054928e-01	3.054261e-01
2.953395474847468e-07	3.054658e-01	3.054927e-01	3.054261e-01
2.953474046276037e-07	3.054641e-01	3.054927e-01	3.054260e-01
2.953552617704607e-07	3.054624e-01	3.054929e-01	3.054260e-01
2.953631189133176e-07	3.054608e-01	3.054932e-01	3.054260e-01
2.953709760561746e-07	3.054592e-01	3.054938e-01	3.054260e-01
2.953788331990315e-07	3.054576e-01	3.054945e-01	3.054260e-01
2.953896903418884e-07	3.054554e-01	3.054957e-01	3.054260e-01
2.954005474847452e-07	3.054532e-01	3.054974e-01	3.054260e-01
2.954114046276021e-07	3.054511e-01	3.054995e-01	3.054261e-01
2.954222617704590e-07	3.054490e-01	3.055020e-01	3.054261e-01
2.954331189133158e-07	3.054470e-01	3.055048e-01	3.054262e-01
2.954439760561727e-07	3.054450e-01	3.055081e-01	3.054262e-01
2.954548331990296e-07	3.054430e-01	3.055117e-01	3.054263e-01
2.954699760561721e-07	3.054403e-01	3.055176e-01	3.054264e-01
2.954851189133145e-07	3.054378e-01	3.055242e-01	3.054265e-01
2.955002617704570e-07	3.054353e-01	3.055315e-01	3.054267e-01
2.955154046275995e-07	3.054329e-01	3.055396e-01	3.054269e-01
2.955305474847419e-07	3.054306e-01	3.055484e-01	3.054271e-01
2.955456903418844e-07	3.054284e-01	3.055579e-01	3.054273e-01
2.955608331990269e-07	3.054263e-01	3.055682e-01	3.054275e-01
2.955881189133119e-07	3.054227e-01	3.055891e-01	3.054280e-01
2.956154046275969e-07	3.054195e-01	3.056108e-01	3.054285e-01
2.956426903418820e-07	3.054167e-01	3.056333e-01	3.054291e-01
2.956699760561670e-07	3.054142e-01	3.056567e-01	3.054297e-01
2.956972617704520e-07	3.054121e-01	3.056809e-01	3.054304e-01
2.957245474847370e-07	3.054104e-01	3.057059e-01	3.054311e-01
2.957518331990221e-07	3.054091e-01	3.057318e-01	3.054318e-01
2.957638331990218e-07	3.054087e-01	3.057428e-01	3.054322e-01
2.957758331990214e-07	3.054083e-01	3.057535e-01	3.054326e-01
2.957878331990211e-07	3.054080e-01	3.057640e-01	3.054329e-01
2.957998331990208e-07	3.054078e-01	3.057743e-01	3.054333e-01
2.958118331990205e-07	3.054077e-01	3.057845e-01	3.054337e-01
2.958238331990202e-07	3.054076e-01	3.057944e-01	3.054341e-01
2.958358331990199e-07	3.054076e-01	3.058042e-01	3.054345e-01
2.958434046275912e-07	3.054077e-01	3.058102e-01	3.054347e-01
2.958509760561624e-07	3.054078e-01	3.058160e-01	3.054350e-01
2.958585474847336e-07	3.054079e-01	3.058218e-01	3.054353e-01
2.958661189133049e-07	3.054080e-01	3.058274e-01	3.054355e-01
2.958736903418761e-07	3.054082e-01	3.058328e-01	3.054358e-01
2.958812617704473e-07	3.054084e-01	3.058382e-01	3.054361e-01
2.958888331990186e-07	3.054087e-01	3.058434e-01	3.054363e-01
2.958898331990186e-07	3.054087e-01	3.058440e-01	3.054364e-01
2.959068331990181e-07	3.054094e-01	3.058552e-01	3.054370e-01
2.959238331990177e-07	3.054102e-01	3.058655e-01	3.054376e-01
2.959408331990173e-07	3.054111e-01	3.058749e-01	3.054383e-01
2.959578331990168e-07	3.054122e-01	3.058835e-01	3.054389e-01
2.959748331990164e-07	3.054133e-01	3.058913e-01	3.054396e-01
2.959918331990160e-07	3.054147e-01	3.058982e-01	3.054403e-01
2.960088331990155e-07	3.054161e-01	3.059043e-01	3.054410e-01
2.960218331990152e-07	3.054173e-01	3.059083e-01	3.054415e-01
2.960348331990149e-07	3.054185e-01	3.059118e-01	3.054421e-01
2.960478331990146e-07	3.054198e-01	3.059148e-01	3.054426e-01
2.960608331990142e-07	3.054212e-01	3.059173e-01	3.054432e-01
2.960738331990139e-07	3.054226e-01	3.059194e-01	3.054437e-01
2.960868331990136e-07	3.054240e-01	3.059209e-01	3.054443e-01
2.960998331990132e-07	3.054255e-01	3.059219e-01	3.054449e-01
2.961106903418701e-07	3.054268e-01	3.059224e-01	3.054453e-01
2.961215474847270e-07	3.054281e-01	3.059227e-01	3.054458e-01
2.961324046275838e-07	3.054294e-01	3.059226e-01	3.054463e-01
2.961432617704407e-07	3.054308e-01	3.059223e-01	3.054468e-01
2.961541189132976e-07	3.054321e-01	3.059217e-01	3.054473e-01
2.961649760561544e-07	3.054335e-01	3.059208e-01	3.054478e-01
2.961758331990113e-07	3.054349e-01	3.059196e-01	3.054483e-01
2.962084046275819e-07	3.054393e-01	3.059137e-01	3.054498e-01
2.962409760561525e-07	3.054436e-01	3.059071e-01	3.054514e-01
2.962735474847231e-07	3.054478e-01	3.058996e-01	3.054530e-01
2.963061189132937e-07	3.054518e-01	3.058913e-01	3.054545e-01
2.963386903418643e-07	3.054558e-01	3.058822e-01	3.054561e-01
2.963712617704349e-07	3.054596e-01	3.058722e-01	3.054578e-01
2.964038331990055e-07	3.054633e-01	3.058615e-01	3.054594e-01
2.964224046275765e-07	3.054653e-01	3.058560e-01	3.054603e-01
2.964409760561475e-07	3.054671e-01	3.058509e-01	3.054613e-01
2.964595474847184e-07	3.054688e-01	3.058462e-01	3.054622e-01
2.964781189132894e-07	3.054704e-01	3.058419e-01	3.054632e-01
2.964966903418603e-07	3.054719e-01	3.058380e-01	3.054641e-01
2.965152617704313e-07	3.054732e-01	3.058344e-01	3.054651e-01
2.965338331990022e-07	3.054745e-01	3.058312e-01	3.054660e-01
2.965458331990019e-07	3.054752e-01	3.058295e-01	3.054666e-01
2.965578331990016e-07	3.054758e-01	3.058281e-01	3.054672e-01
2.965698331990013e-07	3.054764e-01	3.058269e-01	3.054679e-01
2.965818331990010e-07	3.054770e-01	3.058260e-01	3.054685e-01
2.965938331990007e-07	3.054775e-01	3.058253e-01	3.054691e-01
2.966058331990004e-07	3.054779e-01	3.058250e-01	3.054697e-01
2.966178331990001e-07	3.054783e-01	3.058248e-01	3.054703e-01
2.966302617704284e-07	3.054786e-01	3.058250e-01	3.054710e-01
2.966426903418566e-07	3.054789e-01	3.058255e-01	3.054716e-01
2.966551189132849e-07	3.054791e-01	3.058263e-01	3.054723e-01
2.966675474847131e-07	3.054793e-01	3.058275e-01	3.054729e-01
2.966799760561414e-07	3.054794e-01	3.058289e-01	3.054735e-01
2.966924046275697e-07	3.054794e-01	3.058307e-01	3.054742e-01
2.967048331989979e-07	3.054794e-01	3.058328e-01	3.054748e-01
2.967222617704260e-07	3.054792e-01	3.058363e-01	3.054757e-01
2.967396903418542e-07	3.054790e-01	3.058404e-01	3.054766e-01
2.967571189132823e-07	3.054787e-01	3.058451e-01	3.054775e-01
2.967745474847104e-07	3.054782e-01	3.058504e-01	3.054784e-01
2.967919760561386e-07	3.054777e-01	3.058563e-01	3.054793e-01
2.968094046275667e-07	3.054770e-01	3.058629e-01	3.054802e-01
2.968268331989948e-07	3.054762e-01	3.058700e-01	3.054810e-01
2.968391189132802e-07	3.054757e-01	3.058754e-01	3.054817e-01
2.968514046275656e-07	3.054751e-01	3.058810e-01	3.054823e-01
2.968636903418510e-07	3.054744e-01	3.058868e-01	3.054829e-01
2.968759760561364e-07	3.054737e-01	3.058929e-01	3.054835e-01
2.968882617704218e-07	3.054730e-01	3.058992e-01	3.054841e-01
2.969005474847072e-07	3.054723e-01	3.059058e-01	3.054848e-01
2.969128331989926e-07	3.054715e-01	3.059126e-01	3.054854e-01
2.969138331989926e-07	3.054714e-01	3.059132e-01	3.054854e-01
2.969581189132772e-07	3.054681e-01	3.059409e-01	3.054876e-01
2.970024046275618e-07	3.054647e-01	3.059692e-01	3.054898e-01
2.970466903418464e-07	3.054614e-01	3.059982e-01	3.054920e-01
2.970909760561310e-07	3.054581e-01	3.060279e-01	3.054941e-01
2.971352617704156e-07	3.054547e-01	3.060583e-01	3.054962e-01
2.971795474847002e-07	3.054513e-01	3.060893e-01	3.054982e-01
2.972238331989848e-07	3.054480e-01	3.061210e-01	3.055003e-01
2.972488331989841e-07	3.054463e-01	3.061377e-01	3.055014e-01
2.972738331989835e-07	3.054448e-01	3.061536e-01	3.055025e-01
2.972988331989829e-07	3.054434e-01	3.061687e-01	3.055036e-01
2.973238331989822e-07	3.054422e-01	3.061831e-01	3.055048e-01
2.973488331989816e-07	3.054412e-01	3.061967e-01	3.055058e-01
2.973738331989810e-07	3.054403e-01	3.062095e-01	3.055069e-01
2.973988331989803e-07	3.054395e-01	3.062216e-01	3.055080e-01
2.974136903418371e-07	3.054391e-01	3.062282e-01	3.055086e-01
2.974285474846939e-07	3.054389e-01	3.062344e-01	3.055092e-01
2.974434046275506e-07	3.054387e-01	3.062402e-01	3.055099e-01
2.974582617704074e-07	3.054385e-01	3.062456e-01	3.055105e-01
2.974731189132642e-07	3.054384e-01	3.062506e-01	3.055111e-01
2.974879760561209e-07	3.054384e-01	3.062551e-01	3.055117e-01
2.975028331989777e-07	3.054385e-01	3.062593e-01	3.055123e-01
2.975206903418344e-07	3.054387e-01	3.062637e-01	3.055130e-01
2.975385474846911e-07	3.054390e-01	3.062675e-01	3.055137e-01
2.975564046275478e-07	3.054394e-01	3.062706e-01	3.055144e-01
2.975742617704045e-07	3.054399e-01	3.062730e-01	3.055151e-01
2.975921189132611e-07	3.054405e-01	3.062747e-01	3.055158e-01
2.976099760561178e-07	3.054412e-01	3.062757e-01	3.055165e-01
2.976278331989745e-07	3.054421e-01	3.062761e-01	3.055172e-01
2.976468331989740e-07	3.054431e-01	3.062757e-01	3.055179e-01
2.976658331989736e-07	3.054442e-01	3.062746e-01	3.055186e-01
2.976848331989731e-07	3.054454e-01	3.062726e-01	3.055193e-01
2.977038331989726e-07	3.054468e-01	3.062699e-01	3.055200e-01
2.977228331989721e-07	3.054483e-01	3.062663e-01	3.055207e-01
2.977418331989716e-07	3.054499e-01	3.062620e-01	3.055214e-01
2.977608331989712e-07	3.054516e-01	3.062569e-01	3.055221e-01
2.978168331989697e-07	3.054573e-01	3.062373e-01	3.055240e-01
2.978178331989697e-07	3.054574e-01	3.062369e-01	3.055240e-01
2.978188331989697e-07	3.054575e-01	3.062365e-01	3.055241e-01
2.978198331989697e-07	3.054576e-01	3.062361e-01	3.055241e-01
2.978208331989696e-07	3.054577e-01	3.062357e-01	3.055241e-01
2.978218331989696e-07	3.054578e-01	3.062353e-01	3.055242e-01
2.978228331989696e-07	3.054579e-01	3.062349e-01	3.055242e-01
2.978272617703980e-07	3.054584e-01	3.062330e-01	3.055243e-01
2.978316903418265e-07	3.054589e-01	3.062310e-01	3.055245e-01
2.978361189132550e-07	3.054594e-01	3.062290e-01	3.055246e-01
2.978405474846834e-07	3.054599e-01	3.062270e-01	3.055248e-01
2.978449760561119e-07	3.054604e-01	3.062248e-01	3.055249e-01
2.978494046275403e-07	3.054610e-01	3.062227e-01	3.055251e-01
2.978538331989688e-07	3.054615e-01	3.062204e-01	3.055252e-01
2.978656903418256e-07	3.054629e-01	3.062139e-01	3.055256e-01
2.978775474846825e-07	3.054644e-01	3.062072e-01	3.055260e-01
2.978894046275393e-07	3.054660e-01	3.062002e-01	3.055264e-01
2.979012617703962e-07	3.054675e-01	3.061930e-01	3.055268e-01
2.979131189132530e-07	3.054692e-01	3.061856e-01	3.055272e-01
2.979249760561099e-07	3.054709e-01	3.061780e-01	3.055275e-01
2.979368331989667e-07	3.054727e-01	3.061702e-01	3.055279e-01
2.979378331989667e-07	3.054728e-01	3.061695e-01	3.055280e-01
2.979481189132521e-07	3.054744e-01	3.061628e-01	3.055283e-01
2.979584046275376e-07	3.054761e-01	3.061562e-01	3.055286e-01
2.979686903418230e-07	3.054778e-01	3.061495e-01	3.055289e-01
2.979789760561085e-07	3.054797e-01	3.061429e-01	3.055292e-01
2.979892617703939e-07	3.054816e-01	3.061363e-01	3.055296e-01
2.979995474846794e-07	3.054835e-01	3.061297e-01	3.055299e-01
2.980098331989648e-07	3.054856e-01	3.061231e-01	3.055302e-01
2.980254046275359e-07	3.054889e-01	3.061133e-01	3.055306e-01
2.980409760561069e-07	3.054923e-01	3.061032e-01	3.055311e-01
2.980565474846779e-07	3.054960e-01	3.060928e-01	3.055315e-01
2.980721189132490e-07	3.054998e-01	3.060820e-01	3.055320e-01
2.980876903418200e-07	3.055038e-01	3.060710e-01	3.055324e-01
2.981032617703911e-07	3.055080e-01	3.060596e-01	3.055329e-01
2.981188331989621e-07	3.055124e-01	3.060479e-01	3.055333e-01
2.981335474846760e-07	3.055166e-01	3.060362e-01	3.055337e-01
2.981482617703899e-07	3.055210e-01	3.060239e-01	3.055341e-01
2.981629760561038e-07	3.055254e-01	3.060112e-01	3.055345e-01
2.981776903418177e-07	3.055299e-01	3.059980e-01	3.055349e-01
2.981924046275316e-07	3.055345e-01	3.059842e-01	3.055353e-01
2.982071189132456e-07	3.055391e-01	3.059699e-01	3.055357e-01
2.982218331989595e-07	3.055438e-01	3.059552e-01	3.055361e-01
2.982412617703876e-07	3.055501e-01	3.059348e-01	3.055366e-01
2.982606903418156e-07	3.055563e-01	3.059141e-01	3.055371e-01
2.982801189132437e-07	3.055624e-01	3.058931e-01	3.055376e-01
2.982995474846718e-07	3.055686e-01	3.058718e-01	3.055380e-01
2.983189760560999e-07	3.055747e-01	3.058503e-01	3.055385e-01
2.983384046275279e-07	3.055807e-01	3.058284e-01	3.055390e-01
2.983578331989560e-07	3.055868e-01	3.058063e-01	3.055394e-01
2.983781189132412e-07	3.055929e-01	3.057836e-01	3.055399e-01
2.983984046275264e-07	3.055991e-01	3.057614e-01	3.055403e-01
2.984186903418116e-07	3.056052e-01	3.057399e-01	3.055408e-01
2.984389760560968e-07	3.056114e-01	3.057189e-01	3.055412e-01
2.984592617703820e-07	3.056176e-01	3.056986e-01	3.055417e-01
2.984795474846672e-07	3.056238e-01	3.056788e-01	3.055421e-01
2.984998331989524e-07	3.056300e-01	3.056596e-01	3.055425e-01
2.985254046275232e-07	3.056380e-01	3.056369e-01	3.055430e-01
2.985509760560940e-07	3.056463e-01	3.056153e-01	3.055435e-01
2.985765474846648e-07	3.056550e-01	3.055948e-01	3.055440e-01
2.986021189132356e-07	3.056641e-01	3.055755e-01	3.055445e-01
2.986276903418063e-07	3.056736e-01	3.055573e-01	3.055450e-01
2.986532617703771e-07	3.056835e-01	3.055403e-01	3.055455e-01
2.986788331989479e-07	3.056937e-01	3.055244e-01	3.055459e-01
2.987038331989473e-07	3.057044e-01	3.055096e-01	3.055464e-01
2.987288331989466e-07	3.057157e-01	3.054954e-01	3.055468e-01
2.987538331989460e-07	3.057274e-01	3.054817e-01	3.055472e-01
2.987788331989454e-07	3.057396e-01	3.054686e-01	3.055476e-01
2.988038331989447e-07	3.057524e-01	3.054560e-01	3.055480e-01
2.988288331989441e-07	3.057656e-01	3.054440e-01	3.055484e-01
2.988538331989435e-07	3.057794e-01	3.054325e-01	3.055488e-01
2.988691189132288e-07	3.057881e-01	3.054256e-01	3.055490e-01
2.988844046275141e-07	3.057968e-01	3.054188e-01	3.055492e-01
2.988996903417994e-07	3.058057e-01	3.054122e-01	3.055494e-01
2.989149760560848e-07	3.058147e-01	3.054057e-01	3.055496e-01
2.989302617703701e-07	3.058238e-01	3.053994e-01	3.055498e-01
2.989455474846554e-07	3.058330e-01	3.053932e-01	3.055500e-01
2.989608331989408e-07	3.058423e-01	3.053872e-01	3.055502e-01
2.989618331989407e-07	3.058429e-01	3.053868e-01	3.055503e-01
2.989938331989399e-07	3.058629e-01	3.053745e-01	3.055507e-01
2.990258331989391e-07	3.058827e-01	3.053632e-01	3.055511e-01
2.990578331989383e-07	3.059022e-01	3.053529e-01	3.055515e-01
2.990898331989375e-07	3.059216e-01	3.053435e-01	3.055519e-01
2.991218331989367e-07	3.059408e-01	3.053351e-01	3.055522e-01
2.991538331989359e-07	3.059598e-01	3.053277e-01	3.055526e-01
2.991858331989351e-07	3.059786e-01	3.053212e-01	3.055529e-01
2.992026903417918e-07	3.059881e-01	3.053183e-01	3.055531e-01
2.992195474846485e-07	3.059973e-01	3.053157e-01	3.055533e-01
2.992364046275052e-07	3.060064e-01	3.053135e-01	3.055534e-01
2.992532617703619e-07	3.060152e-01	3.053116e-01	3.055536e-01
2.992701189132186e-07	3.060239e-01	3.053100e-01	3.055538e-01
2.992869760560753e-07	3.060323e-01	3.053087e-01	3.055539e-01
2.993038331989321e-07	3.060404e-01	3.053077e-01	3.055541e-01
2.993186903417888e-07	3.060474e-01	3.053071e-01	3.055542e-01
2.993335474846456e-07	3.060542e-01	3.053068e-01	3.055544e-01
2.993484046275024e-07	3.060607e-01	3.053066e-01	3.055545e-01
2.993632617703591e-07	3.060671e-01	3.053066e-01	3.055546e-01
2.993781189132159e-07	3.060732e-01	3.053068e-01	3.055547e-01
2.993929760560727e-07	3.060792e-01	3.053073e-01	3.055548e-01
2.994078331989294e-07	3.060849e-01	3.053079e-01	3.055550e-01
2.994299760560717e-07	3.060930e-01	3.053092e-01	3.055551e-01
2.994521189132140e-07	3.061007e-01	3.053107e-01	3.055553e-01
2.994742617703563e-07	3.061079e-01	3.053124e-01	3.055555e-01
2.994964046274986e-07	3.061147e-01	3.053143e-01	3.055556e-01
2.995185474846409e-07	3.061210e-01	3.053164e-01	3.055558e-01
2.995406903417832e-07	3.061268e-01	3.053186e-01	3.055559e-01
2.995628331989255e-07	3.061322e-01	3.053211e-01	3.055561e-01
2.995859760560678e-07	3.061374e-01	3.053236e-01	3.055562e-01
2.996091189132100e-07	3.061422e-01	3.053259e-01	3.055564e-01
2.996322617703523e-07	3.061466e-01	3.053280e-01	3.055565e-01
2.996554046274946e-07	3.061507e-01	3.053298e-01	3.055567e-01
2.996785474846369e-07	3.061544e-01	3.053313e-01	3.055568e-01
2.997016903417791e-07	3.061577e-01	3.053327e-01	3.055569e-01
2.997248331989214e-07	3.061607e-01	3.053337e-01	3.055570e-01
2.997396903417782e-07	3.061625e-01	3.053341e-01	3.055571e-01
2.997545474846349e-07	3.061641e-01	3.053343e-01	3.055572e-01
2.997694046274917e-07	3.061657e-01	3.053342e-01	3.055572e-01
2.997842617703485e-07	3.061672e-01	3.053339e-01	3.055573e-01
2.997991189132052e-07	3.061687e-01	3.053333e-01	3.055574e-01
2.998139760560620e-07	3.061700e-01	3.053325e-01	3.055575e-01
2.998288331989188e-07	3.061713e-01	3.053315e-01	3.055575e-01
2.998488331989183e-07	3.061728e-01	3.053297e-01	3.055576e-01
2.998688331989177e-07	3.061743e-01	3.053274e-01	3.055577e-01
2.998888331989172e-07	3.061757e-01	3.053245e-01	3.055578e-01
2.999088331989167e-07	3.061771e-01	3.053211e-01	3.055579e-01
2.999288331989162e-07	3.061784e-01	3.053171e-01	3.055579e-01
2.999488331989157e-07	3.061797e-01	3.053126e-01	3.055580e-01
2.999688331989152e-07	3.061809e-01	3.053075e-01	3.055581e-01
2.999858331989148e-07	3.061819e-01	3.053028e-01	3.055581e-01
3.000086903417713e-07	3.061832e-01	3.052957e-01	3.055582e-01
3.000315474846279e-07	3.061846e-01	3.052879e-01	3.055583e-01
3.000544046274845e-07	3.061861e-01	3.052794e-01	3.055584e-01
3.000772617703410e-07	3.061875e-01	3.052702e-01	3.055584e-01
3.001001189131976e-07	3.061891e-01	3.052602e-01	3.055585e-01
3.001229760560542e-07	3.061906e-01	3.052496e-01	3.055585e-01
3.001458331989107e-07	3.061922e-01	3.052383e-01	3.055586e-01
3.001714046274815e-07	3.061942e-01	3.052248e-01	3.055587e-01
3.001969760560523e-07	3.061962e-01	3.052108e-01	3.055587e-01
3.002225474846231e-07	3.061984e-01	3.051961e-01	3.055588e-01
3.002481189131939e-07	3.062007e-01	3.051808e-01	3.055588e-01
3.002736903417646e-07	3.062031e-01	3.051650e-01	3.055589e-01
3.002992617703354e-07	3.062057e-01	3.051486e-01	3.055589e-01
3.003248331989062e-07	3.062083e-01	3.051315e-01	3.055589e-01
3.003591189131910e-07	3.062122e-01	3.051079e-01	3.055590e-01
3.003934046274759e-07	3.062161e-01	3.050843e-01	3.055591e-01
3.004276903417607e-07	3.062203e-01	3.050606e-01	3.055591e-01
3.004619760560456e-07	3.062245e-01	3.050368e-01	3.055591e-01
3.004962617703304e-07	3.062290e-01	3.050129e-01	3.055592e-01
3.005305474846153e-07	3.062335e-01	3.049891e-01	3.055592e-01
3.005648331989001e-07	3.062383e-01	3.049651e-01	3.055592e-01
3.006046903417562e-07	3.062439e-01	3.049380e-01	3.055592e-01
3.006445474846124e-07	3.062493e-01	3.049123e-01	3.055593e-01
3.006844046274685e-07	3.062546e-01	3.048881e-01	3.055593e-01
3.007242617703246e-07	3.062598e-01	3.048654e-01	3.055593e-01
3.007641189131808e-07	3.062648e-01	3.048442e-01	3.055593e-01
3.008039760560369e-07	3.062696e-01	3.048245e-01	3.055593e-01
3.008438331988930e-07	3.062743e-01	3.048062e-01	3.055593e-01
3.008674046274639e-07	3.062769e-01	3.047966e-01	3.055593e-01
3.008909760560347e-07	3.062793e-01	3.047878e-01	3.055593e-01
3.009145474846055e-07	3.062815e-01	3.047797e-01	3.055593e-01
3.009381189131764e-07	3.062835e-01	3.047725e-01	3.055593e-01
3.009616903417472e-07	3.062854e-01	3.047660e-01	3.055593e-01
3.009852617703180e-07	3.062871e-01	3.047604e-01	3.055593e-01
3.010088331988889e-07	3.062887e-01	3.047555e-01	3.055592e-01
3.010098331988888e-07	3.062887e-01	3.047553e-01	3.055592e-01
3.010296903417455e-07	3.062899e-01	3.047519e-01	3.055592e-01
3.010495474846021e-07	3.062908e-01	3.047491e-01	3.055592e-01
3.010694046274588e-07	3.062916e-01	3.047469e-01	3.055592e-01
3.010892617703154e-07	3.062923e-01	3.047452e-01	3.055592e-01
3.011091189131720e-07	3.062928e-01	3.047442e-01	3.055592e-01
3.011289760560287e-07	3.062932e-01	3.047438e-01	3.055592e-01
3.011488331988853e-07	3.062933e-01	3.047439e-01	3.055592e-01
3.011684046274562e-07	3.062933e-01	3.047447e-01	3.055592e-01
3.011879760560272e-07	3.062932e-01	3.047459e-01	3.055592e-01
3.012075474845981e-07	3.062928e-01	3.047478e-01	3.055591e-01
3.012271189131690e-07	3.062923e-01	3.047502e-01	3.055591e-01
3.012466903417400e-07	3.062916e-01	3.047531e-01	3.055591e-01
3.012662617703109e-07	3.062907e-01	3.047567e-01	3.055591e-01
3.012858331988818e-07	3.062897e-01	3.047607e-01	3.055591e-01
3.013232617703095e-07	3.062871e-01	3.047701e-01	3.055590e-01
3.013606903417371e-07	3.062839e-01	3.047812e-01	3.055590e-01
3.013981189131647e-07	3.062801e-01	3.047938e-01	3.055590e-01
3.014355474845923e-07	3.062755e-01	3.048081e-01	3.055589e-01
3.014729760560200e-07	3.062703e-01	3.048241e-01	3.055589e-01
3.015104046274476e-07	3.062644e-01	3.048417e-01	3.055589e-01
3.015478331988752e-07	3.062578e-01	3.048609e-01	3.055588e-01
3.016135474845878e-07	3.062444e-01	3.048987e-01	3.055588e-01
3.016792617703004e-07	3.062294e-01	3.049385e-01	3.055587e-01
3.017449760560131e-07	3.062127e-01	3.049803e-01	3.055586e-01
3.018106903417257e-07	3.061945e-01	3.050241e-01	3.055585e-01
3.018764046274383e-07	3.061746e-01	3.050699e-01	3.055584e-01
3.019421189131509e-07	3.061531e-01	3.051176e-01	3.055584e-01
3.020078331988636e-07	3.061300e-01	3.051674e-01	3.055583e-01
3.020338331988629e-07	3.061206e-01	3.051866e-01	3.055583e-01
3.020988331988612e-07	3.060962e-01	3.052352e-01	3.055582e-01
3.021638331988596e-07	3.060714e-01	3.052826e-01	3.055581e-01
3.022288331988580e-07	3.060460e-01	3.053286e-01	3.055580e-01
3.022938331988563e-07	3.060202e-01	3.053734e-01	3.055580e-01
3.023588331988547e-07	3.059939e-01	3.054168e-01	3.055579e-01
3.024238331988530e-07	3.059671e-01	3.054588e-01	3.055578e-01
3.024888331988514e-07	3.059398e-01	3.054996e-01	3.055577e-01
3.025522617702783e-07	3.059133e-01	3.055367e-01	3.055576e-01
3.026156903417053e-07	3.058872e-01	3.055715e-01	3.055576e-01
3.026791189131323e-07	3.058614e-01	3.056039e-01	3.055575e-01
3.027425474845592e-07	3.058361e-01	3.056340e-01	3.055574e-01
3.028059760559862e-07	3.058111e-01	3.056617e-01	3.055574e-01
3.028694046274132e-07	3.057865e-01	3.056870e-01	3.055573e-01
3.029328331988401e-07	3.057623e-01	3.057100e-01	3.055572e-01
3.030578331988370e-07	3.057171e-01	3.057481e-01	3.055571e-01
3.031259760559781e-07	3.056935e-01	3.057648e-01	3.055570e-01
3.031941189131192e-07	3.056710e-01	3.057792e-01	3.055570e-01
3.032622617702603e-07	3.056495e-01	3.057914e-01	3.055569e-01
3.033304046274015e-07	3.056290e-01	3.058013e-01	3.055569e-01
3.033985474845426e-07	3.056096e-01	3.058089e-01	3.055568e-01
3.034666903416837e-07	3.055912e-01	3.058143e-01	3.055567e-01
3.035348331988249e-07	3.055738e-01	3.058174e-01	3.055567e-01
3.035668331988241e-07	3.055660e-01	3.058183e-01	3.055567e-01
3.035988331988232e-07	3.055584e-01	3.058190e-01	3.055566e-01
3.036308331988224e-07	3.055511e-01	3.058192e-01	3.055566e-01
3.036628331988216e-07	3.055441e-01	3.058191e-01	3.055566e-01
3.036948331988208e-07	3.055372e-01	3.058187e-01	3.055566e-01
3.037268331988200e-07	3.055306e-01	3.058179e-01	3.055565e-01
3.037588331988192e-07	3.055242e-01	3.058168e-01	3.055565e-01
3.037632617702476e-07	3.055233e-01	3.058166e-01	3.055565e-01
3.037676903416761e-07	3.055225e-01	3.058165e-01	3.055565e-01
3.037721189131046e-07	3.055216e-01	3.058163e-01	3.055565e-01
3.037765474845330e-07	3.055208e-01	3.058161e-01	3.055565e-01
3.037809760559615e-07	3.055199e-01	3.058159e-01	3.055565e-01
3.037854046273899e-07	3.055191e-01	3.058157e-01	3.055565e-01
3.037898331988184e-07	3.055182e-01	3.058155e-01	3.055565e-01
3.037962617702468e-07	3.055170e-01	3.058152e-01	3.055565e-01
3.038026903416752e-07	3.055158e-01	3.058149e-01	3.055565e-01
3.038091189131036e-07	3.055146e-01	3.058146e-01	3.055566e-01
3.038155474845320e-07	3.055134e-01	3.058142e-01	3.055566e-01
3.038219760559604e-07	3.055123e-01	3.058139e-01	3.055566e-01
3.038284046273889e-07	3.055111e-01	3.058135e-01	3.055567e-01
3.038348331988173e-07	3.055100e-01	3.058131e-01	3.055567e-01
3.038419760559599e-07	3.055087e-01	3.058127e-01	3.055568e-01
3.038491189131026e-07	3.055074e-01	3.058123e-01	3.055569e-01
3.038562617702453e-07	3.055062e-01	3.058118e-01	3.055570e-01
3.038634046273880e-07	3.055049e-01	3.058114e-01	3.055571e-01
3.038705474845306e-07	3.055037e-01	3.058109e-01	3.055572e-01
3.038776903416733e-07	3.055025e-01	3.058104e-01	3.055574e-01
3.038848331988160e-07	3.055013e-01	3.058099e-01	3.055575e-01
3.039051189131012e-07	3.054979e-01	3.058084e-01	3.055581e-01
3.039254046273864e-07	3.054946e-01	3.058068e-01	3.055587e-01
3.039456903416716e-07	3.054914e-01	3.058052e-01	3.055595e-01
3.039659760559568e-07	3.054883e-01	3.058034e-01	3.055604e-01
3.039862617702420e-07	3.054853e-01	3.058016e-01	3.055614e-01
3.040065474845272e-07	3.054823e-01	3.057997e-01	3.055625e-01
3.040268331988124e-07	3.054794e-01	3.057977e-01	3.055637e-01
3.040345474845265e-07	3.054784e-01	3.057969e-01	3.055642e-01
3.040422617702406e-07	3.054773e-01	3.057961e-01	3.055647e-01
3.040499760559547e-07	3.054763e-01	3.057954e-01	3.055653e-01
3.040576903416688e-07	3.054753e-01	3.057946e-01	3.055658e-01
3.040654046273829e-07	3.054742e-01	3.057937e-01	3.055664e-01
3.040731189130969e-07	3.054732e-01	3.057929e-01	3.055670e-01
3.040808331988110e-07	3.054722e-01	3.057921e-01	3.055676e-01
3.040818331988110e-07	3.054721e-01	3.057920e-01	3.055676e-01
3.041031189130962e-07	3.054694e-01	3.057896e-01	3.055694e-01
3.041244046273814e-07	3.054668e-01	3.057872e-01	3.055713e-01
3.041456903416665e-07	3.054643e-01	3.057848e-01	3.055733e-01
3.041669760559517e-07	3.054619e-01	3.057822e-01	3.055756e-01
3.041882617702369e-07	3.054595e-01	3.057797e-01	3.055779e-01
3.042095474845221e-07	3.054573e-01	3.057770e-01	3.055805e-01
3.042308331988072e-07	3.054551e-01	3.057743e-01	3.055832e-01
3.042509760559496e-07	3.054531e-01	3.057718e-01	3.055860e-01
3.042711189130919e-07	3.054512e-01	3.057691e-01	3.055889e-01
3.042912617702343e-07	3.054493e-01	3.057665e-01	3.055919e-01
3.043114046273766e-07	3.054475e-01	3.057638e-01	3.055950e-01
3.043315474845190e-07	3.054458e-01	3.057611e-01	3.055983e-01
3.043516903416613e-07	3.054442e-01	3.057583e-01	3.056017e-01
3.043718331988037e-07	3.054426e-01	3.057555e-01	3.056052e-01
3.044051189130885e-07	3.054401e-01	3.057509e-01	3.056113e-01
3.044384046273734e-07	3.054378e-01	3.057462e-01	3.056172e-01
3.044716903416583e-07	3.054357e-01	3.057414e-01	3.056228e-01
3.045049760559431e-07	3.054337e-01	3.057367e-01	3.056283e-01
3.045382617702280e-07	3.054319e-01	3.057319e-01	3.056335e-01
3.045715474845129e-07	3.054303e-01	3.057270e-01	3.056385e-01
3.046048331987978e-07	3.054288e-01	3.057221e-01	3.056433e-01
3.046229760559402e-07	3.054280e-01	3.057195e-01	3.056456e-01
3.046411189130826e-07	3.054273e-01	3.057168e-01	3.056477e-01
3.046592617702249e-07	3.054267e-01	3.057142e-01	3.056495e-01
3.046774046273673e-07	3.054260e-01	3.057116e-01	3.056512e-01
3.046955474845097e-07	3.054254e-01	3.057089e-01	3.056526e-01
3.047136903416521e-07	3.054249e-01	3.057063e-01	3.056538e-01
3.047318331987945e-07	3.054243e-01	3.057036e-01	3.056549e-01
3.047424046273657e-07	3.054241e-01	3.057021e-01	3.056554e-01
3.047529760559369e-07	3.054238e-01	3.057006e-01	3.056558e-01
3.047635474845080e-07	3.054235e-01	3.056991e-01	3.056561e-01
3.047741189130792e-07	3.054233e-01	3.056975e-01	3.056563e-01
3.047846903416503e-07	3.054231e-01	3.056960e-01	3.056565e-01
3.047952617702215e-07	3.054228e-01	3.056945e-01	3.056566e-01
3.048058331987927e-07	3.054226e-01	3.056930e-01	3.056566e-01
3.048201189130780e-07	3.054224e-01	3.056909e-01	3.056565e-01
3.048344046273634e-07	3.054221e-01	3.056889e-01	3.056562e-01
3.048486903416487e-07	3.054219e-01	3.056869e-01	3.056558e-01
3.048629760559341e-07	3.054217e-01	3.056849e-01	3.056552e-01
3.048772617702194e-07	3.054215e-01	3.056829e-01	3.056545e-01
3.048915474845048e-07	3.054214e-01	3.056808e-01	3.056536e-01
3.049058331987901e-07	3.054212e-01	3.056788e-01	3.056526e-01
3.049342617702180e-07	3.054210e-01	3.056749e-01	3.056502e-01
3.049626903416458e-07	3.054209e-01	3.056710e-01	3.056472e-01
3.049911189130737e-07	3.054208e-01	3.056671e-01	3.056438e-01
3.050195474845015e-07	3.054208e-01	3.056633e-01	3.056399e-01
3.050479760559294e-07	3.054208e-01	3.056595e-01	3.056355e-01
3.050764046273572e-07	3.054210e-01	3.056558e-01	3.056307e-01
3.051048331987851e-07	3.054211e-01	3.056521e-01	3.056253e-01
3.051058331987851e-07	3.054212e-01	3.056520e-01	3.056251e-01
3.051751189130690e-07	3.054219e-01	3.056432e-01	3.056096e-01
3.052444046273530e-07	3.054230e-01	3.056347e-01	3.055933e-01
3.053136903416369e-07	3.054242e-01	3.056266e-01	3.055762e-01
3.053829760559209e-07	3.054257e-01	3.056189e-01	3.055585e-01
3.054522617702049e-07	3.054275e-01	3.056115e-01	3.055399e-01
3.055215474844888e-07	3.054295e-01	3.056045e-01	3.055206e-01
3.055908331987728e-07	3.054318e-01	3.055978e-01	3.055006e-01
3.056382617702001e-07	3.054333e-01	3.055934e-01	3.054878e-01
3.056856903416275e-07	3.054350e-01	3.055893e-01	3.054757e-01
3.057331189130549e-07	3.054367e-01	3.055853e-01	3.054644e-01
3.057805474844823e-07	3.054384e-01	3.055815e-01	3.054539e-01
3.058279760559096e-07	3.054402e-01	3.055778e-01	3.054441e-01
3.058754046273370e-07	3.054420e-01	3.055744e-01	3.054351e-01
3.059228331987644e-07	3.054439e-01	3.055710e-01	3.054268e-01
3.059521189130493e-07	3.054451e-01	3.055691e-01	3.054224e-01
3.059814046273343e-07	3.054463e-01	3.055672e-01	3.054184e-01
3.060106903416193e-07	3.054474e-01	3.055654e-01	3.054149e-01
3.060399760559043e-07	3.054486e-01	3.055636e-01	3.054119e-01
3.060692617701892e-07	3.054498e-01	3.055619e-01	3.054094e-01
3.060985474844742e-07	3.054510e-01	3.055602e-01	3.054073e-01
3.061278331987592e-07	3.054522e-01	3.055586e-01	3.054056e-01
3.061298331987591e-07	3.054523e-01	3.055585e-01	3.054056e-01
3.061435474844731e-07	3.054528e-01	3.055578e-01	3.054050e-01
3.061572617701870e-07	3.054534e-01	3.055571e-01	3.054045e-01
3.061709760559009e-07	3.054540e-01	3.055563e-01	3.054042e-01
3.061846903416149e-07	3.054545e-01	3.055557e-01	3.054039e-01
3.061984046273288e-07	3.054551e-01	3.055550e-01	3.054038e-01
3.062121189130427e-07	3.054557e-01	3.055543e-01	3.054038e-01
3.062258331987567e-07	3.054563e-01	3.055537e-01	3.054039e-01
3.062488331987561e-07	3.054572e-01	3.055526e-01	3.054043e-01
3.062718331987555e-07	3.054581e-01	3.055516e-01	3.054050e-01
3.062948331987549e-07	3.054591e-01	3.055506e-01	3.054059e-01
3.063178331987544e-07	3.054600e-01	3.055496e-01	3.054072e-01
3.063408331987538e-07	3.054610e-01	3.055486e-01	3.054088e-01
3.063638331987532e-07	3.054619e-01	3.055477e-01	3.054106e-01
3.063868331987526e-07	3.054629e-01	3.055468e-01	3.054128e-01
3.064304046273229e-07	3.054646e-01	3.055453e-01	3.054177e-01
3.064739760558933e-07	3.054664e-01	3.055438e-01	3.054234e-01
3.065175474844636e-07	3.054681e-01	3.055424e-01	3.054299e-01
3.065611189130339e-07	3.054698e-01	3.055412e-01	3.054372e-01
3.066046903416042e-07	3.054715e-01	3.055400e-01	3.054453e-01
3.066482617701746e-07	3.054732e-01	3.055389e-01	3.054541e-01
3.066918331987449e-07	3.054749e-01	3.055379e-01	3.054637e-01
3.067355474844581e-07	3.054766e-01	3.055370e-01	3.054738e-01
3.067792617701712e-07	3.054782e-01	3.055361e-01	3.054842e-01
3.068229760558844e-07	3.054798e-01	3.055354e-01	3.054948e-01
3.068666903415976e-07	3.054814e-01	3.055347e-01	3.055057e-01
3.069104046273108e-07	3.054829e-01	3.055341e-01	3.055168e-01
3.069541189130239e-07	3.054845e-01	3.055335e-01	3.055281e-01
3.069978331987371e-07	3.054860e-01	3.055331e-01	3.055396e-01
3.070185474844509e-07	3.054867e-01	3.055328e-01	3.055450e-01
3.070392617701646e-07	3.054874e-01	3.055327e-01	3.055502e-01
3.070599760558784e-07	3.054881e-01	3.055325e-01	3.055553e-01
3.070806903415922e-07	3.054887e-01	3.055323e-01	3.055603e-01
3.071014046273059e-07	3.054894e-01	3.055322e-01	3.055652e-01
3.071221189130197e-07	3.054901e-01	3.055320e-01	3.055699e-01
3.071428331987335e-07	3.054908e-01	3.055319e-01	3.055745e-01
3.071538331987332e-07	3.054911e-01	3.055318e-01	3.055768e-01
3.071886903415894e-07	3.054922e-01	3.055317e-01	3.055840e-01
3.072235474844457e-07	3.054933e-01	3.055315e-01	3.055905e-01
3.072584046273020e-07	3.054944e-01	3.055314e-01	3.055963e-01
3.072932617701582e-07	3.054954e-01	3.055313e-01	3.056014e-01
3.073281189130145e-07	3.054964e-01	3.055313e-01	3.056058e-01
3.073629760558707e-07	3.054974e-01	3.055312e-01	3.056096e-01
3.073978331987270e-07	3.054984e-01	3.055312e-01	3.056127e-01
3.074114046272981e-07	3.054988e-01	3.055312e-01	3.056136e-01
3.074249760558692e-07	3.054991e-01	3.055312e-01	3.056144e-01
3.074385474844402e-07	3.054995e-01	3.055313e-01	3.056152e-01
3.074521189130113e-07	3.054999e-01	3.055313e-01	3.056157e-01
3.074656903415824e-07	3.055002e-01	3.055313e-01	3.056162e-01
3.074792617701535e-07	3.055006e-01	3.055313e-01	3.056165e-01
3.074928331987246e-07	3.055010e-01	3.055314e-01	3.056167e-01
3.075028331987243e-07	3.055012e-01	3.055314e-01	3.056168e-01
3.075128331987241e-07	3.055015e-01	3.055314e-01	3.056168e-01
3.075228331987238e-07	3.055017e-01	3.055314e-01	3.056168e-01
3.075328331987236e-07	3.055020e-01	3.055315e-01	3.056167e-01
3.075428331987233e-07	3.055022e-01	3.055315e-01	3.056165e-01
3.075528331987231e-07	3.055025e-01	3.055315e-01	3.056163e-01
3.075628331987228e-07	3.055028e-01	3.055315e-01	3.056160e-01
3.075912617701507e-07	3.055035e-01	3.055316e-01	3.056148e-01
3.076196903415785e-07	3.055042e-01	3.055318e-01	3.056133e-01
3.076481189130064e-07	3.055048e-01	3.055319e-01	3.056113e-01
3.076765474844342e-07	3.055055e-01	3.055320e-01	3.056091e-01
3.077049760558621e-07	3.055062e-01	3.055322e-01	3.056064e-01
3.077334046272899e-07	3.055068e-01	3.055323e-01	3.056034e-01
3.077618331987178e-07	3.055075e-01	3.055325e-01	3.056000e-01
3.077879760558600e-07	3.055081e-01	3.055326e-01	3.055968e-01
3.078141189130022e-07	3.055086e-01	3.055328e-01	3.055933e-01
3.078402617701444e-07	3.055092e-01	3.055330e-01	3.055895e-01
3.078664046272865e-07	3.055097e-01	3.055331e-01	3.055856e-01
3.078925474844287e-07	3.055103e-01	3.055333e-01	3.055814e-01
3.079186903415709e-07	3.055108e-01	3.055335e-01	3.055770e-01
3.079448331987131e-07	3.055113e-01	3.055337e-01	3.055725e-01
3.079779760558552e-07	3.055119e-01	3.055340e-01	3.055663e-01
3.080111189129972e-07	3.055126e-01	3.055342e-01	3.055598e-01
3.080442617701392e-07	3.055132e-01	3.055345e-01	3.055527e-01
3.080774046272812e-07	3.055138e-01	3.055347e-01	3.055452e-01
3.081105474844232e-07	3.055143e-01	3.055350e-01	3.055373e-01
3.081436903415652e-07	3.055149e-01	3.055353e-01	3.055289e-01
3.081768331987073e-07	3.055155e-01	3.055356e-01	3.055200e-01
3.081778331987072e-07	3.055155e-01	3.055356e-01	3.055197e-01
3.082119760558492e-07	3.055160e-01	3.055359e-01	3.055099e-01
3.082461189129912e-07	3.055166e-01	3.055362e-01	3.054996e-01
3.082802617701332e-07	3.055171e-01	3.055365e-01	3.054887e-01
3.083144046272752e-07	3.055176e-01	3.055368e-01	3.054773e-01
3.083485474844172e-07	3.055181e-01	3.055372e-01	3.054654e-01
3.083826903415592e-07	3.055186e-01	3.055375e-01	3.054530e-01
3.084168331987012e-07	3.055190e-01	3.055378e-01	3.054400e-01
3.084792617701282e-07	3.055199e-01	3.055384e-01	3.054142e-01
3.085416903415552e-07	3.055207e-01	3.055390e-01	3.053886e-01
3.086041189129821e-07	3.055214e-01	3.055396e-01	3.053633e-01
3.086665474844091e-07	3.055221e-01	3.055402e-01	3.053382e-01
3.087289760558361e-07	3.055228e-01	3.055408e-01	3.053134e-01
3.087914046272631e-07	3.055234e-01	3.055413e-01	3.052889e-01
3.088538331986901e-07	3.055240e-01	3.055419e-01	3.052647e-01
3.088884046272607e-07	3.055243e-01	3.055422e-01	3.052527e-01
3.089229760558312e-07	3.055246e-01	3.055425e-01	3.052415e-01
3.089575474844018e-07	3.055249e-01	3.055429e-01	3.052312e-01
3.089921189129723e-07	3.055251e-01	3.055432e-01	3.052217e-01
3.090266903415429e-07	3.055254e-01	3.055435e-01	3.052131e-01
3.090612617701134e-07	3.055257e-01	3.055438e-01	3.052053e-01
3.090958331986840e-07	3.055259e-01	3.055440e-01	3.051983e-01
3.091108331986836e-07	3.055260e-01	3.055442e-01	3.051957e-01
3.091258331986832e-07	3.055262e-01	3.055443e-01	3.051932e-01
3.091408331986828e-07	3.055263e-01	3.055444e-01	3.051909e-01
3.091558331986825e-07	3.055264e-01	3.055446e-01	3.051888e-01
3.091708331986821e-07	3.055265e-01	3.055447e-01	3.051869e-01
3.091858331986817e-07	3.055266e-01	3.055448e-01	3.051852e-01
3.092008331986813e-07	3.055267e-01	3.055449e-01	3.051837e-01
3.092018331986813e-07	3.055267e-01	3.055449e-01	3.051836e-01
3.092175474843952e-07	3.055268e-01	3.055451e-01	3.051823e-01
3.092332617701091e-07	3.055269e-01	3.055452e-01	3.051811e-01
3.092489760558229e-07	3.055270e-01	3.055453e-01	3.051802e-01
3.092646903415368e-07	3.055270e-01	3.055455e-01	3.051795e-01
3.092804046272507e-07	3.055271e-01	3.055456e-01	3.051790e-01
3.092961189129646e-07	3.055272e-01	3.055457e-01	3.051787e-01
3.093118331986785e-07	3.055273e-01	3.055458e-01	3.051787e-01
3.093312617701066e-07	3.055274e-01	3.055460e-01	3.051789e-01
3.093506903415347e-07	3.055276e-01	3.055461e-01	3.051794e-01
3.093701189129627e-07	3.055277e-01	3.055463e-01	3.051802e-01
3.093895474843908e-07	3.055278e-01	3.055464e-01	3.051813e-01
3.094089760558189e-07	3.055279e-01	3.055466e-01	3.051828e-01
3.094284046272470e-07	3.055280e-01	3.055467e-01	3.051845e-01
3.094478331986751e-07	3.055281e-01	3.055468e-01	3.051866e-01
3.094969760558167e-07	3.055283e-01	3.055472e-01	3.051933e-01
3.095461189129583e-07	3.055285e-01	3.055475e-01	3.052015e-01
3.095952617700999e-07	3.055287e-01	3.055479e-01	3.052110e-01
3.096444046272415e-07	3.055289e-01	3.055482e-01	3.052220e-01
3.096935474843831e-07	3.055291e-01	3.055485e-01	3.052343e-01
3.097426903415247e-07	3.055293e-01	3.055488e-01	3.052481e-01
3.097918331986663e-07	3.055294e-01	3.055491e-01	3.052632e-01
3.098536903415219e-07	3.055296e-01	3.055495e-01	3.052837e-01
3.099155474843775e-07	3.055298e-01	3.055499e-01	3.053047e-01
3.099774046272331e-07	3.055300e-01	3.055502e-01	3.053261e-01
3.100392617700886e-07	3.055301e-01	3.055505e-01	3.053479e-01
3.101011189129442e-07	3.055303e-01	3.055508e-01	3.053701e-01
3.101629760557998e-07	3.055304e-01	3.055511e-01	3.053928e-01
3.102248331986554e-07	3.055305e-01	3.055514e-01	3.054160e-01
3.102258331986553e-07	3.055305e-01	3.055514e-01	3.054163e-01
3.102838331986539e-07	3.055306e-01	3.055517e-01	3.054374e-01
3.103418331986524e-07	3.055307e-01	3.055519e-01	3.054577e-01
3.103998331986509e-07	3.055308e-01	3.055522e-01	3.054772e-01
3.104578331986495e-07	3.055309e-01	3.055524e-01	3.054961e-01
3.105158331986480e-07	3.055309e-01	3.055526e-01	3.055142e-01
3.105738331986465e-07	3.055310e-01	3.055528e-01	3.055317e-01
3.106318331986451e-07	3.055310e-01	3.055530e-01	3.055483e-01
3.106916903415007e-07	3.055311e-01	3.055532e-01	3.055643e-01
3.107515474843563e-07	3.055311e-01	3.055533e-01	3.055793e-01
3.108114046272119e-07	3.055312e-01	3.055535e-01	3.055931e-01
3.108712617700676e-07	3.055312e-01	3.055537e-01	3.056058e-01
3.109311189129232e-07	3.055312e-01	3.055538e-01	3.056175e-01
3.109909760557788e-07	3.055312e-01	3.055540e-01	3.056281e-01
3.110508331986344e-07	3.055313e-01	3.055541e-01	3.056376e-01
3.110791189129194e-07	3.055313e-01	3.055542e-01	3.056417e-01
3.111074046272044e-07	3.055313e-01	3.055542e-01	3.056456e-01
3.111356903414894e-07	3.055313e-01	3.055543e-01	3.056493e-01
3.111639760557744e-07	3.055313e-01	3.055543e-01	3.056527e-01
3.111922617700594e-07	3.055313e-01	3.055544e-01	3.056560e-01
3.112205474843444e-07	3.055313e-01	3.055544e-01	3.056590e-01
3.112488331986294e-07	3.055313e-01	3.055545e-01	3.056618e-01
3.112498331986294e-07	3.055313e-01	3.055545e-01	3.056619e-01
3.113265474843417e-07	3.055313e-01	3.055546e-01	3.056683e-01
3.114032617700541e-07	3.055313e-01	3.055547e-01	3.056735e-01
3.114799760557664e-07	3.055313e-01	3.055548e-01	3.056776e-01
3.115566903414788e-07	3.055313e-01	3.055549e-01	3.056805e-01
3.116334046271911e-07	3.055313e-01	3.055550e-01	3.056823e-01
3.117101189129035e-07	3.055313e-01	3.055551e-01	3.056829e-01
3.117868331986158e-07	3.055313e-01	3.055552e-01	3.056825e-01
3.118396903414716e-07	3.055312e-01	3.055552e-01	3.056818e-01
3.118925474843274e-07	3.055312e-01	3.055553e-01	3.056808e-01
3.119454046271832e-07	3.055312e-01	3.055553e-01	3.056796e-01
3.119982617700390e-07	3.055312e-01	3.055554e-01	3.056781e-01
3.120511189128948e-07	3.055312e-01	3.055554e-01	3.056763e-01
3.121039760557506e-07	3.055312e-01	3.055554e-01	3.056743e-01
3.121568331986064e-07	3.055311e-01	3.055555e-01	3.056720e-01
3.121734046271774e-07	3.055311e-01	3.055555e-01	3.056713e-01
3.121899760557484e-07	3.055311e-01	3.055555e-01	3.056705e-01
3.122065474843194e-07	3.055311e-01	3.055555e-01	3.056697e-01
3.122231189128905e-07	3.055311e-01	3.055555e-01	3.056689e-01
3.122396903414615e-07	3.055311e-01	3.055555e-01	3.056681e-01
3.122562617700325e-07	3.055311e-01	3.055555e-01	3.056673e-01
3.122728331986035e-07	3.055311e-01	3.055555e-01	3.056665e-01
3.122738331986035e-07	3.055311e-01	3.055555e-01	3.056664e-01
3.123462617700302e-07	3.055311e-01	3.055556e-01	3.056626e-01
3.124186903414569e-07	3.055311e-01	3.055556e-01	3.056587e-01
3.124911189128837e-07	3.055311e-01	3.055556e-01	3.056546e-01
3.125635474843104e-07	3.055310e-01	3.055556e-01	3.056505e-01
3.126359760557371e-07	3.055310e-01	3.055556e-01	3.056463e-01
3.127084046271639e-07	3.055310e-01	3.055557e-01	3.056420e-01
3.127808331985906e-07	3.055310e-01	3.055557e-01	3.056377e-01
3.128968331985877e-07	3.055309e-01	3.055557e-01	3.056309e-01
3.128998331985876e-07	3.055309e-01	3.055557e-01	3.056307e-01
3.129028331985875e-07	3.055309e-01	3.055557e-01	3.056305e-01
3.129049760557303e-07	3.055309e-01	3.055557e-01	3.056304e-01
3.129071189128731e-07	3.055309e-01	3.055557e-01	3.056302e-01
3.129092617700159e-07	3.055309e-01	3.055557e-01	3.056301e-01
3.129114046271587e-07	3.055309e-01	3.055557e-01	3.056300e-01
3.129135474843015e-07	3.055309e-01	3.055558e-01	3.056299e-01
3.129156903414443e-07	3.055309e-01	3.055558e-01	3.056298e-01
3.129178331985871e-07	3.055309e-01	3.055558e-01	3.056296e-01
3.129209760557299e-07	3.055309e-01	3.055559e-01	3.056295e-01
3.129241189128727e-07	3.055309e-01	3.055560e-01	3.056293e-01
3.129272617700155e-07	3.055309e-01	3.055560e-01	3.056291e-01
3.129304046271582e-07	3.055309e-01	3.055561e-01	3.056289e-01
3.129335474843010e-07	3.055309e-01	3.055562e-01	3.056287e-01
3.129366903414438e-07	3.055309e-01	3.055564e-01	3.056285e-01
3.129398331985866e-07	3.055309e-01	3.055565e-01	3.056284e-01
3.129452617700150e-07	3.055309e-01	3.055567e-01	3.056280e-01
3.129506903414434e-07	3.055309e-01	3.055569e-01	3.056277e-01
3.129561189128719e-07	3.055309e-01	3.055572e-01	3.056274e-01
3.129615474843003e-07	3.055309e-01	3.055574e-01	3.056271e-01
3.129669760557288e-07	3.055308e-01	3.055577e-01	3.056268e-01
3.129724046271572e-07	3.055308e-01	3.055579e-01	3.056265e-01
3.129778331985856e-07	3.055308e-01	3.055582e-01	3.056262e-01
3.129819760557284e-07	3.055308e-01	3.055584e-01	3.056259e-01
3.129861189128711e-07	3.055307e-01	3.055585e-01	3.056257e-01
3.129902617700139e-07	3.055307e-01	3.055587e-01	3.056255e-01
3.129944046271566e-07	3.055307e-01	3.055588e-01	3.056252e-01
3.129985474842994e-07	3.055306e-01	3.055589e-01	3.056250e-01
3.130026903414421e-07	3.055306e-01	3.055589e-01	3.056248e-01
3.130068331985849e-07	3.055305e-01	3.055590e-01	3.056245e-01
3.130108331985848e-07	3.055305e-01	3.055590e-01	3.056243e-01
3.130148331985847e-07	3.055304e-01	3.055590e-01	3.056241e-01
3.130188331985846e-07	3.055303e-01	3.055590e-01	3.056239e-01
3.130228331985845e-07	3.055303e-01	3.055590e-01	3.056236e-01
3.130268331985844e-07	3.055302e-01	3.055589e-01	3.056234e-01
3.130308331985843e-07	3.055301e-01	3.055588e-01	3.056232e-01
3.130348331985842e-07	3.055300e-01	3.055587e-01	3.056230e-01
3.130408331985840e-07	3.055298e-01	3.055585e-01	3.056226e-01
3.130468331985839e-07	3.055296e-01	3.055582e-01	3.056223e-01
3.130528331985837e-07	3.055294e-01	3.055579e-01	3.056219e-01
3.130588331985836e-07	3.055292e-01	3.055576e-01	3.056216e-01
3.130648331985834e-07	3.055290e-01	3.055572e-01	3.056213e-01
3.130708331985833e-07	3.055287e-01	3.055568e-01	3.056209e-01
3.130768331985831e-07	3.055284e-01	3.055564e-01	3.056206e-01
3.130862617700114e-07	3.055279e-01	3.055556e-01	3.056201e-01
3.130956903414398e-07	3.055274e-01	3.055548e-01	3.056196e-01
3.131051189128681e-07	3.055268e-01	3.055541e-01	3.056191e-01
3.131145474842964e-07	3.055262e-01	3.055533e-01	3.056185e-01
3.131239760557248e-07	3.055255e-01	3.055526e-01	3.056180e-01
3.131334046271531e-07	3.055247e-01	3.055519e-01	3.056175e-01
3.131428331985814e-07	3.055239e-01	3.055512e-01	3.056170e-01
3.131489760557241e-07	3.055233e-01	3.055508e-01	3.056167e-01
3.131551189128668e-07	3.055228e-01	3.055504e-01	3.056163e-01
3.131612617700095e-07	3.055222e-01	3.055501e-01	3.056160e-01
3.131674046271522e-07	3.055216e-01	3.055498e-01	3.056157e-01
3.131735474842949e-07	3.055210e-01	3.055495e-01	3.056154e-01
3.131796903414376e-07	3.055203e-01	3.055494e-01	3.056150e-01
3.131858331985803e-07	3.055197e-01	3.055492e-01	3.056147e-01
3.131915474842945e-07	3.055190e-01	3.055491e-01	3.056144e-01
3.131972617700086e-07	3.055184e-01	3.055491e-01	3.056141e-01
3.132029760557228e-07	3.055178e-01	3.055490e-01	3.056138e-01
3.132086903414369e-07	3.055171e-01	3.055491e-01	3.056135e-01
3.132144046271511e-07	3.055165e-01	3.055492e-01	3.056132e-01
3.132201189128652e-07	3.055158e-01	3.055493e-01	3.056129e-01
3.132258331985793e-07	3.055151e-01	3.055494e-01	3.056126e-01
3.132338331985791e-07	3.055142e-01	3.055497e-01	3.056122e-01
3.132418331985789e-07	3.055132e-01	3.055501e-01	3.056118e-01
3.132498331985787e-07	3.055123e-01	3.055505e-01	3.056113e-01
3.132578331985785e-07	3.055113e-01	3.055510e-01	3.056109e-01
3.132658331985783e-07	3.055103e-01	3.055516e-01	3.056105e-01
3.132738331985781e-07	3.055093e-01	3.055522e-01	3.056101e-01
3.132818331985779e-07	3.055084e-01	3.055529e-01	3.056097e-01
3.132839760557207e-07	3.055081e-01	3.055530e-01	3.056096e-01
3.132861189128635e-07	3.055078e-01	3.055532e-01	3.056095e-01
3.132882617700063e-07	3.055076e-01	3.055534e-01	3.056094e-01
3.132904046271491e-07	3.055073e-01	3.055536e-01	3.056093e-01
3.132925474842919e-07	3.055071e-01	3.055538e-01	3.056092e-01
3.132946903414347e-07	3.055068e-01	3.055540e-01	3.056091e-01
3.132968331985775e-07	3.055066e-01	3.055542e-01	3.056090e-01
3.132978331985775e-07	3.055064e-01	3.055543e-01	3.056089e-01
3.133102617700058e-07	3.055049e-01	3.055555e-01	3.056083e-01
3.133226903414340e-07	3.055035e-01	3.055567e-01	3.056076e-01
3.133351189128623e-07	3.055020e-01	3.055578e-01	3.056070e-01
3.133475474842905e-07	3.055006e-01	3.055589e-01	3.056064e-01
3.133599760557188e-07	3.054992e-01	3.055599e-01	3.056058e-01
3.133724046271471e-07	3.054978e-01	3.055609e-01	3.056052e-01
3.133848331985753e-07	3.054965e-01	3.055618e-01	3.056046e-01
3.133925474842894e-07	3.054956e-01	3.055623e-01	3.056042e-01
3.134002617700035e-07	3.054948e-01	3.055627e-01	3.056039e-01
3.134079760557176e-07	3.054940e-01	3.055630e-01	3.056035e-01
3.134156903414317e-07	3.054932e-01	3.055632e-01	3.056031e-01
3.134234046271458e-07	3.054924e-01	3.055634e-01	3.056028e-01
3.134311189128598e-07	3.054916e-01	3.055635e-01	3.056024e-01
3.134388331985739e-07	3.054908e-01	3.055635e-01	3.056020e-01
3.134472617700023e-07	3.054899e-01	3.055634e-01	3.056017e-01
3.134556903414307e-07	3.054890e-01	3.055632e-01	3.056013e-01
3.134641189128590e-07	3.054882e-01	3.055630e-01	3.056009e-01
3.134725474842874e-07	3.054873e-01	3.055625e-01	3.056005e-01
3.134809760557157e-07	3.054864e-01	3.055620e-01	3.056001e-01
3.134894046271441e-07	3.054855e-01	3.055614e-01	3.055997e-01
3.134978331985724e-07	3.054846e-01	3.055607e-01	3.055993e-01
3.135129760557149e-07	3.054830e-01	3.055590e-01	3.055986e-01
3.135281189128574e-07	3.054813e-01	3.055571e-01	3.055979e-01
3.135432617699999e-07	3.054796e-01	3.055548e-01	3.055973e-01
3.135584046271423e-07	3.054777e-01	3.055522e-01	3.055966e-01
3.135735474842848e-07	3.054758e-01	3.055493e-01	3.055960e-01
3.135886903414273e-07	3.054739e-01	3.055460e-01	3.055953e-01
3.136038331985698e-07	3.054718e-01	3.055425e-01	3.055947e-01
3.136212617699979e-07	3.054694e-01	3.055380e-01	3.055939e-01
3.136386903414260e-07	3.054667e-01	3.055333e-01	3.055932e-01
3.136561189128541e-07	3.054640e-01	3.055282e-01	3.055925e-01
3.136735474842823e-07	3.054610e-01	3.055229e-01	3.055918e-01
3.136909760557104e-07	3.054580e-01	3.055174e-01	3.055911e-01
3.137084046271385e-07	3.054547e-01	3.055115e-01	3.055904e-01
3.137258331985667e-07	3.054514e-01	3.055054e-01	3.055897e-01
3.137479760557090e-07	3.054468e-01	3.054973e-01	3.055889e-01
3.137701189128513e-07	3.054421e-01	3.054889e-01	3.055880e-01
3.137922617699936e-07	3.054373e-01	3.054801e-01	3.055872e-01
3.138144046271359e-07	3.054324e-01	3.054709e-01	3.055864e-01
3.138365474842781e-07	3.054274e-01	3.054612e-01	3.055856e-01
3.138586903414204e-07	3.054222e-01	3.054512e-01	3.055848e-01
3.138808331985627e-07	3.054169e-01	3.054408e-01	3.055840e-01
3.139076903414192e-07	3.054104e-01	3.054275e-01	3.055831e-01
3.139345474842757e-07	3.054042e-01	3.054132e-01	3.055822e-01
3.139614046271321e-07	3.053983e-01	3.053980e-01	3.055813e-01
3.139882617699886e-07	3.053926e-01	3.053817e-01	3.055804e-01
3.140151189128451e-07	3.053872e-01	3.053645e-01	3.055796e-01
3.140419760557015e-07	3.053821e-01	3.053463e-01	3.055787e-01
3.140688331985580e-07	3.053773e-01	3.053271e-01	3.055779e-01
3.140861189128433e-07	3.053745e-01	3.053141e-01	3.055774e-01
3.141034046271285e-07	3.053720e-01	3.053006e-01	3.055769e-01
3.141206903414138e-07	3.053697e-01	3.052868e-01	3.055764e-01
3.141379760556991e-07	3.053676e-01	3.052726e-01	3.055760e-01
3.141552617699844e-07	3.053658e-01	3.052580e-01	3.055755e-01
3.141725474842696e-07	3.053642e-01	3.052430e-01	3.055750e-01
3.141898331985549e-07	3.053629e-01	3.052275e-01	3.055745e-01
3.142011189128403e-07	3.053621e-01	3.052173e-01	3.055742e-01
3.142124046271258e-07	3.053615e-01	3.052070e-01	3.055739e-01
3.142236903414112e-07	3.053610e-01	3.051967e-01	3.055736e-01
3.142349760556966e-07	3.053606e-01	3.051862e-01	3.055733e-01
3.142462617699821e-07	3.053603e-01	3.051756e-01	3.055731e-01
3.142575474842675e-07	3.053601e-01	3.051649e-01	3.055728e-01
3.142688331985529e-07	3.053601e-01	3.051542e-01	3.055725e-01
3.142762617699813e-07	3.053601e-01	3.051471e-01	3.055723e-01
3.142836903414097e-07	3.053601e-01	3.051400e-01	3.055721e-01
3.142911189128381e-07	3.053603e-01	3.051329e-01	3.055719e-01
3.142985474842664e-07	3.053604e-01	3.051258e-01	3.055718e-01
3.143059760556948e-07	3.053606e-01	3.051187e-01	3.055716e-01
3.143134046271232e-07	3.053608e-01	3.051116e-01	3.055714e-01
3.143208331985516e-07	3.053611e-01	3.051045e-01	3.055712e-01
3.143218331985516e-07	3.053612e-01	3.051035e-01	3.055712e-01
3.143454046271224e-07	3.053624e-01	3.050807e-01	3.055706e-01
3.143689760556932e-07	3.053640e-01	3.050585e-01	3.055701e-01
3.143925474842641e-07	3.053660e-01	3.050370e-01	3.055696e-01
3.144161189128349e-07	3.053683e-01	3.050161e-01	3.055691e-01
3.144396903414057e-07	3.053710e-01	3.049959e-01	3.055686e-01
3.144632617699766e-07	3.053741e-01	3.049763e-01	3.055681e-01
3.144868331985474e-07	3.053775e-01	3.049573e-01	3.055676e-01
3.145095474842611e-07	3.053811e-01	3.049402e-01	3.055671e-01
3.145322617699748e-07	3.053848e-01	3.049246e-01	3.055667e-01
3.145549760556885e-07	3.053886e-01	3.049104e-01	3.055663e-01
3.145776903414022e-07	3.053927e-01	3.048977e-01	3.055658e-01
3.146004046271159e-07	3.053969e-01	3.048863e-01	3.055654e-01
3.146231189128296e-07	3.054012e-01	3.048764e-01	3.055650e-01
3.146458331985434e-07	3.054057e-01	3.048680e-01	3.055646e-01
3.146591189128287e-07	3.054084e-01	3.048639e-01	3.055644e-01
3.146724046271141e-07	3.054111e-01	3.048604e-01	3.055642e-01
3.146856903413995e-07	3.054138e-01	3.048576e-01	3.055640e-01
3.146989760556849e-07	3.054165e-01	3.048554e-01	3.055638e-01
3.147122617699702e-07	3.054192e-01	3.048538e-01	3.055636e-01
3.147255474842556e-07	3.054220e-01	3.048528e-01	3.055634e-01
3.147388331985410e-07	3.054248e-01	3.048524e-01	3.055632e-01
3.147518331985407e-07	3.054275e-01	3.048526e-01	3.055630e-01
3.147648331985403e-07	3.054303e-01	3.048535e-01	3.055628e-01
3.147778331985400e-07	3.054330e-01	3.048549e-01	3.055626e-01
3.147908331985397e-07	3.054357e-01	3.048569e-01	3.055624e-01
3.148038331985394e-07	3.054385e-01	3.048595e-01	3.055622e-01
3.148168331985390e-07	3.054412e-01	3.048628e-01	3.055620e-01
3.148298331985387e-07	3.054440e-01	3.048666e-01	3.055618e-01
3.148546903413952e-07	3.054493e-01	3.048757e-01	3.055615e-01
3.148795474842517e-07	3.054545e-01	3.048867e-01	3.055611e-01
3.149044046271082e-07	3.054598e-01	3.048995e-01	3.055608e-01
3.149292617699647e-07	3.054651e-01	3.049143e-01	3.055605e-01
3.149541189128213e-07	3.054703e-01	3.049309e-01	3.055602e-01
3.149789760556778e-07	3.054756e-01	3.049494e-01	3.055599e-01
3.150038331985343e-07	3.054809e-01	3.049697e-01	3.055597e-01
3.150525474842473e-07	3.054911e-01	3.050159e-01	3.055591e-01
3.151012617699604e-07	3.055017e-01	3.050646e-01	3.055587e-01
3.151499760556734e-07	3.055126e-01	3.051157e-01	3.055582e-01
3.151986903413865e-07	3.055238e-01	3.051692e-01	3.055578e-01
3.152474046270995e-07	3.055354e-01	3.052251e-01	3.055573e-01
3.152961189128126e-07	3.055473e-01	3.052835e-01	3.055570e-01
3.153448331985256e-07	3.055596e-01	3.053443e-01	3.055566e-01
3.153458331985256e-07	3.055598e-01	3.053454e-01	3.055566e-01
3.153831189128104e-07	3.055698e-01	3.053902e-01	3.055564e-01
3.154204046270952e-07	3.055800e-01	3.054334e-01	3.055561e-01
3.154576903413799e-07	3.055907e-01	3.054751e-01	3.055559e-01
3.154949760556647e-07	3.056016e-01	3.055151e-01	3.055557e-01
3.155322617699495e-07	3.056130e-01	3.055537e-01	3.055555e-01
3.155695474842342e-07	3.056247e-01	3.055906e-01	3.055553e-01
3.156068331985190e-07	3.056367e-01	3.056261e-01	3.055552e-01
3.156408331985181e-07	3.056480e-01	3.056559e-01	3.055550e-01
3.156748331985173e-07	3.056594e-01	3.056837e-01	3.055549e-01
3.157088331985164e-07	3.056710e-01	3.057095e-01	3.055548e-01
3.157428331985156e-07	3.056827e-01	3.057332e-01	3.055546e-01
3.157768331985147e-07	3.056946e-01	3.057548e-01	3.055545e-01
3.158108331985138e-07	3.057066e-01	3.057744e-01	3.055544e-01
3.158448331985130e-07	3.057188e-01	3.057919e-01	3.055543e-01
3.158769760556550e-07	3.057303e-01	3.058063e-01	3.055542e-01
3.159091189127971e-07	3.057417e-01	3.058192e-01	3.055541e-01
3.159412617699391e-07	3.057530e-01	3.058303e-01	3.055541e-01
3.159734046270812e-07	3.057641e-01	3.058399e-01	3.055540e-01
3.160055474842232e-07	3.057751e-01	3.058478e-01	3.055539e-01
3.160376903413652e-07	3.057860e-01	3.058540e-01	3.055539e-01
3.160698331985073e-07	3.057968e-01	3.058586e-01	3.055538e-01
3.160748331985072e-07	3.057984e-01	3.058592e-01	3.055538e-01
3.160798331985070e-07	3.058001e-01	3.058598e-01	3.055538e-01
3.160848331985069e-07	3.058017e-01	3.058603e-01	3.055538e-01
3.160898331985068e-07	3.058033e-01	3.058608e-01	3.055538e-01
3.160948331985066e-07	3.058049e-01	3.058613e-01	3.055538e-01
3.160998331985065e-07	3.058065e-01	3.058617e-01	3.055538e-01
3.161048331985064e-07	3.058081e-01	3.058622e-01	3.055538e-01
3.161058331985064e-07	3.058085e-01	3.058623e-01	3.055538e-01
3.161068331985063e-07	3.058088e-01	3.058625e-01	3.055538e-01
3.161078331985063e-07	3.058091e-01	3.058624e-01	3.055538e-01
3.161088331985063e-07	3.058094e-01	3.058623e-01	3.055538e-01
3.161098331985063e-07	3.058097e-01	3.058626e-01	3.055538e-01
3.161108331985062e-07	3.058100e-01	3.058627e-01	3.055538e-01
3.161118331985062e-07	3.058104e-01	3.058627e-01	3.055538e-01
3.161128331985062e-07	3.058107e-01	3.058628e-01	3.055538e-01
3.161138331985062e-07	3.058110e-01	3.058628e-01	3.055538e-01
3.161168331985061e-07	3.058119e-01	3.058631e-01	3.055538e-01
3.161244046270773e-07	3.058143e-01	3.058635e-01	3.055538e-01
3.161319760556486e-07	3.058167e-01	3.058639e-01	3.055537e-01
3.161395474842198e-07	3.058191e-01	3.058642e-01	3.055537e-01
3.161471189127910e-07	3.058215e-01	3.058645e-01	3.055537e-01
3.161546903413623e-07	3.058239e-01	3.058648e-01	3.055537e-01
3.161622617699335e-07	3.058262e-01	3.058651e-01	3.055537e-01
3.161698331985047e-07	3.058286e-01	3.058653e-01	3.055537e-01
3.161749760556475e-07	3.058302e-01	3.058654e-01	3.055537e-01
3.161801189127902e-07	3.058318e-01	3.058655e-01	3.055537e-01
3.161852617699329e-07	3.058334e-01	3.058656e-01	3.055537e-01
3.161904046270757e-07	3.058350e-01	3.058658e-01	3.055537e-01
3.161955474842184e-07	3.058366e-01	3.058659e-01	3.055537e-01
3.162006903413611e-07	3.058382e-01	3.058660e-01	3.055537e-01
3.162058331985038e-07	3.058397e-01	3.058661e-01	3.055537e-01
3.162122617699322e-07	3.058417e-01	3.058662e-01	3.055537e-01
3.162186903413607e-07	3.058436e-01	3.058663e-01	3.055537e-01
3.162251189127891e-07	3.058456e-01	3.058664e-01	3.055536e-01
3.162315474842175e-07	3.058475e-01	3.058664e-01	3.055536e-01
3.162379760556459e-07	3.058494e-01	3.058664e-01	3.055536e-01
3.162444046270743e-07	3.058512e-01	3.058665e-01	3.055536e-01
3.162508331985027e-07	3.058531e-01	3.058665e-01	3.055536e-01
3.162584046270739e-07	3.058553e-01	3.058664e-01	3.055536e-01
3.162659760556452e-07	3.058574e-01	3.058663e-01	3.055536e-01
3.162735474842164e-07	3.058595e-01	3.058661e-01	3.055536e-01
3.162811189127876e-07	3.058616e-01	3.058658e-01	3.055536e-01
3.162886903413589e-07	3.058637e-01	3.058655e-01	3.055536e-01
3.162962617699301e-07	3.058658e-01	3.058650e-01	3.055536e-01
3.163038331985014e-07	3.058678e-01	3.058645e-01	3.055536e-01
3.163115474842154e-07	3.058699e-01	3.058640e-01	3.055536e-01
3.163192617699295e-07	3.058719e-01	3.058633e-01	3.055536e-01
3.163269760556436e-07	3.058740e-01	3.058625e-01	3.055536e-01
3.163346903413577e-07	3.058761e-01	3.058616e-01	3.055536e-01
3.163424046270718e-07	3.058781e-01	3.058606e-01	3.055536e-01
3.163501189127859e-07	3.058801e-01	3.058595e-01	3.055536e-01
3.163578331985000e-07	3.058822e-01	3.058583e-01	3.055536e-01
3.163698331984997e-07	3.058853e-01	3.058563e-01	3.055536e-01
3.163821189127851e-07	3.058886e-01	3.058539e-01	3.055536e-01
3.163944046270705e-07	3.058919e-01	3.058514e-01	3.055536e-01
3.164066903413559e-07	3.058951e-01	3.058487e-01	3.055536e-01
3.164189760556413e-07	3.058984e-01	3.058459e-01	3.055536e-01
3.164312617699267e-07	3.059018e-01	3.058430e-01	3.055536e-01
3.164435474842121e-07	3.059051e-01	3.058399e-01	3.055536e-01
3.164558331984975e-07	3.059085e-01	3.058366e-01	3.055536e-01
3.164681189127829e-07	3.059119e-01	3.058334e-01	3.055536e-01
3.164804046270683e-07	3.059153e-01	3.058303e-01	3.055536e-01
3.164926903413537e-07	3.059188e-01	3.058272e-01	3.055536e-01
3.165049760556391e-07	3.059222e-01	3.058243e-01	3.055536e-01
3.165172617699245e-07	3.059257e-01	3.058214e-01	3.055536e-01
3.165295474842099e-07	3.059292e-01	3.058186e-01	3.055536e-01
3.165418331984953e-07	3.059327e-01	3.058159e-01	3.055536e-01
3.165512617699237e-07	3.059354e-01	3.058140e-01	3.055536e-01
3.165606903413520e-07	3.059381e-01	3.058121e-01	3.055536e-01
3.165701189127803e-07	3.059408e-01	3.058105e-01	3.055536e-01
3.165795474842087e-07	3.059434e-01	3.058089e-01	3.055536e-01
3.165889760556370e-07	3.059461e-01	3.058074e-01	3.055536e-01
3.165984046270653e-07	3.059487e-01	3.058060e-01	3.055536e-01
3.166078331984936e-07	3.059513e-01	3.058048e-01	3.055536e-01
3.166166903413506e-07	3.059538e-01	3.058037e-01	3.055536e-01
3.166255474842075e-07	3.059562e-01	3.058028e-01	3.055536e-01
3.166344046270644e-07	3.059586e-01	3.058019e-01	3.055536e-01
3.166432617699213e-07	3.059609e-01	3.058011e-01	3.055536e-01
3.166521189127782e-07	3.059632e-01	3.058004e-01	3.055536e-01
3.166609760556352e-07	3.059655e-01	3.057997e-01	3.055536e-01
3.166698331984921e-07	3.059678e-01	3.057992e-01	3.055536e-01
3.166808331984918e-07	3.059705e-01	3.057986e-01	3.055536e-01
3.166918331984915e-07	3.059732e-01	3.057980e-01	3.055536e-01
3.167028331984912e-07	3.059758e-01	3.057974e-01	3.055536e-01
3.167138331984910e-07	3.059784e-01	3.057968e-01	3.055536e-01
3.167248331984907e-07	3.059808e-01	3.057962e-01	3.055537e-01
3.167358331984904e-07	3.059832e-01	3.057956e-01	3.055537e-01
3.167468331984901e-07	3.059855e-01	3.057950e-01	3.055537e-01
3.167601189127755e-07	3.059882e-01	3.057942e-01	3.055537e-01
3.167734046270609e-07	3.059908e-01	3.057931e-01	3.055537e-01
3.167866903413463e-07	3.059932e-01	3.057917e-01	3.055537e-01
3.167999760556316e-07	3.059955e-01	3.057901e-01	3.055537e-01
3.168132617699170e-07	3.059976e-01	3.057881e-01	3.055537e-01
3.168265474842024e-07	3.059996e-01	3.057859e-01	3.055537e-01
3.168398331984878e-07	3.060015e-01	3.057835e-01	3.055537e-01
3.168526903413446e-07	3.060031e-01	3.057806e-01	3.055537e-01
3.168655474842014e-07	3.060046e-01	3.057772e-01	3.055538e-01
3.168784046270582e-07	3.060060e-01	3.057734e-01	3.055538e-01
3.168912617699150e-07	3.060072e-01	3.057691e-01	3.055538e-01
3.169041189127719e-07	3.060083e-01	3.057644e-01	3.055538e-01
3.169169760556287e-07	3.060092e-01	3.057592e-01	3.055538e-01
3.169298331984855e-07	3.060100e-01	3.057534e-01	3.055538e-01
3.169458331984851e-07	3.060108e-01	3.057455e-01	3.055538e-01
3.169618331984847e-07	3.060113e-01	3.057367e-01	3.055538e-01
3.169778331984843e-07	3.060116e-01	3.057272e-01	3.055538e-01
3.169938331984839e-07	3.060116e-01	3.057169e-01	3.055539e-01
3.170098331984835e-07	3.060115e-01	3.057058e-01	3.055539e-01
3.170258331984831e-07	3.060111e-01	3.056939e-01	3.055539e-01
3.170418331984827e-07	3.060104e-01	3.056812e-01	3.055539e-01
3.170691189127677e-07	3.060088e-01	3.056572e-01	3.055539e-01
3.170964046270527e-07	3.060064e-01	3.056323e-01	3.055540e-01
3.171236903413377e-07	3.060033e-01	3.056066e-01	3.055540e-01
3.171509760556227e-07	3.059996e-01	3.055799e-01	3.055540e-01
3.171782617699078e-07	3.059951e-01	3.055524e-01	3.055541e-01
3.172055474841928e-07	3.059900e-01	3.055239e-01	3.055541e-01
3.172328331984778e-07	3.059842e-01	3.054946e-01	3.055542e-01
3.172556903413344e-07	3.059787e-01	3.054707e-01	3.055542e-01
3.172785474841909e-07	3.059729e-01	3.054477e-01	3.055542e-01
3.173014046270475e-07	3.059665e-01	3.054257e-01	3.055542e-01
3.173242617699041e-07	3.059598e-01	3.054046e-01	3.055543e-01
3.173471189127606e-07	3.059526e-01	3.053845e-01	3.055543e-01
3.173699760556172e-07	3.059449e-01	3.053653e-01	3.055543e-01
3.173928331984738e-07	3.059368e-01	3.053471e-01	3.055543e-01
3.173938331984737e-07	3.059365e-01	3.053464e-01	3.055543e-01
3.174114046270447e-07	3.059299e-01	3.053337e-01	3.055544e-01
3.174289760556157e-07	3.059232e-01	3.053219e-01	3.055544e-01
3.174465474841867e-07	3.059163e-01	3.053112e-01	3.055544e-01
3.174641189127577e-07	3.059092e-01	3.053014e-01	3.055544e-01
3.174816903413287e-07	3.059019e-01	3.052926e-01	3.055545e-01
3.174992617698996e-07	3.058943e-01	3.052847e-01	3.055545e-01
3.175168331984706e-07	3.058866e-01	3.052778e-01	3.055545e-01
3.175304046270417e-07	3.058805e-01	3.052732e-01	3.055545e-01
3.175439760556128e-07	3.058744e-01	3.052692e-01	3.055545e-01
3.175575474841839e-07	3.058682e-01	3.052657e-01	3.055546e-01
3.175711189127550e-07	3.058619e-01	3.052628e-01	3.055546e-01
3.175846903413260e-07	3.058555e-01	3.052604e-01	3.055546e-01
3.175982617698971e-07	3.058490e-01	3.052586e-01	3.055546e-01
3.176118331984682e-07	3.058425e-01	3.052573e-01	3.055546e-01
3.176235474841822e-07	3.058368e-01	3.052566e-01	3.055546e-01
3.176352617698962e-07	3.058311e-01	3.052563e-01	3.055547e-01
3.176469760556102e-07	3.058253e-01	3.052563e-01	3.055547e-01
3.176586903413242e-07	3.058196e-01	3.052566e-01	3.055547e-01
3.176704046270382e-07	3.058138e-01	3.052572e-01	3.055547e-01
3.176821189127521e-07	3.058080e-01	3.052582e-01	3.055547e-01
3.176938331984661e-07	3.058021e-01	3.052595e-01	3.055547e-01
3.177271189127510e-07	3.057853e-01	3.052656e-01	3.055548e-01
3.177604046270359e-07	3.057686e-01	3.052723e-01	3.055548e-01
3.177936903413207e-07	3.057522e-01	3.052796e-01	3.055549e-01
3.178269760556056e-07	3.057359e-01	3.052877e-01	3.055549e-01
3.178602617698905e-07	3.057199e-01	3.052964e-01	3.055550e-01
3.178935474841754e-07	3.057040e-01	3.053057e-01	3.055550e-01
3.179268331984602e-07	3.056884e-01	3.053157e-01	3.055550e-01
3.179439760556027e-07	3.056806e-01	3.053201e-01	3.055551e-01
3.179611189127451e-07	3.056729e-01	3.053242e-01	3.055551e-01
3.179782617698875e-07	3.056654e-01	3.053279e-01	3.055551e-01
3.179954046270299e-07	3.056580e-01	3.053312e-01	3.055551e-01
3.180125474841723e-07	3.056508e-01	3.053341e-01	3.055552e-01
3.180296903413148e-07	3.056437e-01	3.053367e-01	3.055552e-01
3.180468331984572e-07	3.056368e-01	3.053389e-01	3.055552e-01
3.180574046270284e-07	3.056326e-01	3.053400e-01	3.055552e-01
3.180679760555995e-07	3.056284e-01	3.053408e-01	3.055552e-01
3.180785474841707e-07	3.056244e-01	3.053415e-01	3.055552e-01
3.180891189127418e-07	3.056204e-01	3.053419e-01	3.055553e-01
3.180996903413130e-07	3.056164e-01	3.053422e-01	3.055553e-01
3.181102617698842e-07	3.056126e-01	3.053422e-01	3.055553e-01
3.181208331984553e-07	3.056088e-01	3.053420e-01	3.055553e-01
3.181348331984550e-07	3.056038e-01	3.053415e-01	3.055553e-01
3.181488331984546e-07	3.055990e-01	3.053404e-01	3.055553e-01
3.181628331984543e-07	3.055943e-01	3.053390e-01	3.055553e-01
3.181768331984539e-07	3.055897e-01	3.053372e-01	3.055554e-01
3.181908331984535e-07	3.055852e-01	3.053350e-01	3.055554e-01
3.182048331984532e-07	3.055809e-01	3.053323e-01	3.055554e-01
3.182188331984528e-07	3.055766e-01	3.053293e-01	3.055554e-01
3.182409760555951e-07	3.055702e-01	3.053236e-01	3.055554e-01
3.182631189127374e-07	3.055640e-01	3.053169e-01	3.055555e-01
3.182852617698797e-07	3.055581e-01	3.053092e-01	3.055555e-01
3.183074046270220e-07	3.055524e-01	3.053006e-01	3.055555e-01
3.183295474841643e-07	3.055471e-01	3.052911e-01	3.055555e-01
3.183516903413066e-07	3.055419e-01	3.052806e-01	3.055556e-01
3.183738331984489e-07	3.055371e-01	3.052691e-01	3.055556e-01
3.184178331984478e-07	3.055282e-01	3.052442e-01	3.055556e-01
3.184704046270179e-07	3.055191e-01	3.052084e-01	3.055557e-01
3.185229760555880e-07	3.055106e-01	3.051722e-01	3.055558e-01
3.185755474841581e-07	3.055028e-01	3.051355e-01	3.055558e-01
3.186281189127282e-07	3.054957e-01	3.050984e-01	3.055559e-01
3.186806903412983e-07	3.054893e-01	3.050609e-01	3.055559e-01
3.187332617698684e-07	3.054836e-01	3.050229e-01	3.055560e-01
3.187858331984385e-07	3.054786e-01	3.049844e-01	3.055560e-01
3.188161189127234e-07	3.054756e-01	3.049646e-01	3.055561e-01
3.188464046270084e-07	3.054726e-01	3.049463e-01	3.055561e-01
3.188766903412933e-07	3.054696e-01	3.049294e-01	3.055561e-01
3.189069760555783e-07	3.054666e-01	3.049140e-01	3.055562e-01
3.189372617698632e-07	3.054635e-01	3.049000e-01	3.055562e-01
3.189675474841481e-07	3.054604e-01	3.048874e-01	3.055562e-01
3.189978331984331e-07	3.054573e-01	3.048763e-01	3.055562e-01
3.190179760555754e-07	3.054552e-01	3.048701e-01	3.055563e-01
3.190381189127178e-07	3.054531e-01	3.048647e-01	3.055563e-01
3.190582617698601e-07	3.054509e-01	3.048601e-01	3.055563e-01
3.190784046270025e-07	3.054487e-01	3.048564e-01	3.055563e-01
3.190985474841448e-07	3.054464e-01	3.048536e-01	3.055563e-01
3.191186903412872e-07	3.054441e-01	3.048516e-01	3.055563e-01
3.191388331984295e-07	3.054418e-01	3.048504e-01	3.055564e-01
3.192478331984268e-07	3.054285e-01	3.048597e-01	3.055564e-01
3.192754046269975e-07	3.054250e-01	3.048662e-01	3.055565e-01
3.193029760555682e-07	3.054214e-01	3.048742e-01	3.055565e-01
3.193305474841390e-07	3.054177e-01	3.048838e-01	3.055565e-01
3.193581189127097e-07	3.054140e-01	3.048949e-01	3.055565e-01
3.193856903412804e-07	3.054103e-01	3.049075e-01	3.055565e-01
3.194132617698511e-07	3.054065e-01	3.049217e-01	3.055566e-01
3.194408331984219e-07	3.054026e-01	3.049374e-01	3.055566e-01
3.194418331984218e-07	3.054025e-01	3.049380e-01	3.055566e-01
3.195145474841343e-07	3.053919e-01	3.049888e-01	3.055566e-01
3.195872617698467e-07	3.053817e-01	3.050447e-01	3.055567e-01
3.196599760555592e-07	3.053719e-01	3.051057e-01	3.055567e-01
3.197326903412716e-07	3.053626e-01	3.051718e-01	3.055568e-01
3.198054046269841e-07	3.053536e-01	3.052429e-01	3.055568e-01
3.198781189126965e-07	3.053452e-01	3.053192e-01	3.055569e-01
3.199508331984090e-07	3.053371e-01	3.054006e-01	3.055569e-01
3.199912617698365e-07	3.053332e-01	3.054447e-01	3.055569e-01
3.200316903412640e-07	3.053297e-01	3.054884e-01	3.055569e-01
3.200721189126916e-07	3.053265e-01	3.055316e-01	3.055569e-01
3.201125474841191e-07	3.053237e-01	3.055742e-01	3.055570e-01
3.201529760555467e-07	3.053213e-01	3.056164e-01	3.055570e-01
3.201934046269742e-07	3.053192e-01	3.056582e-01	3.055570e-01
3.202338331984018e-07	3.053174e-01	3.056994e-01	3.055570e-01
3.202586903412583e-07	3.053166e-01	3.057241e-01	3.055570e-01
3.202835474841148e-07	3.053159e-01	3.057483e-01	3.055570e-01
3.203084046269713e-07	3.053153e-01	3.057720e-01	3.055570e-01
3.203332617698278e-07	3.053149e-01	3.057952e-01	3.055570e-01
3.203581189126843e-07	3.053146e-01	3.058180e-01	3.055571e-01
3.203829760555409e-07	3.053145e-01	3.058402e-01	3.055571e-01
3.204078331983974e-07	3.053145e-01	3.058620e-01	3.055571e-01
3.204658331983959e-07	3.053152e-01	3.059105e-01	3.055571e-01
3.205085474841091e-07	3.053162e-01	3.059443e-01	3.055571e-01
3.205512617698223e-07	3.053177e-01	3.059761e-01	3.055571e-01
3.205939760555355e-07	3.053195e-01	3.060060e-01	3.055571e-01
3.206366903412487e-07	3.053217e-01	3.060340e-01	3.055571e-01
3.206794046269619e-07	3.053243e-01	3.060601e-01	3.055572e-01
3.207221189126751e-07	3.053273e-01	3.060842e-01	3.055572e-01
3.207648331983883e-07	3.053307e-01	3.061064e-01	3.055572e-01
3.208148331983871e-07	3.053352e-01	3.061297e-01	3.055572e-01
3.208648331983858e-07	3.053400e-01	3.061504e-01	3.055572e-01
3.209148331983845e-07	3.053452e-01	3.061686e-01	3.055572e-01
3.209648331983833e-07	3.053508e-01	3.061841e-01	3.055572e-01
3.210148331983820e-07	3.053567e-01	3.061971e-01	3.055572e-01
3.210648331983807e-07	3.053630e-01	3.062075e-01	3.055572e-01
3.211148331983795e-07	3.053696e-01	3.062154e-01	3.055573e-01
3.211682617698067e-07	3.053770e-01	3.062211e-01	3.055573e-01
3.212216903412339e-07	3.053845e-01	3.062246e-01	3.055573e-01
3.212751189126611e-07	3.053922e-01	3.062259e-01	3.055573e-01
3.213285474840883e-07	3.054000e-01	3.062250e-01	3.055573e-01
3.213819760555155e-07	3.054080e-01	3.062219e-01	3.055573e-01
3.214354046269428e-07	3.054161e-01	3.062166e-01	3.055573e-01
3.214888331983700e-07	3.054243e-01	3.062091e-01	3.055573e-01
3.214898331983700e-07	3.054245e-01	3.062089e-01	3.055573e-01
3.215694046269394e-07	3.054368e-01	3.061940e-01	3.055573e-01
3.216489760555088e-07	3.054489e-01	3.061768e-01	3.055573e-01
3.217285474840782e-07	3.054607e-01	3.061574e-01	3.055573e-01
3.218081189126476e-07	3.054723e-01	3.061357e-01	3.055573e-01
3.218876903412170e-07	3.054835e-01	3.061118e-01	3.055574e-01
3.219672617697864e-07	3.054945e-01	3.060856e-01	3.055574e-01
3.220468331983558e-07	3.055052e-01	3.060571e-01	3.055574e-01
3.220511189126415e-07	3.055057e-01	3.060556e-01	3.055574e-01
3.220554046269271e-07	3.055063e-01	3.060541e-01	3.055574e-01
3.220596903412127e-07	3.055068e-01	3.060526e-01	3.055574e-01
3.220639760554983e-07	3.055074e-01	3.060511e-01	3.055574e-01
3.220682617697839e-07	3.055079e-01	3.060496e-01	3.055574e-01
3.220725474840695e-07	3.055085e-01	3.060480e-01	3.055574e-01
3.220768331983551e-07	3.055090e-01	3.060465e-01	3.055574e-01
3.220838331983549e-07	3.055099e-01	3.060440e-01	3.055574e-01
3.220908331983547e-07	3.055108e-01	3.060415e-01	3.055574e-01
3.220978331983546e-07	3.055117e-01	3.060390e-01	3.055574e-01
3.221048331983544e-07	3.055126e-01	3.060365e-01	3.055575e-01
3.221118331983542e-07	3.055134e-01	3.060340e-01	3.055575e-01
3.221188331983540e-07	3.055143e-01	3.060315e-01	3.055576e-01
3.221258331983538e-07	3.055151e-01	3.060290e-01	3.055577e-01
3.221332617697822e-07	3.055161e-01	3.060263e-01	3.055578e-01
3.221406903412106e-07	3.055170e-01	3.060236e-01	3.055579e-01
3.221481189126390e-07	3.055179e-01	3.060209e-01	3.055580e-01
3.221555474840674e-07	3.055188e-01	3.060182e-01	3.055581e-01
3.221629760554958e-07	3.055197e-01	3.060155e-01	3.055583e-01
3.221704046269241e-07	3.055206e-01	3.060128e-01	3.055585e-01
3.221778331983525e-07	3.055214e-01	3.060101e-01	3.055587e-01
3.221909760554951e-07	3.055230e-01	3.060053e-01	3.055590e-01
3.222041189126376e-07	3.055245e-01	3.060005e-01	3.055595e-01
3.222172617697801e-07	3.055260e-01	3.059957e-01	3.055600e-01
3.222304046269226e-07	3.055275e-01	3.059908e-01	3.055605e-01
3.222435474840651e-07	3.055290e-01	3.059860e-01	3.055611e-01
3.222566903412077e-07	3.055305e-01	3.059812e-01	3.055618e-01
3.222698331983502e-07	3.055319e-01	3.059763e-01	3.055625e-01
3.223045474840636e-07	3.055357e-01	3.059635e-01	3.055647e-01
3.223392617697770e-07	3.055393e-01	3.059507e-01	3.055671e-01
3.223739760554904e-07	3.055429e-01	3.059380e-01	3.055697e-01
3.224086903412038e-07	3.055463e-01	3.059253e-01	3.055724e-01
3.224434046269172e-07	3.055496e-01	3.059126e-01	3.055754e-01
3.224781189126306e-07	3.055528e-01	3.059000e-01	3.055785e-01
3.225128331983440e-07	3.055559e-01	3.058875e-01	3.055817e-01
3.225138331983440e-07	3.055559e-01	3.058871e-01	3.055818e-01
3.225381189126291e-07	3.055580e-01	3.058785e-01	3.055841e-01
3.225624046269142e-07	3.055600e-01	3.058698e-01	3.055864e-01
3.225866903411993e-07	3.055620e-01	3.058613e-01	3.055886e-01
3.226109760554844e-07	3.055639e-01	3.058528e-01	3.055908e-01
3.226352617697695e-07	3.055658e-01	3.058444e-01	3.055930e-01
3.226595474840546e-07	3.055676e-01	3.058360e-01	3.055952e-01
3.226838331983397e-07	3.055693e-01	3.058277e-01	3.055974e-01
3.227064046269106e-07	3.055709e-01	3.058201e-01	3.055993e-01
3.227289760554814e-07	3.055724e-01	3.058126e-01	3.056012e-01
3.227515474840523e-07	3.055739e-01	3.058051e-01	3.056031e-01
3.227741189126231e-07	3.055753e-01	3.057977e-01	3.056051e-01
3.227966903411940e-07	3.055767e-01	3.057904e-01	3.056069e-01
3.228192617697648e-07	3.055780e-01	3.057832e-01	3.056088e-01
3.228418331983357e-07	3.055793e-01	3.057760e-01	3.056107e-01
3.228718331983349e-07	3.055810e-01	3.057666e-01	3.056132e-01
3.229018331983342e-07	3.055825e-01	3.057574e-01	3.056158e-01
3.229318331983334e-07	3.055840e-01	3.057484e-01	3.056185e-01
3.229618331983327e-07	3.055854e-01	3.057395e-01	3.056215e-01
3.229918331983319e-07	3.055868e-01	3.057308e-01	3.056245e-01
3.230218331983311e-07	3.055880e-01	3.057222e-01	3.056278e-01
3.230518331983304e-07	3.055892e-01	3.057138e-01	3.056311e-01
3.230754046269012e-07	3.055901e-01	3.057073e-01	3.056340e-01
3.230989760554720e-07	3.055909e-01	3.057010e-01	3.056370e-01
3.231225474840429e-07	3.055917e-01	3.056947e-01	3.056402e-01
3.231461189126137e-07	3.055925e-01	3.056886e-01	3.056435e-01
3.231696903411845e-07	3.055932e-01	3.056825e-01	3.056469e-01
3.231932617697554e-07	3.055939e-01	3.056766e-01	3.056505e-01
3.232168331983262e-07	3.055945e-01	3.056708e-01	3.056543e-01
3.232498331983254e-07	3.055953e-01	3.056628e-01	3.056598e-01
3.232828331983245e-07	3.055961e-01	3.056551e-01	3.056654e-01
3.233158331983237e-07	3.055968e-01	3.056476e-01	3.056711e-01
3.233488331983229e-07	3.055974e-01	3.056403e-01	3.056768e-01
3.233818331983220e-07	3.055979e-01	3.056332e-01	3.056826e-01
3.234148331983212e-07	3.055984e-01	3.056263e-01	3.056884e-01
3.234478331983204e-07	3.055988e-01	3.056196e-01	3.056942e-01
3.234605474840343e-07	3.055989e-01	3.056171e-01	3.056964e-01
3.234732617697483e-07	3.055990e-01	3.056146e-01	3.056985e-01
3.234859760554622e-07	3.055992e-01	3.056121e-01	3.057006e-01
3.234986903411762e-07	3.055993e-01	3.056097e-01	3.057026e-01
3.235114046268902e-07	3.055994e-01	3.056073e-01	3.057046e-01
3.235241189126041e-07	3.055995e-01	3.056050e-01	3.057065e-01
3.235368331983181e-07	3.055996e-01	3.056026e-01	3.057084e-01
3.235378331983181e-07	3.055996e-01	3.056025e-01	3.057086e-01
3.235615474840318e-07	3.055997e-01	3.055982e-01	3.057120e-01
3.235852617697454e-07	3.055998e-01	3.055941e-01	3.057152e-01
3.236089760554591e-07	3.055999e-01	3.055900e-01	3.057181e-01
3.236326903411728e-07	3.056000e-01	3.055861e-01	3.057208e-01
3.236564046268865e-07	3.056000e-01	3.055822e-01	3.057232e-01
3.236801189126002e-07	3.056000e-01	3.055785e-01	3.057254e-01
3.237038331983139e-07	3.056000e-01	3.055749e-01	3.057273e-01
3.237195474840278e-07	3.056000e-01	3.055725e-01	3.057284e-01
3.237352617697416e-07	3.055999e-01	3.055702e-01	3.057293e-01
3.237509760554555e-07	3.055999e-01	3.055679e-01	3.057301e-01
3.237666903411694e-07	3.055998e-01	3.055657e-01	3.057308e-01
3.237824046268833e-07	3.055997e-01	3.055635e-01	3.057313e-01
3.237981189125972e-07	3.055997e-01	3.055614e-01	3.057317e-01
3.238138331983111e-07	3.055996e-01	3.055593e-01	3.057320e-01
3.238245474840251e-07	3.055995e-01	3.055579e-01	3.057321e-01
3.238352617697391e-07	3.055995e-01	3.055565e-01	3.057321e-01
3.238459760554531e-07	3.055994e-01	3.055552e-01	3.057321e-01
3.238566903411671e-07	3.055993e-01	3.055538e-01	3.057320e-01
3.238674046268812e-07	3.055992e-01	3.055525e-01	3.057318e-01
3.238781189125952e-07	3.055992e-01	3.055512e-01	3.057316e-01
3.238888331983092e-07	3.055991e-01	3.055499e-01	3.057313e-01
3.239106903411658e-07	3.055989e-01	3.055473e-01	3.057306e-01
3.239325474840224e-07	3.055987e-01	3.055448e-01	3.057296e-01
3.239544046268789e-07	3.055985e-01	3.055424e-01	3.057284e-01
3.239762617697355e-07	3.055982e-01	3.055400e-01	3.057269e-01
3.239981189125921e-07	3.055980e-01	3.055377e-01	3.057253e-01
3.240199760554487e-07	3.055977e-01	3.055355e-01	3.057234e-01
3.240418331983053e-07	3.055975e-01	3.055334e-01	3.057213e-01
3.240914046268755e-07	3.055968e-01	3.055288e-01	3.057156e-01
3.241409760554456e-07	3.055961e-01	3.055246e-01	3.057096e-01
3.241905474840158e-07	3.055953e-01	3.055207e-01	3.057033e-01
3.242401189125860e-07	3.055945e-01	3.055170e-01	3.056967e-01
3.242896903411562e-07	3.055937e-01	3.055137e-01	3.056898e-01
3.243392617697263e-07	3.055928e-01	3.055108e-01	3.056826e-01
3.243888331982965e-07	3.055919e-01	3.055081e-01	3.056751e-01
3.244134046268673e-07	3.055914e-01	3.055068e-01	3.056716e-01
3.244379760554381e-07	3.055910e-01	3.055057e-01	3.056683e-01
3.244625474840089e-07	3.055905e-01	3.055046e-01	3.056650e-01
3.244871189125797e-07	3.055900e-01	3.055035e-01	3.056619e-01
3.245116903411505e-07	3.055895e-01	3.055025e-01	3.056589e-01
3.245362617697213e-07	3.055890e-01	3.055016e-01	3.056560e-01
3.245608331982922e-07	3.055885e-01	3.055007e-01	3.056532e-01
3.245618331982921e-07	3.055885e-01	3.055007e-01	3.056530e-01
3.245895474840057e-07	3.055880e-01	3.054998e-01	3.056501e-01
3.246172617697193e-07	3.055874e-01	3.054989e-01	3.056473e-01
3.246449760554329e-07	3.055868e-01	3.054981e-01	3.056448e-01
3.246726903411465e-07	3.055863e-01	3.054974e-01	3.056424e-01
3.247004046268600e-07	3.055857e-01	3.054968e-01	3.056403e-01
3.247281189125736e-07	3.055851e-01	3.054962e-01	3.056383e-01
3.247558331982872e-07	3.055845e-01	3.054957e-01	3.056366e-01
3.247801189125723e-07	3.055840e-01	3.054953e-01	3.056352e-01
3.248044046268574e-07	3.055835e-01	3.054949e-01	3.056340e-01
3.248286903411425e-07	3.055830e-01	3.054945e-01	3.056330e-01
3.248529760554276e-07	3.055825e-01	3.054943e-01	3.056321e-01
3.248772617697127e-07	3.055820e-01	3.054940e-01	3.056313e-01
3.249015474839978e-07	3.055815e-01	3.054938e-01	3.056307e-01
3.249258331982829e-07	3.055810e-01	3.054936e-01	3.056302e-01
3.249455474839967e-07	3.055806e-01	3.054935e-01	3.056299e-01
3.249652617697105e-07	3.055802e-01	3.054934e-01	3.056296e-01
3.249849760554243e-07	3.055798e-01	3.054934e-01	3.056294e-01
3.250046903411381e-07	3.055794e-01	3.054933e-01	3.056293e-01
3.250244046268518e-07	3.055790e-01	3.054933e-01	3.056292e-01
3.250441189125656e-07	3.055786e-01	3.054933e-01	3.056292e-01
3.250638331982794e-07	3.055782e-01	3.054933e-01	3.056293e-01
3.250902617697073e-07	3.055777e-01	3.054933e-01	3.056295e-01
3.251166903411352e-07	3.055772e-01	3.054934e-01	3.056297e-01
3.251431189125631e-07	3.055767e-01	3.054935e-01	3.056299e-01
3.251695474839910e-07	3.055762e-01	3.054936e-01	3.056302e-01
3.251959760554189e-07	3.055756e-01	3.054938e-01	3.056305e-01
3.252224046268468e-07	3.055751e-01	3.054940e-01	3.056309e-01
3.252488331982747e-07	3.055746e-01	3.054942e-01	3.056313e-01
3.252508331982747e-07	3.055746e-01	3.054943e-01	3.056313e-01
3.252518331982746e-07	3.055746e-01	3.054943e-01	3.056313e-01
3.252528331982746e-07	3.055746e-01	3.054943e-01	3.056313e-01
3.252548331982746e-07	3.055745e-01	3.054943e-01	3.056313e-01
3.252558331982745e-07	3.055745e-01	3.054943e-01	3.056314e-01
3.252635474839886e-07	3.055744e-01	3.054944e-01	3.056315e-01
3.252712617697027e-07	3.055742e-01	3.054945e-01	3.056316e-01
3.252789760554168e-07	3.055741e-01	3.054946e-01	3.056317e-01
3.252866903411309e-07	3.055739e-01	3.054946e-01	3.056318e-01
3.252944046268450e-07	3.055738e-01	3.054947e-01	3.056319e-01
3.253021189125591e-07	3.055736e-01	3.054948e-01	3.056319e-01
3.253098331982732e-07	3.055735e-01	3.054949e-01	3.056320e-01
3.253151189125588e-07	3.055734e-01	3.054949e-01	3.056320e-01
3.253204046268443e-07	3.055733e-01	3.054950e-01	3.056321e-01
3.253256903411299e-07	3.055732e-01	3.054951e-01	3.056321e-01
3.253309760554155e-07	3.055731e-01	3.054951e-01	3.056321e-01
3.253362617697011e-07	3.055730e-01	3.054952e-01	3.056321e-01
3.253415474839867e-07	3.055729e-01	3.054953e-01	3.056321e-01
3.253468331982722e-07	3.055728e-01	3.054953e-01	3.056321e-01
3.253534046268435e-07	3.055727e-01	3.054954e-01	3.056321e-01
3.253599760554148e-07	3.055726e-01	3.054955e-01	3.056320e-01
3.253665474839860e-07	3.055725e-01	3.054956e-01	3.056320e-01
3.253731189125573e-07	3.055723e-01	3.054957e-01	3.056319e-01
3.253796903411285e-07	3.055722e-01	3.054958e-01	3.056318e-01
3.253862617696998e-07	3.055721e-01	3.054959e-01	3.056317e-01
3.253928331982711e-07	3.055720e-01	3.054959e-01	3.056316e-01
3.254128331982706e-07	3.055716e-01	3.054962e-01	3.056311e-01
3.254328331982701e-07	3.055713e-01	3.054965e-01	3.056305e-01
3.254528331982696e-07	3.055709e-01	3.054968e-01	3.056297e-01
3.254728331982690e-07	3.055706e-01	3.054972e-01	3.056287e-01
3.254928331982685e-07	3.055702e-01	3.054975e-01	3.056276e-01
3.255128331982680e-07	3.055699e-01	3.054978e-01	3.056263e-01
3.255328331982675e-07	3.055696e-01	3.054982e-01	3.056248e-01
3.255402617696959e-07	3.055695e-01	3.054983e-01	3.056243e-01
3.255476903411243e-07	3.055693e-01	3.054984e-01	3.056237e-01
3.255551189125527e-07	3.055692e-01	3.054986e-01	3.056230e-01
3.255625474839811e-07	3.055691e-01	3.054987e-01	3.056224e-01
3.255699760554094e-07	3.055690e-01	3.054988e-01	3.056217e-01
3.255774046268378e-07	3.055688e-01	3.054990e-01	3.056210e-01
3.255848331982662e-07	3.055687e-01	3.054991e-01	3.056203e-01
3.255858331982662e-07	3.055687e-01	3.054991e-01	3.056202e-01
3.256074046268371e-07	3.055683e-01	3.054995e-01	3.056179e-01
3.256289760554079e-07	3.055680e-01	3.055000e-01	3.056154e-01
3.256505474839788e-07	3.055677e-01	3.055004e-01	3.056126e-01
3.256721189125497e-07	3.055673e-01	3.055008e-01	3.056095e-01
3.256936903411206e-07	3.055670e-01	3.055012e-01	3.056062e-01
3.257152617696915e-07	3.055667e-01	3.055017e-01	3.056027e-01
3.257368331982624e-07	3.055664e-01	3.055021e-01	3.055989e-01
3.257592617696904e-07	3.055660e-01	3.055026e-01	3.055945e-01
3.257816903411184e-07	3.055657e-01	3.055031e-01	3.055900e-01
3.258041189125464e-07	3.055654e-01	3.055036e-01	3.055852e-01
3.258265474839744e-07	3.055651e-01	3.055041e-01	3.055802e-01
3.258489760554024e-07	3.055648e-01	3.055046e-01	3.055749e-01
3.258714046268304e-07	3.055645e-01	3.055051e-01	3.055694e-01
3.258938331982584e-07	3.055642e-01	3.055056e-01	3.055636e-01
3.259292617696861e-07	3.055637e-01	3.055064e-01	3.055540e-01
3.259646903411137e-07	3.055633e-01	3.055073e-01	3.055446e-01
3.260001189125414e-07	3.055628e-01	3.055081e-01	3.055352e-01
3.260355474839691e-07	3.055624e-01	3.055089e-01	3.055260e-01
3.260709760553967e-07	3.055620e-01	3.055097e-01	3.055169e-01
3.261064046268244e-07	3.055616e-01	3.055106e-01	3.055080e-01
3.261418331982521e-07	3.055612e-01	3.055114e-01	3.054991e-01
3.261662617696800e-07	3.055609e-01	3.055120e-01	3.054935e-01
3.261906903411080e-07	3.055607e-01	3.055126e-01	3.054882e-01
3.262151189125360e-07	3.055604e-01	3.055132e-01	3.054833e-01
3.262395474839639e-07	3.055602e-01	3.055138e-01	3.054787e-01
3.262639760553919e-07	3.055599e-01	3.055144e-01	3.054744e-01
3.262884046268198e-07	3.055597e-01	3.055150e-01	3.054705e-01
3.263128331982478e-07	3.055595e-01	3.055155e-01	3.054669e-01
3.263348331982472e-07	3.055592e-01	3.055161e-01	3.054640e-01
3.263568331982467e-07	3.055590e-01	3.055166e-01	3.054615e-01
3.263788331982461e-07	3.055588e-01	3.055171e-01	3.054592e-01
3.264008331982455e-07	3.055586e-01	3.055176e-01	3.054572e-01
3.264228331982450e-07	3.055585e-01	3.055181e-01	3.054555e-01
3.264448331982444e-07	3.055583e-01	3.055187e-01	3.054542e-01
3.264668331982439e-07	3.055581e-01	3.055192e-01	3.054531e-01
3.264811189125292e-07	3.055580e-01	3.055195e-01	3.054526e-01
3.264954046268146e-07	3.055579e-01	3.055198e-01	3.054522e-01
3.265096903410999e-07	3.055578e-01	3.055202e-01	3.054519e-01
3.265239760553853e-07	3.055577e-01	3.055205e-01	3.054517e-01
3.265382617696706e-07	3.055576e-01	3.055208e-01	3.054516e-01
3.265525474839560e-07	3.055575e-01	3.055211e-01	3.054516e-01
3.265668331982413e-07	3.055573e-01	3.055215e-01	3.054518e-01
3.265728331982412e-07	3.055573e-01	3.055216e-01	3.054519e-01
3.265788331982410e-07	3.055573e-01	3.055217e-01	3.054520e-01
3.265848331982409e-07	3.055572e-01	3.055219e-01	3.054521e-01
3.265908331982407e-07	3.055572e-01	3.055220e-01	3.054522e-01
3.265968331982406e-07	3.055571e-01	3.055221e-01	3.054524e-01
3.266028331982404e-07	3.055571e-01	3.055223e-01	3.054526e-01
3.266088331982403e-07	3.055570e-01	3.055224e-01	3.054528e-01
3.266098331982402e-07	3.055570e-01	3.055224e-01	3.054528e-01
3.266802617696670e-07	3.055566e-01	3.055240e-01	3.054573e-01
3.267506903410938e-07	3.055561e-01	3.055255e-01	3.054630e-01
3.268211189125206e-07	3.055557e-01	3.055270e-01	3.054697e-01
3.268915474839474e-07	3.055554e-01	3.055285e-01	3.054775e-01
3.269619760553742e-07	3.055550e-01	3.055299e-01	3.054865e-01
3.270324046268010e-07	3.055547e-01	3.055313e-01	3.054965e-01
3.271028331982277e-07	3.055545e-01	3.055326e-01	3.055076e-01
3.271461189125124e-07	3.055543e-01	3.055334e-01	3.055140e-01
3.271894046267970e-07	3.055542e-01	3.055342e-01	3.055200e-01
3.272326903410816e-07	3.055540e-01	3.055349e-01	3.055257e-01
3.272759760553662e-07	3.055539e-01	3.055357e-01	3.055310e-01
3.273192617696508e-07	3.055538e-01	3.055364e-01	3.055359e-01
3.273625474839355e-07	3.055537e-01	3.055371e-01	3.055405e-01
3.274058331982201e-07	3.055536e-01	3.055378e-01	3.055447e-01
3.274311189125051e-07	3.055535e-01	3.055382e-01	3.055468e-01
3.274564046267902e-07	3.055535e-01	3.055386e-01	3.055487e-01
3.274816903410753e-07	3.055534e-01	3.055389e-01	3.055503e-01
3.275069760553604e-07	3.055534e-01	3.055393e-01	3.055517e-01
3.275322617696454e-07	3.055533e-01	3.055397e-01	3.055529e-01
3.275575474839305e-07	3.055533e-01	3.055401e-01	3.055538e-01
3.275828331982156e-07	3.055533e-01	3.055404e-01	3.055545e-01
3.275899760553583e-07	3.055532e-01	3.055405e-01	3.055546e-01
3.275971189125009e-07	3.055532e-01	3.055406e-01	3.055547e-01
3.276042617696436e-07	3.055532e-01	3.055407e-01	3.055548e-01
3.276114046267863e-07	3.055532e-01	3.055408e-01	3.055549e-01
3.276185474839290e-07	3.055532e-01	3.055409e-01	3.055550e-01
3.276256903410716e-07	3.055532e-01	3.055410e-01	3.055550e-01
3.276328331982143e-07	3.055532e-01	3.055411e-01	3.055550e-01
3.276338331982143e-07	3.055532e-01	3.055411e-01	3.055550e-01
3.276521189124995e-07	3.055532e-01	3.055414e-01	3.055549e-01
3.276704046267848e-07	3.055531e-01	3.055416e-01	3.055547e-01
3.276886903410700e-07	3.055531e-01	3.055419e-01	3.055544e-01
3.277069760553553e-07	3.055531e-01	3.055421e-01	3.055539e-01
3.277252617696406e-07	3.055531e-01	3.055423e-01	3.055532e-01
3.277435474839258e-07	3.055531e-01	3.055426e-01	3.055524e-01
3.277618331982111e-07	3.055530e-01	3.055428e-01	3.055515e-01
3.277942617696388e-07	3.055530e-01	3.055432e-01	3.055494e-01
3.278266903410666e-07	3.055530e-01	3.055436e-01	3.055470e-01
3.278591189124943e-07	3.055530e-01	3.055440e-01	3.055442e-01
3.278915474839221e-07	3.055529e-01	3.055444e-01	3.055410e-01
3.279239760553498e-07	3.055529e-01	3.055447e-01	3.055373e-01
3.279564046267776e-07	3.055529e-01	3.055451e-01	3.055333e-01
3.279888331982053e-07	3.055529e-01	3.055454e-01	3.055288e-01
3.280802617696316e-07	3.055529e-01	3.055463e-01	3.055131e-01
3.281716903410578e-07	3.055529e-01	3.055472e-01	3.054967e-01
3.282631189124841e-07	3.055529e-01	3.055480e-01	3.054799e-01
3.283545474839103e-07	3.055529e-01	3.055488e-01	3.054624e-01
3.284459760553366e-07	3.055529e-01	3.055495e-01	3.054444e-01
3.285374046267628e-07	3.055530e-01	3.055502e-01	3.054259e-01
3.286288331981891e-07	3.055530e-01	3.055508e-01	3.054068e-01
3.286578331981884e-07	3.055531e-01	3.055509e-01	3.054016e-01
3.287009760553301e-07	3.055531e-01	3.055512e-01	3.053940e-01
3.287441189124719e-07	3.055531e-01	3.055514e-01	3.053870e-01
3.287872617696136e-07	3.055532e-01	3.055517e-01	3.053804e-01
3.288304046267554e-07	3.055532e-01	3.055519e-01	3.053744e-01
3.288735474838972e-07	3.055532e-01	3.055521e-01	3.053689e-01
3.289166903410389e-07	3.055533e-01	3.055523e-01	3.053639e-01
3.289598331981807e-07	3.055533e-01	3.055525e-01	3.053594e-01
3.289916903410370e-07	3.055533e-01	3.055527e-01	3.053566e-01
3.290235474838934e-07	3.055533e-01	3.055528e-01	3.053540e-01
3.290554046267497e-07	3.055534e-01	3.055530e-01	3.053518e-01
3.290872617696060e-07	3.055534e-01	3.055531e-01	3.053500e-01
3.291191189124624e-07	3.055534e-01	3.055532e-01	3.053485e-01
3.291509760553187e-07	3.055535e-01	3.055533e-01	3.053473e-01
3.291828331981751e-07	3.055535e-01	3.055535e-01	3.053465e-01
3.292064046267459e-07	3.055535e-01	3.055535e-01	3.053461e-01
3.292299760553167e-07	3.055535e-01	3.055536e-01	3.053459e-01
3.292535474838875e-07	3.055535e-01	3.055537e-01	3.053459e-01
3.292771189124584e-07	3.055536e-01	3.055538e-01	3.053460e-01
3.293006903410292e-07	3.055536e-01	3.055538e-01	3.053464e-01
3.293242617696000e-07	3.055536e-01	3.055539e-01	3.053469e-01
3.293478331981709e-07	3.055536e-01	3.055540e-01	3.053476e-01
3.293954046267411e-07	3.055537e-01	3.055542e-01	3.053496e-01
3.294429760553113e-07	3.055537e-01	3.055543e-01	3.053522e-01
3.294905474838815e-07	3.055538e-01	3.055544e-01	3.053553e-01
3.295381189124518e-07	3.055538e-01	3.055545e-01	3.053591e-01
3.295856903410220e-07	3.055538e-01	3.055546e-01	3.053635e-01
3.296332617695922e-07	3.055539e-01	3.055547e-01	3.053685e-01
3.296808331981624e-07	3.055539e-01	3.055548e-01	3.053740e-01
3.296818331981624e-07	3.055539e-01	3.055548e-01	3.053741e-01
3.297739760553029e-07	3.055540e-01	3.055550e-01	3.053867e-01
3.298661189124435e-07	3.055541e-01	3.055552e-01	3.054000e-01
3.299582617695840e-07	3.055541e-01	3.055553e-01	3.054140e-01
3.300504046267245e-07	3.055542e-01	3.055555e-01	3.054286e-01
3.301425474838650e-07	3.055543e-01	3.055556e-01	3.054439e-01
3.302346903410055e-07	3.055544e-01	3.055557e-01	3.054599e-01
3.303268331981461e-07	3.055544e-01	3.055557e-01	3.054766e-01
3.303808331981447e-07	3.055545e-01	3.055558e-01	3.054859e-01
3.304348331981433e-07	3.055545e-01	3.055558e-01	3.054951e-01
3.304888331981420e-07	3.055546e-01	3.055559e-01	3.055040e-01
3.305428331981406e-07	3.055546e-01	3.055559e-01	3.055127e-01
3.305968331981392e-07	3.055546e-01	3.055559e-01	3.055213e-01
3.306508331981379e-07	3.055546e-01	3.055560e-01	3.055296e-01
3.307048331981365e-07	3.055547e-01	3.055560e-01	3.055377e-01
3.307058331981365e-07	3.055547e-01	3.055560e-01	3.055378e-01
3.307742617695633e-07	3.055547e-01	3.055560e-01	3.055476e-01
3.308426903409901e-07	3.055547e-01	3.055560e-01	3.055568e-01
3.309111189124170e-07	3.055548e-01	3.055560e-01	3.055654e-01
3.309795474838438e-07	3.055548e-01	3.055560e-01	3.055734e-01
3.310479760552707e-07	3.055548e-01	3.055561e-01	3.055809e-01
3.311164046266975e-07	3.055549e-01	3.055561e-01	3.055878e-01
3.311848331981243e-07	3.055549e-01	3.055561e-01	3.055941e-01
3.311878331981243e-07	3.055549e-01	3.055561e-01	3.055943e-01
3.311908331981242e-07	3.055549e-01	3.055561e-01	3.055946e-01
3.311938331981241e-07	3.055549e-01	3.055561e-01	3.055948e-01
3.311962617695526e-07	3.055549e-01	3.055561e-01	3.055950e-01
3.311986903409811e-07	3.055549e-01	3.055561e-01	3.055952e-01
3.312011189124096e-07	3.055549e-01	3.055561e-01	3.055954e-01
3.312035474838381e-07	3.055549e-01	3.055561e-01	3.055956e-01
3.312059760552667e-07	3.055549e-01	3.055561e-01	3.055959e-01
3.312084046266952e-07	3.055549e-01	3.055561e-01	3.055961e-01
3.312108331981237e-07	3.055549e-01	3.055561e-01	3.055963e-01
3.312146903409807e-07	3.055548e-01	3.055561e-01	3.055966e-01
3.312185474838378e-07	3.055548e-01	3.055560e-01	3.055969e-01
3.312224046266948e-07	3.055548e-01	3.055560e-01	3.055972e-01
3.312262617695519e-07	3.055548e-01	3.055560e-01	3.055976e-01
3.312301189124089e-07	3.055547e-01	3.055559e-01	3.055979e-01
3.312339760552659e-07	3.055547e-01	3.055559e-01	3.055982e-01
3.312378331981230e-07	3.055546e-01	3.055559e-01	3.055985e-01
3.312428331981229e-07	3.055546e-01	3.055558e-01	3.055989e-01
3.312478331981227e-07	3.055545e-01	3.055557e-01	3.055993e-01
3.312528331981226e-07	3.055545e-01	3.055555e-01	3.055997e-01
3.312578331981225e-07	3.055544e-01	3.055554e-01	3.056001e-01
3.312628331981224e-07	3.055543e-01	3.055553e-01	3.056004e-01
3.312678331981222e-07	3.055542e-01	3.055552e-01	3.056008e-01
3.312728331981221e-07	3.055541e-01	3.055550e-01	3.056012e-01
3.312785474838362e-07	3.055540e-01	3.055548e-01	3.056016e-01
3.312842617695504e-07	3.055540e-01	3.055546e-01	3.056021e-01
3.312899760552645e-07	3.055539e-01	3.055545e-01	3.056025e-01
3.312956903409787e-07	3.055538e-01	3.055543e-01	3.056029e-01
3.313014046266928e-07	3.055537e-01	3.055541e-01	3.056033e-01
3.313071189124069e-07	3.055536e-01	3.055539e-01	3.056037e-01
3.313128331981211e-07	3.055535e-01	3.055537e-01	3.056041e-01
3.313186903409781e-07	3.055534e-01	3.055535e-01	3.056045e-01
3.313245474838351e-07	3.055533e-01	3.055534e-01	3.056050e-01
3.313304046266921e-07	3.055532e-01	3.055533e-01	3.056054e-01
3.313362617695491e-07	3.055531e-01	3.055531e-01	3.056058e-01
3.313421189124061e-07	3.055530e-01	3.055531e-01	3.056061e-01
3.313479760552631e-07	3.055528e-01	3.055530e-01	3.056065e-01
3.313538331981200e-07	3.055527e-01	3.055530e-01	3.056069e-01
3.313588331981199e-07	3.055526e-01	3.055530e-01	3.056072e-01
3.313638331981198e-07	3.055525e-01	3.055530e-01	3.056076e-01
3.313688331981197e-07	3.055524e-01	3.055531e-01	3.056079e-01
3.313738331981195e-07	3.055523e-01	3.055532e-01	3.056082e-01
3.313788331981194e-07	3.055521e-01	3.055533e-01	3.056085e-01
3.313838331981193e-07	3.055520e-01	3.055534e-01	3.056088e-01
3.313888331981192e-07	3.055519e-01	3.055536e-01	3.056091e-01
3.313951189124047e-07	3.055517e-01	3.055538e-01	3.056095e-01
3.314014046266903e-07	3.055515e-01	3.055540e-01	3.056099e-01
3.314076903409758e-07	3.055512e-01	3.055543e-01	3.056103e-01
3.314139760552614e-07	3.055510e-01	3.055547e-01	3.056106e-01
3.314202617695469e-07	3.055507e-01	3.055550e-01	3.056110e-01
3.314265474838325e-07	3.055505e-01	3.055554e-01	3.056113e-01
3.314328331981180e-07	3.055502e-01	3.055559e-01	3.056117e-01
3.314429760552606e-07	3.055496e-01	3.055566e-01	3.056122e-01
3.314531189124032e-07	3.055490e-01	3.055574e-01	3.056128e-01
3.314632617695458e-07	3.055484e-01	3.055581e-01	3.056133e-01
3.314734046266884e-07	3.055476e-01	3.055587e-01	3.056138e-01
3.314835474838310e-07	3.055469e-01	3.055594e-01	3.056143e-01
3.314936903409736e-07	3.055460e-01	3.055599e-01	3.056148e-01
3.315038331981162e-07	3.055451e-01	3.055605e-01	3.056153e-01
3.315106903409732e-07	3.055445e-01	3.055608e-01	3.056156e-01
3.315175474838302e-07	3.055438e-01	3.055610e-01	3.056160e-01
3.315244046266872e-07	3.055431e-01	3.055611e-01	3.056163e-01
3.315312617695441e-07	3.055423e-01	3.055611e-01	3.056166e-01
3.315381189124011e-07	3.055416e-01	3.055611e-01	3.056169e-01
3.315449760552581e-07	3.055408e-01	3.055610e-01	3.056172e-01
3.315518331981150e-07	3.055400e-01	3.055607e-01	3.056175e-01
3.315589760552577e-07	3.055391e-01	3.055604e-01	3.056178e-01
3.315661189124004e-07	3.055382e-01	3.055599e-01	3.056180e-01
3.315732617695431e-07	3.055372e-01	3.055593e-01	3.056183e-01
3.315804046266857e-07	3.055363e-01	3.055586e-01	3.056186e-01
3.315875474838284e-07	3.055353e-01	3.055578e-01	3.056189e-01
3.315946903409711e-07	3.055343e-01	3.055568e-01	3.056191e-01
3.316018331981138e-07	3.055332e-01	3.055558e-01	3.056194e-01
3.316111189123992e-07	3.055319e-01	3.055541e-01	3.056197e-01
3.316204046266847e-07	3.055305e-01	3.055523e-01	3.056200e-01
3.316296903409702e-07	3.055290e-01	3.055502e-01	3.056203e-01
3.316389760552557e-07	3.055276e-01	3.055480e-01	3.056206e-01
3.316482617695412e-07	3.055261e-01	3.055455e-01	3.056209e-01
3.316575474838266e-07	3.055246e-01	3.055428e-01	3.056212e-01
3.316668331981121e-07	3.055230e-01	3.055398e-01	3.056215e-01
3.316756903409690e-07	3.055216e-01	3.055369e-01	3.056218e-01
3.316845474838260e-07	3.055201e-01	3.055338e-01	3.056220e-01
3.316934046266829e-07	3.055186e-01	3.055306e-01	3.056222e-01
3.317022617695398e-07	3.055171e-01	3.055273e-01	3.056225e-01
3.317111189123967e-07	3.055156e-01	3.055239e-01	3.056227e-01
3.317199760552536e-07	3.055141e-01	3.055203e-01	3.056229e-01
3.317288331981105e-07	3.055125e-01	3.055167e-01	3.056231e-01
3.317298331981105e-07	3.055123e-01	3.055163e-01	3.056231e-01
3.317476903409672e-07	3.055092e-01	3.055084e-01	3.056235e-01
3.317655474838239e-07	3.055062e-01	3.055009e-01	3.056238e-01
3.317834046266806e-07	3.055031e-01	3.054936e-01	3.056242e-01
3.318012617695373e-07	3.055001e-01	3.054867e-01	3.056244e-01
3.318191189123940e-07	3.054970e-01	3.054801e-01	3.056247e-01
3.318369760552507e-07	3.054940e-01	3.054738e-01	3.056250e-01
3.318548331981074e-07	3.054910e-01	3.054678e-01	3.056252e-01
3.318645474838214e-07	3.054894e-01	3.054650e-01	3.056253e-01
3.318742617695354e-07	3.054878e-01	3.054625e-01	3.056254e-01
3.318839760552495e-07	3.054862e-01	3.054603e-01	3.056254e-01
3.318936903409635e-07	3.054847e-01	3.054584e-01	3.056255e-01
3.319034046266776e-07	3.054831e-01	3.054567e-01	3.056256e-01
3.319131189123916e-07	3.054816e-01	3.054554e-01	3.056256e-01
3.319228331981056e-07	3.054800e-01	3.054544e-01	3.056257e-01
3.319305474838197e-07	3.054788e-01	3.054538e-01	3.056257e-01
3.319382617695338e-07	3.054776e-01	3.054534e-01	3.056257e-01
3.319459760552479e-07	3.054764e-01	3.054533e-01	3.056258e-01
3.319536903409620e-07	3.054752e-01	3.054533e-01	3.056258e-01
3.319614046266761e-07	3.054740e-01	3.054536e-01	3.056258e-01
3.319691189123902e-07	3.054729e-01	3.054541e-01	3.056258e-01
3.319768331981043e-07	3.054717e-01	3.054548e-01	3.056258e-01
3.319876903409611e-07	3.054701e-01	3.054562e-01	3.056258e-01
3.319985474838180e-07	3.054685e-01	3.054580e-01	3.056258e-01
3.320094046266749e-07	3.054669e-01	3.054603e-01	3.056258e-01
3.320202617695317e-07	3.054653e-01	3.054629e-01	3.056258e-01
3.320311189123886e-07	3.054637e-01	3.054659e-01	3.056257e-01
3.320419760552455e-07	3.054622e-01	3.054694e-01	3.056257e-01
3.320528331981023e-07	3.054607e-01	3.054732e-01	3.056256e-01
3.320746903409589e-07	3.054576e-01	3.054825e-01	3.056255e-01
3.320965474838155e-07	3.054547e-01	3.054927e-01	3.056253e-01
3.321184046266721e-07	3.054518e-01	3.055038e-01	3.056251e-01
3.321402617695287e-07	3.054489e-01	3.055159e-01	3.056249e-01
3.321621189123853e-07	3.054461e-01	3.055288e-01	3.056246e-01
3.321839760552419e-07	3.054434e-01	3.055427e-01	3.056244e-01
3.322058331980985e-07	3.054407e-01	3.055575e-01	3.056240e-01
3.322265474838122e-07	3.054382e-01	3.055717e-01	3.056237e-01
3.322472617695260e-07	3.054357e-01	3.055856e-01	3.056234e-01
3.322679760552397e-07	3.054332e-01	3.055993e-01	3.056230e-01
3.322886903409535e-07	3.054307e-01	3.056128e-01	3.056226e-01
3.323094046266673e-07	3.054282e-01	3.056259e-01	3.056222e-01
3.323301189123810e-07	3.054258e-01	3.056389e-01	3.056217e-01
3.323508331980948e-07	3.054233e-01	3.056515e-01	3.056213e-01
3.323684046266658e-07	3.054213e-01	3.056616e-01	3.056209e-01
3.323859760552368e-07	3.054191e-01	3.056712e-01	3.056204e-01
3.324035474838077e-07	3.054169e-01	3.056801e-01	3.056200e-01
3.324211189123787e-07	3.054147e-01	3.056886e-01	3.056196e-01
3.324386903409497e-07	3.054124e-01	3.056964e-01	3.056191e-01
3.324562617695207e-07	3.054101e-01	3.057037e-01	3.056186e-01
3.324738331980917e-07	3.054077e-01	3.057105e-01	3.056181e-01
3.324914046266627e-07	3.054052e-01	3.057166e-01	3.056176e-01
3.325089760552336e-07	3.054027e-01	3.057221e-01	3.056171e-01
3.325265474838046e-07	3.054000e-01	3.057271e-01	3.056166e-01
3.325441189123756e-07	3.053972e-01	3.057316e-01	3.056161e-01
3.325616903409466e-07	3.053944e-01	3.057355e-01	3.056156e-01
3.325792617695176e-07	3.053914e-01	3.057389e-01	3.056150e-01
3.325968331980886e-07	3.053883e-01	3.057418e-01	3.056145e-01
3.326184046266594e-07	3.053843e-01	3.057446e-01	3.056138e-01
3.326399760552303e-07	3.053802e-01	3.057469e-01	3.056131e-01
3.326615474838012e-07	3.053758e-01	3.057488e-01	3.056124e-01
3.326831189123721e-07	3.053712e-01	3.057503e-01	3.056117e-01
3.327046903409430e-07	3.053663e-01	3.057512e-01	3.056110e-01
3.327262617695138e-07	3.053613e-01	3.057518e-01	3.056102e-01
3.327478331980847e-07	3.053561e-01	3.057519e-01	3.056095e-01
3.327538331980846e-07	3.053545e-01	3.057519e-01	3.056093e-01
3.327659760552271e-07	3.053514e-01	3.057519e-01	3.056088e-01
3.327781189123697e-07	3.053483e-01	3.057518e-01	3.056084e-01
3.327902617695122e-07	3.053451e-01	3.057517e-01	3.056080e-01
3.328024046266548e-07	3.053418e-01	3.057515e-01	3.056076e-01
3.328145474837973e-07	3.053385e-01	3.057513e-01	3.056071e-01
3.328266903409399e-07	3.053351e-01	3.057511e-01	3.056067e-01
3.328388331980824e-07	3.053316e-01	3.057508e-01	3.056062e-01
3.328515474837964e-07	3.053279e-01	3.057504e-01	3.056058e-01
3.328642617695104e-07	3.053241e-01	3.057501e-01	3.056053e-01
3.328769760552243e-07	3.053203e-01	3.057498e-01	3.056049e-01
3.328896903409383e-07	3.053165e-01	3.057494e-01	3.056044e-01
3.329024046266522e-07	3.053126e-01	3.057491e-01	3.056039e-01
3.329151189123662e-07	3.053086e-01	3.057487e-01	3.056035e-01
3.329278331980802e-07	3.053046e-01	3.057483e-01	3.056030e-01
3.329415474837941e-07	3.053002e-01	3.057479e-01	3.056025e-01
3.329552617695080e-07	3.052958e-01	3.057475e-01	3.056020e-01
3.329689760552220e-07	3.052914e-01	3.057471e-01	3.056015e-01
3.329826903409359e-07	3.052870e-01	3.057467e-01	3.056010e-01
3.329964046266499e-07	3.052825e-01	3.057462e-01	3.056005e-01
3.330101189123638e-07	3.052780e-01	3.057458e-01	3.056000e-01
3.330238331980777e-07	3.052735e-01	3.057453e-01	3.055995e-01
3.330416903409344e-07	3.052676e-01	3.057446e-01	3.055988e-01
3.330595474837911e-07	3.052618e-01	3.057439e-01	3.055981e-01
3.330774046266478e-07	3.052560e-01	3.057430e-01	3.055975e-01
3.330952617695045e-07	3.052502e-01	3.057421e-01	3.055968e-01
3.331131189123612e-07	3.052445e-01	3.057410e-01	3.055961e-01
3.331309760552179e-07	3.052389e-01	3.057397e-01	3.055954e-01
3.331488331980746e-07	3.052333e-01	3.057384e-01	3.055948e-01
3.331768331980739e-07	3.052247e-01	3.057360e-01	3.055937e-01
3.332048331980732e-07	3.052165e-01	3.057328e-01	3.055927e-01
3.332328331980724e-07	3.052088e-01	3.057288e-01	3.055917e-01
3.332608331980717e-07	3.052016e-01	3.057240e-01	3.055907e-01
3.332888331980710e-07	3.051949e-01	3.057183e-01	3.055896e-01
3.333168331980703e-07	3.051886e-01	3.057118e-01	3.055886e-01
3.333448331980696e-07	3.051827e-01	3.057045e-01	3.055876e-01
3.333665474837833e-07	3.051787e-01	3.056979e-01	3.055868e-01
3.333882617694971e-07	3.051751e-01	3.056906e-01	3.055861e-01
3.334099760552108e-07	3.051720e-01	3.056826e-01	3.055853e-01
3.334316903409245e-07	3.051693e-01	3.056738e-01	3.055845e-01
3.334534046266383e-07	3.051671e-01	3.056642e-01	3.055838e-01
3.334751189123520e-07	3.051653e-01	3.056540e-01	3.055830e-01
3.334968331980658e-07	3.051640e-01	3.056429e-01	3.055823e-01
3.335115474837797e-07	3.051634e-01	3.056350e-01	3.055818e-01
3.335262617694936e-07	3.051630e-01	3.056267e-01	3.055813e-01
3.335409760552075e-07	3.051629e-01	3.056181e-01	3.055808e-01
3.335556903409214e-07	3.051629e-01	3.056091e-01	3.055803e-01
3.335704046266353e-07	3.051633e-01	3.055998e-01	3.055798e-01
3.335851189123492e-07	3.051638e-01	3.055901e-01	3.055793e-01
3.335998331980631e-07	3.051646e-01	3.055801e-01	3.055788e-01
3.336236903409197e-07	3.051664e-01	3.055631e-01	3.055781e-01
3.336475474837762e-07	3.051688e-01	3.055454e-01	3.055773e-01
3.336714046266328e-07	3.051718e-01	3.055270e-01	3.055765e-01
3.336952617694893e-07	3.051754e-01	3.055079e-01	3.055758e-01
3.337191189123458e-07	3.051795e-01	3.054881e-01	3.055751e-01
3.337429760552024e-07	3.051843e-01	3.054676e-01	3.055743e-01
3.337668331980589e-07	3.051897e-01	3.054464e-01	3.055736e-01
3.337778331980586e-07	3.051924e-01	3.054366e-01	3.055733e-01
3.338239760552003e-07	3.052052e-01	3.053928e-01	3.055719e-01
3.338701189123420e-07	3.052195e-01	3.053493e-01	3.055706e-01
3.339162617694837e-07	3.052354e-01	3.053061e-01	3.055693e-01
3.339624046266254e-07	3.052528e-01	3.052633e-01	3.055681e-01
3.340085474837671e-07	3.052718e-01	3.052207e-01	3.055669e-01
3.340546903409088e-07	3.052922e-01	3.051785e-01	3.055658e-01
3.341008331980504e-07	3.053142e-01	3.051367e-01	3.055646e-01
3.341358331980496e-07	3.053312e-01	3.051071e-01	3.055638e-01
3.341708331980487e-07	3.053485e-01	3.050795e-01	3.055630e-01
3.342058331980478e-07	3.053660e-01	3.050539e-01	3.055623e-01
3.342408331980469e-07	3.053837e-01	3.050303e-01	3.055615e-01
3.342758331980460e-07	3.054016e-01	3.050087e-01	3.055608e-01
3.343108331980451e-07	3.054196e-01	3.049891e-01	3.055601e-01
3.343458331980442e-07	3.054379e-01	3.049715e-01	3.055594e-01
3.343938331980430e-07	3.054624e-01	3.049520e-01	3.055585e-01
3.343958331980430e-07	3.054635e-01	3.049513e-01	3.055585e-01
3.343968331980429e-07	3.054640e-01	3.049510e-01	3.055584e-01
3.343978331980429e-07	3.054645e-01	3.049506e-01	3.055584e-01
3.343988331980429e-07	3.054650e-01	3.049503e-01	3.055584e-01
3.343998331980429e-07	3.054655e-01	3.049499e-01	3.055584e-01
3.344045474837570e-07	3.054679e-01	3.049483e-01	3.055583e-01
3.344092617694712e-07	3.054703e-01	3.049467e-01	3.055582e-01
3.344139760551854e-07	3.054727e-01	3.049452e-01	3.055582e-01
3.344186903408995e-07	3.054751e-01	3.049436e-01	3.055581e-01
3.344234046266137e-07	3.054775e-01	3.049421e-01	3.055580e-01
3.344281189123279e-07	3.054798e-01	3.049407e-01	3.055579e-01
3.344328331980420e-07	3.054822e-01	3.049392e-01	3.055578e-01
3.344415474837561e-07	3.054866e-01	3.049365e-01	3.055577e-01
3.344502617694702e-07	3.054909e-01	3.049340e-01	3.055575e-01
3.344589760551842e-07	3.054953e-01	3.049317e-01	3.055574e-01
3.344676903408983e-07	3.054996e-01	3.049295e-01	3.055572e-01
3.344764046266124e-07	3.055040e-01	3.049276e-01	3.055571e-01
3.344851189123264e-07	3.055083e-01	3.049258e-01	3.055569e-01
3.344938331980405e-07	3.055126e-01	3.049242e-01	3.055568e-01
3.344988331980404e-07	3.055151e-01	3.049234e-01	3.055567e-01
3.345038331980402e-07	3.055176e-01	3.049227e-01	3.055566e-01
3.345088331980401e-07	3.055201e-01	3.049221e-01	3.055565e-01
3.345138331980400e-07	3.055226e-01	3.049216e-01	3.055565e-01
3.345188331980399e-07	3.055251e-01	3.049212e-01	3.055564e-01
3.345238331980397e-07	3.055276e-01	3.049208e-01	3.055563e-01
3.345288331980396e-07	3.055300e-01	3.049206e-01	3.055562e-01
3.345335474837538e-07	3.055324e-01	3.049205e-01	3.055561e-01
3.345382617694679e-07	3.055348e-01	3.049204e-01	3.055561e-01
3.345429760551821e-07	3.055371e-01	3.049204e-01	3.055560e-01
3.345476903408963e-07	3.055395e-01	3.049205e-01	3.055559e-01
3.345524046266104e-07	3.055418e-01	3.049207e-01	3.055559e-01
3.345571189123246e-07	3.055442e-01	3.049209e-01	3.055558e-01
3.345618331980388e-07	3.055466e-01	3.049212e-01	3.055557e-01
3.345751189123241e-07	3.055533e-01	3.049227e-01	3.055555e-01
3.345884046266095e-07	3.055601e-01	3.049245e-01	3.055553e-01
3.346016903408949e-07	3.055669e-01	3.049266e-01	3.055551e-01
3.346149760551803e-07	3.055737e-01	3.049291e-01	3.055549e-01
3.346282617694657e-07	3.055806e-01	3.049320e-01	3.055547e-01
3.346415474837510e-07	3.055875e-01	3.049353e-01	3.055545e-01
3.346548331980364e-07	3.055944e-01	3.049389e-01	3.055544e-01
3.346649760551790e-07	3.055997e-01	3.049417e-01	3.055542e-01
3.346751189123216e-07	3.056049e-01	3.049446e-01	3.055541e-01
3.346852617694642e-07	3.056102e-01	3.049476e-01	3.055539e-01
3.346954046266068e-07	3.056154e-01	3.049506e-01	3.055538e-01
3.347055474837494e-07	3.056207e-01	3.049537e-01	3.055537e-01
3.347156903408920e-07	3.056259e-01	3.049570e-01	3.055536e-01
3.347258331980346e-07	3.056311e-01	3.049603e-01	3.055534e-01
3.347365474837486e-07	3.056365e-01	3.049638e-01	3.055533e-01
3.347472617694626e-07	3.056419e-01	3.049674e-01	3.055532e-01
3.347579760551767e-07	3.056473e-01	3.049712e-01	3.055531e-01
3.347686903408907e-07	3.056526e-01	3.049750e-01	3.055529e-01
3.347794046266047e-07	3.056578e-01	3.049790e-01	3.055528e-01
3.347901189123187e-07	3.056630e-01	3.049831e-01	3.055527e-01
3.348008331980327e-07	3.056681e-01	3.049874e-01	3.055525e-01
3.348018331980327e-07	3.056686e-01	3.049878e-01	3.055525e-01
3.348195474837465e-07	3.056768e-01	3.049951e-01	3.055523e-01
3.348372617694604e-07	3.056849e-01	3.050031e-01	3.055521e-01
3.348549760551742e-07	3.056927e-01	3.050118e-01	3.055519e-01
3.348726903408880e-07	3.057003e-01	3.050213e-01	3.055518e-01
3.348904046266019e-07	3.057077e-01	3.050314e-01	3.055516e-01
3.349081189123157e-07	3.057149e-01	3.050422e-01	3.055514e-01
3.349258331980295e-07	3.057219e-01	3.050537e-01	3.055513e-01
3.349458331980290e-07	3.057295e-01	3.050679e-01	3.055511e-01
3.349658331980285e-07	3.057369e-01	3.050832e-01	3.055509e-01
3.349858331980280e-07	3.057441e-01	3.050996e-01	3.055507e-01
3.350058331980275e-07	3.057512e-01	3.051170e-01	3.055506e-01
3.350258331980270e-07	3.057581e-01	3.051355e-01	3.055504e-01
3.350458331980265e-07	3.057649e-01	3.051551e-01	3.055502e-01
3.350658331980260e-07	3.057715e-01	3.051757e-01	3.055501e-01
3.350884046265969e-07	3.057789e-01	3.052002e-01	3.055499e-01
3.351109760551677e-07	3.057862e-01	3.052255e-01	3.055498e-01
3.351335474837386e-07	3.057935e-01	3.052516e-01	3.055496e-01
3.351561189123094e-07	3.058008e-01	3.052785e-01	3.055495e-01
3.351786903408803e-07	3.058081e-01	3.053062e-01	3.055493e-01
3.352012617694511e-07	3.058153e-01	3.053347e-01	3.055492e-01
3.352238331980220e-07	3.058225e-01	3.053641e-01	3.055491e-01
3.352516903408784e-07	3.058316e-01	3.054009e-01	3.055489e-01
3.352795474837349e-07	3.058404e-01	3.054383e-01	3.055488e-01
3.353074046265913e-07	3.058491e-01	3.054764e-01	3.055486e-01
3.353352617694477e-07	3.058575e-01	3.055152e-01	3.055485e-01
3.353631189123042e-07	3.058658e-01	3.055547e-01	3.055484e-01
3.353909760551606e-07	3.058738e-01	3.055949e-01	3.055483e-01
3.354188331980171e-07	3.058816e-01	3.056357e-01	3.055482e-01
3.354425474837307e-07	3.058880e-01	3.056710e-01	3.055481e-01
3.354662617694444e-07	3.058938e-01	3.057069e-01	3.055480e-01
3.354899760551581e-07	3.058992e-01	3.057432e-01	3.055479e-01
3.355136903408718e-07	3.059041e-01	3.057801e-01	3.055479e-01
3.355374046265855e-07	3.059085e-01	3.058175e-01	3.055478e-01
3.355611189122992e-07	3.059125e-01	3.058554e-01	3.055478e-01
3.355848331980129e-07	3.059160e-01	3.058939e-01	3.055477e-01
3.355991189122982e-07	3.059178e-01	3.059173e-01	3.055477e-01
3.356134046265836e-07	3.059194e-01	3.059408e-01	3.055477e-01
3.356276903408689e-07	3.059207e-01	3.059644e-01	3.055476e-01
3.356419760551543e-07	3.059219e-01	3.059882e-01	3.055476e-01
3.356562617694396e-07	3.059228e-01	3.060120e-01	3.055476e-01
3.356705474837250e-07	3.059235e-01	3.060360e-01	3.055476e-01
3.356848331980103e-07	3.059240e-01	3.060600e-01	3.055475e-01
3.356941189122958e-07	3.059241e-01	3.060757e-01	3.055475e-01
3.357034046265813e-07	3.059242e-01	3.060913e-01	3.055475e-01
3.357126903408668e-07	3.059242e-01	3.061069e-01	3.055475e-01
3.357219760551522e-07	3.059241e-01	3.061226e-01	3.055475e-01
3.357312617694377e-07	3.059239e-01	3.061382e-01	3.055475e-01
3.357405474837232e-07	3.059236e-01	3.061538e-01	3.055475e-01
3.357498331980087e-07	3.059233e-01	3.061694e-01	3.055475e-01
3.357605474837227e-07	3.059227e-01	3.061874e-01	3.055475e-01
3.357712617694367e-07	3.059220e-01	3.062052e-01	3.055475e-01
3.357819760551507e-07	3.059212e-01	3.062230e-01	3.055474e-01
3.357926903408647e-07	3.059203e-01	3.062407e-01	3.055474e-01
3.358034046265787e-07	3.059192e-01	3.062583e-01	3.055474e-01
3.358141189122928e-07	3.059181e-01	3.062758e-01	3.055474e-01
3.358248331980068e-07	3.059168e-01	3.062932e-01	3.055474e-01
3.358258331980067e-07	3.059167e-01	3.062948e-01	3.055474e-01
3.358619760551487e-07	3.059113e-01	3.063535e-01	3.055474e-01
3.358981189122906e-07	3.059051e-01	3.064086e-01	3.055474e-01
3.359342617694326e-07	3.058979e-01	3.064601e-01	3.055474e-01
3.359704046265745e-07	3.058899e-01	3.065080e-01	3.055475e-01
3.360065474837165e-07	3.058810e-01	3.065523e-01	3.055475e-01
3.360426903408584e-07	3.058712e-01	3.065930e-01	3.055475e-01
3.360788331980003e-07	3.058605e-01	3.066300e-01	3.055476e-01
3.360996903408569e-07	3.058543e-01	3.066485e-01	3.055476e-01
3.361205474837136e-07	3.058480e-01	3.066650e-01	3.055476e-01
3.361414046265702e-07	3.058415e-01	3.066797e-01	3.055476e-01
3.361622617694268e-07	3.058350e-01	3.066924e-01	3.055476e-01
3.361831189122834e-07	3.058283e-01	3.067032e-01	3.055477e-01
3.362039760551400e-07	3.058216e-01	3.067121e-01	3.055477e-01
3.362248331979966e-07	3.058148e-01	3.067191e-01	3.055477e-01
3.362352617694249e-07	3.058114e-01	3.067218e-01	3.055478e-01
3.362456903408533e-07	3.058080e-01	3.067240e-01	3.055478e-01
3.362561189122816e-07	3.058045e-01	3.067257e-01	3.055478e-01
3.362665474837099e-07	3.058011e-01	3.067269e-01	3.055478e-01
3.362769760551382e-07	3.057977e-01	3.067277e-01	3.055478e-01
3.362874046265665e-07	3.057942e-01	3.067279e-01	3.055479e-01
3.362978331979948e-07	3.057908e-01	3.067276e-01	3.055479e-01
3.363146903408515e-07	3.057852e-01	3.067261e-01	3.055479e-01
3.363315474837082e-07	3.057796e-01	3.067233e-01	3.055479e-01
3.363484046265649e-07	3.057740e-01	3.067194e-01	3.055480e-01
3.363652617694216e-07	3.057684e-01	3.067142e-01	3.055480e-01
3.363821189122784e-07	3.057629e-01	3.067078e-01	3.055480e-01
3.363989760551351e-07	3.057573e-01	3.067002e-01	3.055481e-01
3.364158331979918e-07	3.057517e-01	3.066913e-01	3.055481e-01
3.364532617694194e-07	3.057394e-01	3.066667e-01	3.055482e-01
3.364906903408470e-07	3.057271e-01	3.066381e-01	3.055483e-01
3.365281189122747e-07	3.057148e-01	3.066054e-01	3.055484e-01
3.365655474837023e-07	3.057024e-01	3.065686e-01	3.055485e-01
3.366029760551299e-07	3.056899e-01	3.065279e-01	3.055486e-01
3.366404046265575e-07	3.056775e-01	3.064830e-01	3.055487e-01
3.366778331979852e-07	3.056650e-01	3.064342e-01	3.055488e-01
3.367022617694131e-07	3.056567e-01	3.064015e-01	3.055489e-01
3.367266903408411e-07	3.056484e-01	3.063683e-01	3.055489e-01
3.367511189122690e-07	3.056400e-01	3.063346e-01	3.055490e-01
3.367755474836970e-07	3.056315e-01	3.063005e-01	3.055491e-01
3.367999760551249e-07	3.056229e-01	3.062658e-01	3.055491e-01
3.368244046265529e-07	3.056142e-01	3.062307e-01	3.055492e-01
3.368488331979808e-07	3.056055e-01	3.061951e-01	3.055493e-01
3.368498331979808e-07	3.056051e-01	3.061936e-01	3.055493e-01
3.368899760551226e-07	3.055904e-01	3.061346e-01	3.055494e-01
3.369301189122645e-07	3.055755e-01	3.060770e-01	3.055495e-01
3.369702617694063e-07	3.055602e-01	3.060208e-01	3.055496e-01
3.370104046265482e-07	3.055447e-01	3.059659e-01	3.055497e-01
3.370505474836900e-07	3.055288e-01	3.059125e-01	3.055499e-01
3.370906903408318e-07	3.055127e-01	3.058604e-01	3.055500e-01
3.371308331979737e-07	3.054962e-01	3.058097e-01	3.055501e-01
3.371698331979727e-07	3.054799e-01	3.057634e-01	3.055502e-01
3.372088331979717e-07	3.054636e-01	3.057197e-01	3.055503e-01
3.372478331979707e-07	3.054473e-01	3.056786e-01	3.055505e-01
3.372868331979697e-07	3.054309e-01	3.056401e-01	3.055506e-01
3.373258331979687e-07	3.054145e-01	3.056042e-01	3.055507e-01
3.373648331979678e-07	3.053981e-01	3.055709e-01	3.055508e-01
3.374038331979668e-07	3.053816e-01	3.055401e-01	3.055509e-01
3.374495474836799e-07	3.053624e-01	3.055080e-01	3.055511e-01
3.374952617693930e-07	3.053439e-01	3.054789e-01	3.055512e-01
3.375409760551061e-07	3.053260e-01	3.054528e-01	3.055513e-01
3.375866903408193e-07	3.053087e-01	3.054297e-01	3.055514e-01
3.376324046265324e-07	3.052920e-01	3.054097e-01	3.055516e-01
3.376781189122455e-07	3.052760e-01	3.053928e-01	3.055517e-01
3.377238331979587e-07	3.052606e-01	3.053789e-01	3.055518e-01
3.377451189122438e-07	3.052538e-01	3.053730e-01	3.055519e-01
3.377664046265290e-07	3.052473e-01	3.053676e-01	3.055519e-01
3.377876903408142e-07	3.052410e-01	3.053627e-01	3.055520e-01
3.378089760550994e-07	3.052350e-01	3.053581e-01	3.055521e-01
3.378302617693845e-07	3.052292e-01	3.053540e-01	3.055521e-01
3.378515474836697e-07	3.052236e-01	3.053502e-01	3.055522e-01
3.378728331979549e-07	3.052183e-01	3.053470e-01	3.055522e-01
3.378738331979549e-07	3.052181e-01	3.053468e-01	3.055522e-01
3.379045474836684e-07	3.052109e-01	3.053428e-01	3.055523e-01
3.379352617693819e-07	3.052043e-01	3.053392e-01	3.055524e-01
3.379659760550954e-07	3.051983e-01	3.053362e-01	3.055524e-01
3.379966903408089e-07	3.051929e-01	3.053337e-01	3.055525e-01
3.380274046265224e-07	3.051881e-01	3.053317e-01	3.055526e-01
3.380581189122359e-07	3.051839e-01	3.053303e-01	3.055527e-01
3.380888331979494e-07	3.051803e-01	3.053293e-01	3.055528e-01
3.381116903408060e-07	3.051780e-01	3.053288e-01	3.055528e-01
3.381345474836625e-07	3.051761e-01	3.053283e-01	3.055529e-01
3.381574046265191e-07	3.051746e-01	3.053281e-01	3.055529e-01
3.381802617693757e-07	3.051733e-01	3.053279e-01	3.055530e-01
3.382031189122322e-07	3.051725e-01	3.053278e-01	3.055530e-01
3.382259760550888e-07	3.051720e-01	3.053279e-01	3.055531e-01
3.382488331979454e-07	3.051718e-01	3.053282e-01	3.055531e-01
3.382734046265162e-07	3.051720e-01	3.053285e-01	3.055532e-01
3.382979760550870e-07	3.051726e-01	3.053288e-01	3.055532e-01
3.383225474836578e-07	3.051735e-01	3.053292e-01	3.055533e-01
3.383471189122286e-07	3.051749e-01	3.053297e-01	3.055533e-01
3.383716903407994e-07	3.051766e-01	3.053302e-01	3.055534e-01
3.383962617693702e-07	3.051787e-01	3.053307e-01	3.055534e-01
3.384208331979410e-07	3.051812e-01	3.053313e-01	3.055535e-01
3.384522617693688e-07	3.051850e-01	3.053320e-01	3.055535e-01
3.384836903407965e-07	3.051893e-01	3.053327e-01	3.055536e-01
3.385151189122243e-07	3.051941e-01	3.053334e-01	3.055536e-01
3.385465474836521e-07	3.051994e-01	3.053341e-01	3.055537e-01
3.385779760550799e-07	3.052053e-01	3.053348e-01	3.055537e-01
3.386094046265076e-07	3.052116e-01	3.053354e-01	3.055538e-01
3.386408331979354e-07	3.052185e-01	3.053360e-01	3.055539e-01
3.386774046265059e-07	3.052272e-01	3.053366e-01	3.055539e-01
3.387139760550764e-07	3.052363e-01	3.053372e-01	3.055540e-01
3.387505474836469e-07	3.052459e-01	3.053378e-01	3.055540e-01
3.387871189122174e-07	3.052560e-01	3.053383e-01	3.055541e-01
3.388236903407879e-07	3.052666e-01	3.053387e-01	3.055542e-01
3.388602617693584e-07	3.052777e-01	3.053391e-01	3.055542e-01
3.388968331979289e-07	3.052893e-01	3.053395e-01	3.055543e-01
3.388978331979289e-07	3.052896e-01	3.053395e-01	3.055543e-01
3.389674046264986e-07	3.053130e-01	3.053399e-01	3.055544e-01
3.390369760550682e-07	3.053368e-01	3.053406e-01	3.055544e-01
3.391065474836379e-07	3.053610e-01	3.053414e-01	3.055545e-01
3.391761189122076e-07	3.053855e-01	3.053423e-01	3.055546e-01
3.392456903407772e-07	3.054105e-01	3.053434e-01	3.055547e-01
3.393152617693469e-07	3.054359e-01	3.053447e-01	3.055548e-01
3.393848331979166e-07	3.054616e-01	3.053462e-01	3.055548e-01
3.394404046264866e-07	3.054817e-01	3.053477e-01	3.055549e-01
3.394959760550566e-07	3.055012e-01	3.053496e-01	3.055549e-01
3.395515474836266e-07	3.055202e-01	3.053517e-01	3.055550e-01
3.396071189121967e-07	3.055387e-01	3.053541e-01	3.055550e-01
3.396626903407667e-07	3.055567e-01	3.053568e-01	3.055551e-01
3.397182617693367e-07	3.055741e-01	3.053599e-01	3.055551e-01
3.397738331979067e-07	3.055911e-01	3.053632e-01	3.055552e-01
3.399218331979030e-07	3.056322e-01	3.053735e-01	3.055553e-01
3.399808331979015e-07	3.056471e-01	3.053783e-01	3.055553e-01
3.400398331979000e-07	3.056609e-01	3.053833e-01	3.055553e-01
3.400988331978985e-07	3.056739e-01	3.053885e-01	3.055554e-01
3.401578331978970e-07	3.056858e-01	3.053940e-01	3.055554e-01
3.402168331978955e-07	3.056968e-01	3.053998e-01	3.055554e-01
3.402758331978940e-07	3.057068e-01	3.054057e-01	3.055554e-01
3.403348331978925e-07	3.057159e-01	3.054119e-01	3.055555e-01
3.403396903407495e-07	3.057166e-01	3.054125e-01	3.055555e-01
3.403445474836065e-07	3.057173e-01	3.054130e-01	3.055555e-01
3.403494046264636e-07	3.057180e-01	3.054135e-01	3.055555e-01
3.403542617693206e-07	3.057186e-01	3.054140e-01	3.055555e-01
3.403591189121776e-07	3.057193e-01	3.054145e-01	3.055555e-01
3.403639760550346e-07	3.057200e-01	3.054151e-01	3.055555e-01
3.403688331978916e-07	3.057207e-01	3.054156e-01	3.055555e-01
3.403748331978915e-07	3.057215e-01	3.054162e-01	3.055555e-01
3.403808331978913e-07	3.057223e-01	3.054169e-01	3.055555e-01
3.403868331978912e-07	3.057231e-01	3.054175e-01	3.055556e-01
3.403928331978910e-07	3.057238e-01	3.054182e-01	3.055556e-01
3.403988331978909e-07	3.057246e-01	3.054188e-01	3.055556e-01
3.404048331978907e-07	3.057254e-01	3.054195e-01	3.055557e-01
3.404108331978906e-07	3.057261e-01	3.054201e-01	3.055557e-01
3.404185474836047e-07	3.057271e-01	3.054209e-01	3.055558e-01
3.404262617693188e-07	3.057280e-01	3.054218e-01	3.055559e-01
3.404339760550329e-07	3.057289e-01	3.054226e-01	3.055560e-01
3.404416903407469e-07	3.057298e-01	3.054235e-01	3.055561e-01
3.404494046264610e-07	3.057307e-01	3.054243e-01	3.055562e-01
3.404571189121751e-07	3.057316e-01	3.054252e-01	3.055564e-01
3.404648331978892e-07	3.057325e-01	3.054260e-01	3.055565e-01
3.404791189121746e-07	3.057340e-01	3.054276e-01	3.055569e-01
3.404934046264599e-07	3.057355e-01	3.054292e-01	3.055572e-01
3.405076903407453e-07	3.057370e-01	3.054308e-01	3.055576e-01
3.405219760550306e-07	3.057384e-01	3.054324e-01	3.055581e-01
3.405362617693160e-07	3.057397e-01	3.054340e-01	3.055586e-01
3.405505474836013e-07	3.057410e-01	3.054356e-01	3.055591e-01
3.405648331978867e-07	3.057422e-01	3.054371e-01	3.055597e-01
3.405892617693146e-07	3.057442e-01	3.054399e-01	3.055608e-01
3.406136903407426e-07	3.057460e-01	3.054426e-01	3.055621e-01
3.406381189121705e-07	3.057478e-01	3.054454e-01	3.055635e-01
3.406625474835985e-07	3.057493e-01	3.054481e-01	3.055651e-01
3.406869760550264e-07	3.057507e-01	3.054509e-01	3.055669e-01
3.407114046264544e-07	3.057520e-01	3.054536e-01	3.055689e-01
3.407358331978823e-07	3.057532e-01	3.054564e-01	3.055711e-01
3.407536903407390e-07	3.057539e-01	3.054584e-01	3.055729e-01
3.407715474835957e-07	3.057546e-01	3.054604e-01	3.055747e-01
3.407894046264524e-07	3.057552e-01	3.054624e-01	3.055767e-01
3.408072617693091e-07	3.057558e-01	3.054644e-01	3.055788e-01
3.408251189121658e-07	3.057563e-01	3.054664e-01	3.055810e-01
3.408429760550225e-07	3.057567e-01	3.054684e-01	3.055833e-01
3.408608331978792e-07	3.057570e-01	3.054703e-01	3.055857e-01
3.408728331978789e-07	3.057572e-01	3.054717e-01	3.055874e-01
3.408848331978786e-07	3.057574e-01	3.054730e-01	3.055891e-01
3.408968331978783e-07	3.057576e-01	3.054743e-01	3.055908e-01
3.409088331978780e-07	3.057577e-01	3.054756e-01	3.055925e-01
3.409208331978777e-07	3.057578e-01	3.054769e-01	3.055943e-01
3.409328331978774e-07	3.057578e-01	3.054782e-01	3.055961e-01
3.409448331978771e-07	3.057579e-01	3.054795e-01	3.055979e-01
3.409458331978770e-07	3.057579e-01	3.054796e-01	3.055980e-01
3.409698331978764e-07	3.057578e-01	3.054822e-01	3.056017e-01
3.409938331978758e-07	3.057577e-01	3.054848e-01	3.056053e-01
3.410178331978752e-07	3.057575e-01	3.054873e-01	3.056088e-01
3.410418331978746e-07	3.057572e-01	3.054898e-01	3.056123e-01
3.410658331978740e-07	3.057568e-01	3.054923e-01	3.056157e-01
3.410898331978734e-07	3.057563e-01	3.054948e-01	3.056190e-01
3.411138331978728e-07	3.057557e-01	3.054973e-01	3.056222e-01
3.411365474835865e-07	3.057550e-01	3.054995e-01	3.056251e-01
3.411592617693002e-07	3.057543e-01	3.055018e-01	3.056279e-01
3.411819760550139e-07	3.057535e-01	3.055040e-01	3.056305e-01
3.412046903407276e-07	3.057527e-01	3.055063e-01	3.056329e-01
3.412274046264413e-07	3.057517e-01	3.055084e-01	3.056352e-01
3.412501189121550e-07	3.057507e-01	3.055106e-01	3.056374e-01
3.412728331978687e-07	3.057497e-01	3.055128e-01	3.056394e-01
3.413046903407251e-07	3.057480e-01	3.055157e-01	3.056419e-01
3.413365474835814e-07	3.057463e-01	3.055186e-01	3.056443e-01
3.413684046264377e-07	3.057445e-01	3.055214e-01	3.056463e-01
3.414002617692941e-07	3.057426e-01	3.055242e-01	3.056482e-01
3.414321189121504e-07	3.057405e-01	3.055269e-01	3.056498e-01
3.414639760550068e-07	3.057384e-01	3.055295e-01	3.056512e-01
3.414958331978631e-07	3.057362e-01	3.055321e-01	3.056523e-01
3.415148331978626e-07	3.057348e-01	3.055336e-01	3.056529e-01
3.415338331978621e-07	3.057334e-01	3.055351e-01	3.056534e-01
3.415528331978616e-07	3.057320e-01	3.055365e-01	3.056539e-01
3.415718331978612e-07	3.057306e-01	3.055380e-01	3.056543e-01
3.415908331978607e-07	3.057291e-01	3.055394e-01	3.056546e-01
3.416098331978602e-07	3.057276e-01	3.055408e-01	3.056549e-01
3.416288331978597e-07	3.057261e-01	3.055421e-01	3.056551e-01
3.416625474835732e-07	3.057233e-01	3.055445e-01	3.056553e-01
3.416962617692866e-07	3.057205e-01	3.055468e-01	3.056552e-01
3.417299760550000e-07	3.057177e-01	3.055490e-01	3.056549e-01
3.417636903407134e-07	3.057148e-01	3.055511e-01	3.056544e-01
3.417974046264269e-07	3.057118e-01	3.055532e-01	3.056535e-01
3.418311189121403e-07	3.057088e-01	3.055552e-01	3.056525e-01
3.418648331978537e-07	3.057058e-01	3.055571e-01	3.056512e-01
3.419698331978511e-07	3.056961e-01	3.055626e-01	3.056451e-01
3.420026903407074e-07	3.056930e-01	3.055642e-01	3.056426e-01
3.420355474835637e-07	3.056899e-01	3.055657e-01	3.056399e-01
3.420684046264200e-07	3.056869e-01	3.055671e-01	3.056370e-01
3.421012617692763e-07	3.056838e-01	3.055685e-01	3.056338e-01
3.421341189121326e-07	3.056807e-01	3.055698e-01	3.056304e-01
3.421669760549889e-07	3.056776e-01	3.055711e-01	3.056268e-01
3.421998331978453e-07	3.056745e-01	3.055722e-01	3.056230e-01
3.422521189121296e-07	3.056696e-01	3.055740e-01	3.056164e-01
3.423044046264140e-07	3.056647e-01	3.055756e-01	3.056097e-01
3.423566903406984e-07	3.056599e-01	3.055770e-01	3.056029e-01
3.424089760549828e-07	3.056552e-01	3.055783e-01	3.055961e-01
3.424612617692672e-07	3.056505e-01	3.055795e-01	3.055892e-01
3.425135474835516e-07	3.056458e-01	3.055806e-01	3.055822e-01
3.425658331978360e-07	3.056413e-01	3.055815e-01	3.055752e-01
3.426052617692636e-07	3.056379e-01	3.055820e-01	3.055702e-01
3.426446903406911e-07	3.056345e-01	3.055826e-01	3.055653e-01
3.426841189121187e-07	3.056313e-01	3.055831e-01	3.055607e-01
3.427235474835463e-07	3.056280e-01	3.055835e-01	3.055562e-01
3.427629760549738e-07	3.056249e-01	3.055838e-01	3.055518e-01
3.428024046264014e-07	3.056218e-01	3.055841e-01	3.055477e-01
3.428418331978290e-07	3.056187e-01	3.055843e-01	3.055437e-01
3.428634046263999e-07	3.056171e-01	3.055844e-01	3.055416e-01
3.428849760549708e-07	3.056154e-01	3.055845e-01	3.055396e-01
3.429065474835416e-07	3.056138e-01	3.055846e-01	3.055376e-01
3.429281189121125e-07	3.056123e-01	3.055846e-01	3.055357e-01
3.429496903406834e-07	3.056107e-01	3.055847e-01	3.055338e-01
3.429712617692543e-07	3.056091e-01	3.055847e-01	3.055320e-01
3.429928331978252e-07	3.056076e-01	3.055847e-01	3.055303e-01
3.429938331978251e-07	3.056076e-01	3.055847e-01	3.055302e-01
3.430511189121094e-07	3.056036e-01	3.055847e-01	3.055259e-01
3.431084046263937e-07	3.055998e-01	3.055846e-01	3.055217e-01
3.431656903406779e-07	3.055961e-01	3.055844e-01	3.055178e-01
3.432229760549622e-07	3.055925e-01	3.055841e-01	3.055142e-01
3.432802617692465e-07	3.055892e-01	3.055838e-01	3.055107e-01
3.433375474835307e-07	3.055859e-01	3.055834e-01	3.055075e-01
3.433948331978150e-07	3.055828e-01	3.055830e-01	3.055045e-01
3.435378331978114e-07	3.055757e-01	3.055816e-01	3.054973e-01
3.435388331978113e-07	3.055756e-01	3.055816e-01	3.054972e-01
3.435408331978113e-07	3.055755e-01	3.055816e-01	3.054971e-01
3.435428331978112e-07	3.055755e-01	3.055816e-01	3.054970e-01
3.435448331978112e-07	3.055754e-01	3.055815e-01	3.054969e-01
3.435591189120965e-07	3.055747e-01	3.055814e-01	3.054962e-01
3.435734046263819e-07	3.055740e-01	3.055812e-01	3.054955e-01
3.435876903406672e-07	3.055734e-01	3.055811e-01	3.054948e-01
3.436019760549526e-07	3.055728e-01	3.055809e-01	3.054941e-01
3.436162617692379e-07	3.055721e-01	3.055808e-01	3.054933e-01
3.436305474835233e-07	3.055715e-01	3.055806e-01	3.054925e-01
3.436448331978086e-07	3.055709e-01	3.055804e-01	3.054917e-01
3.436576903406655e-07	3.055704e-01	3.055803e-01	3.054909e-01
3.436705474835223e-07	3.055698e-01	3.055802e-01	3.054900e-01
3.436834046263791e-07	3.055693e-01	3.055800e-01	3.054891e-01
3.436962617692359e-07	3.055688e-01	3.055799e-01	3.054881e-01
3.437091189120927e-07	3.055683e-01	3.055797e-01	3.054871e-01
3.437219760549495e-07	3.055678e-01	3.055796e-01	3.054861e-01
3.437348331978064e-07	3.055673e-01	3.055794e-01	3.054850e-01
3.437751189120911e-07	3.055657e-01	3.055789e-01	3.054810e-01
3.438154046263758e-07	3.055642e-01	3.055784e-01	3.054769e-01
3.438556903406604e-07	3.055628e-01	3.055779e-01	3.054726e-01
3.438959760549451e-07	3.055615e-01	3.055773e-01	3.054682e-01
3.439362617692298e-07	3.055602e-01	3.055768e-01	3.054636e-01
3.439765474835145e-07	3.055589e-01	3.055763e-01	3.054588e-01
3.440168331977992e-07	3.055578e-01	3.055758e-01	3.054538e-01
3.440178331977992e-07	3.055577e-01	3.055757e-01	3.054537e-01
3.440426903406557e-07	3.055570e-01	3.055754e-01	3.054507e-01
3.440675474835122e-07	3.055564e-01	3.055751e-01	3.054478e-01
3.440924046263687e-07	3.055557e-01	3.055747e-01	3.054450e-01
3.441172617692252e-07	3.055551e-01	3.055744e-01	3.054423e-01
3.441421189120818e-07	3.055544e-01	3.055741e-01	3.054396e-01
3.441669760549383e-07	3.055538e-01	3.055737e-01	3.054371e-01
3.441918331977948e-07	3.055533e-01	3.055734e-01	3.054346e-01
3.442145474835085e-07	3.055527e-01	3.055731e-01	3.054324e-01
3.442372617692222e-07	3.055522e-01	3.055728e-01	3.054303e-01
3.442599760549359e-07	3.055518e-01	3.055725e-01	3.054282e-01
3.442826903406496e-07	3.055513e-01	3.055722e-01	3.054262e-01
3.443054046263633e-07	3.055508e-01	3.055719e-01	3.054243e-01
3.443281189120770e-07	3.055504e-01	3.055716e-01	3.054224e-01
3.443508331977908e-07	3.055500e-01	3.055713e-01	3.054206e-01
3.443792617692186e-07	3.055495e-01	3.055709e-01	3.054184e-01
3.444076903406465e-07	3.055490e-01	3.055705e-01	3.054161e-01
3.444361189120743e-07	3.055485e-01	3.055702e-01	3.054138e-01
3.444645474835022e-07	3.055481e-01	3.055698e-01	3.054115e-01
3.444929760549300e-07	3.055476e-01	3.055694e-01	3.054091e-01
3.445214046263579e-07	3.055472e-01	3.055691e-01	3.054066e-01
3.445498331977857e-07	3.055468e-01	3.055687e-01	3.054041e-01
3.445716903406423e-07	3.055466e-01	3.055684e-01	3.054021e-01
3.445935474834989e-07	3.055463e-01	3.055681e-01	3.053999e-01
3.446154046263555e-07	3.055460e-01	3.055679e-01	3.053977e-01
3.446372617692121e-07	3.055457e-01	3.055676e-01	3.053954e-01
3.446591189120687e-07	3.055455e-01	3.055673e-01	3.053930e-01
3.446809760549252e-07	3.055453e-01	3.055671e-01	3.053906e-01
3.447028331977818e-07	3.055451e-01	3.055668e-01	3.053881e-01
3.447305474834954e-07	3.055448e-01	3.055665e-01	3.053847e-01
3.447582617692090e-07	3.055445e-01	3.055662e-01	3.053813e-01
3.447859760549226e-07	3.055443e-01	3.055658e-01	3.053780e-01
3.448136903406362e-07	3.055441e-01	3.055655e-01	3.053746e-01
3.448414046263498e-07	3.055438e-01	3.055652e-01	3.053712e-01
3.448691189120633e-07	3.055437e-01	3.055649e-01	3.053678e-01
3.448968331977769e-07	3.055435e-01	3.055646e-01	3.053643e-01
3.449174046263478e-07	3.055434e-01	3.055644e-01	3.053619e-01
3.449379760549187e-07	3.055432e-01	3.055642e-01	3.053596e-01
3.449585474834896e-07	3.055431e-01	3.055639e-01	3.053574e-01
3.449791189120606e-07	3.055430e-01	3.055637e-01	3.053553e-01
3.449996903406315e-07	3.055429e-01	3.055635e-01	3.053533e-01
3.450202617692024e-07	3.055428e-01	3.055633e-01	3.053514e-01
3.450408331977733e-07	3.055427e-01	3.055631e-01	3.053497e-01
3.450418331977732e-07	3.055427e-01	3.055631e-01	3.053496e-01
3.450596903406299e-07	3.055426e-01	3.055629e-01	3.053482e-01
3.450775474834866e-07	3.055426e-01	3.055627e-01	3.053470e-01
3.450954046263433e-07	3.055425e-01	3.055626e-01	3.053459e-01
3.451132617692000e-07	3.055424e-01	3.055624e-01	3.053450e-01
3.451311189120567e-07	3.055424e-01	3.055622e-01	3.053443e-01
3.451489760549134e-07	3.055423e-01	3.055620e-01	3.053437e-01
3.451668331977701e-07	3.055423e-01	3.055619e-01	3.053432e-01
3.451791189120555e-07	3.055423e-01	3.055618e-01	3.053430e-01
3.451914046263409e-07	3.055422e-01	3.055616e-01	3.053429e-01
3.452036903406263e-07	3.055422e-01	3.055615e-01	3.053429e-01
3.452159760549117e-07	3.055422e-01	3.055614e-01	3.053429e-01
3.452282617691971e-07	3.055422e-01	3.055613e-01	3.053431e-01
3.452405474834825e-07	3.055422e-01	3.055612e-01	3.053433e-01
3.452528331977679e-07	3.055421e-01	3.055611e-01	3.053436e-01
3.452716903406246e-07	3.055421e-01	3.055609e-01	3.053442e-01
3.452905474834812e-07	3.055421e-01	3.055608e-01	3.053451e-01
3.453094046263379e-07	3.055421e-01	3.055606e-01	3.053461e-01
3.453282617691946e-07	3.055421e-01	3.055604e-01	3.053474e-01
3.453471189120512e-07	3.055421e-01	3.055603e-01	3.053488e-01
3.453659760549079e-07	3.055421e-01	3.055601e-01	3.053505e-01
3.453848331977646e-07	3.055421e-01	3.055600e-01	3.053523e-01
3.454166903406209e-07	3.055421e-01	3.055597e-01	3.053559e-01
3.454485474834772e-07	3.055421e-01	3.055595e-01	3.053600e-01
3.454804046263336e-07	3.055421e-01	3.055592e-01	3.053644e-01
3.455122617691899e-07	3.055421e-01	3.055590e-01	3.053693e-01
3.455441189120462e-07	3.055422e-01	3.055588e-01	3.053746e-01
3.455759760549026e-07	3.055422e-01	3.055585e-01	3.053802e-01
3.456078331977589e-07	3.055423e-01	3.055583e-01	3.053863e-01
3.456532617691863e-07	3.055423e-01	3.055580e-01	3.053956e-01
3.456986903406138e-07	3.055424e-01	3.055577e-01	3.054050e-01
3.457441189120412e-07	3.055426e-01	3.055574e-01	3.054143e-01
3.457895474834686e-07	3.055427e-01	3.055572e-01	3.054236e-01
3.458349760548960e-07	3.055428e-01	3.055569e-01	3.054330e-01
3.458804046263234e-07	3.055430e-01	3.055567e-01	3.054424e-01
3.459258331977509e-07	3.055432e-01	3.055564e-01	3.054518e-01
3.459456903406075e-07	3.055432e-01	3.055563e-01	3.054557e-01
3.459655474834641e-07	3.055433e-01	3.055562e-01	3.054594e-01
3.459854046263208e-07	3.055434e-01	3.055561e-01	3.054631e-01
3.460052617691774e-07	3.055434e-01	3.055560e-01	3.054666e-01
3.460251189120341e-07	3.055435e-01	3.055560e-01	3.054701e-01
3.460449760548907e-07	3.055436e-01	3.055559e-01	3.054734e-01
3.460648331977473e-07	3.055437e-01	3.055558e-01	3.054767e-01
3.460658331977473e-07	3.055437e-01	3.055558e-01	3.054768e-01
3.460969760548894e-07	3.055438e-01	3.055556e-01	3.054817e-01
3.461281189120314e-07	3.055439e-01	3.055555e-01	3.054862e-01
3.461592617691735e-07	3.055441e-01	3.055554e-01	3.054904e-01
3.461904046263156e-07	3.055442e-01	3.055553e-01	3.054942e-01
3.462215474834576e-07	3.055443e-01	3.055551e-01	3.054978e-01
3.462526903405997e-07	3.055445e-01	3.055550e-01	3.055010e-01
3.462838331977418e-07	3.055446e-01	3.055549e-01	3.055039e-01
3.463124046263125e-07	3.055447e-01	3.055548e-01	3.055063e-01
3.463409760548832e-07	3.055449e-01	3.055547e-01	3.055084e-01
3.463695474834539e-07	3.055450e-01	3.055546e-01	3.055103e-01
3.463981189120246e-07	3.055451e-01	3.055546e-01	3.055120e-01
3.464266903405953e-07	3.055453e-01	3.055545e-01	3.055134e-01
3.464552617691660e-07	3.055454e-01	3.055544e-01	3.055146e-01
3.464838331977367e-07	3.055455e-01	3.055543e-01	3.055156e-01
3.465132617691645e-07	3.055457e-01	3.055542e-01	3.055163e-01
3.465426903405924e-07	3.055458e-01	3.055541e-01	3.055170e-01
3.465721189120202e-07	3.055459e-01	3.055541e-01	3.055174e-01
3.466015474834480e-07	3.055461e-01	3.055540e-01	3.055178e-01
3.466309760548758e-07	3.055462e-01	3.055539e-01	3.055180e-01
3.466604046263037e-07	3.055464e-01	3.055539e-01	3.055181e-01
3.466898331977315e-07	3.055465e-01	3.055538e-01	3.055180e-01
3.467162617691594e-07	3.055466e-01	3.055538e-01	3.055179e-01
3.467426903405873e-07	3.055468e-01	3.055537e-01	3.055178e-01
3.467691189120152e-07	3.055469e-01	3.055537e-01	3.055176e-01
3.467955474834431e-07	3.055470e-01	3.055536e-01	3.055174e-01
3.468219760548710e-07	3.055471e-01	3.055536e-01	3.055172e-01
3.468484046262989e-07	3.055473e-01	3.055535e-01	3.055170e-01
3.468748331977268e-07	3.055474e-01	3.055535e-01	3.055168e-01
3.468932617691549e-07	3.055475e-01	3.055535e-01	3.055167e-01
3.469116903405830e-07	3.055476e-01	3.055534e-01	3.055166e-01
3.469301189120111e-07	3.055476e-01	3.055534e-01	3.055165e-01
3.469485474834392e-07	3.055477e-01	3.055534e-01	3.055164e-01
3.469669760548673e-07	3.055478e-01	3.055534e-01	3.055164e-01
3.469854046262954e-07	3.055479e-01	3.055533e-01	3.055164e-01
3.470038331977235e-07	3.055480e-01	3.055533e-01	3.055164e-01
3.470159760548661e-07	3.055480e-01	3.055533e-01	3.055164e-01
3.470281189120086e-07	3.055481e-01	3.055533e-01	3.055165e-01
3.470402617691512e-07	3.055482e-01	3.055533e-01	3.055165e-01
3.470524046262937e-07	3.055482e-01	3.055533e-01	3.055166e-01
3.470645474834363e-07	3.055483e-01	3.055532e-01	3.055167e-01
3.470766903405788e-07	3.055483e-01	3.055532e-01	3.055168e-01
3.470888331977214e-07	3.055484e-01	3.055532e-01	3.055170e-01
3.470898331977214e-07	3.055484e-01	3.055532e-01	3.055170e-01
3.471158331977207e-07	3.055485e-01	3.055532e-01	3.055173e-01
3.471418331977200e-07	3.055486e-01	3.055532e-01	3.055178e-01
3.471678331977194e-07	3.055487e-01	3.055531e-01	3.055184e-01
3.471938331977187e-07	3.055488e-01	3.055531e-01	3.055191e-01
3.472198331977181e-07	3.055490e-01	3.055531e-01	3.055199e-01
3.472458331977174e-07	3.055491e-01	3.055531e-01	3.055208e-01
3.472718331977168e-07	3.055492e-01	3.055531e-01	3.055218e-01
3.473088331977158e-07	3.055493e-01	3.055530e-01	3.055234e-01
3.473458331977149e-07	3.055495e-01	3.055530e-01	3.055253e-01
3.473828331977139e-07	3.055496e-01	3.055530e-01	3.055274e-01
3.474198331977130e-07	3.055498e-01	3.055530e-01	3.055298e-01
3.474568331977121e-07	3.055499e-01	3.055530e-01	3.055324e-01
3.474938331977111e-07	3.055501e-01	3.055530e-01	3.055353e-01
3.475308331977102e-07	3.055502e-01	3.055530e-01	3.055384e-01
3.475944046262800e-07	3.055505e-01	3.055529e-01	3.055443e-01
3.476579760548498e-07	3.055507e-01	3.055529e-01	3.055508e-01
3.477215474834196e-07	3.055509e-01	3.055529e-01	3.055576e-01
3.477851189119895e-07	3.055511e-01	3.055529e-01	3.055650e-01
3.478486903405593e-07	3.055513e-01	3.055529e-01	3.055727e-01
3.479122617691291e-07	3.055515e-01	3.055529e-01	3.055809e-01
3.479758331976989e-07	3.055517e-01	3.055529e-01	3.055895e-01
3.479954046262698e-07	3.055518e-01	3.055529e-01	3.055922e-01
3.480149760548408e-07	3.055519e-01	3.055530e-01	3.055948e-01
3.480345474834117e-07	3.055519e-01	3.055530e-01	3.055975e-01
3.480541189119826e-07	3.055520e-01	3.055530e-01	3.056002e-01
3.480736903405536e-07	3.055520e-01	3.055530e-01	3.056028e-01
3.480932617691245e-07	3.055521e-01	3.055530e-01	3.056055e-01
3.481128331976954e-07	3.055522e-01	3.055530e-01	3.056082e-01
3.481138331976954e-07	3.055522e-01	3.055530e-01	3.056083e-01
3.481821189119794e-07	3.055523e-01	3.055530e-01	3.056179e-01
3.482504046262634e-07	3.055525e-01	3.055530e-01	3.056271e-01
3.483186903405474e-07	3.055527e-01	3.055530e-01	3.056360e-01
3.483869760548314e-07	3.055529e-01	3.055530e-01	3.056446e-01
3.484552617691153e-07	3.055530e-01	3.055531e-01	3.056529e-01
3.485235474833993e-07	3.055532e-01	3.055531e-01	3.056609e-01
3.485918331976833e-07	3.055533e-01	3.055531e-01	3.056686e-01
3.486485474833962e-07	3.055535e-01	3.055532e-01	3.056744e-01
3.487052617691090e-07	3.055536e-01	3.055532e-01	3.056799e-01
3.487619760548219e-07	3.055537e-01	3.055532e-01	3.056849e-01
3.488186903405347e-07	3.055538e-01	3.055532e-01	3.056894e-01
3.488754046262476e-07	3.055539e-01	3.055532e-01	3.056936e-01
3.489321189119604e-07	3.055540e-01	3.055533e-01	3.056973e-01
3.489888331976732e-07	3.055541e-01	3.055533e-01	3.057005e-01
3.491378331976695e-07	3.055543e-01	3.055534e-01	3.057069e-01
3.491752617690971e-07	3.055543e-01	3.055534e-01	3.057080e-01
3.492126903405247e-07	3.055544e-01	3.055534e-01	3.057089e-01
3.492501189119523e-07	3.055544e-01	3.055534e-01	3.057096e-01
3.492875474833800e-07	3.055545e-01	3.055534e-01	3.057101e-01
3.493249760548076e-07	3.055545e-01	3.055535e-01	3.057105e-01
3.493624046262352e-07	3.055546e-01	3.055535e-01	3.057106e-01
3.493998331976628e-07	3.055546e-01	3.055535e-01	3.057106e-01
3.494104046262340e-07	3.055546e-01	3.055535e-01	3.057105e-01
3.494209760548052e-07	3.055546e-01	3.055535e-01	3.057105e-01
3.494315474833763e-07	3.055547e-01	3.055535e-01	3.057104e-01
3.494421189119475e-07	3.055547e-01	3.055535e-01	3.057103e-01
3.494526903405186e-07	3.055547e-01	3.055535e-01	3.057102e-01
3.494632617690898e-07	3.055547e-01	3.055535e-01	3.057102e-01
3.494738331976610e-07	3.055547e-01	3.055535e-01	3.057100e-01
3.494768331976609e-07	3.055547e-01	3.055535e-01	3.057100e-01
3.494798331976608e-07	3.055547e-01	3.055535e-01	3.057100e-01
3.494819760548036e-07	3.055547e-01	3.055535e-01	3.057099e-01
3.494841189119464e-07	3.055547e-01	3.055535e-01	3.057099e-01
3.494862617690892e-07	3.055547e-01	3.055535e-01	3.057099e-01
3.494884046262320e-07	3.055547e-01	3.055536e-01	3.057099e-01
3.494905474833748e-07	3.055547e-01	3.055536e-01	3.057098e-01
3.494926903405176e-07	3.055547e-01	3.055536e-01	3.057098e-01
3.494948331976604e-07	3.055547e-01	3.055537e-01	3.057098e-01
3.494981189119461e-07	3.055547e-01	3.055537e-01	3.057097e-01
3.495014046262317e-07	3.055547e-01	3.055538e-01	3.057097e-01
3.495046903405173e-07	3.055547e-01	3.055539e-01	3.057096e-01
3.495079760548030e-07	3.055547e-01	3.055540e-01	3.057096e-01
3.495112617690886e-07	3.055548e-01	3.055541e-01	3.057095e-01
3.495145474833742e-07	3.055548e-01	3.055542e-01	3.057095e-01
3.495178331976598e-07	3.055547e-01	3.055543e-01	3.057094e-01
3.495226903405169e-07	3.055547e-01	3.055544e-01	3.057093e-01
3.495275474833739e-07	3.055547e-01	3.055546e-01	3.057093e-01
3.495324046262309e-07	3.055547e-01	3.055547e-01	3.057092e-01
3.495372617690879e-07	3.055547e-01	3.055549e-01	3.057091e-01
3.495421189119449e-07	3.055547e-01	3.055550e-01	3.057090e-01
3.495469760548020e-07	3.055547e-01	3.055551e-01	3.057089e-01
3.495518331976590e-07	3.055547e-01	3.055552e-01	3.057088e-01
3.495554046262303e-07	3.055547e-01	3.055552e-01	3.057087e-01
3.495589760548017e-07	3.055546e-01	3.055553e-01	3.057086e-01
3.495625474833730e-07	3.055546e-01	3.055553e-01	3.057086e-01
3.495661189119443e-07	3.055546e-01	3.055552e-01	3.057085e-01
3.495696903405157e-07	3.055546e-01	3.055552e-01	3.057084e-01
3.495732617690870e-07	3.055545e-01	3.055552e-01	3.057083e-01
3.495768331976584e-07	3.055545e-01	3.055551e-01	3.057082e-01
3.495812617690868e-07	3.055544e-01	3.055550e-01	3.057081e-01
3.495856903405153e-07	3.055544e-01	3.055548e-01	3.057080e-01
3.495901189119437e-07	3.055543e-01	3.055546e-01	3.057079e-01
3.495945474833722e-07	3.055542e-01	3.055544e-01	3.057078e-01
3.495989760548006e-07	3.055541e-01	3.055541e-01	3.057077e-01
3.496034046262291e-07	3.055540e-01	3.055538e-01	3.057076e-01
3.496078331976576e-07	3.055539e-01	3.055534e-01	3.057075e-01
3.496154046262288e-07	3.055537e-01	3.055528e-01	3.057073e-01
3.496229760548000e-07	3.055535e-01	3.055520e-01	3.057071e-01
3.496305474833713e-07	3.055533e-01	3.055512e-01	3.057068e-01
3.496381189119425e-07	3.055530e-01	3.055504e-01	3.057066e-01
3.496456903405137e-07	3.055526e-01	3.055495e-01	3.057064e-01
3.496532617690850e-07	3.055523e-01	3.055485e-01	3.057062e-01
3.496608331976562e-07	3.055519e-01	3.055475e-01	3.057059e-01
3.496689760547989e-07	3.055514e-01	3.055464e-01	3.057057e-01
3.496771189119415e-07	3.055510e-01	3.055453e-01	3.057054e-01
3.496852617690842e-07	3.055505e-01	3.055443e-01	3.057051e-01
3.496934046262268e-07	3.055499e-01	3.055433e-01	3.057048e-01
3.497015474833695e-07	3.055493e-01	3.055423e-01	3.057045e-01
3.497096903405121e-07	3.055487e-01	3.055414e-01	3.057042e-01
3.497178331976548e-07	3.055481e-01	3.055405e-01	3.057039e-01
3.497241189119403e-07	3.055476e-01	3.055399e-01	3.057037e-01
3.497304046262259e-07	3.055470e-01	3.055394e-01	3.057035e-01
3.497366903405114e-07	3.055465e-01	3.055389e-01	3.057032e-01
3.497429760547970e-07	3.055460e-01	3.055385e-01	3.057030e-01
3.497492617690826e-07	3.055454e-01	3.055381e-01	3.057027e-01
3.497555474833681e-07	3.055448e-01	3.055378e-01	3.057025e-01
3.497618331976537e-07	3.055443e-01	3.055376e-01	3.057022e-01
3.497678331976535e-07	3.055437e-01	3.055375e-01	3.057020e-01
3.497738331976534e-07	3.055431e-01	3.055374e-01	3.057017e-01
3.497798331976532e-07	3.055425e-01	3.055374e-01	3.057015e-01
3.497858331976531e-07	3.055420e-01	3.055374e-01	3.057012e-01
3.497918331976529e-07	3.055414e-01	3.055375e-01	3.057010e-01
3.497978331976528e-07	3.055408e-01	3.055377e-01	3.057007e-01
3.498038331976526e-07	3.055402e-01	3.055379e-01	3.057005e-01
3.498142617690809e-07	3.055392e-01	3.055384e-01	3.057000e-01
3.498246903405092e-07	3.055382e-01	3.055391e-01	3.056995e-01
3.498351189119375e-07	3.055372e-01	3.055399e-01	3.056990e-01
3.498455474833658e-07	3.055362e-01	3.055408e-01	3.056985e-01
3.498559760547941e-07	3.055351e-01	3.055419e-01	3.056980e-01
3.498664046262224e-07	3.055341e-01	3.055431e-01	3.056975e-01
3.498768331976508e-07	3.055331e-01	3.055445e-01	3.056970e-01
3.498901189119361e-07	3.055319e-01	3.055463e-01	3.056963e-01
3.499034046262215e-07	3.055306e-01	3.055482e-01	3.056956e-01
3.499166903405069e-07	3.055294e-01	3.055501e-01	3.056949e-01
3.499299760547923e-07	3.055281e-01	3.055521e-01	3.056942e-01
3.499432617690776e-07	3.055269e-01	3.055540e-01	3.056935e-01
3.499565474833630e-07	3.055256e-01	3.055560e-01	3.056928e-01
3.499698331976484e-07	3.055243e-01	3.055580e-01	3.056920e-01
3.499829760547909e-07	3.055231e-01	3.055599e-01	3.056913e-01
3.499961189119334e-07	3.055218e-01	3.055618e-01	3.056905e-01
3.500092617690760e-07	3.055204e-01	3.055635e-01	3.056898e-01
3.500224046262185e-07	3.055190e-01	3.055651e-01	3.056890e-01
3.500355474833610e-07	3.055175e-01	3.055667e-01	3.056882e-01
3.500486903405035e-07	3.055160e-01	3.055681e-01	3.056874e-01
3.500618331976461e-07	3.055145e-01	3.055695e-01	3.056866e-01
3.500759760547886e-07	3.055127e-01	3.055708e-01	3.056857e-01
3.500901189119311e-07	3.055109e-01	3.055720e-01	3.056848e-01
3.501042617690736e-07	3.055089e-01	3.055731e-01	3.056839e-01
3.501184046262161e-07	3.055069e-01	3.055740e-01	3.056830e-01
3.501325474833586e-07	3.055047e-01	3.055748e-01	3.056821e-01
3.501466903405011e-07	3.055025e-01	3.055754e-01	3.056812e-01
3.501608331976436e-07	3.055001e-01	3.055759e-01	3.056803e-01
3.501618331976435e-07	3.055000e-01	3.055759e-01	3.056802e-01
3.501758331976432e-07	3.054976e-01	3.055763e-01	3.056793e-01
3.501898331976428e-07	3.054951e-01	3.055765e-01	3.056784e-01
3.502038331976425e-07	3.054925e-01	3.055765e-01	3.056774e-01
3.502178331976421e-07	3.054898e-01	3.055764e-01	3.056765e-01
3.502318331976418e-07	3.054871e-01	3.055761e-01	3.056755e-01
3.502458331976414e-07	3.054843e-01	3.055757e-01	3.056745e-01
3.502598331976410e-07	3.054815e-01	3.055751e-01	3.056736e-01
3.502796903404977e-07	3.054773e-01	3.055739e-01	3.056722e-01
3.502995474833543e-07	3.054732e-01	3.055724e-01	3.056708e-01
3.503194046262110e-07	3.054691e-01	3.055704e-01	3.056694e-01
3.503392617690676e-07	3.054651e-01	3.055679e-01	3.056680e-01
3.503591189119242e-07	3.054611e-01	3.055650e-01	3.056666e-01
3.503789760547809e-07	3.054572e-01	3.055617e-01	3.056651e-01
3.503988331976375e-07	3.054534e-01	3.055580e-01	3.056637e-01
3.504155474833514e-07	3.054503e-01	3.055544e-01	3.056625e-01
3.504322617690652e-07	3.054475e-01	3.055504e-01	3.056612e-01
3.504489760547791e-07	3.054449e-01	3.055462e-01	3.056600e-01
3.504656903404930e-07	3.054425e-01	3.055416e-01	3.056588e-01
3.504824046262068e-07	3.054403e-01	3.055367e-01	3.056575e-01
3.504991189119207e-07	3.054384e-01	3.055315e-01	3.056563e-01
3.505158331976346e-07	3.054367e-01	3.055259e-01	3.056551e-01
3.505264046262057e-07	3.054358e-01	3.055222e-01	3.056543e-01
3.505369760547769e-07	3.054350e-01	3.055185e-01	3.056535e-01
3.505475474833480e-07	3.054343e-01	3.055147e-01	3.056527e-01
3.505581189119192e-07	3.054338e-01	3.055108e-01	3.056519e-01
3.505686903404904e-07	3.054333e-01	3.055068e-01	3.056511e-01
3.505792617690615e-07	3.054330e-01	3.055028e-01	3.056504e-01
3.505898331976327e-07	3.054329e-01	3.054987e-01	3.056496e-01
3.505971189119182e-07	3.054328e-01	3.054959e-01	3.056490e-01
3.506044046262037e-07	3.054329e-01	3.054930e-01	3.056485e-01
3.506116903404893e-07	3.054329e-01	3.054901e-01	3.056479e-01
3.506189760547748e-07	3.054331e-01	3.054873e-01	3.056474e-01
3.506262617690603e-07	3.054333e-01	3.054844e-01	3.056469e-01
3.506335474833459e-07	3.054336e-01	3.054815e-01	3.056463e-01
3.506408331976314e-07	3.054339e-01	3.054787e-01	3.056458e-01
3.506564046262024e-07	3.054349e-01	3.054724e-01	3.056446e-01
3.506719760547735e-07	3.054361e-01	3.054664e-01	3.056434e-01
3.506875474833445e-07	3.054376e-01	3.054606e-01	3.056423e-01
3.507031189119155e-07	3.054394e-01	3.054550e-01	3.056411e-01
3.507186903404866e-07	3.054415e-01	3.054496e-01	3.056400e-01
3.507342617690576e-07	3.054438e-01	3.054443e-01	3.056388e-01
3.507498331976286e-07	3.054464e-01	3.054393e-01	3.056377e-01
3.507655474833425e-07	3.054494e-01	3.054346e-01	3.056365e-01
3.507812617690564e-07	3.054525e-01	3.054304e-01	3.056354e-01
3.507969760547703e-07	3.054559e-01	3.054267e-01	3.056342e-01
3.508126903404842e-07	3.054595e-01	3.054235e-01	3.056331e-01
3.508284046261981e-07	3.054633e-01	3.054208e-01	3.056319e-01
3.508441189119120e-07	3.054674e-01	3.054186e-01	3.056308e-01
3.508598331976258e-07	3.054717e-01	3.054169e-01	3.056297e-01
3.508704046261970e-07	3.054746e-01	3.054162e-01	3.056289e-01
3.508809760547682e-07	3.054777e-01	3.054157e-01	3.056281e-01
3.508915474833393e-07	3.054808e-01	3.054156e-01	3.056274e-01
3.509021189119105e-07	3.054840e-01	3.054157e-01	3.056266e-01
3.509126903404816e-07	3.054872e-01	3.054162e-01	3.056259e-01
3.509232617690528e-07	3.054906e-01	3.054170e-01	3.056251e-01
3.509338331976240e-07	3.054940e-01	3.054180e-01	3.056244e-01
3.509481189119093e-07	3.054986e-01	3.054200e-01	3.056234e-01
3.509624046261947e-07	3.055034e-01	3.054225e-01	3.056224e-01
3.509766903404800e-07	3.055082e-01	3.054257e-01	3.056213e-01
3.509909760547654e-07	3.055131e-01	3.054294e-01	3.056203e-01
3.510052617690507e-07	3.055181e-01	3.054337e-01	3.056194e-01
3.510195474833361e-07	3.055231e-01	3.054386e-01	3.056184e-01
3.510338331976214e-07	3.055282e-01	3.054441e-01	3.056174e-01
3.510546903404781e-07	3.055357e-01	3.054532e-01	3.056159e-01
3.510755474833347e-07	3.055433e-01	3.054633e-01	3.056145e-01
3.510964046261913e-07	3.055508e-01	3.054744e-01	3.056131e-01
3.511172617690479e-07	3.055583e-01	3.054864e-01	3.056117e-01
3.511381189119045e-07	3.055659e-01	3.054995e-01	3.056103e-01
3.511589760547611e-07	3.055734e-01	3.055134e-01	3.056090e-01
3.511798331976177e-07	3.055810e-01	3.055284e-01	3.056076e-01
3.511858331976176e-07	3.055831e-01	3.055327e-01	3.056072e-01
3.512255474833309e-07	3.055973e-01	3.055649e-01	3.056047e-01
3.512652617690441e-07	3.056111e-01	3.055963e-01	3.056022e-01
3.513049760547574e-07	3.056243e-01	3.056271e-01	3.055997e-01
3.513446903404707e-07	3.056371e-01	3.056573e-01	3.055973e-01
3.513844046261840e-07	3.056494e-01	3.056867e-01	3.055950e-01
3.514241189118973e-07	3.056612e-01	3.057156e-01	3.055927e-01
3.514638331976105e-07	3.056725e-01	3.057437e-01	3.055905e-01
3.514835474833243e-07	3.056779e-01	3.057556e-01	3.055894e-01
3.515032617690381e-07	3.056831e-01	3.057664e-01	3.055883e-01
3.515229760547519e-07	3.056881e-01	3.057762e-01	3.055873e-01
3.515426903404657e-07	3.056930e-01	3.057848e-01	3.055862e-01
3.515624046261795e-07	3.056977e-01	3.057924e-01	3.055852e-01
3.515821189118933e-07	3.057023e-01	3.057989e-01	3.055841e-01
3.516018331976070e-07	3.057067e-01	3.058043e-01	3.055831e-01
3.516128331976068e-07	3.057091e-01	3.058067e-01	3.055826e-01
3.516238331976065e-07	3.057115e-01	3.058087e-01	3.055820e-01
3.516348331976062e-07	3.057138e-01	3.058103e-01	3.055815e-01
3.516458331976059e-07	3.057160e-01	3.058115e-01	3.055809e-01
3.516568331976057e-07	3.057182e-01	3.058123e-01	3.055804e-01
3.516678331976054e-07	3.057203e-01	3.058127e-01	3.055799e-01
3.516788331976051e-07	3.057224e-01	3.058127e-01	3.055793e-01
3.516928331976047e-07	3.057249e-01	3.058120e-01	3.055787e-01
3.517068331976044e-07	3.057274e-01	3.058107e-01	3.055780e-01
3.517208331976040e-07	3.057298e-01	3.058087e-01	3.055773e-01
3.517348331976037e-07	3.057321e-01	3.058061e-01	3.055767e-01
3.517488331976033e-07	3.057343e-01	3.058027e-01	3.055761e-01
3.517628331976030e-07	3.057364e-01	3.057987e-01	3.055754e-01
3.517768331976026e-07	3.057384e-01	3.057940e-01	3.055748e-01
3.518016903404591e-07	3.057417e-01	3.057839e-01	3.055737e-01
3.518265474833156e-07	3.057448e-01	3.057720e-01	3.055726e-01
3.518514046261722e-07	3.057475e-01	3.057582e-01	3.055716e-01
3.518762617690287e-07	3.057498e-01	3.057427e-01	3.055706e-01
3.519011189118852e-07	3.057519e-01	3.057254e-01	3.055696e-01
3.519259760547417e-07	3.057536e-01	3.057063e-01	3.055686e-01
3.519508331975982e-07	3.057550e-01	3.056854e-01	3.055676e-01
3.519756903404547e-07	3.057560e-01	3.056629e-01	3.055667e-01
3.520005474833112e-07	3.057566e-01	3.056395e-01	3.055657e-01
3.520254046261677e-07	3.057569e-01	3.056152e-01	3.055648e-01
3.520502617690243e-07	3.057567e-01	3.055899e-01	3.055640e-01
3.520751189118808e-07	3.057562e-01	3.055637e-01	3.055631e-01
3.520999760547373e-07	3.057554e-01	3.055366e-01	3.055623e-01
3.521248331975938e-07	3.057541e-01	3.055084e-01	3.055615e-01
3.521368331975935e-07	3.057533e-01	3.054948e-01	3.055611e-01
3.521488331975932e-07	3.057525e-01	3.054812e-01	3.055607e-01
3.521608331975929e-07	3.057516e-01	3.054675e-01	3.055603e-01
3.521728331975926e-07	3.057505e-01	3.054537e-01	3.055600e-01
3.521848331975923e-07	3.057494e-01	3.054399e-01	3.055596e-01
3.521968331975920e-07	3.057482e-01	3.054261e-01	3.055592e-01
3.522088331975917e-07	3.057469e-01	3.054122e-01	3.055589e-01
3.522098331975916e-07	3.057467e-01	3.054111e-01	3.055588e-01
3.522452617690193e-07	3.057423e-01	3.053695e-01	3.055578e-01
3.522806903404470e-07	3.057370e-01	3.053293e-01	3.055568e-01
3.523161189118747e-07	3.057310e-01	3.052905e-01	3.055559e-01
3.523515474833023e-07	3.057243e-01	3.052530e-01	3.055550e-01
3.523869760547300e-07	3.057167e-01	3.052169e-01	3.055541e-01
3.524224046261577e-07	3.057084e-01	3.051822e-01	3.055533e-01
3.524578331975854e-07	3.056994e-01	3.051488e-01	3.055525e-01
3.524874046261560e-07	3.056913e-01	3.051232e-01	3.055519e-01
3.525169760547267e-07	3.056828e-01	3.050996e-01	3.055512e-01
3.525465474832974e-07	3.056740e-01	3.050779e-01	3.055507e-01
3.525761189118681e-07	3.056647e-01	3.050582e-01	3.055501e-01
3.526056903404388e-07	3.056551e-01	3.050406e-01	3.055495e-01
3.526352617690094e-07	3.056451e-01	3.050248e-01	3.055490e-01
3.526648331975801e-07	3.056347e-01	3.050111e-01	3.055485e-01
3.526808331975797e-07	3.056290e-01	3.050047e-01	3.055483e-01
3.526818331975797e-07	3.056287e-01	3.050044e-01	3.055483e-01
3.526828331975797e-07	3.056283e-01	3.050041e-01	3.055483e-01
3.526838331975796e-07	3.056280e-01	3.050035e-01	3.055482e-01
3.526848331975796e-07	3.056276e-01	3.050030e-01	3.055482e-01
3.526858331975796e-07	3.056273e-01	3.050028e-01	3.055482e-01
3.526868331975796e-07	3.056269e-01	3.050025e-01	3.055482e-01
3.526878331975795e-07	3.056265e-01	3.050020e-01	3.055482e-01
3.526888331975795e-07	3.056262e-01	3.050017e-01	3.055481e-01
3.526981189118650e-07	3.056228e-01	3.049984e-01	3.055480e-01
3.527074046261505e-07	3.056195e-01	3.049954e-01	3.055478e-01
3.527166903404359e-07	3.056161e-01	3.049926e-01	3.055477e-01
3.527259760547214e-07	3.056128e-01	3.049900e-01	3.055476e-01
3.527352617690069e-07	3.056094e-01	3.049877e-01	3.055474e-01
3.527445474832924e-07	3.056061e-01	3.049857e-01	3.055473e-01
3.527538331975779e-07	3.056027e-01	3.049839e-01	3.055472e-01
3.527614046261491e-07	3.056000e-01	3.049827e-01	3.055471e-01
3.527689760547203e-07	3.055973e-01	3.049816e-01	3.055470e-01
3.527765474832916e-07	3.055945e-01	3.049806e-01	3.055468e-01
3.527841189118628e-07	3.055918e-01	3.049798e-01	3.055467e-01
3.527916903404340e-07	3.055890e-01	3.049792e-01	3.055466e-01
3.527992617690053e-07	3.055862e-01	3.049787e-01	3.055465e-01
3.528068331975765e-07	3.055834e-01	3.049784e-01	3.055464e-01
3.528134046261478e-07	3.055810e-01	3.049782e-01	3.055464e-01
3.528199760547190e-07	3.055786e-01	3.049781e-01	3.055463e-01
3.528265474832903e-07	3.055762e-01	3.049780e-01	3.055462e-01
3.528331189118616e-07	3.055738e-01	3.049780e-01	3.055461e-01
3.528396903404328e-07	3.055714e-01	3.049781e-01	3.055460e-01
3.528462617690041e-07	3.055690e-01	3.049783e-01	3.055460e-01
3.528528331975754e-07	3.055665e-01	3.049786e-01	3.055459e-01
3.528591189118609e-07	3.055642e-01	3.049789e-01	3.055458e-01
3.528654046261465e-07	3.055619e-01	3.049792e-01	3.055457e-01
3.528716903404320e-07	3.055596e-01	3.049796e-01	3.055456e-01
3.528779760547176e-07	3.055574e-01	3.049801e-01	3.055456e-01
3.528842617690031e-07	3.055551e-01	3.049806e-01	3.055455e-01
3.528905474832887e-07	3.055528e-01	3.049811e-01	3.055454e-01
3.528968331975742e-07	3.055506e-01	3.049817e-01	3.055454e-01
3.529049760547169e-07	3.055477e-01	3.049825e-01	3.055453e-01
3.529131189118595e-07	3.055448e-01	3.049835e-01	3.055452e-01
3.529212617690022e-07	3.055420e-01	3.049845e-01	3.055451e-01
3.529294046261448e-07	3.055392e-01	3.049857e-01	3.055450e-01
3.529375474832875e-07	3.055365e-01	3.049869e-01	3.055449e-01
3.529456903404301e-07	3.055338e-01	3.049883e-01	3.055448e-01
3.529538331975728e-07	3.055311e-01	3.049898e-01	3.055448e-01
3.529684046261439e-07	3.055264e-01	3.049926e-01	3.055446e-01
3.529829760547149e-07	3.055219e-01	3.049961e-01	3.055445e-01
3.529975474832860e-07	3.055176e-01	3.050003e-01	3.055444e-01
3.530121189118570e-07	3.055134e-01	3.050052e-01	3.055442e-01
3.530266903404281e-07	3.055094e-01	3.050107e-01	3.055441e-01
3.530412617689991e-07	3.055056e-01	3.050169e-01	3.055440e-01
3.530558331975702e-07	3.055019e-01	3.050238e-01	3.055439e-01
3.530682617689985e-07	3.054989e-01	3.050304e-01	3.055438e-01
3.530806903404267e-07	3.054960e-01	3.050377e-01	3.055437e-01
3.530931189118550e-07	3.054932e-01	3.050456e-01	3.055436e-01
3.531055474832832e-07	3.054905e-01	3.050541e-01	3.055435e-01
3.531179760547115e-07	3.054879e-01	3.050633e-01	3.055434e-01
3.531304046261397e-07	3.054854e-01	3.050731e-01	3.055433e-01
3.531428331975680e-07	3.054831e-01	3.050836e-01	3.055432e-01
3.531556903404248e-07	3.054807e-01	3.050951e-01	3.055432e-01
3.531685474832816e-07	3.054785e-01	3.051072e-01	3.055431e-01
3.531814046261385e-07	3.054763e-01	3.051197e-01	3.055430e-01
3.531942617689953e-07	3.054742e-01	3.051327e-01	3.055429e-01
3.532071189118521e-07	3.054721e-01	3.051461e-01	3.055429e-01
3.532199760547089e-07	3.054702e-01	3.051601e-01	3.055428e-01
3.532328331975657e-07	3.054683e-01	3.051745e-01	3.055427e-01
3.532338331975657e-07	3.054682e-01	3.051756e-01	3.055427e-01
3.532558331975651e-07	3.054652e-01	3.052015e-01	3.055426e-01
3.532778331975646e-07	3.054623e-01	3.052270e-01	3.055425e-01
3.532998331975640e-07	3.054597e-01	3.052522e-01	3.055424e-01
3.533218331975635e-07	3.054573e-01	3.052771e-01	3.055423e-01
3.533438331975629e-07	3.054550e-01	3.053017e-01	3.055423e-01
3.533658331975624e-07	3.054529e-01	3.053259e-01	3.055422e-01
3.533878331975618e-07	3.054510e-01	3.053498e-01	3.055421e-01
3.534035474832757e-07	3.054498e-01	3.053657e-01	3.055421e-01
3.534192617689896e-07	3.054487e-01	3.053808e-01	3.055421e-01
3.534349760547035e-07	3.054476e-01	3.053950e-01	3.055420e-01
3.534506903404173e-07	3.054467e-01	3.054084e-01	3.055420e-01
3.534664046261312e-07	3.054459e-01	3.054211e-01	3.055420e-01
3.534821189118451e-07	3.054452e-01	3.054329e-01	3.055419e-01
3.534978331975590e-07	3.054445e-01	3.054439e-01	3.055419e-01
3.535129760547015e-07	3.054440e-01	3.054535e-01	3.055419e-01
3.535281189118440e-07	3.054436e-01	3.054624e-01	3.055419e-01
3.535432617689864e-07	3.054433e-01	3.054705e-01	3.055419e-01
3.535584046261289e-07	3.054431e-01	3.054780e-01	3.055419e-01
3.535735474832714e-07	3.054430e-01	3.054846e-01	3.055419e-01
3.535886903404139e-07	3.054430e-01	3.054905e-01	3.055419e-01
3.536038331975563e-07	3.054431e-01	3.054957e-01	3.055418e-01
3.536259760546986e-07	3.054434e-01	3.055020e-01	3.055418e-01
3.536481189118409e-07	3.054440e-01	3.055075e-01	3.055418e-01
3.536702617689832e-07	3.054448e-01	3.055123e-01	3.055418e-01
3.536924046261255e-07	3.054458e-01	3.055163e-01	3.055418e-01
3.537145474832678e-07	3.054470e-01	3.055197e-01	3.055419e-01
3.537366903404101e-07	3.054485e-01	3.055224e-01	3.055419e-01
3.537588331975524e-07	3.054503e-01	3.055243e-01	3.055419e-01
3.537714046261235e-07	3.054513e-01	3.055255e-01	3.055419e-01
3.537839760546946e-07	3.054525e-01	3.055268e-01	3.055419e-01
3.537965474832657e-07	3.054538e-01	3.055281e-01	3.055420e-01
3.538091189118368e-07	3.054551e-01	3.055295e-01	3.055420e-01
3.538216903404079e-07	3.054566e-01	3.055309e-01	3.055420e-01
3.538342617689791e-07	3.054581e-01	3.055323e-01	3.055420e-01
3.538468331975502e-07	3.054597e-01	3.055337e-01	3.055421e-01
3.538599760546927e-07	3.054615e-01	3.055354e-01	3.055421e-01
3.538731189118352e-07	3.054634e-01	3.055372e-01	3.055421e-01
3.538862617689777e-07	3.054654e-01	3.055392e-01	3.055421e-01
3.538994046261203e-07	3.054675e-01	3.055414e-01	3.055422e-01
3.539125474832628e-07	3.054697e-01	3.055437e-01	3.055422e-01
3.539256903404053e-07	3.054720e-01	3.055462e-01	3.055422e-01
3.539388331975478e-07	3.054744e-01	3.055488e-01	3.055423e-01
3.539558331975474e-07	3.054778e-01	3.055526e-01	3.055423e-01
3.539728331975470e-07	3.054813e-01	3.055566e-01	3.055423e-01
3.539898331975465e-07	3.054851e-01	3.055609e-01	3.055424e-01
3.540068331975461e-07	3.054890e-01	3.055654e-01	3.055424e-01
3.540238331975457e-07	3.054932e-01	3.055703e-01	3.055425e-01
3.540408331975453e-07	3.054976e-01	3.055754e-01	3.055425e-01
3.540578331975448e-07	3.055021e-01	3.055808e-01	3.055426e-01
3.540862617689727e-07	3.055104e-01	3.055906e-01	3.055427e-01
3.541146903404005e-07	3.055192e-01	3.056005e-01	3.055428e-01
3.541431189118284e-07	3.055287e-01	3.056106e-01	3.055429e-01
3.541715474832562e-07	3.055389e-01	3.056207e-01	3.055430e-01
3.541999760546841e-07	3.055497e-01	3.056309e-01	3.055431e-01
3.542284046261119e-07	3.055612e-01	3.056412e-01	3.055432e-01
3.542568331975398e-07	3.055733e-01	3.056517e-01	3.055433e-01
3.542578331975398e-07	3.055737e-01	3.056521e-01	3.055433e-01
3.542784046261107e-07	3.055829e-01	3.056592e-01	3.055434e-01
3.542989760546816e-07	3.055923e-01	3.056660e-01	3.055435e-01
3.543195474832525e-07	3.056020e-01	3.056726e-01	3.055436e-01
3.543401189118234e-07	3.056120e-01	3.056788e-01	3.055436e-01
3.543606903403943e-07	3.056222e-01	3.056847e-01	3.055437e-01
3.543812617689652e-07	3.056328e-01	3.056904e-01	3.055438e-01
3.544018331975361e-07	3.056435e-01	3.056957e-01	3.055439e-01
3.544208331975356e-07	3.056536e-01	3.057002e-01	3.055440e-01
3.544398331975351e-07	3.056639e-01	3.057045e-01	3.055441e-01
3.544588331975347e-07	3.056742e-01	3.057085e-01	3.055442e-01
3.544778331975342e-07	3.056846e-01	3.057122e-01	3.055442e-01
3.544968331975337e-07	3.056952e-01	3.057157e-01	3.055443e-01
3.545158331975332e-07	3.057058e-01	3.057189e-01	3.055444e-01
3.545348331975327e-07	3.057166e-01	3.057218e-01	3.055445e-01
3.545599760546750e-07	3.057309e-01	3.057252e-01	3.055446e-01
3.545851189118172e-07	3.057451e-01	3.057285e-01	3.055448e-01
3.546102617689594e-07	3.057591e-01	3.057317e-01	3.055449e-01
3.546354046261016e-07	3.057730e-01	3.057348e-01	3.055450e-01
3.546605474832438e-07	3.057868e-01	3.057377e-01	3.055451e-01
3.546856903403861e-07	3.058004e-01	3.057406e-01	3.055452e-01
3.547108331975283e-07	3.058139e-01	3.057433e-01	3.055454e-01
3.547346903403848e-07	3.058263e-01	3.057461e-01	3.055455e-01
3.547585474832414e-07	3.058384e-01	3.057493e-01	3.055456e-01
3.547824046260979e-07	3.058500e-01	3.057529e-01	3.055457e-01
3.548062617689544e-07	3.058611e-01	3.057569e-01	3.055458e-01
3.548301189118110e-07	3.058719e-01	3.057613e-01	3.055460e-01
3.548539760546675e-07	3.058822e-01	3.057661e-01	3.055461e-01
3.548778331975240e-07	3.058920e-01	3.057713e-01	3.055462e-01
3.549014046260949e-07	3.059012e-01	3.057771e-01	3.055463e-01
3.549249760546657e-07	3.059097e-01	3.057836e-01	3.055464e-01
3.549485474832365e-07	3.059176e-01	3.057907e-01	3.055465e-01
3.549721189118074e-07	3.059249e-01	3.057985e-01	3.055466e-01
3.549956903403782e-07	3.059316e-01	3.058070e-01	3.055468e-01
3.550192617689490e-07	3.059377e-01	3.058162e-01	3.055469e-01
3.550428331975199e-07	3.059431e-01	3.058261e-01	3.055470e-01
3.550632617689479e-07	3.059472e-01	3.058353e-01	3.055471e-01
3.550836903403760e-07	3.059508e-01	3.058450e-01	3.055472e-01
3.551041189118040e-07	3.059539e-01	3.058552e-01	3.055473e-01
3.551245474832321e-07	3.059565e-01	3.058658e-01	3.055474e-01
3.551449760546601e-07	3.059585e-01	3.058770e-01	3.055475e-01
3.551654046260882e-07	3.059601e-01	3.058886e-01	3.055476e-01
3.551858331975162e-07	3.059611e-01	3.059008e-01	3.055477e-01
3.551981189118016e-07	3.059614e-01	3.059083e-01	3.055477e-01
3.552104046260870e-07	3.059616e-01	3.059159e-01	3.055478e-01
3.552226903403725e-07	3.059616e-01	3.059237e-01	3.055479e-01
3.552349760546579e-07	3.059614e-01	3.059316e-01	3.055479e-01
3.552472617689433e-07	3.059610e-01	3.059396e-01	3.055480e-01
3.552595474832287e-07	3.059605e-01	3.059477e-01	3.055480e-01
3.552718331975141e-07	3.059597e-01	3.059560e-01	3.055481e-01
3.552818331975138e-07	3.059590e-01	3.059628e-01	3.055481e-01
3.553122617689416e-07	3.059559e-01	3.059842e-01	3.055483e-01
3.553426903403694e-07	3.059519e-01	3.060056e-01	3.055484e-01
3.553731189117972e-07	3.059469e-01	3.060271e-01	3.055486e-01
3.554035474832250e-07	3.059411e-01	3.060487e-01	3.055487e-01
3.554339760546528e-07	3.059342e-01	3.060703e-01	3.055488e-01
3.554644046260806e-07	3.059264e-01	3.060921e-01	3.055490e-01
3.554948331975084e-07	3.059177e-01	3.061138e-01	3.055491e-01
3.555319760546503e-07	3.059059e-01	3.061399e-01	3.055492e-01
3.555691189117922e-07	3.058933e-01	3.061643e-01	3.055494e-01
3.556062617689342e-07	3.058799e-01	3.061872e-01	3.055496e-01
3.556434046260761e-07	3.058658e-01	3.062084e-01	3.055497e-01
3.556805474832180e-07	3.058508e-01	3.062280e-01	3.055499e-01
3.557176903403599e-07	3.058351e-01	3.062461e-01	3.055500e-01
3.557548331975018e-07	3.058186e-01	3.062625e-01	3.055502e-01
3.557784046260727e-07	3.058081e-01	3.062714e-01	3.055503e-01
3.558019760546435e-07	3.057974e-01	3.062793e-01	3.055504e-01
3.558255474832143e-07	3.057866e-01	3.062861e-01	3.055505e-01
3.558491189117852e-07	3.057758e-01	3.062918e-01	3.055506e-01
3.558726903403560e-07	3.057649e-01	3.062965e-01	3.055506e-01
3.558962617689268e-07	3.057539e-01	3.063002e-01	3.055507e-01
3.559198331974976e-07	3.057429e-01	3.063027e-01	3.055508e-01
3.559365474832115e-07	3.057350e-01	3.063038e-01	3.055509e-01
3.559532617689254e-07	3.057272e-01	3.063043e-01	3.055509e-01
3.559699760546392e-07	3.057195e-01	3.063042e-01	3.055510e-01
3.559866903403531e-07	3.057117e-01	3.063035e-01	3.055511e-01
3.560034046260670e-07	3.057040e-01	3.063023e-01	3.055511e-01
3.560201189117808e-07	3.056963e-01	3.063005e-01	3.055512e-01
3.560368331974947e-07	3.056886e-01	3.062980e-01	3.055512e-01
3.560666903403511e-07	3.056750e-01	3.062922e-01	3.055513e-01
3.560965474832075e-07	3.056617e-01	3.062846e-01	3.055514e-01
3.561264046260638e-07	3.056486e-01	3.062752e-01	3.055515e-01
3.561562617689202e-07	3.056357e-01	3.062641e-01	3.055516e-01
3.561861189117766e-07	3.056231e-01	3.062512e-01	3.055517e-01
3.562159760546330e-07	3.056108e-01	3.062366e-01	3.055518e-01
3.562458331974894e-07	3.055987e-01	3.062202e-01	3.055519e-01
3.563058331974879e-07	3.055756e-01	3.061828e-01	3.055521e-01
3.563552617689152e-07	3.055576e-01	3.061466e-01	3.055522e-01
3.564046903403425e-07	3.055407e-01	3.061078e-01	3.055524e-01
3.564541189117698e-07	3.055250e-01	3.060665e-01	3.055525e-01
3.565035474831971e-07	3.055103e-01	3.060227e-01	3.055526e-01
3.565529760546245e-07	3.054968e-01	3.059763e-01	3.055528e-01
3.566024046260518e-07	3.054844e-01	3.059274e-01	3.055529e-01
3.566518331974791e-07	3.054731e-01	3.058760e-01	3.055530e-01
3.567059760546206e-07	3.054621e-01	3.058184e-01	3.055531e-01
3.567601189117621e-07	3.054524e-01	3.057614e-01	3.055533e-01
3.568142617689036e-07	3.054437e-01	3.057049e-01	3.055534e-01
3.568684046260450e-07	3.054363e-01	3.056489e-01	3.055535e-01
3.569225474831865e-07	3.054300e-01	3.055934e-01	3.055536e-01
3.569766903403280e-07	3.054248e-01	3.055384e-01	3.055537e-01
3.570308331974695e-07	3.054208e-01	3.054840e-01	3.055538e-01
3.570719760546113e-07	3.054184e-01	3.054446e-01	3.055539e-01
3.571131189117531e-07	3.054164e-01	3.054067e-01	3.055540e-01
3.571542617688949e-07	3.054148e-01	3.053704e-01	3.055540e-01
3.571954046260368e-07	3.054137e-01	3.053357e-01	3.055541e-01
3.572365474831786e-07	3.054130e-01	3.053025e-01	3.055542e-01
3.572776903403204e-07	3.054128e-01	3.052709e-01	3.055542e-01
3.573188331974622e-07	3.054129e-01	3.052409e-01	3.055543e-01
3.573298331974619e-07	3.054130e-01	3.052333e-01	3.055543e-01
3.573704046260323e-07	3.054136e-01	3.052062e-01	3.055544e-01
3.574109760546027e-07	3.054144e-01	3.051810e-01	3.055544e-01
3.574515474831731e-07	3.054154e-01	3.051577e-01	3.055545e-01
3.574921189117435e-07	3.054167e-01	3.051363e-01	3.055545e-01
3.575326903403139e-07	3.054182e-01	3.051169e-01	3.055546e-01
3.575732617688843e-07	3.054199e-01	3.050993e-01	3.055546e-01
3.576138331974547e-07	3.054218e-01	3.050836e-01	3.055547e-01
3.576552617688822e-07	3.054239e-01	3.050697e-01	3.055547e-01
3.576966903403098e-07	3.054262e-01	3.050576e-01	3.055548e-01
3.577381189117373e-07	3.054285e-01	3.050474e-01	3.055548e-01
3.577795474831648e-07	3.054309e-01	3.050390e-01	3.055549e-01
3.578209760545923e-07	3.054334e-01	3.050324e-01	3.055549e-01
3.578624046260199e-07	3.054360e-01	3.050277e-01	3.055549e-01
3.579038331974474e-07	3.054387e-01	3.050248e-01	3.055550e-01
3.579442617688749e-07	3.054413e-01	3.050236e-01	3.055550e-01
3.579846903403025e-07	3.054440e-01	3.050237e-01	3.055550e-01
3.580251189117300e-07	3.054467e-01	3.050252e-01	3.055551e-01
3.580655474831576e-07	3.054494e-01	3.050280e-01	3.055551e-01
3.581059760545851e-07	3.054521e-01	3.050321e-01	3.055551e-01
3.581464046260127e-07	3.054548e-01	3.050376e-01	3.055551e-01
3.581868331974402e-07	3.054575e-01	3.050444e-01	3.055552e-01
3.582105474831539e-07	3.054591e-01	3.050488e-01	3.055552e-01
3.582342617688676e-07	3.054606e-01	3.050536e-01	3.055552e-01
3.582579760545813e-07	3.054622e-01	3.050587e-01	3.055552e-01
3.582816903402949e-07	3.054637e-01	3.050640e-01	3.055552e-01
3.583054046260086e-07	3.054653e-01	3.050698e-01	3.055552e-01
3.583291189117223e-07	3.054668e-01	3.050758e-01	3.055552e-01
3.583528331974360e-07	3.054683e-01	3.050821e-01	3.055553e-01
3.583538331974360e-07	3.054684e-01	3.050824e-01	3.055553e-01
3.583922617688636e-07	3.054708e-01	3.050933e-01	3.055553e-01
3.584306903402912e-07	3.054732e-01	3.051048e-01	3.055553e-01
3.584691189117188e-07	3.054755e-01	3.051168e-01	3.055553e-01
3.585075474831464e-07	3.054778e-01	3.051292e-01	3.055554e-01
3.585459760545740e-07	3.054801e-01	3.051422e-01	3.055554e-01
3.585844046260016e-07	3.054824e-01	3.051556e-01	3.055554e-01
3.586228331974292e-07	3.054846e-01	3.051696e-01	3.055554e-01
3.586275474831433e-07	3.054848e-01	3.051713e-01	3.055554e-01
3.586322617688575e-07	3.054851e-01	3.051730e-01	3.055554e-01
3.586369760545717e-07	3.054854e-01	3.051747e-01	3.055554e-01
3.586416903402858e-07	3.054856e-01	3.051765e-01	3.055554e-01
3.586464046260000e-07	3.054859e-01	3.051782e-01	3.055554e-01
3.586511189117142e-07	3.054862e-01	3.051799e-01	3.055554e-01
3.586558331974283e-07	3.054864e-01	3.051817e-01	3.055554e-01
3.586622617688567e-07	3.054868e-01	3.051841e-01	3.055555e-01
3.586686903402851e-07	3.054871e-01	3.051865e-01	3.055555e-01
3.586751189117136e-07	3.054875e-01	3.051889e-01	3.055555e-01
3.586815474831420e-07	3.054878e-01	3.051913e-01	3.055555e-01
3.586879760545704e-07	3.054882e-01	3.051937e-01	3.055556e-01
3.586944046259988e-07	3.054885e-01	3.051961e-01	3.055556e-01
3.587008331974272e-07	3.054889e-01	3.051985e-01	3.055557e-01
3.587089760545698e-07	3.054893e-01	3.052016e-01	3.055558e-01
3.587171189117125e-07	3.054898e-01	3.052047e-01	3.055559e-01
3.587252617688551e-07	3.054902e-01	3.052078e-01	3.055560e-01
3.587334046259978e-07	3.054907e-01	3.052109e-01	3.055561e-01
3.587415474831404e-07	3.054911e-01	3.052140e-01	3.055563e-01
3.587496903402831e-07	3.054915e-01	3.052171e-01	3.055565e-01
3.587578331974257e-07	3.054919e-01	3.052202e-01	3.055567e-01
3.587908331974249e-07	3.054936e-01	3.052330e-01	3.055576e-01
3.588238331974241e-07	3.054953e-01	3.052457e-01	3.055588e-01
3.588568331974232e-07	3.054970e-01	3.052585e-01	3.055604e-01
3.588898331974224e-07	3.054986e-01	3.052713e-01	3.055622e-01
3.589228331974216e-07	3.055002e-01	3.052841e-01	3.055644e-01
3.589558331974207e-07	3.055018e-01	3.052969e-01	3.055669e-01
3.589888331974199e-07	3.055033e-01	3.053098e-01	3.055696e-01
3.590102617688479e-07	3.055042e-01	3.053180e-01	3.055716e-01
3.590316903402759e-07	3.055052e-01	3.053263e-01	3.055736e-01
3.590531189117040e-07	3.055061e-01	3.053344e-01	3.055757e-01
3.590745474831320e-07	3.055071e-01	3.053426e-01	3.055779e-01
3.590959760545600e-07	3.055080e-01	3.053506e-01	3.055802e-01
3.591174046259881e-07	3.055089e-01	3.053587e-01	3.055825e-01
3.591388331974161e-07	3.055098e-01	3.053666e-01	3.055850e-01
3.591625474831298e-07	3.055108e-01	3.053754e-01	3.055877e-01
3.591862617688435e-07	3.055118e-01	3.053840e-01	3.055903e-01
3.592099760545571e-07	3.055127e-01	3.053926e-01	3.055929e-01
3.592336903402708e-07	3.055136e-01	3.054011e-01	3.055954e-01
3.592574046259845e-07	3.055146e-01	3.054094e-01	3.055978e-01
3.592811189116982e-07	3.055155e-01	3.054177e-01	3.056002e-01
3.593048331974119e-07	3.055163e-01	3.054259e-01	3.056025e-01
3.593151189116973e-07	3.055167e-01	3.054294e-01	3.056034e-01
3.593254046259828e-07	3.055171e-01	3.054329e-01	3.056043e-01
3.593356903402682e-07	3.055175e-01	3.054363e-01	3.056052e-01
3.593459760545537e-07	3.055179e-01	3.054398e-01	3.056061e-01
3.593562617688392e-07	3.055182e-01	3.054432e-01	3.056069e-01
3.593665474831246e-07	3.055186e-01	3.054466e-01	3.056077e-01
3.593768331974101e-07	3.055190e-01	3.054500e-01	3.056085e-01
3.593778331974100e-07	3.055190e-01	3.054503e-01	3.056085e-01
3.594045474831236e-07	3.055199e-01	3.054590e-01	3.056104e-01
3.594312617688373e-07	3.055208e-01	3.054674e-01	3.056121e-01
3.594579760545509e-07	3.055218e-01	3.054758e-01	3.056135e-01
3.594846903402645e-07	3.055226e-01	3.054839e-01	3.056148e-01
3.595114046259781e-07	3.055235e-01	3.054919e-01	3.056158e-01
3.595381189116917e-07	3.055244e-01	3.054997e-01	3.056167e-01
3.595648331974053e-07	3.055252e-01	3.055073e-01	3.056173e-01
3.596838331974023e-07	3.055288e-01	3.055392e-01	3.056179e-01
3.597201189116871e-07	3.055299e-01	3.055481e-01	3.056174e-01
3.597564046259719e-07	3.055309e-01	3.055568e-01	3.056164e-01
3.597926903402567e-07	3.055319e-01	3.055651e-01	3.056151e-01
3.598289760545415e-07	3.055328e-01	3.055730e-01	3.056133e-01
3.598652617688263e-07	3.055338e-01	3.055806e-01	3.056112e-01
3.599015474831111e-07	3.055347e-01	3.055879e-01	3.056087e-01
3.599378331973958e-07	3.055356e-01	3.055948e-01	3.056058e-01
3.599658331973951e-07	3.055363e-01	3.055999e-01	3.056033e-01
3.599938331973944e-07	3.055370e-01	3.056048e-01	3.056005e-01
3.600218331973937e-07	3.055376e-01	3.056096e-01	3.055975e-01
3.600498331973930e-07	3.055383e-01	3.056141e-01	3.055943e-01
3.600778331973923e-07	3.055389e-01	3.056184e-01	3.055909e-01
3.601058331973916e-07	3.055395e-01	3.056226e-01	3.055873e-01
3.601338331973909e-07	3.055401e-01	3.056265e-01	3.055834e-01
3.601719760545328e-07	3.055409e-01	3.056316e-01	3.055778e-01
3.602101189116747e-07	3.055417e-01	3.056364e-01	3.055722e-01
3.602482617688166e-07	3.055425e-01	3.056408e-01	3.055664e-01
3.602864046259584e-07	3.055432e-01	3.056449e-01	3.055605e-01
3.603245474831003e-07	3.055439e-01	3.056487e-01	3.055545e-01
3.603626903402422e-07	3.055446e-01	3.056522e-01	3.055485e-01
3.604008331973841e-07	3.055453e-01	3.056554e-01	3.055423e-01
3.604018331973841e-07	3.055453e-01	3.056554e-01	3.055422e-01
3.604331189116690e-07	3.055459e-01	3.056578e-01	3.055374e-01
3.604644046259539e-07	3.055464e-01	3.056600e-01	3.055327e-01
3.604956903402389e-07	3.055469e-01	3.056620e-01	3.055283e-01
3.605269760545238e-07	3.055474e-01	3.056639e-01	3.055240e-01
3.605582617688087e-07	3.055479e-01	3.056655e-01	3.055200e-01
3.605895474830936e-07	3.055484e-01	3.056670e-01	3.055162e-01
3.606208331973785e-07	3.055489e-01	3.056683e-01	3.055125e-01
3.606466903402350e-07	3.055493e-01	3.056693e-01	3.055098e-01
3.606725474830915e-07	3.055496e-01	3.056701e-01	3.055072e-01
3.606984046259480e-07	3.055500e-01	3.056709e-01	3.055049e-01
3.607242617688045e-07	3.055504e-01	3.056715e-01	3.055027e-01
3.607501189116610e-07	3.055507e-01	3.056721e-01	3.055007e-01
3.607759760545175e-07	3.055511e-01	3.056726e-01	3.054989e-01
3.608018331973740e-07	3.055514e-01	3.056729e-01	3.054973e-01
3.608264046259448e-07	3.055517e-01	3.056732e-01	3.054960e-01
3.608509760545156e-07	3.055520e-01	3.056734e-01	3.054948e-01
3.608755474830864e-07	3.055523e-01	3.056735e-01	3.054937e-01
3.609001189116572e-07	3.055526e-01	3.056735e-01	3.054928e-01
3.609246903402280e-07	3.055529e-01	3.056735e-01	3.054919e-01
3.609492617687988e-07	3.055531e-01	3.056734e-01	3.054913e-01
3.609738331973696e-07	3.055534e-01	3.056732e-01	3.054907e-01
3.610029760545117e-07	3.055537e-01	3.056729e-01	3.054902e-01
3.610321189116538e-07	3.055540e-01	3.056725e-01	3.054898e-01
3.610612617687960e-07	3.055543e-01	3.056721e-01	3.054895e-01
3.610904046259381e-07	3.055546e-01	3.056716e-01	3.054892e-01
3.611195474830802e-07	3.055549e-01	3.056710e-01	3.054890e-01
3.611486903402223e-07	3.055551e-01	3.056703e-01	3.054889e-01
3.611778331973644e-07	3.055554e-01	3.056695e-01	3.054889e-01
3.611955474830783e-07	3.055556e-01	3.056690e-01	3.054888e-01
3.612132617687921e-07	3.055557e-01	3.056685e-01	3.054887e-01
3.612309760545059e-07	3.055559e-01	3.056679e-01	3.054887e-01
3.612486903402198e-07	3.055560e-01	3.056674e-01	3.054886e-01
3.612664046259336e-07	3.055562e-01	3.056668e-01	3.054885e-01
3.612841189116475e-07	3.055563e-01	3.056662e-01	3.054884e-01
3.613018331973613e-07	3.055564e-01	3.056656e-01	3.054883e-01
3.613194046259323e-07	3.055565e-01	3.056649e-01	3.054882e-01
3.613369760545033e-07	3.055567e-01	3.056643e-01	3.054880e-01
3.613545474830742e-07	3.055568e-01	3.056636e-01	3.054878e-01
3.613721189116452e-07	3.055569e-01	3.056629e-01	3.054876e-01
3.613896903402162e-07	3.055571e-01	3.056622e-01	3.054873e-01
3.614072617687872e-07	3.055572e-01	3.056615e-01	3.054871e-01
3.614248331973582e-07	3.055573e-01	3.056607e-01	3.054868e-01
3.614258331973581e-07	3.055573e-01	3.056607e-01	3.054867e-01
3.614485474830719e-07	3.055574e-01	3.056597e-01	3.054863e-01
3.614712617687856e-07	3.055576e-01	3.056587e-01	3.054858e-01
3.614939760544993e-07	3.055577e-01	3.056577e-01	3.054852e-01
3.615166903402130e-07	3.055579e-01	3.056566e-01	3.054846e-01
3.615394046259267e-07	3.055580e-01	3.056556e-01	3.054839e-01
3.615621189116404e-07	3.055581e-01	3.056545e-01	3.054832e-01
3.615848331973541e-07	3.055582e-01	3.056534e-01	3.054824e-01
3.616154046259248e-07	3.055584e-01	3.056519e-01	3.054812e-01
3.616459760544954e-07	3.055585e-01	3.056503e-01	3.054800e-01
3.616765474830661e-07	3.055587e-01	3.056488e-01	3.054786e-01
3.617071189116367e-07	3.055588e-01	3.056472e-01	3.054772e-01
3.617376903402074e-07	3.055589e-01	3.056456e-01	3.054758e-01
3.617682617687780e-07	3.055591e-01	3.056440e-01	3.054742e-01
3.617988331973487e-07	3.055592e-01	3.056424e-01	3.054726e-01
3.618258331973480e-07	3.055593e-01	3.056409e-01	3.054712e-01
3.618268331973480e-07	3.055593e-01	3.056409e-01	3.054712e-01
3.618288331973479e-07	3.055593e-01	3.056408e-01	3.054711e-01
3.618308331973479e-07	3.055593e-01	3.056406e-01	3.054709e-01
3.618329760544907e-07	3.055593e-01	3.056405e-01	3.054708e-01
3.618351189116335e-07	3.055593e-01	3.056404e-01	3.054707e-01
3.618372617687763e-07	3.055593e-01	3.056403e-01	3.054706e-01
3.618394046259191e-07	3.055593e-01	3.056402e-01	3.054705e-01
3.618415474830619e-07	3.055593e-01	3.056401e-01	3.054704e-01
3.618436903402047e-07	3.055593e-01	3.056400e-01	3.054703e-01
3.618458331973475e-07	3.055593e-01	3.056398e-01	3.054702e-01
3.618574046259186e-07	3.055594e-01	3.056392e-01	3.054696e-01
3.618689760544898e-07	3.055594e-01	3.056386e-01	3.054689e-01
3.618805474830609e-07	3.055594e-01	3.056380e-01	3.054683e-01
3.618921189116320e-07	3.055595e-01	3.056373e-01	3.054676e-01
3.619036903402032e-07	3.055595e-01	3.056367e-01	3.054669e-01
3.619152617687743e-07	3.055595e-01	3.056361e-01	3.054662e-01
3.619268331973455e-07	3.055596e-01	3.056355e-01	3.054655e-01
3.619484046259163e-07	3.055596e-01	3.056343e-01	3.054641e-01
3.619699760544872e-07	3.055597e-01	3.056331e-01	3.054626e-01
3.619915474830581e-07	3.055598e-01	3.056319e-01	3.054610e-01
3.620131189116290e-07	3.055598e-01	3.056307e-01	3.054594e-01
3.620346903401999e-07	3.055599e-01	3.056295e-01	3.054577e-01
3.620562617687707e-07	3.055599e-01	3.056284e-01	3.054559e-01
3.620778331973416e-07	3.055599e-01	3.056272e-01	3.054541e-01
3.621019760544839e-07	3.055600e-01	3.056259e-01	3.054520e-01
3.621261189116261e-07	3.055600e-01	3.056246e-01	3.054498e-01
3.621502617687684e-07	3.055601e-01	3.056233e-01	3.054476e-01
3.621744046259106e-07	3.055601e-01	3.056220e-01	3.054452e-01
3.621985474830529e-07	3.055601e-01	3.056207e-01	3.054428e-01
3.622226903401951e-07	3.055602e-01	3.056194e-01	3.054402e-01
3.622468331973373e-07	3.055602e-01	3.056181e-01	3.054376e-01
3.622662617687654e-07	3.055602e-01	3.056171e-01	3.054354e-01
3.622856903401935e-07	3.055602e-01	3.056161e-01	3.054331e-01
3.623051189116216e-07	3.055602e-01	3.056150e-01	3.054308e-01
3.623245474830497e-07	3.055602e-01	3.056140e-01	3.054284e-01
3.623439760544777e-07	3.055602e-01	3.056130e-01	3.054260e-01
3.623634046259058e-07	3.055603e-01	3.056120e-01	3.054236e-01
3.623828331973339e-07	3.055603e-01	3.056110e-01	3.054211e-01
3.623922617687622e-07	3.055603e-01	3.056105e-01	3.054200e-01
3.624016903401906e-07	3.055603e-01	3.056101e-01	3.054188e-01
3.624111189116189e-07	3.055603e-01	3.056096e-01	3.054176e-01
3.624205474830472e-07	3.055603e-01	3.056091e-01	3.054165e-01
3.624299760544756e-07	3.055603e-01	3.056086e-01	3.054153e-01
3.624394046259039e-07	3.055603e-01	3.056082e-01	3.054142e-01
3.624488331973322e-07	3.055603e-01	3.056077e-01	3.054130e-01
3.624498331973322e-07	3.055603e-01	3.056076e-01	3.054129e-01
3.624696903401888e-07	3.055603e-01	3.056066e-01	3.054106e-01
3.624895474830455e-07	3.055603e-01	3.056057e-01	3.054084e-01
3.625094046259021e-07	3.055603e-01	3.056047e-01	3.054063e-01
3.625292617687588e-07	3.055603e-01	3.056037e-01	3.054044e-01
3.625491189116154e-07	3.055603e-01	3.056028e-01	3.054026e-01
3.625689760544720e-07	3.055603e-01	3.056018e-01	3.054010e-01
3.625888331973287e-07	3.055603e-01	3.056009e-01	3.053995e-01
3.626031189116140e-07	3.055603e-01	3.056002e-01	3.053985e-01
3.626174046258994e-07	3.055602e-01	3.055995e-01	3.053977e-01
3.626316903401847e-07	3.055602e-01	3.055989e-01	3.053969e-01
3.626459760544701e-07	3.055602e-01	3.055982e-01	3.053963e-01
3.626602617687554e-07	3.055602e-01	3.055976e-01	3.053957e-01
3.626745474830408e-07	3.055602e-01	3.055969e-01	3.053953e-01
3.626888331973261e-07	3.055602e-01	3.055963e-01	3.053949e-01
3.627015474830401e-07	3.055602e-01	3.055957e-01	3.053947e-01
3.627142617687541e-07	3.055602e-01	3.055952e-01	3.053946e-01
3.627269760544680e-07	3.055602e-01	3.055946e-01	3.053946e-01
3.627396903401820e-07	3.055602e-01	3.055940e-01	3.053946e-01
3.627524046258960e-07	3.055601e-01	3.055935e-01	3.053947e-01
3.627651189116099e-07	3.055601e-01	3.055929e-01	3.053949e-01
3.627778331973239e-07	3.055601e-01	3.055924e-01	3.053952e-01
3.628165474830372e-07	3.055601e-01	3.055908e-01	3.053966e-01
3.628552617687505e-07	3.055600e-01	3.055891e-01	3.053986e-01
3.628939760544638e-07	3.055600e-01	3.055876e-01	3.054012e-01
3.629326903401771e-07	3.055599e-01	3.055861e-01	3.054044e-01
3.629714046258904e-07	3.055599e-01	3.055846e-01	3.054081e-01
3.630101189116037e-07	3.055598e-01	3.055831e-01	3.054124e-01
3.630488331973170e-07	3.055598e-01	3.055817e-01	3.054173e-01
3.631094046258869e-07	3.055596e-01	3.055796e-01	3.054258e-01
3.631699760544568e-07	3.055595e-01	3.055775e-01	3.054352e-01
3.632305474830267e-07	3.055594e-01	3.055756e-01	3.054455e-01
3.632911189115966e-07	3.055593e-01	3.055737e-01	3.054568e-01
3.633516903401665e-07	3.055592e-01	3.055719e-01	3.054689e-01
3.634122617687364e-07	3.055591e-01	3.055702e-01	3.054819e-01
3.634728331973063e-07	3.055589e-01	3.055686e-01	3.054959e-01
3.634738331973063e-07	3.055589e-01	3.055686e-01	3.054961e-01
3.635551189115899e-07	3.055587e-01	3.055666e-01	3.055169e-01
3.636364046258736e-07	3.055586e-01	3.055648e-01	3.055374e-01
3.637176903401572e-07	3.055584e-01	3.055630e-01	3.055577e-01
3.637989760544409e-07	3.055582e-01	3.055614e-01	3.055777e-01
3.638802617687245e-07	3.055580e-01	3.055600e-01	3.055976e-01
3.639615474830082e-07	3.055578e-01	3.055587e-01	3.056172e-01
3.640428331972918e-07	3.055577e-01	3.055575e-01	3.056366e-01
3.640835474830051e-07	3.055576e-01	3.055569e-01	3.056451e-01
3.641242617687184e-07	3.055575e-01	3.055564e-01	3.056532e-01
3.641649760544316e-07	3.055574e-01	3.055559e-01	3.056608e-01
3.642056903401449e-07	3.055573e-01	3.055554e-01	3.056679e-01
3.642464046258581e-07	3.055572e-01	3.055550e-01	3.056745e-01
3.642871189115714e-07	3.055571e-01	3.055546e-01	3.056807e-01
3.643278331972846e-07	3.055570e-01	3.055542e-01	3.056863e-01
3.643519760544269e-07	3.055570e-01	3.055539e-01	3.056894e-01
3.643761189115691e-07	3.055569e-01	3.055537e-01	3.056923e-01
3.644002617687114e-07	3.055569e-01	3.055535e-01	3.056951e-01
3.644244046258536e-07	3.055568e-01	3.055533e-01	3.056976e-01
3.644485474829958e-07	3.055568e-01	3.055531e-01	3.057000e-01
3.644726903401381e-07	3.055567e-01	3.055529e-01	3.057023e-01
3.644968331972803e-07	3.055567e-01	3.055527e-01	3.057044e-01
3.644978331972803e-07	3.055567e-01	3.055527e-01	3.057044e-01
3.645495474829933e-07	3.055566e-01	3.055524e-01	3.057082e-01
3.646012617687063e-07	3.055565e-01	3.055520e-01	3.057115e-01
3.646529760544192e-07	3.055564e-01	3.055517e-01	3.057141e-01
3.647046903401322e-07	3.055563e-01	3.055514e-01	3.057162e-01
3.647564046258452e-07	3.055562e-01	3.055512e-01	3.057177e-01
3.648081189115582e-07	3.055561e-01	3.055509e-01	3.057187e-01
3.648598331972711e-07	3.055560e-01	3.055508e-01	3.057191e-01
3.648828331972706e-07	3.055560e-01	3.055507e-01	3.057192e-01
3.649058331972700e-07	3.055559e-01	3.055506e-01	3.057193e-01
3.649288331972694e-07	3.055559e-01	3.055505e-01	3.057192e-01
3.649518331972688e-07	3.055559e-01	3.055505e-01	3.057191e-01
3.649748331972682e-07	3.055558e-01	3.055504e-01	3.057189e-01
3.649978331972676e-07	3.055558e-01	3.055503e-01	3.057187e-01
3.650208331972671e-07	3.055558e-01	3.055503e-01	3.057183e-01
3.650571189115519e-07	3.055557e-01	3.055502e-01	3.057177e-01
3.650934046258367e-07	3.055556e-01	3.055501e-01	3.057169e-01
3.651296903401214e-07	3.055556e-01	3.055501e-01	3.057161e-01
3.651659760544062e-07	3.055555e-01	3.055500e-01	3.057150e-01
3.652022617686910e-07	3.055555e-01	3.055500e-01	3.057139e-01
3.652385474829758e-07	3.055554e-01	3.055499e-01	3.057126e-01
3.652748331972606e-07	3.055554e-01	3.055499e-01	3.057112e-01
3.655218331972544e-07	3.055551e-01	3.055499e-01	3.056988e-01
3.655954046258239e-07	3.055550e-01	3.055499e-01	3.056941e-01
3.656689760543935e-07	3.055549e-01	3.055499e-01	3.056890e-01
3.657425474829631e-07	3.055548e-01	3.055500e-01	3.056834e-01
3.658161189115326e-07	3.055548e-01	3.055501e-01	3.056774e-01
3.658896903401022e-07	3.055547e-01	3.055502e-01	3.056711e-01
3.659632617686718e-07	3.055546e-01	3.055503e-01	3.056642e-01
3.660368331972413e-07	3.055546e-01	3.055504e-01	3.056570e-01
3.661094046258109e-07	3.055545e-01	3.055505e-01	3.056494e-01
3.661819760543805e-07	3.055545e-01	3.055507e-01	3.056417e-01
3.662545474829501e-07	3.055544e-01	3.055508e-01	3.056337e-01
3.663271189115197e-07	3.055544e-01	3.055509e-01	3.056256e-01
3.663996903400893e-07	3.055544e-01	3.055511e-01	3.056173e-01
3.664722617686589e-07	3.055543e-01	3.055512e-01	3.056088e-01
3.665448331972285e-07	3.055543e-01	3.055514e-01	3.056001e-01
3.665458331972284e-07	3.055543e-01	3.055514e-01	3.056000e-01
3.666345474829405e-07	3.055542e-01	3.055516e-01	3.055893e-01
3.667232617686525e-07	3.055542e-01	3.055517e-01	3.055790e-01
3.668119760543645e-07	3.055542e-01	3.055519e-01	3.055690e-01
3.669006903400766e-07	3.055541e-01	3.055521e-01	3.055594e-01
3.669894046257886e-07	3.055541e-01	3.055523e-01	3.055502e-01
3.670781189115007e-07	3.055541e-01	3.055524e-01	3.055413e-01
3.671668331972127e-07	3.055541e-01	3.055526e-01	3.055328e-01
3.672242617686398e-07	3.055541e-01	3.055527e-01	3.055278e-01
3.672816903400669e-07	3.055540e-01	3.055528e-01	3.055230e-01
3.673391189114940e-07	3.055540e-01	3.055529e-01	3.055185e-01
3.673965474829212e-07	3.055540e-01	3.055530e-01	3.055144e-01
3.674539760543483e-07	3.055540e-01	3.055531e-01	3.055105e-01
3.675114046257754e-07	3.055540e-01	3.055532e-01	3.055069e-01
3.675688331972025e-07	3.055540e-01	3.055533e-01	3.055037e-01
3.675698331972025e-07	3.055540e-01	3.055533e-01	3.055036e-01
3.677608331971976e-07	3.055540e-01	3.055536e-01	3.054951e-01
3.677638331971976e-07	3.055540e-01	3.055536e-01	3.054949e-01
3.677668331971975e-07	3.055540e-01	3.055536e-01	3.054948e-01
3.677691189114831e-07	3.055540e-01	3.055536e-01	3.054948e-01
3.677714046257688e-07	3.055540e-01	3.055536e-01	3.054947e-01
3.677736903400545e-07	3.055540e-01	3.055536e-01	3.054946e-01
3.677759760543401e-07	3.055540e-01	3.055536e-01	3.054945e-01
3.677782617686258e-07	3.055540e-01	3.055536e-01	3.054944e-01
3.677805474829114e-07	3.055540e-01	3.055536e-01	3.054944e-01
3.677828331971971e-07	3.055539e-01	3.055536e-01	3.054943e-01
3.677864046257684e-07	3.055539e-01	3.055536e-01	3.054942e-01
3.677899760543398e-07	3.055539e-01	3.055536e-01	3.054940e-01
3.677935474829111e-07	3.055539e-01	3.055536e-01	3.054939e-01
3.677971189114824e-07	3.055539e-01	3.055536e-01	3.054938e-01
3.678006903400538e-07	3.055538e-01	3.055536e-01	3.054937e-01
3.678042617686251e-07	3.055538e-01	3.055536e-01	3.054936e-01
3.678078331971965e-07	3.055538e-01	3.055535e-01	3.054935e-01
3.678125474829106e-07	3.055537e-01	3.055535e-01	3.054933e-01
3.678172617686248e-07	3.055537e-01	3.055534e-01	3.054932e-01
3.678219760543390e-07	3.055536e-01	3.055534e-01	3.054930e-01
3.678266903400531e-07	3.055536e-01	3.055533e-01	3.054929e-01
3.678314046257673e-07	3.055535e-01	3.055533e-01	3.054927e-01
3.678361189114815e-07	3.055534e-01	3.055532e-01	3.054926e-01
3.678408331971956e-07	3.055534e-01	3.055531e-01	3.054925e-01
3.678461189114812e-07	3.055533e-01	3.055530e-01	3.054923e-01
3.678514046257668e-07	3.055532e-01	3.055529e-01	3.054922e-01
3.678566903400524e-07	3.055532e-01	3.055528e-01	3.054920e-01
3.678619760543379e-07	3.055531e-01	3.055527e-01	3.054919e-01
3.678672617686235e-07	3.055530e-01	3.055527e-01	3.054917e-01
3.678725474829091e-07	3.055529e-01	3.055526e-01	3.054916e-01
3.678778331971947e-07	3.055528e-01	3.055525e-01	3.054915e-01
3.678831189114803e-07	3.055528e-01	3.055525e-01	3.054913e-01
3.678884046257658e-07	3.055527e-01	3.055525e-01	3.054912e-01
3.678936903400514e-07	3.055526e-01	3.055525e-01	3.054911e-01
3.678989760543370e-07	3.055525e-01	3.055525e-01	3.054910e-01
3.679042617686226e-07	3.055524e-01	3.055526e-01	3.054908e-01
3.679095474829082e-07	3.055523e-01	3.055527e-01	3.054907e-01
3.679148331971937e-07	3.055522e-01	3.055528e-01	3.054906e-01
3.679202617686222e-07	3.055521e-01	3.055529e-01	3.054905e-01
3.679256903400506e-07	3.055520e-01	3.055531e-01	3.054904e-01
3.679311189114790e-07	3.055519e-01	3.055533e-01	3.054903e-01
3.679365474829075e-07	3.055518e-01	3.055535e-01	3.054902e-01
3.679419760543359e-07	3.055516e-01	3.055538e-01	3.054901e-01
3.679474046257643e-07	3.055515e-01	3.055541e-01	3.054899e-01
3.679528331971928e-07	3.055513e-01	3.055544e-01	3.054898e-01
3.679599760543355e-07	3.055511e-01	3.055549e-01	3.054897e-01
3.679671189114781e-07	3.055508e-01	3.055554e-01	3.054896e-01
3.679742617686208e-07	3.055506e-01	3.055559e-01	3.054895e-01
3.679814046257635e-07	3.055503e-01	3.055565e-01	3.054894e-01
3.679885474829062e-07	3.055500e-01	3.055571e-01	3.054892e-01
3.679956903400488e-07	3.055496e-01	3.055577e-01	3.054891e-01
3.680028331971915e-07	3.055492e-01	3.055584e-01	3.054890e-01
3.680125474829056e-07	3.055487e-01	3.055593e-01	3.054889e-01
3.680222617686196e-07	3.055481e-01	3.055601e-01	3.054888e-01
3.680319760543336e-07	3.055474e-01	3.055609e-01	3.054886e-01
3.680416903400477e-07	3.055467e-01	3.055615e-01	3.054885e-01
3.680514046257617e-07	3.055459e-01	3.055621e-01	3.054884e-01
3.680611189114758e-07	3.055451e-01	3.055627e-01	3.054883e-01
3.680708331971898e-07	3.055442e-01	3.055631e-01	3.054882e-01
3.680766903400468e-07	3.055436e-01	3.055633e-01	3.054882e-01
3.680825474829038e-07	3.055430e-01	3.055634e-01	3.054881e-01
3.680884046257608e-07	3.055424e-01	3.055634e-01	3.054881e-01
3.680942617686178e-07	3.055418e-01	3.055634e-01	3.054880e-01
3.681001189114748e-07	3.055412e-01	3.055632e-01	3.054880e-01
3.681059760543318e-07	3.055405e-01	3.055631e-01	3.054880e-01
3.681118331971888e-07	3.055399e-01	3.055628e-01	3.054879e-01
3.681186903400457e-07	3.055391e-01	3.055624e-01	3.054879e-01
3.681255474829027e-07	3.055383e-01	3.055619e-01	3.054879e-01
3.681324046257597e-07	3.055375e-01	3.055613e-01	3.054878e-01
3.681392617686166e-07	3.055367e-01	3.055606e-01	3.054878e-01
3.681461189114736e-07	3.055358e-01	3.055597e-01	3.054878e-01
3.681529760543306e-07	3.055349e-01	3.055588e-01	3.054877e-01
3.681598331971875e-07	3.055341e-01	3.055578e-01	3.054877e-01
3.681694046257587e-07	3.055328e-01	3.055561e-01	3.054877e-01
3.681789760543299e-07	3.055316e-01	3.055543e-01	3.054877e-01
3.681885474829011e-07	3.055303e-01	3.055523e-01	3.054877e-01
3.681981189114723e-07	3.055290e-01	3.055501e-01	3.054877e-01
3.682076903400435e-07	3.055277e-01	3.055478e-01	3.054877e-01
3.682172617686147e-07	3.055265e-01	3.055453e-01	3.054877e-01
3.682268331971858e-07	3.055252e-01	3.055426e-01	3.054878e-01
3.682435474828997e-07	3.055229e-01	3.055376e-01	3.054878e-01
3.682602617686136e-07	3.055207e-01	3.055326e-01	3.054879e-01
3.682769760543274e-07	3.055186e-01	3.055277e-01	3.054880e-01
3.682936903400413e-07	3.055165e-01	3.055229e-01	3.054881e-01
3.683104046257551e-07	3.055144e-01	3.055181e-01	3.054882e-01
3.683271189114690e-07	3.055124e-01	3.055135e-01	3.054883e-01
3.683438331971829e-07	3.055105e-01	3.055090e-01	3.054885e-01
3.683528331971826e-07	3.055094e-01	3.055069e-01	3.054886e-01
3.683618331971824e-07	3.055084e-01	3.055050e-01	3.054887e-01
3.683708331971822e-07	3.055075e-01	3.055032e-01	3.054888e-01
3.683798331971820e-07	3.055065e-01	3.055016e-01	3.054889e-01
3.683888331971817e-07	3.055056e-01	3.055002e-01	3.054890e-01
3.683978331971815e-07	3.055047e-01	3.054990e-01	3.054891e-01
3.684068331971813e-07	3.055038e-01	3.054979e-01	3.054893e-01
3.684518331971801e-07	3.054996e-01	3.054958e-01	3.054899e-01
3.684591189114657e-07	3.054990e-01	3.054959e-01	3.054901e-01
3.684664046257512e-07	3.054984e-01	3.054962e-01	3.054902e-01
3.684736903400367e-07	3.054978e-01	3.054965e-01	3.054903e-01
3.684809760543223e-07	3.054972e-01	3.054970e-01	3.054904e-01
3.684882617686078e-07	3.054966e-01	3.054977e-01	3.054906e-01
3.684955474828933e-07	3.054960e-01	3.054984e-01	3.054907e-01
3.685028331971788e-07	3.054955e-01	3.054993e-01	3.054909e-01
3.685151189114642e-07	3.054946e-01	3.055010e-01	3.054911e-01
3.685274046257497e-07	3.054937e-01	3.055030e-01	3.054913e-01
3.685396903400351e-07	3.054928e-01	3.055051e-01	3.054916e-01
3.685519760543205e-07	3.054920e-01	3.055074e-01	3.054918e-01
3.685642617686059e-07	3.054911e-01	3.055098e-01	3.054921e-01
3.685765474828913e-07	3.054903e-01	3.055125e-01	3.054924e-01
3.685888331971767e-07	3.054895e-01	3.055153e-01	3.054926e-01
3.685938331971765e-07	3.054892e-01	3.055165e-01	3.054928e-01
3.686086903400333e-07	3.054883e-01	3.055200e-01	3.054931e-01
3.686235474828901e-07	3.054874e-01	3.055234e-01	3.054935e-01
3.686384046257468e-07	3.054865e-01	3.055265e-01	3.054938e-01
3.686532617686036e-07	3.054856e-01	3.055295e-01	3.054942e-01
3.686681189114604e-07	3.054848e-01	3.055322e-01	3.054946e-01
3.686829760543171e-07	3.054839e-01	3.055347e-01	3.054950e-01
3.686978331971739e-07	3.054830e-01	3.055370e-01	3.054954e-01
3.687056903400308e-07	3.054826e-01	3.055379e-01	3.054956e-01
3.687135474828878e-07	3.054821e-01	3.055387e-01	3.054958e-01
3.687214046257447e-07	3.054817e-01	3.055394e-01	3.054960e-01
3.687292617686017e-07	3.054812e-01	3.055399e-01	3.054962e-01
3.687371189114586e-07	3.054807e-01	3.055403e-01	3.054965e-01
3.687449760543156e-07	3.054802e-01	3.055405e-01	3.054967e-01
3.687528331971725e-07	3.054797e-01	3.055406e-01	3.054969e-01
3.687609760543152e-07	3.054792e-01	3.055404e-01	3.054972e-01
3.687691189114578e-07	3.054787e-01	3.055401e-01	3.054974e-01
3.687772617686005e-07	3.054781e-01	3.055396e-01	3.054976e-01
3.687854046257431e-07	3.054776e-01	3.055389e-01	3.054979e-01
3.687935474828858e-07	3.054770e-01	3.055380e-01	3.054981e-01
3.688016903400284e-07	3.054765e-01	3.055369e-01	3.054984e-01
3.688098331971711e-07	3.054759e-01	3.055356e-01	3.054986e-01
3.688222617685993e-07	3.054750e-01	3.055332e-01	3.054990e-01
3.688346903400276e-07	3.054740e-01	3.055303e-01	3.054994e-01
3.688471189114558e-07	3.054730e-01	3.055269e-01	3.054998e-01
3.688595474828841e-07	3.054720e-01	3.055231e-01	3.055002e-01
3.688719760543123e-07	3.054709e-01	3.055187e-01	3.055006e-01
3.688844046257406e-07	3.054698e-01	3.055139e-01	3.055010e-01
3.688968331971689e-07	3.054686e-01	3.055087e-01	3.055014e-01
3.689168331971684e-07	3.054667e-01	3.054990e-01	3.055020e-01
3.689368331971678e-07	3.054645e-01	3.054886e-01	3.055027e-01
3.689568331971673e-07	3.054623e-01	3.054774e-01	3.055034e-01
3.689768331971668e-07	3.054599e-01	3.054654e-01	3.055041e-01
3.689968331971663e-07	3.054573e-01	3.054526e-01	3.055048e-01
3.690168331971658e-07	3.054546e-01	3.054390e-01	3.055054e-01
3.690368331971653e-07	3.054517e-01	3.054246e-01	3.055061e-01
3.690602617685933e-07	3.054481e-01	3.054071e-01	3.055070e-01
3.690836903400213e-07	3.054443e-01	3.053899e-01	3.055078e-01
3.691071189114492e-07	3.054404e-01	3.053729e-01	3.055087e-01
3.691305474828772e-07	3.054363e-01	3.053562e-01	3.055095e-01
3.691539760543052e-07	3.054320e-01	3.053397e-01	3.055104e-01
3.691774046257332e-07	3.054275e-01	3.053234e-01	3.055112e-01
3.692008331971612e-07	3.054228e-01	3.053074e-01	3.055121e-01
3.692192617685893e-07	3.054191e-01	3.052957e-01	3.055128e-01
3.692376903400174e-07	3.054154e-01	3.052848e-01	3.055134e-01
3.692561189114455e-07	3.054116e-01	3.052746e-01	3.055141e-01
3.692745474828736e-07	3.054079e-01	3.052651e-01	3.055148e-01
3.692929760543017e-07	3.054041e-01	3.052564e-01	3.055155e-01
3.693114046257298e-07	3.054004e-01	3.052485e-01	3.055162e-01
3.693298331971579e-07	3.053966e-01	3.052413e-01	3.055168e-01
3.693444046257290e-07	3.053937e-01	3.052363e-01	3.055174e-01
3.693589760543000e-07	3.053908e-01	3.052319e-01	3.055179e-01
3.693735474828711e-07	3.053880e-01	3.052280e-01	3.055184e-01
3.693881189114421e-07	3.053853e-01	3.052247e-01	3.055190e-01
3.694026903400132e-07	3.053827e-01	3.052220e-01	3.055195e-01
3.694172617685842e-07	3.053801e-01	3.052198e-01	3.055201e-01
3.694318331971553e-07	3.053775e-01	3.052182e-01	3.055206e-01
3.694446903400121e-07	3.053754e-01	3.052172e-01	3.055211e-01
3.694575474828689e-07	3.053734e-01	3.052167e-01	3.055215e-01
3.694704046257258e-07	3.053714e-01	3.052165e-01	3.055220e-01
3.694832617685826e-07	3.053696e-01	3.052168e-01	3.055225e-01
3.694961189114394e-07	3.053678e-01	3.052174e-01	3.055229e-01
3.695089760542962e-07	3.053662e-01	3.052185e-01	3.055234e-01
3.695218331971530e-07	3.053646e-01	3.052199e-01	3.055239e-01
3.695354046257241e-07	3.053631e-01	3.052219e-01	3.055244e-01
3.695489760542952e-07	3.053618e-01	3.052242e-01	3.055248e-01
3.695625474828663e-07	3.053605e-01	3.052268e-01	3.055253e-01
3.695761189114374e-07	3.053595e-01	3.052298e-01	3.055258e-01
3.695896903400085e-07	3.053585e-01	3.052331e-01	3.055263e-01
3.696032617685795e-07	3.053578e-01	3.052368e-01	3.055268e-01
3.696168331971506e-07	3.053571e-01	3.052409e-01	3.055272e-01
3.696178331971506e-07	3.053571e-01	3.052412e-01	3.055273e-01
3.696305474828646e-07	3.053567e-01	3.052453e-01	3.055277e-01
3.696432617685785e-07	3.053564e-01	3.052495e-01	3.055282e-01
3.696559760542925e-07	3.053563e-01	3.052540e-01	3.055286e-01
3.696686903400064e-07	3.053563e-01	3.052587e-01	3.055290e-01
3.696814046257204e-07	3.053565e-01	3.052635e-01	3.055295e-01
3.696941189114344e-07	3.053568e-01	3.052686e-01	3.055299e-01
3.697068331971483e-07	3.053572e-01	3.052739e-01	3.055304e-01
3.697246903400050e-07	3.053582e-01	3.052816e-01	3.055310e-01
3.697425474828617e-07	3.053594e-01	3.052896e-01	3.055316e-01
3.697604046257184e-07	3.053609e-01	3.052977e-01	3.055322e-01
3.697782617685751e-07	3.053628e-01	3.053060e-01	3.055328e-01
3.697961189114318e-07	3.053649e-01	3.053144e-01	3.055333e-01
3.698139760542885e-07	3.053673e-01	3.053231e-01	3.055339e-01
3.698318331971452e-07	3.053700e-01	3.053320e-01	3.055345e-01
3.698606903400016e-07	3.053750e-01	3.053466e-01	3.055354e-01
3.698895474828580e-07	3.053807e-01	3.053612e-01	3.055363e-01
3.699184046257144e-07	3.053869e-01	3.053758e-01	3.055372e-01
3.699472617685708e-07	3.053937e-01	3.053904e-01	3.055381e-01
3.699761189114272e-07	3.054011e-01	3.054051e-01	3.055390e-01
3.700049760542836e-07	3.054090e-01	3.054199e-01	3.055398e-01
3.700338331971401e-07	3.054175e-01	3.054346e-01	3.055407e-01
3.700808331971389e-07	3.054327e-01	3.054581e-01	3.055420e-01
3.701278331971377e-07	3.054478e-01	3.054818e-01	3.055433e-01
3.701748331971365e-07	3.054629e-01	3.055057e-01	3.055445e-01
3.702218331971353e-07	3.054780e-01	3.055297e-01	3.055457e-01
3.702688331971341e-07	3.054930e-01	3.055540e-01	3.055469e-01
3.703158331971329e-07	3.055081e-01	3.055784e-01	3.055480e-01
3.703628331971317e-07	3.055231e-01	3.056030e-01	3.055490e-01
3.703928331971310e-07	3.055319e-01	3.056192e-01	3.055497e-01
3.704228331971302e-07	3.055402e-01	3.056357e-01	3.055503e-01
3.704528331971294e-07	3.055479e-01	3.056524e-01	3.055510e-01
3.704828331971287e-07	3.055551e-01	3.056694e-01	3.055516e-01
3.705128331971279e-07	3.055618e-01	3.056866e-01	3.055521e-01
3.705428331971272e-07	3.055680e-01	3.057041e-01	3.055527e-01
3.705728331971264e-07	3.055736e-01	3.057218e-01	3.055533e-01
3.706418331971247e-07	3.055840e-01	3.057631e-01	3.055544e-01
3.706624046256956e-07	3.055865e-01	3.057756e-01	3.055548e-01
3.706829760542665e-07	3.055886e-01	3.057880e-01	3.055551e-01
3.707035474828374e-07	3.055905e-01	3.058004e-01	3.055555e-01
3.707241189114083e-07	3.055921e-01	3.058128e-01	3.055558e-01
3.707446903399792e-07	3.055933e-01	3.058251e-01	3.055561e-01
3.707652617685501e-07	3.055943e-01	3.058374e-01	3.055564e-01
3.707858331971210e-07	3.055950e-01	3.058497e-01	3.055567e-01
3.708016903399777e-07	3.055954e-01	3.058590e-01	3.055569e-01
3.708175474828345e-07	3.055956e-01	3.058683e-01	3.055571e-01
3.708334046256912e-07	3.055956e-01	3.058774e-01	3.055573e-01
3.708492617685480e-07	3.055955e-01	3.058865e-01	3.055575e-01
3.708651189114047e-07	3.055952e-01	3.058954e-01	3.055577e-01
3.708809760542614e-07	3.055948e-01	3.059042e-01	3.055579e-01
3.708968331971182e-07	3.055942e-01	3.059129e-01	3.055581e-01
3.709071189114036e-07	3.055938e-01	3.059185e-01	3.055582e-01
3.709174046256891e-07	3.055933e-01	3.059240e-01	3.055584e-01
3.709276903399746e-07	3.055928e-01	3.059294e-01	3.055585e-01
3.709379760542600e-07	3.055922e-01	3.059347e-01	3.055586e-01
3.709482617685455e-07	3.055915e-01	3.059400e-01	3.055587e-01
3.709585474828309e-07	3.055908e-01	3.059452e-01	3.055588e-01
3.709688331971164e-07	3.055900e-01	3.059503e-01	3.055589e-01
3.709698331971163e-07	3.055900e-01	3.059508e-01	3.055589e-01
3.709708331971163e-07	3.055899e-01	3.059512e-01	3.055589e-01
3.709718331971163e-07	3.055898e-01	3.059518e-01	3.055589e-01
3.709728331971163e-07	3.055897e-01	3.059523e-01	3.055590e-01
3.709738331971162e-07	3.055896e-01	3.059527e-01	3.055590e-01
3.709748331971162e-07	3.055896e-01	3.059532e-01	3.055590e-01
3.709758331971162e-07	3.055895e-01	3.059537e-01	3.055590e-01
3.709786903399733e-07	3.055893e-01	3.059551e-01	3.055590e-01
3.709815474828303e-07	3.055890e-01	3.059565e-01	3.055591e-01
3.709844046256874e-07	3.055888e-01	3.059578e-01	3.055591e-01
3.709872617685445e-07	3.055886e-01	3.059591e-01	3.055591e-01
3.709901189114015e-07	3.055883e-01	3.059605e-01	3.055591e-01
3.709929760542586e-07	3.055881e-01	3.059618e-01	3.055592e-01
3.709958331971157e-07	3.055878e-01	3.059631e-01	3.055592e-01
3.710062617685440e-07	3.055869e-01	3.059676e-01	3.055593e-01
3.710166903399723e-07	3.055859e-01	3.059720e-01	3.055594e-01
3.710271189114006e-07	3.055849e-01	3.059764e-01	3.055595e-01
3.710375474828289e-07	3.055839e-01	3.059807e-01	3.055596e-01
3.710479760542572e-07	3.055828e-01	3.059850e-01	3.055597e-01
3.710584046256855e-07	3.055818e-01	3.059892e-01	3.055598e-01
3.710688331971138e-07	3.055807e-01	3.059933e-01	3.055599e-01
3.710769760542565e-07	3.055798e-01	3.059967e-01	3.055600e-01
3.710851189113991e-07	3.055790e-01	3.060001e-01	3.055601e-01
3.710932617685418e-07	3.055781e-01	3.060035e-01	3.055601e-01
3.711014046256844e-07	3.055773e-01	3.060070e-01	3.055602e-01
3.711095474828271e-07	3.055765e-01	3.060105e-01	3.055603e-01
3.711176903399697e-07	3.055757e-01	3.060141e-01	3.055604e-01
3.711258331971124e-07	3.055749e-01	3.060176e-01	3.055604e-01
3.711359760542550e-07	3.055740e-01	3.060222e-01	3.055605e-01
3.711461189113976e-07	3.055731e-01	3.060266e-01	3.055606e-01
3.711562617685402e-07	3.055722e-01	3.060309e-01	3.055607e-01
3.711664046256828e-07	3.055714e-01	3.060351e-01	3.055607e-01
3.711765474828254e-07	3.055706e-01	3.060392e-01	3.055608e-01
3.711866903399680e-07	3.055698e-01	3.060432e-01	3.055609e-01
3.711968331971106e-07	3.055691e-01	3.060470e-01	3.055610e-01
3.712056903399675e-07	3.055685e-01	3.060502e-01	3.055610e-01
3.712145474828244e-07	3.055679e-01	3.060531e-01	3.055611e-01
3.712234046256813e-07	3.055674e-01	3.060558e-01	3.055612e-01
3.712322617685383e-07	3.055668e-01	3.060583e-01	3.055612e-01
3.712411189113952e-07	3.055663e-01	3.060606e-01	3.055613e-01
3.712499760542521e-07	3.055658e-01	3.060626e-01	3.055614e-01
3.712588331971090e-07	3.055654e-01	3.060645e-01	3.055614e-01
3.712661189113945e-07	3.055650e-01	3.060658e-01	3.055615e-01
3.712734046256801e-07	3.055646e-01	3.060670e-01	3.055615e-01
3.712806903399656e-07	3.055642e-01	3.060679e-01	3.055616e-01
3.712879760542511e-07	3.055639e-01	3.060687e-01	3.055616e-01
3.712952617685367e-07	3.055635e-01	3.060694e-01	3.055616e-01
3.713025474828222e-07	3.055632e-01	3.060699e-01	3.055617e-01
3.713098331971077e-07	3.055628e-01	3.060701e-01	3.055617e-01
3.713174046256790e-07	3.055625e-01	3.060703e-01	3.055618e-01
3.713249760542502e-07	3.055621e-01	3.060703e-01	3.055618e-01
3.713325474828214e-07	3.055618e-01	3.060701e-01	3.055618e-01
3.713401189113927e-07	3.055614e-01	3.060698e-01	3.055619e-01
3.713476903399639e-07	3.055611e-01	3.060693e-01	3.055619e-01
3.713552617685351e-07	3.055607e-01	3.060687e-01	3.055620e-01
3.713628331971064e-07	3.055604e-01	3.060679e-01	3.055620e-01
3.713735474828204e-07	3.055599e-01	3.060665e-01	3.055621e-01
3.713842617685344e-07	3.055595e-01	3.060649e-01	3.055621e-01
3.713949760542484e-07	3.055590e-01	3.060630e-01	3.055622e-01
3.714056903399624e-07	3.055585e-01	3.060610e-01	3.055622e-01
3.714164046256765e-07	3.055581e-01	3.060587e-01	3.055623e-01
3.714271189113905e-07	3.055577e-01	3.060562e-01	3.055623e-01
3.714378331971045e-07	3.055573e-01	3.060535e-01	3.055624e-01
3.714522617685327e-07	3.055568e-01	3.060496e-01	3.055624e-01
3.714666903399609e-07	3.055563e-01	3.060455e-01	3.055625e-01
3.714811189113891e-07	3.055560e-01	3.060411e-01	3.055626e-01
3.714955474828173e-07	3.055557e-01	3.060365e-01	3.055626e-01
3.715099760542455e-07	3.055555e-01	3.060317e-01	3.055627e-01
3.715244046256737e-07	3.055555e-01	3.060267e-01	3.055627e-01
3.715388331971019e-07	3.055555e-01	3.060215e-01	3.055627e-01
3.715478331971017e-07	3.055555e-01	3.060181e-01	3.055628e-01
3.715568331971015e-07	3.055557e-01	3.060147e-01	3.055628e-01
3.715658331971012e-07	3.055559e-01	3.060113e-01	3.055628e-01
3.715748331971010e-07	3.055561e-01	3.060078e-01	3.055629e-01
3.715838331971008e-07	3.055564e-01	3.060042e-01	3.055629e-01
3.715928331971006e-07	3.055568e-01	3.060006e-01	3.055629e-01
3.716018331971003e-07	3.055572e-01	3.059969e-01	3.055629e-01
3.716108331971001e-07	3.055577e-01	3.059932e-01	3.055629e-01
3.716198331970999e-07	3.055583e-01	3.059894e-01	3.055630e-01
3.716288331970996e-07	3.055589e-01	3.059856e-01	3.055630e-01
3.716378331970994e-07	3.055596e-01	3.059818e-01	3.055630e-01
3.716468331970992e-07	3.055604e-01	3.059779e-01	3.055630e-01
3.716558331970990e-07	3.055612e-01	3.059739e-01	3.055630e-01
3.716648331970987e-07	3.055621e-01	3.059700e-01	3.055631e-01
3.716658331970987e-07	3.055622e-01	3.059695e-01	3.055631e-01
3.716808331970983e-07	3.055639e-01	3.059627e-01	3.055631e-01
3.716958331970979e-07	3.055657e-01	3.059559e-01	3.055631e-01
3.717108331970976e-07	3.055677e-01	3.059490e-01	3.055631e-01
3.717258331970972e-07	3.055698e-01	3.059420e-01	3.055632e-01
3.717408331970968e-07	3.055721e-01	3.059350e-01	3.055632e-01
3.717558331970964e-07	3.055746e-01	3.059279e-01	3.055632e-01
3.717708331970960e-07	3.055772e-01	3.059208e-01	3.055632e-01
3.717954046256669e-07	3.055819e-01	3.059090e-01	3.055632e-01
3.718199760542377e-07	3.055867e-01	3.058974e-01	3.055633e-01
3.718445474828085e-07	3.055915e-01	3.058860e-01	3.055633e-01
3.718691189113793e-07	3.055963e-01	3.058749e-01	3.055633e-01
3.718936903399501e-07	3.056012e-01	3.058641e-01	3.055633e-01
3.719182617685209e-07	3.056062e-01	3.058534e-01	3.055633e-01
3.719428331970917e-07	3.056112e-01	3.058431e-01	3.055633e-01
3.719606903399484e-07	3.056146e-01	3.058359e-01	3.055633e-01
3.719785474828051e-07	3.056178e-01	3.058289e-01	3.055632e-01
3.719964046256618e-07	3.056208e-01	3.058221e-01	3.055632e-01
3.720142617685185e-07	3.056236e-01	3.058155e-01	3.055632e-01
3.720321189113751e-07	3.056262e-01	3.058091e-01	3.055632e-01
3.720499760542318e-07	3.056287e-01	3.058029e-01	3.055632e-01
3.720678331970885e-07	3.056309e-01	3.057969e-01	3.055632e-01
3.720808331970882e-07	3.056323e-01	3.057926e-01	3.055632e-01
3.720938331970879e-07	3.056336e-01	3.057882e-01	3.055631e-01
3.721068331970875e-07	3.056347e-01	3.057839e-01	3.055631e-01
3.721198331970872e-07	3.056357e-01	3.057796e-01	3.055631e-01
3.721328331970869e-07	3.056365e-01	3.057753e-01	3.055631e-01
3.721458331970865e-07	3.056371e-01	3.057710e-01	3.055631e-01
3.721588331970862e-07	3.056377e-01	3.057667e-01	3.055631e-01
3.721695474828002e-07	3.056380e-01	3.057631e-01	3.055630e-01
3.721802617685142e-07	3.056382e-01	3.057594e-01	3.055630e-01
3.721909760542283e-07	3.056383e-01	3.057557e-01	3.055630e-01
3.722016903399423e-07	3.056383e-01	3.057518e-01	3.055630e-01
3.722124046256563e-07	3.056382e-01	3.057479e-01	3.055630e-01
3.722231189113703e-07	3.056380e-01	3.057438e-01	3.055630e-01
3.722338331970843e-07	3.056377e-01	3.057397e-01	3.055629e-01
3.722514046256553e-07	3.056369e-01	3.057327e-01	3.055629e-01
3.722689760542263e-07	3.056360e-01	3.057253e-01	3.055629e-01
3.722865474827973e-07	3.056348e-01	3.057173e-01	3.055628e-01
3.723041189113683e-07	3.056334e-01	3.057088e-01	3.055628e-01
3.723216903399392e-07	3.056317e-01	3.056999e-01	3.055627e-01
3.723392617685102e-07	3.056299e-01	3.056904e-01	3.055627e-01
3.723568331970812e-07	3.056278e-01	3.056804e-01	3.055627e-01
3.723785474827949e-07	3.056249e-01	3.056671e-01	3.055626e-01
3.724002617685087e-07	3.056219e-01	3.056527e-01	3.055626e-01
3.724219760542224e-07	3.056187e-01	3.056373e-01	3.055625e-01
3.724436903399361e-07	3.056153e-01	3.056208e-01	3.055625e-01
3.724654046256499e-07	3.056117e-01	3.056032e-01	3.055624e-01
3.724871189113636e-07	3.056079e-01	3.055846e-01	3.055624e-01
3.725088331970773e-07	3.056040e-01	3.055649e-01	3.055623e-01
3.725345474827910e-07	3.055992e-01	3.055398e-01	3.055622e-01
3.725602617685046e-07	3.055945e-01	3.055138e-01	3.055621e-01
3.725859760542183e-07	3.055897e-01	3.054868e-01	3.055621e-01
3.726116903399319e-07	3.055850e-01	3.054587e-01	3.055620e-01
3.726374046256455e-07	3.055802e-01	3.054296e-01	3.055619e-01
3.726631189113592e-07	3.055755e-01	3.053995e-01	3.055618e-01
3.726888331970728e-07	3.055707e-01	3.053685e-01	3.055618e-01
3.726898331970728e-07	3.055705e-01	3.053673e-01	3.055618e-01
3.727214046256434e-07	3.055649e-01	3.053280e-01	3.055616e-01
3.727529760542140e-07	3.055594e-01	3.052898e-01	3.055615e-01
3.727845474827846e-07	3.055542e-01	3.052524e-01	3.055614e-01
3.728161189113553e-07	3.055492e-01	3.052160e-01	3.055613e-01
3.728476903399259e-07	3.055444e-01	3.051806e-01	3.055612e-01
3.728792617684965e-07	3.055398e-01	3.051461e-01	3.055611e-01
3.729108331970672e-07	3.055355e-01	3.051125e-01	3.055610e-01
3.729345474827808e-07	3.055324e-01	3.050894e-01	3.055610e-01
3.729582617684945e-07	3.055294e-01	3.050681e-01	3.055609e-01
3.729819760542082e-07	3.055266e-01	3.050487e-01	3.055608e-01
3.730056903399219e-07	3.055239e-01	3.050311e-01	3.055607e-01
3.730294046256356e-07	3.055214e-01	3.050153e-01	3.055607e-01
3.730531189113493e-07	3.055190e-01	3.050014e-01	3.055606e-01
3.730768331970630e-07	3.055167e-01	3.049893e-01	3.055605e-01
3.730912617684912e-07	3.055155e-01	3.049832e-01	3.055604e-01
3.731056903399194e-07	3.055142e-01	3.049779e-01	3.055604e-01
3.731201189113476e-07	3.055130e-01	3.049735e-01	3.055603e-01
3.731345474827758e-07	3.055119e-01	3.049699e-01	3.055603e-01
3.731489760542040e-07	3.055108e-01	3.049672e-01	3.055603e-01
3.731634046256322e-07	3.055097e-01	3.049653e-01	3.055602e-01
3.731778331970604e-07	3.055087e-01	3.049643e-01	3.055602e-01
3.731884046256316e-07	3.055081e-01	3.049642e-01	3.055601e-01
3.731989760542027e-07	3.055074e-01	3.049645e-01	3.055601e-01
3.732095474827739e-07	3.055068e-01	3.049652e-01	3.055601e-01
3.732201189113450e-07	3.055062e-01	3.049665e-01	3.055600e-01
3.732306903399162e-07	3.055056e-01	3.049682e-01	3.055600e-01
3.732412617684874e-07	3.055051e-01	3.049703e-01	3.055599e-01
3.732518331970585e-07	3.055046e-01	3.049730e-01	3.055599e-01
3.732744046256294e-07	3.055036e-01	3.049803e-01	3.055598e-01
3.732969760542002e-07	3.055028e-01	3.049895e-01	3.055598e-01
3.733195474827711e-07	3.055022e-01	3.050006e-01	3.055597e-01
3.733421189113420e-07	3.055017e-01	3.050136e-01	3.055596e-01
3.733646903399128e-07	3.055014e-01	3.050285e-01	3.055596e-01
3.733872617684837e-07	3.055012e-01	3.050453e-01	3.055595e-01
3.734098331970545e-07	3.055012e-01	3.050640e-01	3.055594e-01
3.734402617684823e-07	3.055015e-01	3.050923e-01	3.055593e-01
3.734706903399101e-07	3.055021e-01	3.051225e-01	3.055592e-01
3.735011189113379e-07	3.055032e-01	3.051548e-01	3.055591e-01
3.735315474827657e-07	3.055046e-01	3.051892e-01	3.055590e-01
3.735619760541935e-07	3.055063e-01	3.052256e-01	3.055589e-01
3.735924046256213e-07	3.055085e-01	3.052640e-01	3.055589e-01
3.736228331970491e-07	3.055110e-01	3.053045e-01	3.055588e-01
3.736356903399059e-07	3.055122e-01	3.053216e-01	3.055587e-01
3.736485474827628e-07	3.055134e-01	3.053389e-01	3.055587e-01
3.736614046256196e-07	3.055148e-01	3.053563e-01	3.055586e-01
3.736742617684764e-07	3.055162e-01	3.053738e-01	3.055586e-01
3.736871189113332e-07	3.055177e-01	3.053914e-01	3.055586e-01
3.736999760541900e-07	3.055193e-01	3.054091e-01	3.055585e-01
3.737128331970468e-07	3.055209e-01	3.054269e-01	3.055585e-01
3.737138331970468e-07	3.055211e-01	3.054283e-01	3.055585e-01
3.737509760541887e-07	3.055263e-01	3.054808e-01	3.055584e-01
3.737881189113307e-07	3.055321e-01	3.055319e-01	3.055583e-01
3.738252617684726e-07	3.055386e-01	3.055817e-01	3.055582e-01
3.738624046256145e-07	3.055456e-01	3.056302e-01	3.055581e-01
3.738995474827564e-07	3.055532e-01	3.056773e-01	3.055580e-01
3.739366903398983e-07	3.055615e-01	3.057231e-01	3.055579e-01
3.739738331970402e-07	3.055703e-01	3.057676e-01	3.055578e-01
3.740064046256108e-07	3.055785e-01	3.058039e-01	3.055577e-01
3.740389760541814e-07	3.055870e-01	3.058378e-01	3.055577e-01
3.740715474827520e-07	3.055958e-01	3.058692e-01	3.055576e-01
3.741041189113226e-07	3.056049e-01	3.058982e-01	3.055575e-01
3.741366903398932e-07	3.056143e-01	3.059247e-01	3.055574e-01
3.741692617684639e-07	3.056240e-01	3.059488e-01	3.055574e-01
3.742018331970345e-07	3.056339e-01	3.059704e-01	3.055573e-01
3.742279760541767e-07	3.056420e-01	3.059856e-01	3.055572e-01
3.742541189113188e-07	3.056502e-01	3.059990e-01	3.055572e-01
3.742802617684610e-07	3.056583e-01	3.060108e-01	3.055571e-01
3.743064046256032e-07	3.056665e-01	3.060208e-01	3.055571e-01
3.743325474827454e-07	3.056748e-01	3.060291e-01	3.055570e-01
3.743586903398876e-07	3.056830e-01	3.060356e-01	3.055570e-01
3.743848331970298e-07	3.056913e-01	3.060405e-01	3.055569e-01
3.744071189113150e-07	3.056984e-01	3.060433e-01	3.055569e-01
3.744294046256001e-07	3.057053e-01	3.060449e-01	3.055568e-01
3.744516903398853e-07	3.057122e-01	3.060455e-01	3.055568e-01
3.744739760541704e-07	3.057190e-01	3.060450e-01	3.055568e-01
3.744962617684556e-07	3.057257e-01	3.060434e-01	3.055567e-01
3.745185474827407e-07	3.057323e-01	3.060407e-01	3.055567e-01
3.745408331970259e-07	3.057389e-01	3.060369e-01	3.055567e-01
3.745688331970252e-07	3.057470e-01	3.060306e-01	3.055566e-01
3.745968331970244e-07	3.057548e-01	3.060231e-01	3.055566e-01
3.746248331970237e-07	3.057623e-01	3.060142e-01	3.055565e-01
3.746528331970230e-07	3.057696e-01	3.060041e-01	3.055565e-01
3.746808331970223e-07	3.057766e-01	3.059928e-01	3.055564e-01
3.747088331970216e-07	3.057833e-01	3.059802e-01	3.055564e-01
3.747368331970209e-07	3.057898e-01	3.059663e-01	3.055564e-01
3.747378331970209e-07	3.057900e-01	3.059658e-01	3.055564e-01
3.747752617684485e-07	3.057981e-01	3.059454e-01	3.055563e-01
3.748126903398761e-07	3.058055e-01	3.059240e-01	3.055563e-01
3.748501189113037e-07	3.058122e-01	3.059016e-01	3.055562e-01
3.748875474827314e-07	3.058182e-01	3.058781e-01	3.055562e-01
3.749249760541590e-07	3.058235e-01	3.058536e-01	3.055561e-01
3.749624046255866e-07	3.058280e-01	3.058281e-01	3.055561e-01
3.749998331970142e-07	3.058319e-01	3.058015e-01	3.055560e-01
3.750229760541565e-07	3.058339e-01	3.057850e-01	3.055560e-01
3.750461189112988e-07	3.058356e-01	3.057686e-01	3.055560e-01
3.750692617684411e-07	3.058369e-01	3.057521e-01	3.055560e-01
3.750924046255833e-07	3.058380e-01	3.057356e-01	3.055559e-01
3.751155474827256e-07	3.058388e-01	3.057190e-01	3.055559e-01
3.751386903398679e-07	3.058393e-01	3.057025e-01	3.055559e-01
3.751618331970101e-07	3.058395e-01	3.056859e-01	3.055559e-01
3.751846903398667e-07	3.058394e-01	3.056697e-01	3.055558e-01
3.752075474827233e-07	3.058390e-01	3.056536e-01	3.055558e-01
3.752304046255798e-07	3.058384e-01	3.056377e-01	3.055558e-01
3.752532617684364e-07	3.058375e-01	3.056221e-01	3.055558e-01
3.752761189112930e-07	3.058363e-01	3.056066e-01	3.055558e-01
3.752989760541495e-07	3.058348e-01	3.055913e-01	3.055557e-01
3.753218331970061e-07	3.058330e-01	3.055761e-01	3.055557e-01
3.753701189112906e-07	3.058283e-01	3.055449e-01	3.055557e-01
3.754184046255751e-07	3.058226e-01	3.055154e-01	3.055557e-01
3.754666903398596e-07	3.058160e-01	3.054874e-01	3.055556e-01
3.755149760541440e-07	3.058085e-01	3.054611e-01	3.055556e-01
3.755632617684285e-07	3.057999e-01	3.054364e-01	3.055556e-01
3.756115474827130e-07	3.057905e-01	3.054133e-01	3.055555e-01
3.756598331969975e-07	3.057800e-01	3.053919e-01	3.055555e-01
3.756742617684257e-07	3.057768e-01	3.053859e-01	3.055555e-01
3.756886903398539e-07	3.057735e-01	3.053801e-01	3.055555e-01
3.757031189112821e-07	3.057702e-01	3.053744e-01	3.055555e-01
3.757175474827103e-07	3.057668e-01	3.053689e-01	3.055555e-01
3.757319760541385e-07	3.057634e-01	3.053636e-01	3.055555e-01
3.757464046255668e-07	3.057599e-01	3.053585e-01	3.055555e-01
3.757608331969950e-07	3.057564e-01	3.053535e-01	3.055555e-01
3.757618331969949e-07	3.057561e-01	3.053531e-01	3.055555e-01
3.758095474827080e-07	3.057439e-01	3.053380e-01	3.055555e-01
3.758572617684211e-07	3.057314e-01	3.053245e-01	3.055554e-01
3.759049760541342e-07	3.057186e-01	3.053126e-01	3.055554e-01
3.759526903398472e-07	3.057056e-01	3.053025e-01	3.055554e-01
3.760004046255603e-07	3.056923e-01	3.052940e-01	3.055554e-01
3.760481189112734e-07	3.056788e-01	3.052871e-01	3.055554e-01
3.760958331969865e-07	3.056650e-01	3.052820e-01	3.055554e-01
3.761641189112705e-07	3.056451e-01	3.052775e-01	3.055554e-01
3.762324046255544e-07	3.056257e-01	3.052752e-01	3.055554e-01
3.763006903398384e-07	3.056069e-01	3.052750e-01	3.055553e-01
3.763689760541224e-07	3.055886e-01	3.052770e-01	3.055553e-01
3.764372617684064e-07	3.055709e-01	3.052811e-01	3.055553e-01
3.765055474826904e-07	3.055537e-01	3.052874e-01	3.055553e-01
3.765738331969744e-07	3.055370e-01	3.052958e-01	3.055553e-01
3.766039760541165e-07	3.055300e-01	3.052997e-01	3.055553e-01
3.766341189112585e-07	3.055233e-01	3.053038e-01	3.055553e-01
3.766642617684006e-07	3.055167e-01	3.053081e-01	3.055553e-01
3.766944046255427e-07	3.055104e-01	3.053126e-01	3.055553e-01
3.767245474826848e-07	3.055042e-01	3.053173e-01	3.055553e-01
3.767546903398269e-07	3.054983e-01	3.053222e-01	3.055553e-01
3.767848331969690e-07	3.054926e-01	3.053273e-01	3.055553e-01
3.767858331969690e-07	3.054924e-01	3.053274e-01	3.055553e-01
3.768035474826828e-07	3.054891e-01	3.053304e-01	3.055553e-01
3.768212617683967e-07	3.054859e-01	3.053335e-01	3.055553e-01
3.768389760541105e-07	3.054828e-01	3.053366e-01	3.055553e-01
3.768566903398243e-07	3.054798e-01	3.053397e-01	3.055553e-01
3.768744046255382e-07	3.054768e-01	3.053429e-01	3.055553e-01
3.768921189112520e-07	3.054739e-01	3.053461e-01	3.055553e-01
3.769098331969658e-07	3.054711e-01	3.053493e-01	3.055553e-01
3.769138331969657e-07	3.054705e-01	3.053501e-01	3.055553e-01
3.769178331969656e-07	3.054699e-01	3.053508e-01	3.055553e-01
3.769218331969655e-07	3.054693e-01	3.053515e-01	3.055553e-01
3.769258331969654e-07	3.054687e-01	3.053523e-01	3.055553e-01
3.769298331969653e-07	3.054681e-01	3.053530e-01	3.055553e-01
3.769338331969652e-07	3.054674e-01	3.053537e-01	3.055553e-01
3.769378331969651e-07	3.054668e-01	3.053545e-01	3.055553e-01
3.769435474826793e-07	3.054660e-01	3.053555e-01	3.055554e-01
3.769492617683934e-07	3.054652e-01	3.053566e-01	3.055554e-01
3.769549760541076e-07	3.054643e-01	3.053577e-01	3.055554e-01
3.769606903398217e-07	3.054635e-01	3.053587e-01	3.055554e-01
3.769664046255358e-07	3.054627e-01	3.053598e-01	3.055554e-01
3.769721189112500e-07	3.054619e-01	3.053609e-01	3.055555e-01
3.769778331969641e-07	3.054610e-01	3.053619e-01	3.055555e-01
3.769842617683925e-07	3.054602e-01	3.053631e-01	3.055556e-01
3.769906903398209e-07	3.054593e-01	3.053643e-01	3.055557e-01
3.769971189112493e-07	3.054584e-01	3.053656e-01	3.055557e-01
3.770035474826778e-07	3.054576e-01	3.053668e-01	3.055558e-01
3.770099760541062e-07	3.054567e-01	3.053680e-01	3.055559e-01
3.770164046255346e-07	3.054559e-01	3.053692e-01	3.055561e-01
3.770228331969630e-07	3.054550e-01	3.053704e-01	3.055562e-01
3.770418331969625e-07	3.054526e-01	3.053740e-01	3.055566e-01
3.770608331969620e-07	3.054503e-01	3.053776e-01	3.055572e-01
3.770798331969615e-07	3.054481e-01	3.053812e-01	3.055578e-01
3.770988331969611e-07	3.054460e-01	3.053848e-01	3.055585e-01
3.771178331969606e-07	3.054439e-01	3.053884e-01	3.055593e-01
3.771368331969601e-07	3.054420e-01	3.053920e-01	3.055601e-01
3.771558331969596e-07	3.054401e-01	3.053956e-01	3.055610e-01
3.771802617683876e-07	3.054378e-01	3.054002e-01	3.055623e-01
3.772046903398155e-07	3.054357e-01	3.054048e-01	3.055637e-01
3.772291189112435e-07	3.054337e-01	3.054094e-01	3.055651e-01
3.772535474826714e-07	3.054318e-01	3.054139e-01	3.055667e-01
3.772779760540994e-07	3.054301e-01	3.054185e-01	3.055683e-01
3.773024046255273e-07	3.054285e-01	3.054229e-01	3.055700e-01
3.773268331969553e-07	3.054270e-01	3.054274e-01	3.055719e-01
3.773574046255259e-07	3.054254e-01	3.054329e-01	3.055743e-01
3.773879760540966e-07	3.054240e-01	3.054384e-01	3.055768e-01
3.774185474826672e-07	3.054227e-01	3.054437e-01	3.055793e-01
3.774491189112379e-07	3.054216e-01	3.054490e-01	3.055818e-01
3.774796903398086e-07	3.054208e-01	3.054542e-01	3.055844e-01
3.775102617683792e-07	3.054201e-01	3.054593e-01	3.055869e-01
3.775408331969499e-07	3.054196e-01	3.054644e-01	3.055895e-01
3.775634046255207e-07	3.054193e-01	3.054680e-01	3.055913e-01
3.775859760540916e-07	3.054192e-01	3.054716e-01	3.055931e-01
3.776085474826624e-07	3.054191e-01	3.054751e-01	3.055948e-01
3.776311189112333e-07	3.054191e-01	3.054786e-01	3.055965e-01
3.776536903398041e-07	3.054192e-01	3.054820e-01	3.055982e-01
3.776762617683750e-07	3.054194e-01	3.054854e-01	3.055999e-01
3.776988331969459e-07	3.054197e-01	3.054887e-01	3.056014e-01
3.777145474826597e-07	3.054199e-01	3.054910e-01	3.056026e-01
3.777302617683736e-07	3.054201e-01	3.054932e-01	3.056037e-01
3.777459760540875e-07	3.054204e-01	3.054954e-01	3.056048e-01
3.777616903398014e-07	3.054208e-01	3.054976e-01	3.056059e-01
3.777774046255153e-07	3.054212e-01	3.054998e-01	3.056070e-01
3.777931189112292e-07	3.054216e-01	3.055019e-01	3.056081e-01
3.778088331969431e-07	3.054220e-01	3.055040e-01	3.056091e-01
3.778098331969430e-07	3.054220e-01	3.055041e-01	3.056092e-01
3.778336903397996e-07	3.054228e-01	3.055072e-01	3.056109e-01
3.778575474826561e-07	3.054236e-01	3.055103e-01	3.056126e-01
3.778814046255127e-07	3.054245e-01	3.055133e-01	3.056143e-01
3.779052617683692e-07	3.054254e-01	3.055162e-01	3.056160e-01
3.779291189112257e-07	3.054265e-01	3.055190e-01	3.056177e-01
3.779529760540823e-07	3.054275e-01	3.055218e-01	3.056195e-01
3.779768331969388e-07	3.054287e-01	3.055245e-01	3.056213e-01
3.780162617683664e-07	3.054307e-01	3.055288e-01	3.056243e-01
3.780556903397940e-07	3.054329e-01	3.055329e-01	3.056272e-01
3.780951189112215e-07	3.054352e-01	3.055369e-01	3.056301e-01
3.781345474826491e-07	3.054376e-01	3.055406e-01	3.056328e-01
3.781739760540767e-07	3.054402e-01	3.055442e-01	3.056354e-01
3.782134046255042e-07	3.054428e-01	3.055476e-01	3.056379e-01
3.782528331969318e-07	3.054456e-01	3.055509e-01	3.056403e-01
3.782749760540741e-07	3.054472e-01	3.055526e-01	3.056415e-01
3.782971189112164e-07	3.054488e-01	3.055543e-01	3.056427e-01
3.783192617683587e-07	3.054505e-01	3.055559e-01	3.056437e-01
3.783414046255010e-07	3.054521e-01	3.055575e-01	3.056447e-01
3.783635474826433e-07	3.054538e-01	3.055590e-01	3.056457e-01
3.783856903397856e-07	3.054555e-01	3.055605e-01	3.056465e-01
3.784078331969279e-07	3.054572e-01	3.055620e-01	3.056473e-01
3.784412617683556e-07	3.054598e-01	3.055640e-01	3.056483e-01
3.784746903397833e-07	3.054624e-01	3.055660e-01	3.056491e-01
3.785081189112111e-07	3.054651e-01	3.055678e-01	3.056499e-01
3.785415474826388e-07	3.054678e-01	3.055696e-01	3.056506e-01
3.785749760540665e-07	3.054705e-01	3.055712e-01	3.056511e-01
3.786084046254942e-07	3.054732e-01	3.055728e-01	3.056516e-01
3.786418331969220e-07	3.054759e-01	3.055742e-01	3.056519e-01
3.786592617683501e-07	3.054773e-01	3.055750e-01	3.056521e-01
3.786766903397782e-07	3.054788e-01	3.055757e-01	3.056522e-01
3.786941189112064e-07	3.054802e-01	3.055763e-01	3.056524e-01
3.787115474826345e-07	3.054816e-01	3.055770e-01	3.056525e-01
3.787289760540626e-07	3.054830e-01	3.055776e-01	3.056527e-01
3.787464046254907e-07	3.054845e-01	3.055782e-01	3.056528e-01
3.787638331969189e-07	3.054859e-01	3.055788e-01	3.056529e-01
3.788338331969171e-07	3.054915e-01	3.055809e-01	3.056534e-01
3.788492617683453e-07	3.054927e-01	3.055813e-01	3.056535e-01
3.788646903397735e-07	3.054940e-01	3.055817e-01	3.056536e-01
3.788801189112016e-07	3.054952e-01	3.055821e-01	3.056537e-01
3.788955474826298e-07	3.054964e-01	3.055825e-01	3.056538e-01
3.789109760540580e-07	3.054976e-01	3.055828e-01	3.056538e-01
3.789264046254862e-07	3.054988e-01	3.055832e-01	3.056539e-01
3.789418331969144e-07	3.055001e-01	3.055835e-01	3.056540e-01
3.789581189111997e-07	3.055013e-01	3.055838e-01	3.056540e-01
3.789744046254850e-07	3.055026e-01	3.055841e-01	3.056540e-01
3.789906903397703e-07	3.055038e-01	3.055844e-01	3.056541e-01
3.790069760540556e-07	3.055051e-01	3.055847e-01	3.056540e-01
3.790232617683409e-07	3.055063e-01	3.055850e-01	3.056540e-01
3.790395474826262e-07	3.055075e-01	3.055853e-01	3.056540e-01
3.790558331969115e-07	3.055088e-01	3.055855e-01	3.056539e-01
3.790916903397677e-07	3.055114e-01	3.055860e-01	3.056537e-01
3.791275474826239e-07	3.055140e-01	3.055864e-01	3.056532e-01
3.791634046254802e-07	3.055166e-01	3.055867e-01	3.056525e-01
3.791992617683364e-07	3.055191e-01	3.055870e-01	3.056515e-01
3.792351189111926e-07	3.055216e-01	3.055873e-01	3.056502e-01
3.792709760540489e-07	3.055240e-01	3.055875e-01	3.056487e-01
3.793068331969051e-07	3.055264e-01	3.055876e-01	3.056469e-01
3.793364046254758e-07	3.055283e-01	3.055877e-01	3.056451e-01
3.793659760540465e-07	3.055302e-01	3.055877e-01	3.056430e-01
3.793955474826172e-07	3.055321e-01	3.055877e-01	3.056406e-01
3.794251189111878e-07	3.055339e-01	3.055877e-01	3.056379e-01
3.794546903397585e-07	3.055356e-01	3.055877e-01	3.056349e-01
3.794842617683292e-07	3.055374e-01	3.055876e-01	3.056316e-01
3.795138331968999e-07	3.055390e-01	3.055875e-01	3.056281e-01
3.795504046254704e-07	3.055411e-01	3.055873e-01	3.056232e-01
3.795869760540409e-07	3.055430e-01	3.055872e-01	3.056179e-01
3.796235474826114e-07	3.055449e-01	3.055870e-01	3.056121e-01
3.796601189111819e-07	3.055468e-01	3.055867e-01	3.056060e-01
3.796966903397524e-07	3.055486e-01	3.055865e-01	3.055993e-01
3.797332617683229e-07	3.055503e-01	3.055862e-01	3.055923e-01
3.797698331968934e-07	3.055520e-01	3.055858e-01	3.055848e-01
3.797822617683216e-07	3.055525e-01	3.055857e-01	3.055822e-01
3.797946903397499e-07	3.055531e-01	3.055856e-01	3.055796e-01
3.798071189111782e-07	3.055536e-01	3.055855e-01	3.055769e-01
3.798195474826064e-07	3.055541e-01	3.055854e-01	3.055742e-01
3.798319760540347e-07	3.055546e-01	3.055853e-01	3.055714e-01
3.798444046254629e-07	3.055552e-01	3.055851e-01	3.055687e-01
3.798568331968912e-07	3.055557e-01	3.055850e-01	3.055659e-01
3.798578331968912e-07	3.055557e-01	3.055850e-01	3.055656e-01
3.798979760540330e-07	3.055573e-01	3.055846e-01	3.055562e-01
3.799381189111748e-07	3.055588e-01	3.055841e-01	3.055467e-01
3.799782617683167e-07	3.055603e-01	3.055837e-01	3.055371e-01
3.800184046254585e-07	3.055617e-01	3.055832e-01	3.055273e-01
3.800585474826004e-07	3.055630e-01	3.055827e-01	3.055175e-01
3.800986903397422e-07	3.055642e-01	3.055822e-01	3.055076e-01
3.801388331968840e-07	3.055654e-01	3.055817e-01	3.054976e-01
3.801574046254550e-07	3.055659e-01	3.055815e-01	3.054931e-01
3.801759760540260e-07	3.055664e-01	3.055812e-01	3.054886e-01
3.801945474825969e-07	3.055669e-01	3.055810e-01	3.054840e-01
3.802131189111679e-07	3.055674e-01	3.055808e-01	3.054794e-01
3.802316903397388e-07	3.055678e-01	3.055805e-01	3.054747e-01
3.802502617683098e-07	3.055683e-01	3.055803e-01	3.054701e-01
3.802688331968807e-07	3.055687e-01	3.055800e-01	3.054654e-01
3.803079760540226e-07	3.055696e-01	3.055795e-01	3.054553e-01
3.803471189111645e-07	3.055704e-01	3.055790e-01	3.054452e-01
3.803862617683063e-07	3.055712e-01	3.055785e-01	3.054351e-01
3.804254046254482e-07	3.055719e-01	3.055780e-01	3.054250e-01
3.804645474825901e-07	3.055726e-01	3.055774e-01	3.054150e-01
3.805036903397319e-07	3.055732e-01	3.055769e-01	3.054049e-01
3.805428331968738e-07	3.055737e-01	3.055764e-01	3.053948e-01
3.805769760540158e-07	3.055742e-01	3.055759e-01	3.053861e-01
3.806111189111578e-07	3.055746e-01	3.055755e-01	3.053779e-01
3.806452617682998e-07	3.055750e-01	3.055750e-01	3.053701e-01
3.806794046254418e-07	3.055753e-01	3.055746e-01	3.053627e-01
3.807135474825838e-07	3.055756e-01	3.055741e-01	3.053558e-01
3.807476903397258e-07	3.055759e-01	3.055737e-01	3.053493e-01
3.807818331968677e-07	3.055761e-01	3.055733e-01	3.053432e-01
3.807959760540102e-07	3.055762e-01	3.055731e-01	3.053410e-01
3.808101189111527e-07	3.055763e-01	3.055729e-01	3.053389e-01
3.808242617682952e-07	3.055764e-01	3.055727e-01	3.053369e-01
3.808384046254377e-07	3.055765e-01	3.055726e-01	3.053350e-01
3.808525474825802e-07	3.055766e-01	3.055724e-01	3.053332e-01
3.808666903397227e-07	3.055766e-01	3.055722e-01	3.053316e-01
3.808808331968652e-07	3.055767e-01	3.055720e-01	3.053301e-01
3.808818331968652e-07	3.055767e-01	3.055720e-01	3.053300e-01
3.809024046254361e-07	3.055768e-01	3.055718e-01	3.053281e-01
3.809229760540070e-07	3.055769e-01	3.055715e-01	3.053264e-01
3.809435474825779e-07	3.055769e-01	3.055713e-01	3.053250e-01
3.809641189111488e-07	3.055770e-01	3.055710e-01	3.053238e-01
3.809846903397197e-07	3.055770e-01	3.055708e-01	3.053230e-01
3.810052617682907e-07	3.055771e-01	3.055705e-01	3.053223e-01
3.810258331968616e-07	3.055771e-01	3.055703e-01	3.053220e-01
3.810451189111468e-07	3.055771e-01	3.055701e-01	3.053219e-01
3.810644046254320e-07	3.055771e-01	3.055699e-01	3.053220e-01
3.810836903397172e-07	3.055771e-01	3.055696e-01	3.053223e-01
3.811029760540025e-07	3.055771e-01	3.055694e-01	3.053228e-01
3.811222617682877e-07	3.055771e-01	3.055692e-01	3.053236e-01
3.811415474825729e-07	3.055771e-01	3.055690e-01	3.053245e-01
3.811608331968581e-07	3.055771e-01	3.055688e-01	3.053257e-01
3.812075474825712e-07	3.055770e-01	3.055683e-01	3.053294e-01
3.812542617682843e-07	3.055769e-01	3.055678e-01	3.053341e-01
3.813009760539975e-07	3.055768e-01	3.055673e-01	3.053399e-01
3.813476903397106e-07	3.055766e-01	3.055668e-01	3.053468e-01
3.813944046254237e-07	3.055764e-01	3.055664e-01	3.053548e-01
3.814411189111368e-07	3.055762e-01	3.055659e-01	3.053638e-01
3.814878331968499e-07	3.055759e-01	3.055655e-01	3.053740e-01
3.815291189111345e-07	3.055757e-01	3.055651e-01	3.053838e-01
3.815704046254192e-07	3.055754e-01	3.055648e-01	3.053941e-01
3.816116903397039e-07	3.055752e-01	3.055644e-01	3.054049e-01
3.816529760539885e-07	3.055749e-01	3.055641e-01	3.054161e-01
3.816942617682732e-07	3.055746e-01	3.055637e-01	3.054278e-01
3.817355474825579e-07	3.055743e-01	3.055634e-01	3.054399e-01
3.817768331968425e-07	3.055740e-01	3.055631e-01	3.054525e-01
3.817951189111278e-07	3.055738e-01	3.055629e-01	3.054580e-01
3.818134046254130e-07	3.055737e-01	3.055628e-01	3.054635e-01
3.818316903396983e-07	3.055735e-01	3.055627e-01	3.054690e-01
3.818499760539835e-07	3.055734e-01	3.055625e-01	3.054745e-01
3.818682617682688e-07	3.055732e-01	3.055624e-01	3.054800e-01
3.818865474825540e-07	3.055731e-01	3.055623e-01	3.054855e-01
3.819048331968393e-07	3.055729e-01	3.055621e-01	3.054909e-01
3.819058331968393e-07	3.055729e-01	3.055621e-01	3.054912e-01
3.819428331968383e-07	3.055726e-01	3.055619e-01	3.055022e-01
3.819798331968374e-07	3.055723e-01	3.055616e-01	3.055128e-01
3.820168331968365e-07	3.055720e-01	3.055614e-01	3.055230e-01
3.820538331968355e-07	3.055717e-01	3.055612e-01	3.055328e-01
3.820908331968346e-07	3.055713e-01	3.055609e-01	3.055423e-01
3.821278331968336e-07	3.055710e-01	3.055607e-01	3.055513e-01
3.821648331968327e-07	3.055707e-01	3.055605e-01	3.055600e-01
3.821989760539747e-07	3.055704e-01	3.055603e-01	3.055675e-01
3.822331189111167e-07	3.055701e-01	3.055601e-01	3.055745e-01
3.822672617682587e-07	3.055698e-01	3.055600e-01	3.055811e-01
3.823014046254007e-07	3.055695e-01	3.055598e-01	3.055873e-01
3.823355474825427e-07	3.055692e-01	3.055596e-01	3.055931e-01
3.823696903396847e-07	3.055689e-01	3.055594e-01	3.055984e-01
3.824038331968267e-07	3.055685e-01	3.055593e-01	3.056034e-01
3.824582617682538e-07	3.055681e-01	3.055590e-01	3.056102e-01
3.825126903396810e-07	3.055676e-01	3.055588e-01	3.056165e-01
3.825671189111082e-07	3.055671e-01	3.055586e-01	3.056223e-01
3.826215474825354e-07	3.055666e-01	3.055584e-01	3.056275e-01
3.826759760539626e-07	3.055662e-01	3.055582e-01	3.056323e-01
3.827304046253898e-07	3.055657e-01	3.055580e-01	3.056365e-01
3.827848331968170e-07	3.055653e-01	3.055578e-01	3.056401e-01
3.828054046253879e-07	3.055651e-01	3.055577e-01	3.056416e-01
3.828259760539588e-07	3.055649e-01	3.055576e-01	3.056430e-01
3.828465474825297e-07	3.055648e-01	3.055576e-01	3.056445e-01
3.828671189111006e-07	3.055646e-01	3.055575e-01	3.056459e-01
3.828876903396715e-07	3.055644e-01	3.055575e-01	3.056474e-01
3.829082617682424e-07	3.055643e-01	3.055574e-01	3.056488e-01
3.829288331968133e-07	3.055641e-01	3.055573e-01	3.056502e-01
3.829298331968133e-07	3.055641e-01	3.055573e-01	3.056503e-01
3.829619760539554e-07	3.055639e-01	3.055573e-01	3.056525e-01
3.829941189110974e-07	3.055636e-01	3.055572e-01	3.056548e-01
3.830262617682395e-07	3.055634e-01	3.055571e-01	3.056571e-01
3.830584046253815e-07	3.055632e-01	3.055570e-01	3.056594e-01
3.830905474825235e-07	3.055629e-01	3.055569e-01	3.056617e-01
3.831226903396656e-07	3.055627e-01	3.055568e-01	3.056641e-01
3.831548331968076e-07	3.055625e-01	3.055567e-01	3.056665e-01
3.831989760539494e-07	3.055622e-01	3.055567e-01	3.056698e-01
3.832431189110911e-07	3.055619e-01	3.055566e-01	3.056731e-01
3.832872617682328e-07	3.055616e-01	3.055565e-01	3.056763e-01
3.833314046253746e-07	3.055613e-01	3.055564e-01	3.056794e-01
3.833755474825163e-07	3.055610e-01	3.055563e-01	3.056824e-01
3.834196903396581e-07	3.055607e-01	3.055563e-01	3.056853e-01
3.834638331967998e-07	3.055605e-01	3.055562e-01	3.056881e-01
3.834995474825132e-07	3.055603e-01	3.055561e-01	3.056902e-01
3.835352617682266e-07	3.055601e-01	3.055561e-01	3.056921e-01
3.835709760539399e-07	3.055599e-01	3.055560e-01	3.056937e-01
3.836066903396533e-07	3.055597e-01	3.055559e-01	3.056951e-01
3.836424046253667e-07	3.055595e-01	3.055559e-01	3.056964e-01
3.836781189110801e-07	3.055593e-01	3.055559e-01	3.056974e-01
3.837138331967935e-07	3.055591e-01	3.055558e-01	3.056981e-01
3.837365474825072e-07	3.055590e-01	3.055558e-01	3.056984e-01
3.837592617682209e-07	3.055589e-01	3.055558e-01	3.056986e-01
3.837819760539346e-07	3.055588e-01	3.055557e-01	3.056987e-01
3.838046903396483e-07	3.055587e-01	3.055557e-01	3.056986e-01
3.838274046253620e-07	3.055586e-01	3.055557e-01	3.056985e-01
3.838501189110757e-07	3.055585e-01	3.055557e-01	3.056981e-01
3.838728331967894e-07	3.055584e-01	3.055556e-01	3.056977e-01
3.839538331967874e-07	3.055581e-01	3.055556e-01	3.056950e-01
3.839911189110722e-07	3.055579e-01	3.055555e-01	3.056932e-01
3.840284046253569e-07	3.055578e-01	3.055555e-01	3.056910e-01
3.840656903396417e-07	3.055576e-01	3.055555e-01	3.056884e-01
3.841029760539265e-07	3.055575e-01	3.055554e-01	3.056855e-01
3.841402617682112e-07	3.055574e-01	3.055554e-01	3.056822e-01
3.841775474824960e-07	3.055573e-01	3.055554e-01	3.056786e-01
3.842148331967808e-07	3.055571e-01	3.055554e-01	3.056746e-01
3.842782617682077e-07	3.055569e-01	3.055553e-01	3.056668e-01
3.843416903396347e-07	3.055567e-01	3.055553e-01	3.056583e-01
3.844051189110617e-07	3.055566e-01	3.055553e-01	3.056492e-01
3.844685474824886e-07	3.055564e-01	3.055553e-01	3.056395e-01
3.845319760539156e-07	3.055562e-01	3.055552e-01	3.056291e-01
3.845954046253426e-07	3.055561e-01	3.055552e-01	3.056181e-01
3.846588331967695e-07	3.055560e-01	3.055552e-01	3.056065e-01
3.847042617681969e-07	3.055559e-01	3.055552e-01	3.055980e-01
3.847496903396244e-07	3.055558e-01	3.055552e-01	3.055896e-01
3.847951189110518e-07	3.055557e-01	3.055552e-01	3.055811e-01
3.848405474824792e-07	3.055556e-01	3.055552e-01	3.055727e-01
3.848859760539066e-07	3.055556e-01	3.055552e-01	3.055643e-01
3.849314046253340e-07	3.055555e-01	3.055551e-01	3.055559e-01
3.849768331967615e-07	3.055554e-01	3.055551e-01	3.055475e-01
3.849778331967614e-07	3.055554e-01	3.055551e-01	3.055473e-01
3.850396903396170e-07	3.055553e-01	3.055551e-01	3.055361e-01
3.851015474824726e-07	3.055553e-01	3.055551e-01	3.055254e-01
3.851634046253282e-07	3.055552e-01	3.055551e-01	3.055152e-01
3.852252617681837e-07	3.055551e-01	3.055551e-01	3.055055e-01
3.852871189110393e-07	3.055551e-01	3.055551e-01	3.054963e-01
3.853489760538949e-07	3.055550e-01	3.055551e-01	3.054876e-01
3.854108331967505e-07	3.055550e-01	3.055551e-01	3.054795e-01
3.854631189110349e-07	3.055550e-01	3.055551e-01	3.054732e-01
3.855154046253192e-07	3.055549e-01	3.055551e-01	3.054675e-01
3.855676903396036e-07	3.055549e-01	3.055551e-01	3.054623e-01
3.856199760538880e-07	3.055549e-01	3.055551e-01	3.054576e-01
3.856722617681724e-07	3.055549e-01	3.055551e-01	3.054535e-01
3.857245474824568e-07	3.055548e-01	3.055552e-01	3.054499e-01
3.857768331967412e-07	3.055548e-01	3.055552e-01	3.054467e-01
3.858088331967404e-07	3.055548e-01	3.055552e-01	3.054451e-01
3.858408331967396e-07	3.055548e-01	3.055552e-01	3.054437e-01
3.858728331967388e-07	3.055548e-01	3.055552e-01	3.054424e-01
3.859048331967380e-07	3.055548e-01	3.055552e-01	3.054414e-01
3.859368331967371e-07	3.055548e-01	3.055552e-01	3.054405e-01
3.859688331967363e-07	3.055548e-01	3.055552e-01	3.054398e-01
3.860008331967355e-07	3.055548e-01	3.055552e-01	3.054393e-01
3.860018331967355e-07	3.055548e-01	3.055552e-01	3.054393e-01
3.860086903395925e-07	3.055548e-01	3.055552e-01	3.054392e-01
3.860155474824494e-07	3.055548e-01	3.055552e-01	3.054391e-01
3.860224046253064e-07	3.055548e-01	3.055552e-01	3.054391e-01
3.860292617681634e-07	3.055548e-01	3.055552e-01	3.054390e-01
3.860361189110203e-07	3.055548e-01	3.055552e-01	3.054390e-01
3.860429760538773e-07	3.055548e-01	3.055552e-01	3.054389e-01
3.860498331967343e-07	3.055548e-01	3.055552e-01	3.054389e-01
3.860528331967342e-07	3.055548e-01	3.055552e-01	3.054389e-01
3.860558331967341e-07	3.055548e-01	3.055552e-01	3.054389e-01
3.860579760538769e-07	3.055548e-01	3.055552e-01	3.054389e-01
3.860601189110197e-07	3.055548e-01	3.055552e-01	3.054389e-01
3.860622617681625e-07	3.055548e-01	3.055552e-01	3.054388e-01
3.860644046253053e-07	3.055548e-01	3.055552e-01	3.054388e-01
3.860665474824481e-07	3.055548e-01	3.055553e-01	3.054388e-01
3.860686903395909e-07	3.055548e-01	3.055553e-01	3.054388e-01
3.860708331967337e-07	3.055548e-01	3.055553e-01	3.054388e-01
3.860744046253051e-07	3.055548e-01	3.055554e-01	3.054388e-01
3.860779760538764e-07	3.055548e-01	3.055555e-01	3.054388e-01
3.860815474824478e-07	3.055548e-01	3.055555e-01	3.054388e-01
3.860851189110191e-07	3.055547e-01	3.055556e-01	3.054388e-01
3.860886903395904e-07	3.055547e-01	3.055557e-01	3.054388e-01
3.860922617681618e-07	3.055547e-01	3.055558e-01	3.054388e-01
3.860958331967331e-07	3.055547e-01	3.055559e-01	3.054388e-01
3.861001189110187e-07	3.055547e-01	3.055561e-01	3.054389e-01
3.861044046253043e-07	3.055547e-01	3.055562e-01	3.054389e-01
3.861086903395899e-07	3.055547e-01	3.055563e-01	3.054389e-01
3.861129760538755e-07	3.055547e-01	3.055564e-01	3.054389e-01
3.861172617681611e-07	3.055547e-01	3.055565e-01	3.054390e-01
3.861215474824467e-07	3.055547e-01	3.055565e-01	3.054390e-01
3.861258331967324e-07	3.055547e-01	3.055566e-01	3.054390e-01
3.861294046253037e-07	3.055546e-01	3.055567e-01	3.054391e-01
3.861329760538750e-07	3.055546e-01	3.055567e-01	3.054391e-01
3.861365474824464e-07	3.055546e-01	3.055567e-01	3.054391e-01
3.861401189110177e-07	3.055546e-01	3.055567e-01	3.054392e-01
3.861436903395890e-07	3.055545e-01	3.055566e-01	3.054392e-01
3.861472617681604e-07	3.055545e-01	3.055566e-01	3.054392e-01
3.861508331967317e-07	3.055544e-01	3.055565e-01	3.054393e-01
3.861555474824459e-07	3.055544e-01	3.055564e-01	3.054393e-01
3.861602617681601e-07	3.055543e-01	3.055563e-01	3.054394e-01
3.861649760538742e-07	3.055542e-01	3.055561e-01	3.054394e-01
3.861696903395884e-07	3.055541e-01	3.055559e-01	3.054395e-01
3.861744046253025e-07	3.055540e-01	3.055557e-01	3.054396e-01
3.861791189110167e-07	3.055539e-01	3.055554e-01	3.054397e-01
3.861838331967309e-07	3.055538e-01	3.055551e-01	3.054397e-01
3.861914046253021e-07	3.055536e-01	3.055546e-01	3.054399e-01
3.861989760538734e-07	3.055534e-01	3.055540e-01	3.054400e-01
3.862065474824446e-07	3.055531e-01	3.055535e-01	3.054401e-01
3.862141189110158e-07	3.055528e-01	3.055529e-01	3.054403e-01
3.862216903395871e-07	3.055525e-01	3.055523e-01	3.054405e-01
3.862292617681583e-07	3.055521e-01	3.055517e-01	3.054406e-01
3.862368331967295e-07	3.055518e-01	3.055511e-01	3.054408e-01
3.862429760538722e-07	3.055515e-01	3.055506e-01	3.054410e-01
3.862491189110149e-07	3.055511e-01	3.055502e-01	3.054411e-01
3.862552617681576e-07	3.055508e-01	3.055497e-01	3.054413e-01
3.862614046253003e-07	3.055504e-01	3.055493e-01	3.054415e-01
3.862675474824430e-07	3.055501e-01	3.055490e-01	3.054416e-01
3.862736903395857e-07	3.055497e-01	3.055486e-01	3.054418e-01
3.862798331967284e-07	3.055493e-01	3.055483e-01	3.054420e-01
3.862852617681569e-07	3.055489e-01	3.055481e-01	3.054421e-01
3.862906903395853e-07	3.055485e-01	3.055479e-01	3.054423e-01
3.862961189110138e-07	3.055481e-01	3.055477e-01	3.054425e-01
3.863015474824422e-07	3.055478e-01	3.055476e-01	3.054427e-01
3.863069760538706e-07	3.055474e-01	3.055475e-01	3.054428e-01
3.863124046252991e-07	3.055470e-01	3.055474e-01	3.054430e-01
3.863178331967275e-07	3.055466e-01	3.055474e-01	3.054432e-01
3.863238331967273e-07	3.055461e-01	3.055474e-01	3.054434e-01
3.863298331967272e-07	3.055457e-01	3.055474e-01	3.054436e-01
3.863358331967270e-07	3.055452e-01	3.055474e-01	3.054439e-01
3.863418331967269e-07	3.055448e-01	3.055475e-01	3.054441e-01
3.863478331967267e-07	3.055443e-01	3.055476e-01	3.054443e-01
3.863538331967266e-07	3.055439e-01	3.055478e-01	3.054446e-01
3.863598331967264e-07	3.055434e-01	3.055480e-01	3.054448e-01
3.863708331967261e-07	3.055426e-01	3.055484e-01	3.054453e-01
3.863818331967259e-07	3.055417e-01	3.055488e-01	3.054457e-01
3.863928331967256e-07	3.055409e-01	3.055491e-01	3.054462e-01
3.864038331967253e-07	3.055401e-01	3.055495e-01	3.054467e-01
3.864148331967250e-07	3.055392e-01	3.055499e-01	3.054472e-01
3.864258331967248e-07	3.055384e-01	3.055502e-01	3.054477e-01
3.864368331967245e-07	3.055376e-01	3.055505e-01	3.054482e-01
3.864436903395814e-07	3.055371e-01	3.055507e-01	3.054486e-01
3.864505474824384e-07	3.055366e-01	3.055508e-01	3.054489e-01
3.864574046252954e-07	3.055361e-01	3.055509e-01	3.054493e-01
3.864642617681523e-07	3.055355e-01	3.055509e-01	3.054496e-01
3.864711189110093e-07	3.055350e-01	3.055508e-01	3.054500e-01
3.864779760538663e-07	3.055345e-01	3.055508e-01	3.054503e-01
3.864848331967233e-07	3.055340e-01	3.055506e-01	3.054507e-01
3.864925474824373e-07	3.055334e-01	3.055504e-01	3.054511e-01
3.865002617681514e-07	3.055327e-01	3.055502e-01	3.054516e-01
3.865079760538655e-07	3.055321e-01	3.055498e-01	3.054520e-01
3.865156903395796e-07	3.055315e-01	3.055494e-01	3.054524e-01
3.865234046252937e-07	3.055308e-01	3.055490e-01	3.054529e-01
3.865311189110078e-07	3.055302e-01	3.055484e-01	3.054533e-01
3.865388331967219e-07	3.055295e-01	3.055478e-01	3.054537e-01
3.865506903395787e-07	3.055284e-01	3.055467e-01	3.054544e-01
3.865625474824356e-07	3.055273e-01	3.055455e-01	3.054552e-01
3.865744046252924e-07	3.055261e-01	3.055442e-01	3.054559e-01
3.865862617681493e-07	3.055248e-01	3.055427e-01	3.054566e-01
3.865981189110061e-07	3.055235e-01	3.055411e-01	3.054574e-01
3.866099760538629e-07	3.055221e-01	3.055394e-01	3.054581e-01
3.866218331967198e-07	3.055207e-01	3.055376e-01	3.054589e-01
3.866364046252908e-07	3.055188e-01	3.055353e-01	3.054599e-01
3.866509760538619e-07	3.055168e-01	3.055329e-01	3.054608e-01
3.866655474824330e-07	3.055147e-01	3.055306e-01	3.054618e-01
3.866801189110040e-07	3.055125e-01	3.055283e-01	3.054628e-01
3.866946903395751e-07	3.055103e-01	3.055260e-01	3.054639e-01
3.867092617681461e-07	3.055079e-01	3.055237e-01	3.054649e-01
3.867238331967172e-07	3.055054e-01	3.055214e-01	3.054659e-01
3.867375474824311e-07	3.055030e-01	3.055193e-01	3.054669e-01
3.867512617681451e-07	3.055006e-01	3.055175e-01	3.054679e-01
3.867649760538590e-07	3.054981e-01	3.055157e-01	3.054689e-01
3.867786903395730e-07	3.054956e-01	3.055142e-01	3.054700e-01
3.867924046252869e-07	3.054931e-01	3.055127e-01	3.054710e-01
3.868061189110008e-07	3.054905e-01	3.055114e-01	3.054721e-01
3.868198331967148e-07	3.054880e-01	3.055103e-01	3.054731e-01
3.868381189110000e-07	3.054845e-01	3.055091e-01	3.054745e-01
3.868564046252853e-07	3.054812e-01	3.055083e-01	3.054759e-01
3.868746903395705e-07	3.054781e-01	3.055078e-01	3.054774e-01
3.868929760538558e-07	3.054751e-01	3.055077e-01	3.054788e-01
3.869112617681410e-07	3.054722e-01	3.055080e-01	3.054803e-01
3.869295474824263e-07	3.054695e-01	3.055087e-01	3.054817e-01
3.869478331967115e-07	3.054669e-01	3.055098e-01	3.054832e-01
3.869588331967112e-07	3.054655e-01	3.055106e-01	3.054841e-01
3.869698331967110e-07	3.054642e-01	3.055116e-01	3.054850e-01
3.869808331967107e-07	3.054629e-01	3.055128e-01	3.054859e-01
3.869918331967104e-07	3.054618e-01	3.055141e-01	3.054868e-01
3.870028331967101e-07	3.054608e-01	3.055155e-01	3.054877e-01
3.870138331967099e-07	3.054599e-01	3.055171e-01	3.054886e-01
3.870248331967096e-07	3.054590e-01	3.055189e-01	3.054895e-01
3.870258331967095e-07	3.054589e-01	3.055190e-01	3.054896e-01
3.870355474824236e-07	3.054583e-01	3.055207e-01	3.054904e-01
3.870452617681376e-07	3.054578e-01	3.055226e-01	3.054912e-01
3.870549760538517e-07	3.054573e-01	3.055245e-01	3.054920e-01
3.870646903395657e-07	3.054569e-01	3.055266e-01	3.054928e-01
3.870744046252797e-07	3.054566e-01	3.055289e-01	3.054936e-01
3.870841189109938e-07	3.054564e-01	3.055313e-01	3.054944e-01
3.870938331967078e-07	3.054563e-01	3.055338e-01	3.054952e-01
3.871011189109934e-07	3.054562e-01	3.055357e-01	3.054958e-01
3.871084046252789e-07	3.054562e-01	3.055378e-01	3.054964e-01
3.871156903395644e-07	3.054563e-01	3.055399e-01	3.054970e-01
3.871229760538499e-07	3.054564e-01	3.055421e-01	3.054977e-01
3.871302617681355e-07	3.054565e-01	3.055444e-01	3.054983e-01
3.871375474824210e-07	3.054567e-01	3.055468e-01	3.054989e-01
3.871448331967065e-07	3.054569e-01	3.055493e-01	3.054995e-01
3.871611189109918e-07	3.054575e-01	3.055551e-01	3.055008e-01
3.871774046252771e-07	3.054584e-01	3.055613e-01	3.055022e-01
3.871936903395624e-07	3.054594e-01	3.055680e-01	3.055035e-01
3.872099760538477e-07	3.054606e-01	3.055751e-01	3.055048e-01
3.872262617681330e-07	3.054619e-01	3.055826e-01	3.055062e-01
3.872425474824183e-07	3.054634e-01	3.055906e-01	3.055075e-01
3.872588331967036e-07	3.054651e-01	3.055989e-01	3.055089e-01
3.872812617681316e-07	3.054677e-01	3.056113e-01	3.055107e-01
3.873036903395597e-07	3.054703e-01	3.056243e-01	3.055125e-01
3.873261189109877e-07	3.054730e-01	3.056378e-01	3.055144e-01
3.873485474824157e-07	3.054759e-01	3.056520e-01	3.055162e-01
3.873709760538437e-07	3.054788e-01	3.056667e-01	3.055179e-01
3.873934046252717e-07	3.054818e-01	3.056820e-01	3.055197e-01
3.874158331966997e-07	3.054849e-01	3.056979e-01	3.055215e-01
3.874359760538420e-07	3.054876e-01	3.057125e-01	3.055231e-01
3.874561189109844e-07	3.054903e-01	3.057270e-01	3.055246e-01
3.874762617681267e-07	3.054928e-01	3.057414e-01	3.055262e-01
3.874964046252691e-07	3.054953e-01	3.057557e-01	3.055277e-01
3.875165474824114e-07	3.054978e-01	3.057698e-01	3.055292e-01
3.875366903395537e-07	3.055001e-01	3.057839e-01	3.055307e-01
3.875568331966961e-07	3.055024e-01	3.057978e-01	3.055322e-01
3.875771189109813e-07	3.055045e-01	3.058114e-01	3.055337e-01
3.875974046252665e-07	3.055065e-01	3.058241e-01	3.055352e-01
3.876176903395517e-07	3.055084e-01	3.058360e-01	3.055367e-01
3.876379760538369e-07	3.055102e-01	3.058470e-01	3.055381e-01
3.876582617681221e-07	3.055119e-01	3.058572e-01	3.055395e-01
3.876785474824073e-07	3.055135e-01	3.058665e-01	3.055409e-01
3.876988331966925e-07	3.055149e-01	3.058750e-01	3.055423e-01
3.877128331966921e-07	3.055158e-01	3.058801e-01	3.055433e-01
3.877268331966918e-07	3.055167e-01	3.058846e-01	3.055442e-01
3.877408331966914e-07	3.055176e-01	3.058884e-01	3.055451e-01
3.877548331966911e-07	3.055184e-01	3.058916e-01	3.055461e-01
3.877688331966907e-07	3.055192e-01	3.058942e-01	3.055470e-01
3.877828331966904e-07	3.055199e-01	3.058961e-01	3.055479e-01
3.877968331966900e-07	3.055206e-01	3.058974e-01	3.055488e-01
3.878059760538326e-07	3.055211e-01	3.058979e-01	3.055493e-01
3.878151189109753e-07	3.055215e-01	3.058981e-01	3.055499e-01
3.878242617681179e-07	3.055219e-01	3.058979e-01	3.055505e-01
3.878334046252605e-07	3.055223e-01	3.058975e-01	3.055510e-01
3.878425474824031e-07	3.055227e-01	3.058968e-01	3.055516e-01
3.878516903395458e-07	3.055231e-01	3.058958e-01	3.055521e-01
3.878608331966884e-07	3.055235e-01	3.058945e-01	3.055527e-01
3.878769760538308e-07	3.055241e-01	3.058914e-01	3.055537e-01
3.878931189109733e-07	3.055248e-01	3.058874e-01	3.055546e-01
3.879092617681157e-07	3.055254e-01	3.058825e-01	3.055556e-01
3.879254046252582e-07	3.055260e-01	3.058767e-01	3.055565e-01
3.879415474824006e-07	3.055266e-01	3.058700e-01	3.055574e-01
3.879576903395431e-07	3.055272e-01	3.058624e-01	3.055583e-01
3.879738331966855e-07	3.055278e-01	3.058539e-01	3.055592e-01
3.879845474823995e-07	3.055282e-01	3.058478e-01	3.055598e-01
3.879952617681136e-07	3.055286e-01	3.058414e-01	3.055603e-01
3.880059760538276e-07	3.055290e-01	3.058346e-01	3.055609e-01
3.880166903395416e-07	3.055294e-01	3.058276e-01	3.055615e-01
3.880274046252556e-07	3.055298e-01	3.058202e-01	3.055620e-01
3.880381189109696e-07	3.055302e-01	3.058124e-01	3.055626e-01
3.880488331966836e-07	3.055307e-01	3.058044e-01	3.055631e-01
3.880498331966836e-07	3.055307e-01	3.058036e-01	3.055632e-01
3.880724046252545e-07	3.055316e-01	3.057853e-01	3.055643e-01
3.880949760538253e-07	3.055325e-01	3.057663e-01	3.055654e-01
3.881175474823962e-07	3.055334e-01	3.057465e-01	3.055664e-01
3.881401189109670e-07	3.055344e-01	3.057259e-01	3.055675e-01
3.881626903395379e-07	3.055354e-01	3.057045e-01	3.055685e-01
3.881852617681087e-07	3.055364e-01	3.056823e-01	3.055695e-01
3.882078331966796e-07	3.055374e-01	3.056593e-01	3.055705e-01
3.882405474823931e-07	3.055390e-01	3.056250e-01	3.055718e-01
3.882732617681065e-07	3.055405e-01	3.055918e-01	3.055731e-01
3.883059760538200e-07	3.055421e-01	3.055596e-01	3.055743e-01
3.883386903395334e-07	3.055436e-01	3.055284e-01	3.055755e-01
3.883714046252469e-07	3.055451e-01	3.054982e-01	3.055766e-01
3.884041189109603e-07	3.055465e-01	3.054691e-01	3.055777e-01
3.884368331966738e-07	3.055480e-01	3.054410e-01	3.055787e-01
3.884591189109589e-07	3.055489e-01	3.054237e-01	3.055794e-01
3.884814046252441e-07	3.055498e-01	3.054078e-01	3.055800e-01
3.885036903395292e-07	3.055506e-01	3.053932e-01	3.055806e-01
3.885259760538144e-07	3.055514e-01	3.053799e-01	3.055812e-01
3.885482617680995e-07	3.055521e-01	3.053681e-01	3.055818e-01
3.885705474823847e-07	3.055528e-01	3.053575e-01	3.055824e-01
3.885928331966698e-07	3.055535e-01	3.053483e-01	3.055829e-01
3.886079760538123e-07	3.055539e-01	3.053430e-01	3.055832e-01
3.886231189109548e-07	3.055542e-01	3.053385e-01	3.055835e-01
3.886382617680973e-07	3.055546e-01	3.053346e-01	3.055839e-01
3.886534046252397e-07	3.055549e-01	3.053314e-01	3.055842e-01
3.886685474823822e-07	3.055552e-01	3.053290e-01	3.055845e-01
3.886836903395247e-07	3.055555e-01	3.053272e-01	3.055847e-01
3.886988331966672e-07	3.055557e-01	3.053262e-01	3.055850e-01
3.887099760538097e-07	3.055559e-01	3.053259e-01	3.055852e-01
3.887211189109523e-07	3.055561e-01	3.053260e-01	3.055854e-01
3.887322617680949e-07	3.055562e-01	3.053264e-01	3.055856e-01
3.887434046252375e-07	3.055563e-01	3.053272e-01	3.055858e-01
3.887545474823800e-07	3.055565e-01	3.053283e-01	3.055860e-01
3.887656903395226e-07	3.055566e-01	3.053299e-01	3.055861e-01
3.887768331966652e-07	3.055567e-01	3.053317e-01	3.055863e-01
3.887969760538075e-07	3.055568e-01	3.053361e-01	3.055866e-01
3.888171189109499e-07	3.055569e-01	3.053415e-01	3.055869e-01
3.888372617680922e-07	3.055570e-01	3.053479e-01	3.055871e-01
3.888574046252346e-07	3.055571e-01	3.053552e-01	3.055874e-01
3.888775474823769e-07	3.055572e-01	3.053635e-01	3.055876e-01
3.888976903395193e-07	3.055572e-01	3.053728e-01	3.055878e-01
3.889178331966616e-07	3.055572e-01	3.053831e-01	3.055880e-01
3.889399760538039e-07	3.055572e-01	3.053953e-01	3.055882e-01
3.889621189109462e-07	3.055573e-01	3.054082e-01	3.055884e-01
3.889842617680885e-07	3.055573e-01	3.054218e-01	3.055886e-01
3.890064046252308e-07	3.055574e-01	3.054360e-01	3.055887e-01
3.890285474823731e-07	3.055575e-01	3.054508e-01	3.055888e-01
3.890506903395154e-07	3.055576e-01	3.054664e-01	3.055889e-01
3.890728331966577e-07	3.055578e-01	3.054825e-01	3.055890e-01
3.890738331966577e-07	3.055578e-01	3.054832e-01	3.055890e-01
3.890979760537999e-07	3.055579e-01	3.055013e-01	3.055891e-01
3.891221189109422e-07	3.055582e-01	3.055193e-01	3.055892e-01
3.891462617680844e-07	3.055585e-01	3.055373e-01	3.055892e-01
3.891704046252266e-07	3.055590e-01	3.055554e-01	3.055893e-01
3.891945474823689e-07	3.055594e-01	3.055734e-01	3.055893e-01
3.892186903395111e-07	3.055600e-01	3.055914e-01	3.055893e-01
3.892428331966534e-07	3.055606e-01	3.056094e-01	3.055893e-01
3.892568331966530e-07	3.055611e-01	3.056196e-01	3.055893e-01
3.892578331966530e-07	3.055611e-01	3.056203e-01	3.055892e-01
3.892588331966530e-07	3.055611e-01	3.056211e-01	3.055892e-01
3.892598331966529e-07	3.055612e-01	3.056217e-01	3.055892e-01
3.892618331966529e-07	3.055612e-01	3.056232e-01	3.055892e-01
3.892628331966529e-07	3.055613e-01	3.056240e-01	3.055892e-01
3.892638331966528e-07	3.055613e-01	3.056246e-01	3.055892e-01
3.892669760537956e-07	3.055614e-01	3.056268e-01	3.055892e-01
3.892701189109384e-07	3.055615e-01	3.056291e-01	3.055892e-01
3.892732617680812e-07	3.055616e-01	3.056313e-01	3.055892e-01
3.892764046252240e-07	3.055617e-01	3.056335e-01	3.055892e-01
3.892795474823667e-07	3.055619e-01	3.056357e-01	3.055892e-01
3.892826903395095e-07	3.055620e-01	3.056379e-01	3.055892e-01
3.892858331966523e-07	3.055621e-01	3.056401e-01	3.055892e-01
3.892962617680806e-07	3.055626e-01	3.056473e-01	3.055892e-01
3.893066903395089e-07	3.055631e-01	3.056545e-01	3.055892e-01
3.893171189109372e-07	3.055636e-01	3.056616e-01	3.055891e-01
3.893275474823655e-07	3.055642e-01	3.056686e-01	3.055891e-01
3.893379760537938e-07	3.055647e-01	3.056755e-01	3.055891e-01
3.893484046252221e-07	3.055654e-01	3.056822e-01	3.055890e-01
3.893588331966504e-07	3.055660e-01	3.056889e-01	3.055890e-01
3.893679760537931e-07	3.055666e-01	3.056947e-01	3.055889e-01
3.893771189109357e-07	3.055672e-01	3.057002e-01	3.055889e-01
3.893862617680783e-07	3.055679e-01	3.057056e-01	3.055889e-01
3.893954046252209e-07	3.055686e-01	3.057107e-01	3.055888e-01
3.894045474823636e-07	3.055692e-01	3.057157e-01	3.055888e-01
3.894136903395062e-07	3.055700e-01	3.057205e-01	3.055887e-01
3.894228331966488e-07	3.055707e-01	3.057251e-01	3.055887e-01
3.894325474823629e-07	3.055715e-01	3.057297e-01	3.055886e-01
3.894422617680769e-07	3.055724e-01	3.057341e-01	3.055886e-01
3.894519760537909e-07	3.055733e-01	3.057382e-01	3.055885e-01
3.894616903395050e-07	3.055743e-01	3.057421e-01	3.055885e-01
3.894714046252190e-07	3.055753e-01	3.057457e-01	3.055884e-01
3.894811189109331e-07	3.055764e-01	3.057491e-01	3.055883e-01
3.894908331966471e-07	3.055776e-01	3.057522e-01	3.055882e-01
3.895034046252182e-07	3.055792e-01	3.057559e-01	3.055882e-01
3.895159760537893e-07	3.055810e-01	3.057594e-01	3.055881e-01
3.895285474823604e-07	3.055828e-01	3.057628e-01	3.055880e-01
3.895411189109315e-07	3.055848e-01	3.057659e-01	3.055879e-01
3.895536903395026e-07	3.055869e-01	3.057689e-01	3.055878e-01
3.895662617680738e-07	3.055891e-01	3.057717e-01	3.055877e-01
3.895788331966449e-07	3.055914e-01	3.057743e-01	3.055876e-01
3.895879760537875e-07	3.055932e-01	3.057763e-01	3.055875e-01
3.895971189109301e-07	3.055950e-01	3.057783e-01	3.055874e-01
3.896062617680727e-07	3.055968e-01	3.057803e-01	3.055874e-01
3.896154046252154e-07	3.055987e-01	3.057823e-01	3.055873e-01
3.896245474823580e-07	3.056007e-01	3.057843e-01	3.055872e-01
3.896336903395006e-07	3.056027e-01	3.057863e-01	3.055871e-01
3.896428331966432e-07	3.056048e-01	3.057884e-01	3.055870e-01
3.896526903395001e-07	3.056070e-01	3.057907e-01	3.055869e-01
3.896625474823570e-07	3.056093e-01	3.057929e-01	3.055868e-01
3.896724046252139e-07	3.056116e-01	3.057952e-01	3.055867e-01
3.896822617680708e-07	3.056139e-01	3.057975e-01	3.055866e-01
3.896921189109277e-07	3.056163e-01	3.057998e-01	3.055865e-01
3.897019760537846e-07	3.056186e-01	3.058021e-01	3.055864e-01
3.897118331966415e-07	3.056211e-01	3.058044e-01	3.055863e-01
3.897278331966411e-07	3.056250e-01	3.058082e-01	3.055862e-01
3.897438331966407e-07	3.056289e-01	3.058116e-01	3.055860e-01
3.897598331966403e-07	3.056328e-01	3.058145e-01	3.055858e-01
3.897758331966399e-07	3.056367e-01	3.058169e-01	3.055857e-01
3.897918331966395e-07	3.056406e-01	3.058189e-01	3.055855e-01
3.898078331966391e-07	3.056445e-01	3.058204e-01	3.055853e-01
3.898238331966387e-07	3.056484e-01	3.058214e-01	3.055851e-01
3.898299760537814e-07	3.056498e-01	3.058215e-01	3.055851e-01
3.898361189109241e-07	3.056513e-01	3.058215e-01	3.055850e-01
3.898422617680668e-07	3.056527e-01	3.058214e-01	3.055849e-01
3.898484046252095e-07	3.056541e-01	3.058212e-01	3.055848e-01
3.898545474823522e-07	3.056556e-01	3.058208e-01	3.055848e-01
3.898606903394949e-07	3.056570e-01	3.058202e-01	3.055847e-01
3.898668331966376e-07	3.056584e-01	3.058196e-01	3.055846e-01
3.898762617680659e-07	3.056605e-01	3.058183e-01	3.055845e-01
3.898856903394942e-07	3.056627e-01	3.058167e-01	3.055844e-01
3.898951189109226e-07	3.056648e-01	3.058147e-01	3.055843e-01
3.899045474823509e-07	3.056669e-01	3.058123e-01	3.055841e-01
3.899139760537792e-07	3.056689e-01	3.058096e-01	3.055840e-01
3.899234046252076e-07	3.056710e-01	3.058066e-01	3.055839e-01
3.899328331966359e-07	3.056730e-01	3.058032e-01	3.055838e-01
3.899459760537784e-07	3.056757e-01	3.057978e-01	3.055836e-01
3.899591189109209e-07	3.056785e-01	3.057918e-01	3.055835e-01
3.899722617680635e-07	3.056811e-01	3.057852e-01	3.055833e-01
3.899854046252060e-07	3.056838e-01	3.057780e-01	3.055831e-01
3.899985474823485e-07	3.056864e-01	3.057701e-01	3.055829e-01
3.900116903394910e-07	3.056889e-01	3.057617e-01	3.055828e-01
3.900248331966336e-07	3.056914e-01	3.057527e-01	3.055826e-01
3.900351189109190e-07	3.056933e-01	3.057453e-01	3.055824e-01
3.900454046252045e-07	3.056952e-01	3.057377e-01	3.055823e-01
3.900556903394899e-07	3.056971e-01	3.057299e-01	3.055822e-01
3.900659760537754e-07	3.056990e-01	3.057218e-01	3.055820e-01
3.900762617680608e-07	3.057008e-01	3.057136e-01	3.055819e-01
3.900865474823463e-07	3.057026e-01	3.057052e-01	3.055817e-01
3.900968331966317e-07	3.057044e-01	3.056966e-01	3.055816e-01
3.900978331966317e-07	3.057045e-01	3.056958e-01	3.055816e-01
3.901184046252026e-07	3.057080e-01	3.056779e-01	3.055813e-01
3.901389760537735e-07	3.057114e-01	3.056603e-01	3.055810e-01
3.901595474823444e-07	3.057148e-01	3.056431e-01	3.055807e-01
3.901801189109153e-07	3.057180e-01	3.056263e-01	3.055804e-01
3.902006903394863e-07	3.057212e-01	3.056099e-01	3.055802e-01
3.902212617680572e-07	3.057244e-01	3.055938e-01	3.055799e-01
3.902418331966281e-07	3.057274e-01	3.055781e-01	3.055796e-01
3.902566903394848e-07	3.057296e-01	3.055676e-01	3.055794e-01
3.902715474823416e-07	3.057318e-01	3.055578e-01	3.055791e-01
3.902864046251984e-07	3.057340e-01	3.055486e-01	3.055789e-01
3.903012617680551e-07	3.057362e-01	3.055400e-01	3.055787e-01
3.903161189109119e-07	3.057384e-01	3.055321e-01	3.055785e-01
3.903309760537687e-07	3.057406e-01	3.055249e-01	3.055783e-01
3.903458331966254e-07	3.057427e-01	3.055183e-01	3.055781e-01
3.903584046251965e-07	3.057446e-01	3.055133e-01	3.055779e-01
3.903709760537677e-07	3.057465e-01	3.055089e-01	3.055777e-01
3.903835474823388e-07	3.057483e-01	3.055049e-01	3.055775e-01
3.903961189109099e-07	3.057502e-01	3.055013e-01	3.055774e-01
3.904086903394810e-07	3.057521e-01	3.054983e-01	3.055772e-01
3.904212617680521e-07	3.057540e-01	3.054958e-01	3.055770e-01
3.904338331966232e-07	3.057559e-01	3.054937e-01	3.055768e-01
3.904434046251944e-07	3.057574e-01	3.054925e-01	3.055767e-01
3.904529760537656e-07	3.057589e-01	3.054914e-01	3.055765e-01
3.904625474823368e-07	3.057604e-01	3.054906e-01	3.055764e-01
3.904721189109079e-07	3.057619e-01	3.054900e-01	3.055763e-01
3.904816903394791e-07	3.057634e-01	3.054897e-01	3.055761e-01
3.904912617680503e-07	3.057649e-01	3.054895e-01	3.055760e-01
3.905008331966215e-07	3.057665e-01	3.054896e-01	3.055758e-01
3.905244046251923e-07	3.057703e-01	3.054910e-01	3.055755e-01
3.905479760537632e-07	3.057743e-01	3.054928e-01	3.055752e-01
3.905715474823340e-07	3.057783e-01	3.054951e-01	3.055748e-01
3.905951189109048e-07	3.057823e-01	3.054979e-01	3.055745e-01
3.906186903394757e-07	3.057864e-01	3.055011e-01	3.055742e-01
3.906422617680465e-07	3.057905e-01	3.055048e-01	3.055738e-01
3.906658331966173e-07	3.057947e-01	3.055089e-01	3.055735e-01
3.906791189109027e-07	3.057970e-01	3.055110e-01	3.055733e-01
3.906924046251881e-07	3.057993e-01	3.055129e-01	3.055731e-01
3.907056903394735e-07	3.058016e-01	3.055147e-01	3.055729e-01
3.907189760537588e-07	3.058039e-01	3.055163e-01	3.055727e-01
3.907322617680442e-07	3.058062e-01	3.055178e-01	3.055726e-01
3.907455474823296e-07	3.058085e-01	3.055192e-01	3.055724e-01
3.907588331966150e-07	3.058107e-01	3.055204e-01	3.055722e-01
3.907681189109004e-07	3.058123e-01	3.055211e-01	3.055721e-01
3.907774046251859e-07	3.058138e-01	3.055217e-01	3.055719e-01
3.907866903394714e-07	3.058153e-01	3.055222e-01	3.055718e-01
3.907959760537569e-07	3.058167e-01	3.055225e-01	3.055717e-01
3.908052617680424e-07	3.058182e-01	3.055227e-01	3.055715e-01
3.908145474823278e-07	3.058196e-01	3.055228e-01	3.055714e-01
3.908238331966133e-07	3.058209e-01	3.055228e-01	3.055713e-01
3.908348331966130e-07	3.058226e-01	3.055226e-01	3.055711e-01
3.908458331966128e-07	3.058241e-01	3.055222e-01	3.055710e-01
3.908568331966125e-07	3.058256e-01	3.055216e-01	3.055709e-01
3.908678331966122e-07	3.058270e-01	3.055208e-01	3.055707e-01
3.908788331966119e-07	3.058284e-01	3.055199e-01	3.055706e-01
3.908898331966117e-07	3.058297e-01	3.055187e-01	3.055704e-01
3.909008331966114e-07	3.058309e-01	3.055174e-01	3.055703e-01
3.909185474823252e-07	3.058328e-01	3.055147e-01	3.055700e-01
3.909362617680390e-07	3.058344e-01	3.055117e-01	3.055698e-01
3.909539760537529e-07	3.058359e-01	3.055082e-01	3.055696e-01
3.909716903394667e-07	3.058370e-01	3.055042e-01	3.055693e-01
3.909894046251806e-07	3.058380e-01	3.054999e-01	3.055691e-01
3.910071189108944e-07	3.058387e-01	3.054951e-01	3.055689e-01
3.910248331966082e-07	3.058391e-01	3.054898e-01	3.055687e-01
3.910345474823223e-07	3.058392e-01	3.054868e-01	3.055685e-01
3.910442617680363e-07	3.058393e-01	3.054837e-01	3.055684e-01
3.910539760537503e-07	3.058392e-01	3.054806e-01	3.055683e-01
3.910636903394644e-07	3.058391e-01	3.054773e-01	3.055682e-01
3.910734046251784e-07	3.058388e-01	3.054739e-01	3.055681e-01
3.910831189108925e-07	3.058385e-01	3.054705e-01	3.055679e-01
3.910928331966065e-07	3.058381e-01	3.054670e-01	3.055678e-01
3.911218331966058e-07	3.058363e-01	3.054562e-01	3.055675e-01
3.911421189108910e-07	3.058345e-01	3.054482e-01	3.055672e-01
3.911624046251762e-07	3.058323e-01	3.054402e-01	3.055670e-01
3.911826903394614e-07	3.058297e-01	3.054322e-01	3.055667e-01
3.912029760537466e-07	3.058266e-01	3.054241e-01	3.055665e-01
3.912232617680318e-07	3.058231e-01	3.054160e-01	3.055663e-01
3.912435474823170e-07	3.058192e-01	3.054079e-01	3.055660e-01
3.912638331966022e-07	3.058148e-01	3.053997e-01	3.055658e-01
3.912881189108873e-07	3.058090e-01	3.053901e-01	3.055655e-01
3.913124046251724e-07	3.058026e-01	3.053808e-01	3.055653e-01
3.913366903394575e-07	3.057957e-01	3.053719e-01	3.055650e-01
3.913609760537426e-07	3.057883e-01	3.053633e-01	3.055647e-01
3.913852617680277e-07	3.057803e-01	3.053550e-01	3.055645e-01
3.914095474823128e-07	3.057718e-01	3.053471e-01	3.055642e-01
3.914338331965979e-07	3.057628e-01	3.053395e-01	3.055640e-01
3.914588331965972e-07	3.057530e-01	3.053322e-01	3.055637e-01
3.914838331965966e-07	3.057429e-01	3.053254e-01	3.055635e-01
3.915088331965960e-07	3.057326e-01	3.053189e-01	3.055632e-01
3.915338331965953e-07	3.057219e-01	3.053128e-01	3.055630e-01
3.915588331965947e-07	3.057109e-01	3.053072e-01	3.055627e-01
3.915838331965941e-07	3.056997e-01	3.053020e-01	3.055625e-01
3.916088331965934e-07	3.056881e-01	3.052971e-01	3.055623e-01
3.916466903394496e-07	3.056702e-01	3.052907e-01	3.055619e-01
3.916845474823058e-07	3.056525e-01	3.052846e-01	3.055616e-01
3.917224046251620e-07	3.056351e-01	3.052787e-01	3.055613e-01
3.917602617680182e-07	3.056180e-01	3.052731e-01	3.055609e-01
3.917981189108744e-07	3.056012e-01	3.052678e-01	3.055606e-01
3.918359760537305e-07	3.055847e-01	3.052627e-01	3.055603e-01
3.918738331965867e-07	3.055684e-01	3.052579e-01	3.055601e-01
3.918988331965861e-07	3.055583e-01	3.052545e-01	3.055599e-01
3.919238331965855e-07	3.055486e-01	3.052510e-01	3.055597e-01
3.919488331965848e-07	3.055393e-01	3.052473e-01	3.055595e-01
3.919738331965842e-07	3.055304e-01	3.052435e-01	3.055593e-01
3.919988331965836e-07	3.055220e-01	3.052396e-01	3.055592e-01
3.920238331965829e-07	3.055140e-01	3.052356e-01	3.055590e-01
3.920488331965823e-07	3.055065e-01	3.052314e-01	3.055588e-01
3.920625474822962e-07	3.055026e-01	3.052290e-01	3.055587e-01
3.920762617680102e-07	3.054988e-01	3.052266e-01	3.055586e-01
3.920899760537241e-07	3.054952e-01	3.052241e-01	3.055585e-01
3.921036903394380e-07	3.054918e-01	3.052216e-01	3.055585e-01
3.921174046251520e-07	3.054885e-01	3.052191e-01	3.055584e-01
3.921311189108659e-07	3.054854e-01	3.052165e-01	3.055583e-01
3.921448331965799e-07	3.054824e-01	3.052139e-01	3.055582e-01
3.921458331965798e-07	3.054822e-01	3.052137e-01	3.055582e-01
3.921711189108649e-07	3.054772e-01	3.052087e-01	3.055581e-01
3.921964046251500e-07	3.054727e-01	3.052037e-01	3.055579e-01
3.922216903394351e-07	3.054687e-01	3.051987e-01	3.055578e-01
3.922469760537201e-07	3.054653e-01	3.051937e-01	3.055576e-01
3.922722617680052e-07	3.054623e-01	3.051886e-01	3.055575e-01
3.922975474822903e-07	3.054599e-01	3.051836e-01	3.055574e-01
3.923228331965753e-07	3.054580e-01	3.051785e-01	3.055573e-01
3.923374046251464e-07	3.054572e-01	3.051756e-01	3.055572e-01
3.923519760537175e-07	3.054565e-01	3.051729e-01	3.055571e-01
3.923665474822885e-07	3.054559e-01	3.051701e-01	3.055570e-01
3.923811189108596e-07	3.054555e-01	3.051674e-01	3.055569e-01
3.923956903394306e-07	3.054552e-01	3.051648e-01	3.055569e-01
3.924102617680017e-07	3.054551e-01	3.051623e-01	3.055568e-01
3.924248331965728e-07	3.054552e-01	3.051598e-01	3.055567e-01
3.924522617680006e-07	3.054557e-01	3.051552e-01	3.055566e-01
3.924796903394285e-07	3.054566e-01	3.051512e-01	3.055565e-01
3.925071189108564e-07	3.054579e-01	3.051477e-01	3.055564e-01
3.925345474822843e-07	3.054595e-01	3.051446e-01	3.055563e-01
3.925619760537121e-07	3.054616e-01	3.051420e-01	3.055562e-01
3.925894046251400e-07	3.054640e-01	3.051400e-01	3.055561e-01
3.926168331965679e-07	3.054669e-01	3.051384e-01	3.055560e-01
3.926371189108531e-07	3.054691e-01	3.051377e-01	3.055559e-01
3.926574046251383e-07	3.054714e-01	3.051374e-01	3.055558e-01
3.926776903394235e-07	3.054739e-01	3.051375e-01	3.055558e-01
3.926979760537087e-07	3.054764e-01	3.051380e-01	3.055557e-01
3.927182617679939e-07	3.054791e-01	3.051389e-01	3.055556e-01
3.927385474822791e-07	3.054818e-01	3.051402e-01	3.055556e-01
3.927588331965643e-07	3.054847e-01	3.051420e-01	3.055555e-01
3.927871189108493e-07	3.054888e-01	3.051451e-01	3.055554e-01
3.928154046251343e-07	3.054930e-01	3.051492e-01	3.055553e-01
3.928436903394193e-07	3.054971e-01	3.051542e-01	3.055552e-01
3.928719760537043e-07	3.055012e-01	3.051600e-01	3.055552e-01
3.929002617679893e-07	3.055054e-01	3.051668e-01	3.055551e-01
3.929285474822743e-07	3.055095e-01	3.051745e-01	3.055550e-01
3.929568331965593e-07	3.055137e-01	3.051831e-01	3.055550e-01
3.929871189108442e-07	3.055180e-01	3.051933e-01	3.055549e-01
3.930174046251292e-07	3.055221e-01	3.052046e-01	3.055548e-01
3.930476903394141e-07	3.055261e-01	3.052167e-01	3.055547e-01
3.930779760536991e-07	3.055298e-01	3.052298e-01	3.055547e-01
3.931082617679840e-07	3.055334e-01	3.052439e-01	3.055546e-01
3.931385474822690e-07	3.055367e-01	3.052589e-01	3.055546e-01
3.931688331965539e-07	3.055399e-01	3.052748e-01	3.055545e-01
3.931698331965539e-07	3.055400e-01	3.052754e-01	3.055545e-01
3.931979760536960e-07	3.055426e-01	3.052910e-01	3.055545e-01
3.932261189108382e-07	3.055450e-01	3.053071e-01	3.055544e-01
3.932542617679803e-07	3.055472e-01	3.053238e-01	3.055544e-01
3.932824046251225e-07	3.055491e-01	3.053411e-01	3.055543e-01
3.933105474822646e-07	3.055508e-01	3.053589e-01	3.055543e-01
3.933386903394068e-07	3.055522e-01	3.053772e-01	3.055543e-01
3.933668331965489e-07	3.055533e-01	3.053961e-01	3.055542e-01
3.933844046251199e-07	3.055539e-01	3.054080e-01	3.055542e-01
3.934019760536909e-07	3.055544e-01	3.054200e-01	3.055542e-01
3.934195474822618e-07	3.055547e-01	3.054322e-01	3.055542e-01
3.934371189108328e-07	3.055550e-01	3.054444e-01	3.055542e-01
3.934546903394038e-07	3.055551e-01	3.054568e-01	3.055542e-01
3.934722617679748e-07	3.055552e-01	3.054692e-01	3.055541e-01
3.934898331965458e-07	3.055552e-01	3.054818e-01	3.055541e-01
3.935161189108308e-07	3.055549e-01	3.055007e-01	3.055541e-01
3.935424046251159e-07	3.055544e-01	3.055196e-01	3.055541e-01
3.935686903394009e-07	3.055537e-01	3.055385e-01	3.055540e-01
3.935949760536860e-07	3.055528e-01	3.055574e-01	3.055540e-01
3.936212617679710e-07	3.055517e-01	3.055762e-01	3.055540e-01
3.936475474822561e-07	3.055504e-01	3.055951e-01	3.055540e-01
3.936738331965411e-07	3.055489e-01	3.056139e-01	3.055540e-01
3.937282617679683e-07	3.055450e-01	3.056527e-01	3.055540e-01
3.937826903393955e-07	3.055406e-01	3.056899e-01	3.055539e-01
3.938371189108227e-07	3.055357e-01	3.057254e-01	3.055539e-01
3.938915474822499e-07	3.055303e-01	3.057592e-01	3.055539e-01
3.939459760536771e-07	3.055244e-01	3.057913e-01	3.055539e-01
3.940004046251043e-07	3.055179e-01	3.058218e-01	3.055539e-01
3.940548331965315e-07	3.055109e-01	3.058506e-01	3.055539e-01
3.940745474822452e-07	3.055084e-01	3.058602e-01	3.055539e-01
3.940942617679590e-07	3.055059e-01	3.058695e-01	3.055539e-01
3.941139760536728e-07	3.055033e-01	3.058785e-01	3.055539e-01
3.941336903393866e-07	3.055008e-01	3.058872e-01	3.055539e-01
3.941534046251004e-07	3.054982e-01	3.058955e-01	3.055539e-01
3.941731189108142e-07	3.054956e-01	3.059035e-01	3.055539e-01
3.941928331965280e-07	3.054930e-01	3.059111e-01	3.055539e-01
3.941938331965279e-07	3.054929e-01	3.059115e-01	3.055539e-01
3.942354046250983e-07	3.054873e-01	3.059265e-01	3.055539e-01
3.942769760536687e-07	3.054819e-01	3.059398e-01	3.055539e-01
3.943185474822391e-07	3.054765e-01	3.059517e-01	3.055539e-01
3.943601189108094e-07	3.054713e-01	3.059619e-01	3.055539e-01
3.944016903393798e-07	3.054661e-01	3.059706e-01	3.055540e-01
3.944432617679502e-07	3.054610e-01	3.059778e-01	3.055540e-01
3.944848331965206e-07	3.054561e-01	3.059834e-01	3.055540e-01
3.945248331965196e-07	3.054515e-01	3.059873e-01	3.055540e-01
3.945648331965185e-07	3.054472e-01	3.059899e-01	3.055540e-01
3.946048331965175e-07	3.054430e-01	3.059913e-01	3.055540e-01
3.946448331965165e-07	3.054391e-01	3.059914e-01	3.055540e-01
3.946848331965155e-07	3.054354e-01	3.059902e-01	3.055541e-01
3.947248331965145e-07	3.054320e-01	3.059878e-01	3.055541e-01
3.947648331965135e-07	3.054287e-01	3.059842e-01	3.055541e-01
3.948086903393695e-07	3.054255e-01	3.059788e-01	3.055541e-01
3.948525474822255e-07	3.054226e-01	3.059725e-01	3.055541e-01
3.948964046250816e-07	3.054200e-01	3.059651e-01	3.055542e-01
3.949402617679376e-07	3.054177e-01	3.059567e-01	3.055542e-01
3.949841189107936e-07	3.054158e-01	3.059473e-01	3.055542e-01
3.950279760536497e-07	3.054142e-01	3.059368e-01	3.055542e-01
3.950718331965057e-07	3.054129e-01	3.059253e-01	3.055543e-01
3.950901189107909e-07	3.054124e-01	3.059204e-01	3.055543e-01
3.951084046250762e-07	3.054121e-01	3.059153e-01	3.055543e-01
3.951266903393614e-07	3.054117e-01	3.059102e-01	3.055543e-01
3.951449760536467e-07	3.054114e-01	3.059049e-01	3.055543e-01
3.951632617679320e-07	3.054112e-01	3.058995e-01	3.055543e-01
3.951815474822172e-07	3.054111e-01	3.058940e-01	3.055543e-01
3.951998331965025e-07	3.054110e-01	3.058884e-01	3.055543e-01
3.952022617679310e-07	3.054109e-01	3.058877e-01	3.055543e-01
3.952046903393595e-07	3.054109e-01	3.058869e-01	3.055543e-01
3.952071189107880e-07	3.054109e-01	3.058862e-01	3.055543e-01
3.952095474822165e-07	3.054109e-01	3.058854e-01	3.055543e-01
3.952119760536450e-07	3.054109e-01	3.058847e-01	3.055543e-01
3.952144046250735e-07	3.054109e-01	3.058839e-01	3.055543e-01
3.952168331965020e-07	3.054109e-01	3.058831e-01	3.055544e-01
3.952178331965020e-07	3.054109e-01	3.058828e-01	3.055544e-01
3.952245474822161e-07	3.054109e-01	3.058807e-01	3.055544e-01
3.952312617679302e-07	3.054109e-01	3.058786e-01	3.055544e-01
3.952379760536443e-07	3.054109e-01	3.058765e-01	3.055544e-01
3.952446903393585e-07	3.054109e-01	3.058744e-01	3.055544e-01
3.952514046250726e-07	3.054109e-01	3.058722e-01	3.055545e-01
3.952581189107867e-07	3.054109e-01	3.058700e-01	3.055545e-01
3.952648331965008e-07	3.054110e-01	3.058679e-01	3.055545e-01
3.952725474822149e-07	3.054110e-01	3.058654e-01	3.055546e-01
3.952802617679290e-07	3.054111e-01	3.058629e-01	3.055546e-01
3.952879760536431e-07	3.054112e-01	3.058603e-01	3.055547e-01
3.952956903393572e-07	3.054112e-01	3.058578e-01	3.055548e-01
3.953034046250713e-07	3.054113e-01	3.058552e-01	3.055549e-01
3.953111189107853e-07	3.054114e-01	3.058527e-01	3.055550e-01
3.953188331964994e-07	3.054115e-01	3.058501e-01	3.055552e-01
3.953366903393561e-07	3.054117e-01	3.058441e-01	3.055555e-01
3.953545474822128e-07	3.054120e-01	3.058381e-01	3.055559e-01
3.953724046250695e-07	3.054124e-01	3.058320e-01	3.055564e-01
3.953902617679262e-07	3.054128e-01	3.058259e-01	3.055570e-01
3.954081189107829e-07	3.054132e-01	3.058198e-01	3.055576e-01
3.954259760536396e-07	3.054137e-01	3.058136e-01	3.055583e-01
3.954438331964963e-07	3.054143e-01	3.058074e-01	3.055591e-01
3.954602617679244e-07	3.054148e-01	3.058017e-01	3.055599e-01
3.954766903393526e-07	3.054153e-01	3.057960e-01	3.055608e-01
3.954931189107807e-07	3.054159e-01	3.057902e-01	3.055618e-01
3.955095474822089e-07	3.054165e-01	3.057845e-01	3.055628e-01
3.955259760536370e-07	3.054172e-01	3.057787e-01	3.055639e-01
3.955424046250652e-07	3.054179e-01	3.057730e-01	3.055651e-01
3.955588331964934e-07	3.054186e-01	3.057672e-01	3.055663e-01
3.955926903393496e-07	3.054202e-01	3.057553e-01	3.055692e-01
3.956265474822059e-07	3.054219e-01	3.057436e-01	3.055722e-01
3.956604046250622e-07	3.054237e-01	3.057319e-01	3.055753e-01
3.956942617679185e-07	3.054256e-01	3.057203e-01	3.055785e-01
3.957281189107748e-07	3.054276e-01	3.057088e-01	3.055818e-01
3.957619760536311e-07	3.054297e-01	3.056974e-01	3.055852e-01
3.957958331964874e-07	3.054319e-01	3.056861e-01	3.055887e-01
3.958222617679153e-07	3.054337e-01	3.056774e-01	3.055912e-01
3.958486903393432e-07	3.054355e-01	3.056689e-01	3.055937e-01
3.958751189107711e-07	3.054374e-01	3.056604e-01	3.055960e-01
3.959015474821990e-07	3.054393e-01	3.056522e-01	3.055983e-01
3.959279760536269e-07	3.054413e-01	3.056440e-01	3.056005e-01
3.959544046250548e-07	3.054432e-01	3.056359e-01	3.056026e-01
3.959808331964827e-07	3.054453e-01	3.056280e-01	3.056046e-01
3.960021189107678e-07	3.054470e-01	3.056217e-01	3.056062e-01
3.960234046250530e-07	3.054486e-01	3.056156e-01	3.056077e-01
3.960446903393382e-07	3.054503e-01	3.056095e-01	3.056091e-01
3.960659760536234e-07	3.054520e-01	3.056036e-01	3.056105e-01
3.960872617679085e-07	3.054538e-01	3.055977e-01	3.056117e-01
3.961085474821937e-07	3.054555e-01	3.055920e-01	3.056129e-01
3.961298331964789e-07	3.054573e-01	3.055863e-01	3.056140e-01
3.961456903393356e-07	3.054586e-01	3.055822e-01	3.056148e-01
3.961615474821924e-07	3.054599e-01	3.055781e-01	3.056155e-01
3.961774046250491e-07	3.054612e-01	3.055741e-01	3.056162e-01
3.961932617679059e-07	3.054625e-01	3.055702e-01	3.056167e-01
3.962091189107626e-07	3.054639e-01	3.055663e-01	3.056173e-01
3.962249760536193e-07	3.054652e-01	3.055625e-01	3.056177e-01
3.962408331964761e-07	3.054666e-01	3.055587e-01	3.056181e-01
3.962418331964761e-07	3.054666e-01	3.055585e-01	3.056181e-01
3.962591189107613e-07	3.054681e-01	3.055545e-01	3.056184e-01
3.962764046250466e-07	3.054696e-01	3.055505e-01	3.056186e-01
3.962936903393319e-07	3.054710e-01	3.055467e-01	3.056186e-01
3.963109760536172e-07	3.054725e-01	3.055429e-01	3.056186e-01
3.963282617679024e-07	3.054740e-01	3.055392e-01	3.056184e-01
3.963455474821877e-07	3.054754e-01	3.055355e-01	3.056180e-01
3.963628331964730e-07	3.054769e-01	3.055320e-01	3.056176e-01
3.963806903393297e-07	3.054784e-01	3.055284e-01	3.056170e-01
3.963985474821864e-07	3.054800e-01	3.055249e-01	3.056162e-01
3.964164046250431e-07	3.054815e-01	3.055215e-01	3.056153e-01
3.964342617678997e-07	3.054830e-01	3.055181e-01	3.056141e-01
3.964521189107564e-07	3.054845e-01	3.055149e-01	3.056128e-01
3.964699760536131e-07	3.054860e-01	3.055117e-01	3.056113e-01
3.964878331964698e-07	3.054875e-01	3.055086e-01	3.056097e-01
3.965112617678978e-07	3.054894e-01	3.055047e-01	3.056073e-01
3.965346903393258e-07	3.054914e-01	3.055009e-01	3.056045e-01
3.965581189107538e-07	3.054933e-01	3.054972e-01	3.056015e-01
3.965815474821817e-07	3.054953e-01	3.054937e-01	3.055982e-01
3.966049760536097e-07	3.054972e-01	3.054904e-01	3.055947e-01
3.966284046250377e-07	3.054991e-01	3.054871e-01	3.055908e-01
3.966518331964657e-07	3.055010e-01	3.054841e-01	3.055867e-01
3.967082617678928e-07	3.055055e-01	3.054772e-01	3.055750e-01
3.967646903393199e-07	3.055099e-01	3.054711e-01	3.055631e-01
3.968211189107471e-07	3.055142e-01	3.054657e-01	3.055508e-01
3.968775474821742e-07	3.055183e-01	3.054609e-01	3.055383e-01
3.969339760536014e-07	3.055223e-01	3.054569e-01	3.055256e-01
3.969904046250285e-07	3.055262e-01	3.054535e-01	3.055125e-01
3.970468331964557e-07	3.055300e-01	3.054509e-01	3.054992e-01
3.970779760535977e-07	3.055320e-01	3.054496e-01	3.054925e-01
3.971091189107398e-07	3.055340e-01	3.054485e-01	3.054862e-01
3.971402617678819e-07	3.055359e-01	3.054476e-01	3.054802e-01
3.971714046250239e-07	3.055378e-01	3.054469e-01	3.054745e-01
3.972025474821660e-07	3.055396e-01	3.054463e-01	3.054692e-01
3.972336903393081e-07	3.055414e-01	3.054459e-01	3.054643e-01
3.972648331964501e-07	3.055431e-01	3.054456e-01	3.054597e-01
3.972658331964501e-07	3.055432e-01	3.054456e-01	3.054595e-01
3.972966903393065e-07	3.055449e-01	3.054455e-01	3.054554e-01
3.973275474821628e-07	3.055465e-01	3.054455e-01	3.054517e-01
3.973584046250192e-07	3.055481e-01	3.054456e-01	3.054484e-01
3.973892617678756e-07	3.055496e-01	3.054459e-01	3.054455e-01
3.974201189107319e-07	3.055511e-01	3.054462e-01	3.054431e-01
3.974509760535883e-07	3.055525e-01	3.054467e-01	3.054410e-01
3.974818331964446e-07	3.055539e-01	3.054473e-01	3.054394e-01
3.975218331964436e-07	3.055557e-01	3.054483e-01	3.054378e-01
3.975618331964426e-07	3.055574e-01	3.054494e-01	3.054369e-01
3.976018331964416e-07	3.055590e-01	3.054506e-01	3.054367e-01
3.976418331964406e-07	3.055605e-01	3.054519e-01	3.054370e-01
3.976818331964396e-07	3.055619e-01	3.054534e-01	3.054380e-01
3.977218331964386e-07	3.055633e-01	3.054551e-01	3.054395e-01
3.977618331964375e-07	3.055646e-01	3.054568e-01	3.054417e-01
3.978245474821502e-07	3.055665e-01	3.054598e-01	3.054464e-01
3.978872617678629e-07	3.055682e-01	3.054630e-01	3.054521e-01
3.979499760535756e-07	3.055698e-01	3.054662e-01	3.054589e-01
3.980126903392883e-07	3.055712e-01	3.054697e-01	3.054668e-01
3.980754046250010e-07	3.055725e-01	3.054732e-01	3.054757e-01
3.981381189107137e-07	3.055736e-01	3.054769e-01	3.054858e-01
3.982008331964264e-07	3.055746e-01	3.054807e-01	3.054968e-01
3.982134046249975e-07	3.055748e-01	3.054814e-01	3.054991e-01
3.982259760535686e-07	3.055750e-01	3.054822e-01	3.055014e-01
3.982385474821398e-07	3.055752e-01	3.054830e-01	3.055037e-01
3.982511189107109e-07	3.055753e-01	3.054837e-01	3.055061e-01
3.982636903392820e-07	3.055755e-01	3.054845e-01	3.055085e-01
3.982762617678531e-07	3.055756e-01	3.054852e-01	3.055109e-01
3.982888331964242e-07	3.055758e-01	3.054860e-01	3.055133e-01
3.982898331964242e-07	3.055758e-01	3.054861e-01	3.055135e-01
3.983096903392808e-07	3.055760e-01	3.054873e-01	3.055174e-01
3.983295474821374e-07	3.055763e-01	3.054885e-01	3.055213e-01
3.983494046249941e-07	3.055765e-01	3.054897e-01	3.055253e-01
3.983692617678507e-07	3.055767e-01	3.054909e-01	3.055293e-01
3.983891189107074e-07	3.055768e-01	3.054921e-01	3.055333e-01
3.984089760535640e-07	3.055770e-01	3.054933e-01	3.055374e-01
3.984288331964206e-07	3.055772e-01	3.054945e-01	3.055415e-01
3.984431189107060e-07	3.055773e-01	3.054954e-01	3.055445e-01
3.984574046249913e-07	3.055774e-01	3.054962e-01	3.055474e-01
3.984716903392767e-07	3.055775e-01	3.054971e-01	3.055503e-01
3.984859760535621e-07	3.055776e-01	3.054979e-01	3.055532e-01
3.985002617678474e-07	3.055777e-01	3.054988e-01	3.055560e-01
3.985145474821328e-07	3.055777e-01	3.054996e-01	3.055587e-01
3.985288331964181e-07	3.055778e-01	3.055005e-01	3.055615e-01
3.985531189107032e-07	3.055779e-01	3.055019e-01	3.055660e-01
3.985774046249883e-07	3.055780e-01	3.055033e-01	3.055703e-01
3.986016903392734e-07	3.055781e-01	3.055048e-01	3.055744e-01
3.986259760535585e-07	3.055782e-01	3.055062e-01	3.055784e-01
3.986502617678436e-07	3.055783e-01	3.055076e-01	3.055823e-01
3.986745474821287e-07	3.055783e-01	3.055089e-01	3.055860e-01
3.986988331964138e-07	3.055784e-01	3.055103e-01	3.055895e-01
3.987215474821275e-07	3.055784e-01	3.055116e-01	3.055927e-01
3.987442617678412e-07	3.055784e-01	3.055128e-01	3.055957e-01
3.987669760535549e-07	3.055784e-01	3.055141e-01	3.055985e-01
3.987896903392686e-07	3.055784e-01	3.055153e-01	3.056012e-01
3.988124046249824e-07	3.055784e-01	3.055165e-01	3.056037e-01
3.988351189106961e-07	3.055784e-01	3.055177e-01	3.056061e-01
3.988578331964098e-07	3.055784e-01	3.055189e-01	3.056082e-01
3.988838331964091e-07	3.055783e-01	3.055203e-01	3.056105e-01
3.989098331964085e-07	3.055782e-01	3.055216e-01	3.056126e-01
3.989358331964078e-07	3.055782e-01	3.055229e-01	3.056145e-01
3.989618331964071e-07	3.055781e-01	3.055242e-01	3.056162e-01
3.989878331964065e-07	3.055780e-01	3.055255e-01	3.056178e-01
3.990138331964058e-07	3.055779e-01	3.055267e-01	3.056191e-01
3.990398331964052e-07	3.055778e-01	3.055280e-01	3.056203e-01
3.990561189106905e-07	3.055778e-01	3.055287e-01	3.056209e-01
3.990724046249758e-07	3.055777e-01	3.055295e-01	3.056215e-01
3.990886903392611e-07	3.055776e-01	3.055302e-01	3.056221e-01
3.991049760535464e-07	3.055775e-01	3.055310e-01	3.056225e-01
3.991212617678317e-07	3.055775e-01	3.055317e-01	3.056229e-01
3.991375474821170e-07	3.055774e-01	3.055324e-01	3.056233e-01
3.991538331964023e-07	3.055773e-01	3.055331e-01	3.056236e-01
3.991738331964018e-07	3.055772e-01	3.055340e-01	3.056238e-01
3.991938331964013e-07	3.055770e-01	3.055348e-01	3.056240e-01
3.992138331964008e-07	3.055769e-01	3.055357e-01	3.056240e-01
3.992338331964002e-07	3.055768e-01	3.055365e-01	3.056238e-01
3.992538331963997e-07	3.055767e-01	3.055373e-01	3.056236e-01
3.992738331963992e-07	3.055765e-01	3.055381e-01	3.056232e-01
3.992938331963987e-07	3.055764e-01	3.055389e-01	3.056227e-01
3.993138331963982e-07	3.055763e-01	3.055397e-01	3.056220e-01
3.993335474821120e-07	3.055761e-01	3.055404e-01	3.056212e-01
3.993532617678258e-07	3.055760e-01	3.055411e-01	3.056203e-01
3.993729760535396e-07	3.055759e-01	3.055418e-01	3.056192e-01
3.993926903392534e-07	3.055757e-01	3.055426e-01	3.056180e-01
3.994124046249672e-07	3.055756e-01	3.055432e-01	3.056166e-01
3.994321189106809e-07	3.055754e-01	3.055439e-01	3.056151e-01
3.994518331963947e-07	3.055753e-01	3.055446e-01	3.056134e-01
3.995051189106791e-07	3.055748e-01	3.055464e-01	3.056079e-01
3.995584046249635e-07	3.055744e-01	3.055480e-01	3.056018e-01
3.996116903392478e-07	3.055740e-01	3.055496e-01	3.055952e-01
3.996649760535322e-07	3.055735e-01	3.055511e-01	3.055880e-01
3.997182617678165e-07	3.055730e-01	3.055525e-01	3.055803e-01
3.997715474821009e-07	3.055726e-01	3.055538e-01	3.055720e-01
3.998248331963853e-07	3.055721e-01	3.055550e-01	3.055632e-01
3.998496903392418e-07	3.055719e-01	3.055556e-01	3.055591e-01
3.998745474820983e-07	3.055717e-01	3.055561e-01	3.055551e-01
3.998994046249548e-07	3.055714e-01	3.055566e-01	3.055510e-01
3.999242617678113e-07	3.055712e-01	3.055571e-01	3.055470e-01
3.999491189106678e-07	3.055710e-01	3.055576e-01	3.055429e-01
3.999739760535244e-07	3.055707e-01	3.055581e-01	3.055388e-01
3.999988331963809e-07	3.055705e-01	3.055585e-01	3.055347e-01
3.999998331963808e-07	3.055705e-01	3.055585e-01	3.055345e-01
4.000000000000000e-07	3.055705e-01	3.055585e-01	3.055345e-01
