time	V(n001)	V(n002)	V(n003)
0.000000000000000e+00	0.000000e+00	0.000000e+00	0.000000e+00
1.006310719978738e-09	0.000000e+00	0.000000e+00	0.000000e+00
2.000000000000000e-09	0.000000e+00	0.000000e+00	0.000000e+00
2.003785714285714e-09	1.766137e-07	0.000000e+00	0.000000e+00
2.007571428571428e-09	6.820761e-07	0.000000e+00	0.000000e+00
2.011357142857142e-09	1.516387e-06	0.000000e+00	0.000000e+00
2.015142857142856e-09	2.679547e-06	0.000000e+00	0.000000e+00
2.018928571428570e-09	4.171555e-06	0.000000e+00	0.000000e+00
2.022714285714284e-09	5.992411e-06	0.000000e+00	0.000000e+00
2.026499999999997e-09	8.142117e-06	0.000000e+00	0.000000e+00
2.027499999999997e-09	8.763382e-06	0.000000e+00	0.000000e+00
2.039357142857139e-09	1.793883e-05	0.000000e+00	0.000000e+00
2.051214285714281e-09	3.016588e-05	0.000000e+00	0.000000e+00
2.063071428571422e-09	4.544456e-05	0.000000e+00	0.000000e+00
2.074928571428564e-09	6.377484e-05	0.000000e+00	0.000000e+00
2.086785714285705e-09	8.515674e-05	0.000000e+00	0.000000e+00
2.098642857142847e-09	1.095902e-04	0.000000e+00	0.000000e+00
2.110499999999989e-09	1.370754e-04	0.000000e+00	0.000000e+00
2.132642857142843e-09	1.965739e-04	0.000000e+00	0.000000e+00
2.154785714285698e-09	2.655247e-04	0.000000e+00	0.000000e+00
2.176928571428553e-09	3.439278e-04	0.000000e+00	0.000000e+00
2.199071428571408e-09	4.317832e-04	0.000000e+00	0.000000e+00
2.221214285714263e-09	5.290909e-04	0.000000e+00	0.000000e+00
2.243357142857117e-09	6.358509e-04	0.000000e+00	0.000000e+00
2.265499999999972e-09	7.520632e-04	0.000000e+00	0.000000e+00
2.305071428571396e-09	9.829191e-04	0.000000e+00	0.000000e+00
2.344642857142821e-09	1.238130e-03	0.000000e+00	0.000000e+00
2.384214285714245e-09	1.517694e-03	0.000000e+00	0.000000e+00
2.423785714285670e-09	1.821614e-03	0.000000e+00	0.000000e+00
2.463357142857094e-09	2.149887e-03	0.000000e+00	0.000000e+00
2.502928571428518e-09	2.502515e-03	0.000000e+00	0.000000e+00
2.542499999999942e-09	2.879498e-03	0.000000e+00	0.000000e+00
2.610785714285649e-09	3.584033e-03	0.000000e+00	0.000000e+00
2.679071428571356e-09	4.338469e-03	0.000000e+00	0.000000e+00
2.747357142857063e-09	5.142807e-03	0.000000e+00	0.000000e+00
2.815642857142770e-09	5.997045e-03	0.000000e+00	0.000000e+00
2.883928571428477e-09	6.901184e-03	0.000000e+00	0.000000e+00
2.952214285714184e-09	7.855224e-03	0.000000e+00	0.000000e+00
3.020499999999891e-09	8.859165e-03	0.000000e+00	0.000000e+00
3.051499999999888e-09	9.324246e-03	0.000000e+00	0.000000e+00
3.176785714285601e-09	1.130860e-02	0.000000e+00	0.000000e+00
3.302071428571314e-09	1.337674e-02	0.000000e+00	0.000000e+00
3.427357142857027e-09	1.552866e-02	0.000000e+00	0.000000e+00
3.552642857142740e-09	1.776436e-02	0.000000e+00	0.000000e+00
3.677928571428453e-09	2.008384e-02	0.000000e+00	0.000000e+00
3.803214285714166e-09	2.248710e-02	0.000000e+00	0.000000e+00
3.928499999999879e-09	2.497415e-02	0.000000e+00	0.000000e+00
4.075499999999924e-09	2.793057e-02	0.000000e+00	0.000000e+00
4.221642857142826e-09	3.094723e-02	0.000000e+00	0.000000e+00
4.367785714285728e-09	3.400221e-02	0.000000e+00	0.000000e+00
4.513928571428629e-09	3.709550e-02	0.000000e+00	0.000000e+00
4.660071428571532e-09	4.022710e-02	0.000000e+00	0.000000e+00
4.806214285714434e-09	4.339702e-02	0.000000e+00	0.000000e+00
4.952357142857336e-09	4.660526e-02	0.000000e+00	0.000000e+00
5.098500000000238e-09	4.985181e-02	0.000000e+00	0.000000e+00
5.099500000000238e-09	4.987402e-02	0.000000e+00	0.000000e+00
5.245642857143140e-09	5.313548e-02	0.000000e+00	0.000000e+00
5.391785714286042e-09	5.641070e-02	0.000000e+00	0.000000e+00
5.537928571428944e-09	5.969968e-02	0.000000e+00	0.000000e+00
5.684071428571846e-09	6.300243e-02	0.000000e+00	0.000000e+00
5.830214285714748e-09	6.631894e-02	0.000000e+00	0.000000e+00
5.976357142857650e-09	6.964921e-02	0.000000e+00	0.000000e+00
6.122500000000552e-09	7.299324e-02	0.000000e+00	0.000000e+00
6.123500000000552e-09	7.301612e-02	0.000000e+00	0.000000e+00
7.147500000000866e-09	9.658875e-02	0.000000e+00	0.000000e+00
8.171500000000584e-09	1.203160e-01	0.000000e+00	0.000000e+00
9.195500000000051e-09	1.440988e-01	0.000000e+00	0.000000e+00
1.021949999999952e-08	1.679016e-01	0.000000e+00	0.000000e+00
1.124349999999898e-08	1.917116e-01	0.000000e+00	0.000000e+00
1.226749999999845e-08	2.155241e-01	0.000000e+00	0.000000e+00
1.329149999999792e-08	2.393375e-01	0.000000e+00	0.000000e+00
1.431549999999739e-08	2.631513e-01	0.000000e+00	0.000000e+00
1.533949999999758e-08	2.869652e-01	0.000000e+00	0.000000e+00
1.636349999999874e-08	3.107791e-01	0.000000e+00	0.000000e+00
1.738749999999990e-08	3.345930e-01	0.000000e+00	0.000000e+00
1.841150000000106e-08	3.584070e-01	0.000000e+00	0.000000e+00
1.943550000000222e-08	3.822209e-01	-1.275180e-25	0.000000e+00
2.028850000000319e-08	4.020582e-01	5.610761e-10	0.000000e+00
2.029150000000319e-08	4.021279e-01	3.654054e-09	0.000000e+00
2.029450000000320e-08	4.021977e-01	8.130996e-09	0.000000e+00
2.029750000000320e-08	4.022675e-01	1.506743e-08	0.000000e+00
2.030050000000320e-08	4.023372e-01	2.558388e-08	0.000000e+00
2.030350000000321e-08	4.024070e-01	4.078655e-08	0.000000e+00
2.030650000000321e-08	4.024768e-01	6.177624e-08	0.000000e+00
2.030950000000321e-08	4.025465e-01	8.964262e-08	0.000000e+00
2.031250000000322e-08	4.026163e-01	1.254680e-07	0.000000e+00
2.031964285714608e-08	4.027824e-01	2.151015e-07	0.000000e+00
2.032678571428895e-08	4.029485e-01	4.044359e-07	0.000000e+00
2.033392857143181e-08	4.031146e-01	6.934714e-07	0.000000e+00
2.034107142857468e-08	4.032807e-01	1.082208e-06	0.000000e+00
2.034821428571754e-08	4.034468e-01	1.570645e-06	0.000000e+00
2.035535714286041e-08	4.036130e-01	2.158784e-06	0.000000e+00
2.036250000000327e-08	4.037791e-01	2.846624e-06	0.000000e+00
2.037178571428900e-08	4.039950e-01	3.939950e-06	0.000000e+00
2.038107142857472e-08	4.042110e-01	5.370837e-06	0.000000e+00
2.039035714286045e-08	4.044269e-01	7.139283e-06	0.000000e+00
2.039964285714617e-08	4.046429e-01	9.245289e-06	0.000000e+00
2.040892857143190e-08	4.048588e-01	1.168885e-05	0.000000e+00
2.041821428571762e-08	4.050747e-01	1.446998e-05	0.000000e+00
2.042750000000335e-08	4.052907e-01	1.758867e-05	0.000000e+00
2.043192857143192e-08	4.053937e-01	1.924710e-05	0.000000e+00
2.043635714286050e-08	4.054967e-01	2.101009e-05	0.000000e+00
2.044078571428908e-08	4.055997e-01	2.287763e-05	0.000000e+00
2.044521428571765e-08	4.057026e-01	2.484972e-05	0.000000e+00
2.044964285714623e-08	4.058056e-01	2.692635e-05	0.000000e+00
2.045407142857481e-08	4.059086e-01	2.910754e-05	0.000000e+00
2.045850000000338e-08	4.060116e-01	3.139328e-05	0.000000e+00
2.045950000000338e-08	4.060349e-01	3.192626e-05	0.000000e+00
2.047335714286054e-08	4.063571e-01	3.976558e-05	0.000000e+00
2.048721428571770e-08	4.066794e-01	4.893511e-05	0.000000e+00
2.050107142857486e-08	4.070017e-01	5.943487e-05	0.000000e+00
2.051492857143202e-08	4.073239e-01	7.126485e-05	0.000000e+00
2.052878571428918e-08	4.076462e-01	8.442504e-05	0.000000e+00
2.054264285714633e-08	4.079684e-01	9.891546e-05	0.000000e+00
2.055650000000349e-08	4.082907e-01	1.147361e-04	0.000000e+00
2.057850000000352e-08	4.088023e-01	1.428366e-04	0.000000e+00
2.060050000000354e-08	4.093139e-01	1.753925e-04	0.000000e+00
2.062250000000357e-08	4.098256e-01	2.124037e-04	0.000000e+00
2.064450000000359e-08	4.103372e-01	2.538704e-04	0.000000e+00
2.066650000000362e-08	4.108488e-01	2.997925e-04	0.000000e+00
2.068850000000364e-08	4.113605e-01	3.501699e-04	0.000000e+00
2.071050000000367e-08	4.118721e-01	4.050028e-04	0.000000e+00
2.075535714286086e-08	4.129153e-01	5.317421e-04	0.000000e+00
2.080021428571806e-08	4.139585e-01	6.812394e-04	0.000000e+00
2.084507142857525e-08	4.150017e-01	8.534948e-04	0.000000e+00
2.088992857143244e-08	4.160449e-01	1.048508e-03	0.000000e+00
2.093478571428964e-08	4.170880e-01	1.266280e-03	0.000000e+00
2.097964285714683e-08	4.181312e-01	1.506809e-03	0.000000e+00
2.102450000000402e-08	4.191744e-01	1.770097e-03	0.000000e+00
2.108992857143267e-08	4.206960e-01	2.199787e-03	0.000000e+00
2.115535714286132e-08	4.222176e-01	2.678306e-03	0.000000e+00
2.122078571428996e-08	4.237392e-01	3.205654e-03	0.000000e+00
2.128621428571861e-08	4.252608e-01	3.781831e-03	0.000000e+00
2.135164285714725e-08	4.267824e-01	4.406838e-03	0.000000e+00
2.141707142857590e-08	4.283040e-01	5.080673e-03	0.000000e+00
2.148250000000454e-08	4.298256e-01	5.803338e-03	0.000000e+00
2.148350000000454e-08	4.298488e-01	5.814703e-03	0.000000e+00
2.159221428571895e-08	4.323771e-01	7.129306e-03	0.000000e+00
2.170092857143336e-08	4.349053e-01	8.544755e-03	0.000000e+00
2.180964285714777e-08	4.374335e-01	1.006105e-02	0.000000e+00
2.191835714286218e-08	4.399618e-01	1.167819e-02	0.000000e+00
2.202707142857659e-08	4.424900e-01	1.339617e-02	0.000000e+00
2.213578571429100e-08	4.450183e-01	1.521500e-02	0.000000e+00
2.224450000000541e-08	4.475465e-01	1.713467e-02	0.000000e+00
2.228192857143402e-08	4.484169e-01	1.780844e-02	0.000000e+00
2.231935714286264e-08	4.492874e-01	1.849049e-02	0.000000e+00
2.235678571429125e-08	4.501578e-01	1.918083e-02	0.000000e+00
2.239421428571986e-08	4.510282e-01	1.987945e-02	0.000000e+00
2.243164285714848e-08	4.518987e-01	2.058636e-02	0.000000e+00
2.246907142857709e-08	4.527691e-01	2.130154e-02	0.000000e+00
2.250650000000570e-08	4.536395e-01	2.202501e-02	0.000000e+00
2.250750000000571e-08	4.536628e-01	2.204443e-02	0.000000e+00
2.264954760003788e-08	4.569662e-01	2.487762e-02	0.000000e+00
2.279159520007006e-08	4.602697e-01	2.778266e-02	0.000000e+00
2.293364280010224e-08	4.635731e-01	3.075954e-02	0.000000e+00
2.307569040013442e-08	4.668765e-01	3.380826e-02	0.000000e+00
2.321773800016659e-08	4.701799e-01	3.692883e-02	0.000000e+00
2.335978560019877e-08	4.734834e-01	4.012124e-02	0.000000e+00
2.350183320023095e-08	4.767868e-01	4.338549e-02	0.000000e+00
2.350583320023095e-08	4.768794e-01	4.347749e-02	0.000000e+00
2.359740462880248e-08	4.788686e-01	4.559665e-02	0.000000e+00
2.368897605737402e-08	4.807157e-01	4.772992e-02	0.000000e+00
2.378054748594555e-08	4.824208e-01	4.987730e-02	0.000000e+00
2.387211891451708e-08	4.839838e-01	5.203878e-02	0.000000e+00
2.396369034308861e-08	4.854047e-01	5.421437e-02	0.000000e+00
2.405526177166014e-08	4.866835e-01	5.640408e-02	0.000000e+00
2.414683320023168e-08	4.878203e-01	5.860789e-02	0.000000e+00
2.420140462880317e-08	4.884629e-01	5.992491e-02	0.000000e+00
2.425597605737466e-08	4.890754e-01	6.124501e-02	0.000000e+00
2.431054748594615e-08	4.896579e-01	6.256819e-02	0.000000e+00
2.436511891451764e-08	4.902103e-01	6.389445e-02	0.000000e+00
2.441969034308913e-08	4.907326e-01	6.522379e-02	0.000000e+00
2.447426177166062e-08	4.912249e-01	6.655620e-02	0.000000e+00
2.452883320023211e-08	4.916871e-01	6.789170e-02	0.000000e+00
2.452983320023211e-08	4.916954e-01	6.791620e-02	0.000000e+00
2.462140462880365e-08	4.924099e-01	7.016350e-02	0.000000e+00
2.471297605737518e-08	4.930734e-01	7.241614e-02	0.000000e+00
2.480454748594671e-08	4.936858e-01	7.467412e-02	0.000000e+00
2.489611891451824e-08	4.942472e-01	7.693743e-02	0.000000e+00
2.498769034308977e-08	4.947576e-01	7.920607e-02	0.000000e+00
2.507926177166130e-08	4.952169e-01	8.148005e-02	0.000000e+00
2.517083320023284e-08	4.956252e-01	8.375936e-02	0.000000e+00
2.522540462880433e-08	4.958560e-01	8.511905e-02	0.000000e+00
2.527997605737582e-08	4.960761e-01	8.647988e-02	0.000000e+00
2.533454748594731e-08	4.962853e-01	8.784186e-02	0.000000e+00
2.538911891451880e-08	4.964837e-01	8.920499e-02	0.000000e+00
2.544369034309029e-08	4.966713e-01	9.056926e-02	0.000000e+00
2.549826177166178e-08	4.968481e-01	9.193468e-02	0.000000e+00
2.555283320023327e-08	4.970141e-01	9.330124e-02	0.000000e+00
2.555383320023327e-08	4.970171e-01	9.332629e-02	0.000000e+00
2.564554748594766e-08	4.972741e-01	9.562533e-02	0.000000e+00
2.573726177166205e-08	4.975127e-01	9.792633e-02	0.000000e+00
2.582897605737644e-08	4.977330e-01	1.002293e-01	0.000000e+00
2.592069034309083e-08	4.979349e-01	1.025342e-01	0.000000e+00
2.601240462880522e-08	4.981184e-01	1.048412e-01	0.000000e+00
2.610411891451961e-08	4.982835e-01	1.071500e-01	0.000000e+00
2.619583320023400e-08	4.984302e-01	1.094609e-01	0.000000e+00
2.625026177166263e-08	4.985128e-01	1.108328e-01	0.000000e+00
2.630469034309127e-08	4.985916e-01	1.122051e-01	0.000000e+00
2.635911891451990e-08	4.986665e-01	1.135778e-01	0.000000e+00
2.641354748594853e-08	4.987375e-01	1.149509e-01	0.000000e+00
2.646797605737717e-08	4.988047e-01	1.163244e-01	0.000000e+00
2.652240462880580e-08	4.988681e-01	1.176984e-01	0.000000e+00
2.657683320023443e-08	4.989275e-01	1.190728e-01	0.000000e+00
2.657783320023443e-08	4.989286e-01	1.190980e-01	0.000000e+00
2.666983320023454e-08	4.990212e-01	1.214220e-01	0.000000e+00
2.676183320023464e-08	4.991071e-01	1.237467e-01	0.000000e+00
2.685383320023475e-08	4.991864e-01	1.260721e-01	0.000000e+00
2.694583320023485e-08	4.992591e-01	1.283982e-01	0.000000e+00
2.703783320023496e-08	4.993251e-01	1.307250e-01	0.000000e+00
2.712983320023506e-08	4.993845e-01	1.330526e-01	0.000000e+00
2.722183320023516e-08	4.994373e-01	1.353808e-01	0.000000e+00
2.727597605737808e-08	4.994667e-01	1.367512e-01	0.000000e+00
2.733011891452100e-08	4.994948e-01	1.381218e-01	0.000000e+00
2.738426177166392e-08	4.995216e-01	1.394924e-01	0.000000e+00
2.743840462880684e-08	4.995469e-01	1.408633e-01	0.000000e+00
2.749254748594976e-08	4.995709e-01	1.422342e-01	0.000000e+00
2.754669034309268e-08	4.995935e-01	1.436054e-01	0.000000e+00
2.760083320023559e-08	4.996148e-01	1.449767e-01	0.000000e+00
2.760183320023560e-08	4.996152e-01	1.450020e-01	0.000000e+00
2.769454748594999e-08	4.996487e-01	1.473505e-01	0.000000e+00
2.778726177166438e-08	4.996797e-01	1.496992e-01	0.000000e+00
2.787997605737877e-08	4.997084e-01	1.520483e-01	0.000000e+00
2.797269034309316e-08	4.997346e-01	1.543976e-01	0.000000e+00
2.806540462880755e-08	4.997585e-01	1.567471e-01	0.000000e+00
2.815811891452194e-08	4.997799e-01	1.590969e-01	0.000000e+00
2.825083320023633e-08	4.997989e-01	1.614470e-01	0.000000e+00
2.830426177166496e-08	4.998093e-01	1.628013e-01	0.000000e+00
2.835769034309360e-08	4.998192e-01	1.641557e-01	0.000000e+00
2.841111891452223e-08	4.998287e-01	1.655102e-01	0.000000e+00
2.846454748595086e-08	4.998376e-01	1.668647e-01	0.000000e+00
2.851797605737949e-08	4.998461e-01	1.682192e-01	0.000000e+00
2.857140462880812e-08	4.998541e-01	1.695738e-01	0.000000e+00
2.862483320023676e-08	4.998616e-01	1.709285e-01	0.000000e+00
2.862583320023676e-08	4.998618e-01	1.709539e-01	0.000000e+00
2.872083320023686e-08	4.998741e-01	1.733627e-01	0.000000e+00
2.881583320023697e-08	4.998855e-01	1.757715e-01	0.000000e+00
2.891083320023708e-08	4.998960e-01	1.781805e-01	0.000000e+00
2.900583320023719e-08	4.999056e-01	1.805896e-01	0.000000e+00
2.910083320023730e-08	4.999143e-01	1.829988e-01	0.000000e+00
2.919583320023740e-08	4.999220e-01	1.854081e-01	0.000000e+00
2.929083320023751e-08	4.999289e-01	1.878175e-01	0.000000e+00
2.934197605738043e-08	4.999324e-01	1.891146e-01	0.000000e+00
2.939311891452334e-08	4.999358e-01	1.904118e-01	0.000000e+00
2.944426177166625e-08	4.999390e-01	1.917089e-01	0.000000e+00
2.949540462880917e-08	4.999421e-01	1.930060e-01	0.000000e+00
2.954654748595209e-08	4.999450e-01	1.943032e-01	0.000000e+00
2.959769034309500e-08	4.999477e-01	1.956004e-01	0.000000e+00
2.964883320023792e-08	4.999503e-01	1.968976e-01	0.000000e+00
2.964983320023792e-08	4.999503e-01	1.969230e-01	0.000000e+00
2.975054748595232e-08	4.999550e-01	1.994776e-01	0.000000e+00
2.985126177166672e-08	4.999593e-01	2.020322e-01	0.000000e+00
2.995197605738112e-08	4.999633e-01	2.045869e-01	0.000000e+00
3.005269034309552e-08	4.999669e-01	2.071417e-01	0.000000e+00
3.015340462880991e-08	4.999701e-01	2.096964e-01	0.000000e+00
3.025411891452431e-08	4.999730e-01	2.122512e-01	0.000000e+00
3.035483320023871e-08	4.999755e-01	2.148061e-01	0.000000e+00
3.040026177166734e-08	4.999766e-01	2.159585e-01	0.000000e+00
3.044569034309596e-08	4.999776e-01	2.171109e-01	0.000000e+00
3.049111891452458e-08	4.999786e-01	2.182633e-01	0.000000e+00
3.053654748595321e-08	4.999796e-01	2.194157e-01	0.000000e+00
3.058197605738183e-08	4.999805e-01	2.205681e-01	0.000000e+00
3.062740462881045e-08	4.999813e-01	2.217206e-01	0.000000e+00
3.067283320023907e-08	4.999821e-01	2.228730e-01	0.000000e+00
3.067383320023908e-08	4.999822e-01	2.228984e-01	0.000000e+00
3.078869034309635e-08	4.999841e-01	2.258121e-01	0.000000e+00
3.090354748595362e-08	4.999858e-01	2.287258e-01	0.000000e+00
3.101840462881089e-08	4.999874e-01	2.316396e-01	0.000000e+00
3.113326177166817e-08	4.999888e-01	2.345533e-01	0.000000e+00
3.124811891452544e-08	4.999900e-01	2.374671e-01	0.000000e+00
3.136297605738272e-08	4.999911e-01	2.403809e-01	0.000000e+00
3.147783320023999e-08	4.999920e-01	2.432947e-01	0.000000e+00
3.150911891452574e-08	4.999923e-01	2.440884e-01	0.000000e+00
3.154040462881148e-08	4.999925e-01	2.448821e-01	0.000000e+00
3.157169034309723e-08	4.999927e-01	2.456758e-01	0.000000e+00
3.160297605738299e-08	4.999930e-01	2.464695e-01	0.000000e+00
3.163426177166874e-08	4.999932e-01	2.472632e-01	0.000000e+00
3.166554748595449e-08	4.999934e-01	2.480569e-01	0.000000e+00
3.169683320024024e-08	4.999936e-01	2.488506e-01	0.000000e+00
3.169783320024024e-08	4.999936e-01	2.488760e-01	0.000000e+00
3.184397605738326e-08	4.999944e-01	2.525835e-01	0.000000e+00
3.199011891452628e-08	4.999952e-01	2.562911e-01	0.000000e+00
3.213626177166931e-08	4.999959e-01	2.599986e-01	0.000000e+00
3.228240462881233e-08	4.999964e-01	2.637062e-01	0.000000e+00
3.242854748595535e-08	4.999969e-01	2.674138e-01	0.000000e+00
3.257469034309837e-08	4.999974e-01	2.711214e-01	0.000000e+00
3.272083320024140e-08	4.999977e-01	2.748290e-01	0.000000e+00
3.272183320024140e-08	4.999977e-01	2.748544e-01	0.000000e+00
3.286797605738442e-08	4.999980e-01	2.785620e-01	0.000000e+00
3.301411891452744e-08	4.999983e-01	2.822696e-01	0.000000e+00
3.316026177167047e-08	4.999985e-01	2.859772e-01	0.000000e+00
3.330640462881349e-08	4.999987e-01	2.896848e-01	0.000000e+00
3.345254748595651e-08	4.999989e-01	2.933924e-01	0.000000e+00
3.359869034309953e-08	4.999991e-01	2.971001e-01	0.000000e+00
3.374483320024256e-08	4.999992e-01	3.008077e-01	0.000000e+00
3.374583320024256e-08	4.999992e-01	3.008331e-01	0.000000e+00
3.389197605738558e-08	4.999993e-01	3.045407e-01	0.000000e+00
3.403811891452860e-08	4.999994e-01	3.082483e-01	0.000000e+00
3.418426177167163e-08	4.999995e-01	3.119560e-01	0.000000e+00
3.433040462881465e-08	4.999995e-01	3.156636e-01	0.000000e+00
3.447654748595767e-08	4.999996e-01	3.193712e-01	0.000000e+00
3.462269034310069e-08	4.999997e-01	3.230789e-01	0.000000e+00
3.476883320024372e-08	4.999997e-01	3.267865e-01	0.000000e+00
3.476983320024372e-08	4.999997e-01	3.268119e-01	0.000000e+00
3.579383320024488e-08	4.999999e-01	3.527907e-01	0.000000e+00
3.681783320024604e-08	5.000000e-01	3.787695e-01	0.000000e+00
3.784183320024720e-08	5.000000e-01	4.047484e-01	0.000000e+00
3.857683320024804e-08	5.000000e-01	4.233953e-01	0.000000e+00
3.857983320024804e-08	5.000000e-01	4.234715e-01	0.000000e+00
3.858283320024804e-08	5.000000e-01	4.235476e-01	0.000000e+00
3.858583320024805e-08	5.000000e-01	4.236237e-01	0.000000e+00
3.858883320024805e-08	5.000000e-01	4.236998e-01	0.000000e+00
3.859183320024805e-08	5.000000e-01	4.237759e-01	0.000000e+00
3.859483320024806e-08	5.000000e-01	4.238520e-01	0.000000e+00
3.859783320024806e-08	4.999999e-01	4.239281e-01	0.000000e+00
3.860083320024806e-08	4.999999e-01	4.240042e-01	0.000000e+00
3.860711891453378e-08	4.999999e-01	4.241637e-01	0.000000e+00
3.861340462881950e-08	4.999998e-01	4.243232e-01	0.000000e+00
3.861969034310523e-08	4.999997e-01	4.244826e-01	0.000000e+00
3.862597605739095e-08	4.999995e-01	4.246421e-01	0.000000e+00
3.863226177167667e-08	4.999993e-01	4.248016e-01	0.000000e+00
3.863854748596239e-08	4.999991e-01	4.249610e-01	0.000000e+00
3.864483320024811e-08	4.999988e-01	4.251205e-01	0.000000e+00
3.865497605739099e-08	4.999983e-01	4.253778e-01	0.000000e+00
3.866511891453385e-08	4.999975e-01	4.256351e-01	0.000000e+00
3.867526177167672e-08	4.999966e-01	4.258925e-01	0.000000e+00
3.868540462881959e-08	4.999954e-01	4.261498e-01	0.000000e+00
3.869554748596246e-08	4.999940e-01	4.264071e-01	0.000000e+00
3.870569034310532e-08	4.999925e-01	4.266645e-01	0.000000e+00
3.871583320024819e-08	4.999907e-01	4.269218e-01	0.000000e+00
3.873211891453393e-08	4.999874e-01	4.273349e-01	0.000000e+00
3.874840462881966e-08	4.999832e-01	4.277481e-01	0.000000e+00
3.876469034310539e-08	4.999782e-01	4.281613e-01	0.000000e+00
3.878097605739113e-08	4.999724e-01	4.285744e-01	0.000000e+00
3.879726177167686e-08	4.999658e-01	4.289876e-01	0.000000e+00
3.881354748596259e-08	4.999584e-01	4.294008e-01	0.000000e+00
3.882983320024832e-08	4.999501e-01	4.298140e-01	0.000000e+00
3.886583320024836e-08	4.999282e-01	4.307273e-01	0.000000e+00
3.889497605739126e-08	4.999070e-01	4.314666e-01	0.000000e+00
3.892411891453414e-08	4.998823e-01	4.322060e-01	0.000000e+00
3.895326177167704e-08	4.998542e-01	4.329453e-01	0.000000e+00
3.898240462881992e-08	4.998225e-01	4.336847e-01	0.000000e+00
3.901154748596282e-08	4.997873e-01	4.344240e-01	0.000000e+00
3.904069034310570e-08	4.997487e-01	4.351634e-01	0.000000e+00
3.906983320024860e-08	4.997065e-01	4.359027e-01	0.000000e+00
3.912254748596294e-08	4.996200e-01	4.372401e-01	0.000000e+00
3.917526177167729e-08	4.995231e-01	4.385775e-01	0.000000e+00
3.922797605739164e-08	4.994159e-01	4.399148e-01	0.000000e+00
3.928069034310597e-08	4.992985e-01	4.412522e-01	0.000000e+00
3.933340462882032e-08	4.991707e-01	4.425895e-01	0.000000e+00
3.938611891453467e-08	4.990327e-01	4.439269e-01	0.000000e+00
3.943883320024901e-08	4.988844e-01	4.452643e-01	0.000000e+00
3.950311891453480e-08	4.986909e-01	4.468952e-01	0.000000e+00
3.956740462882059e-08	4.984900e-01	4.485261e-01	0.000000e+00
3.963169034310637e-08	4.982815e-01	4.501571e-01	0.000000e+00
3.969597605739217e-08	4.980656e-01	4.517880e-01	0.000000e+00
3.976026177167795e-08	4.978421e-01	4.534189e-01	0.000000e+00
3.982454748596374e-08	4.976111e-01	4.550498e-01	0.000000e+00
3.988883320024952e-08	4.973727e-01	4.566807e-01	0.000000e+00
3.988983320024953e-08	4.973690e-01	4.567061e-01	0.000000e+00
3.998311891453534e-08	4.970157e-01	4.590728e-01	0.000000e+00
4.007640462882116e-08	4.966665e-01	4.614394e-01	0.000000e+00
4.016969034310698e-08	4.963214e-01	4.638061e-01	0.000000e+00
4.026297605739281e-08	4.959804e-01	4.661728e-01	0.000000e+00
4.035626177167863e-08	4.956434e-01	4.685394e-01	0.000000e+00
4.044954748596445e-08	4.953105e-01	4.709061e-01	0.000000e+00
4.054283320025027e-08	4.949817e-01	4.732727e-01	0.000000e+00
4.059569034310747e-08	4.948034e-01	4.746137e-01	0.000000e+00
4.064854748596467e-08	4.946295e-01	4.759547e-01	0.000000e+00
4.070140462882187e-08	4.944602e-01	4.772957e-01	0.000000e+00
4.075426177167908e-08	4.942954e-01	4.786367e-01	0.000000e+00
4.080711891453628e-08	4.941351e-01	4.799776e-01	0.000000e+00
4.085997605739349e-08	4.939793e-01	4.813186e-01	0.000000e+00
4.091283320025069e-08	4.938280e-01	4.826596e-01	0.000000e+00
4.091383320025069e-08	4.938252e-01	4.826850e-01	0.000000e+00
4.101483320025080e-08	4.935509e-01	4.852474e-01	0.000000e+00
4.111583320025092e-08	4.932964e-01	4.878097e-01	0.000000e+00
4.121683320025103e-08	4.930615e-01	4.903721e-01	0.000000e+00
4.131783320025114e-08	4.928464e-01	4.929344e-01	0.000000e+00
4.141883320025126e-08	4.926510e-01	4.954968e-01	0.000000e+00
4.151983320025137e-08	4.924753e-01	4.980592e-01	0.000000e+00
4.162083320025149e-08	4.923193e-01	5.006216e-01	0.000000e+00
4.178583320025168e-08	4.921057e-01	5.048076e-01	0.000000e+00
4.178783320025168e-08	4.921034e-01	5.048584e-01	0.000000e+00
4.179083320025168e-08	4.921000e-01	5.049344e-01	0.000000e+00
4.181169034310884e-08	4.920768e-01	5.054643e-01	0.000000e+00
4.183254748596602e-08	4.920543e-01	5.059929e-01	0.000000e+00
4.185340462882318e-08	4.920327e-01	5.065203e-01	0.000000e+00
4.187426177168035e-08	4.920117e-01	5.070464e-01	0.000000e+00
4.189511891453751e-08	4.919916e-01	5.075713e-01	0.000000e+00
4.191597605739468e-08	4.919722e-01	5.080949e-01	0.000000e+00
4.193683320025185e-08	4.919536e-01	5.086173e-01	0.000000e+00
4.193783320025185e-08	4.919527e-01	5.086422e-01	0.000000e+00
4.201311891453765e-08	4.918926e-01	5.105184e-01	0.000000e+00
4.208840462882345e-08	4.918414e-01	5.123391e-01	0.000000e+00
4.216369034310924e-08	4.917990e-01	5.141043e-01	0.000000e+00
4.223897605739505e-08	4.917656e-01	5.158140e-01	0.000000e+00
4.231426177168085e-08	4.917411e-01	5.174682e-01	0.000000e+00
4.238954748596665e-08	4.917254e-01	5.190669e-01	0.000000e+00
4.246483320025245e-08	4.917187e-01	5.206100e-01	0.000000e+00
4.251911891453822e-08	4.917185e-01	5.216734e-01	0.000000e+00
4.257340462882400e-08	4.917221e-01	5.227025e-01	0.000000e+00
4.262769034310977e-08	4.917294e-01	5.236972e-01	0.000000e+00
4.268197605739555e-08	4.917404e-01	5.246576e-01	0.000000e+00
4.273626177168133e-08	4.917552e-01	5.255837e-01	0.000000e+00
4.279054748596710e-08	4.917737e-01	5.264755e-01	0.000000e+00
4.284483320025288e-08	4.917960e-01	5.273330e-01	0.000000e+00
4.296183320025301e-08	4.918548e-01	5.290719e-01	0.000000e+00
4.310740462882460e-08	4.919523e-01	5.309920e-01	0.000000e+00
4.325297605739620e-08	4.920666e-01	5.327432e-01	0.000000e+00
4.339854748596779e-08	4.921978e-01	5.343256e-01	0.000000e+00
4.354411891453938e-08	4.923457e-01	5.357391e-01	0.000000e+00
4.368969034311097e-08	4.925104e-01	5.369837e-01	0.000000e+00
4.383526177168257e-08	4.926918e-01	5.380594e-01	0.000000e+00
4.398083320025416e-08	4.928901e-01	5.389662e-01	0.000000e+00
4.398583320025417e-08	4.928970e-01	5.389966e-01	0.000000e+00
4.409583320025429e-08	4.930533e-01	5.396206e-01	0.000000e+00
4.420583320025442e-08	4.932147e-01	5.401964e-01	0.000000e+00
4.431583320025454e-08	4.933813e-01	5.407243e-01	0.000000e+00
4.442583320025467e-08	4.935531e-01	5.412041e-01	0.000000e+00
4.453583320025479e-08	4.937301e-01	5.416359e-01	0.000000e+00
4.464583320025492e-08	4.939122e-01	5.420196e-01	0.000000e+00
4.475583320025504e-08	4.940996e-01	5.423554e-01	0.000000e+00
4.479197605739794e-08	4.941617e-01	5.424614e-01	0.000000e+00
4.482811891454084e-08	4.942242e-01	5.425641e-01	0.000000e+00
4.486426177168374e-08	4.942870e-01	5.426635e-01	0.000000e+00
4.490040462882663e-08	4.943503e-01	5.427597e-01	0.000000e+00
4.493654748596953e-08	4.944139e-01	5.428526e-01	0.000000e+00
4.497269034311243e-08	4.944779e-01	5.429422e-01	0.000000e+00
4.500883320025533e-08	4.945423e-01	5.430285e-01	0.000000e+00
4.500983320025533e-08	4.945441e-01	5.430309e-01	0.000000e+00
4.510911891454116e-08	4.947231e-01	5.432499e-01	0.000000e+00
4.520840462882698e-08	4.949041e-01	5.434528e-01	0.000000e+00
4.530769034311281e-08	4.950871e-01	5.436395e-01	0.000000e+00
4.540697605739864e-08	4.952721e-01	5.438102e-01	0.000000e+00
4.550626177168447e-08	4.954591e-01	5.439646e-01	0.000000e+00
4.560554748597029e-08	4.956482e-01	5.441030e-01	0.000000e+00
4.570483320025612e-08	4.958392e-01	5.442252e-01	0.000000e+00
4.575169034311331e-08	4.959298e-01	5.442802e-01	0.000000e+00
4.579854748597051e-08	4.960206e-01	5.443331e-01	0.000000e+00
4.584540462882771e-08	4.961118e-01	5.443837e-01	0.000000e+00
4.589226177168491e-08	4.962032e-01	5.444321e-01	0.000000e+00
4.593911891454210e-08	4.962949e-01	5.444784e-01	0.000000e+00
4.598597605739930e-08	4.963870e-01	5.445224e-01	0.000000e+00
4.603283320025649e-08	4.964793e-01	5.445642e-01	0.000000e+00
4.603383320025649e-08	4.964813e-01	5.445651e-01	0.000000e+00
4.612969034311374e-08	4.966711e-01	5.446440e-01	0.000000e+00
4.622554748597100e-08	4.968617e-01	5.447170e-01	0.000000e+00
4.632140462882825e-08	4.970532e-01	5.447844e-01	0.000000e+00
4.641726177168550e-08	4.972455e-01	5.448460e-01	0.000000e+00
4.651311891454275e-08	4.974386e-01	5.449018e-01	0.000000e+00
4.660897605740000e-08	4.976326e-01	5.449519e-01	0.000000e+00
4.670483320025725e-08	4.978274e-01	5.449963e-01	0.000000e+00
4.675511891454302e-08	4.979298e-01	5.450185e-01	0.000000e+00
4.680540462882879e-08	4.980323e-01	5.450396e-01	0.000000e+00
4.685569034311456e-08	4.981350e-01	5.450599e-01	0.000000e+00
4.690597605740034e-08	4.982378e-01	5.450792e-01	0.000000e+00
4.695626177168611e-08	4.983408e-01	5.450975e-01	0.000000e+00
4.700654748597188e-08	4.984439e-01	5.451149e-01	0.000000e+00
4.705683320025765e-08	4.985472e-01	5.451313e-01	0.000000e+00
4.705783320025765e-08	4.985493e-01	5.451316e-01	0.000000e+00
4.715369034311490e-08	4.987465e-01	5.451604e-01	-3.303921e-11
4.724954748597216e-08	4.989442e-01	5.451871e-01	-4.542103e-11
4.734540462882941e-08	4.991422e-01	5.452117e-01	-3.714544e-11
4.744126177168666e-08	4.993405e-01	5.452341e-01	-8.212462e-12
4.753711891454391e-08	4.995392e-01	5.452545e-01	4.137792e-11
4.763297605740117e-08	4.997383e-01	5.452727e-01	1.116257e-10
4.772883320025841e-08	4.999377e-01	5.452888e-01	2.025309e-10
4.773540462882985e-08	4.999514e-01	5.452899e-01	-1.292707e-11
4.774197605740129e-08	4.999650e-01	5.452910e-01	5.603237e-10
4.774854748597272e-08	4.999787e-01	5.452920e-01	1.922283e-09
4.775511891454416e-08	4.999924e-01	5.452931e-01	4.072952e-09
4.776169034311559e-08	5.000061e-01	5.452941e-01	7.012329e-09
4.776826177168703e-08	5.000198e-01	5.452952e-01	1.074041e-08
4.777483320025847e-08	5.000334e-01	5.452963e-01	1.525721e-08
4.778197605740133e-08	5.000483e-01	5.452974e-01	2.126196e-08
4.778911891454420e-08	5.000632e-01	5.452985e-01	3.169424e-08
4.779626177168706e-08	5.000781e-01	5.452996e-01	4.655405e-08
4.780340462882993e-08	5.000930e-01	5.453007e-01	6.584141e-08
4.781054748597279e-08	5.001078e-01	5.453018e-01	8.955629e-08
4.781769034311566e-08	5.001227e-01	5.453029e-01	1.176987e-07
4.782483320025852e-08	5.001376e-01	5.453039e-01	1.502687e-07
4.783383320025853e-08	5.001563e-01	5.453053e-01	1.985545e-07
4.784283320025854e-08	5.001751e-01	5.453066e-01	2.656070e-07
4.785183320025855e-08	5.001939e-01	5.453079e-01	3.514260e-07
4.786083320025856e-08	5.002126e-01	5.453092e-01	4.560117e-07
4.786983320025857e-08	5.002314e-01	5.453105e-01	5.793640e-07
4.787883320025858e-08	5.002502e-01	5.453118e-01	7.214829e-07
4.788783320025859e-08	5.002689e-01	5.453131e-01	8.823684e-07
4.790083320025861e-08	5.002960e-01	5.453149e-01	1.148753e-06
4.791383320025862e-08	5.003232e-01	5.453167e-01	1.502970e-06
4.792683320025864e-08	5.003503e-01	5.453185e-01	1.945019e-06
4.793983320025865e-08	5.003774e-01	5.453203e-01	2.474902e-06
4.795283320025867e-08	5.004045e-01	5.453220e-01	3.092617e-06
4.796583320025868e-08	5.004316e-01	5.453237e-01	3.798164e-06
4.797883320025870e-08	5.004588e-01	5.453253e-01	4.591545e-06
4.799340462883014e-08	5.004892e-01	5.453272e-01	5.613128e-06
4.800797605740159e-08	5.005196e-01	5.453290e-01	6.844644e-06
4.802254748597303e-08	5.005501e-01	5.453308e-01	8.286093e-06
4.803711891454448e-08	5.005805e-01	5.453326e-01	9.937476e-06
4.805169034311592e-08	5.006109e-01	5.453344e-01	1.179879e-05
4.806626177168737e-08	5.006414e-01	5.453361e-01	1.387004e-05
4.808083320025881e-08	5.006718e-01	5.453379e-01	1.615122e-05
4.808183320025881e-08	5.006739e-01	5.453379e-01	1.632033e-05
4.810654748597313e-08	5.007256e-01	5.453408e-01	2.068808e-05
4.813126177168744e-08	5.007773e-01	5.453435e-01	2.615358e-05
4.815597605740176e-08	5.008289e-01	5.453462e-01	3.271681e-05
4.818069034311607e-08	5.008806e-01	5.453489e-01	4.037778e-05
4.820540462883038e-08	5.009323e-01	5.453515e-01	4.913649e-05
4.823011891454470e-08	5.009840e-01	5.453540e-01	5.899294e-05
4.825483320025901e-08	5.010357e-01	5.453564e-01	6.994712e-05
4.828369034311618e-08	5.010962e-01	5.453592e-01	8.444186e-05
4.831254748597336e-08	5.011566e-01	5.453619e-01	1.014274e-04
4.834140462883054e-08	5.012171e-01	5.453645e-01	1.209038e-04
4.837026177168772e-08	5.012775e-01	5.453671e-01	1.428711e-04
4.839911891454489e-08	5.013380e-01	5.453696e-01	1.673291e-04
4.842797605740207e-08	5.013985e-01	5.453720e-01	1.942780e-04
4.845683320025924e-08	5.014589e-01	5.453743e-01	2.237177e-04
4.849511891454500e-08	5.015392e-01	5.453773e-01	2.671547e-04
4.853340462883075e-08	5.016195e-01	5.453802e-01	3.171065e-04
4.857169034311651e-08	5.016999e-01	5.453830e-01	3.735731e-04
4.860997605740227e-08	5.017802e-01	5.453857e-01	4.365545e-04
4.864826177168803e-08	5.018606e-01	5.453883e-01	5.060507e-04
4.868654748597379e-08	5.019410e-01	5.453907e-01	5.820618e-04
4.872483320025954e-08	5.020214e-01	5.453931e-01	6.645876e-04
4.877911891454532e-08	5.021354e-01	5.453963e-01	7.940910e-04
4.883340462883109e-08	5.022495e-01	5.453994e-01	9.415828e-04
4.888769034311687e-08	5.023636e-01	5.454023e-01	1.107063e-03
4.894197605740265e-08	5.024777e-01	5.454051e-01	1.290532e-03
4.899626177168842e-08	5.025919e-01	5.454077e-01	1.491989e-03
4.905054748597420e-08	5.027061e-01	5.454102e-01	1.711434e-03
4.910483320025997e-08	5.028203e-01	5.454125e-01	1.948868e-03
4.910583320025998e-08	5.028224e-01	5.454125e-01	1.953461e-03
4.921154748597438e-08	5.030449e-01	5.454167e-01	2.472783e-03
4.931726177168879e-08	5.032675e-01	5.454205e-01	3.078567e-03
4.942297605740320e-08	5.034902e-01	5.454239e-01	3.770813e-03
4.952869034311760e-08	5.037129e-01	5.454271e-01	4.549520e-03
4.963440462883200e-08	5.039357e-01	5.454299e-01	5.414690e-03
4.974011891454641e-08	5.041586e-01	5.454323e-01	6.366322e-03
4.984583320026081e-08	5.043815e-01	5.454345e-01	7.404415e-03
4.988626177168943e-08	5.044668e-01	5.454353e-01	7.827135e-03
4.992669034311805e-08	5.045521e-01	5.454361e-01	8.263173e-03
4.996711891454667e-08	5.046374e-01	5.454368e-01	8.712528e-03
5.000754748597528e-08	5.047227e-01	5.454375e-01	9.175201e-03
5.004797605740390e-08	5.048080e-01	5.454382e-01	9.651192e-03
5.008840462883252e-08	5.048933e-01	5.454388e-01	1.014050e-02
5.012883320026114e-08	5.049786e-01	5.454394e-01	1.064313e-02
5.012983320026114e-08	5.049807e-01	5.454394e-01	1.065573e-02
5.026611891454700e-08	5.052683e-01	5.454413e-01	1.245613e-02
5.040240462883287e-08	5.055560e-01	5.454430e-01	1.439837e-02
5.053869034311874e-08	5.058438e-01	5.454445e-01	1.648246e-02
5.067497605740462e-08	5.061315e-01	5.454458e-01	1.870839e-02
5.081126177169048e-08	5.064193e-01	5.454469e-01	2.107616e-02
5.094754748597635e-08	5.067072e-01	5.454479e-01	2.358578e-02
5.108383320026222e-08	5.069951e-01	5.454487e-01	2.623724e-02
5.115383320026230e-08	5.071430e-01	5.454491e-01	2.764503e-02
5.129997605740532e-08	5.074517e-01	5.454498e-01	3.070503e-02
5.144611891454834e-08	5.077605e-01	5.454505e-01	3.389110e-02
5.159226177169137e-08	5.080694e-01	5.454510e-01	3.720325e-02
5.173840462883439e-08	5.083782e-01	5.454515e-01	4.064149e-02
5.188454748597741e-08	5.086870e-01	5.454519e-01	4.420580e-02
5.203069034312043e-08	5.089959e-01	5.454523e-01	4.789620e-02
5.217683320026346e-08	5.093048e-01	5.454526e-01	5.171267e-02
5.217783320026346e-08	5.093068e-01	5.454526e-01	5.173906e-02
5.232397605740648e-08	5.096157e-01	5.454528e-01	5.566126e-02
5.247011891454950e-08	5.099247e-01	5.454531e-01	5.967277e-02
5.261626177169253e-08	5.102336e-01	5.454533e-01	6.377361e-02
5.276240462883555e-08	5.105425e-01	5.454535e-01	6.796378e-02
5.290854748597857e-08	5.108514e-01	5.454536e-01	7.224326e-02
5.305469034312159e-08	5.111603e-01	5.454537e-01	7.661207e-02
5.320083320026462e-08	5.114692e-01	5.454538e-01	8.107021e-02
5.320183320026462e-08	5.114714e-01	5.454538e-01	8.110089e-02
5.334797605740765e-08	5.117803e-01	5.454539e-01	8.563034e-02
5.349411891455067e-08	5.120893e-01	5.454540e-01	9.022022e-02
5.364026177169369e-08	5.123982e-01	5.454541e-01	9.487053e-02
5.378640462883671e-08	5.127071e-01	5.454542e-01	9.958126e-02
5.393254748597974e-08	5.130161e-01	5.454542e-01	1.043524e-01
5.407869034312275e-08	5.133250e-01	5.454542e-01	1.091840e-01
5.422483320026578e-08	5.136340e-01	5.454543e-01	1.140760e-01
5.422583320026578e-08	5.136361e-01	5.454543e-01	1.141096e-01
5.437197605740881e-08	5.139451e-01	5.454543e-01	1.190487e-01
5.451811891455183e-08	5.142540e-01	5.454544e-01	1.240276e-01
5.466426177169485e-08	5.145630e-01	5.454544e-01	1.290464e-01
5.481040462883787e-08	5.148719e-01	5.454544e-01	1.341052e-01
5.495654748598090e-08	5.151809e-01	5.454544e-01	1.392039e-01
5.510269034312392e-08	5.154899e-01	5.454544e-01	1.443424e-01
5.524883320026694e-08	5.157989e-01	5.454544e-01	1.495209e-01
5.524983320026694e-08	5.158010e-01	5.454544e-01	1.495564e-01
5.627383320026810e-08	5.179659e-01	5.454545e-01	1.866032e-01
5.686483320026877e-08	5.192153e-01	5.454545e-01	2.084849e-01
5.686783320026878e-08	5.192217e-01	5.454545e-01	2.085967e-01
5.687083320026878e-08	5.192280e-01	5.454546e-01	2.087085e-01
5.687383320026878e-08	5.192343e-01	5.454546e-01	2.088203e-01
5.687683320026879e-08	5.192407e-01	5.454546e-01	2.089321e-01
5.687983320026879e-08	5.192470e-01	5.454546e-01	2.090440e-01
5.688283320026879e-08	5.192534e-01	5.454546e-01	2.091558e-01
5.688583320026880e-08	5.192597e-01	5.454546e-01	2.092677e-01
5.689111891455452e-08	5.192709e-01	5.454547e-01	2.094648e-01
5.689640462884024e-08	5.192820e-01	5.454548e-01	2.096619e-01
5.690169034312596e-08	5.192932e-01	5.454549e-01	2.098590e-01
5.690697605741168e-08	5.193044e-01	5.454551e-01	2.100562e-01
5.691226177169740e-08	5.193155e-01	5.454553e-01	2.102533e-01
5.691754748598312e-08	5.193267e-01	5.454556e-01	2.104505e-01
5.692283320026884e-08	5.193379e-01	5.454559e-01	2.106477e-01
5.693111891455456e-08	5.193554e-01	5.454565e-01	2.109569e-01
5.693940462884029e-08	5.193729e-01	5.454573e-01	2.112662e-01
5.694769034312601e-08	5.193905e-01	5.454583e-01	2.115755e-01
5.695597605741174e-08	5.194080e-01	5.454595e-01	2.118848e-01
5.696426177169746e-08	5.194255e-01	5.454609e-01	2.121942e-01
5.697254748598318e-08	5.194430e-01	5.454624e-01	2.125036e-01
5.698083320026891e-08	5.194606e-01	5.454642e-01	2.128131e-01
5.699383320026892e-08	5.194881e-01	5.454675e-01	2.132988e-01
5.700683320026893e-08	5.195155e-01	5.454714e-01	2.137846e-01
5.701983320026895e-08	5.195430e-01	5.454761e-01	2.142705e-01
5.703283320026896e-08	5.195705e-01	5.454816e-01	2.147565e-01
5.704583320026898e-08	5.195980e-01	5.454877e-01	2.152427e-01
5.705883320026899e-08	5.196254e-01	5.454946e-01	2.157290e-01
5.707183320026901e-08	5.196529e-01	5.455022e-01	2.162154e-01
5.709226177169761e-08	5.196961e-01	5.455159e-01	2.169800e-01
5.711269034312619e-08	5.197393e-01	5.455317e-01	2.177448e-01
5.713311891455479e-08	5.197825e-01	5.455496e-01	2.185100e-01
5.715354748598339e-08	5.198257e-01	5.455697e-01	2.192754e-01
5.717397605741198e-08	5.198689e-01	5.455919e-01	2.200411e-01
5.719440462884057e-08	5.199121e-01	5.456163e-01	2.208071e-01
5.721483320026917e-08	5.199553e-01	5.456428e-01	2.215733e-01
5.722654748598347e-08	5.199800e-01	5.456590e-01	2.220129e-01
5.723826177169777e-08	5.200048e-01	5.456758e-01	2.224525e-01
5.724997605741207e-08	5.200296e-01	5.456934e-01	2.228922e-01
5.726169034312636e-08	5.200543e-01	5.457116e-01	2.233319e-01
5.727340462884066e-08	5.200791e-01	5.457305e-01	2.237718e-01
5.728511891455496e-08	5.201038e-01	5.457500e-01	2.242118e-01
5.729683320026926e-08	5.201286e-01	5.457703e-01	2.246518e-01
5.729783320026926e-08	5.201308e-01	5.457720e-01	2.246894e-01
5.738469034312650e-08	5.203144e-01	5.459582e-01	2.279553e-01
5.747154748598375e-08	5.204980e-01	5.461579e-01	2.312253e-01
5.755840462884099e-08	5.206816e-01	5.463710e-01	2.344996e-01
5.764526177169823e-08	5.208652e-01	5.465975e-01	2.377780e-01
5.773211891455547e-08	5.210489e-01	5.468375e-01	2.410607e-01
5.781897605741272e-08	5.212325e-01	5.470910e-01	2.443475e-01
5.790583320026995e-08	5.214161e-01	5.473579e-01	2.476384e-01
5.795997605741288e-08	5.215306e-01	5.475126e-01	2.496916e-01
5.801411891455579e-08	5.216451e-01	5.476609e-01	2.517461e-01
5.806826177169871e-08	5.217596e-01	5.478030e-01	2.538018e-01
5.812240462884163e-08	5.218740e-01	5.479386e-01	2.558589e-01
5.817654748598455e-08	5.219885e-01	5.480680e-01	2.579173e-01
5.823069034312746e-08	5.221029e-01	5.481911e-01	2.599770e-01
5.828483320027038e-08	5.222174e-01	5.483078e-01	2.620381e-01
5.832183320027043e-08	5.222957e-01	5.483814e-01	2.634472e-01
5.837140462884191e-08	5.224005e-01	5.484740e-01	2.653360e-01
5.842097605741340e-08	5.225053e-01	5.485587e-01	2.672257e-01
5.847054748598488e-08	5.226101e-01	5.486355e-01	2.691163e-01
5.852011891455636e-08	5.227149e-01	5.487046e-01	2.710079e-01
5.856969034312785e-08	5.228197e-01	5.487659e-01	2.729004e-01
5.861926177169934e-08	5.229245e-01	5.488194e-01	2.747938e-01
5.866883320027082e-08	5.230293e-01	5.488650e-01	2.766882e-01
5.870497605741372e-08	5.231057e-01	5.488932e-01	2.780699e-01
5.874111891455661e-08	5.231820e-01	5.489174e-01	2.794520e-01
5.877726177169952e-08	5.232584e-01	5.489376e-01	2.808346e-01
5.881340462884241e-08	5.233349e-01	5.489539e-01	2.822176e-01
5.884954748598531e-08	5.234113e-01	5.489662e-01	2.836010e-01
5.888569034312821e-08	5.234877e-01	5.489746e-01	2.849849e-01
5.892183320027111e-08	5.235642e-01	5.489790e-01	2.863692e-01
5.894111891455684e-08	5.236049e-01	5.489799e-01	2.871080e-01
5.896040462884258e-08	5.236457e-01	5.489798e-01	2.878470e-01
5.897969034312831e-08	5.236865e-01	5.489787e-01	2.885860e-01
5.899897605741405e-08	5.237272e-01	5.489765e-01	2.893252e-01
5.901826177169979e-08	5.237680e-01	5.489734e-01	2.900645e-01
5.903754748598552e-08	5.238088e-01	5.489693e-01	2.908038e-01
5.905683320027126e-08	5.238495e-01	5.489641e-01	2.915433e-01
5.909797605741417e-08	5.239365e-01	5.489497e-01	2.931213e-01
5.913911891455707e-08	5.240235e-01	5.489315e-01	2.946998e-01
5.918026177169997e-08	5.241105e-01	5.489095e-01	2.962787e-01
5.922140462884287e-08	5.241975e-01	5.488837e-01	2.978581e-01
5.926254748598578e-08	5.242845e-01	5.488541e-01	2.994380e-01
5.930369034312868e-08	5.243714e-01	5.488207e-01	3.010183e-01
5.934483320027159e-08	5.244584e-01	5.487835e-01	3.025991e-01
5.934583320027159e-08	5.244606e-01	5.487826e-01	3.026375e-01
5.944626177170027e-08	5.246729e-01	5.486742e-01	3.064983e-01
5.954669034312895e-08	5.248852e-01	5.485544e-01	3.103613e-01
5.964711891455764e-08	5.250975e-01	5.484234e-01	3.142266e-01
5.974754748598633e-08	5.253098e-01	5.482811e-01	3.180942e-01
5.984797605741500e-08	5.255221e-01	5.481276e-01	3.219641e-01
5.994840462884369e-08	5.257345e-01	5.479628e-01	3.258362e-01
6.004883320027238e-08	5.259468e-01	5.477868e-01	3.297105e-01
6.007383320027241e-08	5.259997e-01	5.477436e-01	3.306752e-01
6.007583320027241e-08	5.260039e-01	5.477399e-01	3.307524e-01
6.007783320027241e-08	5.260081e-01	5.477366e-01	3.308296e-01
6.010826177170102e-08	5.260715e-01	5.476834e-01	3.320040e-01
6.013869034312963e-08	5.261366e-01	5.476299e-01	3.331785e-01
6.016911891455823e-08	5.262036e-01	5.475763e-01	3.343532e-01
6.019954748598683e-08	5.262724e-01	5.475224e-01	3.355281e-01
6.022997605741544e-08	5.263431e-01	5.474683e-01	3.367031e-01
6.026040462884404e-08	5.264155e-01	5.474140e-01	3.378784e-01
6.029083320027265e-08	5.264898e-01	5.473595e-01	3.390538e-01
6.036983320027274e-08	5.267000e-01	5.472178e-01	3.421060e-01
6.041797605741565e-08	5.268393e-01	5.471311e-01	3.439667e-01
6.046611891455857e-08	5.269883e-01	5.470449e-01	3.458277e-01
6.051426177170148e-08	5.271469e-01	5.469590e-01	3.476890e-01
6.056240462884439e-08	5.273150e-01	5.468735e-01	3.495507e-01
6.061054748598729e-08	5.274927e-01	5.467884e-01	3.514128e-01
6.065869034313022e-08	5.276800e-01	5.467036e-01	3.532752e-01
6.070683320027312e-08	5.278769e-01	5.466192e-01	3.551380e-01
6.080483320027323e-08	5.283161e-01	5.464494e-01	3.589310e-01
6.090283320027335e-08	5.287781e-01	5.462841e-01	3.627253e-01
6.100083320027346e-08	5.292630e-01	5.461233e-01	3.665207e-01
6.109883320027357e-08	5.297706e-01	5.459672e-01	3.703173e-01
6.119683320027368e-08	5.303011e-01	5.458157e-01	3.741152e-01
6.129483320027379e-08	5.308543e-01	5.456687e-01	3.779142e-01
6.139283320027390e-08	5.314303e-01	5.455263e-01	3.817145e-01
6.139383320027390e-08	5.314361e-01	5.455249e-01	3.817533e-01
6.150269034313117e-08	5.320813e-01	5.453741e-01	3.859758e-01
6.161154748598843e-08	5.327190e-01	5.452302e-01	3.901993e-01
6.172040462884570e-08	5.333491e-01	5.450930e-01	3.944240e-01
6.182926177170297e-08	5.339718e-01	5.449627e-01	3.986497e-01
6.193811891456024e-08	5.345870e-01	5.448391e-01	4.028765e-01
6.204697605741750e-08	5.351947e-01	5.447224e-01	4.071044e-01
6.215583320027477e-08	5.357950e-01	5.446124e-01	4.113334e-01
6.241783320027506e-08	5.371413e-01	5.443729e-01	4.215152e-01
6.255397605741807e-08	5.377927e-01	5.442633e-01	4.268080e-01
6.269011891456109e-08	5.384086e-01	5.441611e-01	4.321019e-01
6.282626177170410e-08	5.389890e-01	5.440665e-01	4.373968e-01
6.296240462884711e-08	5.395338e-01	5.439793e-01	4.426928e-01
6.309854748599012e-08	5.400430e-01	5.438997e-01	4.479898e-01
6.323469034313314e-08	5.405168e-01	5.438275e-01	4.532879e-01
6.337083320027614e-08	5.409549e-01	5.437629e-01	4.585870e-01
6.344183320027623e-08	5.411709e-01	5.437309e-01	4.613508e-01
6.358797605741924e-08	5.415830e-01	5.436708e-01	4.670405e-01
6.373411891456228e-08	5.419652e-01	5.436156e-01	4.727309e-01
6.388026177170530e-08	5.423174e-01	5.435651e-01	4.784222e-01
6.402640462884831e-08	5.426396e-01	5.435194e-01	4.841141e-01
6.417254748599133e-08	5.429319e-01	5.434785e-01	4.898069e-01
6.431869034313437e-08	5.431941e-01	5.434423e-01	4.955004e-01
6.446483320027739e-08	5.434265e-01	5.434110e-01	5.011947e-01
6.446583320027739e-08	5.434280e-01	5.434108e-01	5.012336e-01
6.460069034313469e-08	5.436234e-01	5.433844e-01	5.064887e-01
6.473554748599197e-08	5.438041e-01	5.433601e-01	5.117441e-01
6.487040462884927e-08	5.439702e-01	5.433379e-01	5.170000e-01
6.500526177170657e-08	5.441215e-01	5.433178e-01	5.222563e-01
6.514011891456387e-08	5.442581e-01	5.432997e-01	5.275130e-01
6.527497605742116e-08	5.443800e-01	5.432838e-01	5.327702e-01
6.540983320027846e-08	5.444872e-01	5.432699e-01	5.380278e-01
6.548983320027855e-08	5.445474e-01	5.432621e-01	5.411468e-01
6.561854748599297e-08	5.446354e-01	5.432507e-01	5.461654e-01
6.574726177170741e-08	5.447166e-01	5.432403e-01	5.511842e-01
6.587597605742184e-08	5.447910e-01	5.432307e-01	5.562033e-01
6.600469034313628e-08	5.448587e-01	5.432221e-01	5.612226e-01
6.613340462885070e-08	5.449197e-01	5.432143e-01	5.662422e-01
6.626211891456514e-08	5.449739e-01	5.432075e-01	5.712620e-01
6.639083320027957e-08	5.450214e-01	5.432015e-01	5.762821e-01
6.651383320027971e-08	5.450636e-01	5.431962e-01	5.810794e-01
6.663340462885127e-08	5.451002e-01	5.431916e-01	5.857433e-01
6.675297605742283e-08	5.451341e-01	5.431874e-01	5.904072e-01
6.687254748599440e-08	5.451652e-01	5.431835e-01	5.950714e-01
6.699211891456597e-08	5.451936e-01	5.431800e-01	5.997356e-01
6.711169034313753e-08	5.452192e-01	5.431768e-01	6.044000e-01
6.723126177170910e-08	5.452420e-01	5.431740e-01	6.090645e-01
6.735083320028066e-08	5.452621e-01	5.431715e-01	6.137292e-01
6.737740462885211e-08	5.452664e-01	5.431710e-01	6.147658e-01
6.740397605742357e-08	5.452707e-01	5.431704e-01	6.158024e-01
6.743054748599503e-08	5.452748e-01	5.431699e-01	6.168390e-01
6.745711891456650e-08	5.452789e-01	5.431694e-01	6.178756e-01
6.748369034313795e-08	5.452829e-01	5.431689e-01	6.189122e-01
6.751026177170941e-08	5.452867e-01	5.431685e-01	6.199489e-01
6.753683320028087e-08	5.452905e-01	5.431680e-01	6.209855e-01
6.753783320028087e-08	5.452906e-01	5.431680e-01	6.210245e-01
6.765383320028100e-08	5.453059e-01	5.431662e-01	6.255502e-01
6.776983320028113e-08	5.453201e-01	5.431644e-01	6.300759e-01
6.788583320028126e-08	5.453330e-01	5.431628e-01	6.346017e-01
6.800183320028140e-08	5.453449e-01	5.431614e-01	6.391275e-01
6.811783320028153e-08	5.453556e-01	5.431601e-01	6.436535e-01
6.823383320028166e-08	5.453651e-01	5.431589e-01	6.481795e-01
6.834983320028179e-08	5.453734e-01	5.431579e-01	6.527056e-01
6.837997605742468e-08	5.453755e-01	5.431576e-01	6.538818e-01
6.841011891456758e-08	5.453776e-01	5.431574e-01	6.550579e-01
6.844026177171047e-08	5.453796e-01	5.431572e-01	6.562341e-01
6.847040462885335e-08	5.453816e-01	5.431569e-01	6.574102e-01
6.850054748599624e-08	5.453835e-01	5.431567e-01	6.585864e-01
6.853069034313914e-08	5.453853e-01	5.431565e-01	6.597625e-01
6.856083320028203e-08	5.453871e-01	5.431563e-01	6.609387e-01
6.856183320028203e-08	5.453872e-01	5.431562e-01	6.609777e-01
6.867926177171074e-08	5.453937e-01	5.431554e-01	6.655598e-01
6.879669034313944e-08	5.453996e-01	5.431547e-01	6.701420e-01
6.891411891456815e-08	5.454051e-01	5.431541e-01	6.747241e-01
6.903154748599684e-08	5.454101e-01	5.431535e-01	6.793062e-01
6.914897605742555e-08	5.454145e-01	5.431529e-01	6.838883e-01
6.926640462885426e-08	5.454185e-01	5.431525e-01	6.884704e-01
6.938383320028296e-08	5.454220e-01	5.431520e-01	6.930525e-01
6.941254748599728e-08	5.454228e-01	5.431519e-01	6.941726e-01
6.944126177171160e-08	5.454236e-01	5.431519e-01	6.952921e-01
6.946997605742591e-08	5.454244e-01	5.431518e-01	6.964109e-01
6.949869034314024e-08	5.454251e-01	5.431517e-01	6.975291e-01
6.952740462885455e-08	5.454259e-01	5.431516e-01	6.986468e-01
6.955611891456888e-08	5.454266e-01	5.431515e-01	6.997637e-01
6.958483320028319e-08	5.454273e-01	5.431514e-01	7.008801e-01
6.958583320028319e-08	5.454273e-01	5.431514e-01	7.009189e-01
6.971183320028333e-08	5.454302e-01	5.431511e-01	7.058320e-01
6.983783320028348e-08	5.454328e-01	5.431508e-01	7.106814e-01
6.996383320028362e-08	5.454351e-01	5.431505e-01	7.154671e-01
7.008983320028376e-08	5.454372e-01	5.431502e-01	7.201891e-01
7.021583320028391e-08	5.454391e-01	5.431500e-01	7.248474e-01
7.034183320028405e-08	5.454408e-01	5.431498e-01	7.294420e-01
7.046783320028419e-08	5.454422e-01	5.431497e-01	7.339729e-01
7.060983320028435e-08	5.454437e-01	5.431495e-01	7.389256e-01
7.075597605742737e-08	5.454450e-01	5.431493e-01	7.438890e-01
7.090211891457040e-08	5.454462e-01	5.431492e-01	7.486837e-01
7.104826177171342e-08	5.454472e-01	5.431491e-01	7.533099e-01
7.119440462885644e-08	5.454482e-01	5.431489e-01	7.577675e-01
7.134054748599946e-08	5.454490e-01	5.431488e-01	7.620564e-01
7.148669034314249e-08	5.454497e-01	5.431488e-01	7.661768e-01
7.163283320028551e-08	5.454503e-01	5.431487e-01	7.701286e-01
7.163383320028551e-08	5.454503e-01	5.431487e-01	7.701550e-01
7.177997605742853e-08	5.454508e-01	5.431486e-01	7.739160e-01
7.192611891457157e-08	5.454512e-01	5.431486e-01	7.775150e-01
7.207226177171458e-08	5.454516e-01	5.431485e-01	7.809521e-01
7.221840462885760e-08	5.454520e-01	5.431485e-01	7.842273e-01
7.236454748600062e-08	5.454523e-01	5.431485e-01	7.873405e-01
7.251069034314366e-08	5.454526e-01	5.431484e-01	7.902918e-01
7.265683320028667e-08	5.454528e-01	5.431484e-01	7.930811e-01
7.265783320028668e-08	5.454528e-01	5.431484e-01	7.930998e-01
7.280397605742969e-08	5.454530e-01	5.431484e-01	7.957396e-01
7.295011891457273e-08	5.454532e-01	5.431483e-01	7.982536e-01
7.309626177171575e-08	5.454534e-01	5.431483e-01	8.006417e-01
7.324240462885876e-08	5.454536e-01	5.431483e-01	8.029038e-01
7.338854748600178e-08	5.454537e-01	5.431483e-01	8.050401e-01
7.353469034314482e-08	5.454538e-01	5.431483e-01	8.070504e-01
7.368083320028784e-08	5.454539e-01	5.431483e-01	8.089349e-01
7.368183320028784e-08	5.454539e-01	5.431483e-01	8.089475e-01
7.382797605743086e-08	5.454540e-01	5.431483e-01	8.107264e-01
7.397411891457389e-08	5.454541e-01	5.431482e-01	8.124160e-01
7.412026177171691e-08	5.454541e-01	5.431482e-01	8.140165e-01
7.426640462885993e-08	5.454542e-01	5.431482e-01	8.155278e-01
7.441254748600295e-08	5.454542e-01	5.431482e-01	8.169500e-01
7.455869034314598e-08	5.454542e-01	5.431482e-01	8.182829e-01
7.470483320028900e-08	5.454543e-01	5.431482e-01	8.195266e-01
7.470583320028900e-08	5.454543e-01	5.431482e-01	8.195350e-01
7.476969034314622e-08	5.454543e-01	5.431482e-01	8.200592e-01
7.483354748600342e-08	5.454543e-01	5.431482e-01	8.205706e-01
7.489740462886064e-08	5.454543e-01	5.431482e-01	8.210691e-01
7.496126177171786e-08	5.454543e-01	5.431482e-01	8.215547e-01
7.502511891457508e-08	5.454543e-01	5.431482e-01	8.220275e-01
7.508897605743229e-08	5.454544e-01	5.431482e-01	8.224874e-01
7.515283320028950e-08	5.454544e-01	5.431482e-01	8.229344e-01
7.515583320028951e-08	5.454544e-01	5.431482e-01	8.229552e-01
7.515883320028951e-08	5.454544e-01	5.431482e-01	8.229759e-01
7.516183320028951e-08	5.454544e-01	5.431482e-01	8.229966e-01
7.516483320028952e-08	5.454544e-01	5.431482e-01	8.230173e-01
7.516783320028952e-08	5.454544e-01	5.431482e-01	8.230379e-01
7.517083320028952e-08	5.454544e-01	5.431482e-01	8.230585e-01
7.517383320028953e-08	5.454543e-01	5.431482e-01	8.230792e-01
7.517883320028953e-08	5.454543e-01	5.431482e-01	8.231134e-01
7.518383320028954e-08	5.454543e-01	5.431482e-01	8.231476e-01
7.518883320028955e-08	5.454542e-01	5.431482e-01	8.231817e-01
7.519383320028955e-08	5.454541e-01	5.431482e-01	8.232157e-01
7.519883320028956e-08	5.454540e-01	5.431482e-01	8.232497e-01
7.520383320028956e-08	5.454539e-01	5.431482e-01	8.232836e-01
7.520883320028957e-08	5.454537e-01	5.431482e-01	8.233175e-01
7.521640462886100e-08	5.454535e-01	5.431482e-01	8.233686e-01
7.522397605743244e-08	5.454531e-01	5.431481e-01	8.234196e-01
7.523154748600387e-08	5.454527e-01	5.431481e-01	8.234704e-01
7.523911891457532e-08	5.454521e-01	5.431481e-01	8.235210e-01
7.524669034314676e-08	5.454515e-01	5.431480e-01	8.235714e-01
7.525426177171819e-08	5.454509e-01	5.431479e-01	8.236217e-01
7.526183320028963e-08	5.454501e-01	5.431479e-01	8.236718e-01
7.527240462886107e-08	5.454489e-01	5.431477e-01	8.237416e-01
7.528297605743251e-08	5.454474e-01	5.431475e-01	8.238110e-01
7.529354748600394e-08	5.454457e-01	5.431472e-01	8.238801e-01
7.530411891457540e-08	5.454438e-01	5.431469e-01	8.239490e-01
7.531469034314683e-08	5.454417e-01	5.431465e-01	8.240175e-01
7.532526177171827e-08	5.454393e-01	5.431461e-01	8.240857e-01
7.533583320028971e-08	5.454367e-01	5.431456e-01	8.241537e-01
7.535354748600401e-08	5.454317e-01	5.431447e-01	8.242668e-01
7.537126177171833e-08	5.454261e-01	5.431433e-01	8.243791e-01
7.538897605743263e-08	5.454197e-01	5.431416e-01	8.244906e-01
7.540669034314694e-08	5.454126e-01	5.431394e-01	8.246012e-01
7.542440462886124e-08	5.454048e-01	5.431368e-01	8.247110e-01
7.544211891457555e-08	5.453962e-01	5.431338e-01	8.248200e-01
7.545983320028985e-08	5.453870e-01	5.431305e-01	8.249282e-01
7.549240462886132e-08	5.453677e-01	5.431233e-01	8.251250e-01
7.552497605743278e-08	5.453466e-01	5.431131e-01	8.253192e-01
7.555754748600424e-08	5.453238e-01	5.431000e-01	8.255108e-01
7.559011891457572e-08	5.452991e-01	5.430840e-01	8.256998e-01
7.562269034314718e-08	5.452727e-01	5.430650e-01	8.258862e-01
7.565526177171865e-08	5.452445e-01	5.430431e-01	8.260700e-01
7.568783320029011e-08	5.452145e-01	5.430182e-01	8.262513e-01
7.572983320029016e-08	5.451748e-01	5.429795e-01	8.264815e-01
7.577183320029021e-08	5.451328e-01	5.429346e-01	8.267074e-01
7.581383320029025e-08	5.450911e-01	5.428814e-01	8.269296e-01
7.585583320029030e-08	5.450496e-01	5.428197e-01	8.271479e-01
7.589783320029035e-08	5.450085e-01	5.427497e-01	8.273625e-01
7.593983320029040e-08	5.449677e-01	5.426713e-01	8.275732e-01
7.598183320029044e-08	5.449272e-01	5.425845e-01	8.277801e-01
7.602383320029049e-08	5.448869e-01	5.424893e-01	8.279832e-01
7.606183320029054e-08	5.448525e-01	5.423946e-01	8.281639e-01
7.609983320029058e-08	5.448200e-01	5.422920e-01	8.283419e-01
7.613783320029062e-08	5.447896e-01	5.421816e-01	8.285170e-01
7.617583320029066e-08	5.447612e-01	5.420634e-01	8.286894e-01
7.621383320029071e-08	5.447347e-01	5.419374e-01	8.288590e-01
7.625183320029075e-08	5.447103e-01	5.418036e-01	8.290258e-01
7.628983320029079e-08	5.446879e-01	5.416620e-01	8.291899e-01
7.632026177171940e-08	5.446720e-01	5.415429e-01	8.293194e-01
7.635069034314801e-08	5.446578e-01	5.414190e-01	8.294472e-01
7.638111891457662e-08	5.446452e-01	5.412904e-01	8.295735e-01
7.641154748600521e-08	5.446343e-01	5.411570e-01	8.296982e-01
7.644197605743382e-08	5.446251e-01	5.410189e-01	8.298212e-01
7.647240462886243e-08	5.446175e-01	5.408760e-01	8.299426e-01
7.650283320029104e-08	5.446116e-01	5.407284e-01	8.300624e-01
7.651669034314820e-08	5.446096e-01	5.406597e-01	8.301165e-01
7.653054748600535e-08	5.446078e-01	5.405902e-01	8.301703e-01
7.654440462886251e-08	5.446064e-01	5.405198e-01	8.302237e-01
7.655826177171967e-08	5.446054e-01	5.404485e-01	8.302768e-01
7.657211891457683e-08	5.446047e-01	5.403763e-01	8.303297e-01
7.658597605743398e-08	5.446043e-01	5.403032e-01	8.303821e-01
7.659983320029115e-08	5.446042e-01	5.402292e-01	8.304343e-01
7.662169034314832e-08	5.446049e-01	5.401107e-01	8.305160e-01
7.664354748600547e-08	5.446065e-01	5.399902e-01	8.305969e-01
7.666540462886265e-08	5.446088e-01	5.398677e-01	8.306771e-01
7.668726177171982e-08	5.446119e-01	5.397433e-01	8.307566e-01
7.670911891457699e-08	5.446159e-01	5.396170e-01	8.308353e-01
7.673097605743415e-08	5.446207e-01	5.394886e-01	8.309133e-01
7.675283320029132e-08	5.446262e-01	5.393584e-01	8.309906e-01
7.675383320029132e-08	5.446265e-01	5.393524e-01	8.309941e-01
7.682126177171997e-08	5.446499e-01	5.389354e-01	8.312273e-01
7.688869034314862e-08	5.446787e-01	5.385070e-01	8.314544e-01
7.695611891457727e-08	5.447128e-01	5.380671e-01	8.316753e-01
7.702354748600591e-08	5.447524e-01	5.376158e-01	8.318901e-01
7.709097605743456e-08	5.447973e-01	5.371531e-01	8.320986e-01
7.715840462886321e-08	5.448476e-01	5.366789e-01	8.323010e-01
7.722583320029186e-08	5.449032e-01	5.361933e-01	8.324971e-01
7.730454748600622e-08	5.449726e-01	5.356181e-01	8.327189e-01
7.738326177172061e-08	5.450433e-01	5.350439e-01	8.329340e-01
7.746197605743498e-08	5.451153e-01	5.344705e-01	8.331422e-01
7.754069034314936e-08	5.451887e-01	5.338980e-01	8.333437e-01
7.761940462886373e-08	5.452634e-01	5.333264e-01	8.335383e-01
7.769811891457811e-08	5.453395e-01	5.327556e-01	8.337262e-01
7.777683320029248e-08	5.454170e-01	5.321857e-01	8.339072e-01
7.777783320029248e-08	5.454179e-01	5.321786e-01	8.339095e-01
7.785469034314971e-08	5.454913e-01	5.316323e-01	8.340805e-01
7.793154748600694e-08	5.455622e-01	5.310998e-01	8.342464e-01
7.800840462886417e-08	5.456304e-01	5.305810e-01	8.344071e-01
7.808526177172140e-08	5.456960e-01	5.300759e-01	8.345627e-01
7.816211891457864e-08	5.457590e-01	5.295845e-01	8.347131e-01
7.823897605743586e-08	5.458194e-01	5.291068e-01	8.348584e-01
7.831583320029309e-08	5.458772e-01	5.286428e-01	8.349986e-01
7.836183320029314e-08	5.459096e-01	5.283758e-01	8.350805e-01
7.836283320029314e-08	5.459104e-01	5.283701e-01	8.350823e-01
7.836583320029315e-08	5.459124e-01	5.283529e-01	8.350876e-01
7.839769034315033e-08	5.459340e-01	5.281738e-01	8.351433e-01
7.842954748600750e-08	5.459551e-01	5.279948e-01	8.351982e-01
7.846140462886468e-08	5.459754e-01	5.278159e-01	8.352524e-01
7.849326177172187e-08	5.459951e-01	5.276371e-01	8.353059e-01
7.852511891457905e-08	5.460142e-01	5.274584e-01	8.353586e-01
7.855697605743622e-08	5.460326e-01	5.272799e-01	8.354106e-01
7.858883320029340e-08	5.460503e-01	5.271014e-01	8.354619e-01
7.861911891457915e-08	5.460666e-01	5.269291e-01	8.355100e-01
7.864940462886490e-08	5.460823e-01	5.267555e-01	8.355575e-01
7.867969034315065e-08	5.460974e-01	5.265807e-01	8.356044e-01
7.870997605743639e-08	5.461118e-01	5.264047e-01	8.356507e-01
7.874026177172215e-08	5.461257e-01	5.262274e-01	8.356964e-01
7.877054748600789e-08	5.461390e-01	5.260488e-01	8.357414e-01
7.880083320029364e-08	5.461517e-01	5.258691e-01	8.357859e-01
7.880183320029364e-08	5.461521e-01	5.258631e-01	8.357874e-01
7.887640462886515e-08	5.461806e-01	5.254074e-01	8.358942e-01
7.895097605743666e-08	5.462058e-01	5.249621e-01	8.359978e-01
7.902554748600818e-08	5.462279e-01	5.245273e-01	8.360984e-01
7.910011891457970e-08	5.462466e-01	5.241029e-01	8.361958e-01
7.917469034315121e-08	5.462622e-01	5.236890e-01	8.362901e-01
7.924926177172272e-08	5.462745e-01	5.232855e-01	8.363813e-01
7.932383320029423e-08	5.462835e-01	5.228925e-01	8.364693e-01
7.938197605743715e-08	5.462887e-01	5.226089e-01	8.365361e-01
7.944011891458009e-08	5.462923e-01	5.223453e-01	8.366013e-01
7.949826177172301e-08	5.462945e-01	5.221016e-01	8.366649e-01
7.955640462886592e-08	5.462953e-01	5.218778e-01	8.367270e-01
7.961454748600884e-08	5.462946e-01	5.216740e-01	8.367875e-01
7.967269034315178e-08	5.462924e-01	5.214901e-01	8.368465e-01
7.973083320029470e-08	5.462888e-01	5.213262e-01	8.369039e-01
7.974426177172328e-08	5.462878e-01	5.212921e-01	8.369170e-01
7.975769034315187e-08	5.462868e-01	5.212593e-01	8.369300e-01
7.977111891458046e-08	5.462857e-01	5.212278e-01	8.369430e-01
7.978454748600904e-08	5.462845e-01	5.211975e-01	8.369558e-01
7.979797605743762e-08	5.462833e-01	5.211684e-01	8.369686e-01
7.981140462886621e-08	5.462820e-01	5.211406e-01	8.369813e-01
7.982483320029480e-08	5.462806e-01	5.211140e-01	8.369939e-01
7.982583320029480e-08	5.462805e-01	5.211121e-01	8.369949e-01
7.986140462886627e-08	5.462766e-01	5.210480e-01	8.370279e-01
7.989697605743774e-08	5.462724e-01	5.209929e-01	8.370605e-01
7.993254748600920e-08	5.462677e-01	5.209468e-01	8.370926e-01
7.996811891458068e-08	5.462628e-01	5.209097e-01	8.371242e-01
8.000369034315215e-08	5.462574e-01	5.208815e-01	8.371554e-01
8.003926177172362e-08	5.462517e-01	5.208623e-01	8.371860e-01
8.007483320029509e-08	5.462456e-01	5.208521e-01	8.372162e-01
8.008840462886653e-08	5.462433e-01	5.208506e-01	8.372276e-01
8.010197605743797e-08	5.462408e-01	5.208504e-01	8.372389e-01
8.011554748600941e-08	5.462384e-01	5.208514e-01	8.372502e-01
8.012911891458087e-08	5.462358e-01	5.208538e-01	8.372614e-01
8.014269034315231e-08	5.462333e-01	5.208574e-01	8.372725e-01
8.015626177172375e-08	5.462307e-01	5.208624e-01	8.372836e-01
8.016983320029519e-08	5.462281e-01	5.208686e-01	8.372946e-01
8.023197605743812e-08	5.462154e-01	5.209149e-01	8.373440e-01
8.029411891458105e-08	5.462021e-01	5.209862e-01	8.373923e-01
8.035626177172398e-08	5.461882e-01	5.210827e-01	8.374393e-01
8.041840462886690e-08	5.461738e-01	5.212043e-01	8.374850e-01
8.048054748600983e-08	5.461587e-01	5.213509e-01	8.375296e-01
8.054269034315276e-08	5.461431e-01	5.215227e-01	8.375729e-01
8.060483320029569e-08	5.461269e-01	5.217196e-01	8.376150e-01
8.063969034315287e-08	5.461177e-01	5.218395e-01	8.376381e-01
8.067454748601005e-08	5.461085e-01	5.219662e-01	8.376609e-01
8.070940462886723e-08	5.460991e-01	5.220995e-01	8.376834e-01
8.074426177172442e-08	5.460897e-01	5.222395e-01	8.377056e-01
8.077911891458160e-08	5.460802e-01	5.223862e-01	8.377274e-01
8.081397605743878e-08	5.460706e-01	5.225396e-01	8.377488e-01
8.084883320029596e-08	5.460609e-01	5.226997e-01	8.377700e-01
8.084983320029596e-08	5.460606e-01	5.227044e-01	8.377706e-01
8.097140462886753e-08	5.460260e-01	5.233232e-01	8.378414e-01
8.109297605743909e-08	5.459916e-01	5.239983e-01	8.379091e-01
8.121454748601066e-08	5.459574e-01	5.247297e-01	8.379735e-01
8.133611891458224e-08	5.459236e-01	5.255175e-01	8.380347e-01
8.145769034315380e-08	5.458899e-01	5.263615e-01	8.380928e-01
8.157926177172536e-08	5.458566e-01	5.272619e-01	8.381476e-01
8.170083320029693e-08	5.458235e-01	5.282185e-01	8.381992e-01
8.187383320029713e-08	5.457786e-01	5.296297e-01	8.382686e-01
8.201997605744014e-08	5.457422e-01	5.308870e-01	8.383229e-01
8.216611891458318e-08	5.457074e-01	5.321775e-01	8.383743e-01
8.231226177172620e-08	5.456744e-01	5.335011e-01	8.384228e-01
8.245840462886922e-08	5.456430e-01	5.348579e-01	8.384684e-01
8.260454748601223e-08	5.456133e-01	5.362479e-01	8.385112e-01
8.275069034315527e-08	5.455854e-01	5.376711e-01	8.385511e-01
8.289683320029829e-08	5.455591e-01	5.391273e-01	8.385881e-01
8.289783320029829e-08	5.455589e-01	5.391374e-01	8.385883e-01
8.304397605744131e-08	5.455345e-01	5.406102e-01	8.386231e-01
8.319011891458434e-08	5.455117e-01	5.420991e-01	8.386561e-01
8.333626177172736e-08	5.454903e-01	5.436039e-01	8.386872e-01
8.348240462887038e-08	5.454704e-01	5.451247e-01	8.387165e-01
8.362854748601340e-08	5.454520e-01	5.466615e-01	8.387439e-01
8.377469034315643e-08	5.454351e-01	5.482142e-01	8.387695e-01
8.392083320029945e-08	5.454196e-01	5.497829e-01	8.387933e-01
8.392183320029945e-08	5.454195e-01	5.497936e-01	8.387935e-01
8.398211891458524e-08	5.454135e-01	5.504431e-01	8.388029e-01
8.404240462887101e-08	5.454076e-01	5.510945e-01	8.388121e-01
8.410269034315680e-08	5.454020e-01	5.517478e-01	8.388211e-01
8.416297605744257e-08	5.453965e-01	5.524030e-01	8.388299e-01
8.422326177172836e-08	5.453912e-01	5.530600e-01	8.388384e-01
8.428354748601414e-08	5.453861e-01	5.537189e-01	8.388468e-01
8.434383320029993e-08	5.453812e-01	5.543798e-01	8.388548e-01
8.436554748601423e-08	5.453795e-01	5.546182e-01	8.388577e-01
8.438726177172855e-08	5.453777e-01	5.548568e-01	8.388605e-01
8.440897605744285e-08	5.453761e-01	5.550957e-01	8.388635e-01
8.443069034315717e-08	5.453744e-01	5.553347e-01	8.388665e-01
8.445240462887148e-08	5.453728e-01	5.555740e-01	8.388696e-01
8.447411891458579e-08	5.453712e-01	5.558135e-01	8.388727e-01
8.449583320030010e-08	5.453696e-01	5.560533e-01	8.388759e-01
8.453697605744300e-08	5.453666e-01	5.565081e-01	8.388819e-01
8.457811891458591e-08	5.453637e-01	5.569637e-01	8.388893e-01
8.461926177172881e-08	5.453609e-01	5.574199e-01	8.388979e-01
8.466040462887171e-08	5.453581e-01	5.578770e-01	8.389079e-01
8.470154748601461e-08	5.453554e-01	5.583347e-01	8.389191e-01
8.474269034315753e-08	5.453528e-01	5.587931e-01	8.389317e-01
8.478383320030043e-08	5.453503e-01	5.592523e-01	8.389456e-01
8.480683320030045e-08	5.453489e-01	5.595093e-01	8.389544e-01
8.482983320030048e-08	5.453476e-01	5.597665e-01	8.389639e-01
8.485283320030050e-08	5.453462e-01	5.600240e-01	8.389742e-01
8.487583320030053e-08	5.453449e-01	5.602816e-01	8.389851e-01
8.489883320030056e-08	5.453436e-01	5.605395e-01	8.389968e-01
8.492183320030058e-08	5.453423e-01	5.607976e-01	8.390091e-01
8.494483320030061e-08	5.453410e-01	5.610558e-01	8.390222e-01
8.494583320030061e-08	5.453410e-01	5.610670e-01	8.390228e-01
8.499097605744351e-08	5.453385e-01	5.615746e-01	8.390508e-01
8.503611891458643e-08	5.453361e-01	5.620829e-01	8.390820e-01
8.508126177172934e-08	5.453338e-01	5.625920e-01	8.391163e-01
8.512640462887224e-08	5.453316e-01	5.631019e-01	8.391537e-01
8.517154748601514e-08	5.453294e-01	5.636125e-01	8.391942e-01
8.521669034315806e-08	5.453273e-01	5.641239e-01	8.392378e-01
8.526183320030097e-08	5.453252e-01	5.646360e-01	8.392846e-01
8.533569034315820e-08	5.453220e-01	5.654755e-01	8.393693e-01
8.540954748601541e-08	5.453189e-01	5.663168e-01	8.394599e-01
8.548340462887265e-08	5.453160e-01	5.671599e-01	8.395563e-01
8.555726177172988e-08	5.453132e-01	5.680049e-01	8.396586e-01
8.563111891458711e-08	5.453105e-01	5.688517e-01	8.397668e-01
8.570497605744432e-08	5.453080e-01	5.697002e-01	8.398809e-01
8.577883320030155e-08	5.453056e-01	5.705506e-01	8.400007e-01
8.580597605744444e-08	5.453048e-01	5.708635e-01	8.400450e-01
8.583311891458733e-08	5.453039e-01	5.711767e-01	8.400895e-01
8.586026177173022e-08	5.453031e-01	5.714900e-01	8.401342e-01
8.588740462887310e-08	5.453023e-01	5.718036e-01	8.401791e-01
8.591454748601599e-08	5.453015e-01	5.721174e-01	8.402243e-01
8.594169034315888e-08	5.453007e-01	5.724314e-01	8.402698e-01
8.596883320030177e-08	5.453000e-01	5.727457e-01	8.403155e-01
8.596983320030177e-08	5.452999e-01	5.727572e-01	8.403171e-01
8.606040462887330e-08	5.452975e-01	5.738075e-01	8.404729e-01
8.615097605744483e-08	5.452953e-01	5.748600e-01	8.406245e-01
8.624154748601636e-08	5.452931e-01	5.759147e-01	8.407721e-01
8.633211891458790e-08	5.452911e-01	5.769715e-01	8.409155e-01
8.642269034315943e-08	5.452892e-01	5.780306e-01	8.410547e-01
8.651326177173096e-08	5.452874e-01	5.790918e-01	8.411899e-01
8.660383320030249e-08	5.452858e-01	5.801552e-01	8.413209e-01
8.665940462887398e-08	5.452848e-01	5.808086e-01	8.413959e-01
8.671497605744547e-08	5.452839e-01	5.814627e-01	8.414674e-01
8.677054748601696e-08	5.452830e-01	5.821175e-01	8.415353e-01
8.682611891458846e-08	5.452821e-01	5.827731e-01	8.415996e-01
8.688169034315995e-08	5.452813e-01	5.834293e-01	8.416604e-01
8.693726177173144e-08	5.452805e-01	5.840863e-01	8.417177e-01
8.699283320030293e-08	5.452797e-01	5.847439e-01	8.417714e-01
8.699383320030293e-08	5.452797e-01	5.847557e-01	8.417723e-01
8.706126177173158e-08	5.452789e-01	5.855546e-01	8.418319e-01
8.712869034316023e-08	5.452781e-01	5.863544e-01	8.418856e-01
8.719611891458888e-08	5.452773e-01	5.871551e-01	8.419333e-01
8.726354748601752e-08	5.452765e-01	5.879567e-01	8.419751e-01
8.733097605744617e-08	5.452758e-01	5.887592e-01	8.420110e-01
8.739840462887482e-08	5.452751e-01	5.895626e-01	8.420410e-01
8.746583320030347e-08	5.452744e-01	5.903670e-01	8.420651e-01
8.750240462887493e-08	5.452741e-01	5.908036e-01	8.420757e-01
8.753897605744640e-08	5.452738e-01	5.912404e-01	8.420846e-01
8.757554748601787e-08	5.452735e-01	5.916774e-01	8.420918e-01
8.761211891458935e-08	5.452731e-01	5.921147e-01	8.420974e-01
8.764869034316082e-08	5.452728e-01	5.925522e-01	8.421013e-01
8.768526177173229e-08	5.452725e-01	5.929900e-01	8.421036e-01
8.772183320030376e-08	5.452722e-01	5.934280e-01	8.421042e-01
8.776397605744666e-08	5.452719e-01	5.939330e-01	8.421029e-01
8.780611891458957e-08	5.452716e-01	5.944383e-01	8.420995e-01
8.784826177173247e-08	5.452713e-01	5.949439e-01	8.420942e-01
8.789040462887537e-08	5.452710e-01	5.954498e-01	8.420870e-01
8.793254748601828e-08	5.452707e-01	5.959559e-01	8.420777e-01
8.797469034316119e-08	5.452705e-01	5.964623e-01	8.420664e-01
8.801683320030409e-08	5.452702e-01	5.969691e-01	8.420532e-01
8.801783320030409e-08	5.452702e-01	5.969810e-01	8.420528e-01
8.816397605744711e-08	5.452694e-01	5.987407e-01	8.419881e-01
8.831011891459014e-08	5.452686e-01	6.005031e-01	8.419082e-01
8.845626177173316e-08	5.452679e-01	6.022682e-01	8.418131e-01
8.860240462887618e-08	5.452673e-01	6.040361e-01	8.417027e-01
8.874854748601920e-08	5.452667e-01	6.058066e-01	8.415771e-01
8.889469034316223e-08	5.452662e-01	6.075799e-01	8.414362e-01
8.904083320030525e-08	5.452658e-01	6.093560e-01	8.412802e-01
8.904183320030525e-08	5.452658e-01	6.093681e-01	8.412791e-01
8.918797605744827e-08	5.452654e-01	6.111464e-01	8.411159e-01
8.933411891459130e-08	5.452651e-01	6.129264e-01	8.409494e-01
8.948026177173432e-08	5.452647e-01	6.147084e-01	8.407796e-01
8.962640462887734e-08	5.452645e-01	6.164922e-01	8.406065e-01
8.977254748602036e-08	5.452642e-01	6.182779e-01	8.404302e-01
8.991869034316339e-08	5.452640e-01	6.200654e-01	8.402506e-01
9.006483320030641e-08	5.452638e-01	6.218548e-01	8.400677e-01
9.006583320030641e-08	5.452638e-01	6.218670e-01	8.400665e-01
9.021197605744943e-08	5.452637e-01	6.236579e-01	8.398861e-01
9.035811891459247e-08	5.452635e-01	6.254499e-01	8.397088e-01
9.050426177173549e-08	5.452634e-01	6.272433e-01	8.395347e-01
9.065040462887850e-08	5.452633e-01	6.290378e-01	8.393637e-01
9.079654748602152e-08	5.452632e-01	6.308336e-01	8.391959e-01
9.094269034316456e-08	5.452631e-01	6.326307e-01	8.390312e-01
9.108883320030757e-08	5.452630e-01	6.344289e-01	8.388696e-01
9.108983320030758e-08	5.452630e-01	6.344413e-01	8.388685e-01
9.123597605745059e-08	5.452629e-01	6.362405e-01	8.387126e-01
9.138211891459363e-08	5.452628e-01	6.380405e-01	8.385618e-01
9.152826177173665e-08	5.452628e-01	6.398414e-01	8.384161e-01
9.167440462887967e-08	5.452627e-01	6.416431e-01	8.382756e-01
9.182054748602268e-08	5.452627e-01	6.434456e-01	8.381402e-01
9.196669034316572e-08	5.452627e-01	6.452489e-01	8.380100e-01
9.211283320030874e-08	5.452626e-01	6.470531e-01	8.378848e-01
9.211383320030874e-08	5.452626e-01	6.470654e-01	8.378840e-01
9.225997605745176e-08	5.452626e-01	6.488702e-01	8.377645e-01
9.240611891459479e-08	5.452626e-01	6.506755e-01	8.376500e-01
9.255226177173781e-08	5.452625e-01	6.524813e-01	8.375403e-01
9.269840462888083e-08	5.452625e-01	6.542877e-01	8.374355e-01
9.284454748602385e-08	5.452625e-01	6.560946e-01	8.373356e-01
9.299069034316688e-08	5.452625e-01	6.579020e-01	8.372407e-01
9.313683320030990e-08	5.452625e-01	6.597100e-01	8.371506e-01
9.313783320030990e-08	5.452625e-01	6.597224e-01	8.371500e-01
9.318883320030996e-08	5.452625e-01	6.603532e-01	8.371195e-01
9.323983320031001e-08	5.452625e-01	6.609842e-01	8.370896e-01
9.329083320031007e-08	5.452625e-01	6.616153e-01	8.370602e-01
9.334183320031013e-08	5.452625e-01	6.622467e-01	8.370313e-01
9.339283320031019e-08	5.452625e-01	6.628781e-01	8.370029e-01
9.344383320031024e-08	5.452625e-01	6.635097e-01	8.369750e-01
9.349483320031030e-08	5.452625e-01	6.641415e-01	8.369477e-01
9.350740462888174e-08	5.452624e-01	6.642979e-01	8.369410e-01
9.351997605745318e-08	5.452624e-01	6.644547e-01	8.369344e-01
9.353254748602463e-08	5.452624e-01	6.646120e-01	8.369278e-01
9.354511891459608e-08	5.452624e-01	6.647696e-01	8.369212e-01
9.355769034316752e-08	5.452624e-01	6.649277e-01	8.369147e-01
9.357026177173896e-08	5.452624e-01	6.650862e-01	8.369082e-01
9.358283320031040e-08	5.452624e-01	6.652452e-01	8.369017e-01
9.359454748602470e-08	5.452624e-01	6.653938e-01	8.368956e-01
9.360626177173900e-08	5.452624e-01	6.655428e-01	8.368896e-01
9.361797605745330e-08	5.452624e-01	6.656923e-01	8.368837e-01
9.362969034316760e-08	5.452623e-01	6.658423e-01	8.368777e-01
9.364140462888190e-08	5.452623e-01	6.659927e-01	8.368718e-01
9.365311891459620e-08	5.452622e-01	6.661436e-01	8.368659e-01
9.366483320031050e-08	5.452622e-01	6.662950e-01	8.368601e-01
9.367783320031051e-08	5.452621e-01	6.664635e-01	8.368536e-01
9.369083320031053e-08	5.452620e-01	6.666325e-01	8.368471e-01
9.370383320031054e-08	5.452619e-01	6.668021e-01	8.368407e-01
9.371683320031055e-08	5.452617e-01	6.669721e-01	8.368343e-01
9.372983320031057e-08	5.452616e-01	6.671427e-01	8.368279e-01
9.374283320031058e-08	5.452614e-01	6.673137e-01	8.368216e-01
9.375583320031060e-08	5.452612e-01	6.674853e-01	8.368153e-01
9.377240462888204e-08	5.452609e-01	6.677047e-01	8.368073e-01
9.378897605745349e-08	5.452605e-01	6.679247e-01	8.367993e-01
9.380554748602494e-08	5.452600e-01	6.681452e-01	8.367914e-01
9.382211891459639e-08	5.452594e-01	6.683662e-01	8.367836e-01
9.383869034316784e-08	5.452587e-01	6.685878e-01	8.367758e-01
9.385526177173928e-08	5.452580e-01	6.688099e-01	8.367681e-01
9.387183320031073e-08	5.452572e-01	6.690326e-01	8.367604e-01
9.389697605745361e-08	5.452557e-01	6.693713e-01	8.367488e-01
9.392211891459651e-08	5.452538e-01	6.697101e-01	8.367373e-01
9.394726177173939e-08	5.452515e-01	6.700491e-01	8.367259e-01
9.397240462888227e-08	5.452488e-01	6.703882e-01	8.367147e-01
9.399754748602515e-08	5.452456e-01	6.707274e-01	8.367035e-01
9.402269034316805e-08	5.452421e-01	6.710668e-01	8.366924e-01
9.404783320031093e-08	5.452380e-01	6.714062e-01	8.366815e-01
9.406397605745380e-08	5.452351e-01	6.716237e-01	8.366745e-01
9.408011891459669e-08	5.452319e-01	6.718408e-01	8.366676e-01
9.409626177173956e-08	5.452283e-01	6.720576e-01	8.366607e-01
9.411240462888243e-08	5.452245e-01	6.722740e-01	8.366538e-01
9.412854748602530e-08	5.452204e-01	6.724900e-01	8.366470e-01
9.414469034316819e-08	5.452160e-01	6.727057e-01	8.366402e-01
9.416083320031106e-08	5.452113e-01	6.729211e-01	8.366334e-01
9.416183320031106e-08	5.452110e-01	6.729344e-01	8.366330e-01
9.422269034316827e-08	5.451916e-01	6.737427e-01	8.366081e-01
9.428354748602548e-08	5.451646e-01	6.745409e-01	8.365836e-01
9.434440462888269e-08	5.451301e-01	6.753290e-01	8.365598e-01
9.440526177173991e-08	5.450879e-01	6.761071e-01	8.365364e-01
9.446611891459712e-08	5.450381e-01	6.768751e-01	8.365136e-01
9.452697605745433e-08	5.449807e-01	6.776330e-01	8.364914e-01
9.458783320031154e-08	5.449157e-01	6.783808e-01	8.364697e-01
9.465140462888304e-08	5.448364e-01	6.791477e-01	8.364475e-01
9.471497605745454e-08	5.447442e-01	6.799065e-01	8.364259e-01
9.477854748602604e-08	5.446394e-01	6.806570e-01	8.364048e-01
9.484211891459755e-08	5.445218e-01	6.813993e-01	8.363842e-01
9.490569034316905e-08	5.443915e-01	6.821334e-01	8.363641e-01
9.496926177174055e-08	5.442484e-01	6.828593e-01	8.363445e-01
9.503283320031205e-08	5.440927e-01	6.835770e-01	8.363255e-01
9.518583320031222e-08	5.436592e-01	6.852947e-01	8.362815e-01
9.528183320031233e-08	5.433431e-01	6.863605e-01	8.362553e-01
9.537783320031244e-08	5.429995e-01	6.874320e-01	8.362300e-01
9.547383320031255e-08	5.426286e-01	6.885092e-01	8.362056e-01
9.556983320031266e-08	5.422302e-01	6.895923e-01	8.361822e-01
9.566583320031276e-08	5.418044e-01	6.906810e-01	8.361596e-01
9.576183320031287e-08	5.413511e-01	6.917756e-01	8.361380e-01
9.585783320031298e-08	5.408705e-01	6.928759e-01	8.361173e-01
9.590797605745589e-08	5.406124e-01	6.934576e-01	8.361067e-01
9.595811891459882e-08	5.403499e-01	6.940425e-01	8.360963e-01
9.600826177174173e-08	5.400830e-01	6.946307e-01	8.360862e-01
9.605840462888464e-08	5.398119e-01	6.952221e-01	8.360763e-01
9.610854748602755e-08	5.395363e-01	6.958167e-01	8.360665e-01
9.615869034317047e-08	5.392564e-01	6.964146e-01	8.360570e-01
9.620883320031338e-08	5.389722e-01	6.970158e-01	8.360477e-01
9.620983320031338e-08	5.389665e-01	6.970278e-01	8.360475e-01
9.627926177174203e-08	5.385666e-01	6.978662e-01	8.360350e-01
9.634869034317069e-08	5.381647e-01	6.987100e-01	8.360227e-01
9.641811891459934e-08	5.377607e-01	6.995592e-01	8.360108e-01
9.648754748602798e-08	5.373546e-01	7.004137e-01	8.359992e-01
9.655697605745663e-08	5.369465e-01	7.012736e-01	8.359880e-01
9.662640462888528e-08	5.365363e-01	7.021388e-01	8.359771e-01
9.669583320031393e-08	5.361241e-01	7.030095e-01	8.359665e-01
9.673711891459970e-08	5.358814e-01	7.035279e-01	8.359603e-01
9.677840462888545e-08	5.356436e-01	7.040491e-01	8.359543e-01
9.681969034317122e-08	5.354105e-01	7.045730e-01	8.359483e-01
9.686097605745697e-08	5.351823e-01	7.050997e-01	8.359425e-01
9.690226177174274e-08	5.349590e-01	7.056290e-01	8.359367e-01
9.694354748602849e-08	5.347404e-01	7.061611e-01	8.359311e-01
9.698483320031426e-08	5.345266e-01	7.066960e-01	8.359255e-01
9.702026177174287e-08	5.343488e-01	7.071586e-01	8.359208e-01
9.705569034317149e-08	5.341745e-01	7.076256e-01	8.359162e-01
9.709111891460010e-08	5.340040e-01	7.080970e-01	8.359117e-01
9.712654748602870e-08	5.338371e-01	7.085729e-01	8.359072e-01
9.716197605745731e-08	5.336740e-01	7.090531e-01	8.359028e-01
9.719740462888593e-08	5.335145e-01	7.095377e-01	8.358984e-01
9.723283320031454e-08	5.333586e-01	7.100268e-01	8.358941e-01
9.723383320031454e-08	5.333542e-01	7.100407e-01	8.358940e-01
9.730697605745748e-08	5.330443e-01	7.110672e-01	8.358854e-01
9.738011891460043e-08	5.327425e-01	7.121217e-01	8.358770e-01
9.745326177174336e-08	5.324490e-01	7.132040e-01	8.358688e-01
9.752640462888630e-08	5.321637e-01	7.143142e-01	8.358609e-01
9.759954748602924e-08	5.318865e-01	7.154523e-01	8.358532e-01
9.767269034317219e-08	5.316176e-01	7.166182e-01	8.358458e-01
9.774583320031512e-08	5.313568e-01	7.178121e-01	8.358386e-01
9.781883320031521e-08	5.310987e-01	7.190370e-01	8.358317e-01
9.789183320031529e-08	5.308471e-01	7.202864e-01	8.358249e-01
9.796483320031537e-08	5.306018e-01	7.215603e-01	8.358184e-01
9.803783320031545e-08	5.303629e-01	7.228589e-01	8.358120e-01
9.811083320031554e-08	5.301305e-01	7.241819e-01	8.358059e-01
9.818383320031562e-08	5.299044e-01	7.255295e-01	8.357999e-01
9.825683320031570e-08	5.296848e-01	7.269016e-01	8.357942e-01
9.825783320031570e-08	5.296819e-01	7.269205e-01	8.357941e-01
9.836326177174440e-08	5.293756e-01	7.289450e-01	8.357861e-01
9.846869034317309e-08	5.290968e-01	7.309863e-01	8.357784e-01
9.857411891460178e-08	5.288456e-01	7.330443e-01	8.357710e-01
9.867954748603046e-08	5.286217e-01	7.351191e-01	8.357640e-01
9.878497605745915e-08	5.284254e-01	7.372106e-01	8.357572e-01
9.889040462888785e-08	5.282566e-01	7.393188e-01	8.357508e-01
9.899583320031654e-08	5.281152e-01	7.414438e-01	8.357447e-01
9.903654748603087e-08	5.280723e-01	7.422582e-01	8.357424e-01
9.907726177174521e-08	5.280351e-01	7.430708e-01	8.357402e-01
9.911797605745953e-08	5.280035e-01	7.438818e-01	8.357380e-01
9.915869034317387e-08	5.279776e-01	7.446910e-01	8.357358e-01
9.919940462888820e-08	5.279574e-01	7.454984e-01	8.357336e-01
9.924011891460254e-08	5.279428e-01	7.463042e-01	8.357315e-01
9.928083320031686e-08	5.279338e-01	7.471082e-01	8.357294e-01
9.928183320031686e-08	5.279337e-01	7.471278e-01	8.357294e-01
9.929940462888831e-08	5.279318e-01	7.474737e-01	8.357285e-01
9.931697605745976e-08	5.279310e-01	7.478190e-01	8.357276e-01
9.933454748603120e-08	5.279314e-01	7.481638e-01	8.357268e-01
9.935211891460266e-08	5.279329e-01	7.485079e-01	8.357259e-01
9.936969034317411e-08	5.279355e-01	7.488515e-01	8.357250e-01
9.938726177174556e-08	5.279392e-01	7.491944e-01	8.357242e-01
9.940483320031700e-08	5.279440e-01	7.495368e-01	8.357233e-01
9.947026177174565e-08	5.279718e-01	7.508077e-01	8.357203e-01
9.953569034317430e-08	5.280157e-01	7.520667e-01	8.357173e-01
9.960111891460295e-08	5.280757e-01	7.533137e-01	8.357144e-01
9.966654748603158e-08	5.281516e-01	7.545488e-01	8.357116e-01
9.973197605746023e-08	5.282437e-01	7.557720e-01	8.357088e-01
9.979740462888888e-08	5.283517e-01	7.569832e-01	8.357061e-01
9.986283320031752e-08	5.284758e-01	7.581825e-01	8.357035e-01
9.992597605746045e-08	5.286112e-01	7.593254e-01	8.357010e-01
9.998911891460339e-08	5.287610e-01	7.604536e-01	8.356987e-01
1.000522617717463e-07	5.289254e-01	7.615669e-01	8.356963e-01
1.001154046288892e-07	5.291044e-01	7.626654e-01	8.356941e-01
1.001785474860322e-07	5.292978e-01	7.637491e-01	8.356919e-01
1.002416903431751e-07	5.295058e-01	7.648179e-01	8.356898e-01
1.003048332003180e-07	5.297284e-01	7.658720e-01	8.356877e-01
1.003058332003180e-07	5.297320e-01	7.658886e-01	8.356877e-01
1.004519760574610e-07	5.303075e-01	7.682651e-01	8.356831e-01
1.005981189146041e-07	5.309476e-01	7.705530e-01	8.356788e-01
1.007442617717471e-07	5.316522e-01	7.727523e-01	8.356747e-01
1.008904046288901e-07	5.324214e-01	7.748629e-01	8.356709e-01
1.010365474860331e-07	5.332551e-01	7.768849e-01	8.356673e-01
1.011826903431762e-07	5.341533e-01	7.788182e-01	8.356640e-01
1.013288332003192e-07	5.351160e-01	7.806630e-01	8.356609e-01
1.013298332003192e-07	5.351228e-01	7.806753e-01	8.356608e-01
1.014759760574622e-07	5.361384e-01	7.824281e-01	8.356579e-01
1.016221189146052e-07	5.371970e-01	7.841030e-01	8.356551e-01
1.017682617717483e-07	5.382987e-01	7.857000e-01	8.356525e-01
1.019144046288913e-07	5.394433e-01	7.872192e-01	8.356501e-01
1.020605474860343e-07	5.406310e-01	7.886604e-01	8.356478e-01
1.022066903431773e-07	5.418618e-01	7.900237e-01	8.356456e-01
1.023528332003203e-07	5.431355e-01	7.913091e-01	8.356436e-01
1.023538332003203e-07	5.431443e-01	7.913178e-01	8.356436e-01
1.023899760574632e-07	5.434631e-01	7.916264e-01	8.356431e-01
1.024261189146062e-07	5.437838e-01	7.919309e-01	8.356426e-01
1.024622617717490e-07	5.441066e-01	7.922315e-01	8.356422e-01
1.024984046288919e-07	5.444313e-01	7.925280e-01	8.356417e-01
1.025345474860348e-07	5.447579e-01	7.928204e-01	8.356412e-01
1.025706903431777e-07	5.450865e-01	7.931089e-01	8.356408e-01
1.026068332003206e-07	5.454171e-01	7.933933e-01	8.356404e-01
1.026161189146064e-07	5.455023e-01	7.934657e-01	8.356402e-01
1.026254046288921e-07	5.455876e-01	7.935380e-01	8.356401e-01
1.026346903431778e-07	5.456730e-01	7.936099e-01	8.356400e-01
1.026439760574635e-07	5.457586e-01	7.936816e-01	8.356399e-01
1.026532617717493e-07	5.458443e-01	7.937531e-01	8.356398e-01
1.026625474860350e-07	5.459301e-01	7.938243e-01	8.356397e-01
1.026718332003207e-07	5.460160e-01	7.938952e-01	8.356397e-01
1.026804046288921e-07	5.460955e-01	7.939604e-01	8.356396e-01
1.026889760574636e-07	5.461750e-01	7.940255e-01	8.356395e-01
1.026975474860350e-07	5.462546e-01	7.940903e-01	8.356395e-01
1.027061189146065e-07	5.463343e-01	7.941549e-01	8.356395e-01
1.027146903431779e-07	5.464141e-01	7.942193e-01	8.356394e-01
1.027232617717493e-07	5.464940e-01	7.942835e-01	8.356394e-01
1.027318332003208e-07	5.465741e-01	7.943475e-01	8.356394e-01
1.027432617717494e-07	5.466809e-01	7.944325e-01	8.356394e-01
1.027546903431779e-07	5.467879e-01	7.945171e-01	8.356395e-01
1.027661189146065e-07	5.468951e-01	7.946014e-01	8.356396e-01
1.027775474860351e-07	5.470024e-01	7.946852e-01	8.356397e-01
1.027889760574637e-07	5.471100e-01	7.947688e-01	8.356400e-01
1.028004046288923e-07	5.472177e-01	7.948519e-01	8.356402e-01
1.028118332003209e-07	5.473256e-01	7.949347e-01	8.356405e-01
1.028488332003209e-07	5.476760e-01	7.952001e-01	8.356416e-01
1.028858332003210e-07	5.480281e-01	7.954618e-01	8.356439e-01
1.029228332003210e-07	5.483819e-01	7.957198e-01	8.356475e-01
1.029598332003210e-07	5.487373e-01	7.959742e-01	8.356525e-01
1.029968332003211e-07	5.490944e-01	7.962249e-01	8.356587e-01
1.030338332003211e-07	5.494531e-01	7.964720e-01	8.356663e-01
1.030708332003212e-07	5.498135e-01	7.967154e-01	8.356751e-01
1.031071189146069e-07	5.501685e-01	7.969507e-01	8.356857e-01
1.031434046288927e-07	5.505248e-01	7.971828e-01	8.356986e-01
1.031796903431784e-07	5.508826e-01	7.974116e-01	8.357137e-01
1.032159760574642e-07	5.512418e-01	7.976372e-01	8.357311e-01
1.032522617717499e-07	5.516025e-01	7.978596e-01	8.357507e-01
1.032885474860357e-07	5.519645e-01	7.980787e-01	8.357726e-01
1.033248332003214e-07	5.523280e-01	7.982946e-01	8.357967e-01
1.033778332003215e-07	5.528612e-01	7.986045e-01	8.358369e-01
1.034301189146073e-07	5.533900e-01	7.989037e-01	8.358822e-01
1.034824046288931e-07	5.539214e-01	7.991969e-01	8.359330e-01
1.035346903431788e-07	5.544553e-01	7.994842e-01	8.359894e-01
1.035869760574646e-07	5.549916e-01	7.997657e-01	8.360514e-01
1.036392617717504e-07	5.555305e-01	8.000412e-01	8.361190e-01
1.036915474860361e-07	5.560719e-01	8.003108e-01	8.361922e-01
1.037438332003219e-07	5.566158e-01	8.005745e-01	8.362710e-01
1.038369760574649e-07	5.575907e-01	8.010297e-01	8.364283e-01
1.039301189146079e-07	5.585719e-01	8.014694e-01	8.365970e-01
1.040232617717508e-07	5.595594e-01	8.018936e-01	8.367773e-01
1.041164046288938e-07	5.605533e-01	8.023022e-01	8.369691e-01
1.042095474860367e-07	5.615534e-01	8.026952e-01	8.371724e-01
1.043026903431797e-07	5.625599e-01	8.030728e-01	8.373873e-01
1.043958332003227e-07	5.635728e-01	8.034347e-01	8.376136e-01
1.044018332003227e-07	5.636382e-01	8.034577e-01	8.376281e-01
1.045156903431799e-07	5.648841e-01	8.038801e-01	8.379139e-01
1.046295474860372e-07	5.661370e-01	8.042851e-01	8.381954e-01
1.047434046288945e-07	5.673967e-01	8.046725e-01	8.384725e-01
1.048572617717518e-07	5.686633e-01	8.050425e-01	8.387454e-01
1.049711189146090e-07	5.699369e-01	8.053949e-01	8.390140e-01
1.050849760574663e-07	5.712173e-01	8.057298e-01	8.392782e-01
1.051988332003236e-07	5.725046e-01	8.060473e-01	8.395382e-01
1.052311189146093e-07	5.728705e-01	8.061350e-01	8.396075e-01
1.052634046288951e-07	5.732369e-01	8.062217e-01	8.396757e-01
1.052956903431808e-07	5.736037e-01	8.063071e-01	8.397425e-01
1.053279760574666e-07	5.739709e-01	8.063915e-01	8.398082e-01
1.053602617717523e-07	5.743385e-01	8.064747e-01	8.398726e-01
1.053925474860381e-07	5.747067e-01	8.065567e-01	8.399357e-01
1.054248332003238e-07	5.750752e-01	8.066376e-01	8.399976e-01
1.054258332003238e-07	5.750867e-01	8.066401e-01	8.399994e-01
1.054981189146096e-07	5.759135e-01	8.068170e-01	8.401333e-01
1.055704046288954e-07	5.767423e-01	8.069889e-01	8.402592e-01
1.056426903431812e-07	5.775730e-01	8.071558e-01	8.403771e-01
1.057149760574670e-07	5.784057e-01	8.073178e-01	8.404869e-01
1.057872617717528e-07	5.792402e-01	8.074749e-01	8.405887e-01
1.058595474860386e-07	5.800767e-01	8.076270e-01	8.406826e-01
1.059318332003244e-07	5.809151e-01	8.077741e-01	8.407683e-01
1.059821189146102e-07	5.814993e-01	8.078740e-01	8.408229e-01
1.060324046288959e-07	5.820843e-01	8.079719e-01	8.408713e-01
1.060826903431817e-07	5.826701e-01	8.080678e-01	8.409137e-01
1.061329760574675e-07	5.832567e-01	8.081617e-01	8.409499e-01
1.061832617717533e-07	5.838440e-01	8.082536e-01	8.409801e-01
1.062335474860390e-07	5.844321e-01	8.083434e-01	8.410042e-01
1.062838332003248e-07	5.850210e-01	8.084313e-01	8.410222e-01
1.062969760574677e-07	5.851750e-01	8.084540e-01	8.410255e-01
1.063101189146106e-07	5.853291e-01	8.084765e-01	8.410282e-01
1.063232617717534e-07	5.854832e-01	8.084990e-01	8.410305e-01
1.063364046288963e-07	5.856374e-01	8.085213e-01	8.410322e-01
1.063495474860392e-07	5.857916e-01	8.085434e-01	8.410334e-01
1.063626903431820e-07	5.859458e-01	8.085655e-01	8.410340e-01
1.063758332003249e-07	5.861002e-01	8.085874e-01	8.410342e-01
1.063862617717535e-07	5.862226e-01	8.086047e-01	8.410339e-01
1.063966903431821e-07	5.863451e-01	8.086220e-01	8.410333e-01
1.064071189146107e-07	5.864677e-01	8.086391e-01	8.410323e-01
1.064175474860392e-07	5.865902e-01	8.086562e-01	8.410310e-01
1.064279760574678e-07	5.867129e-01	8.086732e-01	8.410294e-01
1.064384046288964e-07	5.868355e-01	8.086902e-01	8.410275e-01
1.064488332003250e-07	5.869582e-01	8.087071e-01	8.410252e-01
1.064498332003250e-07	5.869699e-01	8.087087e-01	8.410249e-01
1.067188332003253e-07	5.901437e-01	8.091185e-01	8.408442e-01
1.067892617717540e-07	5.909776e-01	8.092181e-01	8.407570e-01
1.068596903431826e-07	5.918127e-01	8.093149e-01	8.406566e-01
1.069301189146113e-07	5.926488e-01	8.094090e-01	8.405427e-01
1.070005474860399e-07	5.934860e-01	8.095003e-01	8.404155e-01
1.070709760574686e-07	5.943244e-01	8.095889e-01	8.402750e-01
1.071414046288972e-07	5.951638e-01	8.096747e-01	8.401211e-01
1.072118332003259e-07	5.960042e-01	8.097577e-01	8.399539e-01
1.072491189146116e-07	5.964496e-01	8.098008e-01	8.398618e-01
1.072864046288974e-07	5.968951e-01	8.098432e-01	8.397673e-01
1.073236903431831e-07	5.973410e-01	8.098849e-01	8.396705e-01
1.073609760574689e-07	5.977871e-01	8.099260e-01	8.395712e-01
1.073982617717546e-07	5.982334e-01	8.099664e-01	8.394696e-01
1.074355474860404e-07	5.986800e-01	8.100062e-01	8.393655e-01
1.074728332003262e-07	5.991269e-01	8.100453e-01	8.392591e-01
1.074738332003262e-07	5.991389e-01	8.100463e-01	8.392562e-01
1.075876903431834e-07	6.005053e-01	8.101614e-01	8.389130e-01
1.077015474860407e-07	6.018736e-01	8.102716e-01	8.385647e-01
1.078154046288980e-07	6.032439e-01	8.103768e-01	8.382113e-01
1.079292617717552e-07	6.046162e-01	8.104772e-01	8.378530e-01
1.080431189146125e-07	6.059904e-01	8.105726e-01	8.374895e-01
1.081569760574698e-07	6.073666e-01	8.106632e-01	8.371211e-01
1.082708332003271e-07	6.087447e-01	8.107488e-01	8.367476e-01
1.084978332003273e-07	6.114969e-01	8.109087e-01	8.360323e-01
1.086245474860417e-07	6.130360e-01	8.109908e-01	8.356437e-01
1.087512617717562e-07	6.145767e-01	8.110691e-01	8.352676e-01
1.088779760574706e-07	6.161190e-01	8.111435e-01	8.349040e-01
1.090046903431850e-07	6.176629e-01	8.112141e-01	8.345530e-01
1.091314046288995e-07	6.192083e-01	8.112808e-01	8.342145e-01
1.092581189146139e-07	6.207553e-01	8.113437e-01	8.338885e-01
1.093848332003283e-07	6.223039e-01	8.114028e-01	8.335751e-01
1.095218332003285e-07	6.239794e-01	8.114637e-01	8.332514e-01
1.096679760574715e-07	6.257686e-01	8.115242e-01	8.329248e-01
1.098141189146145e-07	6.275591e-01	8.115815e-01	8.326105e-01
1.099602617717575e-07	6.293510e-01	8.116356e-01	8.323085e-01
1.101064046289006e-07	6.311442e-01	8.116865e-01	8.320188e-01
1.102525474860436e-07	6.329387e-01	8.117343e-01	8.317413e-01
1.103986903431866e-07	6.347346e-01	8.117788e-01	8.314762e-01
1.105448332003296e-07	6.365318e-01	8.118201e-01	8.312234e-01
1.105458332003296e-07	6.365441e-01	8.118204e-01	8.312216e-01
1.106919760574727e-07	6.383423e-01	8.118593e-01	8.309761e-01
1.108381189146157e-07	6.401414e-01	8.118961e-01	8.307346e-01
1.109842617717587e-07	6.419414e-01	8.119309e-01	8.304972e-01
1.111304046289017e-07	6.437422e-01	8.119636e-01	8.302640e-01
1.112765474860447e-07	6.455439e-01	8.119942e-01	8.300348e-01
1.114226903431878e-07	6.473465e-01	8.120228e-01	8.298097e-01
1.115688332003308e-07	6.491500e-01	8.120493e-01	8.295887e-01
1.115698332003308e-07	6.491624e-01	8.120495e-01	8.295872e-01
1.115988332003308e-07	6.495203e-01	8.120546e-01	8.295431e-01
1.116278332003309e-07	6.498783e-01	8.120597e-01	8.294990e-01
1.116568332003309e-07	6.502363e-01	8.120647e-01	8.294549e-01
1.116858332003309e-07	6.505942e-01	8.120696e-01	8.294108e-01
1.117148332003310e-07	6.509522e-01	8.120745e-01	8.293668e-01
1.117438332003310e-07	6.513102e-01	8.120793e-01	8.293228e-01
1.117728332003310e-07	6.516681e-01	8.120841e-01	8.292788e-01
1.118048332003311e-07	6.520623e-01	8.120895e-01	8.292303e-01
1.118368332003311e-07	6.524550e-01	8.120944e-01	8.291818e-01
1.118688332003311e-07	6.528463e-01	8.120987e-01	8.291333e-01
1.119008332003312e-07	6.532360e-01	8.121025e-01	8.290847e-01
1.119328332003312e-07	6.536242e-01	8.121057e-01	8.290362e-01
1.119648332003312e-07	6.540109e-01	8.121085e-01	8.289877e-01
1.119968332003313e-07	6.543961e-01	8.121107e-01	8.289391e-01
1.120085474860456e-07	6.545368e-01	8.121111e-01	8.289213e-01
1.120202617717599e-07	6.546773e-01	8.121114e-01	8.289035e-01
1.120319760574742e-07	6.548177e-01	8.121115e-01	8.288858e-01
1.120436903431885e-07	6.549580e-01	8.121115e-01	8.288680e-01
1.120554046289028e-07	6.550981e-01	8.121114e-01	8.288502e-01
1.120671189146171e-07	6.552381e-01	8.121112e-01	8.288324e-01
1.120788332003314e-07	6.553780e-01	8.121108e-01	8.288146e-01
1.120934046289028e-07	6.555518e-01	8.121100e-01	8.287924e-01
1.121079760574743e-07	6.557255e-01	8.121090e-01	8.287703e-01
1.121225474860457e-07	6.558992e-01	8.121078e-01	8.287481e-01
1.121371189146172e-07	6.560728e-01	8.121063e-01	8.287259e-01
1.121516903431886e-07	6.562463e-01	8.121046e-01	8.287037e-01
1.121662617717600e-07	6.564198e-01	8.121027e-01	8.286815e-01
1.121808332003315e-07	6.565932e-01	8.121005e-01	8.286593e-01
1.122016903431887e-07	6.568413e-01	8.120969e-01	8.286275e-01
1.122225474860458e-07	6.570897e-01	8.120928e-01	8.285957e-01
1.122434046289030e-07	6.573382e-01	8.120884e-01	8.285638e-01
1.122642617717602e-07	6.575870e-01	8.120835e-01	8.285320e-01
1.122851189146173e-07	6.578360e-01	8.120782e-01	8.285001e-01
1.123059760574745e-07	6.580853e-01	8.120725e-01	8.284681e-01
1.123268332003317e-07	6.583347e-01	8.120663e-01	8.284362e-01
1.123574046289031e-07	6.587011e-01	8.120565e-01	8.283894e-01
1.123879760574746e-07	6.590686e-01	8.120465e-01	8.283424e-01
1.124185474860460e-07	6.594374e-01	8.120364e-01	8.282954e-01
1.124491189146175e-07	6.598073e-01	8.120261e-01	8.282484e-01
1.124796903431890e-07	6.601785e-01	8.120157e-01	8.282013e-01
1.125102617717604e-07	6.605510e-01	8.120051e-01	8.281540e-01
1.125408332003319e-07	6.609246e-01	8.119943e-01	8.281068e-01
1.125482617717605e-07	6.610157e-01	8.119919e-01	8.280952e-01
1.125556903431891e-07	6.611068e-01	8.119894e-01	8.280837e-01
1.125631189146176e-07	6.611980e-01	8.119870e-01	8.280722e-01
1.125705474860462e-07	6.612893e-01	8.119847e-01	8.280607e-01
1.125779760574748e-07	6.613807e-01	8.119824e-01	8.280492e-01
1.125854046289034e-07	6.614722e-01	8.119801e-01	8.280377e-01
1.125928332003320e-07	6.615638e-01	8.119778e-01	8.280262e-01
1.125938332003320e-07	6.615761e-01	8.119775e-01	8.280246e-01
1.126216903431891e-07	6.619203e-01	8.119692e-01	8.279813e-01
1.126495474860463e-07	6.622657e-01	8.119620e-01	8.279380e-01
1.126774046289035e-07	6.626123e-01	8.119559e-01	8.278946e-01
1.127052617717607e-07	6.629600e-01	8.119509e-01	8.278511e-01
1.127331189146178e-07	6.633089e-01	8.119470e-01	8.278076e-01
1.127609760574750e-07	6.636590e-01	8.119443e-01	8.277640e-01
1.127888332003322e-07	6.640103e-01	8.119427e-01	8.277203e-01
1.128028332003322e-07	6.641872e-01	8.119426e-01	8.276983e-01
1.128168332003322e-07	6.643643e-01	8.119430e-01	8.276763e-01
1.128308332003322e-07	6.645417e-01	8.119438e-01	8.276543e-01
1.128448332003322e-07	6.647194e-01	8.119451e-01	8.276323e-01
1.128588332003323e-07	6.648973e-01	8.119468e-01	8.276102e-01
1.128728332003323e-07	6.650754e-01	8.119490e-01	8.275881e-01
1.128868332003323e-07	6.652538e-01	8.119516e-01	8.275660e-01
1.129165474860466e-07	6.656333e-01	8.119587e-01	8.275191e-01
1.129462617717609e-07	6.660136e-01	8.119684e-01	8.274720e-01
1.129759760574752e-07	6.663946e-01	8.119808e-01	8.274249e-01
1.130056903431896e-07	6.667764e-01	8.119959e-01	8.273777e-01
1.130354046289039e-07	6.671590e-01	8.120137e-01	8.273303e-01
1.130651189146182e-07	6.675423e-01	8.120342e-01	8.272829e-01
1.130948332003325e-07	6.679263e-01	8.120573e-01	8.272355e-01
1.131378332003326e-07	6.684832e-01	8.120962e-01	8.271665e-01
1.131808332003326e-07	6.690403e-01	8.121417e-01	8.270974e-01
1.132238332003327e-07	6.695976e-01	8.121939e-01	8.270281e-01
1.132668332003327e-07	6.701552e-01	8.122528e-01	8.269586e-01
1.133098332003328e-07	6.707130e-01	8.123184e-01	8.268889e-01
1.133528332003328e-07	6.712711e-01	8.123906e-01	8.268191e-01
1.133958332003329e-07	6.718294e-01	8.124695e-01	8.267490e-01
1.134274046289043e-07	6.722388e-01	8.125319e-01	8.266974e-01
1.134589760574758e-07	6.726477e-01	8.125977e-01	8.266457e-01
1.134905474860473e-07	6.730562e-01	8.126670e-01	8.265938e-01
1.135221189146187e-07	6.734642e-01	8.127397e-01	8.265419e-01
1.135536903431902e-07	6.738718e-01	8.128158e-01	8.264899e-01
1.135852617717617e-07	6.742789e-01	8.128953e-01	8.264377e-01
1.136168332003331e-07	6.746856e-01	8.129782e-01	8.263855e-01
1.136178332003331e-07	6.746985e-01	8.129809e-01	8.263838e-01
1.137148332003332e-07	6.759438e-01	8.132650e-01	8.262226e-01
1.138118332003333e-07	6.771816e-01	8.135659e-01	8.260604e-01
1.139088332003335e-07	6.784119e-01	8.138834e-01	8.258972e-01
1.140058332003336e-07	6.796347e-01	8.142177e-01	8.257330e-01
1.141028332003337e-07	6.808500e-01	8.145686e-01	8.255678e-01
1.141998332003338e-07	6.820578e-01	8.149362e-01	8.254016e-01
1.142968332003339e-07	6.832581e-01	8.153206e-01	8.252345e-01
1.143459760574768e-07	6.838634e-01	8.155119e-01	8.251495e-01
1.143951189146197e-07	6.844674e-01	8.157018e-01	8.250642e-01
1.144442617717626e-07	6.850701e-01	8.158900e-01	8.249788e-01
1.144934046289055e-07	6.856714e-01	8.160766e-01	8.248931e-01
1.145425474860484e-07	6.862713e-01	8.162616e-01	8.248072e-01
1.145916903431914e-07	6.868699e-01	8.164451e-01	8.247210e-01
1.146408332003343e-07	6.874672e-01	8.166269e-01	8.246347e-01
1.146418332003343e-07	6.874793e-01	8.166305e-01	8.246329e-01
1.146876903431915e-07	6.880357e-01	8.167967e-01	8.245522e-01
1.147335474860487e-07	6.885915e-01	8.169588e-01	8.244712e-01
1.147794046289059e-07	6.891467e-01	8.171167e-01	8.243901e-01
1.148252617717631e-07	6.897014e-01	8.172704e-01	8.243088e-01
1.148711189146203e-07	6.902555e-01	8.174199e-01	8.242273e-01
1.149169760574774e-07	6.908091e-01	8.175653e-01	8.241456e-01
1.149628332003346e-07	6.913620e-01	8.177066e-01	8.240638e-01
1.149846903431918e-07	6.916255e-01	8.177717e-01	8.240247e-01
1.150065474860490e-07	6.918890e-01	8.178344e-01	8.239856e-01
1.150284046289061e-07	6.921525e-01	8.178945e-01	8.239464e-01
1.150502617717633e-07	6.924159e-01	8.179522e-01	8.239073e-01
1.150721189146205e-07	6.926793e-01	8.180073e-01	8.238681e-01
1.150939760574776e-07	6.929427e-01	8.180599e-01	8.238289e-01
1.151158332003348e-07	6.932061e-01	8.181100e-01	8.237896e-01
1.151416903431920e-07	6.935176e-01	8.181648e-01	8.237431e-01
1.151675474860492e-07	6.938292e-01	8.182156e-01	8.236965e-01
1.151934046289063e-07	6.941409e-01	8.182624e-01	8.236498e-01
1.152192617717635e-07	6.944528e-01	8.183053e-01	8.236032e-01
1.152451189146207e-07	6.947647e-01	8.183441e-01	8.235565e-01
1.152709760574778e-07	6.950768e-01	8.183790e-01	8.235097e-01
1.152968332003350e-07	6.953890e-01	8.184099e-01	8.234630e-01
1.153328332003351e-07	6.958239e-01	8.184461e-01	8.233977e-01
1.153688332003351e-07	6.962597e-01	8.184772e-01	8.233324e-01
1.154048332003351e-07	6.966964e-01	8.185034e-01	8.232669e-01
1.154408332003352e-07	6.971341e-01	8.185244e-01	8.232014e-01
1.154768332003352e-07	6.975728e-01	8.185405e-01	8.231358e-01
1.155128332003353e-07	6.980123e-01	8.185515e-01	8.230702e-01
1.155488332003353e-07	6.984529e-01	8.185575e-01	8.230044e-01
1.155598332003353e-07	6.985879e-01	8.185591e-01	8.229843e-01
1.155708332003353e-07	6.987231e-01	8.185604e-01	8.229642e-01
1.155818332003353e-07	6.988584e-01	8.185614e-01	8.229441e-01
1.155928332003354e-07	6.989938e-01	8.185622e-01	8.229240e-01
1.156038332003354e-07	6.991295e-01	8.185627e-01	8.229038e-01
1.156148332003354e-07	6.992652e-01	8.185630e-01	8.228837e-01
1.156258332003354e-07	6.994011e-01	8.185629e-01	8.228635e-01
1.156314046289068e-07	6.994701e-01	8.185628e-01	8.228533e-01
1.156369760574783e-07	6.995391e-01	8.185627e-01	8.228431e-01
1.156425474860497e-07	6.996081e-01	8.185626e-01	8.228329e-01
1.156481189146211e-07	6.996771e-01	8.185623e-01	8.228227e-01
1.156536903431926e-07	6.997462e-01	8.185621e-01	8.228125e-01
1.156592617717640e-07	6.998154e-01	8.185617e-01	8.228022e-01
1.156648332003354e-07	6.998846e-01	8.185614e-01	8.227920e-01
1.156658332003354e-07	6.998970e-01	8.185613e-01	8.227902e-01
1.156824046289069e-07	7.001031e-01	8.185598e-01	8.227598e-01
1.156989760574783e-07	7.003097e-01	8.185581e-01	8.227294e-01
1.157155474860498e-07	7.005167e-01	8.185560e-01	8.226989e-01
1.157321189146212e-07	7.007243e-01	8.185536e-01	8.226685e-01
1.157486903431927e-07	7.009324e-01	8.185509e-01	8.226380e-01
1.157652617717641e-07	7.011410e-01	8.185479e-01	8.226075e-01
1.157818332003356e-07	7.013500e-01	8.185446e-01	8.225770e-01
1.158035474860499e-07	7.016247e-01	8.185400e-01	8.225370e-01
1.158252617717642e-07	7.019005e-01	8.185351e-01	8.224970e-01
1.158469760574785e-07	7.021774e-01	8.185300e-01	8.224569e-01
1.158686903431928e-07	7.024553e-01	8.185246e-01	8.224168e-01
1.158904046289071e-07	7.027343e-01	8.185190e-01	8.223767e-01
1.159121189146214e-07	7.030144e-01	8.185131e-01	8.223366e-01
1.159338332003357e-07	7.032956e-01	8.185070e-01	8.222965e-01
1.159605474860501e-07	7.036431e-01	8.184993e-01	8.222471e-01
1.159872617717644e-07	7.039926e-01	8.184914e-01	8.221976e-01
1.160139760574787e-07	7.043441e-01	8.184832e-01	8.221481e-01
1.160406903431930e-07	7.046976e-01	8.184748e-01	8.220986e-01
1.160674046289073e-07	7.050531e-01	8.184662e-01	8.220490e-01
1.160941189146216e-07	7.054106e-01	8.184574e-01	8.219994e-01
1.161208332003360e-07	7.057701e-01	8.184483e-01	8.219497e-01
1.161598332003360e-07	7.062989e-01	8.184348e-01	8.218772e-01
1.161988332003360e-07	7.068327e-01	8.184203e-01	8.218046e-01
1.162378332003361e-07	7.073717e-01	8.184048e-01	8.217320e-01
1.162768332003361e-07	7.079157e-01	8.183882e-01	8.216593e-01
1.163158332003362e-07	7.084648e-01	8.183706e-01	8.215865e-01
1.163548332003362e-07	7.090190e-01	8.183519e-01	8.215136e-01
1.163938332003363e-07	7.095782e-01	8.183321e-01	8.214406e-01
1.164359760574792e-07	7.101888e-01	8.183092e-01	8.213618e-01
1.164781189146221e-07	7.108059e-01	8.182836e-01	8.212828e-01
1.165202617717650e-07	7.114294e-01	8.182553e-01	8.212038e-01
1.165624046289079e-07	7.120594e-01	8.182244e-01	8.211248e-01
1.166045474860508e-07	7.126958e-01	8.181908e-01	8.210456e-01
1.166466903431937e-07	7.133386e-01	8.181546e-01	8.209664e-01
1.166888332003366e-07	7.139878e-01	8.181158e-01	8.208871e-01
1.166898332003366e-07	7.140033e-01	8.181148e-01	8.208852e-01
1.167492617717652e-07	7.149308e-01	8.180542e-01	8.207734e-01
1.168086903431939e-07	7.158701e-01	8.179856e-01	8.206614e-01
1.168681189146225e-07	7.168213e-01	8.179089e-01	8.205493e-01
1.169275474860512e-07	7.177845e-01	8.178242e-01	8.204370e-01
1.169869760574798e-07	7.187596e-01	8.177314e-01	8.203247e-01
1.170464046289084e-07	7.197466e-01	8.176306e-01	8.202123e-01
1.171058332003371e-07	7.207454e-01	8.175218e-01	8.200998e-01
1.171866903431943e-07	7.221240e-01	8.173576e-01	8.199465e-01
1.172675474860515e-07	7.235171e-01	8.171779e-01	8.197931e-01
1.173484046289088e-07	7.249249e-01	8.169825e-01	8.196395e-01
1.174292617717660e-07	7.263472e-01	8.167715e-01	8.194858e-01
1.175101189146233e-07	7.277841e-01	8.165449e-01	8.193319e-01
1.175909760574805e-07	7.292357e-01	8.163027e-01	8.191779e-01
1.176718332003377e-07	7.307018e-01	8.160448e-01	8.190238e-01
1.177138332003378e-07	7.314649e-01	8.159062e-01	8.189437e-01
1.178599760574808e-07	7.341594e-01	8.153817e-01	8.186647e-01
1.180061189146238e-07	7.368457e-01	8.148367e-01	8.183854e-01
1.181522617717668e-07	7.395239e-01	8.142711e-01	8.181058e-01
1.182984046289099e-07	7.421939e-01	8.136850e-01	8.178261e-01
1.184445474860529e-07	7.448558e-01	8.130784e-01	8.175460e-01
1.185906903431959e-07	7.475096e-01	8.124512e-01	8.172657e-01
1.187368332003389e-07	7.501552e-01	8.118035e-01	8.169851e-01
1.187378332003389e-07	7.501730e-01	8.117991e-01	8.169832e-01
1.188811189146248e-07	7.527191e-01	8.111716e-01	8.167080e-01
1.190244046289107e-07	7.552103e-01	8.105566e-01	8.164327e-01
1.191676903431966e-07	7.576465e-01	8.099540e-01	8.161574e-01
1.193109760574824e-07	7.600277e-01	8.093638e-01	8.158819e-01
1.194542617717683e-07	7.623539e-01	8.087861e-01	8.156064e-01
1.195975474860542e-07	7.646251e-01	8.082209e-01	8.153307e-01
1.197408332003401e-07	7.668413e-01	8.076681e-01	8.150550e-01
1.197618332003401e-07	7.671591e-01	8.075897e-01	8.150146e-01
1.207858332003412e-07	7.808381e-01	8.043141e-01	8.130439e-01
1.208459760574842e-07	7.815293e-01	8.041555e-01	8.129274e-01
1.209061189146271e-07	7.822085e-01	8.040004e-01	8.128116e-01
1.209662617717700e-07	7.828757e-01	8.038486e-01	8.126964e-01
1.210264046289130e-07	7.835308e-01	8.037003e-01	8.125818e-01
1.210865474860559e-07	7.841739e-01	8.035555e-01	8.124679e-01
1.211466903431988e-07	7.848051e-01	8.034141e-01	8.123546e-01
1.212068332003417e-07	7.854242e-01	8.032761e-01	8.122420e-01
1.212659760574846e-07	7.860215e-01	8.031436e-01	8.121342e-01
1.213251189146276e-07	7.866080e-01	8.030141e-01	8.120286e-01
1.213842617717705e-07	7.871836e-01	8.028875e-01	8.119251e-01
1.214434046289134e-07	7.877484e-01	8.027639e-01	8.118238e-01
1.215025474860564e-07	7.883022e-01	8.026432e-01	8.117247e-01
1.215616903431993e-07	7.888451e-01	8.025255e-01	8.116278e-01
1.216208332003422e-07	7.893772e-01	8.024107e-01	8.115330e-01
1.216476903431994e-07	7.896155e-01	8.023594e-01	8.114905e-01
1.216745474860565e-07	7.898516e-01	8.023087e-01	8.114481e-01
1.217014046289137e-07	7.900857e-01	8.022586e-01	8.114060e-01
1.217282617717709e-07	7.903176e-01	8.022090e-01	8.113641e-01
1.217551189146281e-07	7.905474e-01	8.021599e-01	8.113224e-01
1.217819760574852e-07	7.907751e-01	8.021114e-01	8.112809e-01
1.218088332003424e-07	7.910007e-01	8.020635e-01	8.112395e-01
1.218098332003424e-07	7.910091e-01	8.020617e-01	8.112380e-01
1.218931189146282e-07	7.916944e-01	8.019167e-01	8.111122e-01
1.219764046289140e-07	7.923613e-01	8.017762e-01	8.109836e-01
1.220596903431998e-07	7.930096e-01	8.016403e-01	8.108522e-01
1.221429760574856e-07	7.936394e-01	8.015090e-01	8.107180e-01
1.222262617717714e-07	7.942507e-01	8.013823e-01	8.105810e-01
1.223095474860573e-07	7.948434e-01	8.012600e-01	8.104413e-01
1.223928332003431e-07	7.954177e-01	8.011424e-01	8.102987e-01
1.224556903432003e-07	7.958400e-01	8.010562e-01	8.101862e-01
1.225185474860575e-07	7.962532e-01	8.009720e-01	8.100706e-01
1.225814046289147e-07	7.966572e-01	8.008900e-01	8.099519e-01
1.226442617717719e-07	7.970521e-01	8.008101e-01	8.098301e-01
1.227071189146291e-07	7.974378e-01	8.007323e-01	8.097051e-01
1.227699760574864e-07	7.978144e-01	8.006566e-01	8.095770e-01
1.228328332003436e-07	7.981818e-01	8.005829e-01	8.094458e-01
1.228338332003436e-07	7.981876e-01	8.005818e-01	8.094437e-01
1.229799760574866e-07	7.990047e-01	8.004191e-01	8.091206e-01
1.231261189146296e-07	7.997825e-01	8.002647e-01	8.087909e-01
1.232722617717726e-07	8.005210e-01	8.001187e-01	8.084548e-01
1.234184046289157e-07	8.012201e-01	7.999810e-01	8.081121e-01
1.235645474860587e-07	8.018798e-01	7.998518e-01	8.077628e-01
1.237106903432017e-07	8.025002e-01	7.997308e-01	8.074070e-01
1.238568332003447e-07	8.030812e-01	7.996182e-01	8.070447e-01
1.238578332003447e-07	8.030851e-01	7.996175e-01	8.070423e-01
1.239152617717734e-07	8.033058e-01	7.995747e-01	8.069033e-01
1.239726903432020e-07	8.035218e-01	7.995328e-01	8.067651e-01
1.240301189146306e-07	8.037331e-01	7.994919e-01	8.066276e-01
1.240875474860593e-07	8.039396e-01	7.994519e-01	8.064910e-01
1.241449760574879e-07	8.041414e-01	7.994129e-01	8.063550e-01
1.242024046289166e-07	8.043385e-01	7.993748e-01	8.062198e-01
1.242598332003452e-07	8.045309e-01	7.993377e-01	8.060854e-01
1.243432617717738e-07	8.048021e-01	7.992853e-01	8.058944e-01
1.244266903432025e-07	8.050651e-01	7.992346e-01	8.056973e-01
1.245101189146312e-07	8.053197e-01	7.991855e-01	8.054941e-01
1.245935474860599e-07	8.055661e-01	7.991380e-01	8.052849e-01
1.246769760574885e-07	8.058041e-01	7.990921e-01	8.050697e-01
1.247604046289172e-07	8.060337e-01	7.990479e-01	8.048484e-01
1.248438332003459e-07	8.062551e-01	7.990053e-01	8.046210e-01
1.248818332003459e-07	8.063537e-01	7.989863e-01	8.045121e-01
1.249644046289174e-07	8.065622e-01	7.989461e-01	8.042669e-01
1.250469760574889e-07	8.067644e-01	7.989072e-01	8.040108e-01
1.251295474860605e-07	8.069600e-01	7.988695e-01	8.037440e-01
1.252121189146320e-07	8.071493e-01	7.988330e-01	8.034662e-01
1.252946903432035e-07	8.073321e-01	7.987977e-01	8.031777e-01
1.253772617717750e-07	8.075085e-01	7.987637e-01	8.028783e-01
1.254598332003465e-07	8.076784e-01	7.987310e-01	8.025681e-01
1.255234046289181e-07	8.078055e-01	7.987064e-01	8.023229e-01
1.255869760574895e-07	8.079295e-01	7.986824e-01	8.020743e-01
1.256505474860611e-07	8.080504e-01	7.986590e-01	8.018224e-01
1.257141189146325e-07	8.081681e-01	7.986363e-01	8.015672e-01
1.257776903432041e-07	8.082828e-01	7.986141e-01	8.013085e-01
1.258412617717755e-07	8.083943e-01	7.985925e-01	8.010465e-01
1.259048332003471e-07	8.085027e-01	7.985715e-01	8.007812e-01
1.259058332003471e-07	8.085043e-01	7.985712e-01	8.007770e-01
1.260422617717758e-07	8.087263e-01	7.985281e-01	8.001949e-01
1.261786903432045e-07	8.089373e-01	7.984871e-01	7.996234e-01
1.263151189146332e-07	8.091376e-01	7.984481e-01	7.990622e-01
1.264515474860620e-07	8.093269e-01	7.984112e-01	7.985116e-01
1.265879760574907e-07	8.095055e-01	7.983764e-01	7.979715e-01
1.267244046289194e-07	8.096731e-01	7.983436e-01	7.974418e-01
1.268608332003481e-07	8.098300e-01	7.983128e-01	7.969227e-01
1.269298332003482e-07	8.099066e-01	7.982978e-01	7.966740e-01
1.270566903432055e-07	8.100409e-01	7.982714e-01	7.962312e-01
1.271835474860628e-07	8.101691e-01	7.982462e-01	7.958132e-01
1.273104046289201e-07	8.102910e-01	7.982221e-01	7.954201e-01
1.274372617717774e-07	8.104066e-01	7.981993e-01	7.950518e-01
1.275641189146346e-07	8.105161e-01	7.981776e-01	7.947082e-01
1.276909760574919e-07	8.106193e-01	7.981572e-01	7.943895e-01
1.278178332003492e-07	8.107163e-01	7.981379e-01	7.940956e-01
1.279538332003494e-07	8.108155e-01	7.981182e-01	7.938103e-01
1.280968332003495e-07	8.109129e-01	7.980987e-01	7.935447e-01
1.282398332003497e-07	8.110052e-01	7.980803e-01	7.933074e-01
1.283828332003499e-07	8.110926e-01	7.980628e-01	7.930986e-01
1.285258332003500e-07	8.111749e-01	7.980463e-01	7.929181e-01
1.286688332003502e-07	8.112522e-01	7.980307e-01	7.927661e-01
1.288118332003503e-07	8.113245e-01	7.980162e-01	7.926424e-01
1.289548332003505e-07	8.113918e-01	7.980027e-01	7.925472e-01
1.289778332003505e-07	8.114023e-01	7.980005e-01	7.925335e-01
1.290639760574935e-07	8.114408e-01	7.979928e-01	7.924886e-01
1.291501189146364e-07	8.114780e-01	7.979853e-01	7.924510e-01
1.292362617717794e-07	8.115139e-01	7.979780e-01	7.924206e-01
1.293224046289224e-07	8.115486e-01	7.979710e-01	7.923974e-01
1.294085474860653e-07	8.115820e-01	7.979642e-01	7.923815e-01
1.294946903432083e-07	8.116140e-01	7.979577e-01	7.923729e-01
1.295808332003512e-07	8.116449e-01	7.979515e-01	7.923715e-01
1.296408332003513e-07	8.116657e-01	7.979472e-01	7.923738e-01
1.297008332003514e-07	8.116860e-01	7.979431e-01	7.923787e-01
1.297608332003514e-07	8.117058e-01	7.979390e-01	7.923862e-01
1.298208332003515e-07	8.117251e-01	7.979351e-01	7.923963e-01
1.298808332003516e-07	8.117440e-01	7.979313e-01	7.924090e-01
1.299408332003516e-07	8.117623e-01	7.979275e-01	7.924242e-01
1.300008332003517e-07	8.117802e-01	7.979239e-01	7.924421e-01
1.300018332003517e-07	8.117805e-01	7.979239e-01	7.924424e-01
1.300045474860660e-07	8.117813e-01	7.979237e-01	7.924432e-01
1.300072617717803e-07	8.117821e-01	7.979236e-01	7.924441e-01
1.300099760574946e-07	8.117829e-01	7.979234e-01	7.924449e-01
1.300126903432089e-07	8.117836e-01	7.979232e-01	7.924458e-01
1.300154046289232e-07	8.117844e-01	7.979231e-01	7.924467e-01
1.300181189146374e-07	8.117852e-01	7.979229e-01	7.924475e-01
1.300208332003517e-07	8.117860e-01	7.979227e-01	7.924484e-01
1.300256903432089e-07	8.117874e-01	7.979224e-01	7.924500e-01
1.300305474860660e-07	8.117888e-01	7.979221e-01	7.924516e-01
1.300354046289232e-07	8.117902e-01	7.979219e-01	7.924533e-01
1.300402617717803e-07	8.117916e-01	7.979217e-01	7.924549e-01
1.300451189146375e-07	8.117930e-01	7.979215e-01	7.924565e-01
1.300499760574946e-07	8.117944e-01	7.979213e-01	7.924581e-01
1.300548332003518e-07	8.117958e-01	7.979211e-01	7.924598e-01
1.300584046289232e-07	8.117969e-01	7.979210e-01	7.924610e-01
1.300619760574946e-07	8.117979e-01	7.979209e-01	7.924623e-01
1.300655474860661e-07	8.117989e-01	7.979209e-01	7.924635e-01
1.300691189146375e-07	8.117999e-01	7.979208e-01	7.924648e-01
1.300726903432089e-07	8.118009e-01	7.979208e-01	7.924660e-01
1.300762617717803e-07	8.118020e-01	7.979208e-01	7.924673e-01
1.300798332003518e-07	8.118030e-01	7.979208e-01	7.924686e-01
1.300845474860661e-07	8.118043e-01	7.979208e-01	7.924703e-01
1.300892617717804e-07	8.118056e-01	7.979209e-01	7.924720e-01
1.300939760574947e-07	8.118070e-01	7.979210e-01	7.924738e-01
1.300986903432090e-07	8.118083e-01	7.979212e-01	7.924755e-01
1.301034046289233e-07	8.118096e-01	7.979214e-01	7.924773e-01
1.301081189146375e-07	8.118110e-01	7.979217e-01	7.924790e-01
1.301128332003518e-07	8.118123e-01	7.979220e-01	7.924808e-01
1.301204046289233e-07	8.118144e-01	7.979226e-01	7.924837e-01
1.301279760574947e-07	8.118165e-01	7.979234e-01	7.924866e-01
1.301355474860661e-07	8.118186e-01	7.979242e-01	7.924895e-01
1.301431189146376e-07	8.118207e-01	7.979252e-01	7.924925e-01
1.301506903432090e-07	8.118228e-01	7.979263e-01	7.924955e-01
1.301582617717804e-07	8.118248e-01	7.979275e-01	7.924986e-01
1.301658332003519e-07	8.118269e-01	7.979288e-01	7.925017e-01
1.301779760574948e-07	8.118302e-01	7.979311e-01	7.925067e-01
1.301901189146376e-07	8.118334e-01	7.979338e-01	7.925117e-01
1.302022617717805e-07	8.118367e-01	7.979366e-01	7.925169e-01
1.302144046289234e-07	8.118399e-01	7.979397e-01	7.925221e-01
1.302265474860662e-07	8.118430e-01	7.979430e-01	7.925275e-01
1.302386903432091e-07	8.118462e-01	7.979465e-01	7.925329e-01
1.302508332003520e-07	8.118493e-01	7.979502e-01	7.925383e-01
1.302769760574949e-07	8.118559e-01	7.979593e-01	7.925504e-01
1.303031189146377e-07	8.118622e-01	7.979679e-01	7.925628e-01
1.303292617717806e-07	8.118682e-01	7.979760e-01	7.925754e-01
1.303554046289235e-07	8.118738e-01	7.979835e-01	7.925885e-01
1.303815474860664e-07	8.118792e-01	7.979905e-01	7.926018e-01
1.304076903432093e-07	8.118842e-01	7.979969e-01	7.926155e-01
1.304338332003522e-07	8.118889e-01	7.980028e-01	7.926295e-01
1.304425474860665e-07	8.118903e-01	7.980042e-01	7.926342e-01
1.304512617717808e-07	8.118917e-01	7.980054e-01	7.926390e-01
1.304599760574951e-07	8.118930e-01	7.980063e-01	7.926438e-01
1.304686903432094e-07	8.118943e-01	7.980070e-01	7.926486e-01
1.304774046289237e-07	8.118954e-01	7.980075e-01	7.926535e-01
1.304861189146380e-07	8.118966e-01	7.980078e-01	7.926584e-01
1.304948332003523e-07	8.118976e-01	7.980078e-01	7.926633e-01
1.305049760574951e-07	8.118988e-01	7.980076e-01	7.926690e-01
1.305151189146380e-07	8.118999e-01	7.980070e-01	7.926749e-01
1.305252617717809e-07	8.119009e-01	7.980060e-01	7.926807e-01
1.305354046289237e-07	8.119018e-01	7.980046e-01	7.926866e-01
1.305455474860666e-07	8.119025e-01	7.980028e-01	7.926926e-01
1.305556903432095e-07	8.119032e-01	7.980007e-01	7.926985e-01
1.305658332003523e-07	8.119037e-01	7.979981e-01	7.927046e-01
1.305818332003524e-07	8.119044e-01	7.979933e-01	7.927141e-01
1.305978332003524e-07	8.119048e-01	7.979873e-01	7.927238e-01
1.306138332003524e-07	8.119048e-01	7.979802e-01	7.927336e-01
1.306298332003524e-07	8.119046e-01	7.979719e-01	7.927434e-01
1.306458332003524e-07	8.119040e-01	7.979625e-01	7.927534e-01
1.306618332003524e-07	8.119031e-01	7.979520e-01	7.927635e-01
1.306778332003525e-07	8.119019e-01	7.979403e-01	7.927737e-01
1.307044046289239e-07	8.118991e-01	7.979180e-01	7.927907e-01
1.307309760574954e-07	8.118953e-01	7.978925e-01	7.928080e-01
1.307575474860668e-07	8.118903e-01	7.978637e-01	7.928255e-01
1.307841189146383e-07	8.118843e-01	7.978317e-01	7.928432e-01
1.308106903432098e-07	8.118771e-01	7.977963e-01	7.928612e-01
1.308372617717812e-07	8.118689e-01	7.977577e-01	7.928794e-01
1.308638332003527e-07	8.118595e-01	7.977157e-01	7.928979e-01
1.308868332003527e-07	8.118504e-01	7.976769e-01	7.929140e-01
1.309098332003527e-07	8.118403e-01	7.976361e-01	7.929302e-01
1.309328332003528e-07	8.118293e-01	7.975934e-01	7.929466e-01
1.309558332003528e-07	8.118174e-01	7.975487e-01	7.929631e-01
1.309788332003528e-07	8.118046e-01	7.975021e-01	7.929798e-01
1.310018332003528e-07	8.117908e-01	7.974535e-01	7.929967e-01
1.310248332003529e-07	8.117761e-01	7.974030e-01	7.930136e-01
1.310258332003529e-07	8.117754e-01	7.974007e-01	7.930143e-01
1.310711189146386e-07	8.117434e-01	7.972947e-01	7.930482e-01
1.311164046289244e-07	8.117081e-01	7.971861e-01	7.930824e-01
1.311616903432102e-07	8.116695e-01	7.970748e-01	7.931170e-01
1.312069760574959e-07	8.116277e-01	7.969608e-01	7.931521e-01
1.312522617717817e-07	8.115827e-01	7.968442e-01	7.931875e-01
1.312975474860675e-07	8.115345e-01	7.967249e-01	7.932233e-01
1.313428332003532e-07	8.114830e-01	7.966030e-01	7.932596e-01
1.313939760574961e-07	8.114211e-01	7.964665e-01	7.933009e-01
1.314451189146390e-07	8.113576e-01	7.963349e-01	7.933425e-01
1.314962617717820e-07	8.112922e-01	7.962081e-01	7.933845e-01
1.315474046289249e-07	8.112251e-01	7.960863e-01	7.934268e-01
1.315985474860678e-07	8.111562e-01	7.959695e-01	7.934693e-01
1.316496903432107e-07	8.110855e-01	7.958575e-01	7.935122e-01
1.317008332003536e-07	8.110131e-01	7.957504e-01	7.935554e-01
1.317434046289251e-07	8.109530e-01	7.956688e-01	7.935914e-01
1.317859760574966e-07	8.108938e-01	7.955935e-01	7.936276e-01
1.318285474860681e-07	8.108355e-01	7.955247e-01	7.936639e-01
1.318711189146395e-07	8.107781e-01	7.954623e-01	7.937002e-01
1.319136903432110e-07	8.107217e-01	7.954063e-01	7.937367e-01
1.319562617717825e-07	8.106662e-01	7.953567e-01	7.937732e-01
1.319988332003540e-07	8.106117e-01	7.953135e-01	7.938099e-01
1.320498332003540e-07	8.105496e-01	7.952714e-01	7.938538e-01
1.320758332003541e-07	8.105189e-01	7.952538e-01	7.938762e-01
1.321018332003541e-07	8.104893e-01	7.952387e-01	7.938987e-01
1.321278332003541e-07	8.104606e-01	7.952262e-01	7.939211e-01
1.321538332003541e-07	8.104330e-01	7.952163e-01	7.939435e-01
1.321798332003542e-07	8.104063e-01	7.952089e-01	7.939660e-01
1.322058332003542e-07	8.103806e-01	7.952040e-01	7.939884e-01
1.322318332003542e-07	8.103558e-01	7.952017e-01	7.940108e-01
1.322471189146400e-07	8.103419e-01	7.952015e-01	7.940240e-01
1.322624046289257e-07	8.103284e-01	7.952022e-01	7.940372e-01
1.322776903432114e-07	8.103153e-01	7.952036e-01	7.940504e-01
1.322929760574972e-07	8.103026e-01	7.952060e-01	7.940635e-01
1.323082617717829e-07	8.102903e-01	7.952091e-01	7.940767e-01
1.323235474860686e-07	8.102785e-01	7.952131e-01	7.940899e-01
1.323388332003543e-07	8.102671e-01	7.952179e-01	7.941031e-01
1.323771189146401e-07	8.102404e-01	7.952339e-01	7.941360e-01
1.324154046289259e-07	8.102168e-01	7.952545e-01	7.941690e-01
1.324536903432116e-07	8.101963e-01	7.952797e-01	7.942018e-01
1.324919760574974e-07	8.101790e-01	7.953095e-01	7.942346e-01
1.325302617717831e-07	8.101648e-01	7.953439e-01	7.942674e-01
1.325685474860689e-07	8.101537e-01	7.953829e-01	7.943001e-01
1.326068332003547e-07	8.101458e-01	7.954264e-01	7.943328e-01
1.326196903432118e-07	8.101439e-01	7.954419e-01	7.943437e-01
1.326325474860690e-07	8.101425e-01	7.954577e-01	7.943547e-01
1.326454046289261e-07	8.101414e-01	7.954740e-01	7.943656e-01
1.326582617717833e-07	8.101407e-01	7.954907e-01	7.943765e-01
1.326711189146404e-07	8.101403e-01	7.955079e-01	7.943874e-01
1.326839760574976e-07	8.101404e-01	7.955254e-01	7.943983e-01
1.326968332003548e-07	8.101408e-01	7.955434e-01	7.944092e-01
1.327291189146405e-07	8.101436e-01	7.955907e-01	7.944365e-01
1.327614046289263e-07	8.101489e-01	7.956401e-01	7.944638e-01
1.327936903432120e-07	8.101565e-01	7.956916e-01	7.944909e-01
1.328259760574978e-07	8.101667e-01	7.957454e-01	7.945180e-01
1.328582617717835e-07	8.101792e-01	7.958013e-01	7.945450e-01
1.328905474860693e-07	8.101942e-01	7.958594e-01	7.945720e-01
1.329228332003550e-07	8.102117e-01	7.959197e-01	7.945988e-01
1.329442617717836e-07	8.102246e-01	7.959607e-01	7.946166e-01
1.329656903432122e-07	8.102385e-01	7.960023e-01	7.946343e-01
1.329871189146408e-07	8.102535e-01	7.960446e-01	7.946520e-01
1.330085474860694e-07	8.102695e-01	7.960876e-01	7.946697e-01
1.330299760574980e-07	8.102866e-01	7.961312e-01	7.946873e-01
1.330514046289266e-07	8.103047e-01	7.961756e-01	7.947049e-01
1.330728332003552e-07	8.103238e-01	7.962206e-01	7.947225e-01
1.330738332003552e-07	8.103247e-01	7.962227e-01	7.947233e-01
1.330955474860695e-07	8.103452e-01	7.962690e-01	7.947411e-01
1.331172617717838e-07	8.103666e-01	7.963158e-01	7.947587e-01
1.331389760574981e-07	8.103891e-01	7.963630e-01	7.947764e-01
1.331606903432124e-07	8.104125e-01	7.964108e-01	7.947940e-01
1.331824046289267e-07	8.104369e-01	7.964590e-01	7.948116e-01
1.332041189146410e-07	8.104624e-01	7.965078e-01	7.948291e-01
1.332258332003554e-07	8.104888e-01	7.965571e-01	7.948466e-01
1.332278332003554e-07	8.104913e-01	7.965614e-01	7.948482e-01
1.332304046289268e-07	8.104945e-01	7.965673e-01	7.948503e-01
1.332329760574982e-07	8.104977e-01	7.965733e-01	7.948523e-01
1.332355474860697e-07	8.105009e-01	7.965792e-01	7.948544e-01
1.332381189146411e-07	8.105042e-01	7.965850e-01	7.948564e-01
1.332406903432125e-07	8.105074e-01	7.965909e-01	7.948585e-01
1.332432617717839e-07	8.105107e-01	7.965968e-01	7.948606e-01
1.332458332003554e-07	8.105140e-01	7.966027e-01	7.948626e-01
1.332665474860697e-07	8.105408e-01	7.966502e-01	7.948792e-01
1.332872617717840e-07	8.105691e-01	7.966982e-01	7.948958e-01
1.333079760574983e-07	8.105986e-01	7.967465e-01	7.949123e-01
1.333286903432126e-07	8.106296e-01	7.967951e-01	7.949287e-01
1.333494046289269e-07	8.106618e-01	7.968441e-01	7.949451e-01
1.333701189146412e-07	8.106954e-01	7.968935e-01	7.949615e-01
1.333908332003555e-07	8.107304e-01	7.969432e-01	7.949778e-01
1.334302617717841e-07	8.108022e-01	7.970389e-01	7.950087e-01
1.334696903432128e-07	8.108780e-01	7.971362e-01	7.950395e-01
1.335091189146414e-07	8.109577e-01	7.972353e-01	7.950701e-01
1.335485474860700e-07	8.110413e-01	7.973360e-01	7.951005e-01
1.335879760574986e-07	8.111288e-01	7.974384e-01	7.951307e-01
1.336274046289272e-07	8.112203e-01	7.975425e-01	7.951608e-01
1.336668332003559e-07	8.113157e-01	7.976483e-01	7.951906e-01
1.337169760574988e-07	8.114405e-01	7.977867e-01	7.952284e-01
1.337671189146417e-07	8.115653e-01	7.979255e-01	7.952658e-01
1.338172617717846e-07	8.116899e-01	7.980648e-01	7.953029e-01
1.338674046289275e-07	8.118146e-01	7.982046e-01	7.953397e-01
1.339175474860704e-07	8.119391e-01	7.983449e-01	7.953762e-01
1.339676903432133e-07	8.120636e-01	7.984857e-01	7.954124e-01
1.340178332003563e-07	8.121880e-01	7.986270e-01	7.954482e-01
1.340978332003563e-07	8.123784e-01	7.988442e-01	7.955048e-01
1.341548332003564e-07	8.125096e-01	7.989962e-01	7.955446e-01
1.342118332003565e-07	8.126366e-01	7.991389e-01	7.955840e-01
1.342688332003565e-07	8.127594e-01	7.992723e-01	7.956229e-01
1.343258332003566e-07	8.128780e-01	7.993963e-01	7.956615e-01
1.343828332003567e-07	8.129925e-01	7.995111e-01	7.956995e-01
1.344398332003567e-07	8.131027e-01	7.996165e-01	7.957372e-01
1.344968332003568e-07	8.132088e-01	7.997126e-01	7.957744e-01
1.345326903432140e-07	8.132736e-01	7.997650e-01	7.957976e-01
1.345685474860712e-07	8.133371e-01	7.998119e-01	7.958206e-01
1.346044046289284e-07	8.133995e-01	7.998531e-01	7.958435e-01
1.346402617717855e-07	8.134606e-01	7.998887e-01	7.958662e-01
1.346761189146427e-07	8.135205e-01	7.999188e-01	7.958887e-01
1.347119760574999e-07	8.135792e-01	7.999432e-01	7.959111e-01
1.347478332003571e-07	8.136367e-01	7.999620e-01	7.959332e-01
1.348748332003572e-07	8.138334e-01	7.999801e-01	7.960104e-01
1.349059760575001e-07	8.138800e-01	7.999731e-01	7.960290e-01
1.349371189146430e-07	8.139262e-01	7.999617e-01	7.960475e-01
1.349682617717859e-07	8.139720e-01	7.999460e-01	7.960658e-01
1.349994046289288e-07	8.140172e-01	7.999260e-01	7.960840e-01
1.350305474860717e-07	8.140620e-01	7.999017e-01	7.961021e-01
1.350616903432146e-07	8.141064e-01	7.998730e-01	7.961201e-01
1.350928332003575e-07	8.141503e-01	7.998400e-01	7.961379e-01
1.351218332003575e-07	8.141909e-01	7.998058e-01	7.961544e-01
1.351906903432147e-07	8.142862e-01	7.997072e-01	7.961931e-01
1.352595474860720e-07	8.143798e-01	7.995936e-01	7.962311e-01
1.353284046289292e-07	8.144719e-01	7.994651e-01	7.962686e-01
1.353972617717864e-07	8.145624e-01	7.993215e-01	7.963055e-01
1.354661189146436e-07	8.146512e-01	7.991629e-01	7.963417e-01
1.355349760575008e-07	8.147385e-01	7.989893e-01	7.963774e-01
1.356038332003581e-07	8.148242e-01	7.988007e-01	7.964125e-01
1.356811189146438e-07	8.149188e-01	7.985763e-01	7.964511e-01
1.357584046289297e-07	8.150098e-01	7.983479e-01	7.964890e-01
1.358356903432155e-07	8.150974e-01	7.981157e-01	7.965262e-01
1.359129760575013e-07	8.151814e-01	7.978796e-01	7.965626e-01
1.359902617717870e-07	8.152620e-01	7.976396e-01	7.965984e-01
1.360675474860729e-07	8.153391e-01	7.973957e-01	7.966334e-01
1.361448332003587e-07	8.154126e-01	7.971480e-01	7.966676e-01
1.361458332003587e-07	8.154135e-01	7.971449e-01	7.966681e-01
1.362252617717873e-07	8.154840e-01	7.968958e-01	7.967026e-01
1.363046903432160e-07	8.155487e-01	7.966566e-01	7.967364e-01
1.363841189146446e-07	8.156075e-01	7.964275e-01	7.967695e-01
1.364635474860733e-07	8.156604e-01	7.962083e-01	7.968020e-01
1.365429760575020e-07	8.157075e-01	7.959991e-01	7.968337e-01
1.366224046289306e-07	8.157488e-01	7.957998e-01	7.968647e-01
1.367018332003593e-07	8.157842e-01	7.956105e-01	7.968950e-01
1.367505474860736e-07	8.158025e-01	7.955034e-01	7.969133e-01
1.367992617717880e-07	8.158183e-01	7.954024e-01	7.969314e-01
1.368479760575023e-07	8.158317e-01	7.953075e-01	7.969492e-01
1.368966903432167e-07	8.158427e-01	7.952187e-01	7.969667e-01
1.369454046289310e-07	8.158512e-01	7.951359e-01	7.969840e-01
1.369941189146453e-07	8.158572e-01	7.950593e-01	7.970011e-01
1.370428332003597e-07	8.158609e-01	7.949887e-01	7.970179e-01
1.370608332003597e-07	8.158616e-01	7.949644e-01	7.970241e-01
1.370788332003597e-07	8.158620e-01	7.949410e-01	7.970302e-01
1.370968332003597e-07	8.158621e-01	7.949184e-01	7.970363e-01
1.371148332003598e-07	8.158618e-01	7.948968e-01	7.970424e-01
1.371328332003598e-07	8.158613e-01	7.948761e-01	7.970484e-01
1.371508332003598e-07	8.158604e-01	7.948562e-01	7.970544e-01
1.371688332003598e-07	8.158591e-01	7.948373e-01	7.970604e-01
1.371698332003598e-07	8.158591e-01	7.948363e-01	7.970607e-01
1.372166903432170e-07	8.158543e-01	7.947914e-01	7.970761e-01
1.372635474860742e-07	8.158474e-01	7.947526e-01	7.970913e-01
1.373104046289314e-07	8.158385e-01	7.947200e-01	7.971064e-01
1.373572617717886e-07	8.158275e-01	7.946935e-01	7.971212e-01
1.374041189146458e-07	8.158144e-01	7.946731e-01	7.971357e-01
1.374509760575030e-07	8.157993e-01	7.946589e-01	7.971501e-01
1.374978332003602e-07	8.157821e-01	7.946508e-01	7.971643e-01
1.375191189146459e-07	8.157737e-01	7.946491e-01	7.971707e-01
1.375404046289317e-07	8.157649e-01	7.946486e-01	7.971770e-01
1.375616903432174e-07	8.157557e-01	7.946493e-01	7.971834e-01
1.375829760575031e-07	8.157462e-01	7.946512e-01	7.971896e-01
1.376042617717889e-07	8.157363e-01	7.946543e-01	7.971959e-01
1.376255474860746e-07	8.157260e-01	7.946587e-01	7.972020e-01
1.376468332003604e-07	8.157153e-01	7.946642e-01	7.972082e-01
1.377246903432176e-07	8.156726e-01	7.946959e-01	7.972303e-01
1.378025474860748e-07	8.156259e-01	7.947418e-01	7.972520e-01
1.378804046289321e-07	8.155752e-01	7.948017e-01	7.972731e-01
1.379582617717893e-07	8.155205e-01	7.948758e-01	7.972938e-01
1.380361189146465e-07	8.154619e-01	7.949640e-01	7.973140e-01
1.381139760575038e-07	8.153993e-01	7.950663e-01	7.973337e-01
1.381918332003610e-07	8.153328e-01	7.951826e-01	7.973530e-01
1.381938332003610e-07	8.153310e-01	7.951857e-01	7.973534e-01
1.383389760575040e-07	8.151964e-01	7.954429e-01	7.973880e-01
1.384841189146470e-07	8.150567e-01	7.957262e-01	7.974211e-01
1.386292617717900e-07	8.149119e-01	7.960357e-01	7.974529e-01
1.387744046289331e-07	8.147621e-01	7.963713e-01	7.974833e-01
1.389195474860761e-07	8.146073e-01	7.967331e-01	7.975123e-01
1.390646903432191e-07	8.144474e-01	7.971210e-01	7.975399e-01
1.392098332003621e-07	8.142824e-01	7.975351e-01	7.975661e-01
1.392178332003621e-07	8.142735e-01	7.975577e-01	7.975675e-01
1.392686903432194e-07	8.142167e-01	7.977026e-01	7.975759e-01
1.393195474860766e-07	8.141599e-01	7.978484e-01	7.975852e-01
1.393704046289338e-07	8.141033e-01	7.979951e-01	7.975953e-01
1.394212617717909e-07	8.140467e-01	7.981427e-01	7.976064e-01
1.394721189146481e-07	8.139902e-01	7.982911e-01	7.976184e-01
1.395229760575053e-07	8.139339e-01	7.984405e-01	7.976312e-01
1.395738332003626e-07	8.138776e-01	7.985908e-01	7.976450e-01
1.396116903432197e-07	8.138359e-01	7.987028e-01	7.976569e-01
1.396495474860769e-07	8.137943e-01	7.988148e-01	7.976699e-01
1.396874046289341e-07	8.137529e-01	7.989269e-01	7.976842e-01
1.397252617717913e-07	8.137117e-01	7.990390e-01	7.976996e-01
1.397631189146485e-07	8.136706e-01	7.991512e-01	7.977163e-01
1.398009760575057e-07	8.136297e-01	7.992634e-01	7.977342e-01
1.398388332003629e-07	8.135890e-01	7.993757e-01	7.977532e-01
1.398962617717915e-07	8.135276e-01	7.995459e-01	7.977849e-01
1.399536903432201e-07	8.134667e-01	7.997154e-01	7.978193e-01
1.400111189146488e-07	8.134065e-01	7.998841e-01	7.978564e-01
1.400685474860774e-07	8.133468e-01	8.000521e-01	7.978962e-01
1.401259760575060e-07	8.132876e-01	8.002193e-01	7.979386e-01
1.401834046289347e-07	8.132291e-01	8.003857e-01	7.979837e-01
1.402408332003633e-07	8.131711e-01	8.005514e-01	7.980316e-01
1.402418332003633e-07	8.131701e-01	8.005542e-01	7.980325e-01
1.403324046289349e-07	8.130801e-01	8.008133e-01	7.981128e-01
1.404229760575064e-07	8.129919e-01	8.010682e-01	7.981977e-01
1.405135474860779e-07	8.129055e-01	8.013189e-01	7.982872e-01
1.406041189146494e-07	8.128209e-01	8.015655e-01	7.983811e-01
1.406946903432210e-07	8.127381e-01	8.018078e-01	7.984796e-01
1.407852617717925e-07	8.126572e-01	8.020460e-01	7.985826e-01
1.408758332003640e-07	8.125781e-01	8.022800e-01	7.986902e-01
1.412658332003645e-07	8.122601e-01	8.032241e-01	7.991981e-01
1.413759760575074e-07	8.121769e-01	8.034722e-01	7.993565e-01
1.414861189146504e-07	8.120964e-01	8.037115e-01	7.995202e-01
1.415962617717934e-07	8.120187e-01	8.039421e-01	7.996892e-01
1.417064046289364e-07	8.119437e-01	8.041640e-01	7.998635e-01
1.418165474860794e-07	8.118714e-01	8.043772e-01	8.000431e-01
1.419266903432224e-07	8.118018e-01	8.045817e-01	8.002279e-01
1.420368332003653e-07	8.117349e-01	8.047776e-01	8.004181e-01
1.420728332003654e-07	8.117136e-01	8.048397e-01	8.004807e-01
1.421088332003654e-07	8.116925e-01	8.049009e-01	8.005434e-01
1.421448332003655e-07	8.116717e-01	8.049611e-01	8.006063e-01
1.421808332003655e-07	8.116511e-01	8.050205e-01	8.006693e-01
1.422168332003655e-07	8.116308e-01	8.050790e-01	8.007326e-01
1.422528332003656e-07	8.116108e-01	8.051365e-01	8.007960e-01
1.422888332003656e-07	8.115910e-01	8.051931e-01	8.008596e-01
1.422898332003656e-07	8.115905e-01	8.051947e-01	8.008614e-01
1.423442617717943e-07	8.115611e-01	8.052785e-01	8.009584e-01
1.423986903432229e-07	8.115323e-01	8.053603e-01	8.010544e-01
1.424531189146515e-07	8.115040e-01	8.054402e-01	8.011496e-01
1.425075474860802e-07	8.114763e-01	8.055180e-01	8.012438e-01
1.425619760575088e-07	8.114491e-01	8.055939e-01	8.013371e-01
1.426164046289374e-07	8.114224e-01	8.056677e-01	8.014295e-01
1.426708332003661e-07	8.113964e-01	8.057396e-01	8.015209e-01
1.427235474860804e-07	8.113716e-01	8.058073e-01	8.016064e-01
1.427762617717947e-07	8.113473e-01	8.058733e-01	8.016886e-01
1.428289760575091e-07	8.113235e-01	8.059375e-01	8.017674e-01
1.428816903432235e-07	8.113002e-01	8.060000e-01	8.018429e-01
1.429344046289378e-07	8.112773e-01	8.060608e-01	8.019150e-01
1.429871189146521e-07	8.112548e-01	8.061198e-01	8.019838e-01
1.430398332003665e-07	8.112329e-01	8.061770e-01	8.020493e-01
1.430788332003665e-07	8.112169e-01	8.062183e-01	8.020949e-01
1.431178332003666e-07	8.112011e-01	8.062587e-01	8.021387e-01
1.431568332003666e-07	8.111856e-01	8.062982e-01	8.021805e-01
1.431958332003667e-07	8.111703e-01	8.063368e-01	8.022204e-01
1.432348332003667e-07	8.111552e-01	8.063746e-01	8.022584e-01
1.432738332003667e-07	8.111404e-01	8.064114e-01	8.022945e-01
1.433128332003668e-07	8.111258e-01	8.064474e-01	8.023286e-01
1.433138332003668e-07	8.111254e-01	8.064483e-01	8.023295e-01
1.433796903432240e-07	8.111012e-01	8.065070e-01	8.023828e-01
1.434455474860812e-07	8.110776e-01	8.065634e-01	8.024321e-01
1.435114046289385e-07	8.110546e-01	8.066175e-01	8.024774e-01
1.435772617717957e-07	8.110322e-01	8.066693e-01	8.025188e-01
1.436431189146529e-07	8.110103e-01	8.067188e-01	8.025562e-01
1.437089760575101e-07	8.109890e-01	8.067660e-01	8.025896e-01
1.437748332003673e-07	8.109683e-01	8.068109e-01	8.026191e-01
1.438211189146531e-07	8.109541e-01	8.068412e-01	8.026383e-01
1.438674046289389e-07	8.109401e-01	8.068706e-01	8.026559e-01
1.439136903432246e-07	8.109264e-01	8.068989e-01	8.026720e-01
1.439599760575104e-07	8.109129e-01	8.069262e-01	8.026865e-01
1.440062617717961e-07	8.108996e-01	8.069525e-01	8.026995e-01
1.440525474860819e-07	8.108865e-01	8.069778e-01	8.027109e-01
1.440988332003677e-07	8.108737e-01	8.070021e-01	8.027208e-01
1.441315474860820e-07	8.108649e-01	8.070187e-01	8.027269e-01
1.441642617717963e-07	8.108561e-01	8.070349e-01	8.027321e-01
1.441969760575106e-07	8.108475e-01	8.070505e-01	8.027365e-01
1.442296903432250e-07	8.108389e-01	8.070658e-01	8.027401e-01
1.442624046289393e-07	8.108304e-01	8.070805e-01	8.027428e-01
1.442951189146536e-07	8.108221e-01	8.070948e-01	8.027446e-01
1.443278332003679e-07	8.108138e-01	8.071087e-01	8.027456e-01
1.443378332003680e-07	8.108113e-01	8.071128e-01	8.027458e-01
1.443685474860823e-07	8.108038e-01	8.071253e-01	8.027456e-01
1.443992617717966e-07	8.107963e-01	8.071374e-01	8.027446e-01
1.444299760575109e-07	8.107888e-01	8.071491e-01	8.027427e-01
1.444606903432252e-07	8.107815e-01	8.071605e-01	8.027399e-01
1.444914046289396e-07	8.107743e-01	8.071714e-01	8.027362e-01
1.445221189146539e-07	8.107671e-01	8.071820e-01	8.027317e-01
1.445528332003682e-07	8.107601e-01	8.071923e-01	8.027262e-01
1.446352617717969e-07	8.107416e-01	8.072178e-01	8.027076e-01
1.447176903432255e-07	8.107237e-01	8.072409e-01	8.026805e-01
1.448001189146542e-07	8.107063e-01	8.072618e-01	8.026449e-01
1.448825474860829e-07	8.106895e-01	8.072803e-01	8.026008e-01
1.449649760575115e-07	8.106732e-01	8.072964e-01	8.025482e-01
1.450474046289402e-07	8.106575e-01	8.073102e-01	8.024871e-01
1.451298332003689e-07	8.106424e-01	8.073217e-01	8.024175e-01
1.451628332003689e-07	8.106364e-01	8.073257e-01	8.023865e-01
1.451958332003689e-07	8.106306e-01	8.073294e-01	8.023540e-01
1.452288332003690e-07	8.106248e-01	8.073328e-01	8.023198e-01
1.452618332003690e-07	8.106191e-01	8.073359e-01	8.022840e-01
1.452948332003690e-07	8.106134e-01	8.073387e-01	8.022465e-01
1.453278332003691e-07	8.106079e-01	8.073411e-01	8.022074e-01
1.453608332003691e-07	8.106024e-01	8.073432e-01	8.021668e-01
1.453618332003691e-07	8.106022e-01	8.073432e-01	8.021655e-01
1.454516903432264e-07	8.105877e-01	8.073473e-01	8.020459e-01
1.455415474860836e-07	8.105737e-01	8.073493e-01	8.019141e-01
1.456314046289409e-07	8.105601e-01	8.073492e-01	8.017699e-01
1.457212617717981e-07	8.105470e-01	8.073471e-01	8.016133e-01
1.458111189146553e-07	8.105344e-01	8.073430e-01	8.014445e-01
1.459009760575126e-07	8.105222e-01	8.073369e-01	8.012633e-01
1.459908332003698e-07	8.105106e-01	8.073287e-01	8.010699e-01
1.460471189146556e-07	8.105035e-01	8.073227e-01	8.009427e-01
1.461034046289414e-07	8.104965e-01	8.073161e-01	8.008112e-01
1.461596903432272e-07	8.104897e-01	8.073089e-01	8.006756e-01
1.462159760575129e-07	8.104831e-01	8.073010e-01	8.005357e-01
1.462722617717987e-07	8.104766e-01	8.072925e-01	8.003916e-01
1.463285474860845e-07	8.104702e-01	8.072833e-01	8.002433e-01
1.463848332003703e-07	8.104640e-01	8.072734e-01	8.000907e-01
1.463858332003703e-07	8.104640e-01	8.072733e-01	8.000880e-01
1.465319760575133e-07	8.104486e-01	8.072445e-01	7.996686e-01
1.466781189146563e-07	8.104341e-01	8.072125e-01	7.992319e-01
1.468242617717993e-07	8.104203e-01	8.071772e-01	7.987782e-01
1.469704046289424e-07	8.104073e-01	8.071387e-01	7.983072e-01
1.471165474860854e-07	8.103951e-01	8.070969e-01	7.978191e-01
1.472626903432284e-07	8.103836e-01	8.070518e-01	7.973137e-01
1.474088332003714e-07	8.103729e-01	8.070035e-01	7.967913e-01
1.474098332003714e-07	8.103729e-01	8.070031e-01	7.967877e-01
1.475379760575144e-07	8.103640e-01	8.069588e-01	7.963247e-01
1.476661189146574e-07	8.103556e-01	8.069128e-01	7.958604e-01
1.477942617718004e-07	8.103475e-01	8.068652e-01	7.953947e-01
1.479224046289435e-07	8.103398e-01	8.068159e-01	7.949277e-01
1.480505474860865e-07	8.103326e-01	8.067649e-01	7.944594e-01
1.481786903432295e-07	8.103257e-01	8.067123e-01	7.939898e-01
1.483068332003725e-07	8.103193e-01	8.066580e-01	7.935188e-01
1.483128332003725e-07	8.103190e-01	8.066555e-01	7.934969e-01
1.483188332003725e-07	8.103187e-01	8.066529e-01	7.934751e-01
1.483248332003725e-07	8.103184e-01	8.066503e-01	7.934533e-01
1.483308332003725e-07	8.103181e-01	8.066477e-01	7.934315e-01
1.483368332003725e-07	8.103177e-01	8.066452e-01	7.934096e-01
1.483428332003725e-07	8.103173e-01	8.066426e-01	7.933878e-01
1.483488332003725e-07	8.103169e-01	8.066400e-01	7.933660e-01
1.483565474860868e-07	8.103164e-01	8.066366e-01	7.933380e-01
1.483642617718011e-07	8.103158e-01	8.066333e-01	7.933100e-01
1.483719760575154e-07	8.103151e-01	8.066300e-01	7.932820e-01
1.483796903432297e-07	8.103144e-01	8.066266e-01	7.932540e-01
1.483874046289440e-07	8.103136e-01	8.066232e-01	7.932261e-01
1.483951189146583e-07	8.103128e-01	8.066198e-01	7.931981e-01
1.484028332003726e-07	8.103119e-01	8.066164e-01	7.931702e-01
1.484338332003726e-07	8.103075e-01	8.066026e-01	7.930580e-01
1.484481189146583e-07	8.103051e-01	8.065961e-01	7.930064e-01
1.484624046289441e-07	8.103025e-01	8.065896e-01	7.929549e-01
1.484766903432298e-07	8.102996e-01	8.065829e-01	7.929033e-01
1.484909760575155e-07	8.102965e-01	8.065761e-01	7.928519e-01
1.485052617718012e-07	8.102932e-01	8.065693e-01	7.928005e-01
1.485195474860870e-07	8.102896e-01	8.065623e-01	7.927491e-01
1.485338332003727e-07	8.102859e-01	8.065553e-01	7.926978e-01
1.485602617718013e-07	8.102782e-01	8.065419e-01	7.926031e-01
1.485866903432299e-07	8.102704e-01	8.065282e-01	7.925086e-01
1.486131189146585e-07	8.102624e-01	8.065142e-01	7.924142e-01
1.486395474860871e-07	8.102541e-01	8.064999e-01	7.923201e-01
1.486659760575157e-07	8.102457e-01	8.064853e-01	7.922263e-01
1.486924046289443e-07	8.102371e-01	8.064703e-01	7.921326e-01
1.487188332003729e-07	8.102283e-01	8.064551e-01	7.920392e-01
1.487396903432301e-07	8.102217e-01	8.064430e-01	7.919656e-01
1.487605474860873e-07	8.102153e-01	8.064309e-01	7.918921e-01
1.487814046289444e-07	8.102091e-01	8.064189e-01	7.918189e-01
1.488022617718016e-07	8.102031e-01	8.064070e-01	7.917458e-01
1.488231189146587e-07	8.101973e-01	8.063952e-01	7.916729e-01
1.488439760575159e-07	8.101917e-01	8.063834e-01	7.916001e-01
1.488648332003731e-07	8.101864e-01	8.063717e-01	7.915275e-01
1.488848332003731e-07	8.101816e-01	8.063608e-01	7.914580e-01
1.489048332003731e-07	8.101770e-01	8.063502e-01	7.913887e-01
1.489248332003732e-07	8.101727e-01	8.063399e-01	7.913196e-01
1.489448332003732e-07	8.101687e-01	8.063301e-01	7.912506e-01
1.489648332003732e-07	8.101649e-01	8.063207e-01	7.911818e-01
1.489848332003732e-07	8.101613e-01	8.063116e-01	7.911132e-01
1.490048332003732e-07	8.101580e-01	8.063029e-01	7.910448e-01
1.490276903432304e-07	8.101545e-01	8.062936e-01	7.909667e-01
1.490505474860876e-07	8.101512e-01	8.062852e-01	7.908889e-01
1.490734046289448e-07	8.101480e-01	8.062777e-01	7.908114e-01
1.490962617718019e-07	8.101450e-01	8.062711e-01	7.907340e-01
1.491191189146591e-07	8.101421e-01	8.062654e-01	7.906569e-01
1.491419760575163e-07	8.101394e-01	8.062605e-01	7.905801e-01
1.491648332003734e-07	8.101369e-01	8.062565e-01	7.905034e-01
1.491759760575163e-07	8.101355e-01	8.062550e-01	7.904662e-01
1.491871189146592e-07	8.101342e-01	8.062537e-01	7.904290e-01
1.491982617718020e-07	8.101329e-01	8.062527e-01	7.903918e-01
1.492094046289449e-07	8.101315e-01	8.062520e-01	7.903547e-01
1.492205474860878e-07	8.101302e-01	8.062515e-01	7.903177e-01
1.492316903432307e-07	8.101288e-01	8.062512e-01	7.902808e-01
1.492428332003735e-07	8.101274e-01	8.062512e-01	7.902439e-01
1.492578332003735e-07	8.101254e-01	8.062517e-01	7.901943e-01
1.492728332003736e-07	8.101233e-01	8.062526e-01	7.901448e-01
1.492878332003736e-07	8.101211e-01	8.062540e-01	7.900955e-01
1.493028332003736e-07	8.101188e-01	8.062559e-01	7.900462e-01
1.493178332003736e-07	8.101164e-01	8.062583e-01	7.899971e-01
1.493328332003736e-07	8.101138e-01	8.062612e-01	7.899480e-01
1.493478332003736e-07	8.101112e-01	8.062646e-01	7.898991e-01
1.493634046289451e-07	8.101082e-01	8.062686e-01	7.898485e-01
1.493789760575165e-07	8.101051e-01	8.062732e-01	7.897979e-01
1.493945474860880e-07	8.101017e-01	8.062782e-01	7.897475e-01
1.494101189146594e-07	8.100981e-01	8.062838e-01	7.896973e-01
1.494256903432309e-07	8.100942e-01	8.062899e-01	7.896471e-01
1.494412617718023e-07	8.100902e-01	8.062965e-01	7.895971e-01
1.494568332003738e-07	8.100859e-01	8.063037e-01	7.895471e-01
1.494578332003738e-07	8.100856e-01	8.063042e-01	7.895439e-01
1.494891189146595e-07	8.100762e-01	8.063202e-01	7.894441e-01
1.495204046289453e-07	8.100655e-01	8.063379e-01	7.893447e-01
1.495516903432310e-07	8.100535e-01	8.063572e-01	7.892459e-01
1.495829760575168e-07	8.100401e-01	8.063780e-01	7.891476e-01
1.496142617718025e-07	8.100255e-01	8.064005e-01	7.890498e-01
1.496455474860883e-07	8.100095e-01	8.064246e-01	7.889526e-01
1.496768332003740e-07	8.099923e-01	8.064504e-01	7.888559e-01
1.497169760575169e-07	8.099677e-01	8.064855e-01	7.887325e-01
1.497571189146598e-07	8.099408e-01	8.065212e-01	7.886101e-01
1.497972617718027e-07	8.099115e-01	8.065575e-01	7.884886e-01
1.498374046289456e-07	8.098798e-01	8.065944e-01	7.883680e-01
1.498775474860885e-07	8.098458e-01	8.066319e-01	7.882483e-01
1.499176903432314e-07	8.098094e-01	8.066700e-01	7.881295e-01
1.499578332003743e-07	8.097706e-01	8.067087e-01	7.880117e-01
1.500036903432315e-07	8.097234e-01	8.067522e-01	7.878782e-01
1.500495474860887e-07	8.096743e-01	8.067928e-01	7.877458e-01
1.500954046289459e-07	8.096233e-01	8.068306e-01	7.876148e-01
1.501412617718031e-07	8.095704e-01	8.068655e-01	7.874849e-01
1.501871189146603e-07	8.095157e-01	8.068976e-01	7.873562e-01
1.502329760575175e-07	8.094590e-01	8.069269e-01	7.872288e-01
1.502788332003747e-07	8.094006e-01	8.069533e-01	7.871026e-01
1.503042617718033e-07	8.093680e-01	8.069655e-01	7.870331e-01
1.503296903432319e-07	8.093353e-01	8.069761e-01	7.869640e-01
1.503551189146605e-07	8.093026e-01	8.069852e-01	7.868953e-01
1.503805474860891e-07	8.092698e-01	8.069926e-01	7.868269e-01
1.504059760575177e-07	8.092370e-01	8.069985e-01	7.867590e-01
1.504314046289463e-07	8.092041e-01	8.070028e-01	7.866914e-01
1.504568332003749e-07	8.091711e-01	8.070055e-01	7.866242e-01
1.504602617718035e-07	8.091667e-01	8.070057e-01	7.866152e-01
1.504636903432320e-07	8.091623e-01	8.070059e-01	7.866061e-01
1.504671189146606e-07	8.091579e-01	8.070060e-01	7.865971e-01
1.504705474860892e-07	8.091535e-01	8.070061e-01	7.865881e-01
1.504739760575178e-07	8.091491e-01	8.070062e-01	7.865791e-01
1.504774046289464e-07	8.091447e-01	8.070062e-01	7.865701e-01
1.504808332003749e-07	8.091403e-01	8.070062e-01	7.865611e-01
1.504818332003749e-07	8.091390e-01	8.070062e-01	7.865585e-01
1.505014046289464e-07	8.091139e-01	8.070057e-01	7.865073e-01
1.505209760575178e-07	8.090890e-01	8.070040e-01	7.864563e-01
1.505405474860893e-07	8.090642e-01	8.070012e-01	7.864056e-01
1.505601189146607e-07	8.090397e-01	8.069974e-01	7.863551e-01
1.505796903432322e-07	8.090153e-01	8.069924e-01	7.863048e-01
1.505992617718036e-07	8.089912e-01	8.069863e-01	7.862547e-01
1.506188332003751e-07	8.089672e-01	8.069791e-01	7.862048e-01
1.506584046289466e-07	8.089192e-01	8.069609e-01	7.861047e-01
1.506979760575180e-07	8.088730e-01	8.069379e-01	7.860055e-01
1.507375474860895e-07	8.088285e-01	8.069102e-01	7.859072e-01
1.507771189146610e-07	8.087857e-01	8.068778e-01	7.858097e-01
1.508166903432324e-07	8.087446e-01	8.068406e-01	7.857132e-01
1.508562617718039e-07	8.087052e-01	8.067987e-01	7.856176e-01
1.508958332003754e-07	8.086675e-01	8.067520e-01	7.855228e-01
1.509434046289469e-07	8.086253e-01	8.066893e-01	7.854101e-01
1.509909760575184e-07	8.085868e-01	8.066206e-01	7.852986e-01
1.510385474860898e-07	8.085522e-01	8.065461e-01	7.851885e-01
1.510861189146613e-07	8.085214e-01	8.064656e-01	7.850795e-01
1.511336903432328e-07	8.084944e-01	8.063792e-01	7.849719e-01
1.511812617718043e-07	8.084712e-01	8.062869e-01	7.848655e-01
1.512288332003758e-07	8.084518e-01	8.061887e-01	7.847604e-01
1.512548332003758e-07	8.084432e-01	8.061331e-01	7.847034e-01
1.512808332003758e-07	8.084358e-01	8.060763e-01	7.846468e-01
1.513068332003759e-07	8.084298e-01	8.060182e-01	7.845906e-01
1.513328332003759e-07	8.084251e-01	8.059588e-01	7.845348e-01
1.513588332003759e-07	8.084216e-01	8.058982e-01	7.844793e-01
1.513848332003759e-07	8.084195e-01	8.058362e-01	7.844242e-01
1.514108332003760e-07	8.084187e-01	8.057730e-01	7.843695e-01
1.515058332003761e-07	8.084267e-01	8.055341e-01	7.841725e-01
1.515128332003761e-07	8.084280e-01	8.055160e-01	7.841581e-01
1.515138332003761e-07	8.084282e-01	8.055134e-01	7.841561e-01
1.515148332003761e-07	8.084284e-01	8.055108e-01	7.841541e-01
1.515158332003761e-07	8.084286e-01	8.055083e-01	7.841520e-01
1.515168332003761e-07	8.084288e-01	8.055056e-01	7.841499e-01
1.515178332003761e-07	8.084290e-01	8.055030e-01	7.841479e-01
1.515188332003761e-07	8.084292e-01	8.055004e-01	7.841458e-01
1.515378332003761e-07	8.084334e-01	8.054511e-01	7.841071e-01
1.515568332003761e-07	8.084383e-01	8.054007e-01	7.840686e-01
1.515758332003762e-07	8.084438e-01	8.053494e-01	7.840303e-01
1.515948332003762e-07	8.084501e-01	8.052972e-01	7.839922e-01
1.516138332003762e-07	8.084570e-01	8.052440e-01	7.839543e-01
1.516328332003762e-07	8.084646e-01	8.051899e-01	7.839165e-01
1.516518332003762e-07	8.084729e-01	8.051348e-01	7.838789e-01
1.516971189146620e-07	8.084953e-01	8.049946e-01	7.837902e-01
1.517424046289478e-07	8.085218e-01	8.048546e-01	7.837024e-01
1.517876903432335e-07	8.085524e-01	8.047147e-01	7.836157e-01
1.518329760575193e-07	8.085872e-01	8.045750e-01	7.835300e-01
1.518782617718051e-07	8.086261e-01	8.044354e-01	7.834454e-01
1.519235474860908e-07	8.086691e-01	8.042959e-01	7.833617e-01
1.519688332003766e-07	8.087164e-01	8.041565e-01	7.832791e-01
1.520002617718052e-07	8.087519e-01	8.040662e-01	7.832224e-01
1.520316903432338e-07	8.087899e-01	8.039806e-01	7.831661e-01
1.520631189146624e-07	8.088302e-01	8.038997e-01	7.831103e-01
1.520945474860910e-07	8.088730e-01	8.038235e-01	7.830549e-01
1.521259760575196e-07	8.089181e-01	8.037521e-01	7.830001e-01
1.521574046289483e-07	8.089656e-01	8.036853e-01	7.829457e-01
1.521888332003769e-07	8.090156e-01	8.036233e-01	7.828918e-01
1.522159760575197e-07	8.090608e-01	8.035749e-01	7.828456e-01
1.522431189146626e-07	8.091080e-01	8.035308e-01	7.827997e-01
1.522702617718055e-07	8.091571e-01	8.034909e-01	7.827542e-01
1.522974046289484e-07	8.092081e-01	8.034552e-01	7.827090e-01
1.523245474860913e-07	8.092611e-01	8.034238e-01	7.826642e-01
1.523516903432342e-07	8.093160e-01	8.033966e-01	7.826197e-01
1.523788332003771e-07	8.093728e-01	8.033737e-01	7.825756e-01
1.523982617718057e-07	8.094147e-01	8.033598e-01	7.825442e-01
1.524176903432343e-07	8.094575e-01	8.033479e-01	7.825130e-01
1.524371189146628e-07	8.095014e-01	8.033379e-01	7.824819e-01
1.524565474860915e-07	8.095462e-01	8.033298e-01	7.824510e-01
1.524759760575200e-07	8.095919e-01	8.033237e-01	7.824202e-01
1.524954046289486e-07	8.096386e-01	8.033195e-01	7.823897e-01
1.525148332003772e-07	8.096863e-01	8.033172e-01	7.823592e-01
1.525168332003772e-07	8.096913e-01	8.033171e-01	7.823561e-01
1.525188332003772e-07	8.096962e-01	8.033169e-01	7.823530e-01
1.525208332003772e-07	8.097012e-01	8.033168e-01	7.823499e-01
1.525228332003772e-07	8.097062e-01	8.033167e-01	7.823468e-01
1.525248332003772e-07	8.097112e-01	8.033166e-01	7.823437e-01
1.525268332003772e-07	8.097162e-01	8.033166e-01	7.823405e-01
1.525288332003772e-07	8.097212e-01	8.033165e-01	7.823374e-01
1.525298332003772e-07	8.097237e-01	8.033165e-01	7.823359e-01
1.525488332003773e-07	8.097720e-01	8.033173e-01	7.823064e-01
1.525678332003773e-07	8.098211e-01	8.033194e-01	7.822771e-01
1.525868332003773e-07	8.098710e-01	8.033229e-01	7.822480e-01
1.526058332003773e-07	8.099218e-01	8.033279e-01	7.822190e-01
1.526248332003774e-07	8.099733e-01	8.033342e-01	7.821902e-01
1.526438332003774e-07	8.100257e-01	8.033420e-01	7.821615e-01
1.526628332003774e-07	8.100790e-01	8.033511e-01	7.821330e-01
1.527109760575203e-07	8.102182e-01	8.033816e-01	7.820615e-01
1.527591189146632e-07	8.103611e-01	8.034157e-01	7.819909e-01
1.528072617718061e-07	8.105075e-01	8.034534e-01	7.819212e-01
1.528554046289491e-07	8.106575e-01	8.034949e-01	7.818525e-01
1.529035474860920e-07	8.108110e-01	8.035400e-01	7.817848e-01
1.529516903432349e-07	8.109682e-01	8.035888e-01	7.817180e-01
1.529998332003778e-07	8.111289e-01	8.036412e-01	7.816521e-01
1.530391189146635e-07	8.112613e-01	8.036830e-01	7.815990e-01
1.530784046289493e-07	8.113940e-01	8.037235e-01	7.815465e-01
1.531176903432351e-07	8.115270e-01	8.037627e-01	7.814946e-01
1.531569760575208e-07	8.116603e-01	8.038006e-01	7.814433e-01
1.531962617718066e-07	8.117939e-01	8.038371e-01	7.813926e-01
1.532355474860923e-07	8.119278e-01	8.038724e-01	7.813424e-01
1.532748332003781e-07	8.120621e-01	8.039063e-01	7.812929e-01
1.533079760575210e-07	8.121746e-01	8.039326e-01	7.812515e-01
1.533411189146639e-07	8.122861e-01	8.039566e-01	7.812105e-01
1.533742617718068e-07	8.123965e-01	8.039785e-01	7.811699e-01
1.534074046289497e-07	8.125058e-01	8.039983e-01	7.811297e-01
1.534405474860926e-07	8.126141e-01	8.040159e-01	7.810899e-01
1.534736903432355e-07	8.127213e-01	8.040313e-01	7.810505e-01
1.535068332003784e-07	8.128275e-01	8.040446e-01	7.810115e-01
1.535538332003784e-07	8.129747e-01	8.040589e-01	7.809569e-01
1.535699760575213e-07	8.130245e-01	8.040627e-01	7.809383e-01
1.535861189146641e-07	8.130738e-01	8.040658e-01	7.809197e-01
1.536022617718070e-07	8.131226e-01	8.040684e-01	7.809013e-01
1.536184046289499e-07	8.131709e-01	8.040703e-01	7.808830e-01
1.536345474860928e-07	8.132188e-01	8.040716e-01	7.808647e-01
1.536506903432357e-07	8.132661e-01	8.040724e-01	7.808466e-01
1.536668332003785e-07	8.133130e-01	8.040725e-01	7.808285e-01
1.536898332003786e-07	8.133789e-01	8.040716e-01	7.808029e-01
1.537128332003786e-07	8.134437e-01	8.040695e-01	7.807775e-01
1.537358332003786e-07	8.135072e-01	8.040661e-01	7.807522e-01
1.537588332003786e-07	8.135695e-01	8.040615e-01	7.807271e-01
1.537818332003787e-07	8.136306e-01	8.040558e-01	7.807022e-01
1.538048332003787e-07	8.136905e-01	8.040488e-01	7.806775e-01
1.538278332003787e-07	8.137491e-01	8.040406e-01	7.806529e-01
1.538844046289502e-07	8.138883e-01	8.040146e-01	7.805933e-01
1.539409760575217e-07	8.140182e-01	8.039824e-01	7.805346e-01
1.539975474860932e-07	8.141389e-01	8.039439e-01	7.804769e-01
1.540541189146647e-07	8.142503e-01	8.038991e-01	7.804202e-01
1.541106903432362e-07	8.143526e-01	8.038482e-01	7.803645e-01
1.541672617718077e-07	8.144456e-01	8.037909e-01	7.803097e-01
1.542238332003792e-07	8.145295e-01	8.037274e-01	7.802559e-01
1.542731189146649e-07	8.145939e-01	8.036681e-01	7.802098e-01
1.543224046289507e-07	8.146508e-01	8.036058e-01	7.801643e-01
1.543716903432365e-07	8.147002e-01	8.035406e-01	7.801196e-01
1.544209760575222e-07	8.147421e-01	8.034724e-01	7.800755e-01
1.544702617718080e-07	8.147764e-01	8.034013e-01	7.800320e-01
1.545195474860938e-07	8.148033e-01	8.033272e-01	7.799893e-01
1.545688332003796e-07	8.148226e-01	8.032501e-01	7.799472e-01
1.545778332003796e-07	8.148254e-01	8.032359e-01	7.799395e-01
1.545936903432367e-07	8.148297e-01	8.032108e-01	7.799261e-01
1.546095474860939e-07	8.148332e-01	8.031854e-01	7.799128e-01
1.546254046289511e-07	8.148360e-01	8.031598e-01	7.798996e-01
1.546412617718082e-07	8.148380e-01	8.031341e-01	7.798864e-01
1.546571189146654e-07	8.148393e-01	8.031081e-01	7.798733e-01
1.546729760575225e-07	8.148399e-01	8.030820e-01	7.798602e-01
1.546888332003797e-07	8.148398e-01	8.030556e-01	7.798473e-01
1.547296903432369e-07	8.148359e-01	8.029869e-01	7.798141e-01
1.547705474860941e-07	8.148275e-01	8.029174e-01	7.797814e-01
1.548114046289513e-07	8.148147e-01	8.028473e-01	7.797491e-01
1.548522617718084e-07	8.147975e-01	8.027764e-01	7.797172e-01
1.548931189146656e-07	8.147758e-01	8.027048e-01	7.796856e-01
1.549339760575228e-07	8.147497e-01	8.026326e-01	7.796545e-01
1.549748332003800e-07	8.147192e-01	8.025596e-01	7.796238e-01
1.550642617718087e-07	8.146354e-01	8.023978e-01	7.795581e-01
1.551536903432374e-07	8.145376e-01	8.022367e-01	7.794941e-01
1.552431189146660e-07	8.144256e-01	8.020764e-01	7.794318e-01
1.553325474860947e-07	8.142996e-01	8.019168e-01	7.793712e-01
1.554219760575234e-07	8.141594e-01	8.017580e-01	7.793124e-01
1.555114046289521e-07	8.140052e-01	8.016000e-01	7.792553e-01
1.556008332003807e-07	8.138368e-01	8.014427e-01	7.791999e-01
1.556018332003807e-07	8.138349e-01	8.014410e-01	7.791993e-01
1.557209760575237e-07	8.135948e-01	8.012362e-01	7.791281e-01
1.558401189146667e-07	8.133501e-01	8.010372e-01	7.790593e-01
1.559592617718097e-07	8.131010e-01	8.008439e-01	7.789930e-01
1.560784046289527e-07	8.128474e-01	8.006565e-01	7.789292e-01
1.561975474860957e-07	8.125893e-01	8.004747e-01	7.788678e-01
1.563166903432387e-07	8.123267e-01	8.002987e-01	7.788090e-01
1.564358332003817e-07	8.120596e-01	8.001285e-01	7.787526e-01
1.566258332003819e-07	8.116544e-01	7.998710e-01	7.786668e-01
1.567391189146677e-07	8.114192e-01	7.997253e-01	7.786183e-01
1.568524046289536e-07	8.111937e-01	7.995853e-01	7.785714e-01
1.569656903432394e-07	8.109780e-01	7.994509e-01	7.785262e-01
1.570789760575253e-07	8.107722e-01	7.993222e-01	7.784827e-01
1.571922617718111e-07	8.105761e-01	7.991992e-01	7.784408e-01
1.573055474860970e-07	8.103898e-01	7.990819e-01	7.784005e-01
1.574188332003828e-07	8.102133e-01	7.989703e-01	7.783619e-01
1.574395474860971e-07	8.101826e-01	7.989504e-01	7.783550e-01
1.574602617718114e-07	8.101522e-01	7.989308e-01	7.783481e-01
1.574809760575257e-07	8.101222e-01	7.989113e-01	7.783413e-01
1.575016903432400e-07	8.100926e-01	7.988921e-01	7.783345e-01
1.575224046289543e-07	8.100634e-01	7.988730e-01	7.783279e-01
1.575431189146686e-07	8.100345e-01	7.988541e-01	7.783213e-01
1.575638332003830e-07	8.100061e-01	7.988353e-01	7.783148e-01
1.575759760575258e-07	8.099896e-01	7.988245e-01	7.783111e-01
1.575881189146687e-07	8.099732e-01	7.988137e-01	7.783075e-01
1.576002617718116e-07	8.099569e-01	7.988029e-01	7.783039e-01
1.576124046289544e-07	8.099408e-01	7.987922e-01	7.783004e-01
1.576245474860973e-07	8.099248e-01	7.987816e-01	7.782970e-01
1.576366903432402e-07	8.099090e-01	7.987710e-01	7.782936e-01
1.576488332003830e-07	8.098933e-01	7.987605e-01	7.782903e-01
1.576498332003830e-07	8.098920e-01	7.987596e-01	7.782901e-01
1.576719760575259e-07	8.098637e-01	7.987406e-01	7.782844e-01
1.576941189146688e-07	8.098359e-01	7.987218e-01	7.782791e-01
1.577162617718117e-07	8.098084e-01	7.987032e-01	7.782744e-01
1.577384046289546e-07	8.097815e-01	7.986849e-01	7.782701e-01
1.577605474860975e-07	8.097549e-01	7.986667e-01	7.782662e-01
1.577826903432403e-07	8.097288e-01	7.986487e-01	7.782628e-01
1.578048332003832e-07	8.097031e-01	7.986310e-01	7.782599e-01
1.578174046289547e-07	8.096887e-01	7.986210e-01	7.782585e-01
1.578299760575261e-07	8.096745e-01	7.986111e-01	7.782573e-01
1.578425474860976e-07	8.096603e-01	7.986012e-01	7.782564e-01
1.578551189146690e-07	8.096464e-01	7.985914e-01	7.782556e-01
1.578676903432404e-07	8.096325e-01	7.985817e-01	7.782550e-01
1.578802617718119e-07	8.096189e-01	7.985721e-01	7.782546e-01
1.578928332003833e-07	8.096053e-01	7.985625e-01	7.782544e-01
1.579014046289548e-07	8.095961e-01	7.985560e-01	7.782544e-01
1.579099760575262e-07	8.095870e-01	7.985495e-01	7.782545e-01
1.579185474860976e-07	8.095780e-01	7.985431e-01	7.782546e-01
1.579271189146691e-07	8.095690e-01	7.985367e-01	7.782549e-01
1.579356903432405e-07	8.095601e-01	7.985303e-01	7.782552e-01
1.579442617718119e-07	8.095512e-01	7.985239e-01	7.782557e-01
1.579528332003834e-07	8.095424e-01	7.985176e-01	7.782562e-01
1.579731189146691e-07	8.095219e-01	7.985028e-01	7.782578e-01
1.579934046289549e-07	8.095016e-01	7.984881e-01	7.782600e-01
1.580136903432406e-07	8.094818e-01	7.984736e-01	7.782627e-01
1.580339760575263e-07	8.094622e-01	7.984593e-01	7.782658e-01
1.580542617718121e-07	8.094431e-01	7.984451e-01	7.782694e-01
1.580745474860978e-07	8.094242e-01	7.984312e-01	7.782736e-01
1.580948332003836e-07	8.094057e-01	7.984173e-01	7.782782e-01
1.581354046289550e-07	8.093698e-01	7.983902e-01	7.782892e-01
1.581759760575265e-07	8.093351e-01	7.983637e-01	7.783014e-01
1.582165474860980e-07	8.093017e-01	7.983379e-01	7.783148e-01
1.582571189146694e-07	8.092696e-01	7.983127e-01	7.783294e-01
1.582976903432409e-07	8.092387e-01	7.982882e-01	7.783453e-01
1.583382617718124e-07	8.092091e-01	7.982643e-01	7.783624e-01
1.583788332003839e-07	8.091809e-01	7.982411e-01	7.783806e-01
1.584208332003839e-07	8.091528e-01	7.982177e-01	7.784001e-01
1.584628332003840e-07	8.091260e-01	7.981951e-01	7.784194e-01
1.585048332003840e-07	8.091004e-01	7.981730e-01	7.784385e-01
1.585468332003841e-07	8.090759e-01	7.981517e-01	7.784574e-01
1.585888332003841e-07	8.090527e-01	7.981310e-01	7.784761e-01
1.586308332003842e-07	8.090307e-01	7.981110e-01	7.784946e-01
1.586728332003842e-07	8.090099e-01	7.980917e-01	7.785130e-01
1.586738332003842e-07	8.090093e-01	7.980912e-01	7.785134e-01
1.587116903432414e-07	8.089915e-01	7.980743e-01	7.785289e-01
1.587495474860986e-07	8.089745e-01	7.980579e-01	7.785435e-01
1.587874046289558e-07	8.089583e-01	7.980421e-01	7.785570e-01
1.588252617718129e-07	8.089430e-01	7.980268e-01	7.785695e-01
1.588631189146701e-07	8.089284e-01	7.980120e-01	7.785810e-01
1.589009760575273e-07	8.089147e-01	7.979977e-01	7.785914e-01
1.589388332003845e-07	8.089017e-01	7.979839e-01	7.786009e-01
1.589661189146702e-07	8.088929e-01	7.979742e-01	7.786067e-01
1.589934046289560e-07	8.088844e-01	7.979648e-01	7.786119e-01
1.590206903432418e-07	8.088763e-01	7.979557e-01	7.786164e-01
1.590479760575275e-07	8.088685e-01	7.979468e-01	7.786201e-01
1.590752617718132e-07	8.088611e-01	7.979382e-01	7.786232e-01
1.591025474860990e-07	8.088541e-01	7.979298e-01	7.786255e-01
1.591298332003847e-07	8.088474e-01	7.979217e-01	7.786272e-01
1.591462617718133e-07	8.088435e-01	7.979169e-01	7.786278e-01
1.591626903432419e-07	8.088397e-01	7.979122e-01	7.786281e-01
1.591791189146705e-07	8.088361e-01	7.979075e-01	7.786282e-01
1.591955474860991e-07	8.088326e-01	7.979030e-01	7.786280e-01
1.592119760575277e-07	8.088292e-01	7.978986e-01	7.786275e-01
1.592284046289563e-07	8.088259e-01	7.978943e-01	7.786267e-01
1.592448332003849e-07	8.088227e-01	7.978900e-01	7.786257e-01
1.592834046289563e-07	8.088157e-01	7.978804e-01	7.786223e-01
1.593219760575278e-07	8.088092e-01	7.978711e-01	7.786174e-01
1.593605474860993e-07	8.088033e-01	7.978624e-01	7.786111e-01
1.593991189146707e-07	8.087979e-01	7.978541e-01	7.786034e-01
1.594376903432422e-07	8.087930e-01	7.978462e-01	7.785943e-01
1.594762617718137e-07	8.087887e-01	7.978388e-01	7.785838e-01
1.595148332003852e-07	8.087849e-01	7.978318e-01	7.785718e-01
1.595408332003852e-07	8.087826e-01	7.978274e-01	7.785631e-01
1.595668332003852e-07	8.087805e-01	7.978231e-01	7.785538e-01
1.595928332003853e-07	8.087785e-01	7.978191e-01	7.785439e-01
1.596188332003853e-07	8.087768e-01	7.978152e-01	7.785336e-01
1.596448332003853e-07	8.087752e-01	7.978115e-01	7.785226e-01
1.596708332003853e-07	8.087739e-01	7.978080e-01	7.785111e-01
1.596968332003854e-07	8.087727e-01	7.978047e-01	7.784991e-01
1.596978332003854e-07	8.087726e-01	7.978045e-01	7.784987e-01
1.597544046289569e-07	8.087708e-01	7.977980e-01	7.784705e-01
1.598109760575284e-07	8.087695e-01	7.977922e-01	7.784405e-01
1.598675474860999e-07	8.087688e-01	7.977872e-01	7.784087e-01
1.599241189146713e-07	8.087688e-01	7.977831e-01	7.783751e-01
1.599806903432428e-07	8.087694e-01	7.977797e-01	7.783397e-01
1.600372617718143e-07	8.087705e-01	7.977771e-01	7.783024e-01
1.600938332003858e-07	8.087723e-01	7.977753e-01	7.782634e-01
1.601638332003859e-07	8.087752e-01	7.977740e-01	7.782132e-01
1.602338332003860e-07	8.087784e-01	7.977738e-01	7.781619e-01
1.603038332003861e-07	8.087820e-01	7.977745e-01	7.781094e-01
1.603738332003861e-07	8.087860e-01	7.977762e-01	7.780559e-01
1.604438332003862e-07	8.087903e-01	7.977789e-01	7.780012e-01
1.605138332003863e-07	8.087950e-01	7.977825e-01	7.779453e-01
1.605838332003864e-07	8.088000e-01	7.977871e-01	7.778884e-01
1.606034046289578e-07	8.088015e-01	7.977885e-01	7.778725e-01
1.606229760575293e-07	8.088029e-01	7.977900e-01	7.778566e-01
1.606425474861007e-07	8.088043e-01	7.977915e-01	7.778407e-01
1.606621189146722e-07	8.088057e-01	7.977931e-01	7.778248e-01
1.606816903432436e-07	8.088071e-01	7.977948e-01	7.778089e-01
1.607012617718151e-07	8.088085e-01	7.977965e-01	7.777929e-01
1.607208332003865e-07	8.088099e-01	7.977983e-01	7.777770e-01
1.607218332003865e-07	8.088100e-01	7.977985e-01	7.777761e-01
1.607859760575295e-07	8.088147e-01	7.978048e-01	7.777247e-01
1.608501189146724e-07	8.088193e-01	7.978117e-01	7.776715e-01
1.609142617718153e-07	8.088237e-01	7.978192e-01	7.776165e-01
1.609784046289583e-07	8.088280e-01	7.978272e-01	7.775597e-01
1.610425474861012e-07	8.088322e-01	7.978358e-01	7.775011e-01
1.611066903432441e-07	8.088361e-01	7.978449e-01	7.774408e-01
1.611708332003870e-07	8.088400e-01	7.978546e-01	7.773787e-01
1.612378332003871e-07	8.088437e-01	7.978652e-01	7.773093e-01
1.613048332003872e-07	8.088470e-01	7.978763e-01	7.772367e-01
1.613718332003873e-07	8.088499e-01	7.978878e-01	7.771609e-01
1.614388332003873e-07	8.088524e-01	7.978996e-01	7.770820e-01
1.615058332003874e-07	8.088545e-01	7.979119e-01	7.769999e-01
1.615728332003875e-07	8.088562e-01	7.979247e-01	7.769146e-01
1.616398332003876e-07	8.088575e-01	7.979378e-01	7.768262e-01
1.616548332003876e-07	8.088577e-01	7.979408e-01	7.768061e-01
1.616698332003876e-07	8.088579e-01	7.979437e-01	7.767859e-01
1.616848332003876e-07	8.088581e-01	7.979467e-01	7.767656e-01
1.616998332003876e-07	8.088582e-01	7.979498e-01	7.767452e-01
1.617148332003877e-07	8.088583e-01	7.979528e-01	7.767247e-01
1.617298332003877e-07	8.088584e-01	7.979559e-01	7.767040e-01
1.617448332003877e-07	8.088585e-01	7.979590e-01	7.766833e-01
1.617458332003877e-07	8.088585e-01	7.979591e-01	7.766819e-01
1.618021189146735e-07	8.088585e-01	7.979708e-01	7.766028e-01
1.618584046289593e-07	8.088581e-01	7.979827e-01	7.765227e-01
1.619146903432450e-07	8.088573e-01	7.979947e-01	7.764415e-01
1.619709760575308e-07	8.088561e-01	7.980069e-01	7.763592e-01
1.620272617718166e-07	8.088546e-01	7.980192e-01	7.762758e-01
1.620835474861024e-07	8.088526e-01	7.980317e-01	7.761915e-01
1.621398332003881e-07	8.088502e-01	7.980444e-01	7.761060e-01
1.622296903432454e-07	8.088456e-01	7.980649e-01	7.759683e-01
1.623195474861026e-07	8.088398e-01	7.980857e-01	7.758290e-01
1.624094046289599e-07	8.088329e-01	7.981066e-01	7.756882e-01
1.624992617718171e-07	8.088249e-01	7.981277e-01	7.755458e-01
1.625891189146744e-07	8.088158e-01	7.981489e-01	7.754018e-01
1.626789760575316e-07	8.088056e-01	7.981704e-01	7.752562e-01
1.627688332003889e-07	8.087943e-01	7.981920e-01	7.751091e-01
1.627698332003889e-07	8.087942e-01	7.981923e-01	7.751074e-01
1.628892617718176e-07	8.087773e-01	7.982211e-01	7.749082e-01
1.630086903432463e-07	8.087585e-01	7.982499e-01	7.747076e-01
1.631281189146750e-07	8.087377e-01	7.982785e-01	7.745054e-01
1.632475474861037e-07	8.087150e-01	7.983071e-01	7.743017e-01
1.633669760575324e-07	8.086904e-01	7.983355e-01	7.740966e-01
1.634864046289611e-07	8.086638e-01	7.983638e-01	7.738899e-01
1.636058332003898e-07	8.086353e-01	7.983920e-01	7.736817e-01
1.637938332003900e-07	8.085869e-01	7.984356e-01	7.733603e-01
1.639399760575330e-07	8.085460e-01	7.984690e-01	7.731088e-01
1.640861189146761e-07	8.085028e-01	7.985018e-01	7.728731e-01
1.642322617718191e-07	8.084573e-01	7.985339e-01	7.726532e-01
1.643784046289621e-07	8.084095e-01	7.985653e-01	7.724491e-01
1.645245474861051e-07	8.083594e-01	7.985961e-01	7.722607e-01
1.646706903432482e-07	8.083069e-01	7.986262e-01	7.720881e-01
1.648168332003912e-07	8.082521e-01	7.986556e-01	7.719312e-01
1.648178332003912e-07	8.082517e-01	7.986558e-01	7.719303e-01
1.648936903432484e-07	8.082226e-01	7.986707e-01	7.718621e-01
1.649695474861056e-07	8.081929e-01	7.986855e-01	7.718019e-01
1.650454046289629e-07	8.081628e-01	7.987000e-01	7.717497e-01
1.651212617718201e-07	8.081322e-01	7.987143e-01	7.717054e-01
1.651971189146773e-07	8.081010e-01	7.987284e-01	7.716691e-01
1.652729760575345e-07	8.080694e-01	7.987423e-01	7.716408e-01
1.653488332003918e-07	8.080373e-01	7.987560e-01	7.716205e-01
1.653704046289632e-07	8.080281e-01	7.987599e-01	7.716165e-01
1.653919760575347e-07	8.080188e-01	7.987637e-01	7.716132e-01
1.654135474861061e-07	8.080096e-01	7.987675e-01	7.716107e-01
1.654351189146776e-07	8.080003e-01	7.987713e-01	7.716088e-01
1.654566903432490e-07	8.079909e-01	7.987751e-01	7.716077e-01
1.654782617718205e-07	8.079815e-01	7.987788e-01	7.716074e-01
1.654998332003920e-07	8.079721e-01	7.987826e-01	7.716077e-01
1.655485474861063e-07	8.079507e-01	7.987910e-01	7.716112e-01
1.655972617718206e-07	8.079291e-01	7.987993e-01	7.716184e-01
1.656459760575350e-07	8.079074e-01	7.988075e-01	7.716296e-01
1.656946903432493e-07	8.078855e-01	7.988157e-01	7.716445e-01
1.657434046289637e-07	8.078634e-01	7.988237e-01	7.716633e-01
1.657921189146780e-07	8.078411e-01	7.988317e-01	7.716859e-01
1.658408332003923e-07	8.078187e-01	7.988396e-01	7.717123e-01
1.658418332003923e-07	8.078182e-01	7.988397e-01	7.717129e-01
1.659491189146782e-07	8.077683e-01	7.988568e-01	7.717856e-01
1.660564046289640e-07	8.077177e-01	7.988734e-01	7.718766e-01
1.661636903432499e-07	8.076665e-01	7.988896e-01	7.719859e-01
1.662709760575357e-07	8.076146e-01	7.989054e-01	7.721134e-01
1.663782617718215e-07	8.075620e-01	7.989207e-01	7.722591e-01
1.664855474861074e-07	8.075088e-01	7.989357e-01	7.724231e-01
1.665928332003932e-07	8.074549e-01	7.989503e-01	7.726054e-01
1.665991189146789e-07	8.074517e-01	7.989511e-01	7.726166e-01
1.666054046289646e-07	8.074486e-01	7.989520e-01	7.726278e-01
1.666116903432504e-07	8.074454e-01	7.989528e-01	7.726390e-01
1.666179760575361e-07	8.074422e-01	7.989538e-01	7.726504e-01
1.666242617718218e-07	8.074390e-01	7.989547e-01	7.726618e-01
1.666305474861075e-07	8.074358e-01	7.989557e-01	7.726732e-01
1.666368332003932e-07	8.074327e-01	7.989567e-01	7.726848e-01
1.666448332003932e-07	8.074286e-01	7.989581e-01	7.726995e-01
1.666528332003933e-07	8.074246e-01	7.989595e-01	7.727143e-01
1.666608332003933e-07	8.074205e-01	7.989611e-01	7.727292e-01
1.666688332003933e-07	8.074164e-01	7.989628e-01	7.727442e-01
1.666768332003933e-07	8.074124e-01	7.989646e-01	7.727593e-01
1.666848332003933e-07	8.074083e-01	7.989664e-01	7.727745e-01
1.666928332003933e-07	8.074042e-01	7.989684e-01	7.727898e-01
1.667046903432505e-07	8.073982e-01	7.989715e-01	7.728127e-01
1.667165474861076e-07	8.073921e-01	7.989749e-01	7.728357e-01
1.667284046289648e-07	8.073860e-01	7.989784e-01	7.728589e-01
1.667402617718219e-07	8.073800e-01	7.989822e-01	7.728823e-01
1.667521189146791e-07	8.073739e-01	7.989862e-01	7.729059e-01
1.667639760575362e-07	8.073677e-01	7.989903e-01	7.729297e-01
1.667758332003934e-07	8.073616e-01	7.989947e-01	7.729537e-01
1.667885474861077e-07	8.073550e-01	7.989996e-01	7.729797e-01
1.668012617718220e-07	8.073484e-01	7.990045e-01	7.730059e-01
1.668139760575363e-07	8.073417e-01	7.990094e-01	7.730323e-01
1.668266903432506e-07	8.073350e-01	7.990144e-01	7.730589e-01
1.668394046289649e-07	8.073282e-01	7.990194e-01	7.730858e-01
1.668521189146792e-07	8.073215e-01	7.990244e-01	7.731128e-01
1.668648332003935e-07	8.073146e-01	7.990295e-01	7.731401e-01
1.668658332003935e-07	8.073141e-01	7.990299e-01	7.731423e-01
1.668824046289650e-07	8.073051e-01	7.990364e-01	7.731782e-01
1.668989760575364e-07	8.072960e-01	7.990426e-01	7.732145e-01
1.669155474861078e-07	8.072868e-01	7.990484e-01	7.732511e-01
1.669321189146793e-07	8.072775e-01	7.990539e-01	7.732881e-01
1.669486903432507e-07	8.072680e-01	7.990590e-01	7.733255e-01
1.669652617718222e-07	8.072583e-01	7.990638e-01	7.733632e-01
1.669818332003936e-07	8.072486e-01	7.990682e-01	7.734013e-01
1.669929760575365e-07	8.072420e-01	7.990707e-01	7.734271e-01
1.670041189146794e-07	8.072352e-01	7.990730e-01	7.734530e-01
1.670152617718222e-07	8.072284e-01	7.990750e-01	7.734792e-01
1.670264046289651e-07	8.072215e-01	7.990767e-01	7.735054e-01
1.670375474861080e-07	8.072145e-01	7.990781e-01	7.735319e-01
1.670486903432509e-07	8.072075e-01	7.990793e-01	7.735585e-01
1.670598332003937e-07	8.072003e-01	7.990801e-01	7.735852e-01
1.670678332003937e-07	8.071951e-01	7.990806e-01	7.736045e-01
1.670758332003937e-07	8.071898e-01	7.990808e-01	7.736238e-01
1.670838332003937e-07	8.071845e-01	7.990809e-01	7.736433e-01
1.670918332003938e-07	8.071791e-01	7.990808e-01	7.736628e-01
1.670998332003938e-07	8.071737e-01	7.990805e-01	7.736824e-01
1.671078332003938e-07	8.071683e-01	7.990801e-01	7.737021e-01
1.671158332003938e-07	8.071628e-01	7.990795e-01	7.737219e-01
1.671292617718224e-07	8.071534e-01	7.990781e-01	7.737552e-01
1.671426903432510e-07	8.071438e-01	7.990762e-01	7.737888e-01
1.671561189146795e-07	8.071341e-01	7.990739e-01	7.738226e-01
1.671695474861081e-07	8.071242e-01	7.990712e-01	7.738566e-01
1.671829760575367e-07	8.071141e-01	7.990680e-01	7.738907e-01
1.671964046289653e-07	8.071039e-01	7.990643e-01	7.739251e-01
1.672098332003939e-07	8.070935e-01	7.990602e-01	7.739598e-01
1.672339760575368e-07	8.070743e-01	7.990514e-01	7.740225e-01
1.672581189146797e-07	8.070546e-01	7.990416e-01	7.740859e-01
1.672822617718225e-07	8.070342e-01	7.990308e-01	7.741500e-01
1.673064046289654e-07	8.070133e-01	7.990189e-01	7.742147e-01
1.673305474861083e-07	8.069918e-01	7.990059e-01	7.742800e-01
1.673546903432512e-07	8.069697e-01	7.989919e-01	7.743460e-01
1.673788332003941e-07	8.069470e-01	7.989768e-01	7.744126e-01
1.674154046289656e-07	8.069113e-01	7.989522e-01	7.745148e-01
1.674519760575370e-07	8.068747e-01	7.989277e-01	7.746182e-01
1.674885474861085e-07	8.068372e-01	7.989033e-01	7.747229e-01
1.675251189146800e-07	8.067986e-01	7.988791e-01	7.748289e-01
1.675616903432514e-07	8.067591e-01	7.988550e-01	7.749362e-01
1.675982617718229e-07	8.067187e-01	7.988310e-01	7.750448e-01
1.676348332003944e-07	8.066772e-01	7.988071e-01	7.751547e-01
1.676594046289658e-07	8.066492e-01	7.987924e-01	7.752291e-01
1.676839760575373e-07	8.066211e-01	7.987787e-01	7.753041e-01
1.677085474861087e-07	8.065930e-01	7.987659e-01	7.753795e-01
1.677331189146802e-07	8.065648e-01	7.987542e-01	7.754555e-01
1.677576903432517e-07	8.065365e-01	7.987434e-01	7.755320e-01
1.677822617718231e-07	8.065083e-01	7.987335e-01	7.756089e-01
1.678068332003946e-07	8.064799e-01	7.987247e-01	7.756864e-01
1.678185474861089e-07	8.064665e-01	7.987209e-01	7.757235e-01
1.678302617718232e-07	8.064532e-01	7.987174e-01	7.757607e-01
1.678419760575375e-07	8.064399e-01	7.987142e-01	7.757980e-01
1.678536903432518e-07	8.064266e-01	7.987113e-01	7.758354e-01
1.678654046289661e-07	8.064134e-01	7.987086e-01	7.758729e-01
1.678771189146804e-07	8.064003e-01	7.987063e-01	7.759105e-01
1.678888332003947e-07	8.063872e-01	7.987041e-01	7.759482e-01
1.678898332003947e-07	8.063861e-01	7.987040e-01	7.759514e-01
1.679015474861090e-07	8.063730e-01	7.987022e-01	7.759892e-01
1.679132617718232e-07	8.063601e-01	7.987007e-01	7.760271e-01
1.679249760575376e-07	8.063473e-01	7.986995e-01	7.760651e-01
1.679366903432519e-07	8.063345e-01	7.986985e-01	7.761032e-01
1.679484046289662e-07	8.063219e-01	7.986979e-01	7.761414e-01
1.679601189146804e-07	8.063093e-01	7.986975e-01	7.761797e-01
1.679718332003948e-07	8.062968e-01	7.986974e-01	7.762181e-01
1.679856903432519e-07	8.062822e-01	7.986977e-01	7.762637e-01
1.679995474861091e-07	8.062678e-01	7.986983e-01	7.763093e-01
1.680134046289662e-07	8.062535e-01	7.986993e-01	7.763551e-01
1.680272617718234e-07	8.062394e-01	7.987006e-01	7.764010e-01
1.680411189146805e-07	8.062256e-01	7.987024e-01	7.764470e-01
1.680549760575377e-07	8.062119e-01	7.987045e-01	7.764932e-01
1.680688332003949e-07	8.061984e-01	7.987070e-01	7.765394e-01
1.680972617718235e-07	8.061712e-01	7.987134e-01	7.766348e-01
1.681256903432521e-07	8.061452e-01	7.987209e-01	7.767305e-01
1.681541189146807e-07	8.061202e-01	7.987296e-01	7.768267e-01
1.681825474861093e-07	8.060964e-01	7.987394e-01	7.769234e-01
1.682109760575379e-07	8.060736e-01	7.987504e-01	7.770205e-01
1.682394046289665e-07	8.060520e-01	7.987626e-01	7.771181e-01
1.682678332003951e-07	8.060314e-01	7.987759e-01	7.772161e-01
1.683038332003951e-07	8.060072e-01	7.987942e-01	7.773408e-01
1.683398332003952e-07	8.059851e-01	7.988129e-01	7.774660e-01
1.683758332003952e-07	8.059653e-01	7.988319e-01	7.775917e-01
1.684118332003953e-07	8.059476e-01	7.988514e-01	7.777180e-01
1.684478332003953e-07	8.059321e-01	7.988712e-01	7.778449e-01
1.684838332003953e-07	8.059188e-01	7.988915e-01	7.779723e-01
1.685198332003954e-07	8.059077e-01	7.989121e-01	7.781002e-01
1.685416903432525e-07	8.059021e-01	7.989242e-01	7.781781e-01
1.685635474861097e-07	8.058973e-01	7.989359e-01	7.782561e-01
1.685854046289669e-07	8.058932e-01	7.989472e-01	7.783342e-01
1.686072617718240e-07	8.058900e-01	7.989582e-01	7.784125e-01
1.686291189146812e-07	8.058876e-01	7.989689e-01	7.784910e-01
1.686509760575384e-07	8.058860e-01	7.989792e-01	7.785696e-01
1.686728332003955e-07	8.058852e-01	7.989891e-01	7.786483e-01
1.686851189146813e-07	8.058851e-01	7.989945e-01	7.786926e-01
1.686974046289670e-07	8.058851e-01	7.989996e-01	7.787370e-01
1.687096903432527e-07	8.058855e-01	7.990046e-01	7.787813e-01
1.687219760575385e-07	8.058860e-01	7.990094e-01	7.788257e-01
1.687342617718242e-07	8.058869e-01	7.990140e-01	7.788702e-01
1.687465474861099e-07	8.058879e-01	7.990183e-01	7.789146e-01
1.687588332003956e-07	8.058892e-01	7.990226e-01	7.789592e-01
1.687808332003957e-07	8.058921e-01	7.990296e-01	7.790390e-01
1.688028332003957e-07	8.058956e-01	7.990358e-01	7.791189e-01
1.688248332003957e-07	8.058998e-01	7.990413e-01	7.791989e-01
1.688468332003957e-07	8.059046e-01	7.990460e-01	7.792789e-01
1.688688332003958e-07	8.059101e-01	7.990500e-01	7.793591e-01
1.688908332003958e-07	8.059163e-01	7.990531e-01	7.794393e-01
1.689128332003958e-07	8.059230e-01	7.990555e-01	7.795196e-01
1.689138332003958e-07	8.059233e-01	7.990556e-01	7.795233e-01
1.689295474861101e-07	8.059286e-01	7.990567e-01	7.795807e-01
1.689452617718244e-07	8.059340e-01	7.990574e-01	7.796381e-01
1.689609760575387e-07	8.059398e-01	7.990576e-01	7.796956e-01
1.689766903432530e-07	8.059457e-01	7.990573e-01	7.797530e-01
1.689924046289674e-07	8.059520e-01	7.990565e-01	7.798106e-01
1.690081189146816e-07	8.059585e-01	7.990553e-01	7.798681e-01
1.690238332003959e-07	8.059652e-01	7.990537e-01	7.799256e-01
1.690514046289674e-07	8.059778e-01	7.990496e-01	7.800267e-01
1.690789760575389e-07	8.059908e-01	7.990440e-01	7.801279e-01
1.691065474861103e-07	8.060043e-01	7.990370e-01	7.802290e-01
1.691341189146818e-07	8.060183e-01	7.990285e-01	7.803302e-01
1.691616903432532e-07	8.060329e-01	7.990185e-01	7.804314e-01
1.691892617718247e-07	8.060479e-01	7.990070e-01	7.805326e-01
1.692168332003962e-07	8.060635e-01	7.989940e-01	7.806338e-01
1.692621189146819e-07	8.060900e-01	7.989692e-01	7.808002e-01
1.693074046289677e-07	8.061166e-01	7.989410e-01	7.809664e-01
1.693526903432535e-07	8.061431e-01	7.989095e-01	7.811324e-01
1.693979760575392e-07	8.061696e-01	7.988746e-01	7.812984e-01
1.694432617718250e-07	8.061960e-01	7.988364e-01	7.814642e-01
1.694885474861108e-07	8.062224e-01	7.987948e-01	7.816298e-01
1.695338332003965e-07	8.062488e-01	7.987499e-01	7.817953e-01
1.695721189146823e-07	8.062703e-01	7.987099e-01	7.819350e-01
1.696104046289681e-07	8.062907e-01	7.986686e-01	7.820745e-01
1.696486903432538e-07	8.063101e-01	7.986262e-01	7.822136e-01
1.696869760575396e-07	8.063285e-01	7.985825e-01	7.823526e-01
1.697252617718253e-07	8.063458e-01	7.985376e-01	7.824912e-01
1.697635474861111e-07	8.063620e-01	7.984915e-01	7.826296e-01
1.698018332003968e-07	8.063772e-01	7.984442e-01	7.827677e-01
1.698038332003968e-07	8.063780e-01	7.984415e-01	7.827749e-01
1.698058332003968e-07	8.063787e-01	7.984393e-01	7.827821e-01
1.698174046289683e-07	8.063829e-01	7.984249e-01	7.828238e-01
1.698289760575397e-07	8.063870e-01	7.984105e-01	7.828654e-01
1.698405474861112e-07	8.063911e-01	7.983961e-01	7.829070e-01
1.698521189146826e-07	8.063952e-01	7.983817e-01	7.829486e-01
1.698636903432540e-07	8.063992e-01	7.983672e-01	7.829901e-01
1.698752617718255e-07	8.064031e-01	7.983528e-01	7.830316e-01
1.698868332003969e-07	8.064070e-01	7.983383e-01	7.830731e-01
1.699378332003970e-07	8.064246e-01	7.982748e-01	7.832555e-01
1.699576903432542e-07	8.064316e-01	7.982501e-01	7.833263e-01
1.699775474861113e-07	8.064385e-01	7.982258e-01	7.833971e-01
1.699974046289685e-07	8.064453e-01	7.982017e-01	7.834677e-01
1.700172617718256e-07	8.064520e-01	7.981780e-01	7.835382e-01
1.700371189146828e-07	8.064586e-01	7.981545e-01	7.836086e-01
1.700569760575400e-07	8.064651e-01	7.981312e-01	7.836788e-01
1.700768332003971e-07	8.064716e-01	7.981083e-01	7.837490e-01
1.700976903432543e-07	8.064781e-01	7.980847e-01	7.838226e-01
1.701185474861115e-07	8.064841e-01	7.980615e-01	7.838960e-01
1.701394046289687e-07	8.064896e-01	7.980388e-01	7.839693e-01
1.701602617718258e-07	8.064945e-01	7.980166e-01	7.840425e-01
1.701811189146830e-07	8.064989e-01	7.979948e-01	7.841155e-01
1.702019760575401e-07	8.065028e-01	7.979735e-01	7.841884e-01
1.702228332003973e-07	8.065062e-01	7.979527e-01	7.842611e-01
1.702334046289688e-07	8.065076e-01	7.979423e-01	7.842979e-01
1.702439760575402e-07	8.065087e-01	7.979321e-01	7.843347e-01
1.702545474861116e-07	8.065097e-01	7.979219e-01	7.843714e-01
1.702651189146831e-07	8.065105e-01	7.979119e-01	7.844081e-01
1.702756903432545e-07	8.065111e-01	7.979020e-01	7.844448e-01
1.702862617718259e-07	8.065115e-01	7.978921e-01	7.844814e-01
1.702968332003974e-07	8.065116e-01	7.978824e-01	7.845180e-01
1.703052617718260e-07	8.065116e-01	7.978748e-01	7.845471e-01
1.703136903432546e-07	8.065115e-01	7.978672e-01	7.845762e-01
1.703221189146831e-07	8.065112e-01	7.978596e-01	7.846053e-01
1.703305474861117e-07	8.065108e-01	7.978521e-01	7.846344e-01
1.703389760575403e-07	8.065102e-01	7.978447e-01	7.846634e-01
1.703474046289689e-07	8.065095e-01	7.978373e-01	7.846924e-01
1.703558332003975e-07	8.065086e-01	7.978299e-01	7.847214e-01
1.703739760575403e-07	8.065063e-01	7.978144e-01	7.847837e-01
1.703921189146832e-07	8.065033e-01	7.977990e-01	7.848459e-01
1.704102617718261e-07	8.064996e-01	7.977838e-01	7.849080e-01
1.704284046289690e-07	8.064953e-01	7.977687e-01	7.849699e-01
1.704465474861119e-07	8.064903e-01	7.977538e-01	7.850317e-01
1.704646903432547e-07	8.064846e-01	7.977391e-01	7.850934e-01
1.704828332003976e-07	8.064783e-01	7.977246e-01	7.851549e-01
1.705152617718262e-07	8.064651e-01	7.976990e-01	7.852646e-01
1.705476903432548e-07	8.064503e-01	7.976733e-01	7.853739e-01
1.705801189146834e-07	8.064339e-01	7.976476e-01	7.854827e-01
1.706125474861120e-07	8.064159e-01	7.976219e-01	7.855912e-01
1.706449760575406e-07	8.063962e-01	7.975962e-01	7.856991e-01
1.706774046289693e-07	8.063749e-01	7.975704e-01	7.858067e-01
1.707098332003979e-07	8.063520e-01	7.975447e-01	7.859138e-01
1.707456903432550e-07	8.063252e-01	7.975156e-01	7.860317e-01
1.707815474861122e-07	8.062978e-01	7.974863e-01	7.861490e-01
1.708174046289694e-07	8.062698e-01	7.974568e-01	7.862657e-01
1.708532617718266e-07	8.062413e-01	7.974270e-01	7.863819e-01
1.708891189146838e-07	8.062122e-01	7.973969e-01	7.864975e-01
1.709249760575410e-07	8.061824e-01	7.973666e-01	7.866126e-01
1.709608332003981e-07	8.061521e-01	7.973361e-01	7.867270e-01
1.709618332003981e-07	8.061513e-01	7.973353e-01	7.867302e-01
1.710022617718268e-07	8.061174e-01	7.973004e-01	7.868585e-01
1.710426903432554e-07	8.060845e-01	7.972663e-01	7.869860e-01
1.710831189146840e-07	8.060524e-01	7.972331e-01	7.871128e-01
1.711235474861126e-07	8.060212e-01	7.972009e-01	7.872387e-01
1.711639760575412e-07	8.059910e-01	7.971694e-01	7.873639e-01
1.712044046289699e-07	8.059616e-01	7.971389e-01	7.874883e-01
1.712448332003985e-07	8.059331e-01	7.971092e-01	7.876118e-01
1.712826903432557e-07	8.059080e-01	7.970831e-01	7.877268e-01
1.713205474861128e-07	8.058842e-01	7.970596e-01	7.878411e-01
1.713584046289700e-07	8.058617e-01	7.970388e-01	7.879547e-01
1.713962617718272e-07	8.058404e-01	7.970205e-01	7.880675e-01
1.714341189146844e-07	8.058204e-01	7.970050e-01	7.881797e-01
1.714719760575416e-07	8.058016e-01	7.969920e-01	7.882911e-01
1.715098332003988e-07	8.057842e-01	7.969817e-01	7.884018e-01
1.715239760575416e-07	8.057779e-01	7.969790e-01	7.884429e-01
1.715381189146845e-07	8.057719e-01	7.969768e-01	7.884840e-01
1.715522617718274e-07	8.057660e-01	7.969752e-01	7.885249e-01
1.715664046289703e-07	8.057602e-01	7.969741e-01	7.885658e-01
1.715805474861131e-07	8.057546e-01	7.969735e-01	7.886065e-01
1.715946903432560e-07	8.057491e-01	7.969735e-01	7.886472e-01
1.716088332003989e-07	8.057438e-01	7.969740e-01	7.886878e-01
1.716354046289703e-07	8.057343e-01	7.969765e-01	7.887637e-01
1.716619760575418e-07	8.057251e-01	7.969812e-01	7.888392e-01
1.716885474861133e-07	8.057162e-01	7.969883e-01	7.889144e-01
1.717151189146847e-07	8.057077e-01	7.969976e-01	7.889892e-01
1.717416903432562e-07	8.056996e-01	7.970093e-01	7.890636e-01
1.717682617718276e-07	8.056918e-01	7.970232e-01	7.891377e-01
1.717948332003991e-07	8.056844e-01	7.970395e-01	7.892114e-01
1.718219760575420e-07	8.056771e-01	7.970588e-01	7.892863e-01
1.718491189146849e-07	8.056698e-01	7.970807e-01	7.893608e-01
1.718762617718277e-07	8.056626e-01	7.971055e-01	7.894350e-01
1.719034046289707e-07	8.056554e-01	7.971329e-01	7.895088e-01
1.719305474861135e-07	8.056483e-01	7.971631e-01	7.895821e-01
1.719576903432564e-07	8.056413e-01	7.971960e-01	7.896551e-01
1.719848332003993e-07	8.056343e-01	7.972317e-01	7.897277e-01
1.719858332003993e-07	8.056340e-01	7.972330e-01	7.897304e-01
1.720369760575422e-07	8.056210e-01	7.973086e-01	7.898662e-01
1.720881189146851e-07	8.056066e-01	7.973939e-01	7.900006e-01
1.721392617718280e-07	8.055907e-01	7.974891e-01	7.901336e-01
1.721904046289710e-07	8.055734e-01	7.975942e-01	7.902652e-01
1.722415474861139e-07	8.055546e-01	7.977091e-01	7.903955e-01
1.722926903432568e-07	8.055343e-01	7.978338e-01	7.905244e-01
1.723438332003997e-07	8.055125e-01	7.979683e-01	7.906520e-01
1.723972617718283e-07	8.054870e-01	7.981195e-01	7.907838e-01
1.724506903432570e-07	8.054582e-01	7.982789e-01	7.909141e-01
1.725041189146856e-07	8.054261e-01	7.984464e-01	7.910430e-01
1.725575474861142e-07	8.053907e-01	7.986222e-01	7.911704e-01
1.726109760575429e-07	8.053519e-01	7.988061e-01	7.912963e-01
1.726644046289715e-07	8.053099e-01	7.989982e-01	7.914208e-01
1.727178332004001e-07	8.052646e-01	7.991985e-01	7.915437e-01
1.727594046289716e-07	8.052264e-01	7.993583e-01	7.916384e-01
1.728009760575431e-07	8.051859e-01	7.995206e-01	7.917322e-01
1.728425474861146e-07	8.051431e-01	7.996855e-01	7.918252e-01
1.728841189146860e-07	8.050980e-01	7.998529e-01	7.919173e-01
1.729256903432575e-07	8.050505e-01	8.000228e-01	7.920085e-01
1.729672617718290e-07	8.050007e-01	8.001952e-01	7.920989e-01
1.730088332004005e-07	8.049485e-01	8.003702e-01	7.921884e-01
1.730098332004005e-07	8.049472e-01	8.003744e-01	7.921906e-01
1.731111189146863e-07	8.048082e-01	8.008145e-01	7.924048e-01
1.732124046289721e-07	8.046580e-01	8.012469e-01	7.926143e-01
1.733136903432580e-07	8.044966e-01	8.016716e-01	7.928189e-01
1.734149760575438e-07	8.043240e-01	8.020885e-01	7.930186e-01
1.735162617718296e-07	8.041403e-01	8.024978e-01	7.932135e-01
1.736175474861154e-07	8.039453e-01	8.028994e-01	7.934036e-01
1.737188332004013e-07	8.037392e-01	8.032933e-01	7.935888e-01
1.737636903432585e-07	8.036463e-01	8.034575e-01	7.936694e-01
1.738085474861157e-07	8.035523e-01	8.036169e-01	7.937491e-01
1.738534046289729e-07	8.034572e-01	8.037715e-01	7.938280e-01
1.738982617718300e-07	8.033611e-01	8.039213e-01	7.939059e-01
1.739431189146872e-07	8.032638e-01	8.040664e-01	7.939830e-01
1.739879760575444e-07	8.031655e-01	8.042067e-01	7.940592e-01
1.740328332004016e-07	8.030661e-01	8.043423e-01	7.941346e-01
1.740338332004016e-07	8.030639e-01	8.043453e-01	7.941362e-01
1.741119760575446e-07	8.028883e-01	8.045683e-01	7.942653e-01
1.741901189146875e-07	8.027123e-01	8.047735e-01	7.943919e-01
1.742682617718305e-07	8.025360e-01	8.049609e-01	7.945160e-01
1.743464046289734e-07	8.023592e-01	8.051305e-01	7.946377e-01
1.744245474861164e-07	8.021820e-01	8.052823e-01	7.947569e-01
1.745026903432593e-07	8.020044e-01	8.054164e-01	7.948737e-01
1.745808332004022e-07	8.018264e-01	8.055326e-01	7.949880e-01
1.746391189146880e-07	8.016949e-01	8.056068e-01	7.950717e-01
1.746974046289738e-07	8.015646e-01	8.056713e-01	7.951543e-01
1.747556903432596e-07	8.014353e-01	8.057262e-01	7.952355e-01
1.748139760575454e-07	8.013073e-01	8.057714e-01	7.953155e-01
1.748722617718311e-07	8.011803e-01	8.058069e-01	7.953943e-01
1.749305474861169e-07	8.010545e-01	8.058328e-01	7.954718e-01
1.749888332004027e-07	8.009298e-01	8.058490e-01	7.955481e-01
1.749985474861170e-07	8.009093e-01	8.058509e-01	7.955607e-01
1.750082617718313e-07	8.008888e-01	8.058525e-01	7.955733e-01
1.750179760575456e-07	8.008683e-01	8.058539e-01	7.955858e-01
1.750276903432599e-07	8.008479e-01	8.058550e-01	7.955983e-01
1.750374046289742e-07	8.008275e-01	8.058559e-01	7.956108e-01
1.750471189146885e-07	8.008071e-01	8.058566e-01	7.956232e-01
1.750568332004028e-07	8.007868e-01	8.058569e-01	7.956356e-01
1.750578332004028e-07	8.007847e-01	8.058569e-01	7.956369e-01
1.750936903432600e-07	8.007102e-01	8.058561e-01	7.956824e-01
1.751295474861172e-07	8.006363e-01	8.058521e-01	7.957275e-01
1.751654046289744e-07	8.005632e-01	8.058450e-01	7.957721e-01
1.752012617718315e-07	8.004907e-01	8.058348e-01	7.958163e-01
1.752371189146887e-07	8.004190e-01	8.058214e-01	7.958601e-01
1.752729760575459e-07	8.003479e-01	8.058050e-01	7.959034e-01
1.753088332004031e-07	8.002776e-01	8.057855e-01	7.959463e-01
1.753859760575460e-07	8.001288e-01	8.057323e-01	7.960371e-01
1.754631189146890e-07	7.999838e-01	8.056681e-01	7.961261e-01
1.755402617718319e-07	7.998428e-01	8.055930e-01	7.962133e-01
1.756174046289749e-07	7.997058e-01	8.055069e-01	7.962987e-01
1.756945474861178e-07	7.995726e-01	8.054098e-01	7.963823e-01
1.757716903432607e-07	7.994433e-01	8.053017e-01	7.964641e-01
1.758488332004037e-07	7.993180e-01	8.051826e-01	7.965441e-01
1.758819760575466e-07	7.992655e-01	8.051294e-01	7.965781e-01
1.759151189146895e-07	7.992138e-01	8.050748e-01	7.966121e-01
1.759482617718324e-07	7.991628e-01	8.050189e-01	7.966461e-01
1.759814046289753e-07	7.991126e-01	8.049615e-01	7.966801e-01
1.760145474861182e-07	7.990631e-01	8.049028e-01	7.967142e-01
1.760476903432611e-07	7.990144e-01	8.048426e-01	7.967483e-01
1.760808332004039e-07	7.989665e-01	8.047811e-01	7.967824e-01
1.760818332004039e-07	7.989651e-01	8.047792e-01	7.967834e-01
1.761464046289755e-07	7.988740e-01	8.046553e-01	7.968509e-01
1.762109760575469e-07	7.987859e-01	8.045281e-01	7.969192e-01
1.762755474861185e-07	7.987005e-01	8.043975e-01	7.969882e-01
1.763401189146899e-07	7.986181e-01	8.042637e-01	7.970581e-01
1.764046903432615e-07	7.985385e-01	8.041265e-01	7.971287e-01
1.764692617718329e-07	7.984618e-01	8.039861e-01	7.972000e-01
1.765338332004045e-07	7.983880e-01	8.038424e-01	7.972722e-01
1.766154046289760e-07	7.982988e-01	8.036575e-01	7.973639e-01
1.766969760575475e-07	7.982139e-01	8.034712e-01	7.974552e-01
1.767785474861190e-07	7.981331e-01	8.032833e-01	7.975460e-01
1.768601189146905e-07	7.980565e-01	8.030940e-01	7.976364e-01
1.769416903432621e-07	7.979841e-01	8.029031e-01	7.977263e-01
1.770232617718336e-07	7.979159e-01	8.027108e-01	7.978157e-01
1.771048332004051e-07	7.978519e-01	8.025169e-01	7.979047e-01
1.771058332004051e-07	7.978511e-01	8.025146e-01	7.979057e-01
1.772069760575481e-07	7.977774e-01	8.022745e-01	7.980149e-01
1.773081189146910e-07	7.977091e-01	8.020368e-01	7.981219e-01
1.774092617718340e-07	7.976460e-01	8.018014e-01	7.982267e-01
1.775104046289770e-07	7.975884e-01	8.015683e-01	7.983292e-01
1.776115474861200e-07	7.975360e-01	8.013375e-01	7.984295e-01
1.777126903432629e-07	7.974890e-01	8.011090e-01	7.985277e-01
1.778138332004059e-07	7.974473e-01	8.008828e-01	7.986236e-01
1.778588332004060e-07	7.974301e-01	8.007839e-01	7.986648e-01
1.779038332004060e-07	7.974138e-01	8.006859e-01	7.987051e-01
1.779488332004061e-07	7.973983e-01	8.005886e-01	7.987443e-01
1.779938332004061e-07	7.973837e-01	8.004922e-01	7.987827e-01
1.780388332004062e-07	7.973700e-01	8.003967e-01	7.988200e-01
1.780838332004062e-07	7.973572e-01	8.003020e-01	7.988564e-01
1.781288332004063e-07	7.973452e-01	8.002081e-01	7.988918e-01
1.781298332004063e-07	7.973449e-01	8.002061e-01	7.988926e-01
1.782085474861207e-07	7.973260e-01	8.000441e-01	7.989521e-01
1.782872617718350e-07	7.973093e-01	7.998851e-01	7.990067e-01
1.783659760575494e-07	7.972948e-01	7.997291e-01	7.990566e-01
1.784446903432638e-07	7.972825e-01	7.995762e-01	7.991017e-01
1.785234046289782e-07	7.972723e-01	7.994262e-01	7.991419e-01
1.786021189146925e-07	7.972643e-01	7.992792e-01	7.991774e-01
1.786808332004069e-07	7.972586e-01	7.991353e-01	7.992082e-01
1.787246903432641e-07	7.972561e-01	7.990565e-01	7.992226e-01
1.787685474861213e-07	7.972541e-01	7.989786e-01	7.992351e-01
1.788124046289785e-07	7.972527e-01	7.989017e-01	7.992459e-01
1.788562617718357e-07	7.972518e-01	7.988257e-01	7.992549e-01
1.789001189146929e-07	7.972515e-01	7.987507e-01	7.992620e-01
1.789439760575500e-07	7.972517e-01	7.986767e-01	7.992673e-01
1.789878332004072e-07	7.972524e-01	7.986036e-01	7.992709e-01
1.789962617718358e-07	7.972526e-01	7.985897e-01	7.992714e-01
1.790046903432644e-07	7.972528e-01	7.985758e-01	7.992718e-01
1.790131189146930e-07	7.972531e-01	7.985619e-01	7.992721e-01
1.790215474861216e-07	7.972533e-01	7.985481e-01	7.992724e-01
1.790299760575501e-07	7.972536e-01	7.985343e-01	7.992725e-01
1.790384046289787e-07	7.972539e-01	7.985205e-01	7.992726e-01
1.790468332004073e-07	7.972541e-01	7.985068e-01	7.992727e-01
1.790619760575502e-07	7.972547e-01	7.984822e-01	7.992725e-01
1.790771189146931e-07	7.972554e-01	7.984578e-01	7.992721e-01
1.790922617718359e-07	7.972561e-01	7.984334e-01	7.992714e-01
1.791074046289788e-07	7.972569e-01	7.984092e-01	7.992703e-01
1.791225474861217e-07	7.972577e-01	7.983850e-01	7.992690e-01
1.791376903432646e-07	7.972585e-01	7.983610e-01	7.992673e-01
1.791528332004074e-07	7.972594e-01	7.983371e-01	7.992653e-01
1.791538332004074e-07	7.972595e-01	7.983356e-01	7.992652e-01
1.791775474861218e-07	7.972611e-01	7.982983e-01	7.992615e-01
1.792012617718360e-07	7.972628e-01	7.982614e-01	7.992567e-01
1.792249760575504e-07	7.972646e-01	7.982247e-01	7.992510e-01
1.792486903432647e-07	7.972665e-01	7.981883e-01	7.992443e-01
1.792724046289790e-07	7.972686e-01	7.981522e-01	7.992366e-01
1.792961189146933e-07	7.972707e-01	7.981164e-01	7.992280e-01
1.793198332004076e-07	7.972730e-01	7.980808e-01	7.992183e-01
1.793509760575505e-07	7.972762e-01	7.980345e-01	7.992039e-01
1.793821189146934e-07	7.972796e-01	7.979886e-01	7.991875e-01
1.794132617718363e-07	7.972832e-01	7.979432e-01	7.991693e-01
1.794444046289792e-07	7.972870e-01	7.978982e-01	7.991493e-01
1.794755474861221e-07	7.972910e-01	7.978537e-01	7.991273e-01
1.795066903432650e-07	7.972951e-01	7.978096e-01	7.991035e-01
1.795378332004079e-07	7.972995e-01	7.977660e-01	7.990777e-01
1.795946903432651e-07	7.973079e-01	7.976875e-01	7.990249e-01
1.796515474861223e-07	7.973169e-01	7.976103e-01	7.989682e-01
1.797084046289795e-07	7.973263e-01	7.975346e-01	7.989077e-01
1.797652617718367e-07	7.973363e-01	7.974603e-01	7.988434e-01
1.798221189146939e-07	7.973467e-01	7.973874e-01	7.987752e-01
1.798789760575511e-07	7.973577e-01	7.973158e-01	7.987032e-01
1.799358332004083e-07	7.973692e-01	7.972457e-01	7.986274e-01
1.799702617718369e-07	7.973763e-01	7.972038e-01	7.985814e-01
1.800046903432655e-07	7.973836e-01	7.971625e-01	7.985354e-01
1.800391189146941e-07	7.973910e-01	7.971215e-01	7.984894e-01
1.800735474861228e-07	7.973986e-01	7.970811e-01	7.984434e-01
1.801079760575514e-07	7.974063e-01	7.970411e-01	7.983974e-01
1.801424046289800e-07	7.974141e-01	7.970016e-01	7.983515e-01
1.801768332004086e-07	7.974222e-01	7.969626e-01	7.983056e-01
1.801778332004086e-07	7.974224e-01	7.969614e-01	7.983043e-01
1.802361189146944e-07	7.974363e-01	7.968964e-01	7.982272e-01
1.802944046289802e-07	7.974505e-01	7.968326e-01	7.981532e-01
1.803526903432659e-07	7.974650e-01	7.967700e-01	7.980824e-01
1.804109760575517e-07	7.974798e-01	7.967086e-01	7.980147e-01
1.804692617718375e-07	7.974949e-01	7.966484e-01	7.979500e-01
1.805275474861233e-07	7.975103e-01	7.965895e-01	7.978885e-01
1.805858332004091e-07	7.975260e-01	7.965317e-01	7.978301e-01
1.806404046289806e-07	7.975409e-01	7.964787e-01	7.977799e-01
1.806949760575520e-07	7.975560e-01	7.964266e-01	7.977339e-01
1.807495474861235e-07	7.975713e-01	7.963754e-01	7.976920e-01
1.808041189146950e-07	7.975867e-01	7.963251e-01	7.976542e-01
1.808586903432665e-07	7.976024e-01	7.962758e-01	7.976205e-01
1.809132617718380e-07	7.976182e-01	7.962274e-01	7.975909e-01
1.809678332004095e-07	7.976341e-01	7.961799e-01	7.975655e-01
1.810011189146952e-07	7.976439e-01	7.961513e-01	7.975521e-01
1.810344046289810e-07	7.976537e-01	7.961231e-01	7.975403e-01
1.810676903432668e-07	7.976636e-01	7.960952e-01	7.975301e-01
1.811009760575525e-07	7.976735e-01	7.960675e-01	7.975214e-01
1.811342617718382e-07	7.976834e-01	7.960402e-01	7.975142e-01
1.811675474861240e-07	7.976934e-01	7.960132e-01	7.975086e-01
1.812008332004098e-07	7.977034e-01	7.959865e-01	7.975045e-01
1.812018332004098e-07	7.977037e-01	7.959857e-01	7.975045e-01
1.812284046289812e-07	7.977117e-01	7.959646e-01	7.975023e-01
1.812549760575527e-07	7.977197e-01	7.959437e-01	7.975011e-01
1.812815474861241e-07	7.977278e-01	7.959230e-01	7.975008e-01
1.813081189146956e-07	7.977359e-01	7.959024e-01	7.975015e-01
1.813346903432671e-07	7.977439e-01	7.958821e-01	7.975030e-01
1.813612617718385e-07	7.977521e-01	7.958619e-01	7.975055e-01
1.813878332004100e-07	7.977602e-01	7.958419e-01	7.975089e-01
1.815074046289815e-07	7.977970e-01	7.957544e-01	7.975378e-01
1.816269760575531e-07	7.978338e-01	7.956699e-01	7.975805e-01
1.817465474861247e-07	7.978706e-01	7.955886e-01	7.976372e-01
1.818661189146962e-07	7.979073e-01	7.955103e-01	7.977076e-01
1.819856903432678e-07	7.979440e-01	7.954350e-01	7.977920e-01
1.821052617718393e-07	7.979807e-01	7.953629e-01	7.978902e-01
1.822248332004109e-07	7.980173e-01	7.952937e-01	7.980022e-01
1.822258332004109e-07	7.980176e-01	7.952932e-01	7.980032e-01
1.823719760575539e-07	7.980620e-01	7.952123e-01	7.981546e-01
1.825181189146970e-07	7.981057e-01	7.951347e-01	7.983137e-01
1.826642617718400e-07	7.981488e-01	7.950604e-01	7.984804e-01
1.828104046289830e-07	7.981911e-01	7.949893e-01	7.986547e-01
1.829565474861260e-07	7.982329e-01	7.949215e-01	7.988366e-01
1.831026903432691e-07	7.982740e-01	7.948570e-01	7.990262e-01
1.832488332004121e-07	7.983144e-01	7.947958e-01	7.992234e-01
1.832498332004121e-07	7.983146e-01	7.947953e-01	7.992247e-01
1.833959760575551e-07	7.983541e-01	7.947367e-01	7.994219e-01
1.835421189146981e-07	7.983926e-01	7.946803e-01	7.996153e-01
1.836882617718411e-07	7.984302e-01	7.946263e-01	7.998048e-01
1.838344046289842e-07	7.984668e-01	7.945745e-01	7.999905e-01
1.839805474861272e-07	7.985025e-01	7.945251e-01	8.001723e-01
1.841266903432702e-07	7.985373e-01	7.944780e-01	8.003503e-01
1.842728332004132e-07	7.985711e-01	7.944332e-01	8.005244e-01
1.842738332004132e-07	7.985713e-01	7.944329e-01	8.005255e-01
1.843614046289848e-07	7.985911e-01	7.944068e-01	8.006246e-01
1.844489760575563e-07	7.986105e-01	7.943814e-01	8.007204e-01
1.845365474861278e-07	7.986295e-01	7.943567e-01	8.008128e-01
1.846241189146993e-07	7.986482e-01	7.943326e-01	8.009019e-01
1.847116903432709e-07	7.986666e-01	7.943091e-01	8.009877e-01
1.847992617718424e-07	7.986846e-01	7.942862e-01	8.010702e-01
1.848868332004139e-07	7.987022e-01	7.942640e-01	8.011494e-01
1.848955474861282e-07	7.987040e-01	7.942618e-01	8.011571e-01
1.849042617718425e-07	7.987057e-01	7.942597e-01	8.011647e-01
1.849129760575568e-07	7.987073e-01	7.942575e-01	8.011722e-01
1.849216903432711e-07	7.987089e-01	7.942553e-01	8.011798e-01
1.849304046289854e-07	7.987105e-01	7.942531e-01	8.011873e-01
1.849391189146997e-07	7.987120e-01	7.942509e-01	8.011948e-01
1.849478332004140e-07	7.987134e-01	7.942488e-01	8.012022e-01
1.849572617718426e-07	7.987148e-01	7.942464e-01	8.012102e-01
1.849666903432712e-07	7.987162e-01	7.942440e-01	8.012182e-01
1.849761189146997e-07	7.987175e-01	7.942416e-01	8.012261e-01
1.849855474861283e-07	7.987187e-01	7.942391e-01	8.012339e-01
1.849949760575569e-07	7.987198e-01	7.942366e-01	8.012418e-01
1.850044046289855e-07	7.987208e-01	7.942341e-01	8.012496e-01
1.850138332004141e-07	7.987217e-01	7.942316e-01	8.012573e-01
1.850241189146998e-07	7.987225e-01	7.942288e-01	8.012657e-01
1.850344046289855e-07	7.987233e-01	7.942259e-01	8.012740e-01
1.850446903432713e-07	7.987240e-01	7.942229e-01	8.012823e-01
1.850549760575570e-07	7.987246e-01	7.942199e-01	8.012906e-01
1.850652617718427e-07	7.987252e-01	7.942168e-01	8.012988e-01
1.850755474861284e-07	7.987256e-01	7.942136e-01	8.013069e-01
1.850858332004142e-07	7.987260e-01	7.942103e-01	8.013150e-01
1.850974046289856e-07	7.987263e-01	7.942065e-01	8.013240e-01
1.851089760575570e-07	7.987265e-01	7.942026e-01	8.013330e-01
1.851205474861285e-07	7.987267e-01	7.941986e-01	8.013419e-01
1.851321189146999e-07	7.987269e-01	7.941944e-01	8.013507e-01
1.851436903432714e-07	7.987270e-01	7.941901e-01	8.013595e-01
1.851552617718428e-07	7.987270e-01	7.941856e-01	8.013682e-01
1.851668332004143e-07	7.987270e-01	7.941810e-01	8.013769e-01
1.851739760575571e-07	7.987270e-01	7.941782e-01	8.013822e-01
1.851811189147000e-07	7.987270e-01	7.941752e-01	8.013874e-01
1.851882617718428e-07	7.987270e-01	7.941723e-01	8.013927e-01
1.851954046289857e-07	7.987270e-01	7.941692e-01	8.013979e-01
1.852025474861286e-07	7.987271e-01	7.941661e-01	8.014031e-01
1.852096903432714e-07	7.987271e-01	7.941629e-01	8.014083e-01
1.852168332004143e-07	7.987271e-01	7.941597e-01	8.014134e-01
1.852241189147000e-07	7.987271e-01	7.941564e-01	8.014186e-01
1.852314046289858e-07	7.987271e-01	7.941530e-01	8.014238e-01
1.852386903432715e-07	7.987272e-01	7.941496e-01	8.014290e-01
1.852459760575572e-07	7.987272e-01	7.941462e-01	8.014342e-01
1.852532617718429e-07	7.987273e-01	7.941427e-01	8.014393e-01
1.852605474861287e-07	7.987274e-01	7.941391e-01	8.014444e-01
1.852678332004144e-07	7.987275e-01	7.941355e-01	8.014495e-01
1.852719760575572e-07	7.987276e-01	7.941334e-01	8.014523e-01
1.852761189147001e-07	7.987277e-01	7.941313e-01	8.014552e-01
1.852802617718429e-07	7.987278e-01	7.941292e-01	8.014580e-01
1.852844046289858e-07	7.987279e-01	7.941271e-01	8.014609e-01
1.852885474861287e-07	7.987280e-01	7.941249e-01	8.014637e-01
1.852926903432715e-07	7.987281e-01	7.941228e-01	8.014665e-01
1.852968332004144e-07	7.987282e-01	7.941206e-01	8.014694e-01
1.852978332004144e-07	7.987282e-01	7.941201e-01	8.014700e-01
1.853085474861287e-07	7.987285e-01	7.941144e-01	8.014773e-01
1.853192617718430e-07	7.987289e-01	7.941087e-01	8.014845e-01
1.853299760575573e-07	7.987293e-01	7.941029e-01	8.014916e-01
1.853406903432716e-07	7.987298e-01	7.940970e-01	8.014987e-01
1.853514046289859e-07	7.987303e-01	7.940910e-01	8.015057e-01
1.853621189147002e-07	7.987309e-01	7.940850e-01	8.015127e-01
1.853728332004145e-07	7.987315e-01	7.940789e-01	8.015196e-01
1.853874046289859e-07	7.987325e-01	7.940705e-01	8.015289e-01
1.854019760575574e-07	7.987335e-01	7.940621e-01	8.015381e-01
1.854165474861288e-07	7.987347e-01	7.940537e-01	8.015472e-01
1.854311189147003e-07	7.987359e-01	7.940452e-01	8.015562e-01
1.854456903432717e-07	7.987372e-01	7.940367e-01	8.015650e-01
1.854602617718431e-07	7.987386e-01	7.940282e-01	8.015738e-01
1.854748332004146e-07	7.987400e-01	7.940196e-01	8.015825e-01
1.854986903432718e-07	7.987427e-01	7.940056e-01	8.015964e-01
1.855225474861289e-07	7.987453e-01	7.939919e-01	8.016102e-01
1.855464046289861e-07	7.987479e-01	7.939785e-01	8.016236e-01
1.855702617718433e-07	7.987505e-01	7.939654e-01	8.016367e-01
1.855941189147004e-07	7.987531e-01	7.939526e-01	8.016496e-01
1.856179760575576e-07	7.987557e-01	7.939402e-01	8.016622e-01
1.856418332004148e-07	7.987583e-01	7.939281e-01	8.016745e-01
1.856604046289863e-07	7.987601e-01	7.939191e-01	8.016839e-01
1.856789760575577e-07	7.987617e-01	7.939105e-01	8.016931e-01
1.856975474861291e-07	7.987632e-01	7.939023e-01	8.017022e-01
1.857161189147006e-07	7.987644e-01	7.938945e-01	8.017111e-01
1.857346903432720e-07	7.987654e-01	7.938870e-01	8.017199e-01
1.857532617718435e-07	7.987662e-01	7.938799e-01	8.017285e-01
1.857718332004149e-07	7.987668e-01	7.938733e-01	8.017369e-01
1.857819760575578e-07	7.987670e-01	7.938698e-01	8.017414e-01
1.857921189147007e-07	7.987670e-01	7.938665e-01	8.017459e-01
1.858022617718435e-07	7.987670e-01	7.938633e-01	8.017503e-01
1.858124046289864e-07	7.987669e-01	7.938602e-01	8.017547e-01
1.858225474861293e-07	7.987667e-01	7.938573e-01	8.017590e-01
1.858326903432722e-07	7.987664e-01	7.938545e-01	8.017633e-01
1.858428332004150e-07	7.987660e-01	7.938519e-01	8.017676e-01
1.858604046289865e-07	7.987650e-01	7.938475e-01	8.017748e-01
1.858779760575579e-07	7.987637e-01	7.938436e-01	8.017819e-01
1.858955474861294e-07	7.987620e-01	7.938401e-01	8.017888e-01
1.859131189147008e-07	7.987600e-01	7.938369e-01	8.017956e-01
1.859306903432723e-07	7.987576e-01	7.938341e-01	8.018023e-01
1.859482617718437e-07	7.987549e-01	7.938317e-01	8.018088e-01
1.859658332004152e-07	7.987518e-01	7.938297e-01	8.018152e-01
1.859806903432723e-07	7.987488e-01	7.938283e-01	8.018205e-01
1.859955474861295e-07	7.987456e-01	7.938271e-01	8.018257e-01
1.860104046289866e-07	7.987421e-01	7.938261e-01	8.018308e-01
1.860252617718438e-07	7.987383e-01	7.938253e-01	8.018358e-01
1.860401189147009e-07	7.987342e-01	7.938248e-01	8.018407e-01
1.860549760575581e-07	7.987299e-01	7.938245e-01	8.018455e-01
1.860698332004153e-07	7.987253e-01	7.938244e-01	8.018503e-01
1.860898332004153e-07	7.987186e-01	7.938247e-01	8.018564e-01
1.861098332004153e-07	7.987115e-01	7.938252e-01	8.018624e-01
1.861298332004153e-07	7.987038e-01	7.938259e-01	8.018683e-01
1.861498332004154e-07	7.986957e-01	7.938269e-01	8.018739e-01
1.861698332004154e-07	7.986872e-01	7.938282e-01	8.018794e-01
1.861898332004154e-07	7.986781e-01	7.938298e-01	8.018848e-01
1.862098332004154e-07	7.986686e-01	7.938316e-01	8.018900e-01
1.862256903432726e-07	7.986608e-01	7.938332e-01	8.018939e-01
1.862415474861298e-07	7.986527e-01	7.938348e-01	8.018978e-01
1.862574046289869e-07	7.986443e-01	7.938364e-01	8.019016e-01
1.862732617718441e-07	7.986358e-01	7.938381e-01	8.019052e-01
1.862891189147012e-07	7.986270e-01	7.938399e-01	8.019088e-01
1.863049760575584e-07	7.986180e-01	7.938417e-01	8.019122e-01
1.863208332004156e-07	7.986087e-01	7.938436e-01	8.019156e-01
1.863218332004156e-07	7.986081e-01	7.938437e-01	8.019158e-01
1.863471189147013e-07	7.985928e-01	7.938468e-01	8.019210e-01
1.863724046289871e-07	7.985772e-01	7.938497e-01	8.019258e-01
1.863976903432728e-07	7.985612e-01	7.938525e-01	8.019305e-01
1.864229760575585e-07	7.985448e-01	7.938551e-01	8.019349e-01
1.864482617718443e-07	7.985282e-01	7.938576e-01	8.019390e-01
1.864735474861300e-07	7.985112e-01	7.938598e-01	8.019429e-01
1.864988332004158e-07	7.984939e-01	7.938620e-01	8.019465e-01
1.865149760575586e-07	7.984827e-01	7.938632e-01	8.019487e-01
1.865311189147015e-07	7.984716e-01	7.938642e-01	8.019509e-01
1.865472617718444e-07	7.984605e-01	7.938650e-01	8.019529e-01
1.865634046289873e-07	7.984493e-01	7.938657e-01	8.019548e-01
1.865795474861301e-07	7.984381e-01	7.938662e-01	8.019566e-01
1.865956903432730e-07	7.984269e-01	7.938666e-01	8.019584e-01
1.866118332004159e-07	7.984157e-01	7.938668e-01	8.019600e-01
1.866254046289873e-07	7.984062e-01	7.938668e-01	8.019613e-01
1.866389760575588e-07	7.983969e-01	7.938667e-01	8.019625e-01
1.866525474861302e-07	7.983875e-01	7.938664e-01	8.019637e-01
1.866661189147017e-07	7.983782e-01	7.938660e-01	8.019648e-01
1.866796903432731e-07	7.983690e-01	7.938655e-01	8.019659e-01
1.866932617718445e-07	7.983598e-01	7.938648e-01	8.019668e-01
1.867068332004160e-07	7.983506e-01	7.938640e-01	8.019677e-01
1.867298332004160e-07	7.983352e-01	7.938623e-01	8.019692e-01
1.867528332004160e-07	7.983201e-01	7.938602e-01	8.019704e-01
1.867758332004161e-07	7.983053e-01	7.938576e-01	8.019715e-01
1.867988332004161e-07	7.982908e-01	7.938546e-01	8.019724e-01
1.868218332004161e-07	7.982766e-01	7.938511e-01	8.019731e-01
1.868448332004162e-07	7.982627e-01	7.938472e-01	8.019737e-01
1.868678332004162e-07	7.982491e-01	7.938429e-01	8.019741e-01
1.869021189147019e-07	7.982295e-01	7.938356e-01	8.019743e-01
1.869364046289877e-07	7.982110e-01	7.938275e-01	8.019742e-01
1.869706903432734e-07	7.981936e-01	7.938187e-01	8.019738e-01
1.870049760575592e-07	7.981773e-01	7.938090e-01	8.019730e-01
1.870392617718449e-07	7.981620e-01	7.937986e-01	8.019718e-01
1.870735474861307e-07	7.981479e-01	7.937875e-01	8.019704e-01
1.871078332004165e-07	7.981348e-01	7.937756e-01	8.019686e-01
1.871406903432736e-07	7.981235e-01	7.937636e-01	8.019665e-01
1.871735474861308e-07	7.981134e-01	7.937513e-01	8.019642e-01
1.872064046289880e-07	7.981045e-01	7.937389e-01	8.019616e-01
1.872392617718452e-07	7.980967e-01	7.937262e-01	8.019588e-01
1.872721189147023e-07	7.980900e-01	7.937133e-01	8.019557e-01
1.873049760575595e-07	7.980845e-01	7.937002e-01	8.019523e-01
1.873378332004167e-07	7.980801e-01	7.936869e-01	8.019486e-01
1.873458332004167e-07	7.980793e-01	7.936836e-01	8.019477e-01
1.873622617718453e-07	7.980777e-01	7.936771e-01	8.019457e-01
1.873786903432739e-07	7.980763e-01	7.936706e-01	8.019437e-01
1.873951189147025e-07	7.980753e-01	7.936641e-01	8.019416e-01
1.874115474861311e-07	7.980745e-01	7.936578e-01	8.019395e-01
1.874279760575597e-07	7.980740e-01	7.936514e-01	8.019373e-01
1.874444046289883e-07	7.980737e-01	7.936452e-01	8.019350e-01
1.874608332004169e-07	7.980738e-01	7.936389e-01	8.019327e-01
1.874908332004169e-07	7.980746e-01	7.936277e-01	8.019283e-01
1.875208332004169e-07	7.980761e-01	7.936170e-01	8.019237e-01
1.875508332004170e-07	7.980785e-01	7.936068e-01	8.019190e-01
1.875808332004170e-07	7.980816e-01	7.935972e-01	8.019141e-01
1.876108332004170e-07	7.980856e-01	7.935880e-01	8.019090e-01
1.876408332004171e-07	7.980903e-01	7.935794e-01	8.019037e-01
1.876708332004171e-07	7.980958e-01	7.935712e-01	8.018982e-01
1.877008332004171e-07	7.981019e-01	7.935638e-01	8.018926e-01
1.877308332004172e-07	7.981087e-01	7.935572e-01	8.018868e-01
1.877608332004172e-07	7.981160e-01	7.935515e-01	8.018809e-01
1.877908332004172e-07	7.981239e-01	7.935466e-01	8.018748e-01
1.878208332004173e-07	7.981324e-01	7.935425e-01	8.018686e-01
1.878508332004173e-07	7.981415e-01	7.935393e-01	8.018622e-01
1.878808332004173e-07	7.981511e-01	7.935369e-01	8.018557e-01
1.879011189147031e-07	7.981578e-01	7.935358e-01	8.018512e-01
1.879214046289888e-07	7.981647e-01	7.935352e-01	8.018466e-01
1.879416903432745e-07	7.981718e-01	7.935350e-01	8.018420e-01
1.879619760575603e-07	7.981790e-01	7.935353e-01	8.018374e-01
1.879822617718460e-07	7.981865e-01	7.935360e-01	8.018327e-01
1.880025474861318e-07	7.981941e-01	7.935372e-01	8.018279e-01
1.880228332004175e-07	7.982019e-01	7.935389e-01	8.018231e-01
1.880324046289889e-07	7.982056e-01	7.935398e-01	8.018208e-01
1.880419760575604e-07	7.982094e-01	7.935409e-01	8.018185e-01
1.880515474861318e-07	7.982131e-01	7.935420e-01	8.018161e-01
1.880611189147032e-07	7.982169e-01	7.935433e-01	8.018138e-01
1.880706903432747e-07	7.982208e-01	7.935446e-01	8.018114e-01
1.880802617718461e-07	7.982247e-01	7.935461e-01	8.018091e-01
1.880898332004176e-07	7.982286e-01	7.935476e-01	8.018067e-01
1.880908332004176e-07	7.982289e-01	7.935478e-01	8.018064e-01
1.880918332004176e-07	7.982293e-01	7.935480e-01	8.018062e-01
1.880928332004176e-07	7.982298e-01	7.935481e-01	8.018060e-01
1.880938332004176e-07	7.982302e-01	7.935483e-01	8.018057e-01
1.880984046289890e-07	7.982320e-01	7.935491e-01	8.018046e-01
1.881029760575604e-07	7.982339e-01	7.935499e-01	8.018035e-01
1.881075474861319e-07	7.982358e-01	7.935507e-01	8.018023e-01
1.881121189147033e-07	7.982377e-01	7.935516e-01	8.018012e-01
1.881166903432747e-07	7.982396e-01	7.935524e-01	8.018000e-01
1.881212617718462e-07	7.982415e-01	7.935533e-01	8.017989e-01
1.881258332004176e-07	7.982434e-01	7.935541e-01	8.017977e-01
1.881335474861319e-07	7.982466e-01	7.935556e-01	8.017957e-01
1.881412617718462e-07	7.982498e-01	7.935571e-01	8.017938e-01
1.881489760575605e-07	7.982531e-01	7.935585e-01	8.017918e-01
1.881566903432748e-07	7.982564e-01	7.935599e-01	8.017898e-01
1.881644046289891e-07	7.982597e-01	7.935613e-01	8.017879e-01
1.881721189147034e-07	7.982630e-01	7.935626e-01	8.017859e-01
1.881798332004177e-07	7.982663e-01	7.935639e-01	8.017839e-01
1.881888332004177e-07	7.982702e-01	7.935654e-01	8.017815e-01
1.881978332004177e-07	7.982741e-01	7.935668e-01	8.017792e-01
1.882068332004177e-07	7.982780e-01	7.935682e-01	8.017769e-01
1.882158332004177e-07	7.982819e-01	7.935696e-01	8.017745e-01
1.882248332004177e-07	7.982858e-01	7.935709e-01	8.017721e-01
1.882338332004177e-07	7.982898e-01	7.935722e-01	8.017698e-01
1.882428332004177e-07	7.982938e-01	7.935734e-01	8.017673e-01
1.882561189147035e-07	7.982997e-01	7.935751e-01	8.017638e-01
1.882694046289892e-07	7.983057e-01	7.935769e-01	8.017603e-01
1.882826903432749e-07	7.983117e-01	7.935787e-01	8.017567e-01
1.882959760575607e-07	7.983177e-01	7.935806e-01	8.017531e-01
1.883092617718464e-07	7.983238e-01	7.935825e-01	8.017495e-01
1.883225474861321e-07	7.983300e-01	7.935845e-01	8.017458e-01
1.883358332004178e-07	7.983361e-01	7.935865e-01	8.017422e-01
1.883405474861321e-07	7.983383e-01	7.935873e-01	8.017409e-01
1.883452617718464e-07	7.983406e-01	7.935881e-01	8.017396e-01
1.883499760575607e-07	7.983428e-01	7.935889e-01	8.017383e-01
1.883546903432750e-07	7.983450e-01	7.935898e-01	8.017370e-01
1.883594046289893e-07	7.983473e-01	7.935907e-01	8.017357e-01
1.883641189147036e-07	7.983495e-01	7.935916e-01	8.017344e-01
1.883688332004179e-07	7.983518e-01	7.935925e-01	8.017331e-01
1.883698332004179e-07	7.983522e-01	7.935928e-01	8.017328e-01
1.883858332004179e-07	7.983600e-01	7.935961e-01	8.017284e-01
1.884018332004179e-07	7.983678e-01	7.936001e-01	8.017239e-01
1.884178332004179e-07	7.983758e-01	7.936046e-01	8.017194e-01
1.884338332004180e-07	7.983838e-01	7.936097e-01	8.017148e-01
1.884498332004180e-07	7.983920e-01	7.936154e-01	8.017103e-01
1.884658332004180e-07	7.984004e-01	7.936216e-01	8.017057e-01
1.884818332004180e-07	7.984088e-01	7.936285e-01	8.017011e-01
1.885006903432752e-07	7.984190e-01	7.936375e-01	8.016957e-01
1.885195474861323e-07	7.984294e-01	7.936477e-01	8.016902e-01
1.885384046289895e-07	7.984400e-01	7.936590e-01	8.016847e-01
1.885572617718467e-07	7.984510e-01	7.936714e-01	8.016792e-01
1.885761189147038e-07	7.984621e-01	7.936850e-01	8.016737e-01
1.885949760575610e-07	7.984736e-01	7.936997e-01	8.016681e-01
1.886138332004182e-07	7.984853e-01	7.937155e-01	8.016626e-01
1.886406903432753e-07	7.985025e-01	7.937403e-01	8.016546e-01
1.886675474861325e-07	7.985203e-01	7.937672e-01	8.016466e-01
1.886944046289897e-07	7.985389e-01	7.937962e-01	8.016385e-01
1.887212617718468e-07	7.985581e-01	7.938272e-01	8.016304e-01
1.887481189147040e-07	7.985780e-01	7.938602e-01	8.016223e-01
1.887749760575612e-07	7.985986e-01	7.938953e-01	8.016141e-01
1.888018332004184e-07	7.986199e-01	7.939325e-01	8.016058e-01
1.888471189147041e-07	7.986578e-01	7.940004e-01	8.015919e-01
1.888924046289899e-07	7.986975e-01	7.940691e-01	8.015779e-01
1.889376903432757e-07	7.987388e-01	7.941386e-01	8.015638e-01
1.889829760575614e-07	7.987819e-01	7.942088e-01	8.015496e-01
1.890282617718472e-07	7.988268e-01	7.942799e-01	8.015354e-01
1.890735474861330e-07	7.988733e-01	7.943517e-01	8.015212e-01
1.891188332004187e-07	7.989216e-01	7.944243e-01	8.015068e-01
1.891531189147045e-07	7.989589e-01	7.944764e-01	8.014960e-01
1.891874046289903e-07	7.989964e-01	7.945261e-01	8.014851e-01
1.892216903432760e-07	7.990340e-01	7.945733e-01	8.014742e-01
1.892559760575617e-07	7.990719e-01	7.946181e-01	8.014633e-01
1.892902617718475e-07	7.991100e-01	7.946605e-01	8.014524e-01
1.893245474861333e-07	7.991483e-01	7.947004e-01	8.014414e-01
1.893588332004190e-07	7.991868e-01	7.947379e-01	8.014305e-01
1.893938332004190e-07	7.992254e-01	7.947725e-01	8.014193e-01
1.894224046289905e-07	7.992570e-01	7.947983e-01	8.014102e-01
1.894509760575620e-07	7.992880e-01	7.948219e-01	8.014011e-01
1.894795474861334e-07	7.993185e-01	7.948433e-01	8.013920e-01
1.895081189147049e-07	7.993486e-01	7.948625e-01	8.013829e-01
1.895366903432764e-07	7.993782e-01	7.948795e-01	8.013738e-01
1.895652617718478e-07	7.994073e-01	7.948943e-01	8.013647e-01
1.895938332004193e-07	7.994359e-01	7.949069e-01	8.013555e-01
1.896152617718479e-07	7.994568e-01	7.949149e-01	8.013487e-01
1.896366903432765e-07	7.994773e-01	7.949218e-01	8.013419e-01
1.896581189147051e-07	7.994974e-01	7.949277e-01	8.013352e-01
1.896795474861337e-07	7.995169e-01	7.949325e-01	8.013284e-01
1.897009760575622e-07	7.995360e-01	7.949362e-01	8.013216e-01
1.897224046289909e-07	7.995547e-01	7.949389e-01	8.013148e-01
1.897438332004194e-07	7.995729e-01	7.949405e-01	8.013080e-01
1.897584046289909e-07	7.995850e-01	7.949411e-01	8.013035e-01
1.897729760575623e-07	7.995968e-01	7.949413e-01	8.012989e-01
1.897875474861338e-07	7.996084e-01	7.949411e-01	8.012943e-01
1.898021189147052e-07	7.996197e-01	7.949405e-01	8.012897e-01
1.898166903432767e-07	7.996308e-01	7.949395e-01	8.012851e-01
1.898312617718481e-07	7.996416e-01	7.949382e-01	8.012805e-01
1.898458332004196e-07	7.996521e-01	7.949365e-01	8.012760e-01
1.898862617718482e-07	7.996800e-01	7.949292e-01	8.012633e-01
1.899266903432768e-07	7.997059e-01	7.949206e-01	8.012507e-01
1.899671189147054e-07	7.997297e-01	7.949106e-01	8.012381e-01
1.900075474861340e-07	7.997516e-01	7.948992e-01	8.012256e-01
1.900479760575626e-07	7.997713e-01	7.948864e-01	8.012132e-01
1.900884046289913e-07	7.997891e-01	7.948722e-01	8.012008e-01
1.901288332004199e-07	7.998048e-01	7.948565e-01	8.011884e-01
1.901629760575628e-07	7.998165e-01	7.948435e-01	8.011780e-01
1.901971189147057e-07	7.998269e-01	7.948307e-01	8.011676e-01
1.902312617718486e-07	7.998362e-01	7.948183e-01	8.011573e-01
1.902654046289915e-07	7.998444e-01	7.948063e-01	8.011470e-01
1.902995474861344e-07	7.998513e-01	7.947946e-01	8.011368e-01
1.903336903432773e-07	7.998570e-01	7.947833e-01	8.011266e-01
1.903678332004201e-07	7.998616e-01	7.947723e-01	8.011165e-01
1.903748332004202e-07	7.998625e-01	7.947702e-01	8.011144e-01
1.903818332004202e-07	7.998633e-01	7.947682e-01	8.011124e-01
1.903888332004202e-07	7.998641e-01	7.947662e-01	8.011103e-01
1.903958332004202e-07	7.998648e-01	7.947642e-01	8.011082e-01
1.904028332004202e-07	7.998655e-01	7.947623e-01	8.011062e-01
1.904098332004202e-07	7.998662e-01	7.947604e-01	8.011041e-01
1.904168332004202e-07	7.998668e-01	7.947586e-01	8.011021e-01
1.904178332004202e-07	7.998669e-01	7.947583e-01	8.011018e-01
1.904416903432774e-07	7.998687e-01	7.947522e-01	8.010948e-01
1.904655474861346e-07	7.998702e-01	7.947467e-01	8.010878e-01
1.904894046289917e-07	7.998714e-01	7.947417e-01	8.010808e-01
1.905132617718489e-07	7.998723e-01	7.947373e-01	8.010739e-01
1.905371189147060e-07	7.998730e-01	7.947334e-01	8.010670e-01
1.905609760575632e-07	7.998733e-01	7.947301e-01	8.010602e-01
1.905848332004204e-07	7.998734e-01	7.947273e-01	8.010533e-01
1.905992617718490e-07	7.998733e-01	7.947259e-01	8.010492e-01
1.906136903432776e-07	7.998733e-01	7.947248e-01	8.010451e-01
1.906281189147062e-07	7.998731e-01	7.947239e-01	8.010410e-01
1.906425474861348e-07	7.998730e-01	7.947232e-01	8.010369e-01
1.906569760575633e-07	7.998727e-01	7.947228e-01	8.010328e-01
1.906714046289919e-07	7.998725e-01	7.947225e-01	8.010287e-01
1.906858332004205e-07	7.998722e-01	7.947226e-01	8.010246e-01
1.907045474861348e-07	7.998717e-01	7.947229e-01	8.010194e-01
1.907232617718491e-07	7.998713e-01	7.947236e-01	8.010141e-01
1.907419760575634e-07	7.998710e-01	7.947247e-01	8.010089e-01
1.907606903432777e-07	7.998706e-01	7.947262e-01	8.010037e-01
1.907794046289921e-07	7.998703e-01	7.947281e-01	8.009985e-01
1.907981189147063e-07	7.998700e-01	7.947303e-01	8.009933e-01
1.908168332004207e-07	7.998697e-01	7.947329e-01	8.009881e-01
1.908354046289921e-07	7.998695e-01	7.947359e-01	8.009830e-01
1.908539760575636e-07	7.998694e-01	7.947392e-01	8.009780e-01
1.908725474861350e-07	7.998695e-01	7.947429e-01	8.009729e-01
1.908911189147064e-07	7.998696e-01	7.947468e-01	8.009679e-01
1.909096903432779e-07	7.998699e-01	7.947511e-01	8.009628e-01
1.909282617718493e-07	7.998704e-01	7.947557e-01	8.009578e-01
1.909468332004208e-07	7.998709e-01	7.947606e-01	8.009529e-01
1.909756903432780e-07	7.998721e-01	7.947690e-01	8.009451e-01
1.910045474861352e-07	7.998738e-01	7.947779e-01	8.009374e-01
1.910334046289923e-07	7.998761e-01	7.947874e-01	8.009298e-01
1.910622617718495e-07	7.998790e-01	7.947974e-01	8.009222e-01
1.910911189147067e-07	7.998824e-01	7.948080e-01	8.009146e-01
1.911199760575639e-07	7.998865e-01	7.948191e-01	8.009071e-01
1.911488332004210e-07	7.998911e-01	7.948308e-01	8.008997e-01
1.911896903432782e-07	7.998989e-01	7.948482e-01	8.008892e-01
1.912305474861354e-07	7.999084e-01	7.948658e-01	8.008788e-01
1.912714046289926e-07	7.999197e-01	7.948835e-01	8.008685e-01
1.913122617718498e-07	7.999327e-01	7.949014e-01	8.008583e-01
1.913531189147070e-07	7.999475e-01	7.949194e-01	8.008482e-01
1.913939760575642e-07	7.999640e-01	7.949376e-01	8.008381e-01
1.914348332004214e-07	7.999822e-01	7.949560e-01	8.008282e-01
1.914418332004214e-07	7.999856e-01	7.949590e-01	8.008265e-01
1.914915474861357e-07	8.000112e-01	7.949807e-01	8.008146e-01
1.915412617718500e-07	8.000397e-01	7.950007e-01	8.008028e-01
1.915909760575644e-07	8.000714e-01	7.950189e-01	8.007911e-01
1.916406903432787e-07	8.001061e-01	7.950354e-01	8.007796e-01
1.916904046289931e-07	8.001439e-01	7.950501e-01	8.007682e-01
1.917401189147074e-07	8.001847e-01	7.950630e-01	8.007569e-01
1.917898332004218e-07	8.002286e-01	7.950741e-01	8.007458e-01
1.918124046289932e-07	8.002495e-01	7.950780e-01	8.007408e-01
1.918349760575647e-07	8.002711e-01	7.950814e-01	8.007358e-01
1.918575474861361e-07	8.002932e-01	7.950840e-01	8.007308e-01
1.918801189147076e-07	8.003160e-01	7.950861e-01	8.007259e-01
1.919026903432790e-07	8.003393e-01	7.950875e-01	8.007210e-01
1.919252617718505e-07	8.003633e-01	7.950883e-01	8.007162e-01
1.919478332004219e-07	8.003878e-01	7.950884e-01	8.007113e-01
1.919752617718505e-07	8.004184e-01	7.950877e-01	8.007055e-01
1.920026903432791e-07	8.004498e-01	7.950858e-01	8.006997e-01
1.920301189147077e-07	8.004820e-01	7.950829e-01	8.006940e-01
1.920575474861364e-07	8.005149e-01	7.950788e-01	8.006883e-01
1.920849760575649e-07	8.005487e-01	7.950736e-01	8.006826e-01
1.921124046289936e-07	8.005832e-01	7.950673e-01	8.006770e-01
1.921398332004222e-07	8.006185e-01	7.950599e-01	8.006713e-01
1.921862617718508e-07	8.006801e-01	7.950446e-01	8.006620e-01
1.922326903432794e-07	8.007432e-01	7.950258e-01	8.006527e-01
1.922791189147080e-07	8.008079e-01	7.950033e-01	8.006436e-01
1.923255474861367e-07	8.008742e-01	7.949773e-01	8.006346e-01
1.923719760575653e-07	8.009420e-01	7.949477e-01	8.006257e-01
1.924184046289939e-07	8.010114e-01	7.949144e-01	8.006169e-01
1.924648332004225e-07	8.010823e-01	7.948776e-01	8.006083e-01
1.924658332004225e-07	8.010838e-01	7.948768e-01	8.006081e-01
1.925425474861369e-07	8.012045e-01	7.948069e-01	8.005940e-01
1.926192617718513e-07	8.013256e-01	7.947279e-01	8.005803e-01
1.926959760575656e-07	8.014473e-01	7.946398e-01	8.005668e-01
1.927726903432800e-07	8.015695e-01	7.945424e-01	8.005536e-01
1.928494046289944e-07	8.016921e-01	7.944359e-01	8.005408e-01
1.929261189147088e-07	8.018153e-01	7.943203e-01	8.005282e-01
1.930028332004231e-07	8.019390e-01	7.941954e-01	8.005160e-01
1.930722617718518e-07	8.020488e-01	7.940755e-01	8.005052e-01
1.931416903432804e-07	8.021556e-01	7.939508e-01	8.004945e-01
1.932111189147091e-07	8.022594e-01	7.938214e-01	8.004841e-01
1.932805474861377e-07	8.023602e-01	7.936873e-01	8.004739e-01
1.933499760575664e-07	8.024580e-01	7.935484e-01	8.004640e-01
1.934194046289950e-07	8.025528e-01	7.934048e-01	8.004542e-01
1.934888332004237e-07	8.026446e-01	7.932564e-01	8.004447e-01
1.934898332004237e-07	8.026459e-01	7.932543e-01	8.004446e-01
1.935709760575666e-07	8.027473e-01	7.930764e-01	8.004337e-01
1.936521189147096e-07	8.028416e-01	7.928973e-01	8.004232e-01
1.937332617718525e-07	8.029287e-01	7.927167e-01	8.004129e-01
1.938144046289955e-07	8.030086e-01	7.925347e-01	8.004029e-01
1.938955474861384e-07	8.030812e-01	7.923513e-01	8.003931e-01
1.939766903432814e-07	8.031467e-01	7.921665e-01	8.003836e-01
1.940578332004243e-07	8.032050e-01	7.919804e-01	8.003744e-01
1.940869760575672e-07	8.032237e-01	7.919144e-01	8.003710e-01
1.941161189147101e-07	8.032413e-01	7.918486e-01	8.003679e-01
1.941452617718530e-07	8.032579e-01	7.917831e-01	8.003651e-01
1.941744046289959e-07	8.032734e-01	7.917179e-01	8.003625e-01
1.942035474861388e-07	8.032879e-01	7.916529e-01	8.003603e-01
1.942326903432817e-07	8.033014e-01	7.915883e-01	8.003583e-01
1.942618332004246e-07	8.033137e-01	7.915238e-01	8.003566e-01
1.942715474861389e-07	8.033176e-01	7.915024e-01	8.003561e-01
1.942812617718531e-07	8.033213e-01	7.914811e-01	8.003558e-01
1.942909760575675e-07	8.033250e-01	7.914598e-01	8.003555e-01
1.943006903432818e-07	8.033285e-01	7.914385e-01	8.003553e-01
1.943104046289961e-07	8.033319e-01	7.914173e-01	8.003551e-01
1.943201189147103e-07	8.033352e-01	7.913961e-01	8.003550e-01
1.943298332004246e-07	8.033383e-01	7.913750e-01	8.003550e-01
1.943398332004247e-07	8.033415e-01	7.913533e-01	8.003550e-01
1.943498332004247e-07	8.033445e-01	7.913317e-01	8.003551e-01
1.943598332004247e-07	8.033474e-01	7.913101e-01	8.003553e-01
1.943698332004247e-07	8.033501e-01	7.912886e-01	8.003556e-01
1.943798332004247e-07	8.033528e-01	7.912671e-01	8.003559e-01
1.943898332004247e-07	8.033552e-01	7.912457e-01	8.003563e-01
1.943998332004247e-07	8.033576e-01	7.912244e-01	8.003567e-01
1.944159760575676e-07	8.033612e-01	7.911900e-01	8.003576e-01
1.944321189147105e-07	8.033644e-01	7.911558e-01	8.003587e-01
1.944482617718533e-07	8.033674e-01	7.911217e-01	8.003600e-01
1.944644046289962e-07	8.033699e-01	7.910878e-01	8.003615e-01
1.944805474861391e-07	8.033722e-01	7.910541e-01	8.003632e-01
1.944966903432820e-07	8.033741e-01	7.910205e-01	8.003650e-01
1.945128332004248e-07	8.033757e-01	7.909871e-01	8.003671e-01
1.945138332004249e-07	8.033758e-01	7.909850e-01	8.003672e-01
1.945412617718534e-07	8.033778e-01	7.909287e-01	8.003711e-01
1.945686903432821e-07	8.033788e-01	7.908729e-01	8.003755e-01
1.945961189147107e-07	8.033788e-01	7.908178e-01	8.003802e-01
1.946235474861393e-07	8.033780e-01	7.907631e-01	8.003853e-01
1.946509760575679e-07	8.033762e-01	7.907091e-01	8.003908e-01
1.946784046289965e-07	8.033735e-01	7.906556e-01	8.003966e-01
1.947058332004251e-07	8.033699e-01	7.906027e-01	8.004029e-01
1.947434046289966e-07	8.033635e-01	7.905313e-01	8.004120e-01
1.947809760575680e-07	8.033553e-01	7.904612e-01	8.004213e-01
1.948185474861395e-07	8.033456e-01	7.903923e-01	8.004309e-01
1.948561189147109e-07	8.033342e-01	7.903248e-01	8.004406e-01
1.948936903432824e-07	8.033211e-01	7.902586e-01	8.004507e-01
1.949312617718539e-07	8.033064e-01	7.901937e-01	8.004609e-01
1.949688332004254e-07	8.032901e-01	7.901301e-01	8.004714e-01
1.950074046289968e-07	8.032717e-01	7.900663e-01	8.004820e-01
1.950459760575683e-07	8.032517e-01	7.900041e-01	8.004927e-01
1.950845474861398e-07	8.032301e-01	7.899434e-01	8.005034e-01
1.951231189147112e-07	8.032070e-01	7.898844e-01	8.005141e-01
1.951616903432827e-07	8.031823e-01	7.898269e-01	8.005248e-01
1.952002617718542e-07	8.031561e-01	7.897711e-01	8.005356e-01
1.952388332004257e-07	8.031282e-01	7.897168e-01	8.005464e-01
1.952814046289972e-07	8.030958e-01	7.896588e-01	8.005583e-01
1.953239760575686e-07	8.030617e-01	7.896028e-01	8.005705e-01
1.953665474861401e-07	8.030259e-01	7.895490e-01	8.005830e-01
1.954091189147116e-07	8.029885e-01	7.894972e-01	8.005958e-01
1.954516903432831e-07	8.029495e-01	7.894475e-01	8.006088e-01
1.954942617718545e-07	8.029088e-01	7.893999e-01	8.006222e-01
1.955368332004260e-07	8.028664e-01	7.893544e-01	8.006359e-01
1.955378332004260e-07	8.028654e-01	7.893533e-01	8.006362e-01
1.955869760575689e-07	8.028146e-01	7.893034e-01	8.006527e-01
1.956361189147118e-07	8.027620e-01	7.892564e-01	8.006701e-01
1.956852617718547e-07	8.027076e-01	7.892122e-01	8.006884e-01
1.957344046289977e-07	8.026515e-01	7.891709e-01	8.007076e-01
1.957835474861406e-07	8.025936e-01	7.891323e-01	8.007276e-01
1.958326903432835e-07	8.025339e-01	7.890966e-01	8.007485e-01
1.958818332004264e-07	8.024725e-01	7.890638e-01	8.007703e-01
1.959349760575693e-07	8.024043e-01	7.890314e-01	8.007953e-01
1.959881189147122e-07	8.023347e-01	7.890023e-01	8.008211e-01
1.960412617718551e-07	8.022635e-01	7.889764e-01	8.008476e-01
1.960944046289981e-07	8.021909e-01	7.889537e-01	8.008749e-01
1.961475474861410e-07	8.021167e-01	7.889342e-01	8.009029e-01
1.962006903432839e-07	8.020411e-01	7.889178e-01	8.009317e-01
1.962538332004268e-07	8.019639e-01	7.889047e-01	8.009613e-01
1.962966903432840e-07	8.019009e-01	7.888964e-01	8.009854e-01
1.963395474861412e-07	8.018372e-01	7.888901e-01	8.010092e-01
1.963824046289984e-07	8.017729e-01	7.888856e-01	8.010328e-01
1.964252617718556e-07	8.017079e-01	7.888832e-01	8.010562e-01
1.964681189147128e-07	8.016423e-01	7.888826e-01	8.010793e-01
1.965109760575700e-07	8.015760e-01	7.888841e-01	8.011022e-01
1.965538332004272e-07	8.015091e-01	7.888874e-01	8.011248e-01
1.965618332004272e-07	8.014966e-01	7.888882e-01	8.011289e-01
1.966235474861415e-07	8.013991e-01	7.888969e-01	8.011605e-01
1.966852617718559e-07	8.013010e-01	7.889092e-01	8.011893e-01
1.967469760575702e-07	8.012021e-01	7.889250e-01	8.012155e-01
1.968086903432846e-07	8.011025e-01	7.889444e-01	8.012389e-01
1.968704046289990e-07	8.010023e-01	7.889673e-01	8.012595e-01
1.969321189147133e-07	8.009014e-01	7.889938e-01	8.012774e-01
1.969938332004277e-07	8.007998e-01	7.890239e-01	8.012926e-01
1.970194046289991e-07	8.007577e-01	7.890372e-01	8.012975e-01
1.970449760575706e-07	8.007155e-01	7.890511e-01	8.013016e-01
1.970705474861420e-07	8.006733e-01	7.890655e-01	8.013050e-01
1.970961189147135e-07	8.006311e-01	7.890804e-01	8.013076e-01
1.971216903432850e-07	8.005888e-01	7.890959e-01	8.013095e-01
1.971472617718564e-07	8.005465e-01	7.891119e-01	8.013107e-01
1.971728332004279e-07	8.005041e-01	7.891285e-01	8.013111e-01
1.971816903432850e-07	8.004894e-01	7.891343e-01	8.013111e-01
1.971905474861422e-07	8.004748e-01	7.891402e-01	8.013109e-01
1.971994046289993e-07	8.004601e-01	7.891462e-01	8.013107e-01
1.972082617718565e-07	8.004454e-01	7.891522e-01	8.013104e-01
1.972171189147136e-07	8.004308e-01	7.891583e-01	8.013099e-01
1.972259760575708e-07	8.004161e-01	7.891645e-01	8.013094e-01
1.972348332004279e-07	8.004014e-01	7.891707e-01	8.013088e-01
1.972368332004279e-07	8.003981e-01	7.891721e-01	8.013087e-01
1.972388332004279e-07	8.003948e-01	7.891735e-01	8.013085e-01
1.972616903432851e-07	8.003569e-01	7.891899e-01	8.013063e-01
1.972845474861423e-07	8.003190e-01	7.892067e-01	8.013035e-01
1.973074046289995e-07	8.002811e-01	7.892238e-01	8.013000e-01
1.973302617718566e-07	8.002432e-01	7.892414e-01	8.012957e-01
1.973531189147138e-07	8.002054e-01	7.892593e-01	8.012907e-01
1.973759760575709e-07	8.001675e-01	7.892776e-01	8.012849e-01
1.973988332004281e-07	8.001297e-01	7.892962e-01	8.012785e-01
1.974254046289996e-07	8.000858e-01	7.893184e-01	8.012700e-01
1.974519760575710e-07	8.000418e-01	7.893410e-01	8.012602e-01
1.974785474861425e-07	7.999980e-01	7.893641e-01	8.012493e-01
1.975051189147139e-07	7.999541e-01	7.893876e-01	8.012372e-01
1.975316903432854e-07	7.999104e-01	7.894116e-01	8.012239e-01
1.975582617718569e-07	7.998666e-01	7.894361e-01	8.012094e-01
1.975848332004283e-07	7.998229e-01	7.894611e-01	8.011937e-01
1.975858332004283e-07	7.998213e-01	7.894620e-01	8.011931e-01
1.976328332004284e-07	7.997442e-01	7.895073e-01	8.011618e-01
1.976798332004284e-07	7.996674e-01	7.895538e-01	8.011267e-01
1.977268332004285e-07	7.995908e-01	7.896015e-01	8.010876e-01
1.977738332004285e-07	7.995145e-01	7.896505e-01	8.010446e-01
1.978208332004286e-07	7.994385e-01	7.897007e-01	8.009976e-01
1.978678332004287e-07	7.993628e-01	7.897522e-01	8.009467e-01
1.979148332004287e-07	7.992874e-01	7.898049e-01	8.008919e-01
1.980139760575717e-07	7.991293e-01	7.899202e-01	8.007614e-01
1.981131189147146e-07	7.989733e-01	7.900391e-01	8.006203e-01
1.982122617718576e-07	7.988194e-01	7.901616e-01	8.004687e-01
1.983114046290006e-07	7.986675e-01	7.902878e-01	8.003066e-01
1.984105474861436e-07	7.985178e-01	7.904176e-01	8.001341e-01
1.985096903432865e-07	7.983702e-01	7.905510e-01	7.999510e-01
1.986088332004295e-07	7.982247e-01	7.906880e-01	7.997575e-01
1.986098332004295e-07	7.982232e-01	7.906894e-01	7.997555e-01
1.987559760575725e-07	7.980134e-01	7.908967e-01	7.994541e-01
1.989021189147155e-07	7.978095e-01	7.911064e-01	7.991582e-01
1.990482617718586e-07	7.976113e-01	7.913186e-01	7.988678e-01
1.991944046290016e-07	7.974190e-01	7.915331e-01	7.985829e-01
1.993405474861446e-07	7.972325e-01	7.917500e-01	7.983036e-01
1.994866903432876e-07	7.970518e-01	7.919694e-01	7.980297e-01
1.996328332004307e-07	7.968770e-01	7.921911e-01	7.977614e-01
1.996338332004307e-07	7.968758e-01	7.921926e-01	7.977598e-01
1.997159760575736e-07	7.967802e-01	7.923165e-01	7.976245e-01
1.997981189147165e-07	7.966865e-01	7.924399e-01	7.974991e-01
1.998802617718595e-07	7.965946e-01	7.925630e-01	7.973835e-01
1.999624046290025e-07	7.965046e-01	7.926857e-01	7.972779e-01
2.000445474861454e-07	7.964164e-01	7.928081e-01	7.971822e-01
2.001266903432884e-07	7.963300e-01	7.929301e-01	7.970963e-01
2.002088332004313e-07	7.962455e-01	7.930517e-01	7.970204e-01
2.002606903432885e-07	7.961930e-01	7.931280e-01	7.969792e-01
2.003125474861457e-07	7.961412e-01	7.932041e-01	7.969430e-01
2.003644046290029e-07	7.960901e-01	7.932798e-01	7.969115e-01
2.004162617718601e-07	7.960397e-01	7.933551e-01	7.968849e-01
2.004681189147173e-07	7.959900e-01	7.934302e-01	7.968631e-01
2.005199760575745e-07	7.959410e-01	7.935049e-01	7.968462e-01
2.005718332004317e-07	7.958927e-01	7.935793e-01	7.968341e-01
2.006578332004318e-07	7.958140e-01	7.937019e-01	7.968248e-01
2.006748332004318e-07	7.957987e-01	7.937260e-01	7.968246e-01
2.006918332004319e-07	7.957834e-01	7.937500e-01	7.968249e-01
2.007088332004319e-07	7.957682e-01	7.937740e-01	7.968257e-01
2.007258332004319e-07	7.957531e-01	7.937980e-01	7.968270e-01
2.007428332004319e-07	7.957380e-01	7.938219e-01	7.968288e-01
2.007598332004319e-07	7.957230e-01	7.938457e-01	7.968311e-01
2.007768332004320e-07	7.957081e-01	7.938696e-01	7.968339e-01
2.008368332004320e-07	7.956560e-01	7.939533e-01	7.968483e-01
2.008968332004321e-07	7.956048e-01	7.940364e-01	7.968685e-01
2.009568332004322e-07	7.955544e-01	7.941189e-01	7.968945e-01
2.010168332004322e-07	7.955048e-01	7.942008e-01	7.969262e-01
2.010768332004323e-07	7.954560e-01	7.942820e-01	7.969637e-01
2.011368332004324e-07	7.954081e-01	7.943626e-01	7.970070e-01
2.011968332004324e-07	7.953610e-01	7.944426e-01	7.970561e-01
2.012659760575754e-07	7.953077e-01	7.945339e-01	7.971193e-01
2.013351189147183e-07	7.952554e-01	7.946243e-01	7.971880e-01
2.014042617718612e-07	7.952042e-01	7.947137e-01	7.972620e-01
2.014734046290042e-07	7.951539e-01	7.948021e-01	7.973415e-01
2.015425474861471e-07	7.951046e-01	7.948896e-01	7.974264e-01
2.016116903432900e-07	7.950563e-01	7.949762e-01	7.975168e-01
2.016808332004330e-07	7.950091e-01	7.950618e-01	7.976125e-01
2.016818332004330e-07	7.950084e-01	7.950630e-01	7.976139e-01
2.018214046290046e-07	7.949161e-01	7.952327e-01	7.978246e-01
2.019609760575761e-07	7.948272e-01	7.953981e-01	7.980402e-01
2.021005474861477e-07	7.947417e-01	7.955594e-01	7.982606e-01
2.022401189147193e-07	7.946596e-01	7.957165e-01	7.984857e-01
2.023796903432909e-07	7.945809e-01	7.958694e-01	7.987157e-01
2.025192617718625e-07	7.945056e-01	7.960181e-01	7.989504e-01
2.026588332004341e-07	7.944338e-01	7.961625e-01	7.991899e-01
2.027058332004341e-07	7.944101e-01	7.962102e-01	7.992672e-01
2.027734046290057e-07	7.943768e-01	7.962780e-01	7.993777e-01
2.028409760575771e-07	7.943441e-01	7.963447e-01	7.994862e-01
2.029085474861487e-07	7.943120e-01	7.964105e-01	7.995928e-01
2.029761189147202e-07	7.942806e-01	7.964753e-01	7.996974e-01
2.030436903432917e-07	7.942499e-01	7.965392e-01	7.998000e-01
2.031112617718632e-07	7.942198e-01	7.966020e-01	7.999007e-01
2.031788332004347e-07	7.941903e-01	7.966639e-01	7.999995e-01
2.031909760575775e-07	7.941851e-01	7.966750e-01	8.000169e-01
2.032031189147204e-07	7.941798e-01	7.966862e-01	8.000342e-01
2.032152617718633e-07	7.941746e-01	7.966975e-01	8.000515e-01
2.032274046290062e-07	7.941695e-01	7.967090e-01	8.000687e-01
2.032395474861490e-07	7.941643e-01	7.967206e-01	8.000858e-01
2.032516903432919e-07	7.941592e-01	7.967324e-01	8.001028e-01
2.032638332004348e-07	7.941540e-01	7.967444e-01	8.001197e-01
2.032981189147205e-07	7.941399e-01	7.967806e-01	8.001670e-01
2.033324046290063e-07	7.941255e-01	7.968166e-01	8.002137e-01
2.033666903432920e-07	7.941110e-01	7.968522e-01	8.002596e-01
2.034009760575778e-07	7.940964e-01	7.968877e-01	8.003048e-01
2.034352617718635e-07	7.940816e-01	7.969228e-01	8.003493e-01
2.034695474861493e-07	7.940666e-01	7.969578e-01	8.003931e-01
2.035038332004350e-07	7.940515e-01	7.969924e-01	8.004361e-01
2.035244046290065e-07	7.940421e-01	7.970115e-01	8.004616e-01
2.035449760575779e-07	7.940324e-01	7.970298e-01	8.004868e-01
2.035655474861494e-07	7.940224e-01	7.970472e-01	8.005117e-01
2.035861189147208e-07	7.940121e-01	7.970639e-01	8.005364e-01
2.036066903432923e-07	7.940015e-01	7.970797e-01	8.005608e-01
2.036272617718637e-07	7.939907e-01	7.970947e-01	8.005849e-01
2.036478332004352e-07	7.939796e-01	7.971088e-01	8.006088e-01
2.036594046290067e-07	7.939732e-01	7.971164e-01	8.006221e-01
2.036709760575781e-07	7.939667e-01	7.971237e-01	8.006353e-01
2.036825474861495e-07	7.939601e-01	7.971308e-01	8.006484e-01
2.036941189147210e-07	7.939533e-01	7.971377e-01	8.006615e-01
2.037056903432924e-07	7.939464e-01	7.971443e-01	8.006744e-01
2.037172617718638e-07	7.939394e-01	7.971508e-01	8.006872e-01
2.037288332004353e-07	7.939323e-01	7.971570e-01	8.007000e-01
2.037298332004353e-07	7.939317e-01	7.971575e-01	8.007011e-01
2.037646903432925e-07	7.939094e-01	7.971742e-01	8.007390e-01
2.037995474861497e-07	7.938861e-01	7.971903e-01	8.007761e-01
2.038344046290069e-07	7.938618e-01	7.972061e-01	8.008124e-01
2.038692617718640e-07	7.938365e-01	7.972213e-01	8.008479e-01
2.039041189147212e-07	7.938102e-01	7.972361e-01	8.008826e-01
2.039389760575784e-07	7.937830e-01	7.972504e-01	8.009165e-01
2.039738332004356e-07	7.937547e-01	7.972642e-01	8.009496e-01
2.039984046290070e-07	7.937344e-01	7.972749e-01	8.009725e-01
2.040229760575785e-07	7.937139e-01	7.972864e-01	8.009950e-01
2.040475474861500e-07	7.936932e-01	7.972985e-01	8.010171e-01
2.040721189147214e-07	7.936724e-01	7.973114e-01	8.010388e-01
2.040966903432929e-07	7.936514e-01	7.973250e-01	8.010601e-01
2.041212617718643e-07	7.936302e-01	7.973394e-01	8.010810e-01
2.041458332004358e-07	7.936089e-01	7.973545e-01	8.011016e-01
2.041745474861501e-07	7.935840e-01	7.973735e-01	8.011251e-01
2.042032617718644e-07	7.935594e-01	7.973939e-01	8.011481e-01
2.042319760575787e-07	7.935352e-01	7.974157e-01	8.011706e-01
2.042606903432930e-07	7.935114e-01	7.974388e-01	8.011925e-01
2.042894046290074e-07	7.934880e-01	7.974632e-01	8.012140e-01
2.043181189147217e-07	7.934650e-01	7.974891e-01	8.012350e-01
2.043468332004360e-07	7.934423e-01	7.975162e-01	8.012554e-01
2.043848332004360e-07	7.934134e-01	7.975547e-01	8.012817e-01
2.044228332004361e-07	7.933863e-01	7.975945e-01	8.013072e-01
2.044608332004361e-07	7.933610e-01	7.976357e-01	8.013318e-01
2.044988332004362e-07	7.933375e-01	7.976784e-01	8.013556e-01
2.045368332004362e-07	7.933159e-01	7.977224e-01	8.013786e-01
2.045748332004363e-07	7.932962e-01	7.977679e-01	8.014007e-01
2.046128332004363e-07	7.932782e-01	7.978147e-01	8.014220e-01
2.046328332004363e-07	7.932698e-01	7.978393e-01	8.014329e-01
2.046528332004363e-07	7.932621e-01	7.978639e-01	8.014436e-01
2.046728332004364e-07	7.932550e-01	7.978885e-01	8.014541e-01
2.046928332004364e-07	7.932486e-01	7.979130e-01	8.014644e-01
2.047128332004364e-07	7.932429e-01	7.979375e-01	8.014744e-01
2.047328332004364e-07	7.932377e-01	7.979620e-01	8.014843e-01
2.047528332004365e-07	7.932333e-01	7.979864e-01	8.014939e-01
2.047538332004365e-07	7.932331e-01	7.979876e-01	8.014944e-01
2.047708332004365e-07	7.932299e-01	7.980082e-01	8.015024e-01
2.047878332004365e-07	7.932271e-01	7.980286e-01	8.015103e-01
2.048048332004365e-07	7.932249e-01	7.980488e-01	8.015181e-01
2.048218332004365e-07	7.932231e-01	7.980689e-01	8.015257e-01
2.048388332004366e-07	7.932218e-01	7.980887e-01	8.015331e-01
2.048558332004366e-07	7.932210e-01	7.981083e-01	8.015405e-01
2.048728332004366e-07	7.932206e-01	7.981278e-01	8.015476e-01
2.048875474861509e-07	7.932207e-01	7.981443e-01	8.015538e-01
2.049022617718652e-07	7.932212e-01	7.981607e-01	8.015598e-01
2.049169760575795e-07	7.932219e-01	7.981768e-01	8.015657e-01
2.049316903432938e-07	7.932230e-01	7.981927e-01	8.015715e-01
2.049464046290081e-07	7.932245e-01	7.982083e-01	8.015772e-01
2.049611189147224e-07	7.932263e-01	7.982237e-01	8.015827e-01
2.049758332004367e-07	7.932284e-01	7.982389e-01	8.015882e-01
2.050124046290082e-07	7.932353e-01	7.982756e-01	8.016014e-01
2.050489760575796e-07	7.932438e-01	7.983104e-01	8.016141e-01
2.050855474861511e-07	7.932540e-01	7.983434e-01	8.016262e-01
2.051221189147226e-07	7.932658e-01	7.983745e-01	8.016378e-01
2.051586903432941e-07	7.932792e-01	7.984037e-01	8.016488e-01
2.051952617718655e-07	7.932943e-01	7.984312e-01	8.016592e-01
2.052318332004370e-07	7.933111e-01	7.984567e-01	8.016691e-01
2.052704046290085e-07	7.933301e-01	7.984814e-01	8.016790e-01
2.053089760575799e-07	7.933499e-01	7.985043e-01	8.016883e-01
2.053475474861514e-07	7.933705e-01	7.985255e-01	8.016972e-01
2.053861189147229e-07	7.933920e-01	7.985449e-01	8.017055e-01
2.054246903432944e-07	7.934142e-01	7.985625e-01	8.017134e-01
2.054632617718658e-07	7.934371e-01	7.985784e-01	8.017207e-01
2.055018332004373e-07	7.934609e-01	7.985925e-01	8.017275e-01
2.055411189147231e-07	7.934853e-01	7.986054e-01	8.017340e-01
2.055804046290088e-07	7.935094e-01	7.986176e-01	8.017400e-01
2.056196903432946e-07	7.935333e-01	7.986290e-01	8.017457e-01
2.056589760575803e-07	7.935568e-01	7.986397e-01	8.017509e-01
2.056982617718661e-07	7.935801e-01	7.986497e-01	8.017557e-01
2.057375474861519e-07	7.936031e-01	7.986589e-01	8.017601e-01
2.057768332004376e-07	7.936258e-01	7.986674e-01	8.017640e-01
2.057778332004376e-07	7.936264e-01	7.986676e-01	8.017641e-01
2.058156903432948e-07	7.936474e-01	7.986757e-01	8.017675e-01
2.058535474861520e-07	7.936675e-01	7.986842e-01	8.017707e-01
2.058914046290092e-07	7.936866e-01	7.986931e-01	8.017735e-01
2.059292617718664e-07	7.937048e-01	7.987023e-01	8.017761e-01
2.059671189147235e-07	7.937219e-01	7.987119e-01	8.017784e-01
2.060049760575807e-07	7.937381e-01	7.987219e-01	8.017804e-01
2.060428332004379e-07	7.937534e-01	7.987322e-01	8.017821e-01
2.060805474861523e-07	7.937673e-01	7.987435e-01	8.017835e-01
2.061182617718666e-07	7.937799e-01	7.987557e-01	8.017847e-01
2.061559760575809e-07	7.937913e-01	7.987689e-01	8.017857e-01
2.061936903432952e-07	7.938014e-01	7.987832e-01	8.017865e-01
2.062314046290096e-07	7.938102e-01	7.987984e-01	8.017871e-01
2.062691189147239e-07	7.938178e-01	7.988146e-01	8.017874e-01
2.063068332004382e-07	7.938242e-01	7.988318e-01	8.017876e-01
2.063168332004382e-07	7.938256e-01	7.988366e-01	8.017876e-01
2.063268332004382e-07	7.938270e-01	7.988415e-01	8.017876e-01
2.063368332004383e-07	7.938283e-01	7.988464e-01	8.017876e-01
2.063468332004383e-07	7.938295e-01	7.988514e-01	8.017876e-01
2.063568332004383e-07	7.938306e-01	7.988566e-01	8.017876e-01
2.063668332004383e-07	7.938316e-01	7.988617e-01	8.017875e-01
2.063768332004383e-07	7.938326e-01	7.988670e-01	8.017874e-01
2.063778332004383e-07	7.938327e-01	7.988676e-01	8.017874e-01
2.063788332004383e-07	7.938327e-01	7.988682e-01	8.017874e-01
2.063798332004383e-07	7.938328e-01	7.988685e-01	8.017874e-01
2.063808332004383e-07	7.938329e-01	7.988690e-01	8.017874e-01
2.063818332004383e-07	7.938330e-01	7.988697e-01	8.017874e-01
2.063838332004383e-07	7.938332e-01	7.988707e-01	8.017874e-01
2.063901189147240e-07	7.938337e-01	7.988741e-01	8.017873e-01
2.063964046290098e-07	7.938342e-01	7.988775e-01	8.017873e-01
2.064026903432955e-07	7.938346e-01	7.988810e-01	8.017872e-01
2.064089760575812e-07	7.938351e-01	7.988845e-01	8.017872e-01
2.064152617718669e-07	7.938355e-01	7.988880e-01	8.017871e-01
2.064215474861526e-07	7.938359e-01	7.988915e-01	8.017870e-01
2.064278332004384e-07	7.938363e-01	7.988951e-01	8.017870e-01
2.064349760575812e-07	7.938368e-01	7.988992e-01	8.017869e-01
2.064421189147241e-07	7.938372e-01	7.989033e-01	8.017868e-01
2.064492617718669e-07	7.938377e-01	7.989075e-01	8.017867e-01
2.064564046290098e-07	7.938382e-01	7.989118e-01	8.017866e-01
2.064635474861527e-07	7.938387e-01	7.989161e-01	8.017865e-01
2.064706903432956e-07	7.938392e-01	7.989205e-01	8.017864e-01
2.064778332004384e-07	7.938396e-01	7.989249e-01	8.017863e-01
2.064871189147241e-07	7.938403e-01	7.989307e-01	8.017861e-01
2.064964046290099e-07	7.938409e-01	7.989367e-01	8.017860e-01
2.065056903432956e-07	7.938416e-01	7.989427e-01	8.017858e-01
2.065149760575813e-07	7.938423e-01	7.989489e-01	8.017856e-01
2.065242617718670e-07	7.938430e-01	7.989551e-01	8.017854e-01
2.065335474861528e-07	7.938437e-01	7.989615e-01	8.017852e-01
2.065428332004385e-07	7.938444e-01	7.989680e-01	8.017851e-01
2.065635474861528e-07	7.938461e-01	7.989829e-01	8.017846e-01
2.065842617718671e-07	7.938477e-01	7.989985e-01	8.017840e-01
2.066049760575814e-07	7.938492e-01	7.990148e-01	8.017835e-01
2.066256903432957e-07	7.938505e-01	7.990318e-01	8.017829e-01
2.066464046290100e-07	7.938517e-01	7.990495e-01	8.017823e-01
2.066671189147243e-07	7.938527e-01	7.990678e-01	8.017817e-01
2.066878332004387e-07	7.938536e-01	7.990869e-01	8.017810e-01
2.066944046290101e-07	7.938538e-01	7.990931e-01	8.017808e-01
2.067009760575815e-07	7.938540e-01	7.990993e-01	8.017806e-01
2.067075474861530e-07	7.938541e-01	7.991057e-01	8.017803e-01
2.067141189147244e-07	7.938542e-01	7.991121e-01	8.017801e-01
2.067206903432958e-07	7.938542e-01	7.991185e-01	8.017799e-01
2.067272617718673e-07	7.938542e-01	7.991250e-01	8.017796e-01
2.067338332004387e-07	7.938542e-01	7.991316e-01	8.017794e-01
2.067428332004387e-07	7.938541e-01	7.991408e-01	8.017791e-01
2.067518332004387e-07	7.938539e-01	7.991500e-01	8.017787e-01
2.067608332004387e-07	7.938536e-01	7.991594e-01	8.017784e-01
2.067698332004387e-07	7.938533e-01	7.991689e-01	8.017781e-01
2.067788332004388e-07	7.938529e-01	7.991784e-01	8.017778e-01
2.067878332004388e-07	7.938524e-01	7.991881e-01	8.017774e-01
2.067968332004388e-07	7.938518e-01	7.991979e-01	8.017771e-01
2.068018332004388e-07	7.938514e-01	7.992034e-01	8.017769e-01
2.068162617718674e-07	7.938503e-01	7.992194e-01	8.017763e-01
2.068306903432960e-07	7.938489e-01	7.992356e-01	8.017757e-01
2.068451189147245e-07	7.938473e-01	7.992519e-01	8.017752e-01
2.068595474861531e-07	7.938455e-01	7.992684e-01	8.017746e-01
2.068739760575817e-07	7.938435e-01	7.992851e-01	8.017740e-01
2.068884046290103e-07	7.938412e-01	7.993020e-01	8.017733e-01
2.069028332004389e-07	7.938388e-01	7.993190e-01	8.017727e-01
2.069252617718675e-07	7.938345e-01	7.993458e-01	8.017718e-01
2.069476903432961e-07	7.938300e-01	7.993725e-01	8.017708e-01
2.069701189147247e-07	7.938250e-01	7.993991e-01	8.017698e-01
2.069925474861533e-07	7.938198e-01	7.994257e-01	8.017687e-01
2.070149760575819e-07	7.938142e-01	7.994522e-01	8.017677e-01
2.070374046290105e-07	7.938083e-01	7.994786e-01	8.017666e-01
2.070598332004391e-07	7.938021e-01	7.995050e-01	8.017656e-01
2.070938332004391e-07	7.937920e-01	7.995445e-01	8.017640e-01
2.071278332004392e-07	7.937822e-01	7.995824e-01	8.017623e-01
2.071618332004392e-07	7.937728e-01	7.996186e-01	8.017607e-01
2.071958332004392e-07	7.937637e-01	7.996532e-01	8.017591e-01
2.072298332004393e-07	7.937550e-01	7.996863e-01	8.017574e-01
2.072638332004393e-07	7.937465e-01	7.997177e-01	8.017557e-01
2.072978332004393e-07	7.937384e-01	7.997475e-01	8.017541e-01
2.073171189147251e-07	7.937344e-01	7.997632e-01	8.017531e-01
2.073364046290108e-07	7.937308e-01	7.997782e-01	8.017522e-01
2.073556903432966e-07	7.937276e-01	7.997925e-01	8.017513e-01
2.073749760575823e-07	7.937248e-01	7.998060e-01	8.017504e-01
2.073942617718680e-07	7.937223e-01	7.998188e-01	8.017495e-01
2.074135474861538e-07	7.937203e-01	7.998308e-01	8.017485e-01
2.074328332004395e-07	7.937186e-01	7.998421e-01	8.017476e-01
2.074419760575824e-07	7.937180e-01	7.998472e-01	8.017472e-01
2.074511189147252e-07	7.937175e-01	7.998521e-01	8.017467e-01
2.074602617718681e-07	7.937171e-01	7.998569e-01	8.017463e-01
2.074694046290110e-07	7.937168e-01	7.998614e-01	8.017459e-01
2.074785474861538e-07	7.937167e-01	7.998658e-01	8.017454e-01
2.074876903432967e-07	7.937166e-01	7.998701e-01	8.017450e-01
2.074968332004396e-07	7.937166e-01	7.998741e-01	8.017446e-01
2.075105474861539e-07	7.937168e-01	7.998799e-01	8.017439e-01
2.075242617718682e-07	7.937173e-01	7.998853e-01	8.017433e-01
2.075379760575825e-07	7.937181e-01	7.998903e-01	8.017427e-01
2.075516903432968e-07	7.937190e-01	7.998950e-01	8.017421e-01
2.075654046290111e-07	7.937203e-01	7.998993e-01	8.017414e-01
2.075791189147254e-07	7.937218e-01	7.999032e-01	8.017408e-01
2.075928332004397e-07	7.937236e-01	7.999068e-01	8.017402e-01
2.076135474861540e-07	7.937267e-01	7.999115e-01	8.017393e-01
2.076342617718683e-07	7.937304e-01	7.999154e-01	8.017385e-01
2.076549760575826e-07	7.937346e-01	7.999186e-01	8.017376e-01
2.076756903432969e-07	7.937394e-01	7.999210e-01	8.017367e-01
2.076964046290112e-07	7.937447e-01	7.999227e-01	8.017358e-01
2.077171189147255e-07	7.937506e-01	7.999237e-01	8.017350e-01
2.077378332004398e-07	7.937571e-01	7.999240e-01	8.017341e-01
2.077502617718684e-07	7.937612e-01	7.999238e-01	8.017336e-01
2.077626903432970e-07	7.937655e-01	7.999234e-01	8.017331e-01
2.077751189147256e-07	7.937699e-01	7.999228e-01	8.017326e-01
2.077875474861542e-07	7.937745e-01	7.999220e-01	8.017321e-01
2.077999760575828e-07	7.937792e-01	7.999209e-01	8.017316e-01
2.078124046290114e-07	7.937842e-01	7.999197e-01	8.017312e-01
2.078248332004399e-07	7.937893e-01	7.999182e-01	8.017307e-01
2.078258332004399e-07	7.937897e-01	7.999181e-01	8.017307e-01
2.078629760575828e-07	7.938062e-01	7.999122e-01	8.017293e-01
2.079001189147257e-07	7.938235e-01	7.999050e-01	8.017280e-01
2.079372617718686e-07	7.938416e-01	7.998964e-01	8.017267e-01
2.079744046290116e-07	7.938606e-01	7.998865e-01	8.017255e-01
2.080115474861544e-07	7.938804e-01	7.998753e-01	8.017244e-01
2.080486903432973e-07	7.939011e-01	7.998628e-01	8.017233e-01
2.080858332004402e-07	7.939225e-01	7.998490e-01	8.017222e-01
2.081259760575831e-07	7.939461e-01	7.998331e-01	8.017212e-01
2.081661189147260e-07	7.939693e-01	7.998165e-01	8.017202e-01
2.082062617718689e-07	7.939921e-01	7.997990e-01	8.017193e-01
2.082464046290119e-07	7.940146e-01	7.997807e-01	8.017184e-01
2.082865474861548e-07	7.940368e-01	7.997617e-01	8.017176e-01
2.083266903432977e-07	7.940587e-01	7.997418e-01	8.017170e-01
2.083668332004406e-07	7.940802e-01	7.997212e-01	8.017163e-01
2.084065474861549e-07	7.941004e-01	7.997003e-01	8.017158e-01
2.084462617718692e-07	7.941194e-01	7.996787e-01	8.017153e-01
2.084859760575835e-07	7.941371e-01	7.996565e-01	8.017149e-01
2.085256903432979e-07	7.941536e-01	7.996335e-01	8.017146e-01
2.085654046290122e-07	7.941688e-01	7.996098e-01	8.017143e-01
2.086051189147265e-07	7.941828e-01	7.995855e-01	8.017142e-01
2.086448332004409e-07	7.941955e-01	7.995604e-01	8.017141e-01
2.086739760575838e-07	7.942037e-01	7.995415e-01	8.017140e-01
2.087031189147266e-07	7.942111e-01	7.995220e-01	8.017141e-01
2.087322617718695e-07	7.942176e-01	7.995020e-01	8.017141e-01
2.087614046290124e-07	7.942233e-01	7.994815e-01	8.017142e-01
2.087905474861553e-07	7.942282e-01	7.994604e-01	8.017144e-01
2.088196903432982e-07	7.942322e-01	7.994389e-01	8.017146e-01
2.088488332004411e-07	7.942354e-01	7.994168e-01	8.017148e-01
2.088498332004411e-07	7.942355e-01	7.994159e-01	8.017148e-01
2.088649760575840e-07	7.942368e-01	7.994042e-01	8.017149e-01
2.088801189147268e-07	7.942378e-01	7.993922e-01	8.017150e-01
2.088952617718697e-07	7.942387e-01	7.993801e-01	8.017152e-01
2.089104046290126e-07	7.942393e-01	7.993678e-01	8.017153e-01
2.089255474861555e-07	7.942397e-01	7.993553e-01	8.017155e-01
2.089406903432984e-07	7.942398e-01	7.993427e-01	8.017157e-01
2.089558332004412e-07	7.942398e-01	7.993298e-01	8.017159e-01
2.089848332004413e-07	7.942390e-01	7.993047e-01	8.017163e-01
2.090138332004413e-07	7.942374e-01	7.992789e-01	8.017167e-01
2.090428332004413e-07	7.942351e-01	7.992523e-01	8.017172e-01
2.090718332004414e-07	7.942321e-01	7.992249e-01	8.017177e-01
2.091008332004414e-07	7.942282e-01	7.991968e-01	8.017183e-01
2.091298332004414e-07	7.942236e-01	7.991679e-01	8.017189e-01
2.091588332004415e-07	7.942183e-01	7.991383e-01	8.017195e-01
2.092251189147272e-07	7.942029e-01	7.990673e-01	8.017210e-01
2.092914046290130e-07	7.941849e-01	7.989923e-01	8.017228e-01
2.093576903432988e-07	7.941643e-01	7.989133e-01	8.017247e-01
2.094239760575846e-07	7.941409e-01	7.988304e-01	8.017268e-01
2.094902617718704e-07	7.941149e-01	7.987435e-01	8.017290e-01
2.095565474861562e-07	7.940862e-01	7.986527e-01	8.017315e-01
2.096228332004420e-07	7.940549e-01	7.985579e-01	8.017341e-01
2.096585474861563e-07	7.940376e-01	7.985057e-01	8.017356e-01
2.096942617718706e-07	7.940199e-01	7.984527e-01	8.017371e-01
2.097299760575850e-07	7.940017e-01	7.983991e-01	8.017386e-01
2.097656903432993e-07	7.939832e-01	7.983449e-01	8.017402e-01
2.098014046290136e-07	7.939643e-01	7.982900e-01	8.017418e-01
2.098371189147279e-07	7.939450e-01	7.982344e-01	8.017435e-01
2.098728332004423e-07	7.939252e-01	7.981782e-01	8.017452e-01
2.098738332004423e-07	7.939247e-01	7.981766e-01	8.017453e-01
2.099492617718709e-07	7.938820e-01	7.980548e-01	8.017491e-01
2.100246903432996e-07	7.938382e-01	7.979346e-01	8.017530e-01
2.101001189147282e-07	7.937934e-01	7.978158e-01	8.017570e-01
2.101755474861569e-07	7.937475e-01	7.976986e-01	8.017612e-01
2.102509760575855e-07	7.937006e-01	7.975828e-01	8.017656e-01
2.103264046290142e-07	7.936527e-01	7.974686e-01	8.017701e-01
2.104018332004429e-07	7.936037e-01	7.973558e-01	8.017747e-01
2.104725474861572e-07	7.935570e-01	7.972550e-01	8.017791e-01
2.105432617718716e-07	7.935090e-01	7.971607e-01	8.017836e-01
2.106139760575860e-07	7.934598e-01	7.970728e-01	8.017882e-01
2.106846903433003e-07	7.934092e-01	7.969914e-01	8.017928e-01
2.107554046290147e-07	7.933574e-01	7.969164e-01	8.017975e-01
2.108261189147291e-07	7.933043e-01	7.968479e-01	8.018023e-01
2.108968332004434e-07	7.932498e-01	7.967858e-01	8.018072e-01
2.108978332004434e-07	7.932491e-01	7.967850e-01	8.018073e-01
2.109466903433006e-07	7.932103e-01	7.967477e-01	8.018107e-01
2.109955474861578e-07	7.931707e-01	7.967148e-01	8.018141e-01
2.110444046290150e-07	7.931301e-01	7.966861e-01	8.018175e-01
2.110932617718722e-07	7.930886e-01	7.966618e-01	8.018210e-01
2.111421189147294e-07	7.930462e-01	7.966417e-01	8.018245e-01
2.111909760575866e-07	7.930029e-01	7.966259e-01	8.018279e-01
2.112398332004438e-07	7.929586e-01	7.966145e-01	8.018314e-01
2.112705474861581e-07	7.929302e-01	7.966097e-01	8.018336e-01
2.113012617718724e-07	7.929014e-01	7.966067e-01	8.018358e-01
2.113319760575868e-07	7.928722e-01	7.966055e-01	8.018380e-01
2.113626903433011e-07	7.928425e-01	7.966061e-01	8.018402e-01
2.113934046290154e-07	7.928125e-01	7.966085e-01	8.018424e-01
2.114241189147297e-07	7.927820e-01	7.966127e-01	8.018446e-01
2.114548332004441e-07	7.927511e-01	7.966187e-01	8.018469e-01
2.115122617718727e-07	7.926922e-01	7.966350e-01	8.018510e-01
2.115696903433013e-07	7.926317e-01	7.966572e-01	8.018552e-01
2.116271189147300e-07	7.925698e-01	7.966854e-01	8.018593e-01
2.116845474861586e-07	7.925065e-01	7.967195e-01	8.018635e-01
2.117419760575872e-07	7.924417e-01	7.967596e-01	8.018676e-01
2.117994046290159e-07	7.923754e-01	7.968056e-01	8.018718e-01
2.118568332004445e-07	7.923076e-01	7.968576e-01	8.018759e-01
2.119218332004446e-07	7.922294e-01	7.969227e-01	8.018806e-01
2.119816903433018e-07	7.921556e-01	7.969892e-01	8.018849e-01
2.120415474861590e-07	7.920807e-01	7.970605e-01	8.018891e-01
2.121014046290162e-07	7.920047e-01	7.971366e-01	8.018933e-01
2.121612617718734e-07	7.919275e-01	7.972176e-01	8.018975e-01
2.122211189147306e-07	7.918491e-01	7.973034e-01	8.019017e-01
2.122809760575879e-07	7.917696e-01	7.973940e-01	8.019059e-01
2.123408332004451e-07	7.916889e-01	7.974895e-01	8.019101e-01
2.123566903433022e-07	7.916675e-01	7.975153e-01	8.019112e-01
2.123725474861594e-07	7.916460e-01	7.975414e-01	8.019123e-01
2.123884046290166e-07	7.916244e-01	7.975677e-01	8.019134e-01
2.124042617718737e-07	7.916028e-01	7.975942e-01	8.019146e-01
2.124201189147309e-07	7.915812e-01	7.976210e-01	8.019158e-01
2.124359760575880e-07	7.915595e-01	7.976481e-01	8.019171e-01
2.124518332004452e-07	7.915377e-01	7.976754e-01	8.019184e-01
2.124728332004452e-07	7.915088e-01	7.977119e-01	8.019202e-01
2.124938332004452e-07	7.914798e-01	7.977488e-01	8.019222e-01
2.125148332004453e-07	7.914508e-01	7.977861e-01	8.019244e-01
2.125358332004453e-07	7.914218e-01	7.978238e-01	8.019269e-01
2.125568332004453e-07	7.913927e-01	7.978618e-01	8.019297e-01
2.125778332004453e-07	7.913635e-01	7.979001e-01	8.019326e-01
2.125988332004454e-07	7.913343e-01	7.979388e-01	8.019358e-01
2.126215474861597e-07	7.913026e-01	7.979811e-01	8.019396e-01
2.126442617718740e-07	7.912709e-01	7.980237e-01	8.019438e-01
2.126669760575883e-07	7.912392e-01	7.980666e-01	8.019485e-01
2.126896903433026e-07	7.912075e-01	7.981098e-01	8.019535e-01
2.127124046290169e-07	7.911757e-01	7.981533e-01	8.019589e-01
2.127351189147312e-07	7.911439e-01	7.981972e-01	8.019647e-01
2.127578332004455e-07	7.911121e-01	7.982413e-01	8.019710e-01
2.127845474861599e-07	7.910747e-01	7.982936e-01	8.019789e-01
2.128112617718742e-07	7.910374e-01	7.983462e-01	8.019872e-01
2.128379760575885e-07	7.910001e-01	7.983990e-01	8.019961e-01
2.128646903433028e-07	7.909628e-01	7.984521e-01	8.020054e-01
2.128914046290171e-07	7.909255e-01	7.985055e-01	8.020153e-01
2.129181189147314e-07	7.908883e-01	7.985592e-01	8.020256e-01
2.129448332004457e-07	7.908512e-01	7.986131e-01	8.020363e-01
2.129458332004458e-07	7.908498e-01	7.986152e-01	8.020368e-01
2.130094046290173e-07	7.907615e-01	7.987449e-01	8.020651e-01
2.130729760575887e-07	7.906742e-01	7.988746e-01	8.020935e-01
2.131365474861603e-07	7.905878e-01	7.990043e-01	8.021218e-01
2.132001189147317e-07	7.905025e-01	7.991340e-01	8.021501e-01
2.132636903433033e-07	7.904182e-01	7.992637e-01	8.021784e-01
2.133272617718747e-07	7.903349e-01	7.993934e-01	8.022066e-01
2.133908332004463e-07	7.902526e-01	7.995231e-01	8.022348e-01
2.134322617718749e-07	7.901999e-01	7.996068e-01	8.022515e-01
2.134736903433035e-07	7.901480e-01	7.996899e-01	8.022670e-01
2.135151189147321e-07	7.900969e-01	7.997723e-01	8.022813e-01
2.135565474861607e-07	7.900465e-01	7.998542e-01	8.022945e-01
2.135979760575893e-07	7.899970e-01	7.999354e-01	8.023065e-01
2.136394046290180e-07	7.899482e-01	8.000159e-01	8.023172e-01
2.136808332004466e-07	7.899001e-01	8.000959e-01	8.023269e-01
2.137095474861609e-07	7.898674e-01	8.001507e-01	8.023326e-01
2.137382617718752e-07	7.898352e-01	8.002051e-01	8.023376e-01
2.137669760575895e-07	7.898034e-01	8.002591e-01	8.023418e-01
2.137956903433039e-07	7.897720e-01	8.003126e-01	8.023453e-01
2.138244046290182e-07	7.897412e-01	8.003656e-01	8.023481e-01
2.138531189147325e-07	7.897107e-01	8.004182e-01	8.023501e-01
2.138818332004468e-07	7.896808e-01	8.004704e-01	8.023514e-01
2.138942617718754e-07	7.896680e-01	8.004927e-01	8.023517e-01
2.139066903433040e-07	7.896553e-01	8.005150e-01	8.023518e-01
2.139191189147326e-07	7.896427e-01	8.005373e-01	8.023518e-01
2.139315474861612e-07	7.896302e-01	8.005594e-01	8.023517e-01
2.139439760575897e-07	7.896178e-01	8.005814e-01	8.023514e-01
2.139564046290183e-07	7.896055e-01	8.006033e-01	8.023510e-01
2.139688332004469e-07	7.895933e-01	8.006251e-01	8.023504e-01
2.139698332004469e-07	7.895923e-01	8.006268e-01	8.023504e-01
2.140058332004470e-07	7.895574e-01	8.006894e-01	8.023479e-01
2.140418332004470e-07	7.895235e-01	8.007511e-01	8.023441e-01
2.140778332004470e-07	7.894904e-01	8.008119e-01	8.023392e-01
2.141138332004471e-07	7.894582e-01	8.008717e-01	8.023331e-01
2.141498332004471e-07	7.894269e-01	8.009306e-01	8.023257e-01
2.141858332004472e-07	7.893964e-01	8.009886e-01	8.023172e-01
2.142218332004472e-07	7.893668e-01	8.010457e-01	8.023074e-01
2.142834046290187e-07	7.893184e-01	8.011410e-01	8.022878e-01
2.143449760575902e-07	7.892728e-01	8.012333e-01	8.022653e-01
2.144065474861617e-07	7.892301e-01	8.013225e-01	8.022401e-01
2.144681189147332e-07	7.891903e-01	8.014086e-01	8.022121e-01
2.145296903433047e-07	7.891534e-01	8.014917e-01	8.021813e-01
2.145912617718762e-07	7.891193e-01	8.015717e-01	8.021477e-01
2.146528332004477e-07	7.890882e-01	8.016487e-01	8.021113e-01
2.147014046290192e-07	7.890658e-01	8.017071e-01	8.020813e-01
2.147499760575906e-07	7.890453e-01	8.017635e-01	8.020504e-01
2.147985474861621e-07	7.890266e-01	8.018180e-01	8.020188e-01
2.148471189147336e-07	7.890099e-01	8.018706e-01	8.019864e-01
2.148956903433051e-07	7.889951e-01	8.019211e-01	8.019532e-01
2.149442617718766e-07	7.889821e-01	8.019697e-01	8.019192e-01
2.149928332004481e-07	7.889711e-01	8.020164e-01	8.018844e-01
2.149938332004481e-07	7.889708e-01	8.020173e-01	8.018837e-01
2.150332617718767e-07	7.889633e-01	8.020537e-01	8.018553e-01
2.150726903433053e-07	7.889570e-01	8.020888e-01	8.018271e-01
2.151121189147339e-07	7.889520e-01	8.021227e-01	8.017989e-01
2.151515474861625e-07	7.889482e-01	8.021554e-01	8.017708e-01
2.151909760575911e-07	7.889456e-01	8.021868e-01	8.017428e-01
2.152304046290198e-07	7.889443e-01	8.022170e-01	8.017148e-01
2.152698332004484e-07	7.889442e-01	8.022460e-01	8.016870e-01
2.153158332004484e-07	7.889456e-01	8.022782e-01	8.016549e-01
2.153618332004485e-07	7.889487e-01	8.023088e-01	8.016238e-01
2.154078332004485e-07	7.889535e-01	8.023379e-01	8.015935e-01
2.154538332004486e-07	7.889599e-01	8.023654e-01	8.015640e-01
2.154998332004486e-07	7.889679e-01	8.023913e-01	8.015355e-01
2.155458332004487e-07	7.889775e-01	8.024157e-01	8.015078e-01
2.155918332004488e-07	7.889888e-01	8.024385e-01	8.014811e-01
2.156286903433059e-07	7.889990e-01	8.024557e-01	8.014608e-01
2.156655474861631e-07	7.890101e-01	8.024720e-01	8.014408e-01
2.157024046290203e-07	7.890223e-01	8.024874e-01	8.014212e-01
2.157392617718775e-07	7.890354e-01	8.025019e-01	8.014019e-01
2.157761189147347e-07	7.890495e-01	8.025155e-01	8.013829e-01
2.158129760575919e-07	7.890646e-01	8.025282e-01	8.013643e-01
2.158498332004490e-07	7.890807e-01	8.025400e-01	8.013460e-01
2.158736903433062e-07	7.890916e-01	8.025472e-01	8.013341e-01
2.158975474861634e-07	7.891029e-01	8.025540e-01	8.013223e-01
2.159214046290206e-07	7.891146e-01	8.025605e-01	8.013106e-01
2.159452617718777e-07	7.891266e-01	8.025666e-01	8.012989e-01
2.159691189147349e-07	7.891391e-01	8.025725e-01	8.012874e-01
2.159929760575921e-07	7.891519e-01	8.025779e-01	8.012759e-01
2.160168332004492e-07	7.891651e-01	8.025831e-01	8.012645e-01
2.160178332004492e-07	7.891657e-01	8.025833e-01	8.012640e-01
2.160665474861636e-07	7.891940e-01	8.025926e-01	8.012407e-01
2.161152617718779e-07	7.892238e-01	8.026007e-01	8.012188e-01
2.161639760575923e-07	7.892550e-01	8.026076e-01	8.011981e-01
2.162126903433066e-07	7.892877e-01	8.026132e-01	8.011787e-01
2.162614046290210e-07	7.893219e-01	8.026175e-01	8.011606e-01
2.163101189147353e-07	7.893576e-01	8.026206e-01	8.011438e-01
2.163588332004496e-07	7.893947e-01	8.026224e-01	8.011283e-01
2.163869760575925e-07	7.894168e-01	8.026230e-01	8.011204e-01
2.164151189147354e-07	7.894393e-01	8.026232e-01	8.011132e-01
2.164432617718783e-07	7.894622e-01	8.026231e-01	8.011068e-01
2.164714046290212e-07	7.894856e-01	8.026226e-01	8.011010e-01
2.164995474861641e-07	7.895094e-01	8.026217e-01	8.010958e-01
2.165276903433070e-07	7.895336e-01	8.026205e-01	8.010914e-01
2.165558332004498e-07	7.895584e-01	8.026189e-01	8.010876e-01
2.165745474861642e-07	7.895750e-01	8.026177e-01	8.010855e-01
2.165932617718784e-07	7.895918e-01	8.026164e-01	8.010837e-01
2.166119760575928e-07	7.896088e-01	8.026149e-01	8.010822e-01
2.166306903433071e-07	7.896260e-01	8.026133e-01	8.010810e-01
2.166494046290214e-07	7.896433e-01	8.026115e-01	8.010800e-01
2.166681189147357e-07	7.896609e-01	8.026096e-01	8.010794e-01
2.166868332004500e-07	7.896786e-01	8.026075e-01	8.010790e-01
2.166995474861643e-07	7.896907e-01	8.026061e-01	8.010790e-01
2.167122617718786e-07	7.897029e-01	8.026046e-01	8.010790e-01
2.167249760575929e-07	7.897152e-01	8.026030e-01	8.010791e-01
2.167376903433072e-07	7.897276e-01	8.026013e-01	8.010794e-01
2.167504046290215e-07	7.897400e-01	8.025996e-01	8.010798e-01
2.167631189147358e-07	7.897526e-01	8.025979e-01	8.010804e-01
2.167758332004501e-07	7.897652e-01	8.025960e-01	8.010810e-01
2.168136903433073e-07	7.898031e-01	8.025902e-01	8.010837e-01
2.168515474861645e-07	7.898417e-01	8.025840e-01	8.010871e-01
2.168894046290217e-07	7.898809e-01	8.025773e-01	8.010912e-01
2.169272617718788e-07	7.899208e-01	8.025701e-01	8.010961e-01
2.169651189147360e-07	7.899612e-01	8.025625e-01	8.011016e-01
2.170029760575932e-07	7.900023e-01	8.025544e-01	8.011079e-01
2.170408332004504e-07	7.900441e-01	8.025458e-01	8.011149e-01
2.170418332004504e-07	7.900451e-01	8.025456e-01	8.011150e-01
2.170844046290219e-07	7.900927e-01	8.025355e-01	8.011234e-01
2.171269760575933e-07	7.901410e-01	8.025249e-01	8.011319e-01
2.171695474861648e-07	7.901899e-01	8.025139e-01	8.011406e-01
2.172121189147363e-07	7.902394e-01	8.025024e-01	8.011495e-01
2.172546903433078e-07	7.902895e-01	8.024905e-01	8.011585e-01
2.172972617718792e-07	7.903403e-01	8.024782e-01	8.011677e-01
2.173398332004507e-07	7.903917e-01	8.024654e-01	8.011771e-01
2.173775474861651e-07	7.904378e-01	8.024537e-01	8.011852e-01
2.174152617718794e-07	7.904842e-01	8.024418e-01	8.011931e-01
2.174529760575937e-07	7.905311e-01	8.024296e-01	8.012009e-01
2.174906903433081e-07	7.905783e-01	8.024172e-01	8.012085e-01
2.175284046290224e-07	7.906260e-01	8.024044e-01	8.012159e-01
2.175661189147367e-07	7.906740e-01	8.023914e-01	8.012231e-01
2.176038332004510e-07	7.907224e-01	8.023782e-01	8.012302e-01
2.176436903433082e-07	7.907740e-01	8.023639e-01	8.012373e-01
2.176835474861654e-07	7.908259e-01	8.023495e-01	8.012443e-01
2.177234046290226e-07	7.908782e-01	8.023348e-01	8.012512e-01
2.177632617718798e-07	7.909307e-01	8.023199e-01	8.012579e-01
2.178031189147370e-07	7.909837e-01	8.023048e-01	8.012645e-01
2.178429760575942e-07	7.910369e-01	8.022896e-01	8.012710e-01
2.178828332004513e-07	7.910905e-01	8.022740e-01	8.012773e-01
2.179088332004514e-07	7.911256e-01	8.022639e-01	8.012815e-01
2.179348332004514e-07	7.911608e-01	8.022536e-01	8.012857e-01
2.179608332004514e-07	7.911962e-01	8.022433e-01	8.012900e-01
2.179868332004515e-07	7.912316e-01	8.022329e-01	8.012943e-01
2.180128332004515e-07	7.912671e-01	8.022224e-01	8.012987e-01
2.180388332004515e-07	7.913028e-01	8.022119e-01	8.013031e-01
2.180648332004516e-07	7.913385e-01	8.022013e-01	8.013076e-01
2.180658332004516e-07	7.913399e-01	8.022010e-01	8.013078e-01
2.181391189147373e-07	7.914413e-01	8.021708e-01	8.013203e-01
2.182124046290232e-07	7.915432e-01	8.021403e-01	8.013351e-01
2.182856903433090e-07	7.916455e-01	8.021097e-01	8.013523e-01
2.183589760575947e-07	7.917483e-01	8.020787e-01	8.013720e-01
2.184322617718805e-07	7.918515e-01	8.020476e-01	8.013940e-01
2.185055474861663e-07	7.919552e-01	8.020162e-01	8.014184e-01
2.185788332004521e-07	7.920594e-01	8.019845e-01	8.014452e-01
2.186422617718808e-07	7.921496e-01	8.019571e-01	8.014719e-01
2.187056903433094e-07	7.922398e-01	8.019297e-01	8.015019e-01
2.187691189147381e-07	7.923300e-01	8.019024e-01	8.015351e-01
2.188325474861667e-07	7.924202e-01	8.018750e-01	8.015715e-01
2.188959760575954e-07	7.925104e-01	8.018477e-01	8.016112e-01
2.189594046290240e-07	7.926006e-01	8.018205e-01	8.016542e-01
2.190228332004526e-07	7.926908e-01	8.017932e-01	8.017004e-01
2.190898332004527e-07	7.927858e-01	8.017645e-01	8.017532e-01
2.191761189147385e-07	7.929080e-01	8.017278e-01	8.018277e-01
2.192624046290244e-07	7.930296e-01	8.016913e-01	8.019078e-01
2.193486903433102e-07	7.931505e-01	8.016552e-01	8.019936e-01
2.194349760575960e-07	7.932708e-01	8.016194e-01	8.020849e-01
2.195212617718818e-07	7.933905e-01	8.015839e-01	8.021819e-01
2.196075474861676e-07	7.935096e-01	8.015487e-01	8.022845e-01
2.196938332004534e-07	7.936280e-01	8.015139e-01	8.023927e-01
2.197536903433106e-07	7.937095e-01	8.014901e-01	8.024701e-01
2.198135474861678e-07	7.937906e-01	8.014664e-01	8.025488e-01
2.198734046290250e-07	7.938712e-01	8.014430e-01	8.026287e-01
2.199332617718822e-07	7.939513e-01	8.014199e-01	8.027099e-01
2.199931189147394e-07	7.940310e-01	8.013969e-01	8.027925e-01
2.200529760575967e-07	7.941101e-01	8.013741e-01	8.028763e-01
2.201128332004539e-07	7.941887e-01	8.013516e-01	8.029614e-01
2.201138332004539e-07	7.941900e-01	8.013512e-01	8.029628e-01
2.202465474861683e-07	7.943626e-01	8.013022e-01	8.031573e-01
2.203792617718827e-07	7.945321e-01	8.012544e-01	8.033469e-01
2.205119760575972e-07	7.946984e-01	8.012079e-01	8.035314e-01
2.206446903433116e-07	7.948617e-01	8.011626e-01	8.037110e-01
2.207774046290261e-07	7.950218e-01	8.011187e-01	8.038856e-01
2.209101189147405e-07	7.951789e-01	8.010760e-01	8.040553e-01
2.210428332004549e-07	7.953328e-01	8.010346e-01	8.042200e-01
2.211378332004550e-07	7.954407e-01	8.010057e-01	8.043275e-01
2.211856903433122e-07	7.954945e-01	8.009914e-01	8.043795e-01
2.212335474861694e-07	7.955478e-01	8.009773e-01	8.044297e-01
2.212814046290266e-07	7.956006e-01	8.009634e-01	8.044781e-01
2.213292617718838e-07	7.956529e-01	8.009496e-01	8.045248e-01
2.213771189147410e-07	7.957049e-01	8.009360e-01	8.045697e-01
2.214249760575982e-07	7.957563e-01	8.009226e-01	8.046128e-01
2.214728332004554e-07	7.958073e-01	8.009093e-01	8.046542e-01
2.214899760575983e-07	7.958254e-01	8.009046e-01	8.046686e-01
2.215071189147412e-07	7.958432e-01	8.008999e-01	8.046826e-01
2.215242617718840e-07	7.958608e-01	8.008951e-01	8.046965e-01
2.215414046290269e-07	7.958780e-01	8.008903e-01	8.047101e-01
2.215585474861698e-07	7.958949e-01	8.008854e-01	8.047234e-01
2.215756903433127e-07	7.959116e-01	8.008805e-01	8.047365e-01
2.215928332004556e-07	7.959279e-01	8.008756e-01	8.047493e-01
2.216114046290270e-07	7.959453e-01	8.008701e-01	8.047629e-01
2.216299760575985e-07	7.959625e-01	8.008643e-01	8.047762e-01
2.216485474861699e-07	7.959795e-01	8.008585e-01	8.047892e-01
2.216671189147413e-07	7.959963e-01	8.008524e-01	8.048019e-01
2.216856903433128e-07	7.960129e-01	8.008462e-01	8.048143e-01
2.217042617718842e-07	7.960294e-01	8.008398e-01	8.048264e-01
2.217228332004557e-07	7.960457e-01	8.008333e-01	8.048382e-01
2.217501189147414e-07	7.960697e-01	8.008232e-01	8.048550e-01
2.217774046290272e-07	7.960939e-01	8.008131e-01	8.048712e-01
2.218046903433129e-07	7.961182e-01	8.008030e-01	8.048866e-01
2.218319760575987e-07	7.961427e-01	8.007929e-01	8.049014e-01
2.218592617718844e-07	7.961673e-01	8.007827e-01	8.049155e-01
2.218865474861702e-07	7.961922e-01	8.007725e-01	8.049289e-01
2.219138332004559e-07	7.962171e-01	8.007623e-01	8.049417e-01
2.219359760575988e-07	7.962377e-01	8.007544e-01	8.049516e-01
2.219581189147417e-07	7.962583e-01	8.007469e-01	8.049611e-01
2.219802617718846e-07	7.962789e-01	8.007398e-01	8.049700e-01
2.220024046290275e-07	7.962995e-01	8.007331e-01	8.049786e-01
2.220245474861703e-07	7.963202e-01	8.007267e-01	8.049867e-01
2.220466903433132e-07	7.963408e-01	8.007208e-01	8.049944e-01
2.220688332004561e-07	7.963615e-01	8.007153e-01	8.050016e-01
2.220819760575990e-07	7.963737e-01	8.007123e-01	8.050057e-01
2.220951189147418e-07	7.963858e-01	8.007095e-01	8.050096e-01
2.221082617718847e-07	7.963978e-01	8.007069e-01	8.050134e-01
2.221214046290276e-07	7.964098e-01	8.007045e-01	8.050170e-01
2.221345474861705e-07	7.964217e-01	8.007023e-01	8.050205e-01
2.221476903433133e-07	7.964335e-01	8.007002e-01	8.050238e-01
2.221608332004562e-07	7.964453e-01	8.006983e-01	8.050269e-01
2.221618332004562e-07	7.964462e-01	8.006982e-01	8.050271e-01
2.221752617718848e-07	7.964581e-01	8.006965e-01	8.050301e-01
2.221886903433134e-07	7.964699e-01	8.006951e-01	8.050330e-01
2.222021189147420e-07	7.964815e-01	8.006937e-01	8.050357e-01
2.222155474861706e-07	7.964930e-01	8.006926e-01	8.050383e-01
2.222289760575991e-07	7.965043e-01	8.006917e-01	8.050407e-01
2.222424046290277e-07	7.965155e-01	8.006909e-01	8.050430e-01
2.222558332004563e-07	7.965266e-01	8.006903e-01	8.050451e-01
2.222651189147420e-07	7.965342e-01	8.006900e-01	8.050464e-01
2.222744046290278e-07	7.965417e-01	8.006897e-01	8.050477e-01
2.222836903433135e-07	7.965491e-01	8.006895e-01	8.050489e-01
2.222929760575992e-07	7.965564e-01	8.006894e-01	8.050500e-01
2.223022617718849e-07	7.965636e-01	8.006893e-01	8.050510e-01
2.223115474861707e-07	7.965707e-01	8.006893e-01	8.050520e-01
2.223208332004564e-07	7.965778e-01	8.006894e-01	8.050529e-01
2.223342617718850e-07	7.965879e-01	8.006896e-01	8.050540e-01
2.223476903433136e-07	7.965978e-01	8.006899e-01	8.050550e-01
2.223611189147421e-07	7.966074e-01	8.006902e-01	8.050559e-01
2.223745474861707e-07	7.966169e-01	8.006905e-01	8.050565e-01
2.223879760575993e-07	7.966262e-01	8.006910e-01	8.050571e-01
2.224014046290279e-07	7.966353e-01	8.006914e-01	8.050575e-01
2.224148332004565e-07	7.966442e-01	8.006920e-01	8.050577e-01
2.224399760575994e-07	7.966603e-01	8.006932e-01	8.050577e-01
2.224651189147423e-07	7.966758e-01	8.006941e-01	8.050571e-01
2.224902617718851e-07	7.966907e-01	8.006947e-01	8.050561e-01
2.225154046290280e-07	7.967049e-01	8.006949e-01	8.050544e-01
2.225405474861709e-07	7.967185e-01	8.006948e-01	8.050523e-01
2.225656903433138e-07	7.967314e-01	8.006945e-01	8.050496e-01
2.225908332004567e-07	7.967437e-01	8.006938e-01	8.050464e-01
2.226096903433139e-07	7.967526e-01	8.006927e-01	8.050437e-01
2.226285474861710e-07	7.967612e-01	8.006911e-01	8.050407e-01
2.226474046290282e-07	7.967696e-01	8.006890e-01	8.050374e-01
2.226662617718853e-07	7.967778e-01	8.006864e-01	8.050338e-01
2.226851189147425e-07	7.967857e-01	8.006833e-01	8.050300e-01
2.227039760575997e-07	7.967934e-01	8.006796e-01	8.050258e-01
2.227228332004568e-07	7.968008e-01	8.006755e-01	8.050213e-01
2.227472617718854e-07	7.968101e-01	8.006692e-01	8.050152e-01
2.227716903433140e-07	7.968193e-01	8.006617e-01	8.050085e-01
2.227961189147426e-07	7.968284e-01	8.006530e-01	8.050014e-01
2.228205474861712e-07	7.968373e-01	8.006431e-01	8.049939e-01
2.228449760575998e-07	7.968461e-01	8.006320e-01	8.049859e-01
2.228694046290284e-07	7.968548e-01	8.006196e-01	8.049775e-01
2.228938332004570e-07	7.968634e-01	8.006060e-01	8.049687e-01
2.229256903433142e-07	7.968746e-01	8.005862e-01	8.049564e-01
2.229575474861714e-07	7.968861e-01	8.005642e-01	8.049434e-01
2.229894046290286e-07	7.968980e-01	8.005400e-01	8.049297e-01
2.230212617718857e-07	7.969103e-01	8.005137e-01	8.049154e-01
2.230531189147429e-07	7.969229e-01	8.004852e-01	8.049003e-01
2.230849760576001e-07	7.969359e-01	8.004545e-01	8.048845e-01
2.231168332004573e-07	7.969493e-01	8.004217e-01	8.048680e-01
2.231858332004574e-07	7.969809e-01	8.003446e-01	8.048301e-01
2.232282617718860e-07	7.970019e-01	8.002922e-01	8.048052e-01
2.232706903433146e-07	7.970244e-01	8.002383e-01	8.047793e-01
2.233131189147432e-07	7.970483e-01	8.001830e-01	8.047523e-01
2.233555474861718e-07	7.970737e-01	8.001263e-01	8.047243e-01
2.233979760576005e-07	7.971007e-01	8.000682e-01	8.046953e-01
2.234404046290291e-07	7.971290e-01	8.000085e-01	8.046652e-01
2.234828332004577e-07	7.971589e-01	7.999475e-01	8.046340e-01
2.235359760576006e-07	7.971988e-01	7.998706e-01	8.045937e-01
2.235891189147435e-07	7.972405e-01	7.997974e-01	8.045520e-01
2.236422617718864e-07	7.972841e-01	7.997277e-01	8.045091e-01
2.236954046290294e-07	7.973294e-01	7.996616e-01	8.044649e-01
2.237485474861723e-07	7.973766e-01	7.995991e-01	8.044194e-01
2.238016903433152e-07	7.974256e-01	7.995401e-01	8.043727e-01
2.238548332004581e-07	7.974765e-01	7.994848e-01	8.043246e-01
2.238882617718867e-07	7.975089e-01	7.994542e-01	8.042939e-01
2.239216903433153e-07	7.975416e-01	7.994266e-01	8.042628e-01
2.239551189147439e-07	7.975746e-01	7.994020e-01	8.042313e-01
2.239885474861726e-07	7.976079e-01	7.993803e-01	8.041994e-01
2.240219760576012e-07	7.976415e-01	7.993616e-01	8.041671e-01
2.240554046290298e-07	7.976754e-01	7.993459e-01	8.041345e-01
2.240888332004584e-07	7.977096e-01	7.993332e-01	8.041015e-01
2.241048332004584e-07	7.977260e-01	7.993283e-01	8.040856e-01
2.241208332004584e-07	7.977424e-01	7.993242e-01	8.040696e-01
2.241368332004584e-07	7.977588e-01	7.993209e-01	8.040536e-01
2.241528332004585e-07	7.977753e-01	7.993184e-01	8.040374e-01
2.241688332004585e-07	7.977917e-01	7.993167e-01	8.040212e-01
2.241848332004585e-07	7.978082e-01	7.993157e-01	8.040049e-01
2.242008332004585e-07	7.978247e-01	7.993155e-01	8.039886e-01
2.242098332004585e-07	7.978339e-01	7.993157e-01	8.039794e-01
2.242329760576014e-07	7.978578e-01	7.993174e-01	8.039556e-01
2.242561189147443e-07	7.978817e-01	7.993208e-01	8.039316e-01
2.242792617718872e-07	7.979055e-01	7.993258e-01	8.039076e-01
2.243024046290301e-07	7.979293e-01	7.993324e-01	8.038834e-01
2.243255474861729e-07	7.979530e-01	7.993407e-01	8.038591e-01
2.243486903433158e-07	7.979767e-01	7.993506e-01	8.038347e-01
2.243718332004587e-07	7.980004e-01	7.993621e-01	8.038101e-01
2.244138332004588e-07	7.980433e-01	7.993874e-01	8.037653e-01
2.244558332004588e-07	7.980859e-01	7.994174e-01	8.037201e-01
2.244978332004588e-07	7.981283e-01	7.994521e-01	8.036747e-01
2.245398332004589e-07	7.981704e-01	7.994915e-01	8.036290e-01
2.245818332004589e-07	7.982123e-01	7.995355e-01	8.035830e-01
2.246238332004590e-07	7.982539e-01	7.995843e-01	8.035367e-01
2.246658332004590e-07	7.982952e-01	7.996377e-01	8.034902e-01
2.246678332004590e-07	7.982972e-01	7.996403e-01	8.034880e-01
2.246698332004590e-07	7.982991e-01	7.996429e-01	8.034858e-01
2.246834046290305e-07	7.983124e-01	7.996610e-01	8.034707e-01
2.246969760576019e-07	7.983256e-01	7.996794e-01	8.034556e-01
2.247105474861734e-07	7.983388e-01	7.996979e-01	8.034405e-01
2.247241189147448e-07	7.983520e-01	7.997165e-01	8.034254e-01
2.247376903433163e-07	7.983652e-01	7.997353e-01	8.034102e-01
2.247512617718877e-07	7.983783e-01	7.997542e-01	8.033951e-01
2.247648332004592e-07	7.983915e-01	7.997733e-01	8.033799e-01
2.248016903433163e-07	7.984266e-01	7.998242e-01	8.033386e-01
2.248385474861735e-07	7.984620e-01	7.998772e-01	8.032972e-01
2.248754046290307e-07	7.984976e-01	7.999321e-01	8.032557e-01
2.249122617718879e-07	7.985333e-01	7.999891e-01	8.032142e-01
2.249491189147451e-07	7.985693e-01	8.000482e-01	8.031726e-01
2.249859760576023e-07	7.986055e-01	8.001092e-01	8.031310e-01
2.250228332004594e-07	7.986418e-01	8.001723e-01	8.030893e-01
2.250524046290309e-07	7.986716e-01	8.002266e-01	8.030558e-01
2.250819760576024e-07	7.987022e-01	8.002827e-01	8.030224e-01
2.251115474861738e-07	7.987334e-01	8.003407e-01	8.029889e-01
2.251411189147453e-07	7.987652e-01	8.004005e-01	8.029555e-01
2.251706903433168e-07	7.987978e-01	8.004621e-01	8.029220e-01
2.252002617718882e-07	7.988310e-01	8.005256e-01	8.028886e-01
2.252298332004597e-07	7.988650e-01	8.005909e-01	8.028551e-01
2.252338332004597e-07	7.988696e-01	8.005998e-01	8.028506e-01
2.252762617718883e-07	7.989203e-01	8.006972e-01	8.028027e-01
2.253186903433169e-07	7.989725e-01	8.007936e-01	8.027549e-01
2.253611189147455e-07	7.990261e-01	8.008888e-01	8.027072e-01
2.254035474861742e-07	7.990811e-01	8.009830e-01	8.026597e-01
2.254459760576028e-07	7.991376e-01	8.010761e-01	8.026122e-01
2.254884046290314e-07	7.991954e-01	8.011681e-01	8.025649e-01
2.255308332004600e-07	7.992547e-01	8.012590e-01	8.025177e-01
2.255649760576029e-07	7.993031e-01	8.013280e-01	8.024798e-01
2.255991189147458e-07	7.993514e-01	8.013934e-01	8.024421e-01
2.256332617718887e-07	7.993995e-01	8.014554e-01	8.024045e-01
2.256674046290316e-07	7.994476e-01	8.015139e-01	8.023670e-01
2.257015474861745e-07	7.994956e-01	8.015689e-01	8.023297e-01
2.257356903433174e-07	7.995434e-01	8.016204e-01	8.022925e-01
2.257698332004603e-07	7.995912e-01	8.016685e-01	8.022555e-01
2.258021189147460e-07	7.996356e-01	8.017098e-01	8.022206e-01
2.258344046290318e-07	7.996790e-01	8.017477e-01	8.021859e-01
2.258666903433175e-07	7.997212e-01	8.017822e-01	8.021513e-01
2.258989760576033e-07	7.997623e-01	8.018134e-01	8.021168e-01
2.259312617718890e-07	7.998023e-01	8.018412e-01	8.020826e-01
2.259635474861748e-07	7.998412e-01	8.018656e-01	8.020485e-01
2.259958332004605e-07	7.998790e-01	8.018867e-01	8.020145e-01
2.260331189147463e-07	7.999206e-01	8.019068e-01	8.019755e-01
2.260704046290321e-07	7.999598e-01	8.019238e-01	8.019368e-01
2.261076903433178e-07	7.999964e-01	8.019377e-01	8.018983e-01
2.261449760576036e-07	8.000305e-01	8.019484e-01	8.018600e-01
2.261822617718893e-07	8.000622e-01	8.019559e-01	8.018220e-01
2.262195474861751e-07	8.000914e-01	8.019602e-01	8.017843e-01
2.262568332004608e-07	8.001181e-01	8.019614e-01	8.017468e-01
2.262578332004608e-07	8.001187e-01	8.019614e-01	8.017458e-01
2.262728332004609e-07	8.001286e-01	8.019614e-01	8.017308e-01
2.262878332004609e-07	8.001380e-01	8.019611e-01	8.017158e-01
2.263028332004609e-07	8.001469e-01	8.019605e-01	8.017009e-01
2.263178332004609e-07	8.001554e-01	8.019596e-01	8.016860e-01
2.263328332004609e-07	8.001635e-01	8.019584e-01	8.016712e-01
2.263478332004609e-07	8.001711e-01	8.019568e-01	8.016564e-01
2.263628332004610e-07	8.001782e-01	8.019550e-01	8.016417e-01
2.263882617718896e-07	8.001893e-01	8.019512e-01	8.016168e-01
2.264136903433182e-07	8.001991e-01	8.019468e-01	8.015921e-01
2.264391189147468e-07	8.002076e-01	8.019419e-01	8.015675e-01
2.264645474861754e-07	8.002148e-01	8.019364e-01	8.015430e-01
2.264899760576040e-07	8.002209e-01	8.019304e-01	8.015187e-01
2.265154046290326e-07	8.002256e-01	8.019238e-01	8.014945e-01
2.265408332004612e-07	8.002291e-01	8.019167e-01	8.014705e-01
2.265612617718897e-07	8.002311e-01	8.019107e-01	8.014512e-01
2.265816903433184e-07	8.002323e-01	8.019046e-01	8.014321e-01
2.266021189147469e-07	8.002328e-01	8.018982e-01	8.014131e-01
2.266225474861756e-07	8.002326e-01	8.018917e-01	8.013941e-01
2.266429760576041e-07	8.002316e-01	8.018849e-01	8.013753e-01
2.266634046290327e-07	8.002300e-01	8.018780e-01	8.013565e-01
2.266838332004613e-07	8.002276e-01	8.018708e-01	8.013378e-01
2.267196903433185e-07	8.002216e-01	8.018580e-01	8.013053e-01
2.267555474861757e-07	8.002139e-01	8.018446e-01	8.012730e-01
2.267914046290329e-07	8.002046e-01	8.018307e-01	8.012411e-01
2.268272617718901e-07	8.001935e-01	8.018163e-01	8.012095e-01
2.268631189147472e-07	8.001808e-01	8.018014e-01	8.011781e-01
2.268989760576044e-07	8.001665e-01	8.017860e-01	8.011471e-01
2.269348332004616e-07	8.001504e-01	8.017700e-01	8.011163e-01
2.269842617718902e-07	8.001258e-01	8.017475e-01	8.010745e-01
2.270336903433189e-07	8.000998e-01	8.017231e-01	8.010332e-01
2.270831189147475e-07	8.000723e-01	8.016969e-01	8.009925e-01
2.271325474861761e-07	8.000433e-01	8.016690e-01	8.009524e-01
2.271819760576047e-07	8.000128e-01	8.016393e-01	8.009129e-01
2.272314046290334e-07	7.999808e-01	8.016077e-01	8.008739e-01
2.272808332004620e-07	7.999473e-01	8.015744e-01	8.008356e-01
2.272818332004620e-07	7.999467e-01	8.015737e-01	8.008348e-01
2.273376903433192e-07	7.999083e-01	8.015329e-01	8.007923e-01
2.273935474861764e-07	7.998700e-01	8.014882e-01	8.007505e-01
2.274494046290336e-07	7.998317e-01	8.014397e-01	8.007094e-01
2.275052617718908e-07	7.997935e-01	8.013874e-01	8.006692e-01
2.275611189147480e-07	7.997554e-01	8.013313e-01	8.006297e-01
2.276169760576052e-07	7.997174e-01	8.012714e-01	8.005909e-01
2.276728332004624e-07	7.996794e-01	8.012077e-01	8.005530e-01
2.277368332004625e-07	7.996371e-01	8.011285e-01	8.005104e-01
2.278008332004626e-07	7.995959e-01	8.010448e-01	8.004689e-01
2.278648332004627e-07	7.995558e-01	8.009565e-01	8.004283e-01
2.279288332004627e-07	7.995166e-01	8.008635e-01	8.003887e-01
2.279928332004628e-07	7.994785e-01	8.007660e-01	8.003501e-01
2.280568332004629e-07	7.994414e-01	8.006638e-01	8.003125e-01
2.281208332004630e-07	7.994054e-01	8.005571e-01	8.002759e-01
2.281471189147487e-07	7.993909e-01	8.005125e-01	8.002611e-01
2.281734046290345e-07	7.993765e-01	8.004676e-01	8.002465e-01
2.281996903433202e-07	7.993623e-01	8.004223e-01	8.002321e-01
2.282259760576059e-07	7.993482e-01	8.003767e-01	8.002178e-01
2.282522617718917e-07	7.993343e-01	8.003306e-01	8.002037e-01
2.282785474861774e-07	7.993205e-01	8.002841e-01	8.001897e-01
2.283048332004632e-07	7.993068e-01	8.002373e-01	8.001759e-01
2.283058332004632e-07	7.993063e-01	8.002355e-01	8.001754e-01
2.283955474861776e-07	7.992610e-01	8.000700e-01	8.001296e-01
2.284852617718919e-07	7.992160e-01	7.999083e-01	8.000855e-01
2.285749760576063e-07	7.991714e-01	7.997503e-01	8.000432e-01
2.286646903433207e-07	7.991271e-01	7.995962e-01	8.000026e-01
2.287544046290351e-07	7.990832e-01	7.994459e-01	7.999638e-01
2.288441189147495e-07	7.990396e-01	7.992993e-01	7.999267e-01
2.289338332004639e-07	7.989963e-01	7.991566e-01	7.998914e-01
2.289902617718925e-07	7.989686e-01	7.990739e-01	7.998700e-01
2.290466903433212e-07	7.989408e-01	7.989959e-01	7.998492e-01
2.291031189147498e-07	7.989129e-01	7.989228e-01	7.998290e-01
2.291595474861784e-07	7.988849e-01	7.988545e-01	7.998095e-01
2.292159760576071e-07	7.988568e-01	7.987911e-01	7.997905e-01
2.292724046290357e-07	7.988286e-01	7.987325e-01	7.997722e-01
2.293288332004643e-07	7.988003e-01	7.986786e-01	7.997544e-01
2.293298332004643e-07	7.987998e-01	7.986777e-01	7.997541e-01
2.293795474861787e-07	7.987748e-01	7.986354e-01	7.997390e-01
2.294292617718930e-07	7.987500e-01	7.985975e-01	7.997243e-01
2.294789760576074e-07	7.987254e-01	7.985641e-01	7.997101e-01
2.295286903433217e-07	7.987008e-01	7.985352e-01	7.996963e-01
2.295784046290361e-07	7.986765e-01	7.985108e-01	7.996829e-01
2.296281189147504e-07	7.986523e-01	7.984908e-01	7.996699e-01
2.296778332004647e-07	7.986282e-01	7.984753e-01	7.996574e-01
2.297008332004647e-07	7.986172e-01	7.984696e-01	7.996517e-01
2.297238332004648e-07	7.986063e-01	7.984649e-01	7.996461e-01
2.297468332004648e-07	7.985955e-01	7.984611e-01	7.996406e-01
2.297698332004648e-07	7.985848e-01	7.984583e-01	7.996352e-01
2.297928332004649e-07	7.985741e-01	7.984564e-01	7.996299e-01
2.298158332004649e-07	7.985636e-01	7.984554e-01	7.996247e-01
2.298388332004649e-07	7.985532e-01	7.984554e-01	7.996196e-01
2.298758332004649e-07	7.985365e-01	7.984574e-01	7.996114e-01
2.299128332004650e-07	7.985203e-01	7.984615e-01	7.996035e-01
2.299498332004650e-07	7.985044e-01	7.984679e-01	7.995958e-01
2.299868332004651e-07	7.984889e-01	7.984764e-01	7.995883e-01
2.300238332004651e-07	7.984738e-01	7.984872e-01	7.995810e-01
2.300608332004652e-07	7.984590e-01	7.985002e-01	7.995740e-01
2.300978332004652e-07	7.984446e-01	7.985154e-01	7.995671e-01
2.301342617718938e-07	7.984309e-01	7.985323e-01	7.995605e-01
2.301706903433224e-07	7.984177e-01	7.985510e-01	7.995541e-01
2.302071189147510e-07	7.984051e-01	7.985715e-01	7.995479e-01
2.302435474861797e-07	7.983929e-01	7.985936e-01	7.995418e-01
2.302799760576083e-07	7.983813e-01	7.986175e-01	7.995360e-01
2.303164046290369e-07	7.983701e-01	7.986432e-01	7.995303e-01
2.303528332004655e-07	7.983595e-01	7.986705e-01	7.995248e-01
2.303538332004655e-07	7.983593e-01	7.986713e-01	7.995247e-01
2.303944046290370e-07	7.983482e-01	7.987037e-01	7.995188e-01
2.304349760576084e-07	7.983379e-01	7.987376e-01	7.995131e-01
2.304755474861799e-07	7.983285e-01	7.987730e-01	7.995075e-01
2.305161189147514e-07	7.983198e-01	7.988099e-01	7.995023e-01
2.305566903433229e-07	7.983120e-01	7.988484e-01	7.994972e-01
2.305972617718943e-07	7.983050e-01	7.988883e-01	7.994923e-01
2.306378332004658e-07	7.982988e-01	7.989298e-01	7.994876e-01
2.306618332004658e-07	7.982956e-01	7.989547e-01	7.994849e-01
2.306858332004659e-07	7.982927e-01	7.989800e-01	7.994823e-01
2.307098332004659e-07	7.982902e-01	7.990057e-01	7.994800e-01
2.307338332004659e-07	7.982879e-01	7.990316e-01	7.994778e-01
2.307578332004659e-07	7.982860e-01	7.990579e-01	7.994759e-01
2.307818332004660e-07	7.982844e-01	7.990846e-01	7.994741e-01
2.308058332004660e-07	7.982832e-01	7.991115e-01	7.994725e-01
2.308178332004660e-07	7.982826e-01	7.991251e-01	7.994718e-01
2.308298332004660e-07	7.982822e-01	7.991387e-01	7.994712e-01
2.308418332004660e-07	7.982819e-01	7.991524e-01	7.994707e-01
2.308538332004661e-07	7.982816e-01	7.991661e-01	7.994703e-01
2.308658332004661e-07	7.982814e-01	7.991799e-01	7.994699e-01
2.308778332004661e-07	7.982813e-01	7.991937e-01	7.994697e-01
2.308898332004661e-07	7.982813e-01	7.992076e-01	7.994695e-01
2.308991189147518e-07	7.982814e-01	7.992184e-01	7.994694e-01
2.309084046290376e-07	7.982815e-01	7.992292e-01	7.994693e-01
2.309176903433233e-07	7.982816e-01	7.992400e-01	7.994693e-01
2.309269760576090e-07	7.982818e-01	7.992508e-01	7.994694e-01
2.309362617718947e-07	7.982821e-01	7.992617e-01	7.994695e-01
2.309455474861805e-07	7.982824e-01	7.992726e-01	7.994696e-01
2.309548332004662e-07	7.982828e-01	7.992835e-01	7.994698e-01
2.309729760576090e-07	7.982836e-01	7.993049e-01	7.994703e-01
2.309911189147519e-07	7.982847e-01	7.993264e-01	7.994710e-01
2.310092617718948e-07	7.982859e-01	7.993478e-01	7.994718e-01
2.310274046290377e-07	7.982874e-01	7.993694e-01	7.994728e-01
2.310455474861806e-07	7.982890e-01	7.993910e-01	7.994739e-01
2.310636903433234e-07	7.982908e-01	7.994126e-01	7.994752e-01
2.310818332004663e-07	7.982928e-01	7.994342e-01	7.994767e-01
2.311135474861806e-07	7.982968e-01	7.994722e-01	7.994796e-01
2.311452617718949e-07	7.983015e-01	7.995101e-01	7.994827e-01
2.311769760576093e-07	7.983067e-01	7.995479e-01	7.994860e-01
2.312086903433236e-07	7.983125e-01	7.995857e-01	7.994896e-01
2.312404046290379e-07	7.983189e-01	7.996233e-01	7.994934e-01
2.312721189147522e-07	7.983259e-01	7.996608e-01	7.994974e-01
2.313038332004666e-07	7.983335e-01	7.996983e-01	7.995016e-01
2.313142617718951e-07	7.983361e-01	7.997105e-01	7.995030e-01
2.313246903433237e-07	7.983388e-01	7.997227e-01	7.995043e-01
2.313351189147523e-07	7.983416e-01	7.997349e-01	7.995057e-01
2.313455474861809e-07	7.983444e-01	7.997470e-01	7.995071e-01
2.313559760576095e-07	7.983473e-01	7.997592e-01	7.995085e-01
2.313664046290381e-07	7.983503e-01	7.997713e-01	7.995099e-01
2.313768332004666e-07	7.983533e-01	7.997833e-01	7.995114e-01
2.313778332004667e-07	7.983536e-01	7.997845e-01	7.995115e-01
2.314079760576095e-07	7.983627e-01	7.998192e-01	7.995156e-01
2.314381189147524e-07	7.983722e-01	7.998536e-01	7.995198e-01
2.314682617718953e-07	7.983823e-01	7.998875e-01	7.995239e-01
2.314984046290382e-07	7.983930e-01	7.999212e-01	7.995281e-01
2.315285474861811e-07	7.984041e-01	7.999544e-01	7.995324e-01
2.315586903433240e-07	7.984157e-01	7.999873e-01	7.995367e-01
2.315888332004669e-07	7.984278e-01	8.000199e-01	7.995410e-01
2.316416903433241e-07	7.984502e-01	8.000759e-01	7.995485e-01
2.316945474861813e-07	7.984741e-01	8.001301e-01	7.995566e-01
2.317474046290385e-07	7.984992e-01	8.001826e-01	7.995653e-01
2.318002617718957e-07	7.985258e-01	8.002334e-01	7.995745e-01
2.318531189147529e-07	7.985536e-01	8.002823e-01	7.995842e-01
2.319059760576101e-07	7.985829e-01	8.003295e-01	7.995945e-01
2.319588332004673e-07	7.986134e-01	8.003749e-01	7.996054e-01
2.319979760576102e-07	7.986368e-01	8.004071e-01	7.996141e-01
2.320371189147531e-07	7.986607e-01	8.004382e-01	7.996234e-01
2.320762617718960e-07	7.986852e-01	8.004680e-01	7.996331e-01
2.321154046290389e-07	7.987103e-01	8.004966e-01	7.996432e-01
2.321545474861818e-07	7.987359e-01	8.005240e-01	7.996538e-01
2.321936903433247e-07	7.987621e-01	8.005503e-01	7.996649e-01
2.322328332004676e-07	7.987889e-01	8.005753e-01	7.996764e-01
2.322568332004676e-07	7.988055e-01	8.005900e-01	7.996837e-01
2.322808332004677e-07	7.988223e-01	8.006043e-01	7.996910e-01
2.323048332004677e-07	7.988393e-01	8.006180e-01	7.996985e-01
2.323288332004677e-07	7.988564e-01	8.006313e-01	7.997060e-01
2.323528332004678e-07	7.988737e-01	8.006441e-01	7.997136e-01
2.323768332004678e-07	7.988911e-01	8.006565e-01	7.997214e-01
2.324008332004678e-07	7.989087e-01	8.006684e-01	7.997292e-01
2.324018332004678e-07	7.989095e-01	8.006688e-01	7.997295e-01
2.324679760576107e-07	7.989590e-01	8.006990e-01	7.997521e-01
2.325341189147537e-07	7.990092e-01	8.007255e-01	7.997737e-01
2.326002617718966e-07	7.990601e-01	8.007485e-01	7.997944e-01
2.326664046290396e-07	7.991117e-01	8.007680e-01	7.998141e-01
2.327325474861825e-07	7.991639e-01	8.007839e-01	7.998329e-01
2.327986903433254e-07	7.992168e-01	8.007963e-01	7.998507e-01
2.328648332004683e-07	7.992705e-01	8.008052e-01	7.998675e-01
2.328994046290398e-07	7.992985e-01	8.008085e-01	7.998750e-01
2.329339760576113e-07	7.993266e-01	8.008109e-01	7.998818e-01
2.329685474861827e-07	7.993547e-01	8.008125e-01	7.998878e-01
2.330031189147542e-07	7.993828e-01	8.008132e-01	7.998931e-01
2.330376903433257e-07	7.994110e-01	8.008130e-01	7.998976e-01
2.330722617718971e-07	7.994391e-01	8.008120e-01	7.999014e-01
2.331068332004686e-07	7.994673e-01	8.008101e-01	7.999045e-01
2.331226903433258e-07	7.994802e-01	8.008090e-01	7.999056e-01
2.331385474861829e-07	7.994931e-01	8.008077e-01	7.999065e-01
2.331544046290401e-07	7.995060e-01	8.008062e-01	7.999073e-01
2.331702617718972e-07	7.995189e-01	8.008046e-01	7.999078e-01
2.331861189147544e-07	7.995318e-01	8.008028e-01	7.999082e-01
2.332019760576116e-07	7.995446e-01	8.008008e-01	7.999083e-01
2.332178332004687e-07	7.995575e-01	8.007987e-01	7.999083e-01
2.332402617718973e-07	7.995757e-01	8.007953e-01	7.999080e-01
2.332626903433259e-07	7.995938e-01	8.007917e-01	7.999073e-01
2.332851189147545e-07	7.996118e-01	8.007878e-01	7.999063e-01
2.333075474861831e-07	7.996299e-01	8.007836e-01	7.999048e-01
2.333299760576117e-07	7.996479e-01	8.007790e-01	7.999030e-01
2.333524046290403e-07	7.996658e-01	8.007741e-01	7.999008e-01
2.333748332004689e-07	7.996837e-01	8.007690e-01	7.998983e-01
2.334258332004690e-07	7.997243e-01	8.007562e-01	7.998911e-01
2.334735474861833e-07	7.997620e-01	8.007428e-01	7.998825e-01
2.335212617718976e-07	7.997994e-01	8.007283e-01	7.998725e-01
2.335689760576120e-07	7.998363e-01	8.007127e-01	7.998611e-01
2.336166903433263e-07	7.998730e-01	8.006960e-01	7.998482e-01
2.336644046290407e-07	7.999092e-01	8.006782e-01	7.998339e-01
2.337121189147550e-07	7.999451e-01	8.006592e-01	7.998182e-01
2.337598332004694e-07	7.999806e-01	8.006392e-01	7.998011e-01
2.337824046290408e-07	7.999972e-01	8.006295e-01	7.997927e-01
2.338049760576123e-07	8.000138e-01	8.006195e-01	7.997841e-01
2.338275474861837e-07	8.000302e-01	8.006094e-01	7.997752e-01
2.338501189147552e-07	8.000465e-01	8.005991e-01	7.997661e-01
2.338726903433266e-07	8.000627e-01	8.005886e-01	7.997568e-01
2.338952617718981e-07	8.000788e-01	8.005779e-01	7.997473e-01
2.339178332004695e-07	8.000947e-01	8.005670e-01	7.997375e-01
2.339526903433267e-07	8.001192e-01	8.005498e-01	7.997220e-01
2.339875474861839e-07	8.001433e-01	8.005323e-01	7.997055e-01
2.340224046290411e-07	8.001672e-01	8.005145e-01	7.996881e-01
2.340572617718982e-07	8.001907e-01	8.004963e-01	7.996698e-01
2.340921189147554e-07	8.002140e-01	8.004777e-01	7.996506e-01
2.341269760576126e-07	8.002370e-01	8.004588e-01	7.996305e-01
2.341618332004698e-07	8.002596e-01	8.004396e-01	7.996094e-01
2.342011189147556e-07	8.002848e-01	8.004176e-01	7.995840e-01
2.342404046290413e-07	8.003096e-01	8.003953e-01	7.995576e-01
2.342796903433271e-07	8.003339e-01	8.003728e-01	7.995301e-01
2.343189760576128e-07	8.003578e-01	8.003500e-01	7.995015e-01
2.343582617718986e-07	8.003813e-01	8.003269e-01	7.994719e-01
2.343975474861844e-07	8.004043e-01	8.003035e-01	7.994412e-01
2.344368332004701e-07	8.004270e-01	8.002799e-01	7.994094e-01
2.344498332004701e-07	8.004344e-01	8.002720e-01	7.993989e-01
2.345119760576131e-07	8.004690e-01	8.002341e-01	7.993462e-01
2.345741189147560e-07	8.005026e-01	8.001961e-01	7.992947e-01
2.346362617718989e-07	8.005350e-01	8.001579e-01	7.992443e-01
2.346984046290419e-07	8.005663e-01	8.001195e-01	7.991952e-01
2.347605474861848e-07	8.005964e-01	8.000811e-01	7.991471e-01
2.348226903433277e-07	8.006254e-01	8.000425e-01	7.991003e-01
2.348848332004706e-07	8.006533e-01	8.000037e-01	7.990546e-01
2.349292617718992e-07	8.006725e-01	7.999762e-01	7.990248e-01
2.349736903433279e-07	8.006911e-01	7.999488e-01	7.989971e-01
2.350181189147565e-07	8.007092e-01	7.999215e-01	7.989716e-01
2.350625474861851e-07	8.007267e-01	7.998945e-01	7.989482e-01
2.351069760576137e-07	8.007436e-01	7.998675e-01	7.989269e-01
2.351514046290424e-07	8.007599e-01	7.998407e-01	7.989078e-01
2.351958332004710e-07	8.007757e-01	7.998140e-01	7.988908e-01
2.352279760576139e-07	8.007868e-01	7.997949e-01	7.988802e-01
2.352601189147568e-07	8.007975e-01	7.997760e-01	7.988709e-01
2.352922617718996e-07	8.008080e-01	7.997572e-01	7.988629e-01
2.353244046290426e-07	8.008181e-01	7.997385e-01	7.988562e-01
2.353565474861855e-07	8.008280e-01	7.997200e-01	7.988509e-01
2.353886903433283e-07	8.008375e-01	7.997016e-01	7.988468e-01
2.354208332004712e-07	8.008468e-01	7.996833e-01	7.988441e-01
2.354282617718998e-07	8.008489e-01	7.996791e-01	7.988437e-01
2.354356903433284e-07	8.008510e-01	7.996749e-01	7.988433e-01
2.354431189147570e-07	8.008531e-01	7.996708e-01	7.988430e-01
2.354505474861856e-07	8.008552e-01	7.996666e-01	7.988428e-01
2.354579760576141e-07	8.008572e-01	7.996624e-01	7.988426e-01
2.354654046290427e-07	8.008593e-01	7.996583e-01	7.988425e-01
2.354728332004713e-07	8.008613e-01	7.996542e-01	7.988425e-01
2.354738332004713e-07	8.008615e-01	7.996536e-01	7.988425e-01
2.354991189147570e-07	8.008683e-01	7.996396e-01	7.988430e-01
2.355244046290428e-07	8.008749e-01	7.996257e-01	7.988443e-01
2.355496903433285e-07	8.008813e-01	7.996119e-01	7.988464e-01
2.355749760576143e-07	8.008875e-01	7.995983e-01	7.988492e-01
2.356002617719000e-07	8.008936e-01	7.995847e-01	7.988528e-01
2.356255474861858e-07	8.008995e-01	7.995713e-01	7.988572e-01
2.356508332004715e-07	8.009052e-01	7.995580e-01	7.988624e-01
2.357065474861859e-07	8.009172e-01	7.995291e-01	7.988768e-01
2.357622617719002e-07	8.009285e-01	7.995009e-01	7.988942e-01
2.358179760576145e-07	8.009390e-01	7.994734e-01	7.989146e-01
2.358736903433289e-07	8.009487e-01	7.994465e-01	7.989380e-01
2.359294046290433e-07	8.009577e-01	7.994204e-01	7.989644e-01
2.359851189147576e-07	8.009659e-01	7.993949e-01	7.989938e-01
2.360408332004719e-07	8.009734e-01	7.993701e-01	7.990261e-01
2.361059760576149e-07	8.009812e-01	7.993421e-01	7.990673e-01
2.361711189147578e-07	8.009882e-01	7.993151e-01	7.991100e-01
2.362362617719007e-07	8.009943e-01	7.992892e-01	7.991544e-01
2.363014046290437e-07	8.009995e-01	7.992643e-01	7.992004e-01
2.363665474861866e-07	8.010039e-01	7.992405e-01	7.992480e-01
2.364316903433295e-07	8.010075e-01	7.992178e-01	7.992972e-01
2.364968332004725e-07	8.010101e-01	7.991961e-01	7.993480e-01
2.364978332004725e-07	8.010101e-01	7.991958e-01	7.993488e-01
2.365785474861868e-07	8.010123e-01	7.991704e-01	7.994123e-01
2.366592617719012e-07	8.010135e-01	7.991467e-01	7.994734e-01
2.367399760576156e-07	8.010136e-01	7.991247e-01	7.995320e-01
2.368206903433300e-07	8.010128e-01	7.991043e-01	7.995880e-01
2.369014046290444e-07	8.010110e-01	7.990855e-01	7.996416e-01
2.369821189147587e-07	8.010081e-01	7.990684e-01	7.996926e-01
2.370628332004731e-07	8.010042e-01	7.990530e-01	7.997411e-01
2.371165474861875e-07	8.010013e-01	7.990435e-01	7.997700e-01
2.371702617719018e-07	8.009980e-01	7.990348e-01	7.997963e-01
2.372239760576161e-07	8.009944e-01	7.990267e-01	7.998201e-01
2.372776903433305e-07	8.009904e-01	7.990193e-01	7.998414e-01
2.373314046290448e-07	8.009862e-01	7.990126e-01	7.998601e-01
2.373851189147592e-07	8.009816e-01	7.990065e-01	7.998763e-01
2.374388332004735e-07	8.009767e-01	7.990011e-01	7.998900e-01
2.375218332004736e-07	8.009686e-01	7.989940e-01	7.999052e-01
2.376708332004738e-07	8.009527e-01	7.989850e-01	7.999154e-01
2.377008332004738e-07	8.009492e-01	7.989838e-01	7.999147e-01
2.377308332004739e-07	8.009458e-01	7.989827e-01	7.999132e-01
2.377608332004739e-07	8.009422e-01	7.989818e-01	7.999107e-01
2.377908332004739e-07	8.009386e-01	7.989811e-01	7.999074e-01
2.378208332004740e-07	8.009349e-01	7.989806e-01	7.999032e-01
2.378508332004740e-07	8.009311e-01	7.989802e-01	7.998981e-01
2.378808332004740e-07	8.009273e-01	7.989801e-01	7.998921e-01
2.379428332004741e-07	8.009193e-01	7.989803e-01	7.998767e-01
2.380048332004742e-07	8.009110e-01	7.989812e-01	7.998582e-01
2.380668332004742e-07	8.009026e-01	7.989827e-01	7.998364e-01
2.381288332004743e-07	8.008939e-01	7.989850e-01	7.998115e-01
2.381908332004744e-07	8.008851e-01	7.989879e-01	7.997834e-01
2.382528332004744e-07	8.008761e-01	7.989914e-01	7.997522e-01
2.383148332004745e-07	8.008668e-01	7.989957e-01	7.997178e-01
2.383476903433312e-07	8.008619e-01	7.989982e-01	7.996986e-01
2.383805474861879e-07	8.008570e-01	7.990008e-01	7.996789e-01
2.384134046290446e-07	8.008520e-01	7.990036e-01	7.996586e-01
2.384462617719013e-07	8.008470e-01	7.990065e-01	7.996377e-01
2.384791189147580e-07	8.008419e-01	7.990096e-01	7.996162e-01
2.385119760576148e-07	8.008369e-01	7.990129e-01	7.995941e-01
2.385448332004714e-07	8.008317e-01	7.990163e-01	7.995715e-01
2.385458332004714e-07	8.008316e-01	7.990164e-01	7.995707e-01
2.386695474861826e-07	8.008120e-01	7.990310e-01	7.994770e-01
2.387932617718937e-07	8.007923e-01	7.990471e-01	7.993833e-01
2.389169760576049e-07	8.007724e-01	7.990649e-01	7.992896e-01
2.390406903433160e-07	8.007525e-01	7.990842e-01	7.991960e-01
2.391644046290272e-07	8.007325e-01	7.991051e-01	7.991024e-01
2.392881189147383e-07	8.007123e-01	7.991277e-01	7.990089e-01
2.394118332004495e-07	8.006921e-01	7.991518e-01	7.989154e-01
2.394342617718775e-07	8.006884e-01	7.991562e-01	7.988998e-01
2.394566903433055e-07	8.006848e-01	7.991607e-01	7.988845e-01
2.394791189147335e-07	8.006812e-01	7.991652e-01	7.988694e-01
2.395015474861615e-07	8.006776e-01	7.991697e-01	7.988545e-01
2.395239760575895e-07	8.006740e-01	7.991743e-01	7.988399e-01
2.395464046290175e-07	8.006704e-01	7.991789e-01	7.988255e-01
2.395688332004455e-07	8.006667e-01	7.991835e-01	7.988113e-01
2.395698332004455e-07	8.006666e-01	7.991838e-01	7.988107e-01
2.395955474861591e-07	8.006625e-01	7.991891e-01	7.987947e-01
2.396212617718727e-07	8.006584e-01	7.991945e-01	7.987791e-01
2.396469760575864e-07	8.006543e-01	7.991999e-01	7.987639e-01
2.396726903433000e-07	8.006502e-01	7.992054e-01	7.987491e-01
2.396984046290136e-07	8.006461e-01	7.992109e-01	7.987346e-01
2.397241189147273e-07	8.006420e-01	7.992165e-01	7.987206e-01
2.397498332004409e-07	8.006379e-01	7.992221e-01	7.987068e-01
2.397565474861550e-07	8.006368e-01	7.992236e-01	7.987033e-01
2.397632617718691e-07	8.006358e-01	7.992251e-01	7.986998e-01
2.397699760575833e-07	8.006347e-01	7.992266e-01	7.986964e-01
2.397766903432974e-07	8.006337e-01	7.992282e-01	7.986930e-01
2.397834046290115e-07	8.006326e-01	7.992298e-01	7.986896e-01
2.397901189147256e-07	8.006316e-01	7.992315e-01	7.986862e-01
2.397968332004397e-07	8.006305e-01	7.992331e-01	7.986828e-01
2.398062617718681e-07	8.006290e-01	7.992357e-01	7.986782e-01
2.398156903432964e-07	8.006276e-01	7.992383e-01	7.986736e-01
2.398251189147247e-07	8.006261e-01	7.992410e-01	7.986690e-01
2.398345474861531e-07	8.006246e-01	7.992438e-01	7.986645e-01
2.398439760575814e-07	8.006231e-01	7.992467e-01	7.986601e-01
2.398534046290097e-07	8.006216e-01	7.992497e-01	7.986558e-01
2.398628332004381e-07	8.006201e-01	7.992527e-01	7.986515e-01
2.398821189147233e-07	8.006170e-01	7.992595e-01	7.986428e-01
2.399014046290085e-07	8.006139e-01	7.992661e-01	7.986344e-01
2.399206903432937e-07	8.006107e-01	7.992725e-01	7.986263e-01
2.399399760575790e-07	8.006075e-01	7.992788e-01	7.986184e-01
2.399592617718642e-07	8.006041e-01	7.992849e-01	7.986108e-01
2.399785474861494e-07	8.006007e-01	7.992909e-01	7.986034e-01
2.399978332004346e-07	8.005973e-01	7.992967e-01	7.985963e-01
2.400088332004344e-07	8.005952e-01	7.992996e-01	7.985924e-01
2.400198332004341e-07	8.005930e-01	7.993023e-01	7.985885e-01
2.400308332004338e-07	8.005908e-01	7.993047e-01	7.985848e-01
2.400418332004335e-07	8.005885e-01	7.993069e-01	7.985811e-01
2.400528332004332e-07	8.005862e-01	7.993089e-01	7.985775e-01
2.400638332004330e-07	8.005839e-01	7.993107e-01	7.985740e-01
2.400748332004327e-07	8.005815e-01	7.993122e-01	7.985706e-01
2.400821189147182e-07	8.005798e-01	7.993130e-01	7.985684e-01
2.400894046290037e-07	8.005781e-01	7.993137e-01	7.985662e-01
2.400966903432893e-07	8.005764e-01	7.993144e-01	7.985641e-01
2.401039760575748e-07	8.005746e-01	7.993149e-01	7.985620e-01
2.401112617718603e-07	8.005728e-01	7.993152e-01	7.985599e-01
2.401185474861459e-07	8.005710e-01	7.993155e-01	7.985579e-01
2.401258332004314e-07	8.005691e-01	7.993156e-01	7.985559e-01
2.401316903432884e-07	8.005676e-01	7.993157e-01	7.985543e-01
2.401375474861454e-07	8.005660e-01	7.993156e-01	7.985528e-01
2.401434046290024e-07	8.005644e-01	7.993155e-01	7.985512e-01
2.401492617718594e-07	8.005628e-01	7.993153e-01	7.985497e-01
2.401551189147164e-07	8.005612e-01	7.993151e-01	7.985483e-01
2.401609760575734e-07	8.005595e-01	7.993147e-01	7.985469e-01
2.401668332004303e-07	8.005579e-01	7.993143e-01	7.985455e-01
2.401791189147158e-07	8.005542e-01	7.993132e-01	7.985426e-01
2.401914046290012e-07	8.005505e-01	7.993118e-01	7.985398e-01
2.402036903432866e-07	8.005467e-01	7.993101e-01	7.985371e-01
2.402159760575720e-07	8.005427e-01	7.993082e-01	7.985346e-01
2.402282617718574e-07	8.005386e-01	7.993060e-01	7.985321e-01
2.402405474861428e-07	8.005343e-01	7.993036e-01	7.985298e-01
2.402528332004282e-07	8.005300e-01	7.993009e-01	7.985277e-01
2.402814046289989e-07	8.005192e-01	7.992933e-01	7.985230e-01
2.403099760575696e-07	8.005080e-01	7.992855e-01	7.985189e-01
2.403385474861403e-07	8.004961e-01	7.992776e-01	7.985154e-01
2.403671189147110e-07	8.004838e-01	7.992696e-01	7.985126e-01
2.403956903432817e-07	8.004708e-01	7.992614e-01	7.985104e-01
2.404242617718524e-07	8.004573e-01	7.992531e-01	7.985088e-01
2.404528332004231e-07	8.004432e-01	7.992447e-01	7.985078e-01
2.404681189147084e-07	8.004356e-01	7.992408e-01	7.985075e-01
2.404834046289938e-07	8.004279e-01	7.992373e-01	7.985074e-01
2.404986903432791e-07	8.004201e-01	7.992341e-01	7.985075e-01
2.405139760575644e-07	8.004123e-01	7.992313e-01	7.985078e-01
2.405292617718497e-07	8.004045e-01	7.992288e-01	7.985082e-01
2.405445474861351e-07	8.003965e-01	7.992267e-01	7.985089e-01
2.405598332004204e-07	8.003886e-01	7.992249e-01	7.985097e-01
2.405645474861346e-07	8.003861e-01	7.992244e-01	7.985099e-01
2.405692617718487e-07	8.003837e-01	7.992240e-01	7.985102e-01
2.405739760575629e-07	8.003812e-01	7.992236e-01	7.985106e-01
2.405786903432771e-07	8.003788e-01	7.992233e-01	7.985109e-01
2.405834046289912e-07	8.003763e-01	7.992231e-01	7.985112e-01
2.405881189147054e-07	8.003739e-01	7.992229e-01	7.985116e-01
2.405928332004196e-07	8.003714e-01	7.992227e-01	7.985120e-01
2.405938332004195e-07	8.003709e-01	7.992226e-01	7.985120e-01
2.406012617718479e-07	8.003670e-01	7.992225e-01	7.985127e-01
2.406086903432763e-07	8.003632e-01	7.992224e-01	7.985134e-01
2.406161189147047e-07	8.003594e-01	7.992225e-01	7.985141e-01
2.406235474861331e-07	8.003555e-01	7.992227e-01	7.985149e-01
2.406309760575614e-07	8.003517e-01	7.992230e-01	7.985157e-01
2.406384046289898e-07	8.003479e-01	7.992235e-01	7.985165e-01
2.406458332004182e-07	8.003441e-01	7.992240e-01	7.985174e-01
2.406611189147035e-07	8.003363e-01	7.992256e-01	7.985194e-01
2.406764046289889e-07	8.003287e-01	7.992277e-01	7.985215e-01
2.406916903432742e-07	8.003211e-01	7.992303e-01	7.985238e-01
2.407069760575595e-07	8.003137e-01	7.992336e-01	7.985262e-01
2.407222617718448e-07	8.003064e-01	7.992373e-01	7.985289e-01
2.407375474861302e-07	8.002992e-01	7.992417e-01	7.985317e-01
2.407528332004155e-07	8.002921e-01	7.992465e-01	7.985346e-01
2.407786903432720e-07	8.002805e-01	7.992562e-01	7.985401e-01
2.408045474861285e-07	8.002694e-01	7.992673e-01	7.985460e-01
2.408304046289850e-07	8.002589e-01	7.992798e-01	7.985523e-01
2.408562617718415e-07	8.002491e-01	7.992937e-01	7.985591e-01
2.408821189146979e-07	8.002399e-01	7.993091e-01	7.985664e-01
2.409079760575544e-07	8.002312e-01	7.993259e-01	7.985742e-01
2.409338332004109e-07	8.002232e-01	7.993441e-01	7.985824e-01
2.409566903432675e-07	8.002168e-01	7.993612e-01	7.985901e-01
2.409795474861240e-07	8.002109e-01	7.993789e-01	7.985981e-01
2.410024046289806e-07	8.002057e-01	7.993974e-01	7.986065e-01
2.410252617718372e-07	8.002010e-01	7.994165e-01	7.986151e-01
2.410481189146937e-07	8.001969e-01	7.994363e-01	7.986241e-01
2.410709760575503e-07	8.001934e-01	7.994568e-01	7.986335e-01
2.410938332004069e-07	8.001904e-01	7.994780e-01	7.986432e-01
2.411086903432636e-07	8.001889e-01	7.994919e-01	7.986496e-01
2.411235474861204e-07	8.001875e-01	7.995059e-01	7.986563e-01
2.411384046289772e-07	8.001864e-01	7.995201e-01	7.986630e-01
2.411532617718339e-07	8.001855e-01	7.995344e-01	7.986699e-01
2.411681189146907e-07	8.001848e-01	7.995488e-01	7.986769e-01
2.411829760575475e-07	8.001844e-01	7.995633e-01	7.986840e-01
2.411978332004042e-07	8.001842e-01	7.995780e-01	7.986913e-01
2.412096903432611e-07	8.001842e-01	7.995897e-01	7.986972e-01
2.412215474861179e-07	8.001843e-01	7.996015e-01	7.987032e-01
2.412334046289748e-07	8.001845e-01	7.996132e-01	7.987093e-01
2.412452617718316e-07	8.001849e-01	7.996250e-01	7.987154e-01
2.412571189146884e-07	8.001853e-01	7.996367e-01	7.987216e-01
2.412689760575453e-07	8.001860e-01	7.996485e-01	7.987279e-01
2.412808332004021e-07	8.001867e-01	7.996603e-01	7.987343e-01
2.413129760575442e-07	8.001894e-01	7.996923e-01	7.987520e-01
2.413451189146862e-07	8.001927e-01	7.997238e-01	7.987703e-01
2.413772617718283e-07	8.001964e-01	7.997547e-01	7.987891e-01
2.414094046289703e-07	8.002006e-01	7.997851e-01	7.988084e-01
2.414415474861123e-07	8.002053e-01	7.998150e-01	7.988282e-01
2.414736903432544e-07	8.002106e-01	7.998443e-01	7.988486e-01
2.415058332003964e-07	8.002163e-01	7.998731e-01	7.988695e-01
2.415216903432532e-07	8.002191e-01	7.998869e-01	7.988800e-01
2.415375474861099e-07	8.002219e-01	7.999005e-01	7.988906e-01
2.415534046289666e-07	8.002247e-01	7.999139e-01	7.989013e-01
2.415692617718234e-07	8.002275e-01	7.999271e-01	7.989121e-01
2.415851189146801e-07	8.002303e-01	7.999400e-01	7.989230e-01
2.416009760575369e-07	8.002331e-01	7.999527e-01	7.989340e-01
2.416168332003936e-07	8.002359e-01	7.999653e-01	7.989451e-01
2.416178332003936e-07	8.002361e-01	7.999660e-01	7.989458e-01
2.416456903432500e-07	8.002410e-01	7.999874e-01	7.989657e-01
2.416735474861065e-07	8.002455e-01	8.000081e-01	7.989858e-01
2.417014046289629e-07	8.002498e-01	8.000280e-01	7.990063e-01
2.417292617718193e-07	8.002537e-01	8.000473e-01	7.990270e-01
2.417571189146758e-07	8.002574e-01	8.000658e-01	7.990480e-01
2.417849760575322e-07	8.002607e-01	8.000837e-01	7.990693e-01
2.418128332003886e-07	8.002637e-01	8.001008e-01	7.990909e-01
2.418299760575311e-07	8.002653e-01	8.001110e-01	7.991043e-01
2.418471189146735e-07	8.002666e-01	8.001209e-01	7.991178e-01
2.418642617718159e-07	8.002678e-01	8.001306e-01	7.991314e-01
2.418814046289583e-07	8.002687e-01	8.001401e-01	7.991450e-01
2.418985474861008e-07	8.002695e-01	8.001493e-01	7.991588e-01
2.419156903432432e-07	8.002700e-01	8.001583e-01	7.991726e-01
2.419328332003856e-07	8.002704e-01	8.001670e-01	7.991866e-01
2.419438332003853e-07	8.002705e-01	8.001725e-01	7.991955e-01
2.419548332003850e-07	8.002705e-01	8.001779e-01	7.992045e-01
2.419658332003848e-07	8.002704e-01	8.001832e-01	7.992136e-01
2.419768332003845e-07	8.002702e-01	8.001884e-01	7.992227e-01
2.419878332003842e-07	8.002699e-01	8.001935e-01	7.992318e-01
2.419988332003839e-07	8.002695e-01	8.001986e-01	7.992409e-01
2.420098332003837e-07	8.002691e-01	8.002035e-01	7.992501e-01
2.420321189146688e-07	8.002678e-01	8.002132e-01	7.992688e-01
2.420544046289540e-07	8.002661e-01	8.002226e-01	7.992876e-01
2.420766903432391e-07	8.002640e-01	8.002316e-01	7.993065e-01
2.420989760575243e-07	8.002615e-01	8.002404e-01	7.993255e-01
2.421212617718094e-07	8.002586e-01	8.002488e-01	7.993446e-01
2.421435474860946e-07	8.002553e-01	8.002569e-01	7.993638e-01
2.421658332003797e-07	8.002516e-01	8.002647e-01	7.993831e-01
2.421999760575217e-07	8.002451e-01	8.002760e-01	7.994129e-01
2.422341189146637e-07	8.002378e-01	8.002866e-01	7.994429e-01
2.422682617718057e-07	8.002297e-01	8.002966e-01	7.994730e-01
2.423024046289477e-07	8.002209e-01	8.003059e-01	7.995032e-01
2.423365474860897e-07	8.002113e-01	8.003146e-01	7.995336e-01
2.423706903432317e-07	8.002009e-01	8.003226e-01	7.995641e-01
2.424048332003736e-07	8.001897e-01	8.003299e-01	7.995948e-01
2.424385474860871e-07	8.001781e-01	8.003366e-01	7.996252e-01
2.424722617718005e-07	8.001663e-01	8.003426e-01	7.996557e-01
2.425059760575139e-07	8.001541e-01	8.003479e-01	7.996862e-01
2.425396903432274e-07	8.001417e-01	8.003525e-01	7.997167e-01
2.425734046289408e-07	8.001290e-01	8.003564e-01	7.997473e-01
2.426071189146542e-07	8.001161e-01	8.003596e-01	7.997779e-01
2.426408332003677e-07	8.001029e-01	8.003621e-01	7.998086e-01
2.426418332003676e-07	8.001025e-01	8.003622e-01	7.998095e-01
2.426842617717951e-07	8.000857e-01	8.003643e-01	7.998481e-01
2.427266903432226e-07	8.000697e-01	8.003651e-01	7.998867e-01
2.427691189146501e-07	8.000542e-01	8.003644e-01	7.999251e-01
2.428115474860776e-07	8.000394e-01	8.003623e-01	7.999634e-01
2.428539760575051e-07	8.000253e-01	8.003589e-01	8.000017e-01
2.428964046289326e-07	8.000118e-01	8.003540e-01	8.000398e-01
2.429388332003601e-07	7.999989e-01	8.003477e-01	8.000779e-01
2.429528332003598e-07	7.999951e-01	8.003453e-01	8.000904e-01
2.429538332003597e-07	7.999948e-01	8.003452e-01	8.000913e-01
2.429548332003597e-07	7.999945e-01	8.003451e-01	8.000922e-01
2.429558332003597e-07	7.999942e-01	8.003446e-01	8.000931e-01
2.429568332003597e-07	7.999940e-01	8.003443e-01	8.000940e-01
2.429578332003596e-07	7.999937e-01	8.003445e-01	8.000949e-01
2.429588332003596e-07	7.999935e-01	8.003442e-01	8.000958e-01
2.429675474860737e-07	7.999912e-01	8.003426e-01	8.001036e-01
2.429762617717877e-07	7.999889e-01	8.003408e-01	8.001113e-01
2.429849760575018e-07	7.999868e-01	8.003390e-01	8.001191e-01
2.429936903432159e-07	7.999848e-01	8.003371e-01	8.001268e-01
2.430024046289299e-07	7.999829e-01	8.003352e-01	8.001346e-01
2.430111189146440e-07	7.999811e-01	8.003332e-01	8.001423e-01
2.430198332003581e-07	7.999794e-01	8.003312e-01	8.001500e-01
2.430289760575007e-07	7.999777e-01	8.003290e-01	8.001581e-01
2.430381189146433e-07	7.999762e-01	8.003267e-01	8.001662e-01
2.430472617717859e-07	7.999749e-01	8.003244e-01	8.001743e-01
2.430564046289286e-07	7.999737e-01	8.003220e-01	8.001823e-01
2.430655474860712e-07	7.999726e-01	8.003196e-01	8.001904e-01
2.430746903432138e-07	7.999717e-01	8.003171e-01	8.001984e-01
2.430838332003564e-07	7.999709e-01	8.003145e-01	8.002065e-01
2.430914046289277e-07	7.999703e-01	8.003124e-01	8.002131e-01
2.430989760574989e-07	7.999698e-01	8.003103e-01	8.002197e-01
2.431065474860702e-07	7.999695e-01	8.003081e-01	8.002264e-01
2.431141189146414e-07	7.999692e-01	8.003059e-01	8.002330e-01
2.431216903432126e-07	7.999690e-01	8.003036e-01	8.002396e-01
2.431292617717839e-07	7.999689e-01	8.003013e-01	8.002462e-01
2.431368332003551e-07	7.999688e-01	8.002990e-01	8.002528e-01
2.431508332003547e-07	7.999691e-01	8.002948e-01	8.002650e-01
2.431648332003544e-07	7.999695e-01	8.002905e-01	8.002771e-01
2.431788332003540e-07	7.999702e-01	8.002860e-01	8.002892e-01
2.431928332003537e-07	7.999711e-01	8.002815e-01	8.003013e-01
2.432068332003533e-07	7.999722e-01	8.002769e-01	8.003133e-01
2.432208332003530e-07	7.999735e-01	8.002722e-01	8.003253e-01
2.432348332003526e-07	7.999751e-01	8.002675e-01	8.003373e-01
2.432501189146379e-07	7.999770e-01	8.002622e-01	8.003504e-01
2.432654046289233e-07	7.999791e-01	8.002567e-01	8.003634e-01
2.432806903432086e-07	7.999814e-01	8.002511e-01	8.003763e-01
2.432959760574939e-07	7.999839e-01	8.002453e-01	8.003892e-01
2.433112617717793e-07	7.999865e-01	8.002393e-01	8.004021e-01
2.433265474860646e-07	7.999893e-01	8.002332e-01	8.004149e-01
2.433418332003499e-07	7.999923e-01	8.002269e-01	8.004277e-01
2.433619760574923e-07	7.999964e-01	8.002183e-01	8.004445e-01
2.433821189146346e-07	8.000008e-01	8.002092e-01	8.004612e-01
2.434022617717769e-07	8.000056e-01	8.001996e-01	8.004779e-01
2.434224046289193e-07	8.000106e-01	8.001895e-01	8.004944e-01
2.434425474860616e-07	8.000160e-01	8.001788e-01	8.005109e-01
2.434626903432040e-07	8.000216e-01	8.001676e-01	8.005273e-01
2.434828332003463e-07	8.000276e-01	8.001559e-01	8.005435e-01
2.435088332003457e-07	8.000358e-01	8.001398e-01	8.005644e-01
2.435348332003450e-07	8.000448e-01	8.001226e-01	8.005852e-01
2.435608332003444e-07	8.000547e-01	8.001041e-01	8.006058e-01
2.435868332003437e-07	8.000654e-01	8.000846e-01	8.006262e-01
2.436128332003430e-07	8.000770e-01	8.000638e-01	8.006465e-01
2.436388332003424e-07	8.000895e-01	8.000419e-01	8.006666e-01
2.436648332003417e-07	8.001028e-01	8.000189e-01	8.006866e-01
2.436658332003417e-07	8.001033e-01	8.000180e-01	8.006873e-01
2.436975474860552e-07	8.001211e-01	7.999879e-01	8.007114e-01
2.437292617717687e-07	8.001406e-01	7.999567e-01	8.007353e-01
2.437609760574821e-07	8.001619e-01	7.999243e-01	8.007589e-01
2.437926903431956e-07	8.001851e-01	7.998909e-01	8.007823e-01
2.438244046289091e-07	8.002100e-01	7.998563e-01	8.008054e-01
2.438561189146226e-07	8.002367e-01	7.998205e-01	8.008282e-01
2.438878332003361e-07	8.002651e-01	7.997836e-01	8.008507e-01
2.439289760574779e-07	8.003054e-01	7.997344e-01	8.008796e-01
2.439701189146197e-07	8.003481e-01	7.996865e-01	8.009080e-01
2.440112617717615e-07	8.003934e-01	7.996399e-01	8.009359e-01
2.440524046289033e-07	8.004411e-01	7.995946e-01	8.009633e-01
2.440935474860451e-07	8.004914e-01	7.995507e-01	8.009902e-01
2.441346903431870e-07	8.005442e-01	7.995081e-01	8.010167e-01
2.441758332003288e-07	8.005995e-01	7.994668e-01	8.010427e-01
2.442049760574709e-07	8.006395e-01	7.994402e-01	8.010608e-01
2.442341189146130e-07	8.006799e-01	7.994158e-01	8.010787e-01
2.442632617717551e-07	8.007206e-01	7.993934e-01	8.010963e-01
2.442924046288973e-07	8.007618e-01	7.993732e-01	8.011137e-01
2.443215474860394e-07	8.008033e-01	7.993551e-01	8.011308e-01
2.443506903431815e-07	8.008452e-01	7.993392e-01	8.011477e-01
2.443798332003236e-07	8.008875e-01	7.993253e-01	8.011643e-01
2.443972617717517e-07	8.009126e-01	7.993184e-01	8.011741e-01
2.444146903431799e-07	8.009376e-01	7.993124e-01	8.011838e-01
2.444321189146080e-07	8.009625e-01	7.993074e-01	8.011934e-01
2.444495474860361e-07	8.009874e-01	7.993033e-01	8.012029e-01
2.444669760574643e-07	8.010121e-01	7.993001e-01	8.012124e-01
2.444844046288924e-07	8.010367e-01	7.992978e-01	8.012218e-01
2.445018332003205e-07	8.010612e-01	7.992965e-01	8.012310e-01
2.445111189146060e-07	8.010742e-01	7.992962e-01	8.012359e-01
2.445204046288915e-07	8.010871e-01	7.992961e-01	8.012408e-01
2.445296903431770e-07	8.010999e-01	7.992963e-01	8.012456e-01
2.445389760574624e-07	8.011126e-01	7.992968e-01	8.012504e-01
2.445482617717479e-07	8.011253e-01	7.992976e-01	8.012552e-01
2.445575474860334e-07	8.011380e-01	7.992987e-01	8.012600e-01
2.445668332003189e-07	8.011506e-01	7.993000e-01	8.012648e-01
2.445842617717470e-07	8.011740e-01	7.993032e-01	8.012736e-01
2.446016903431751e-07	8.011971e-01	7.993073e-01	8.012823e-01
2.446191189146033e-07	8.012199e-01	7.993123e-01	8.012910e-01
2.446365474860314e-07	8.012423e-01	7.993182e-01	8.012995e-01
2.446539760574595e-07	8.012644e-01	7.993251e-01	8.013080e-01
2.446714046288876e-07	8.012862e-01	7.993328e-01	8.013164e-01
2.446888332003158e-07	8.013077e-01	7.993415e-01	8.013247e-01
2.446898332003158e-07	8.013089e-01	7.993420e-01	8.013251e-01
2.447289760574576e-07	8.013557e-01	7.993653e-01	8.013434e-01
2.447681189145995e-07	8.014002e-01	7.993920e-01	8.013612e-01
2.448072617717414e-07	8.014423e-01	7.994221e-01	8.013786e-01
2.448464046288832e-07	8.014819e-01	7.994556e-01	8.013955e-01
2.448855474860251e-07	8.015192e-01	7.994925e-01	8.014119e-01
2.449246903431669e-07	8.015541e-01	7.995327e-01	8.014279e-01
2.449638332003088e-07	8.015866e-01	7.995764e-01	8.014434e-01
2.450065474860220e-07	8.016187e-01	7.996269e-01	8.014598e-01
2.450492617717352e-07	8.016476e-01	7.996784e-01	8.014758e-01
2.450919760574484e-07	8.016732e-01	7.997310e-01	8.014911e-01
2.451346903431616e-07	8.016957e-01	7.997845e-01	8.015060e-01
2.451774046288748e-07	8.017149e-01	7.998390e-01	8.015204e-01
2.452201189145880e-07	8.017309e-01	7.998946e-01	8.015342e-01
2.452628332003012e-07	8.017437e-01	7.999511e-01	8.015475e-01
2.452866903431578e-07	8.017495e-01	7.999820e-01	8.015547e-01
2.453105474860143e-07	8.017543e-01	8.000124e-01	8.015618e-01
2.453344046288709e-07	8.017582e-01	8.000425e-01	8.015687e-01
2.453582617717274e-07	8.017611e-01	8.000720e-01	8.015754e-01
2.453821189145839e-07	8.017631e-01	8.001012e-01	8.015820e-01
2.454059760574405e-07	8.017642e-01	8.001299e-01	8.015885e-01
2.454298332002970e-07	8.017644e-01	8.001581e-01	8.015948e-01
2.454702617717246e-07	8.017625e-01	8.002048e-01	8.016051e-01
2.455106903431521e-07	8.017582e-01	8.002488e-01	8.016149e-01
2.455511189145796e-07	8.017516e-01	8.002902e-01	8.016244e-01
2.455915474860072e-07	8.017427e-01	8.003289e-01	8.016334e-01
2.456319760574347e-07	8.017314e-01	8.003651e-01	8.016420e-01
2.456724046288623e-07	8.017178e-01	8.003986e-01	8.016502e-01
2.457128332002898e-07	8.017018e-01	8.004295e-01	8.016580e-01
2.457138332002898e-07	8.017014e-01	8.004302e-01	8.016582e-01
2.457472617717175e-07	8.016866e-01	8.004529e-01	8.016643e-01
2.457806903431453e-07	8.016705e-01	8.004735e-01	8.016701e-01
2.458141189145730e-07	8.016531e-01	8.004917e-01	8.016757e-01
2.458475474860007e-07	8.016344e-01	8.005078e-01	8.016810e-01
2.458809760574284e-07	8.016143e-01	8.005215e-01	8.016860e-01
2.459144046288562e-07	8.015929e-01	8.005331e-01	8.016908e-01
2.459478332002839e-07	8.015702e-01	8.005424e-01	8.016953e-01
2.459662617717120e-07	8.015572e-01	8.005465e-01	8.016977e-01
2.459846903431401e-07	8.015438e-01	8.005500e-01	8.017000e-01
2.460031189145682e-07	8.015300e-01	8.005528e-01	8.017022e-01
2.460215474859963e-07	8.015159e-01	8.005549e-01	8.017044e-01
2.460399760574244e-07	8.015015e-01	8.005564e-01	8.017065e-01
2.460584046288525e-07	8.014867e-01	8.005572e-01	8.017085e-01
2.460768332002806e-07	8.014715e-01	8.005574e-01	8.017104e-01
2.461011189145657e-07	8.014510e-01	8.005566e-01	8.017128e-01
2.461254046288508e-07	8.014300e-01	8.005548e-01	8.017151e-01
2.461496903431359e-07	8.014083e-01	8.005520e-01	8.017173e-01
2.461739760574210e-07	8.013862e-01	8.005482e-01	8.017194e-01
2.461982617717061e-07	8.013634e-01	8.005434e-01	8.017213e-01
2.462225474859912e-07	8.013401e-01	8.005375e-01	8.017231e-01
2.462468332002763e-07	8.013162e-01	8.005307e-01	8.017247e-01
2.463168332002745e-07	8.012440e-01	8.005039e-01	8.017288e-01
2.463868332002728e-07	8.011681e-01	8.004726e-01	8.017320e-01
2.464568332002710e-07	8.010884e-01	8.004369e-01	8.017344e-01
2.465268332002692e-07	8.010050e-01	8.003967e-01	8.017357e-01
2.465968332002674e-07	8.009179e-01	8.003521e-01	8.017362e-01
2.466668332002657e-07	8.008270e-01	8.003030e-01	8.017358e-01
2.467368332002639e-07	8.007323e-01	8.002495e-01	8.017345e-01
2.467378332002639e-07	8.007309e-01	8.002487e-01	8.017345e-01
2.467998332002623e-07	8.006445e-01	8.002010e-01	8.017327e-01
2.468618332002607e-07	8.005564e-01	8.001542e-01	8.017303e-01
2.469238332002592e-07	8.004666e-01	8.001084e-01	8.017274e-01
2.469858332002576e-07	8.003751e-01	8.000634e-01	8.017239e-01
2.470478332002560e-07	8.002819e-01	8.000195e-01	8.017198e-01
2.471098332002544e-07	8.001871e-01	7.999765e-01	8.017152e-01
2.471718332002529e-07	8.000906e-01	7.999344e-01	8.017101e-01
2.472229760573944e-07	8.000103e-01	7.999021e-01	8.017054e-01
2.472741189145360e-07	7.999300e-01	7.998721e-01	8.017005e-01
2.473252617716776e-07	7.998495e-01	7.998443e-01	8.016953e-01
2.473764046288191e-07	7.997690e-01	7.998186e-01	8.016897e-01
2.474275474859607e-07	7.996884e-01	7.997952e-01	8.016839e-01
2.474786903431022e-07	7.996076e-01	7.997739e-01	8.016778e-01
2.475298332002438e-07	7.995268e-01	7.997549e-01	8.016714e-01
2.475628332002430e-07	7.994750e-01	7.997441e-01	8.016671e-01
2.475958332002421e-07	7.994236e-01	7.997344e-01	8.016627e-01
2.476288332002413e-07	7.993725e-01	7.997257e-01	8.016582e-01
2.476618332002405e-07	7.993217e-01	7.997182e-01	8.016536e-01
2.476948332002396e-07	7.992713e-01	7.997117e-01	8.016489e-01
2.477278332002388e-07	7.992212e-01	7.997064e-01	8.016442e-01
2.477608332002379e-07	7.991714e-01	7.997020e-01	8.016393e-01
2.477618332002379e-07	7.991699e-01	7.997019e-01	8.016391e-01
2.477832617716660e-07	7.991379e-01	7.996997e-01	8.016359e-01
2.478046903430940e-07	7.991061e-01	7.996980e-01	8.016326e-01
2.478261189145220e-07	7.990746e-01	7.996967e-01	8.016293e-01
2.478475474859500e-07	7.990433e-01	7.996958e-01	8.016260e-01
2.478689760573781e-07	7.990122e-01	7.996955e-01	8.016226e-01
2.478904046288061e-07	7.989814e-01	7.996955e-01	8.016192e-01
2.479118332002341e-07	7.989509e-01	7.996960e-01	8.016157e-01
2.479558332002330e-07	7.988889e-01	7.996986e-01	8.016085e-01
2.479998332002319e-07	7.988284e-01	7.997028e-01	8.016011e-01
2.480438332002308e-07	7.987693e-01	7.997088e-01	8.015936e-01
2.480878332002297e-07	7.987118e-01	7.997164e-01	8.015860e-01
2.481318332002285e-07	7.986557e-01	7.997257e-01	8.015783e-01
2.481758332002274e-07	7.986011e-01	7.997367e-01	8.015704e-01
2.482198332002263e-07	7.985480e-01	7.997494e-01	8.015624e-01
2.483005474859386e-07	7.984550e-01	7.997775e-01	8.015474e-01
2.483812617716508e-07	7.983690e-01	7.998092e-01	8.015320e-01
2.484619760573630e-07	7.982901e-01	7.998447e-01	8.015164e-01
2.485426903430753e-07	7.982183e-01	7.998838e-01	8.015005e-01
2.486234046287875e-07	7.981536e-01	7.999266e-01	8.014843e-01
2.487041189144998e-07	7.980960e-01	7.999731e-01	8.014678e-01
2.487848332002120e-07	7.980455e-01	8.000233e-01	8.014510e-01
2.487858332002120e-07	7.980450e-01	8.000239e-01	8.014508e-01
2.488091189144971e-07	7.980321e-01	8.000385e-01	8.014459e-01
2.488324046287822e-07	7.980198e-01	8.000533e-01	8.014410e-01
2.488556903430674e-07	7.980082e-01	8.000683e-01	8.014361e-01
2.488789760573525e-07	7.979972e-01	8.000834e-01	8.014312e-01
2.489022617716376e-07	7.979869e-01	8.000987e-01	8.014263e-01
2.489255474859227e-07	7.979772e-01	8.001141e-01	8.014214e-01
2.489488332002078e-07	7.979682e-01	8.001297e-01	8.014165e-01
2.489756903430643e-07	7.979587e-01	8.001479e-01	8.014107e-01
2.490025474859208e-07	7.979500e-01	8.001661e-01	8.014051e-01
2.490294046287772e-07	7.979421e-01	8.001845e-01	8.013998e-01
2.490562617716337e-07	7.979351e-01	8.002031e-01	8.013946e-01
2.490831189144902e-07	7.979290e-01	8.002217e-01	8.013896e-01
2.491099760573466e-07	7.979238e-01	8.002405e-01	8.013849e-01
2.491368332002031e-07	7.979194e-01	8.002594e-01	8.013803e-01
2.491569760573454e-07	7.979167e-01	8.002736e-01	8.013772e-01
2.491771189144878e-07	7.979144e-01	8.002879e-01	8.013743e-01
2.491972617716301e-07	7.979127e-01	8.003021e-01	8.013715e-01
2.492174046287725e-07	7.979113e-01	8.003165e-01	8.013690e-01
2.492375474859148e-07	7.979105e-01	8.003308e-01	8.013667e-01
2.492576903430572e-07	7.979101e-01	8.003452e-01	8.013646e-01
2.492778332001995e-07	7.979102e-01	8.003595e-01	8.013628e-01
2.492979760573419e-07	7.979108e-01	8.003740e-01	8.013611e-01
2.493181189144842e-07	7.979118e-01	8.003884e-01	8.013597e-01
2.493382617716266e-07	7.979132e-01	8.004028e-01	8.013584e-01
2.493584046287689e-07	7.979152e-01	8.004172e-01	8.013573e-01
2.493785474859112e-07	7.979175e-01	8.004317e-01	8.013563e-01
2.493986903430536e-07	7.979204e-01	8.004461e-01	8.013556e-01
2.494188332001959e-07	7.979236e-01	8.004606e-01	8.013550e-01
2.494432617716239e-07	7.979282e-01	8.004781e-01	8.013545e-01
2.494676903430518e-07	7.979334e-01	8.004956e-01	8.013543e-01
2.494921189144798e-07	7.979392e-01	8.005130e-01	8.013541e-01
2.495165474859078e-07	7.979456e-01	8.005304e-01	8.013541e-01
2.495409760573357e-07	7.979526e-01	8.005478e-01	8.013543e-01
2.495654046287637e-07	7.979602e-01	8.005652e-01	8.013547e-01
2.495898332001916e-07	7.979684e-01	8.005825e-01	8.013552e-01
2.496121189144768e-07	7.979765e-01	8.005982e-01	8.013557e-01
2.496344046287619e-07	7.979850e-01	8.006139e-01	8.013563e-01
2.496566903430471e-07	7.979939e-01	8.006295e-01	8.013569e-01
2.496789760573322e-07	7.980034e-01	8.006451e-01	8.013576e-01
2.497012617716174e-07	7.980133e-01	8.006606e-01	8.013583e-01
2.497235474859025e-07	7.980237e-01	8.006761e-01	8.013591e-01
2.497458332001877e-07	7.980345e-01	8.006915e-01	8.013599e-01
2.497548332001874e-07	7.980390e-01	8.006977e-01	8.013602e-01
2.497638332001872e-07	7.980435e-01	8.007039e-01	8.013605e-01
2.497728332001870e-07	7.980482e-01	8.007101e-01	8.013609e-01
2.497818332001867e-07	7.980529e-01	8.007163e-01	8.013612e-01
2.497908332001865e-07	7.980576e-01	8.007224e-01	8.013615e-01
2.497998332001863e-07	7.980625e-01	8.007286e-01	8.013618e-01
2.498088332001861e-07	7.980674e-01	8.007347e-01	8.013622e-01
2.498098332001860e-07	7.980679e-01	8.007354e-01	8.013622e-01
2.498479760573279e-07	7.980896e-01	8.007612e-01	8.013636e-01
2.498861189144698e-07	7.981124e-01	8.007869e-01	8.013650e-01
2.499242617716117e-07	7.981362e-01	8.008123e-01	8.013662e-01
2.499624046287536e-07	7.981612e-01	8.008374e-01	8.013674e-01
2.500005474858955e-07	7.981872e-01	8.008623e-01	8.013684e-01
2.500386903430374e-07	7.982142e-01	8.008869e-01	8.013694e-01
2.500768332001793e-07	7.982424e-01	8.009113e-01	8.013703e-01
2.500984046287502e-07	7.982587e-01	8.009250e-01	8.013707e-01
2.501199760573210e-07	7.982752e-01	8.009385e-01	8.013710e-01
2.501415474858919e-07	7.982920e-01	8.009520e-01	8.013713e-01
2.501631189144628e-07	7.983092e-01	8.009654e-01	8.013716e-01
2.501846903430337e-07	7.983265e-01	8.009787e-01	8.013717e-01
2.502062617716046e-07	7.983442e-01	8.009918e-01	8.013718e-01
2.502278332001754e-07	7.983621e-01	8.010049e-01	8.013718e-01
2.502504046287463e-07	7.983811e-01	8.010185e-01	8.013717e-01
2.502729760573172e-07	7.984004e-01	8.010320e-01	8.013716e-01
2.502955474858880e-07	7.984198e-01	8.010453e-01	8.013713e-01
2.503181189144589e-07	7.984396e-01	8.010586e-01	8.013709e-01
2.503406903430297e-07	7.984595e-01	8.010717e-01	8.013704e-01
2.503632617716006e-07	7.984797e-01	8.010848e-01	8.013697e-01
2.503858332001714e-07	7.985001e-01	8.010977e-01	8.013690e-01
2.504496903430270e-07	7.985594e-01	8.011337e-01	8.013666e-01
2.505135474858825e-07	7.986195e-01	8.011687e-01	8.013625e-01
2.505774046287380e-07	7.986807e-01	8.012027e-01	8.013565e-01
2.506412617715935e-07	7.987428e-01	8.012358e-01	8.013488e-01
2.507051189144491e-07	7.988058e-01	8.012680e-01	8.013394e-01
2.507689760573046e-07	7.988698e-01	8.012992e-01	8.013281e-01
2.508328332001601e-07	7.989348e-01	8.013294e-01	8.013151e-01
2.508338332001601e-07	7.989358e-01	8.013299e-01	8.013148e-01
2.508849760573017e-07	7.989878e-01	8.013534e-01	8.013023e-01
2.509361189144432e-07	7.990398e-01	8.013763e-01	8.012880e-01
2.509872617715848e-07	7.990917e-01	8.013985e-01	8.012720e-01
2.510384046287263e-07	7.991435e-01	8.014202e-01	8.012542e-01
2.510895474858679e-07	7.991952e-01	8.014412e-01	8.012347e-01
2.511406903430095e-07	7.992469e-01	8.014616e-01	8.012134e-01
2.511918332001510e-07	7.992984e-01	8.014814e-01	8.011903e-01
2.512556903430065e-07	7.993623e-01	8.015052e-01	8.011585e-01
2.513195474858621e-07	7.994252e-01	8.015280e-01	8.011241e-01
2.513834046287176e-07	7.994872e-01	8.015498e-01	8.010873e-01
2.514472617715731e-07	7.995483e-01	8.015707e-01	8.010479e-01
2.515111189144286e-07	7.996083e-01	8.015906e-01	8.010059e-01
2.515749760572842e-07	7.996675e-01	8.016096e-01	8.009615e-01
2.516388332001397e-07	7.997257e-01	8.016276e-01	8.009145e-01
2.516699760572818e-07	7.997535e-01	8.016360e-01	8.008910e-01
2.517011189144238e-07	7.997809e-01	8.016442e-01	8.008671e-01
2.517322617715659e-07	7.998081e-01	8.016522e-01	8.008429e-01
2.517634046287080e-07	7.998349e-01	8.016599e-01	8.008183e-01
2.517945474858500e-07	7.998613e-01	8.016674e-01	8.007934e-01
2.518256903429921e-07	7.998874e-01	8.016747e-01	8.007681e-01
2.518568332001342e-07	7.999132e-01	8.016817e-01	8.007424e-01
2.518578332001341e-07	7.999140e-01	8.016819e-01	8.007416e-01
2.519052617715615e-07	7.999526e-01	8.016922e-01	8.007020e-01
2.519526903429889e-07	7.999902e-01	8.017020e-01	8.006621e-01
2.520001189144163e-07	8.000270e-01	8.017112e-01	8.006221e-01
2.520475474858436e-07	8.000628e-01	8.017199e-01	8.005819e-01
2.520949760572710e-07	8.000978e-01	8.017281e-01	8.005415e-01
2.521424046286984e-07	8.001318e-01	8.017357e-01	8.005010e-01
2.521898332001257e-07	8.001649e-01	8.017428e-01	8.004602e-01
2.522288332001247e-07	8.001914e-01	8.017482e-01	8.004269e-01
2.522678332001238e-07	8.002173e-01	8.017533e-01	8.003933e-01
2.523068332001228e-07	8.002425e-01	8.017581e-01	8.003595e-01
2.523458332001218e-07	8.002670e-01	8.017625e-01	8.003255e-01
2.523848332001208e-07	8.002909e-01	8.017665e-01	8.002913e-01
2.524238332001198e-07	8.003141e-01	8.017702e-01	8.002568e-01
2.524628332001188e-07	8.003367e-01	8.017735e-01	8.002222e-01
2.525211189144031e-07	8.003691e-01	8.017779e-01	8.001692e-01
2.525794046286873e-07	8.004001e-01	8.017815e-01	8.001174e-01
2.526376903429715e-07	8.004297e-01	8.017843e-01	8.000666e-01
2.526959760572558e-07	8.004577e-01	8.017863e-01	8.000170e-01
2.527542617715400e-07	8.004844e-01	8.017876e-01	7.999685e-01
2.528125474858242e-07	8.005095e-01	8.017882e-01	7.999211e-01
2.528708332001085e-07	8.005332e-01	8.017879e-01	7.998748e-01
2.528818332001082e-07	8.005376e-01	8.017877e-01	7.998664e-01
2.529334046286783e-07	8.005572e-01	8.017868e-01	7.998285e-01
2.529849760572484e-07	8.005757e-01	8.017852e-01	7.997923e-01
2.530365474858186e-07	8.005931e-01	8.017831e-01	7.997579e-01
2.530881189143887e-07	8.006096e-01	8.017805e-01	7.997252e-01
2.531396903429588e-07	8.006249e-01	8.017773e-01	7.996943e-01
2.531912617715289e-07	8.006392e-01	8.017735e-01	7.996651e-01
2.532428332000991e-07	8.006525e-01	8.017692e-01	7.996376e-01
2.532951189143834e-07	8.006650e-01	8.017642e-01	7.996114e-01
2.533474046286678e-07	8.006765e-01	8.017587e-01	7.995863e-01
2.533996903429522e-07	8.006871e-01	8.017527e-01	7.995625e-01
2.534519760572366e-07	8.006968e-01	8.017461e-01	7.995399e-01
2.535042617715210e-07	8.007056e-01	8.017390e-01	7.995186e-01
2.535565474858054e-07	8.007134e-01	8.017314e-01	7.994984e-01
2.536088332000898e-07	8.007203e-01	8.017232e-01	7.994795e-01
2.536511189143744e-07	8.007253e-01	8.017163e-01	7.994648e-01
2.536934046286591e-07	8.007298e-01	8.017090e-01	7.994509e-01
2.537356903429437e-07	8.007337e-01	8.017015e-01	7.994377e-01
2.537779760572284e-07	8.007372e-01	8.016936e-01	7.994254e-01
2.538202617715130e-07	8.007402e-01	8.016854e-01	7.994138e-01
2.538625474857976e-07	8.007426e-01	8.016769e-01	7.994030e-01
2.539048332000823e-07	8.007446e-01	8.016681e-01	7.993930e-01
2.539058332000823e-07	8.007446e-01	8.016679e-01	7.993928e-01
2.539545474857953e-07	8.007463e-01	8.016573e-01	7.993823e-01
2.540032617715084e-07	8.007474e-01	8.016465e-01	7.993735e-01
2.540519760572214e-07	8.007481e-01	8.016352e-01	7.993663e-01
2.541006903429345e-07	8.007481e-01	8.016236e-01	7.993608e-01
2.541494046286475e-07	8.007477e-01	8.016117e-01	7.993569e-01
2.541981189143606e-07	8.007467e-01	8.015994e-01	7.993547e-01
2.542468332000736e-07	8.007452e-01	8.015868e-01	7.993541e-01
2.542764046286443e-07	8.007441e-01	8.015790e-01	7.993548e-01
2.543059760572150e-07	8.007428e-01	8.015710e-01	7.993564e-01
2.543355474857857e-07	8.007414e-01	8.015630e-01	7.993588e-01
2.543651189143563e-07	8.007399e-01	8.015548e-01	7.993620e-01
2.543946903429270e-07	8.007381e-01	8.015465e-01	7.993660e-01
2.544242617714977e-07	8.007363e-01	8.015381e-01	7.993709e-01
2.544538332000684e-07	8.007343e-01	8.015296e-01	7.993765e-01
2.544994046286386e-07	8.007308e-01	8.015163e-01	7.993870e-01
2.545449760572089e-07	8.007271e-01	8.015028e-01	7.993997e-01
2.545905474857792e-07	8.007232e-01	8.014891e-01	7.994145e-01
2.546361189143495e-07	8.007190e-01	8.014751e-01	7.994314e-01
2.546816903429197e-07	8.007145e-01	8.014610e-01	7.994506e-01
2.547272617714900e-07	8.007097e-01	8.014466e-01	7.994718e-01
2.547728332000603e-07	8.007047e-01	8.014320e-01	7.994953e-01
2.547951189143454e-07	8.007022e-01	8.014248e-01	7.995075e-01
2.548174046286306e-07	8.006996e-01	8.014176e-01	7.995203e-01
2.548396903429157e-07	8.006970e-01	8.014103e-01	7.995335e-01
2.548619760572009e-07	8.006943e-01	8.014030e-01	7.995473e-01
2.548842617714860e-07	8.006916e-01	8.013956e-01	7.995615e-01
2.549065474857712e-07	8.006888e-01	8.013882e-01	7.995762e-01
2.549288332000563e-07	8.006860e-01	8.013807e-01	7.995914e-01
2.549298332000563e-07	8.006859e-01	8.013803e-01	7.995921e-01
2.550151189143399e-07	8.006746e-01	8.013514e-01	7.996563e-01
2.551004046286234e-07	8.006630e-01	8.013220e-01	7.997251e-01
2.551856903429070e-07	8.006510e-01	8.012923e-01	7.997985e-01
2.552709760571905e-07	8.006388e-01	8.012622e-01	7.998763e-01
2.553562617714741e-07	8.006261e-01	8.012317e-01	7.999587e-01
2.554415474857576e-07	8.006132e-01	8.012009e-01	8.000456e-01
2.555268332000412e-07	8.005999e-01	8.011696e-01	8.001370e-01
2.555876903428968e-07	8.005905e-01	8.011473e-01	8.002027e-01
2.556485474857524e-07	8.005811e-01	8.011249e-01	8.002682e-01
2.557094046286080e-07	8.005717e-01	8.011024e-01	8.003335e-01
2.557702617714636e-07	8.005623e-01	8.010800e-01	8.003987e-01
2.558311189143192e-07	8.005529e-01	8.010574e-01	8.004637e-01
2.558919760571748e-07	8.005436e-01	8.010349e-01	8.005285e-01
2.559528332000304e-07	8.005343e-01	8.010123e-01	8.005931e-01
2.559538332000304e-07	8.005341e-01	8.010120e-01	8.005942e-01
2.560344046285998e-07	8.005219e-01	8.009821e-01	8.006781e-01
2.561149760571691e-07	8.005100e-01	8.009523e-01	8.007586e-01
2.561955474857385e-07	8.004983e-01	8.009227e-01	8.008358e-01
2.562761189143079e-07	8.004868e-01	8.008932e-01	8.009096e-01
2.563566903428773e-07	8.004756e-01	8.008639e-01	8.009801e-01
2.564372617714467e-07	8.004646e-01	8.008347e-01	8.010473e-01
2.565178332000161e-07	8.004539e-01	8.008056e-01	8.011112e-01
2.565834046285858e-07	8.004455e-01	8.007822e-01	8.011595e-01
2.566489760571556e-07	8.004373e-01	8.007590e-01	8.012050e-01
2.567145474857254e-07	8.004293e-01	8.007359e-01	8.012476e-01
2.567801189142952e-07	8.004216e-01	8.007131e-01	8.012875e-01
2.568456903428649e-07	8.004141e-01	8.006905e-01	8.013246e-01
2.569112617714347e-07	8.004069e-01	8.006681e-01	8.013588e-01
2.569768332000045e-07	8.003999e-01	8.006459e-01	8.013902e-01
2.569778332000044e-07	8.003998e-01	8.006456e-01	8.013907e-01
2.570704046285735e-07	8.003904e-01	8.006147e-01	8.014298e-01
2.571629760571426e-07	8.003815e-01	8.005844e-01	8.014646e-01
2.572555474857117e-07	8.003732e-01	8.005546e-01	8.014950e-01
2.573481189142808e-07	8.003654e-01	8.005254e-01	8.015210e-01
2.574406903428498e-07	8.003581e-01	8.004968e-01	8.015427e-01
2.575332617714189e-07	8.003514e-01	8.004688e-01	8.015601e-01
2.576258331999880e-07	8.003452e-01	8.004413e-01	8.015731e-01
2.576794046285581e-07	8.003419e-01	8.004257e-01	8.015795e-01
2.577329760571282e-07	8.003388e-01	8.004103e-01	8.015850e-01
2.577865474856982e-07	8.003358e-01	8.003952e-01	8.015897e-01
2.578401189142683e-07	8.003330e-01	8.003802e-01	8.015936e-01
2.578936903428384e-07	8.003304e-01	8.003655e-01	8.015966e-01
2.579472617714084e-07	8.003280e-01	8.003510e-01	8.015988e-01
2.580008331999785e-07	8.003257e-01	8.003368e-01	8.016001e-01
2.580018331999785e-07	8.003256e-01	8.003365e-01	8.016001e-01
2.580066903428355e-07	8.003255e-01	8.003353e-01	8.016002e-01
2.580115474856925e-07	8.003253e-01	8.003340e-01	8.016003e-01
2.580164046285495e-07	8.003251e-01	8.003327e-01	8.016004e-01
2.580212617714066e-07	8.003249e-01	8.003314e-01	8.016005e-01
2.580261189142636e-07	8.003247e-01	8.003302e-01	8.016006e-01
2.580309760571206e-07	8.003245e-01	8.003289e-01	8.016006e-01
2.580358331999776e-07	8.003243e-01	8.003276e-01	8.016007e-01
2.580406903428346e-07	8.003241e-01	8.003263e-01	8.016007e-01
2.580455474856917e-07	8.003239e-01	8.003251e-01	8.016008e-01
2.580504046285487e-07	8.003237e-01	8.003238e-01	8.016008e-01
2.580552617714057e-07	8.003235e-01	8.003226e-01	8.016009e-01
2.580601189142627e-07	8.003233e-01	8.003213e-01	8.016010e-01
2.580649760571197e-07	8.003231e-01	8.003200e-01	8.016010e-01
2.580698331999768e-07	8.003228e-01	8.003188e-01	8.016011e-01
2.580761189142623e-07	8.003225e-01	8.003171e-01	8.016011e-01
2.580824046285479e-07	8.003222e-01	8.003155e-01	8.016011e-01
2.580886903428334e-07	8.003218e-01	8.003139e-01	8.016012e-01
2.580949760571190e-07	8.003214e-01	8.003122e-01	8.016012e-01
2.581012617714045e-07	8.003210e-01	8.003106e-01	8.016012e-01
2.581075474856901e-07	8.003205e-01	8.003089e-01	8.016012e-01
2.581138331999756e-07	8.003200e-01	8.003073e-01	8.016012e-01
2.581241189142611e-07	8.003192e-01	8.003046e-01	8.016011e-01
2.581344046285466e-07	8.003183e-01	8.003019e-01	8.016011e-01
2.581446903428320e-07	8.003174e-01	8.002991e-01	8.016010e-01
2.581549760571175e-07	8.003164e-01	8.002964e-01	8.016009e-01
2.581652617714029e-07	8.003153e-01	8.002936e-01	8.016008e-01
2.581755474856884e-07	8.003141e-01	8.002907e-01	8.016007e-01
2.581858331999738e-07	8.003129e-01	8.002879e-01	8.016005e-01
2.582014046285449e-07	8.003111e-01	8.002835e-01	8.016003e-01
2.582169760571159e-07	8.003092e-01	8.002791e-01	8.016000e-01
2.582325474856869e-07	8.003073e-01	8.002746e-01	8.015997e-01
2.582481189142580e-07	8.003054e-01	8.002701e-01	8.015993e-01
2.582636903428290e-07	8.003035e-01	8.002655e-01	8.015989e-01
2.582792617714000e-07	8.003016e-01	8.002609e-01	8.015985e-01
2.582948331999711e-07	8.002996e-01	8.002563e-01	8.015980e-01
2.583072617713993e-07	8.002982e-01	8.002525e-01	8.015976e-01
2.583196903428276e-07	8.002968e-01	8.002488e-01	8.015972e-01
2.583321189142558e-07	8.002955e-01	8.002451e-01	8.015967e-01
2.583445474856841e-07	8.002942e-01	8.002415e-01	8.015963e-01
2.583569760571123e-07	8.002930e-01	8.002379e-01	8.015958e-01
2.583694046285406e-07	8.002919e-01	8.002343e-01	8.015953e-01
2.583818331999689e-07	8.002908e-01	8.002308e-01	8.015948e-01
2.583944046285400e-07	8.002897e-01	8.002273e-01	8.015943e-01
2.584069760571111e-07	8.002888e-01	8.002239e-01	8.015937e-01
2.584195474856822e-07	8.002879e-01	8.002206e-01	8.015931e-01
2.584321189142533e-07	8.002870e-01	8.002174e-01	8.015925e-01
2.584446903428244e-07	8.002862e-01	8.002143e-01	8.015919e-01
2.584572617713955e-07	8.002854e-01	8.002113e-01	8.015913e-01
2.584698331999666e-07	8.002847e-01	8.002084e-01	8.015906e-01
2.584856903428234e-07	8.002839e-01	8.002049e-01	8.015898e-01
2.585015474856801e-07	8.002831e-01	8.002017e-01	8.015889e-01
2.585174046285368e-07	8.002823e-01	8.001988e-01	8.015880e-01
2.585332617713936e-07	8.002815e-01	8.001960e-01	8.015871e-01
2.585491189142503e-07	8.002807e-01	8.001936e-01	8.015861e-01
2.585649760571071e-07	8.002799e-01	8.001913e-01	8.015852e-01
2.585808331999638e-07	8.002791e-01	8.001894e-01	8.015842e-01
2.585925474856778e-07	8.002785e-01	8.001881e-01	8.015834e-01
2.586042617713918e-07	8.002779e-01	8.001870e-01	8.015827e-01
2.586159760571058e-07	8.002771e-01	8.001860e-01	8.015819e-01
2.586276903428198e-07	8.002764e-01	8.001852e-01	8.015811e-01
2.586394046285338e-07	8.002755e-01	8.001845e-01	8.015803e-01
2.586511189142477e-07	8.002747e-01	8.001839e-01	8.015795e-01
2.586628331999617e-07	8.002737e-01	8.001835e-01	8.015787e-01
2.586728331999615e-07	8.002729e-01	8.001832e-01	8.015780e-01
2.586828331999612e-07	8.002719e-01	8.001831e-01	8.015773e-01
2.586928331999610e-07	8.002710e-01	8.001830e-01	8.015766e-01
2.587028331999607e-07	8.002699e-01	8.001829e-01	8.015758e-01
2.587128331999605e-07	8.002688e-01	8.001830e-01	8.015751e-01
2.587228331999602e-07	8.002676e-01	8.001831e-01	8.015743e-01
2.587328331999600e-07	8.002664e-01	8.001834e-01	8.015736e-01
2.587471189142453e-07	8.002645e-01	8.001838e-01	8.015725e-01
2.587614046285307e-07	8.002624e-01	8.001843e-01	8.015714e-01
2.587756903428160e-07	8.002602e-01	8.001849e-01	8.015703e-01
2.587899760571014e-07	8.002578e-01	8.001856e-01	8.015691e-01
2.588042617713867e-07	8.002553e-01	8.001864e-01	8.015680e-01
2.588185474856721e-07	8.002526e-01	8.001872e-01	8.015668e-01
2.588328331999574e-07	8.002498e-01	8.001881e-01	8.015656e-01
2.588531189142426e-07	8.002454e-01	8.001895e-01	8.015640e-01
2.588734046285278e-07	8.002407e-01	8.001907e-01	8.015623e-01
2.588936903428130e-07	8.002357e-01	8.001918e-01	8.015605e-01
2.589139760570982e-07	8.002304e-01	8.001927e-01	8.015587e-01
2.589342617713834e-07	8.002248e-01	8.001934e-01	8.015569e-01
2.589545474856686e-07	8.002189e-01	8.001939e-01	8.015551e-01
2.589748331999538e-07	8.002127e-01	8.001943e-01	8.015532e-01
2.589819760570965e-07	8.002105e-01	8.001943e-01	8.015525e-01
2.589891189142392e-07	8.002082e-01	8.001943e-01	8.015519e-01
2.589962617713819e-07	8.002060e-01	8.001942e-01	8.015512e-01
2.590034046285245e-07	8.002037e-01	8.001941e-01	8.015505e-01
2.590105474856672e-07	8.002013e-01	8.001939e-01	8.015499e-01
2.590176903428099e-07	8.001990e-01	8.001936e-01	8.015492e-01
2.590248331999526e-07	8.001966e-01	8.001933e-01	8.015485e-01
2.590258331999525e-07	8.001962e-01	8.001933e-01	8.015484e-01
2.590412617713807e-07	8.001910e-01	8.001924e-01	8.015469e-01
2.590566903428089e-07	8.001856e-01	8.001913e-01	8.015454e-01
2.590721189142371e-07	8.001803e-01	8.001898e-01	8.015438e-01
2.590875474856653e-07	8.001749e-01	8.001879e-01	8.015423e-01
2.591029760570934e-07	8.001694e-01	8.001858e-01	8.015407e-01
2.591184046285216e-07	8.001638e-01	8.001832e-01	8.015392e-01
2.591338331999498e-07	8.001583e-01	8.001804e-01	8.015376e-01
2.591545474856636e-07	8.001507e-01	8.001759e-01	8.015354e-01
2.591752617713773e-07	8.001433e-01	8.001708e-01	8.015332e-01
2.591959760570911e-07	8.001360e-01	8.001648e-01	8.015310e-01
2.592166903428048e-07	8.001288e-01	8.001582e-01	8.015287e-01
2.592374046285186e-07	8.001218e-01	8.001507e-01	8.015264e-01
2.592581189142324e-07	8.001148e-01	8.001426e-01	8.015240e-01
2.592788331999461e-07	8.001080e-01	8.001336e-01	8.015217e-01
2.593056903428026e-07	8.000995e-01	8.001208e-01	8.015185e-01
2.593325474856591e-07	8.000917e-01	8.001069e-01	8.015154e-01
2.593594046285155e-07	8.000846e-01	8.000919e-01	8.015121e-01
2.593862617713720e-07	8.000781e-01	8.000757e-01	8.015088e-01
2.594131189142284e-07	8.000722e-01	8.000585e-01	8.015054e-01
2.594399760570849e-07	8.000671e-01	8.000401e-01	8.015019e-01
2.594668331999414e-07	8.000625e-01	8.000206e-01	8.014984e-01
2.594822617713695e-07	8.000604e-01	8.000091e-01	8.014964e-01
2.594976903427977e-07	8.000585e-01	7.999974e-01	8.014943e-01
2.595131189142259e-07	8.000570e-01	7.999854e-01	8.014922e-01
2.595285474856541e-07	8.000558e-01	7.999733e-01	8.014901e-01
2.595439760570823e-07	8.000548e-01	7.999609e-01	8.014879e-01
2.595594046285104e-07	8.000542e-01	7.999484e-01	8.014858e-01
2.595748331999386e-07	8.000539e-01	7.999356e-01	8.014836e-01
2.595852617713669e-07	8.000539e-01	7.999270e-01	8.014820e-01
2.595956903427952e-07	8.000540e-01	7.999182e-01	8.014805e-01
2.596061189142236e-07	8.000542e-01	7.999095e-01	8.014790e-01
2.596165474856519e-07	8.000547e-01	7.999007e-01	8.014774e-01
2.596269760570802e-07	8.000552e-01	7.998919e-01	8.014759e-01
2.596374046285085e-07	8.000559e-01	7.998831e-01	8.014743e-01
2.596478331999368e-07	8.000568e-01	7.998742e-01	8.014728e-01
2.596722617713647e-07	8.000595e-01	7.998532e-01	8.014690e-01
2.596966903427927e-07	8.000629e-01	7.998325e-01	8.014652e-01
2.597211189142206e-07	8.000672e-01	7.998121e-01	8.014613e-01
2.597455474856486e-07	8.000724e-01	7.997921e-01	8.014573e-01
2.597699760570765e-07	8.000783e-01	7.997723e-01	8.014533e-01
2.597944046285045e-07	8.000851e-01	7.997528e-01	8.014491e-01
2.598188331999324e-07	8.000927e-01	7.997337e-01	8.014449e-01
2.598506903427888e-07	8.001039e-01	7.997096e-01	8.014394e-01
2.598825474856451e-07	8.001163e-01	7.996873e-01	8.014336e-01
2.599144046285015e-07	8.001298e-01	7.996666e-01	8.014277e-01
2.599462617713578e-07	8.001444e-01	7.996476e-01	8.014216e-01
2.599781189142141e-07	8.001601e-01	7.996303e-01	8.014154e-01
2.600099760570705e-07	8.001771e-01	7.996147e-01	8.014090e-01
2.600418331999268e-07	8.001951e-01	7.996008e-01	8.014025e-01
2.600498331999266e-07	8.001997e-01	7.995977e-01	8.014008e-01
2.600691189142118e-07	8.002112e-01	7.995909e-01	8.013968e-01
2.600884046284970e-07	8.002229e-01	7.995850e-01	8.013927e-01
2.601076903427823e-07	8.002349e-01	7.995799e-01	8.013885e-01
2.601269760570675e-07	8.002472e-01	7.995756e-01	8.013842e-01
2.601462617713527e-07	8.002598e-01	7.995723e-01	8.013799e-01
2.601655474856379e-07	8.002726e-01	7.995698e-01	8.013755e-01
2.601848331999232e-07	8.002857e-01	7.995681e-01	8.013711e-01
2.601956903427800e-07	8.002931e-01	7.995676e-01	8.013686e-01
2.602065474856369e-07	8.003006e-01	7.995674e-01	8.013660e-01
2.602174046284938e-07	8.003082e-01	7.995675e-01	8.013634e-01
2.602282617713506e-07	8.003158e-01	7.995679e-01	8.013609e-01
2.602391189142075e-07	8.003234e-01	7.995685e-01	8.013583e-01
2.602499760570644e-07	8.003312e-01	7.995694e-01	8.013556e-01
2.602608331999212e-07	8.003389e-01	7.995706e-01	8.013530e-01
2.602844046284921e-07	8.003560e-01	7.995743e-01	8.013471e-01
2.603079760570629e-07	8.003733e-01	7.995792e-01	8.013412e-01
2.603315474856337e-07	8.003906e-01	7.995855e-01	8.013351e-01
2.603551189142046e-07	8.004080e-01	7.995930e-01	8.013290e-01
2.603786903427754e-07	8.004256e-01	7.996019e-01	8.013227e-01
2.604022617713462e-07	8.004432e-01	7.996120e-01	8.013163e-01
2.604258331999171e-07	8.004610e-01	7.996234e-01	8.013099e-01
2.604666903427732e-07	8.004920e-01	7.996466e-01	8.012984e-01
2.605075474856293e-07	8.005226e-01	7.996723e-01	8.012866e-01
2.605484046284854e-07	8.005528e-01	7.997007e-01	8.012744e-01
2.605892617713415e-07	8.005827e-01	7.997317e-01	8.012619e-01
2.606301189141976e-07	8.006122e-01	7.997653e-01	8.012490e-01
2.606709760570537e-07	8.006414e-01	7.998016e-01	8.012358e-01
2.607118331999098e-07	8.006702e-01	7.998405e-01	8.012222e-01
2.607634046284799e-07	8.007055e-01	7.998924e-01	8.012046e-01
2.608149760570501e-07	8.007393e-01	7.999441e-01	8.011864e-01
2.608665474856202e-07	8.007715e-01	7.999956e-01	8.011676e-01
2.609181189141903e-07	8.008022e-01	8.000468e-01	8.011483e-01
2.609696903427604e-07	8.008314e-01	8.000978e-01	8.011283e-01
2.610212617713306e-07	8.008590e-01	8.001486e-01	8.011078e-01
2.610728331999007e-07	8.008851e-01	8.001992e-01	8.010867e-01
2.610738331999007e-07	8.008856e-01	8.002000e-01	8.010863e-01
2.610978331999000e-07	8.008971e-01	8.002220e-01	8.010763e-01
2.611218331998994e-07	8.009081e-01	8.002432e-01	8.010662e-01
2.611458331998988e-07	8.009188e-01	8.002636e-01	8.010559e-01
2.611698331998982e-07	8.009290e-01	8.002833e-01	8.010455e-01
2.611938331998976e-07	8.009389e-01	8.003021e-01	8.010350e-01
2.612178331998970e-07	8.009483e-01	8.003202e-01	8.010244e-01
2.612418331998964e-07	8.009573e-01	8.003376e-01	8.010136e-01
2.612428331998964e-07	8.009577e-01	8.003383e-01	8.010132e-01
2.612438331998963e-07	8.009580e-01	8.003390e-01	8.010127e-01
2.612448331998963e-07	8.009585e-01	8.003397e-01	8.010122e-01
2.612458331998963e-07	8.009588e-01	8.003403e-01	8.010118e-01
2.612476903427534e-07	8.009595e-01	8.003416e-01	8.010110e-01
2.612495474856105e-07	8.009601e-01	8.003429e-01	8.010101e-01
2.612514046284676e-07	8.009608e-01	8.003441e-01	8.010093e-01
2.612532617713247e-07	8.009615e-01	8.003454e-01	8.010085e-01
2.612551189141818e-07	8.009621e-01	8.003467e-01	8.010076e-01
2.612569760570389e-07	8.009628e-01	8.003479e-01	8.010068e-01
2.612588331998960e-07	8.009635e-01	8.003492e-01	8.010059e-01
2.612685474856100e-07	8.009669e-01	8.003555e-01	8.010015e-01
2.612782617713240e-07	8.009702e-01	8.003616e-01	8.009970e-01
2.612879760570381e-07	8.009735e-01	8.003675e-01	8.009926e-01
2.612976903427521e-07	8.009767e-01	8.003730e-01	8.009881e-01
2.613074046284662e-07	8.009799e-01	8.003783e-01	8.009836e-01
2.613171189141802e-07	8.009830e-01	8.003834e-01	8.009790e-01
2.613268331998942e-07	8.009860e-01	8.003882e-01	8.009745e-01
2.613405474856082e-07	8.009901e-01	8.003943e-01	8.009681e-01
2.613542617713221e-07	8.009941e-01	8.004000e-01	8.009616e-01
2.613679760570361e-07	8.009980e-01	8.004053e-01	8.009551e-01
2.613816903427500e-07	8.010018e-01	8.004100e-01	8.009485e-01
2.613954046284639e-07	8.010055e-01	8.004144e-01	8.009419e-01
2.614091189141779e-07	8.010090e-01	8.004182e-01	8.009352e-01
2.614228331998918e-07	8.010125e-01	8.004216e-01	8.009285e-01
2.614355474856058e-07	8.010155e-01	8.004245e-01	8.009223e-01
2.614482617713197e-07	8.010186e-01	8.004272e-01	8.009161e-01
2.614609760570337e-07	8.010215e-01	8.004298e-01	8.009098e-01
2.614736903427477e-07	8.010244e-01	8.004322e-01	8.009034e-01
2.614864046284616e-07	8.010272e-01	8.004344e-01	8.008971e-01
2.614991189141756e-07	8.010299e-01	8.004365e-01	8.008907e-01
2.615118331998896e-07	8.010326e-01	8.004384e-01	8.008842e-01
2.615228331998893e-07	8.010349e-01	8.004400e-01	8.008787e-01
2.615338331998890e-07	8.010371e-01	8.004416e-01	8.008731e-01
2.615448331998887e-07	8.010394e-01	8.004432e-01	8.008675e-01
2.615558331998884e-07	8.010416e-01	8.004448e-01	8.008618e-01
2.615668331998882e-07	8.010438e-01	8.004464e-01	8.008561e-01
2.615778331998879e-07	8.010459e-01	8.004479e-01	8.008504e-01
2.615888331998876e-07	8.010481e-01	8.004495e-01	8.008447e-01
2.616005474856016e-07	8.010504e-01	8.004512e-01	8.008386e-01
2.616122617713156e-07	8.010527e-01	8.004528e-01	8.008324e-01
2.616239760570296e-07	8.010549e-01	8.004545e-01	8.008262e-01
2.616356903427436e-07	8.010572e-01	8.004562e-01	8.008200e-01
2.616474046284575e-07	8.010595e-01	8.004580e-01	8.008138e-01
2.616591189141715e-07	8.010618e-01	8.004597e-01	8.008076e-01
2.616708331998855e-07	8.010640e-01	8.004614e-01	8.008013e-01
2.616848331998852e-07	8.010667e-01	8.004635e-01	8.007937e-01
2.616988331998848e-07	8.010695e-01	8.004655e-01	8.007862e-01
2.617128331998845e-07	8.010723e-01	8.004674e-01	8.007786e-01
2.617268331998841e-07	8.010751e-01	8.004692e-01	8.007709e-01
2.617408331998838e-07	8.010779e-01	8.004710e-01	8.007633e-01
2.617548331998834e-07	8.010807e-01	8.004726e-01	8.007556e-01
2.617688331998830e-07	8.010836e-01	8.004742e-01	8.007478e-01
2.617894046284540e-07	8.010879e-01	8.004764e-01	8.007364e-01
2.618099760570249e-07	8.010921e-01	8.004779e-01	8.007248e-01
2.618305474855958e-07	8.010964e-01	8.004787e-01	8.007132e-01
2.618511189141667e-07	8.011007e-01	8.004789e-01	8.007016e-01
2.618716903427376e-07	8.011049e-01	8.004784e-01	8.006898e-01
2.618922617713085e-07	8.011092e-01	8.004772e-01	8.006780e-01
2.619128331998794e-07	8.011135e-01	8.004754e-01	8.006662e-01
2.619296903427361e-07	8.011169e-01	8.004730e-01	8.006564e-01
2.619465474855928e-07	8.011203e-01	8.004699e-01	8.006466e-01
2.619634046284495e-07	8.011236e-01	8.004659e-01	8.006367e-01
2.619802617713063e-07	8.011267e-01	8.004612e-01	8.006268e-01
2.619971189141630e-07	8.011298e-01	8.004558e-01	8.006168e-01
2.620139760570197e-07	8.011328e-01	8.004495e-01	8.006068e-01
2.620308331998764e-07	8.011357e-01	8.004425e-01	8.005968e-01
2.620402617713047e-07	8.011373e-01	8.004381e-01	8.005911e-01
2.620496903427331e-07	8.011387e-01	8.004334e-01	8.005855e-01
2.620591189141614e-07	8.011402e-01	8.004285e-01	8.005798e-01
2.620685474855897e-07	8.011415e-01	8.004232e-01	8.005741e-01
2.620779760570181e-07	8.011428e-01	8.004177e-01	8.005684e-01
2.620874046284464e-07	8.011441e-01	8.004119e-01	8.005627e-01
2.620968331998747e-07	8.011453e-01	8.004057e-01	8.005570e-01
2.620978331998747e-07	8.011454e-01	8.004051e-01	8.005564e-01
2.621151189141600e-07	8.011474e-01	8.003931e-01	8.005459e-01
2.621324046284453e-07	8.011491e-01	8.003800e-01	8.005354e-01
2.621496903427305e-07	8.011505e-01	8.003659e-01	8.005248e-01
2.621669760570158e-07	8.011516e-01	8.003509e-01	8.005141e-01
2.621842617713011e-07	8.011524e-01	8.003348e-01	8.005035e-01
2.622015474855864e-07	8.011529e-01	8.003178e-01	8.004928e-01
2.622188331998716e-07	8.011531e-01	8.002997e-01	8.004820e-01
2.622329760570141e-07	8.011530e-01	8.002842e-01	8.004732e-01
2.622471189141566e-07	8.011526e-01	8.002680e-01	8.004644e-01
2.622612617712991e-07	8.011519e-01	8.002513e-01	8.004555e-01
2.622754046284416e-07	8.011510e-01	8.002340e-01	8.004466e-01
2.622895474855841e-07	8.011498e-01	8.002160e-01	8.004377e-01
2.623036903427266e-07	8.011484e-01	8.001975e-01	8.004288e-01
2.623178331998691e-07	8.011466e-01	8.001783e-01	8.004198e-01
2.623416903427257e-07	8.011430e-01	8.001446e-01	8.004046e-01
2.623655474855822e-07	8.011385e-01	8.001096e-01	8.003894e-01
2.623894046284387e-07	8.011331e-01	8.000735e-01	8.003741e-01
2.624132617712953e-07	8.011267e-01	8.000361e-01	8.003588e-01
2.624371189141518e-07	8.011195e-01	7.999975e-01	8.003434e-01
2.624609760570084e-07	8.011113e-01	7.999576e-01	8.003279e-01
2.624848331998649e-07	8.011022e-01	7.999166e-01	8.003124e-01
2.625184046284355e-07	8.010877e-01	7.998571e-01	8.002905e-01
2.625519760570061e-07	8.010713e-01	7.997971e-01	8.002685e-01
2.625855474855766e-07	8.010533e-01	7.997367e-01	8.002464e-01
2.626191189141472e-07	8.010334e-01	7.996758e-01	8.002242e-01
2.626526903427178e-07	8.010118e-01	7.996145e-01	8.002020e-01
2.626862617712884e-07	8.009885e-01	7.995527e-01	8.001797e-01
2.627198331998589e-07	8.009634e-01	7.994905e-01	8.001572e-01
2.627639760570007e-07	8.009276e-01	7.994096e-01	8.001277e-01
2.628081189141424e-07	8.008901e-01	7.993316e-01	8.000980e-01
2.628522617712842e-07	8.008510e-01	7.992566e-01	8.000683e-01
2.628964046284259e-07	8.008103e-01	7.991846e-01	8.000385e-01
2.629405474855676e-07	8.007679e-01	7.991156e-01	8.000087e-01
2.629846903427094e-07	8.007239e-01	7.990496e-01	7.999788e-01
2.630288331998511e-07	8.006783e-01	7.989865e-01	7.999488e-01
2.630419760569936e-07	8.006648e-01	7.989688e-01	7.999399e-01
2.630551189141362e-07	8.006513e-01	7.989515e-01	7.999310e-01
2.630682617712787e-07	8.006378e-01	7.989346e-01	7.999220e-01
2.630814046284212e-07	8.006243e-01	7.989182e-01	7.999131e-01
2.630945474855637e-07	8.006107e-01	7.989021e-01	7.999042e-01
2.631076903427063e-07	8.005972e-01	7.988864e-01	7.998953e-01
2.631208331998488e-07	8.005836e-01	7.988711e-01	7.998863e-01
2.631218331998488e-07	8.005826e-01	7.988700e-01	7.998856e-01
2.631624046284192e-07	8.005403e-01	7.988254e-01	7.998581e-01
2.632029760569896e-07	8.004989e-01	7.987850e-01	7.998306e-01
2.632435474855600e-07	8.004584e-01	7.987486e-01	7.998031e-01
2.632841189141304e-07	8.004188e-01	7.987163e-01	7.997756e-01
2.633246903427008e-07	8.003801e-01	7.986880e-01	7.997481e-01
2.633652617712712e-07	8.003423e-01	7.986638e-01	7.997207e-01
2.634058331998416e-07	8.003053e-01	7.986437e-01	7.996933e-01
2.634345474855551e-07	8.002803e-01	7.986319e-01	7.996740e-01
2.634632617712687e-07	8.002562e-01	7.986221e-01	7.996547e-01
2.634919760569822e-07	8.002329e-01	7.986141e-01	7.996354e-01
2.635206903426958e-07	8.002105e-01	7.986080e-01	7.996162e-01
2.635494046284094e-07	8.001889e-01	7.986038e-01	7.995971e-01
2.635781189141229e-07	8.001682e-01	7.986016e-01	7.995779e-01
2.636068331998365e-07	8.001484e-01	7.986012e-01	7.995589e-01
2.636471189141212e-07	8.001224e-01	7.986038e-01	7.995322e-01
2.636874046284059e-07	8.000983e-01	7.986096e-01	7.995057e-01
2.637276903426906e-07	8.000761e-01	7.986187e-01	7.994792e-01
2.637679760569752e-07	8.000557e-01	7.986309e-01	7.994529e-01
2.638082617712599e-07	8.000372e-01	7.986464e-01	7.994268e-01
2.638485474855446e-07	8.000205e-01	7.986651e-01	7.994007e-01
2.638888331998293e-07	8.000057e-01	7.986870e-01	7.993748e-01
2.639254046283998e-07	7.999940e-01	7.987093e-01	7.993514e-01
2.639619760569703e-07	7.999834e-01	7.987339e-01	7.993282e-01
2.639985474855408e-07	7.999740e-01	7.987606e-01	7.993051e-01
2.640351189141113e-07	7.999658e-01	7.987896e-01	7.992822e-01
2.640716903426818e-07	7.999588e-01	7.988208e-01	7.992594e-01
2.641082617712523e-07	7.999529e-01	7.988542e-01	7.992367e-01
2.641448331998228e-07	7.999483e-01	7.988898e-01	7.992142e-01
2.641458331998228e-07	7.999482e-01	7.988908e-01	7.992136e-01
2.641854046283932e-07	7.999442e-01	7.989316e-01	7.991894e-01
2.642249760569637e-07	7.999410e-01	7.989747e-01	7.991655e-01
2.642645474855341e-07	7.999383e-01	7.990199e-01	7.991418e-01
2.643041189141045e-07	7.999363e-01	7.990673e-01	7.991182e-01
2.643436903426749e-07	7.999350e-01	7.991168e-01	7.990949e-01
2.643832617712454e-07	7.999343e-01	7.991686e-01	7.990718e-01
2.644228331998158e-07	7.999343e-01	7.992225e-01	7.990488e-01
2.644404046283868e-07	7.999342e-01	7.992470e-01	7.990387e-01
2.644579760569578e-07	7.999342e-01	7.992719e-01	7.990287e-01
2.644755474855288e-07	7.999342e-01	7.992972e-01	7.990187e-01
2.644931189140997e-07	7.999341e-01	7.993228e-01	7.990087e-01
2.645106903426707e-07	7.999342e-01	7.993488e-01	7.989988e-01
2.645282617712417e-07	7.999342e-01	7.993752e-01	7.989889e-01
2.645458331998127e-07	7.999342e-01	7.994019e-01	7.989791e-01
2.645618331998123e-07	7.999342e-01	7.994265e-01	7.989702e-01
2.645778331998119e-07	7.999342e-01	7.994514e-01	7.989613e-01
2.645938331998115e-07	7.999341e-01	7.994766e-01	7.989525e-01
2.646098331998111e-07	7.999340e-01	7.995020e-01	7.989437e-01
2.646258331998107e-07	7.999339e-01	7.995277e-01	7.989350e-01
2.646418331998103e-07	7.999337e-01	7.995537e-01	7.989263e-01
2.646578331998098e-07	7.999336e-01	7.995799e-01	7.989176e-01
2.646792617712379e-07	7.999332e-01	7.996154e-01	7.989061e-01
2.647006903426659e-07	7.999327e-01	7.996513e-01	7.988946e-01
2.647221189140939e-07	7.999321e-01	7.996876e-01	7.988832e-01
2.647435474855220e-07	7.999314e-01	7.997243e-01	7.988719e-01
2.647649760569500e-07	7.999305e-01	7.997614e-01	7.988606e-01
2.647864046283780e-07	7.999294e-01	7.997989e-01	7.988495e-01
2.648078331998060e-07	7.999282e-01	7.998368e-01	7.988384e-01
2.648371189140910e-07	7.999264e-01	7.998891e-01	7.988233e-01
2.648664046283760e-07	7.999241e-01	7.999419e-01	7.988085e-01
2.648956903426610e-07	7.999215e-01	7.999952e-01	7.987937e-01
2.649249760569459e-07	7.999185e-01	8.000489e-01	7.987791e-01
2.649542617712309e-07	7.999151e-01	8.001030e-01	7.987647e-01
2.649835474855159e-07	7.999113e-01	8.001576e-01	7.987504e-01
2.650128331998009e-07	7.999071e-01	8.002127e-01	7.987363e-01
2.650351189140860e-07	7.999037e-01	8.002547e-01	7.987256e-01
2.650574046283712e-07	7.999000e-01	8.002968e-01	7.987151e-01
2.650796903426563e-07	7.998960e-01	8.003390e-01	7.987046e-01
2.651019760569415e-07	7.998919e-01	8.003813e-01	7.986942e-01
2.651242617712266e-07	7.998874e-01	8.004236e-01	7.986839e-01
2.651465474855118e-07	7.998827e-01	8.004661e-01	7.986737e-01
2.651688331997969e-07	7.998778e-01	8.005086e-01	7.986636e-01
2.651698331997969e-07	7.998776e-01	8.005105e-01	7.986631e-01
2.652189760569385e-07	7.998657e-01	8.006046e-01	7.986411e-01
2.652681189140801e-07	7.998529e-01	8.006977e-01	7.986196e-01
2.653172617712217e-07	7.998391e-01	8.007896e-01	7.985985e-01
2.653664046283633e-07	7.998243e-01	8.008804e-01	7.985778e-01
2.654155474855049e-07	7.998085e-01	8.009701e-01	7.985576e-01
2.654646903426465e-07	7.997918e-01	8.010587e-01	7.985379e-01
2.655138331997882e-07	7.997741e-01	8.011462e-01	7.985186e-01
2.655918331997862e-07	7.997437e-01	8.012818e-01	7.984889e-01
2.656698331997842e-07	7.997134e-01	8.014084e-01	7.984604e-01
2.657478331997822e-07	7.996831e-01	8.015259e-01	7.984331e-01
2.658258331997803e-07	7.996529e-01	8.016343e-01	7.984069e-01
2.659038331997783e-07	7.996227e-01	8.017336e-01	7.983819e-01
2.659818331997763e-07	7.995926e-01	8.018238e-01	7.983580e-01
2.660598331997743e-07	7.995625e-01	8.019050e-01	7.983354e-01
2.660788331997738e-07	7.995558e-01	8.019224e-01	7.983300e-01
2.660978331997734e-07	7.995492e-01	8.019391e-01	7.983248e-01
2.661168331997729e-07	7.995427e-01	8.019550e-01	7.983195e-01
2.661358331997724e-07	7.995363e-01	8.019702e-01	7.983144e-01
2.661548331997719e-07	7.995301e-01	8.019847e-01	7.983093e-01
2.661738331997714e-07	7.995240e-01	8.019984e-01	7.983043e-01
2.661928331997710e-07	7.995180e-01	8.020114e-01	7.982993e-01
2.661938331997709e-07	7.995178e-01	8.020121e-01	7.982991e-01
2.662316903426271e-07	7.995063e-01	8.020356e-01	7.982894e-01
2.662695474854833e-07	7.994957e-01	8.020560e-01	7.982801e-01
2.663074046283395e-07	7.994858e-01	8.020732e-01	7.982710e-01
2.663452617711957e-07	7.994768e-01	8.020872e-01	7.982621e-01
2.663831189140519e-07	7.994685e-01	8.020981e-01	7.982536e-01
2.664209760569080e-07	7.994611e-01	8.021058e-01	7.982453e-01
2.664588331997642e-07	7.994545e-01	8.021104e-01	7.982372e-01
2.664765474854781e-07	7.994517e-01	8.021114e-01	7.982335e-01
2.664942617711919e-07	7.994492e-01	8.021116e-01	7.982299e-01
2.665119760569057e-07	7.994469e-01	8.021112e-01	7.982263e-01
2.665296903426196e-07	7.994448e-01	8.021101e-01	7.982228e-01
2.665474046283334e-07	7.994429e-01	8.021083e-01	7.982194e-01
2.665651189140472e-07	7.994412e-01	8.021057e-01	7.982160e-01
2.665828331997611e-07	7.994398e-01	8.021025e-01	7.982126e-01
2.666022617711892e-07	7.994385e-01	8.020982e-01	7.982091e-01
2.666216903426172e-07	7.994374e-01	8.020930e-01	7.982056e-01
2.666411189140453e-07	7.994367e-01	8.020870e-01	7.982021e-01
2.666605474854734e-07	7.994362e-01	8.020801e-01	7.981987e-01
2.666799760569015e-07	7.994360e-01	8.020725e-01	7.981954e-01
2.666994046283296e-07	7.994361e-01	8.020640e-01	7.981921e-01
2.667188331997576e-07	7.994365e-01	8.020546e-01	7.981889e-01
2.667561189140424e-07	7.994380e-01	8.020344e-01	7.981830e-01
2.667934046283272e-07	7.994407e-01	8.020113e-01	7.981773e-01
2.668306903426119e-07	7.994445e-01	8.019853e-01	7.981718e-01
2.668679760568967e-07	7.994494e-01	8.019566e-01	7.981666e-01
2.669052617711815e-07	7.994555e-01	8.019250e-01	7.981616e-01
2.669425474854662e-07	7.994626e-01	8.018907e-01	7.981569e-01
2.669798331997510e-07	7.994709e-01	8.018535e-01	7.981524e-01
2.670119760568931e-07	7.994790e-01	8.018193e-01	7.981487e-01
2.670441189140351e-07	7.994879e-01	8.017834e-01	7.981451e-01
2.670762617711771e-07	7.994976e-01	8.017457e-01	7.981417e-01
2.671084046283192e-07	7.995082e-01	8.017062e-01	7.981385e-01
2.671405474854612e-07	7.995196e-01	8.016650e-01	7.981355e-01
2.671726903426033e-07	7.995318e-01	8.016221e-01	7.981327e-01
2.672048331997453e-07	7.995449e-01	8.015774e-01	7.981300e-01
2.672178331997450e-07	7.995504e-01	8.015589e-01	7.981289e-01
2.672371189140302e-07	7.995588e-01	8.015310e-01	7.981274e-01
2.672564046283154e-07	7.995675e-01	8.015026e-01	7.981261e-01
2.672756903426007e-07	7.995765e-01	8.014737e-01	7.981249e-01
2.672949760568859e-07	7.995858e-01	8.014442e-01	7.981238e-01
2.673142617711711e-07	7.995953e-01	8.014143e-01	7.981229e-01
2.673335474854563e-07	7.996052e-01	8.013838e-01	7.981222e-01
2.673528331997416e-07	7.996153e-01	8.013529e-01	7.981216e-01
2.673618331997413e-07	7.996201e-01	8.013383e-01	7.981214e-01
2.673708331997411e-07	7.996250e-01	8.013236e-01	7.981213e-01
2.673798331997409e-07	7.996299e-01	8.013088e-01	7.981213e-01
2.673888331997407e-07	7.996349e-01	8.012939e-01	7.981213e-01
2.673978331997404e-07	7.996399e-01	8.012789e-01	7.981213e-01
2.674068331997402e-07	7.996450e-01	8.012638e-01	7.981215e-01
2.674158331997400e-07	7.996502e-01	8.012487e-01	7.981216e-01
2.674279760568825e-07	7.996572e-01	8.012280e-01	7.981220e-01
2.674401189140251e-07	7.996644e-01	8.012073e-01	7.981224e-01
2.674522617711676e-07	7.996716e-01	8.011864e-01	7.981230e-01
2.674644046283102e-07	7.996790e-01	8.011653e-01	7.981237e-01
2.674765474854527e-07	7.996864e-01	8.011441e-01	7.981244e-01
2.674886903425953e-07	7.996940e-01	8.011227e-01	7.981253e-01
2.675008331997378e-07	7.997017e-01	8.011011e-01	7.981263e-01
2.675216903425944e-07	7.997151e-01	8.010638e-01	7.981284e-01
2.675425474854510e-07	7.997288e-01	8.010261e-01	7.981307e-01
2.675634046283077e-07	7.997427e-01	8.009880e-01	7.981333e-01
2.675842617711643e-07	7.997569e-01	8.009496e-01	7.981362e-01
2.676051189140209e-07	7.997714e-01	8.009109e-01	7.981394e-01
2.676259760568775e-07	7.997862e-01	8.008718e-01	7.981429e-01
2.676468331997341e-07	7.998013e-01	8.008324e-01	7.981466e-01
2.676846903425903e-07	7.998293e-01	8.007599e-01	7.981541e-01
2.677225474854465e-07	7.998580e-01	8.006868e-01	7.981620e-01
2.677604046283027e-07	7.998875e-01	8.006131e-01	7.981701e-01
2.677982617711589e-07	7.999177e-01	8.005389e-01	7.981784e-01
2.678361189140150e-07	7.999486e-01	8.004641e-01	7.981871e-01
2.678739760568712e-07	7.999803e-01	8.003888e-01	7.981960e-01
2.679118331997274e-07	8.000127e-01	8.003129e-01	7.982051e-01
2.679444046282980e-07	8.000410e-01	8.002475e-01	7.982127e-01
2.679769760568686e-07	8.000697e-01	8.001821e-01	7.982201e-01
2.680095474854392e-07	8.000988e-01	8.001168e-01	7.982273e-01
2.680421189140098e-07	8.001283e-01	8.000516e-01	7.982342e-01
2.680746903425804e-07	8.001581e-01	7.999865e-01	7.982409e-01
2.681072617711510e-07	8.001883e-01	7.999215e-01	7.982474e-01
2.681398331997216e-07	8.002188e-01	7.998565e-01	7.982537e-01
2.682418331997190e-07	8.003162e-01	7.996557e-01	7.982711e-01
2.683006903425747e-07	8.003736e-01	7.995410e-01	7.982797e-01
2.683595474854303e-07	8.004314e-01	7.994289e-01	7.982873e-01
2.684184046282860e-07	8.004894e-01	7.993193e-01	7.982938e-01
2.684772617711417e-07	8.005476e-01	7.992121e-01	7.982994e-01
2.685361189139973e-07	8.006061e-01	7.991075e-01	7.983039e-01
2.685949760568530e-07	8.006649e-01	7.990053e-01	7.983075e-01
2.686538331997086e-07	8.007240e-01	7.989057e-01	7.983100e-01
2.686936903425647e-07	8.007638e-01	7.988404e-01	7.983111e-01
2.687335474854209e-07	8.008033e-01	7.987768e-01	7.983118e-01
2.687734046282770e-07	8.008427e-01	7.987149e-01	7.983121e-01
2.688132617711331e-07	8.008820e-01	7.986547e-01	7.983118e-01
2.688531189139893e-07	8.009210e-01	7.985962e-01	7.983111e-01
2.688929760568454e-07	8.009598e-01	7.985395e-01	7.983100e-01
2.689328331997015e-07	8.009984e-01	7.984844e-01	7.983084e-01
2.689694046282720e-07	8.010336e-01	7.984356e-01	7.983065e-01
2.690059760568425e-07	8.010685e-01	7.983884e-01	7.983042e-01
2.690425474854130e-07	8.011030e-01	7.983429e-01	7.983015e-01
2.690791189139835e-07	8.011372e-01	7.982990e-01	7.982985e-01
2.691156903425540e-07	8.011711e-01	7.982567e-01	7.982950e-01
2.691522617711245e-07	8.012047e-01	7.982161e-01	7.982913e-01
2.691888331996951e-07	8.012379e-01	7.981772e-01	7.982871e-01
2.692658331996931e-07	8.013065e-01	7.981008e-01	7.982773e-01
2.693152617711204e-07	8.013497e-01	7.980558e-01	7.982701e-01
2.693646903425477e-07	8.013920e-01	7.980140e-01	7.982627e-01
2.694141189139751e-07	8.014334e-01	7.979753e-01	7.982550e-01
2.694635474854024e-07	8.014738e-01	7.979397e-01	7.982470e-01
2.695129760568297e-07	8.015135e-01	7.979072e-01	7.982387e-01
2.695624046282570e-07	8.015522e-01	7.978779e-01	7.982302e-01
2.696118331996843e-07	8.015900e-01	7.978517e-01	7.982214e-01
2.696672617711115e-07	8.016313e-01	7.978261e-01	7.982115e-01
2.697226903425387e-07	8.016712e-01	7.978041e-01	7.982022e-01
2.697781189139658e-07	8.017098e-01	7.977859e-01	7.981934e-01
2.698335474853930e-07	8.017471e-01	7.977713e-01	7.981853e-01
2.698889760568202e-07	8.017831e-01	7.977604e-01	7.981777e-01
2.699444046282473e-07	8.018177e-01	7.977531e-01	7.981708e-01
2.699998331996745e-07	8.018510e-01	7.977495e-01	7.981644e-01
2.700291189139595e-07	8.018681e-01	7.977489e-01	7.981616e-01
2.700584046282444e-07	8.018847e-01	7.977492e-01	7.981591e-01
2.700876903425294e-07	8.019009e-01	7.977504e-01	7.981570e-01
2.701169760568144e-07	8.019168e-01	7.977525e-01	7.981552e-01
2.701462617710994e-07	8.019323e-01	7.977555e-01	7.981538e-01
2.701755474853843e-07	8.019473e-01	7.977594e-01	7.981528e-01
2.702048331996693e-07	8.019620e-01	7.977642e-01	7.981521e-01
2.702168331996690e-07	8.019680e-01	7.977665e-01	7.981519e-01
2.702288331996687e-07	8.019738e-01	7.977688e-01	7.981519e-01
2.702408331996684e-07	8.019796e-01	7.977713e-01	7.981518e-01
2.702528331996681e-07	8.019853e-01	7.977739e-01	7.981519e-01
2.702648331996678e-07	8.019910e-01	7.977767e-01	7.981520e-01
2.702768331996675e-07	8.019965e-01	7.977796e-01	7.981522e-01
2.702888331996672e-07	8.020020e-01	7.977826e-01	7.981524e-01
2.702898331996672e-07	8.020025e-01	7.977828e-01	7.981524e-01
2.703035474853811e-07	8.020087e-01	7.977865e-01	7.981528e-01
2.703172617710950e-07	8.020148e-01	7.977903e-01	7.981532e-01
2.703309760568090e-07	8.020209e-01	7.977943e-01	7.981538e-01
2.703446903425229e-07	8.020269e-01	7.977985e-01	7.981545e-01
2.703584046282368e-07	8.020327e-01	7.978028e-01	7.981552e-01
2.703721189139508e-07	8.020385e-01	7.978073e-01	7.981561e-01
2.703858331996647e-07	8.020442e-01	7.978119e-01	7.981571e-01
2.703868331996647e-07	8.020446e-01	7.978123e-01	7.981571e-01
2.703888331996646e-07	8.020455e-01	7.978130e-01	7.981573e-01
2.703915474853789e-07	8.020466e-01	7.978139e-01	7.981575e-01
2.703942617710931e-07	8.020477e-01	7.978149e-01	7.981577e-01
2.703969760568073e-07	8.020488e-01	7.978159e-01	7.981579e-01
2.703996903425215e-07	8.020499e-01	7.978168e-01	7.981581e-01
2.704024046282357e-07	8.020510e-01	7.978178e-01	7.981583e-01
2.704051189139499e-07	8.020521e-01	7.978188e-01	7.981585e-01
2.704078331996642e-07	8.020532e-01	7.978198e-01	7.981588e-01
2.704271189139494e-07	8.020608e-01	7.978270e-01	7.981605e-01
2.704464046282346e-07	8.020684e-01	7.978345e-01	7.981623e-01
2.704656903425198e-07	8.020757e-01	7.978423e-01	7.981643e-01
2.704849760568051e-07	8.020829e-01	7.978504e-01	7.981665e-01
2.705042617710903e-07	8.020899e-01	7.978588e-01	7.981687e-01
2.705235474853755e-07	8.020968e-01	7.978676e-01	7.981711e-01
2.705428331996607e-07	8.021035e-01	7.978766e-01	7.981737e-01
2.705648331996602e-07	8.021109e-01	7.978873e-01	7.981766e-01
2.705868331996596e-07	8.021180e-01	7.978983e-01	7.981796e-01
2.706088331996591e-07	8.021250e-01	7.979096e-01	7.981826e-01
2.706308331996585e-07	8.021318e-01	7.979213e-01	7.981857e-01
2.706528331996580e-07	8.021384e-01	7.979333e-01	7.981887e-01
2.706748331996574e-07	8.021447e-01	7.979457e-01	7.981918e-01
2.706968331996568e-07	8.021508e-01	7.979584e-01	7.981948e-01
2.707221189139419e-07	8.021576e-01	7.979735e-01	7.981983e-01
2.707474046282270e-07	8.021642e-01	7.979889e-01	7.982016e-01
2.707726903425121e-07	8.021704e-01	7.980047e-01	7.982049e-01
2.707979760567971e-07	8.021764e-01	7.980209e-01	7.982082e-01
2.708232617710822e-07	8.021821e-01	7.980375e-01	7.982114e-01
2.708485474853673e-07	8.021875e-01	7.980545e-01	7.982145e-01
2.708738331996524e-07	8.021926e-01	7.980718e-01	7.982175e-01
2.709144046282228e-07	8.022003e-01	7.981004e-01	7.982223e-01
2.709549760567932e-07	8.022073e-01	7.981298e-01	7.982270e-01
2.709955474853636e-07	8.022137e-01	7.981599e-01	7.982318e-01
2.710361189139340e-07	8.022194e-01	7.981908e-01	7.982366e-01
2.710766903425044e-07	8.022244e-01	7.982224e-01	7.982415e-01
2.711172617710748e-07	8.022288e-01	7.982547e-01	7.982464e-01
2.711578331996452e-07	8.022325e-01	7.982878e-01	7.982513e-01
2.711799760567875e-07	8.022343e-01	7.983061e-01	7.982540e-01
2.712021189139298e-07	8.022358e-01	7.983245e-01	7.982568e-01
2.712242617710721e-07	8.022372e-01	7.983430e-01	7.982597e-01
2.712464046282143e-07	8.022384e-01	7.983617e-01	7.982626e-01
2.712685474853566e-07	8.022395e-01	7.983806e-01	7.982655e-01
2.712906903424989e-07	8.022403e-01	7.983996e-01	7.982685e-01
2.713128331996412e-07	8.022410e-01	7.984188e-01	7.982715e-01
2.713138331996412e-07	8.022410e-01	7.984197e-01	7.982717e-01
2.713696903424969e-07	8.022417e-01	7.984689e-01	7.982796e-01
2.714255474853527e-07	8.022415e-01	7.985185e-01	7.982876e-01
2.714814046282084e-07	8.022402e-01	7.985686e-01	7.982959e-01
2.715372617710641e-07	8.022378e-01	7.986192e-01	7.983042e-01
2.715931189139199e-07	8.022344e-01	7.986703e-01	7.983127e-01
2.716489760567756e-07	8.022300e-01	7.987219e-01	7.983214e-01
2.717048331996313e-07	8.022245e-01	7.987740e-01	7.983302e-01
2.717471189139159e-07	8.022197e-01	7.988134e-01	7.983368e-01
2.717894046282006e-07	8.022144e-01	7.988529e-01	7.983435e-01
2.718316903424852e-07	8.022085e-01	7.988923e-01	7.983503e-01
2.718739760567699e-07	8.022022e-01	7.989317e-01	7.983573e-01
2.719162617710545e-07	8.021954e-01	7.989711e-01	7.983643e-01
2.719585474853392e-07	8.021880e-01	7.990105e-01	7.983715e-01
2.720008331996238e-07	8.021801e-01	7.990499e-01	7.983788e-01
2.720488331996226e-07	8.021706e-01	7.990944e-01	7.983873e-01
2.720968331996214e-07	8.021606e-01	7.991386e-01	7.983964e-01
2.721448331996202e-07	8.021500e-01	7.991825e-01	7.984062e-01
2.721928331996189e-07	8.021388e-01	7.992262e-01	7.984165e-01
2.722408331996177e-07	8.021271e-01	7.992696e-01	7.984274e-01
2.722888331996165e-07	8.021149e-01	7.993127e-01	7.984390e-01
2.723368331996153e-07	8.021021e-01	7.993554e-01	7.984511e-01
2.723378331996153e-07	8.021019e-01	7.993563e-01	7.984514e-01
2.723952617710424e-07	8.020859e-01	7.994070e-01	7.984671e-01
2.724526903424695e-07	8.020693e-01	7.994569e-01	7.984846e-01
2.725101189138966e-07	8.020521e-01	7.995061e-01	7.985039e-01
2.725675474853237e-07	8.020343e-01	7.995546e-01	7.985248e-01
2.726249760567509e-07	8.020158e-01	7.996023e-01	7.985475e-01
2.726824046281780e-07	8.019968e-01	7.996493e-01	7.985720e-01
2.727398331996051e-07	8.019772e-01	7.996955e-01	7.985981e-01
2.728051189138891e-07	8.019542e-01	7.997470e-01	7.986306e-01
2.728704046281732e-07	8.019307e-01	7.997972e-01	7.986657e-01
2.729356903424573e-07	8.019067e-01	7.998463e-01	7.987031e-01
2.730009760567413e-07	8.018821e-01	7.998941e-01	7.987431e-01
2.730662617710254e-07	8.018569e-01	7.999406e-01	7.987855e-01
2.731315474853094e-07	8.018312e-01	7.999860e-01	7.988304e-01
2.731968331995935e-07	8.018050e-01	8.000301e-01	7.988778e-01
2.732202617710215e-07	8.017955e-01	8.000456e-01	7.988952e-01
2.732436903424495e-07	8.017860e-01	8.000609e-01	7.989129e-01
2.732671189138774e-07	8.017764e-01	8.000761e-01	7.989308e-01
2.732905474853054e-07	8.017668e-01	8.000910e-01	7.989490e-01
2.733139760567334e-07	8.017571e-01	8.001059e-01	7.989674e-01
2.733374046281614e-07	8.017474e-01	8.001205e-01	7.989860e-01
2.733608331995893e-07	8.017376e-01	8.001350e-01	7.990049e-01
2.733618331995893e-07	8.017372e-01	8.001356e-01	7.990057e-01
2.734928331995860e-07	8.016812e-01	8.002131e-01	7.991194e-01
2.736238331995827e-07	8.016246e-01	8.002854e-01	7.992328e-01
2.737548331995794e-07	8.015674e-01	8.003525e-01	7.993460e-01
2.738858331995760e-07	8.015097e-01	8.004144e-01	7.994590e-01
2.740168331995727e-07	8.014514e-01	8.004711e-01	7.995718e-01
2.741478331995694e-07	8.013925e-01	8.005225e-01	7.996844e-01
2.742788331995661e-07	8.013330e-01	8.005688e-01	7.997968e-01
2.743858331995634e-07	8.012848e-01	8.006032e-01	7.998805e-01
2.744769760567039e-07	8.012438e-01	8.006299e-01	7.999487e-01
2.745681189138445e-07	8.012031e-01	8.006547e-01	8.000126e-01
2.746592617709850e-07	8.011626e-01	8.006775e-01	8.000720e-01
2.747504046281256e-07	8.011225e-01	8.006982e-01	8.001271e-01
2.748415474852661e-07	8.010826e-01	8.007170e-01	8.001777e-01
2.749326903424067e-07	8.010429e-01	8.007338e-01	8.002240e-01
2.750238331995472e-07	8.010036e-01	8.007486e-01	8.002658e-01
2.750788331995458e-07	8.009801e-01	8.007568e-01	8.002884e-01
2.751338331995444e-07	8.009567e-01	8.007644e-01	8.003091e-01
2.751888331995430e-07	8.009336e-01	8.007713e-01	8.003280e-01
2.752438331995416e-07	8.009106e-01	8.007778e-01	8.003451e-01
2.752988331995402e-07	8.008879e-01	8.007836e-01	8.003603e-01
2.753538331995389e-07	8.008653e-01	8.007889e-01	8.003737e-01
2.754088331995375e-07	8.008429e-01	8.007936e-01	8.003852e-01
2.754098331995374e-07	8.008425e-01	8.007938e-01	8.003854e-01
2.754566903423934e-07	8.008235e-01	8.007974e-01	8.003937e-01
2.755035474852493e-07	8.008047e-01	8.008006e-01	8.004008e-01
2.755504046281053e-07	8.007861e-01	8.008035e-01	8.004065e-01
2.755972617709613e-07	8.007676e-01	8.008061e-01	8.004109e-01
2.756441189138172e-07	8.007493e-01	8.008083e-01	8.004140e-01
2.756909760566732e-07	8.007312e-01	8.008103e-01	8.004158e-01
2.757378331995291e-07	8.007132e-01	8.008118e-01	8.004163e-01
2.757942617709563e-07	8.006917e-01	8.008133e-01	8.004151e-01
2.758506903423834e-07	8.006706e-01	8.008143e-01	8.004123e-01
2.759071189138106e-07	8.006496e-01	8.008150e-01	8.004077e-01
2.759635474852377e-07	8.006290e-01	8.008153e-01	8.004013e-01
2.760199760566648e-07	8.006086e-01	8.008151e-01	8.003933e-01
2.760764046280920e-07	8.005884e-01	8.008146e-01	8.003835e-01
2.761328331995191e-07	8.005685e-01	8.008137e-01	8.003720e-01
2.761599760566613e-07	8.005590e-01	8.008132e-01	8.003659e-01
2.761871189138035e-07	8.005496e-01	8.008126e-01	8.003595e-01
2.762142617709456e-07	8.005403e-01	8.008119e-01	8.003527e-01
2.762414046280878e-07	8.005310e-01	8.008111e-01	8.003456e-01
2.762685474852300e-07	8.005218e-01	8.008103e-01	8.003381e-01
2.762956903423721e-07	8.005126e-01	8.008094e-01	8.003302e-01
2.763228331995143e-07	8.005035e-01	8.008084e-01	8.003221e-01
2.763264046280856e-07	8.005023e-01	8.008083e-01	8.003210e-01
2.763299760566570e-07	8.005011e-01	8.008081e-01	8.003198e-01
2.763335474852283e-07	8.005000e-01	8.008080e-01	8.003187e-01
2.763371189137997e-07	8.004988e-01	8.008079e-01	8.003176e-01
2.763406903423710e-07	8.004976e-01	8.008078e-01	8.003165e-01
2.763442617709423e-07	8.004964e-01	8.008077e-01	8.003154e-01
2.763478331995137e-07	8.004952e-01	8.008075e-01	8.003142e-01
2.763512617709422e-07	8.004941e-01	8.008075e-01	8.003131e-01
2.763546903423706e-07	8.004929e-01	8.008074e-01	8.003120e-01
2.763581189137991e-07	8.004918e-01	8.008073e-01	8.003109e-01
2.763615474852276e-07	8.004906e-01	8.008073e-01	8.003098e-01
2.763649760566561e-07	8.004895e-01	8.008072e-01	8.003087e-01
2.763684046280846e-07	8.004884e-01	8.008072e-01	8.003076e-01
2.763718331995131e-07	8.004873e-01	8.008071e-01	8.003064e-01
2.763752617709415e-07	8.004861e-01	8.008071e-01	8.003053e-01
2.763786903423700e-07	8.004850e-01	8.008071e-01	8.003042e-01
2.763821189137985e-07	8.004839e-01	8.008071e-01	8.003030e-01
2.763855474852270e-07	8.004827e-01	8.008071e-01	8.003019e-01
2.763889760566555e-07	8.004816e-01	8.008072e-01	8.003007e-01
2.763924046280840e-07	8.004805e-01	8.008072e-01	8.002996e-01
2.763958331995125e-07	8.004794e-01	8.008072e-01	8.002984e-01
2.764011189137980e-07	8.004776e-01	8.008073e-01	8.002966e-01
2.764064046280836e-07	8.004759e-01	8.008074e-01	8.002948e-01
2.764116903423692e-07	8.004742e-01	8.008076e-01	8.002930e-01
2.764169760566548e-07	8.004725e-01	8.008077e-01	8.002912e-01
2.764222617709404e-07	8.004707e-01	8.008079e-01	8.002893e-01
2.764275474852259e-07	8.004690e-01	8.008081e-01	8.002874e-01
2.764328331995115e-07	8.004673e-01	8.008084e-01	8.002855e-01
2.764338331995115e-07	8.004670e-01	8.008084e-01	8.002852e-01
2.764455474852255e-07	8.004631e-01	8.008090e-01	8.002810e-01
2.764572617709395e-07	8.004593e-01	8.008095e-01	8.002767e-01
2.764689760566535e-07	8.004555e-01	8.008100e-01	8.002724e-01
2.764806903423674e-07	8.004516e-01	8.008105e-01	8.002680e-01
2.764924046280814e-07	8.004477e-01	8.008110e-01	8.002636e-01
2.765041189137954e-07	8.004439e-01	8.008114e-01	8.002591e-01
2.765158331995094e-07	8.004400e-01	8.008118e-01	8.002545e-01
2.765219760566521e-07	8.004379e-01	8.008120e-01	8.002521e-01
2.765281189137948e-07	8.004358e-01	8.008121e-01	8.002497e-01
2.765342617709375e-07	8.004338e-01	8.008121e-01	8.002473e-01
2.765404046280802e-07	8.004317e-01	8.008121e-01	8.002448e-01
2.765465474852229e-07	8.004296e-01	8.008121e-01	8.002424e-01
2.765526903423656e-07	8.004275e-01	8.008120e-01	8.002399e-01
2.765588331995083e-07	8.004254e-01	8.008119e-01	8.002374e-01
2.765661189137939e-07	8.004229e-01	8.008117e-01	8.002344e-01
2.765734046280794e-07	8.004204e-01	8.008114e-01	8.002314e-01
2.765806903423649e-07	8.004178e-01	8.008110e-01	8.002284e-01
2.765879760566504e-07	8.004152e-01	8.008105e-01	8.002253e-01
2.765952617709360e-07	8.004127e-01	8.008100e-01	8.002223e-01
2.766025474852215e-07	8.004101e-01	8.008093e-01	8.002192e-01
2.766098331995070e-07	8.004075e-01	8.008086e-01	8.002161e-01
2.766204046280782e-07	8.004036e-01	8.008074e-01	8.002116e-01
2.766309760566494e-07	8.003997e-01	8.008060e-01	8.002070e-01
2.766415474852205e-07	8.003957e-01	8.008045e-01	8.002024e-01
2.766521189137917e-07	8.003917e-01	8.008027e-01	8.001977e-01
2.766626903423628e-07	8.003876e-01	8.008007e-01	8.001930e-01
2.766732617709340e-07	8.003835e-01	8.007986e-01	8.001883e-01
2.766838331995052e-07	8.003793e-01	8.007963e-01	8.001835e-01
2.767011189137904e-07	8.003723e-01	8.007920e-01	8.001756e-01
2.767184046280757e-07	8.003652e-01	8.007874e-01	8.001676e-01
2.767356903423610e-07	8.003578e-01	8.007825e-01	8.001595e-01
2.767529760566463e-07	8.003504e-01	8.007772e-01	8.001514e-01
2.767702617709315e-07	8.003427e-01	8.007716e-01	8.001431e-01
2.767875474852168e-07	8.003349e-01	8.007657e-01	8.001346e-01
2.768048331995021e-07	8.003269e-01	8.007594e-01	8.001261e-01
2.768271189137872e-07	8.003163e-01	8.007510e-01	8.001150e-01
2.768494046280724e-07	8.003055e-01	8.007428e-01	8.001038e-01
2.768716903423575e-07	8.002945e-01	8.007347e-01	8.000924e-01
2.768939760566427e-07	8.002833e-01	8.007268e-01	8.000809e-01
2.769162617709278e-07	8.002720e-01	8.007190e-01	8.000693e-01
2.769385474852130e-07	8.002604e-01	8.007114e-01	8.000575e-01
2.769608331994981e-07	8.002487e-01	8.007039e-01	8.000455e-01
2.769765474852120e-07	8.002404e-01	8.006991e-01	8.000371e-01
2.769922617709259e-07	8.002321e-01	8.006946e-01	8.000285e-01
2.770079760566398e-07	8.002239e-01	8.006904e-01	8.000199e-01
2.770236903423537e-07	8.002157e-01	8.006866e-01	8.000112e-01
2.770394046280676e-07	8.002075e-01	8.006830e-01	8.000025e-01
2.770551189137815e-07	8.001993e-01	8.006798e-01	7.999937e-01
2.770708331994954e-07	8.001911e-01	8.006769e-01	7.999848e-01
2.770828331994950e-07	8.001849e-01	8.006749e-01	7.999780e-01
2.770948331994947e-07	8.001788e-01	8.006732e-01	7.999712e-01
2.771068331994944e-07	8.001728e-01	8.006717e-01	7.999643e-01
2.771188331994941e-07	8.001668e-01	8.006704e-01	7.999575e-01
2.771308331994938e-07	8.001609e-01	8.006693e-01	7.999506e-01
2.771428331994935e-07	8.001550e-01	8.006684e-01	7.999436e-01
2.771548331994932e-07	8.001492e-01	8.006677e-01	7.999367e-01
2.771649760566358e-07	8.001444e-01	8.006673e-01	7.999307e-01
2.771751189137784e-07	8.001396e-01	8.006671e-01	7.999248e-01
2.771852617709210e-07	8.001349e-01	8.006669e-01	7.999188e-01
2.771954046280636e-07	8.001303e-01	8.006670e-01	7.999129e-01
2.772055474852062e-07	8.001257e-01	8.006671e-01	7.999069e-01
2.772156903423488e-07	8.001212e-01	8.006674e-01	7.999009e-01
2.772258331994914e-07	8.001168e-01	8.006678e-01	7.998949e-01
2.772422617709196e-07	8.001098e-01	8.006688e-01	7.998851e-01
2.772586903423477e-07	8.001031e-01	8.006700e-01	7.998752e-01
2.772751189137759e-07	8.000966e-01	8.006715e-01	7.998653e-01
2.772915474852040e-07	8.000903e-01	8.006732e-01	7.998554e-01
2.773079760566322e-07	8.000843e-01	8.006751e-01	7.998454e-01
2.773244046280604e-07	8.000785e-01	8.006772e-01	7.998355e-01
2.773408331994885e-07	8.000729e-01	8.006796e-01	7.998254e-01
2.773574046280595e-07	8.000676e-01	8.006821e-01	7.998153e-01
2.773739760566305e-07	8.000625e-01	8.006847e-01	7.998051e-01
2.773905474852015e-07	8.000577e-01	8.006873e-01	7.997948e-01
2.774071189137725e-07	8.000532e-01	8.006899e-01	7.997846e-01
2.774236903423436e-07	8.000489e-01	8.006925e-01	7.997743e-01
2.774402617709146e-07	8.000449e-01	8.006952e-01	7.997640e-01
2.774568331994856e-07	8.000412e-01	8.006979e-01	7.997537e-01
2.774578331994855e-07	8.000410e-01	8.006980e-01	7.997531e-01
2.774759760566279e-07	8.000373e-01	8.007009e-01	7.997417e-01
2.774941189137703e-07	8.000338e-01	8.007036e-01	7.997304e-01
2.775122617709127e-07	8.000306e-01	8.007060e-01	7.997190e-01
2.775304046280551e-07	8.000278e-01	8.007082e-01	7.997076e-01
2.775485474851975e-07	8.000252e-01	8.007102e-01	7.996962e-01
2.775666903423399e-07	8.000229e-01	8.007120e-01	7.996847e-01
2.775848331994823e-07	8.000209e-01	8.007135e-01	7.996733e-01
2.775948331994821e-07	8.000199e-01	8.007142e-01	7.996669e-01
2.776048331994818e-07	8.000189e-01	8.007148e-01	7.996606e-01
2.776148331994816e-07	8.000180e-01	8.007153e-01	7.996543e-01
2.776248331994813e-07	8.000172e-01	8.007156e-01	7.996480e-01
2.776348331994811e-07	8.000164e-01	8.007158e-01	7.996417e-01
2.776448331994808e-07	8.000158e-01	8.007159e-01	7.996353e-01
2.776548331994806e-07	8.000152e-01	8.007159e-01	7.996290e-01
2.776666903423374e-07	8.000145e-01	8.007158e-01	7.996214e-01
2.776785474851942e-07	8.000139e-01	8.007155e-01	7.996139e-01
2.776904046280511e-07	8.000134e-01	8.007149e-01	7.996064e-01
2.777022617709079e-07	8.000129e-01	8.007142e-01	7.995989e-01
2.777141189137648e-07	8.000125e-01	8.007133e-01	7.995913e-01
2.777259760566216e-07	8.000122e-01	8.007123e-01	7.995838e-01
2.777378331994785e-07	8.000119e-01	8.007110e-01	7.995763e-01
2.777572617709065e-07	8.000115e-01	8.007084e-01	7.995640e-01
2.777766903423346e-07	8.000112e-01	8.007054e-01	7.995517e-01
2.777961189137627e-07	8.000110e-01	8.007018e-01	7.995394e-01
2.778155474851908e-07	8.000108e-01	8.006977e-01	7.995271e-01
2.778349760566189e-07	8.000107e-01	8.006931e-01	7.995148e-01
2.778544046280469e-07	8.000106e-01	8.006880e-01	7.995026e-01
2.778738331994750e-07	8.000106e-01	8.006823e-01	7.994903e-01
2.778884046280461e-07	8.000105e-01	8.006777e-01	7.994812e-01
2.779029760566171e-07	8.000104e-01	8.006729e-01	7.994720e-01
2.779175474851882e-07	8.000102e-01	8.006678e-01	7.994629e-01
2.779321189137592e-07	8.000100e-01	8.006625e-01	7.994538e-01
2.779466903423303e-07	8.000098e-01	8.006569e-01	7.994447e-01
2.779612617709014e-07	8.000094e-01	8.006511e-01	7.994356e-01
2.779758331994724e-07	8.000091e-01	8.006451e-01	7.994265e-01
2.779934046280434e-07	8.000086e-01	8.006374e-01	7.994156e-01
2.780109760566144e-07	8.000079e-01	8.006295e-01	7.994047e-01
2.780285474851854e-07	8.000071e-01	8.006214e-01	7.993938e-01
2.780461189137564e-07	8.000061e-01	8.006131e-01	7.993830e-01
2.780636903423273e-07	8.000050e-01	8.006045e-01	7.993722e-01
2.780812617708983e-07	8.000038e-01	8.005956e-01	7.993615e-01
2.780988331994693e-07	8.000023e-01	8.005866e-01	7.993507e-01
2.781212617708973e-07	8.000003e-01	8.005747e-01	7.993371e-01
2.781436903423253e-07	7.999979e-01	8.005628e-01	7.993236e-01
2.781661189137533e-07	7.999952e-01	8.005507e-01	7.993101e-01
2.781885474851813e-07	7.999921e-01	8.005386e-01	7.992967e-01
2.782109760566093e-07	7.999888e-01	8.005264e-01	7.992834e-01
2.782334046280373e-07	7.999851e-01	8.005142e-01	7.992701e-01
2.782558331994653e-07	7.999811e-01	8.005018e-01	7.992569e-01
2.782854046280360e-07	7.999752e-01	8.004856e-01	7.992397e-01
2.783149760566067e-07	7.999688e-01	8.004700e-01	7.992226e-01
2.783445474851774e-07	7.999618e-01	8.004549e-01	7.992058e-01
2.783741189137480e-07	7.999543e-01	8.004403e-01	7.991890e-01
2.784036903423187e-07	7.999462e-01	8.004263e-01	7.991725e-01
2.784332617708894e-07	7.999377e-01	8.004129e-01	7.991561e-01
2.784628331994601e-07	7.999285e-01	8.004000e-01	7.991399e-01
2.784818331994596e-07	7.999225e-01	8.003923e-01	7.991295e-01
2.785086903423161e-07	7.999136e-01	8.003820e-01	7.991151e-01
2.785355474851725e-07	7.999045e-01	8.003725e-01	7.991009e-01
2.785624046280290e-07	7.998952e-01	8.003640e-01	7.990868e-01
2.785892617708855e-07	7.998858e-01	8.003564e-01	7.990729e-01
2.786161189137419e-07	7.998761e-01	8.003496e-01	7.990592e-01
2.786429760565984e-07	7.998663e-01	8.003438e-01	7.990456e-01
2.786698331994548e-07	7.998563e-01	8.003389e-01	7.990323e-01
2.786862617708830e-07	7.998502e-01	8.003364e-01	7.990242e-01
2.787026903423112e-07	7.998441e-01	8.003343e-01	7.990162e-01
2.787191189137393e-07	7.998380e-01	8.003326e-01	7.990083e-01
2.787355474851675e-07	7.998320e-01	8.003312e-01	7.990004e-01
2.787519760565956e-07	7.998260e-01	8.003302e-01	7.989926e-01
2.787684046280238e-07	7.998201e-01	8.003296e-01	7.989849e-01
2.787848331994519e-07	7.998142e-01	8.003293e-01	7.989773e-01
2.788014046280229e-07	7.998083e-01	8.003295e-01	7.989697e-01
2.788179760565939e-07	7.998025e-01	8.003300e-01	7.989622e-01
2.788345474851650e-07	7.997968e-01	8.003309e-01	7.989547e-01
2.788511189137360e-07	7.997912e-01	8.003321e-01	7.989474e-01
2.788676903423070e-07	7.997857e-01	8.003338e-01	7.989401e-01
2.788842617708780e-07	7.997803e-01	8.003357e-01	7.989328e-01
2.789008331994490e-07	7.997751e-01	8.003381e-01	7.989257e-01
2.789342617708767e-07	7.997648e-01	8.003441e-01	7.989116e-01
2.789676903423044e-07	7.997555e-01	8.003513e-01	7.988978e-01
2.790011189137322e-07	7.997470e-01	8.003597e-01	7.988844e-01
2.790345474851599e-07	7.997394e-01	8.003693e-01	7.988713e-01
2.790679760565876e-07	7.997326e-01	8.003802e-01	7.988586e-01
2.791014046280153e-07	7.997268e-01	8.003922e-01	7.988463e-01
2.791348331994431e-07	7.997218e-01	8.004055e-01	7.988343e-01
2.791519760565855e-07	7.997197e-01	8.004126e-01	7.988283e-01
2.791691189137279e-07	7.997180e-01	8.004200e-01	7.988224e-01
2.791862617708703e-07	7.997166e-01	8.004275e-01	7.988166e-01
2.792034046280128e-07	7.997155e-01	8.004352e-01	7.988109e-01
2.792205474851552e-07	7.997147e-01	8.004431e-01	7.988053e-01
2.792376903422976e-07	7.997142e-01	8.004512e-01	7.987997e-01
2.792548331994400e-07	7.997140e-01	8.004596e-01	7.987943e-01
2.792715474851539e-07	7.997141e-01	8.004678e-01	7.987891e-01
2.792882617708677e-07	7.997146e-01	8.004762e-01	7.987841e-01
2.793049760565816e-07	7.997154e-01	8.004847e-01	7.987791e-01
2.793216903422955e-07	7.997165e-01	8.004933e-01	7.987742e-01
2.793384046280093e-07	7.997179e-01	8.005020e-01	7.987694e-01
2.793551189137232e-07	7.997196e-01	8.005109e-01	7.987647e-01
2.793718331994371e-07	7.997217e-01	8.005198e-01	7.987601e-01
2.793908331994366e-07	7.997244e-01	8.005301e-01	7.987550e-01
2.794098331994361e-07	7.997275e-01	8.005404e-01	7.987500e-01
2.794288331994356e-07	7.997311e-01	8.005508e-01	7.987452e-01
2.794478331994351e-07	7.997351e-01	8.005611e-01	7.987404e-01
2.794668331994346e-07	7.997395e-01	8.005716e-01	7.987358e-01
2.794858331994342e-07	7.997443e-01	8.005820e-01	7.987314e-01
2.795048331994337e-07	7.997495e-01	8.005925e-01	7.987270e-01
2.795058331994337e-07	7.997497e-01	8.005931e-01	7.987268e-01
2.795298331994331e-07	7.997569e-01	8.006064e-01	7.987215e-01
2.795308331994330e-07	7.997572e-01	8.006070e-01	7.987213e-01
2.795318331994330e-07	7.997575e-01	8.006073e-01	7.987210e-01
2.795338331994330e-07	7.997581e-01	8.006085e-01	7.987206e-01
2.795368331994329e-07	7.997591e-01	8.006102e-01	7.987199e-01
2.795466903422898e-07	7.997623e-01	8.006156e-01	7.987179e-01
2.795565474851467e-07	7.997656e-01	8.006210e-01	7.987158e-01
2.795664046280036e-07	7.997691e-01	8.006263e-01	7.987138e-01
2.795762617708604e-07	7.997728e-01	8.006317e-01	7.987118e-01
2.795861189137173e-07	7.997766e-01	8.006371e-01	7.987098e-01
2.795959760565742e-07	7.997806e-01	8.006424e-01	7.987079e-01
2.796058331994311e-07	7.997847e-01	8.006478e-01	7.987060e-01
2.796282617708591e-07	7.997950e-01	8.006600e-01	7.987018e-01
2.796506903422871e-07	7.998059e-01	8.006722e-01	7.986978e-01
2.796731189137151e-07	7.998174e-01	8.006844e-01	7.986940e-01
2.796955474851431e-07	7.998296e-01	8.006965e-01	7.986904e-01
2.797179760565711e-07	7.998424e-01	8.007087e-01	7.986869e-01
2.797404046279991e-07	7.998559e-01	8.007208e-01	7.986836e-01
2.797628331994271e-07	7.998700e-01	8.007329e-01	7.986804e-01
2.797865474851408e-07	7.998852e-01	8.007457e-01	7.986773e-01
2.798102617708545e-07	7.999007e-01	8.007581e-01	7.986744e-01
2.798339760565682e-07	7.999162e-01	8.007702e-01	7.986717e-01
2.798576903422819e-07	7.999320e-01	8.007818e-01	7.986692e-01
2.798814046279956e-07	7.999479e-01	8.007931e-01	7.986668e-01
2.799051189137093e-07	7.999640e-01	8.008040e-01	7.986647e-01
2.799288331994229e-07	7.999802e-01	8.008144e-01	7.986628e-01
2.799482617708510e-07	7.999935e-01	8.008224e-01	7.986613e-01
2.799676903422791e-07	8.000069e-01	8.008299e-01	7.986600e-01
2.799871189137072e-07	8.000204e-01	8.008368e-01	7.986588e-01
2.800065474851353e-07	8.000339e-01	8.008431e-01	7.986577e-01
2.800259760565633e-07	8.000475e-01	8.008489e-01	7.986568e-01
2.800454046279914e-07	8.000612e-01	8.008542e-01	7.986560e-01
2.800648331994195e-07	8.000750e-01	8.008589e-01	7.986553e-01
2.800786903422763e-07	8.000849e-01	8.008618e-01	7.986549e-01
2.800925474851331e-07	8.000949e-01	8.008644e-01	7.986545e-01
2.801064046279899e-07	8.001050e-01	8.008667e-01	7.986543e-01
2.801202617708467e-07	8.001151e-01	8.008687e-01	7.986540e-01
2.801341189137035e-07	8.001254e-01	8.008704e-01	7.986539e-01
2.801479760565602e-07	8.001357e-01	8.008718e-01	7.986538e-01
2.801618331994170e-07	8.001462e-01	8.008729e-01	7.986538e-01
2.801699760565597e-07	8.001523e-01	8.008734e-01	7.986538e-01
2.801781189137023e-07	8.001585e-01	8.008738e-01	7.986538e-01
2.801862617708450e-07	8.001647e-01	8.008741e-01	7.986539e-01
2.801944046279876e-07	8.001710e-01	8.008743e-01	7.986539e-01
2.802025474851303e-07	8.001773e-01	8.008745e-01	7.986540e-01
2.802106903422729e-07	8.001836e-01	8.008745e-01	7.986542e-01
2.802188331994156e-07	8.001900e-01	8.008745e-01	7.986543e-01
2.802316903422724e-07	8.002002e-01	8.008742e-01	7.986546e-01
2.802445474851292e-07	8.002104e-01	8.008737e-01	7.986549e-01
2.802574046279860e-07	8.002208e-01	8.008731e-01	7.986552e-01
2.802702617708429e-07	8.002312e-01	8.008723e-01	7.986557e-01
2.802831189136997e-07	8.002417e-01	8.008713e-01	7.986561e-01
2.802959760565565e-07	8.002523e-01	8.008701e-01	7.986567e-01
2.803088331994133e-07	8.002629e-01	8.008688e-01	7.986572e-01
2.803386903422697e-07	8.002882e-01	8.008649e-01	7.986588e-01
2.803685474851261e-07	8.003137e-01	8.008609e-01	7.986606e-01
2.803984046279825e-07	8.003393e-01	8.008569e-01	7.986627e-01
2.804282617708389e-07	8.003651e-01	8.008528e-01	7.986650e-01
2.804581189136952e-07	8.003910e-01	8.008487e-01	7.986676e-01
2.804879760565516e-07	8.004171e-01	8.008445e-01	7.986704e-01
2.805178331994080e-07	8.004434e-01	8.008403e-01	7.986736e-01
2.805298331994077e-07	8.004538e-01	8.008389e-01	7.986749e-01
2.805431189136931e-07	8.004654e-01	8.008375e-01	7.986764e-01
2.805564046279785e-07	8.004768e-01	8.008362e-01	7.986780e-01
2.805696903422638e-07	8.004881e-01	8.008351e-01	7.986796e-01
2.805829760565492e-07	8.004993e-01	8.008342e-01	7.986813e-01
2.805962617708346e-07	8.005104e-01	8.008335e-01	7.986830e-01
2.806095474851200e-07	8.005215e-01	8.008329e-01	7.986847e-01
2.806228331994054e-07	8.005324e-01	8.008325e-01	7.986866e-01
2.806318331994051e-07	8.005397e-01	8.008323e-01	7.986878e-01
2.806408331994049e-07	8.005470e-01	8.008322e-01	7.986891e-01
2.806498331994047e-07	8.005541e-01	8.008322e-01	7.986904e-01
2.806588331994044e-07	8.005612e-01	8.008323e-01	7.986918e-01
2.806678331994042e-07	8.005682e-01	8.008326e-01	7.986931e-01
2.806768331994040e-07	8.005752e-01	8.008329e-01	7.986944e-01
2.806858331994038e-07	8.005821e-01	8.008333e-01	7.986958e-01
2.807006903422605e-07	8.005932e-01	8.008343e-01	7.986982e-01
2.807155474851173e-07	8.006041e-01	8.008355e-01	7.987006e-01
2.807304046279741e-07	8.006146e-01	8.008371e-01	7.987030e-01
2.807452617708308e-07	8.006249e-01	8.008390e-01	7.987055e-01
2.807601189136876e-07	8.006348e-01	8.008411e-01	7.987081e-01
2.807749760565444e-07	8.006445e-01	8.008436e-01	7.987107e-01
2.807898331994011e-07	8.006538e-01	8.008463e-01	7.987134e-01
2.808111189136863e-07	8.006666e-01	8.008509e-01	7.987173e-01
2.808324046279715e-07	8.006786e-01	8.008559e-01	7.987214e-01
2.808536903422567e-07	8.006897e-01	8.008616e-01	7.987255e-01
2.808749760565418e-07	8.006999e-01	8.008677e-01	7.987298e-01
2.808962617708270e-07	8.007092e-01	8.008745e-01	7.987341e-01
2.809175474851122e-07	8.007177e-01	8.008817e-01	7.987386e-01
2.809388331993974e-07	8.007253e-01	8.008896e-01	7.987432e-01
2.809572617708255e-07	8.007311e-01	8.008967e-01	7.987472e-01
2.809756903422536e-07	8.007361e-01	8.009041e-01	7.987513e-01
2.809941189136817e-07	8.007403e-01	8.009117e-01	7.987555e-01
2.810125474851098e-07	8.007437e-01	8.009195e-01	7.987598e-01
2.810309760565379e-07	8.007464e-01	8.009275e-01	7.987642e-01
2.810494046279660e-07	8.007483e-01	8.009357e-01	7.987686e-01
2.810678331993941e-07	8.007494e-01	8.009441e-01	7.987731e-01
2.810768331993939e-07	8.007496e-01	8.009482e-01	7.987753e-01
2.810858331993936e-07	8.007497e-01	8.009524e-01	7.987775e-01
2.810948331993934e-07	8.007495e-01	8.009565e-01	7.987798e-01
2.811038331993932e-07	8.007492e-01	8.009607e-01	7.987821e-01
2.811128331993929e-07	8.007486e-01	8.009648e-01	7.987843e-01
2.811218331993927e-07	8.007479e-01	8.009690e-01	7.987866e-01
2.811308331993925e-07	8.007470e-01	8.009732e-01	7.987890e-01
2.811558331993919e-07	8.007433e-01	8.009849e-01	7.987955e-01
2.811808331993912e-07	8.007382e-01	8.009962e-01	7.988021e-01
2.812058331993906e-07	8.007316e-01	8.010070e-01	7.988089e-01
2.812308331993900e-07	8.007235e-01	8.010174e-01	7.988158e-01
2.812558331993893e-07	8.007140e-01	8.010274e-01	7.988228e-01
2.812808331993887e-07	8.007030e-01	8.010368e-01	7.988299e-01
2.813058331993881e-07	8.006905e-01	8.010459e-01	7.988371e-01
2.813279760565304e-07	8.006782e-01	8.010532e-01	7.988436e-01
2.813501189136726e-07	8.006649e-01	8.010596e-01	7.988501e-01
2.813722617708149e-07	8.006507e-01	8.010652e-01	7.988568e-01
2.813944046279572e-07	8.006354e-01	8.010699e-01	7.988635e-01
2.814165474850995e-07	8.006191e-01	8.010738e-01	7.988703e-01
2.814386903422418e-07	8.006018e-01	8.010768e-01	7.988772e-01
2.814608331993841e-07	8.005835e-01	8.010790e-01	7.988842e-01
2.814726903422410e-07	8.005733e-01	8.010796e-01	7.988879e-01
2.814845474850978e-07	8.005629e-01	8.010800e-01	7.988917e-01
2.814964046279547e-07	8.005523e-01	8.010800e-01	7.988955e-01
2.815082617708115e-07	8.005414e-01	8.010797e-01	7.988993e-01
2.815201189136683e-07	8.005303e-01	8.010791e-01	7.989031e-01
2.815319760565252e-07	8.005190e-01	8.010781e-01	7.989070e-01
2.815438331993820e-07	8.005074e-01	8.010769e-01	7.989109e-01
2.815538331993818e-07	8.004974e-01	8.010755e-01	7.989141e-01
2.815771189136669e-07	8.004735e-01	8.010715e-01	7.989218e-01
2.816004046279520e-07	8.004490e-01	8.010660e-01	7.989296e-01
2.816236903422371e-07	8.004238e-01	8.010591e-01	7.989374e-01
2.816469760565223e-07	8.003979e-01	8.010507e-01	7.989453e-01
2.816702617708074e-07	8.003713e-01	8.010409e-01	7.989532e-01
2.816935474850925e-07	8.003441e-01	8.010296e-01	7.989612e-01
2.817168331993776e-07	8.003162e-01	8.010169e-01	7.989693e-01
2.817516903422339e-07	8.002732e-01	8.009949e-01	7.989816e-01
2.817865474850902e-07	8.002296e-01	8.009697e-01	7.989939e-01
2.818214046279464e-07	8.001854e-01	8.009413e-01	7.990063e-01
2.818562617708027e-07	8.001405e-01	8.009097e-01	7.990189e-01
2.818911189136589e-07	8.000950e-01	8.008750e-01	7.990316e-01
2.819259760565152e-07	8.000488e-01	8.008370e-01	7.990443e-01
2.819608331993715e-07	8.000020e-01	8.007959e-01	7.990572e-01
2.820208331993699e-07	7.999205e-01	8.007163e-01	7.990797e-01
2.820808331993684e-07	7.998405e-01	8.006318e-01	7.991023e-01
2.821408331993669e-07	7.997622e-01	8.005426e-01	7.991250e-01
2.822008331993654e-07	7.996854e-01	8.004485e-01	7.991479e-01
2.822608331993639e-07	7.996101e-01	8.003497e-01	7.991710e-01
2.823208331993623e-07	7.995365e-01	8.002460e-01	7.991942e-01
2.823808331993608e-07	7.994644e-01	8.001376e-01	7.992176e-01
2.824088331993601e-07	7.994323e-01	8.000877e-01	7.992286e-01
2.824368331993594e-07	7.994010e-01	8.000382e-01	7.992395e-01
2.824648331993587e-07	7.993704e-01	7.999889e-01	7.992504e-01
2.824928331993580e-07	7.993407e-01	7.999400e-01	7.992614e-01
2.825208331993573e-07	7.993117e-01	7.998914e-01	7.992723e-01
2.825488331993566e-07	7.992836e-01	7.998430e-01	7.992833e-01
2.825768331993559e-07	7.992562e-01	7.997950e-01	7.992942e-01
2.825778331993558e-07	7.992553e-01	7.997932e-01	7.992947e-01
2.826292617707831e-07	7.992072e-01	7.997062e-01	7.993148e-01
2.826806903422104e-07	7.991625e-01	7.996235e-01	7.993349e-01
2.827321189136376e-07	7.991210e-01	7.995451e-01	7.993549e-01
2.827835474850649e-07	7.990828e-01	7.994711e-01	7.993748e-01
2.828349760564922e-07	7.990479e-01	7.994015e-01	7.993948e-01
2.828864046279194e-07	7.990163e-01	7.993362e-01	7.994146e-01
2.829378331993467e-07	7.989879e-01	7.992753e-01	7.994344e-01
2.829776903422028e-07	7.989685e-01	7.992328e-01	7.994497e-01
2.830175474850590e-07	7.989512e-01	7.991940e-01	7.994649e-01
2.830574046279151e-07	7.989359e-01	7.991590e-01	7.994800e-01
2.830972617707712e-07	7.989228e-01	7.991277e-01	7.994950e-01
2.831371189136274e-07	7.989118e-01	7.991002e-01	7.995099e-01
2.831769760564835e-07	7.989028e-01	7.990763e-01	7.995248e-01
2.832168331993396e-07	7.988960e-01	7.990562e-01	7.995396e-01
2.832368331993391e-07	7.988934e-01	7.990477e-01	7.995470e-01
2.832568331993386e-07	7.988913e-01	7.990400e-01	7.995543e-01
2.832768331993381e-07	7.988897e-01	7.990333e-01	7.995617e-01
2.832968331993376e-07	7.988886e-01	7.990275e-01	7.995690e-01
2.833168331993371e-07	7.988881e-01	7.990227e-01	7.995762e-01
2.833368331993366e-07	7.988880e-01	7.990188e-01	7.995835e-01
2.833568331993361e-07	7.988885e-01	7.990158e-01	7.995907e-01
2.833764046279070e-07	7.988895e-01	7.990138e-01	7.995978e-01
2.833959760564780e-07	7.988909e-01	7.990126e-01	7.996048e-01
2.834155474850489e-07	7.988928e-01	7.990122e-01	7.996118e-01
2.834351189136198e-07	7.988953e-01	7.990126e-01	7.996187e-01
2.834546903421908e-07	7.988981e-01	7.990139e-01	7.996257e-01
2.834742617707617e-07	7.989015e-01	7.990160e-01	7.996326e-01
2.834938331993326e-07	7.989054e-01	7.990189e-01	7.996395e-01
2.835091189136179e-07	7.989087e-01	7.990217e-01	7.996448e-01
2.835244046279033e-07	7.989123e-01	7.990249e-01	7.996501e-01
2.835396903421886e-07	7.989162e-01	7.990286e-01	7.996554e-01
2.835549760564739e-07	7.989204e-01	7.990327e-01	7.996607e-01
2.835702617707593e-07	7.989248e-01	7.990373e-01	7.996660e-01
2.835855474850446e-07	7.989295e-01	7.990423e-01	7.996713e-01
2.836008331993299e-07	7.989345e-01	7.990478e-01	7.996765e-01
2.836018331993299e-07	7.989348e-01	7.990481e-01	7.996768e-01
2.836769760564708e-07	7.989643e-01	7.990838e-01	7.997023e-01
2.837521189136118e-07	7.989991e-01	7.991252e-01	7.997273e-01
2.838272617707527e-07	7.990393e-01	7.991722e-01	7.997518e-01
2.839024046278937e-07	7.990849e-01	7.992249e-01	7.997758e-01
2.839775474850347e-07	7.991358e-01	7.992832e-01	7.997992e-01
2.840526903421756e-07	7.991922e-01	7.993471e-01	7.998221e-01
2.841278331993166e-07	7.992539e-01	7.994167e-01	7.998445e-01
2.841905474850293e-07	7.993083e-01	7.994746e-01	7.998627e-01
2.842532617707420e-07	7.993645e-01	7.995313e-01	7.998806e-01
2.843159760564546e-07	7.994223e-01	7.995868e-01	7.998980e-01
2.843786903421673e-07	7.994819e-01	7.996411e-01	7.999150e-01
2.844414046278800e-07	7.995431e-01	7.996941e-01	7.999316e-01
2.845041189135927e-07	7.996060e-01	7.997460e-01	7.999478e-01
2.845668331993054e-07	7.996706e-01	7.997967e-01	7.999637e-01
2.846258331993039e-07	7.997312e-01	7.998406e-01	7.999781e-01
2.846766903421598e-07	7.997840e-01	7.998764e-01	7.999903e-01
2.847275474850156e-07	7.998365e-01	7.999098e-01	8.000023e-01
2.847784046278715e-07	7.998885e-01	7.999407e-01	8.000140e-01
2.848292617707274e-07	7.999401e-01	7.999691e-01	8.000253e-01
2.848801189135832e-07	7.999913e-01	7.999950e-01	8.000365e-01
2.849309760564391e-07	8.000422e-01	8.000184e-01	8.000473e-01
2.849818331992949e-07	8.000926e-01	8.000394e-01	8.000579e-01
2.850216903421511e-07	8.001312e-01	8.000537e-01	8.000660e-01
2.850615474850072e-07	8.001691e-01	8.000664e-01	8.000739e-01
2.851014046278633e-07	8.002061e-01	8.000776e-01	8.000817e-01
2.851412617707195e-07	8.002422e-01	8.000871e-01	8.000893e-01
2.851811189135756e-07	8.002775e-01	8.000949e-01	8.000968e-01
2.852209760564317e-07	8.003120e-01	8.001012e-01	8.001041e-01
2.852608331992879e-07	8.003457e-01	8.001059e-01	8.001112e-01
2.852932617707156e-07	8.003722e-01	8.001085e-01	8.001169e-01
2.853256903421434e-07	8.003979e-01	8.001102e-01	8.001225e-01
2.853581189135711e-07	8.004228e-01	8.001110e-01	8.001280e-01
2.853905474849989e-07	8.004469e-01	8.001108e-01	8.001333e-01
2.854229760564266e-07	8.004702e-01	8.001097e-01	8.001386e-01
2.854554046278544e-07	8.004927e-01	8.001077e-01	8.001438e-01
2.854878331992821e-07	8.005143e-01	8.001048e-01	8.001488e-01
2.855108331992815e-07	8.005291e-01	8.001022e-01	8.001523e-01
2.855338331992809e-07	8.005435e-01	8.000993e-01	8.001558e-01
2.855568331992804e-07	8.005573e-01	8.000960e-01	8.001594e-01
2.855798331992798e-07	8.005707e-01	8.000923e-01	8.001630e-01
2.856028331992792e-07	8.005836e-01	8.000882e-01	8.001666e-01
2.856258331992786e-07	8.005960e-01	8.000838e-01	8.001703e-01
2.856488331992780e-07	8.006080e-01	8.000790e-01	8.001740e-01
2.856498331992780e-07	8.006085e-01	8.000787e-01	8.001741e-01
2.856734046278488e-07	8.006202e-01	8.000735e-01	8.001781e-01
2.856969760564197e-07	8.006314e-01	8.000679e-01	8.001822e-01
2.857205474849905e-07	8.006420e-01	8.000621e-01	8.001865e-01
2.857441189135613e-07	8.006521e-01	8.000559e-01	8.001909e-01
2.857676903421322e-07	8.006616e-01	8.000494e-01	8.001954e-01
2.857912617707030e-07	8.006706e-01	8.000427e-01	8.002001e-01
2.858148331992738e-07	8.006791e-01	8.000356e-01	8.002050e-01
2.858575474849870e-07	8.006930e-01	8.000221e-01	8.002144e-01
2.859002617707002e-07	8.007051e-01	8.000081e-01	8.002239e-01
2.859429760564134e-07	8.007153e-01	7.999936e-01	8.002337e-01
2.859856903421266e-07	8.007236e-01	7.999786e-01	8.002438e-01
2.860284046278398e-07	8.007301e-01	7.999632e-01	8.002540e-01
2.860711189135530e-07	8.007348e-01	7.999473e-01	8.002644e-01
2.861138331992662e-07	8.007376e-01	7.999309e-01	8.002751e-01
2.861349760564086e-07	8.007383e-01	7.999228e-01	8.002803e-01
2.861561189135509e-07	8.007385e-01	7.999147e-01	8.002855e-01
2.861772617706932e-07	8.007383e-01	7.999066e-01	8.002907e-01
2.861984046278355e-07	8.007377e-01	7.998984e-01	8.002958e-01
2.862195474849778e-07	8.007366e-01	7.998903e-01	8.003010e-01
2.862406903421202e-07	8.007350e-01	7.998822e-01	8.003061e-01
2.862618331992625e-07	8.007330e-01	7.998740e-01	8.003112e-01
2.863188331992610e-07	8.007253e-01	7.998519e-01	8.003249e-01
2.863758331992596e-07	8.007147e-01	7.998306e-01	8.003383e-01
2.864328331992582e-07	8.007011e-01	7.998100e-01	8.003514e-01
2.864898331992567e-07	8.006847e-01	7.997902e-01	8.003642e-01
2.865468331992553e-07	8.006653e-01	7.997711e-01	8.003767e-01
2.866038331992538e-07	8.006430e-01	7.997528e-01	8.003890e-01
2.866608331992524e-07	8.006178e-01	7.997353e-01	8.004009e-01
2.866738331992521e-07	8.006118e-01	7.997316e-01	8.004035e-01
2.867264046278221e-07	8.005857e-01	7.997169e-01	8.004141e-01
2.867789760563922e-07	8.005578e-01	7.997037e-01	8.004239e-01
2.868315474849623e-07	8.005282e-01	7.996917e-01	8.004330e-01
2.868841189135324e-07	8.004967e-01	7.996811e-01	8.004413e-01
2.869366903421025e-07	8.004635e-01	7.996718e-01	8.004489e-01
2.869892617706726e-07	8.004284e-01	7.996639e-01	8.004557e-01
2.870418331992427e-07	8.003916e-01	7.996573e-01	8.004618e-01
2.870685474849563e-07	8.003725e-01	7.996546e-01	8.004644e-01
2.870952617706699e-07	8.003530e-01	7.996523e-01	8.004666e-01
2.871219760563836e-07	8.003332e-01	7.996503e-01	8.004686e-01
2.871486903420972e-07	8.003132e-01	7.996488e-01	8.004702e-01
2.871754046278108e-07	8.002928e-01	7.996477e-01	8.004714e-01
2.872021189135244e-07	8.002721e-01	7.996470e-01	8.004724e-01
2.872288331992380e-07	8.002511e-01	7.996467e-01	8.004730e-01
2.872442617706662e-07	8.002388e-01	7.996467e-01	8.004732e-01
2.872596903420944e-07	8.002265e-01	7.996468e-01	8.004733e-01
2.872751189135225e-07	8.002141e-01	7.996471e-01	8.004733e-01
2.872905474849507e-07	8.002017e-01	7.996475e-01	8.004731e-01
2.873059760563789e-07	8.001891e-01	7.996480e-01	8.004729e-01
2.873214046278071e-07	8.001765e-01	7.996487e-01	8.004725e-01
2.873368331992353e-07	8.001639e-01	7.996495e-01	8.004720e-01
2.873655474849488e-07	8.001401e-01	7.996514e-01	8.004707e-01
2.873942617706624e-07	8.001161e-01	7.996538e-01	8.004690e-01
2.874229760563759e-07	8.000921e-01	7.996566e-01	8.004669e-01
2.874516903420895e-07	8.000678e-01	7.996599e-01	8.004645e-01
2.874804046278030e-07	8.000434e-01	7.996636e-01	8.004616e-01
2.875091189135166e-07	8.000188e-01	7.996678e-01	8.004583e-01
2.875378331992302e-07	7.999941e-01	7.996725e-01	8.004547e-01
2.875605474849439e-07	7.999745e-01	7.996765e-01	8.004515e-01
2.875832617706576e-07	7.999549e-01	7.996808e-01	8.004481e-01
2.876059760563713e-07	7.999352e-01	7.996854e-01	8.004445e-01
2.876286903420850e-07	7.999155e-01	7.996902e-01	8.004407e-01
2.876514046277987e-07	7.998958e-01	7.996953e-01	8.004367e-01
2.876741189135124e-07	7.998761e-01	7.997007e-01	8.004324e-01
2.876968331992261e-07	7.998564e-01	7.997063e-01	8.004280e-01
2.876978331992261e-07	7.998555e-01	7.997066e-01	8.004278e-01
2.877781189135098e-07	7.997851e-01	7.997292e-01	8.004096e-01
2.878584046277935e-07	7.997160e-01	7.997545e-01	8.003907e-01
2.879386903420771e-07	7.996482e-01	7.997824e-01	8.003710e-01
2.880189760563608e-07	7.995817e-01	7.998131e-01	8.003505e-01
2.880992617706445e-07	7.995165e-01	7.998464e-01	8.003293e-01
2.881795474849282e-07	7.994526e-01	7.998823e-01	8.003074e-01
2.882598331992119e-07	7.993900e-01	7.999210e-01	8.002846e-01
2.883095474849249e-07	7.993527e-01	7.999457e-01	8.002714e-01
2.883592617706379e-07	7.993165e-01	7.999710e-01	8.002586e-01
2.884089760563509e-07	7.992813e-01	7.999968e-01	8.002462e-01
2.884586903420640e-07	7.992472e-01	8.000232e-01	8.002343e-01
2.885084046277770e-07	7.992142e-01	8.000501e-01	8.002228e-01
2.885581189134900e-07	7.991822e-01	8.000776e-01	8.002116e-01
2.886078331992031e-07	7.991514e-01	8.001056e-01	8.002009e-01
2.886239760563455e-07	7.991416e-01	8.001148e-01	8.001976e-01
2.886401189134879e-07	7.991320e-01	8.001239e-01	8.001943e-01
2.886562617706304e-07	7.991226e-01	8.001331e-01	8.001911e-01
2.886724046277728e-07	7.991132e-01	8.001424e-01	8.001879e-01
2.886885474849153e-07	7.991040e-01	8.001516e-01	8.001848e-01
2.887046903420577e-07	7.990949e-01	8.001609e-01	8.001817e-01
2.887208331992002e-07	7.990860e-01	8.001702e-01	8.001786e-01
2.887218331992002e-07	7.990854e-01	8.001708e-01	8.001785e-01
2.887474046277709e-07	7.990715e-01	8.001857e-01	8.001738e-01
2.887729760563417e-07	7.990580e-01	8.002005e-01	8.001691e-01
2.887985474849125e-07	7.990448e-01	8.002154e-01	8.001643e-01
2.888241189134833e-07	7.990320e-01	8.002303e-01	8.001593e-01
2.888496903420541e-07	7.990195e-01	8.002453e-01	8.001542e-01
2.888752617706248e-07	7.990073e-01	8.002603e-01	8.001490e-01
2.889008331991956e-07	7.989956e-01	8.002754e-01	8.001437e-01
2.889231189134808e-07	7.989856e-01	8.002885e-01	8.001387e-01
2.889454046277659e-07	7.989759e-01	8.003016e-01	8.001334e-01
2.889676903420511e-07	7.989664e-01	8.003147e-01	8.001280e-01
2.889899760563362e-07	7.989573e-01	8.003278e-01	8.001222e-01
2.890122617706214e-07	7.989484e-01	8.003408e-01	8.001162e-01
2.890345474849065e-07	7.989398e-01	8.003539e-01	8.001100e-01
2.890568331991917e-07	7.989315e-01	8.003669e-01	8.001035e-01
2.891095474849046e-07	7.989129e-01	8.003979e-01	8.000867e-01
2.891622617706176e-07	7.988959e-01	8.004285e-01	8.000694e-01
2.892149760563305e-07	7.988805e-01	8.004588e-01	8.000517e-01
2.892676903420435e-07	7.988666e-01	8.004888e-01	8.000335e-01
2.893204046277564e-07	7.988544e-01	8.005184e-01	8.000149e-01
2.893731189134694e-07	7.988436e-01	8.005478e-01	7.999959e-01
2.894258331991823e-07	7.988345e-01	8.005768e-01	7.999765e-01
2.894682617706098e-07	7.988283e-01	8.005998e-01	7.999615e-01
2.895106903420373e-07	7.988230e-01	8.006224e-01	7.999469e-01
2.895531189134648e-07	7.988187e-01	8.006447e-01	7.999327e-01
2.895955474848923e-07	7.988154e-01	8.006665e-01	7.999189e-01
2.896379760563198e-07	7.988130e-01	8.006880e-01	7.999054e-01
2.896804046277473e-07	7.988117e-01	8.007091e-01	7.998923e-01
2.897228331991748e-07	7.988113e-01	8.007299e-01	7.998796e-01
2.897458331991742e-07	7.988114e-01	8.007409e-01	7.998729e-01
2.898012617706014e-07	7.988129e-01	8.007670e-01	7.998572e-01
2.898566903420286e-07	7.988159e-01	8.007922e-01	7.998422e-01
2.899121189134557e-07	7.988204e-01	8.008166e-01	7.998277e-01
2.899675474848829e-07	7.988262e-01	8.008400e-01	7.998139e-01
2.900229760563101e-07	7.988335e-01	8.008626e-01	7.998006e-01
2.900784046277372e-07	7.988423e-01	8.008844e-01	7.997878e-01
2.901338331991644e-07	7.988524e-01	8.009052e-01	7.997757e-01
2.902078331991625e-07	7.988682e-01	8.009316e-01	7.997601e-01
2.902818331991606e-07	7.988860e-01	8.009561e-01	7.997461e-01
2.903558331991588e-07	7.989056e-01	8.009788e-01	7.997337e-01
2.904298331991569e-07	7.989272e-01	8.009997e-01	7.997228e-01
2.905038331991550e-07	7.989507e-01	8.010188e-01	7.997135e-01
2.905778331991531e-07	7.989761e-01	8.010361e-01	7.997057e-01
2.906518331991513e-07	7.990035e-01	8.010516e-01	7.996995e-01
2.906685474848651e-07	7.990098e-01	8.010549e-01	7.996984e-01
2.906852617705790e-07	7.990162e-01	8.010580e-01	7.996975e-01
2.907019760562929e-07	7.990227e-01	8.010610e-01	7.996967e-01
2.907186903420067e-07	7.990293e-01	8.010640e-01	7.996960e-01
2.907354046277206e-07	7.990359e-01	8.010668e-01	7.996954e-01
2.907521189134344e-07	7.990427e-01	8.010696e-01	7.996949e-01
2.907688331991483e-07	7.990494e-01	8.010722e-01	7.996945e-01
2.907698331991483e-07	7.990499e-01	8.010724e-01	7.996944e-01
2.907898331991478e-07	7.990581e-01	8.010755e-01	7.996941e-01
2.908098331991473e-07	7.990664e-01	8.010784e-01	7.996939e-01
2.908298331991468e-07	7.990748e-01	8.010812e-01	7.996939e-01
2.908498331991463e-07	7.990833e-01	8.010839e-01	7.996940e-01
2.908698331991457e-07	7.990918e-01	8.010864e-01	7.996943e-01
2.908898331991452e-07	7.991005e-01	8.010888e-01	7.996948e-01
2.909098331991447e-07	7.991093e-01	8.010910e-01	7.996954e-01
2.909464046277152e-07	7.991255e-01	8.010948e-01	7.996969e-01
2.909829760562857e-07	7.991420e-01	8.010981e-01	7.996988e-01
2.910195474848562e-07	7.991588e-01	8.011011e-01	7.997013e-01
2.910561189134267e-07	7.991757e-01	8.011035e-01	7.997041e-01
2.910926903419972e-07	7.991929e-01	8.011056e-01	7.997075e-01
2.911292617705677e-07	7.992104e-01	8.011071e-01	7.997113e-01
2.911658331991382e-07	7.992280e-01	8.011083e-01	7.997156e-01
2.912222617705654e-07	7.992557e-01	8.011092e-01	7.997231e-01
2.912786903419925e-07	7.992836e-01	8.011092e-01	7.997312e-01
2.913351189134197e-07	7.993119e-01	8.011082e-01	7.997400e-01
2.913915474848468e-07	7.993404e-01	8.011063e-01	7.997494e-01
2.914479760562740e-07	7.993693e-01	8.011034e-01	7.997595e-01
2.915044046277011e-07	7.993984e-01	8.010996e-01	7.997702e-01
2.915608331991282e-07	7.994278e-01	8.010948e-01	7.997816e-01
2.915939760562703e-07	7.994451e-01	8.010916e-01	7.997884e-01
2.916271189134123e-07	7.994624e-01	8.010881e-01	7.997952e-01
2.916602617705543e-07	7.994797e-01	8.010843e-01	7.998021e-01
2.916934046276963e-07	7.994971e-01	8.010802e-01	7.998091e-01
2.917265474848383e-07	7.995145e-01	8.010758e-01	7.998162e-01
2.917596903419803e-07	7.995319e-01	8.010711e-01	7.998234e-01
2.917928331991224e-07	7.995494e-01	8.010662e-01	7.998306e-01
2.917938331991223e-07	7.995499e-01	8.010660e-01	7.998308e-01
2.918531189134065e-07	7.995811e-01	8.010564e-01	7.998438e-01
2.919124046276908e-07	7.996122e-01	8.010460e-01	7.998570e-01
2.919716903419750e-07	7.996432e-01	8.010348e-01	7.998703e-01
2.920309760562592e-07	7.996740e-01	8.010227e-01	7.998836e-01
2.920902617705434e-07	7.997047e-01	8.010099e-01	7.998971e-01
2.921495474848276e-07	7.997352e-01	8.009963e-01	7.999107e-01
2.922088331991118e-07	7.997656e-01	8.009819e-01	7.999244e-01
2.922956903419668e-07	7.998098e-01	8.009595e-01	7.999444e-01
2.923825474848217e-07	7.998531e-01	8.009358e-01	7.999655e-01
2.924694046276766e-07	7.998956e-01	8.009110e-01	7.999877e-01
2.925562617705316e-07	7.999373e-01	8.008850e-01	8.000109e-01
2.926431189133865e-07	7.999782e-01	8.008578e-01	8.000353e-01
2.927299760562415e-07	8.000183e-01	8.008295e-01	8.000607e-01
2.928168331990964e-07	8.000575e-01	8.008000e-01	8.000872e-01
2.928178331990964e-07	8.000579e-01	8.007996e-01	8.000876e-01
2.928914046276660e-07	8.000903e-01	8.007740e-01	8.001118e-01
2.929649760562355e-07	8.001218e-01	8.007479e-01	8.001374e-01
2.930385474848051e-07	8.001526e-01	8.007213e-01	8.001646e-01
2.931121189133746e-07	8.001825e-01	8.006943e-01	8.001932e-01
2.931856903419442e-07	8.002116e-01	8.006669e-01	8.002233e-01
2.932592617705138e-07	8.002399e-01	8.006390e-01	8.002548e-01
2.933328331990833e-07	8.002674e-01	8.006107e-01	8.002878e-01
2.934054046276529e-07	8.002936e-01	8.005825e-01	8.003222e-01
2.934779760562225e-07	8.003190e-01	8.005542e-01	8.003575e-01
2.935505474847921e-07	8.003434e-01	8.005257e-01	8.003938e-01
2.936231189133617e-07	8.003671e-01	8.004971e-01	8.004311e-01
2.936956903419313e-07	8.003899e-01	8.004684e-01	8.004694e-01
2.937682617705009e-07	8.004118e-01	8.004395e-01	8.005087e-01
2.938408331990705e-07	8.004329e-01	8.004105e-01	8.005490e-01
2.938418331990704e-07	8.004332e-01	8.004102e-01	8.005496e-01
2.939521189133534e-07	8.004634e-01	8.003660e-01	8.006130e-01
2.940624046276363e-07	8.004918e-01	8.003223e-01	8.006745e-01
2.941726903419192e-07	8.005183e-01	8.002790e-01	8.007342e-01
2.942829760562021e-07	8.005428e-01	8.002360e-01	8.007920e-01
2.943932617704850e-07	8.005655e-01	8.001935e-01	8.008480e-01
2.945035474847680e-07	8.005863e-01	8.001513e-01	8.009021e-01
2.946138331990509e-07	8.006052e-01	8.001096e-01	8.009543e-01
2.946211189133364e-07	8.006064e-01	8.001069e-01	8.009575e-01
2.946284046276219e-07	8.006076e-01	8.001042e-01	8.009606e-01
2.946356903419075e-07	8.006087e-01	8.001014e-01	8.009638e-01
2.946429760561930e-07	8.006098e-01	8.000987e-01	8.009669e-01
2.946502617704785e-07	8.006109e-01	8.000960e-01	8.009699e-01
2.946575474847641e-07	8.006119e-01	8.000933e-01	8.009730e-01
2.946648331990496e-07	8.006129e-01	8.000906e-01	8.009760e-01
2.946742617704779e-07	8.006142e-01	8.000870e-01	8.009800e-01
2.946836903419063e-07	8.006153e-01	8.000835e-01	8.009838e-01
2.946931189133346e-07	8.006164e-01	8.000799e-01	8.009877e-01
2.947025474847629e-07	8.006174e-01	8.000763e-01	8.009915e-01
2.947119760561913e-07	8.006184e-01	8.000727e-01	8.009952e-01
2.947214046276196e-07	8.006193e-01	8.000690e-01	8.009989e-01
2.947308331990479e-07	8.006201e-01	8.000653e-01	8.010026e-01
2.947444046276190e-07	8.006212e-01	8.000600e-01	8.010078e-01
2.947579760561901e-07	8.006222e-01	8.000545e-01	8.010130e-01
2.947715474847612e-07	8.006232e-01	8.000489e-01	8.010181e-01
2.947851189133323e-07	8.006242e-01	8.000432e-01	8.010230e-01
2.947986903419033e-07	8.006251e-01	8.000375e-01	8.010279e-01
2.948122617704744e-07	8.006259e-01	8.000316e-01	8.010327e-01
2.948258331990455e-07	8.006266e-01	8.000257e-01	8.010374e-01
2.948314046276168e-07	8.006270e-01	8.000233e-01	8.010394e-01
2.948369760561881e-07	8.006273e-01	8.000208e-01	8.010413e-01
2.948425474847594e-07	8.006277e-01	8.000183e-01	8.010432e-01
2.948481189133307e-07	8.006280e-01	8.000158e-01	8.010450e-01
2.948536903419020e-07	8.006284e-01	8.000133e-01	8.010469e-01
2.948592617704732e-07	8.006287e-01	8.000108e-01	8.010487e-01
2.948648331990445e-07	8.006291e-01	8.000082e-01	8.010505e-01
2.948658331990445e-07	8.006291e-01	8.000078e-01	8.010508e-01
2.948768331990442e-07	8.006298e-01	8.000027e-01	8.010544e-01
2.948878331990439e-07	8.006306e-01	7.999976e-01	8.010579e-01
2.948988331990437e-07	8.006313e-01	7.999925e-01	8.010613e-01
2.949098331990434e-07	8.006321e-01	7.999874e-01	8.010647e-01
2.949208331990431e-07	8.006329e-01	7.999823e-01	8.010680e-01
2.949318331990428e-07	8.006337e-01	7.999772e-01	8.010712e-01
2.949428331990426e-07	8.006345e-01	7.999721e-01	8.010744e-01
2.949574046276136e-07	8.006357e-01	7.999652e-01	8.010785e-01
2.949719760561847e-07	8.006369e-01	7.999585e-01	8.010825e-01
2.949865474847557e-07	8.006380e-01	7.999518e-01	8.010864e-01
2.950011189133268e-07	8.006392e-01	7.999452e-01	8.010902e-01
2.950156903418978e-07	8.006404e-01	7.999386e-01	8.010939e-01
2.950302617704689e-07	8.006415e-01	7.999321e-01	8.010975e-01
2.950448331990400e-07	8.006427e-01	7.999257e-01	8.011009e-01
2.950619760561824e-07	8.006440e-01	7.999183e-01	8.011048e-01
2.950791189133248e-07	8.006453e-01	7.999111e-01	8.011085e-01
2.950962617704672e-07	8.006464e-01	7.999042e-01	8.011121e-01
2.951134046276097e-07	8.006474e-01	7.998974e-01	8.011155e-01
2.951305474847521e-07	8.006482e-01	7.998908e-01	8.011187e-01
2.951476903418945e-07	8.006490e-01	7.998845e-01	8.011218e-01
2.951648331990369e-07	8.006496e-01	7.998783e-01	8.011247e-01
2.951724046276082e-07	8.006498e-01	7.998757e-01	8.011259e-01
2.951799760561794e-07	8.006500e-01	7.998731e-01	8.011271e-01
2.951875474847506e-07	8.006501e-01	7.998705e-01	8.011282e-01
2.951951189133219e-07	8.006502e-01	7.998680e-01	8.011294e-01
2.952026903418931e-07	8.006502e-01	7.998655e-01	8.011305e-01
2.952102617704643e-07	8.006502e-01	7.998631e-01	8.011315e-01
2.952178331990356e-07	8.006501e-01	7.998607e-01	8.011326e-01
2.952281189133210e-07	8.006500e-01	7.998575e-01	8.011339e-01
2.952384046276065e-07	8.006498e-01	7.998544e-01	8.011352e-01
2.952486903418919e-07	8.006495e-01	7.998513e-01	8.011364e-01
2.952589760561774e-07	8.006491e-01	7.998483e-01	8.011375e-01
2.952692617704629e-07	8.006486e-01	7.998454e-01	8.011386e-01
2.952795474847483e-07	8.006480e-01	7.998425e-01	8.011396e-01
2.952898331990338e-07	8.006473e-01	7.998397e-01	8.011406e-01
2.953054046276048e-07	8.006461e-01	7.998356e-01	8.011419e-01
2.953209760561758e-07	8.006447e-01	7.998316e-01	8.011431e-01
2.953365474847469e-07	8.006431e-01	7.998277e-01	8.011442e-01
2.953521189133179e-07	8.006413e-01	7.998238e-01	8.011451e-01
2.953676903418889e-07	8.006392e-01	7.998200e-01	8.011458e-01
2.953832617704600e-07	8.006370e-01	7.998163e-01	8.011465e-01
2.953988331990310e-07	8.006346e-01	7.998126e-01	8.011469e-01
2.954216903418876e-07	8.006306e-01	7.998073e-01	8.011473e-01
2.954445474847441e-07	8.006263e-01	7.998020e-01	8.011474e-01
2.954674046276007e-07	8.006218e-01	7.997965e-01	8.011472e-01
2.954902617704573e-07	8.006170e-01	7.997909e-01	8.011467e-01
2.955131189133138e-07	8.006119e-01	7.997853e-01	8.011458e-01
2.955359760561704e-07	8.006066e-01	7.997795e-01	8.011447e-01
2.955588331990269e-07	8.006009e-01	7.997736e-01	8.011432e-01
2.955821189133121e-07	8.005951e-01	7.997674e-01	8.011413e-01
2.956054046275972e-07	8.005893e-01	7.997609e-01	8.011392e-01
2.956286903418823e-07	8.005835e-01	7.997541e-01	8.011367e-01
2.956519760561674e-07	8.005778e-01	7.997471e-01	8.011339e-01
2.956752617704526e-07	8.005722e-01	7.997398e-01	8.011308e-01
2.956985474847377e-07	8.005666e-01	7.997323e-01	8.011274e-01
2.957218331990228e-07	8.005611e-01	7.997245e-01	8.011236e-01
2.957448331990222e-07	8.005560e-01	7.997164e-01	8.011196e-01
2.957678331990216e-07	8.005511e-01	7.997083e-01	8.011153e-01
2.957908331990211e-07	8.005467e-01	7.997000e-01	8.011107e-01
2.958138331990205e-07	8.005425e-01	7.996916e-01	8.011058e-01
2.958368331990199e-07	8.005388e-01	7.996831e-01	8.011006e-01
2.958598331990193e-07	8.005354e-01	7.996745e-01	8.010951e-01
2.958828331990187e-07	8.005323e-01	7.996657e-01	8.010893e-01
2.958898331990186e-07	8.005316e-01	7.996631e-01	8.010874e-01
2.959044046275896e-07	8.005300e-01	7.996576e-01	8.010836e-01
2.959189760561607e-07	8.005287e-01	7.996521e-01	8.010796e-01
2.959335474847317e-07	8.005275e-01	7.996467e-01	8.010755e-01
2.959481189133028e-07	8.005266e-01	7.996413e-01	8.010712e-01
2.959626903418739e-07	8.005258e-01	7.996360e-01	8.010669e-01
2.959772617704449e-07	8.005253e-01	7.996308e-01	8.010624e-01
2.959918331990160e-07	8.005250e-01	7.996256e-01	8.010579e-01
2.960011189133015e-07	8.005249e-01	7.996223e-01	8.010549e-01
2.960104046275869e-07	8.005249e-01	7.996192e-01	8.010520e-01
2.960196903418724e-07	8.005249e-01	7.996160e-01	8.010489e-01
2.960289760561579e-07	8.005251e-01	7.996130e-01	8.010458e-01
2.960382617704434e-07	8.005253e-01	7.996099e-01	8.010427e-01
2.960475474847288e-07	8.005257e-01	7.996070e-01	8.010395e-01
2.960568331990143e-07	8.005261e-01	7.996041e-01	8.010362e-01
2.960775474847281e-07	8.005273e-01	7.995977e-01	8.010289e-01
2.960982617704418e-07	8.005290e-01	7.995918e-01	8.010213e-01
2.961189760561556e-07	8.005311e-01	7.995864e-01	8.010136e-01
2.961396903418694e-07	8.005336e-01	7.995814e-01	8.010057e-01
2.961604046275831e-07	8.005365e-01	7.995769e-01	8.009975e-01
2.961811189132969e-07	8.005397e-01	7.995728e-01	8.009892e-01
2.962018331990107e-07	8.005434e-01	7.995691e-01	8.009806e-01
2.962166903418674e-07	8.005463e-01	7.995669e-01	8.009744e-01
2.962315474847242e-07	8.005493e-01	7.995650e-01	8.009680e-01
2.962464046275810e-07	8.005526e-01	7.995633e-01	8.009616e-01
2.962612617704377e-07	8.005559e-01	7.995620e-01	8.009551e-01
2.962761189132945e-07	8.005595e-01	7.995610e-01	8.009484e-01
2.962909760561513e-07	8.005632e-01	7.995603e-01	8.009417e-01
2.963058331990080e-07	8.005670e-01	7.995599e-01	8.009349e-01
2.963159760561506e-07	8.005698e-01	7.995598e-01	8.009301e-01
2.963261189132932e-07	8.005726e-01	7.995599e-01	8.009254e-01
2.963362617704358e-07	8.005754e-01	7.995601e-01	8.009206e-01
2.963464046275784e-07	8.005783e-01	7.995605e-01	8.009158e-01
2.963565474847210e-07	8.005813e-01	7.995611e-01	8.009109e-01
2.963666903418636e-07	8.005843e-01	7.995618e-01	8.009061e-01
2.963768331990062e-07	8.005874e-01	7.995626e-01	8.009011e-01
2.963968331990057e-07	8.005937e-01	7.995648e-01	8.008913e-01
2.964168331990052e-07	8.006001e-01	7.995675e-01	8.008813e-01
2.964368331990047e-07	8.006067e-01	7.995708e-01	8.008711e-01
2.964568331990042e-07	8.006134e-01	7.995747e-01	8.008609e-01
2.964768331990037e-07	8.006202e-01	7.995792e-01	8.008504e-01
2.964968331990032e-07	8.006272e-01	7.995843e-01	8.008399e-01
2.965168331990027e-07	8.006344e-01	7.995899e-01	8.008292e-01
2.965471189132876e-07	8.006454e-01	7.995997e-01	8.008127e-01
2.965774046275726e-07	8.006564e-01	7.996103e-01	8.007960e-01
2.966076903418575e-07	8.006675e-01	7.996218e-01	8.007791e-01
2.966379760561425e-07	8.006785e-01	7.996342e-01	8.007619e-01
2.966682617704274e-07	8.006896e-01	7.996475e-01	8.007445e-01
2.966985474847124e-07	8.007007e-01	7.996617e-01	8.007268e-01
2.967288331989973e-07	8.007118e-01	7.996767e-01	8.007088e-01
2.967551189132823e-07	8.007212e-01	7.996901e-01	8.006931e-01
2.967814046275674e-07	8.007305e-01	7.997036e-01	8.006773e-01
2.968076903418524e-07	8.007396e-01	7.997170e-01	8.006613e-01
2.968339760561375e-07	8.007485e-01	7.997305e-01	8.006452e-01
2.968602617704225e-07	8.007572e-01	7.997440e-01	8.006290e-01
2.968865474847076e-07	8.007658e-01	7.997575e-01	8.006127e-01
2.969128331989926e-07	8.007742e-01	7.997711e-01	8.005962e-01
2.969138331989926e-07	8.007745e-01	7.997715e-01	8.005955e-01
2.969481189132775e-07	8.007851e-01	7.997888e-01	8.005739e-01
2.969824046275623e-07	8.007953e-01	7.998049e-01	8.005521e-01
2.970166903418472e-07	8.008050e-01	7.998197e-01	8.005303e-01
2.970509760561320e-07	8.008144e-01	7.998332e-01	8.005083e-01
2.970852617704168e-07	8.008233e-01	7.998454e-01	8.004862e-01
2.971195474847017e-07	8.008317e-01	7.998564e-01	8.004641e-01
2.971538331989865e-07	8.008398e-01	7.998661e-01	8.004418e-01
2.971716903418432e-07	8.008438e-01	7.998702e-01	8.004302e-01
2.971895474846999e-07	8.008477e-01	7.998737e-01	8.004186e-01
2.972074046275566e-07	8.008515e-01	7.998767e-01	8.004070e-01
2.972252617704133e-07	8.008552e-01	7.998791e-01	8.003953e-01
2.972431189132700e-07	8.008588e-01	7.998810e-01	8.003837e-01
2.972609760561267e-07	8.008622e-01	7.998822e-01	8.003721e-01
2.972788331989834e-07	8.008656e-01	7.998829e-01	8.003604e-01
2.972905474846974e-07	8.008677e-01	7.998830e-01	8.003528e-01
2.973022617704113e-07	8.008698e-01	7.998828e-01	8.003452e-01
2.973139760561253e-07	8.008719e-01	7.998823e-01	8.003375e-01
2.973256903418393e-07	8.008739e-01	7.998816e-01	8.003299e-01
2.973374046275533e-07	8.008759e-01	7.998805e-01	8.003223e-01
2.973491189132673e-07	8.008778e-01	7.998792e-01	8.003147e-01
2.973608331989813e-07	8.008797e-01	7.998776e-01	8.003071e-01
2.973862617704092e-07	8.008837e-01	7.998732e-01	8.002906e-01
2.974116903418371e-07	8.008874e-01	7.998673e-01	8.002742e-01
2.974371189132651e-07	8.008910e-01	7.998600e-01	8.002578e-01
2.974625474846930e-07	8.008945e-01	7.998514e-01	8.002414e-01
2.974879760561209e-07	8.008977e-01	7.998414e-01	8.002251e-01
2.975134046275489e-07	8.009007e-01	7.998299e-01	8.002088e-01
2.975388331989768e-07	8.009036e-01	7.998171e-01	8.001926e-01
2.975775474846901e-07	8.009077e-01	7.997947e-01	8.001680e-01
2.976162617704034e-07	8.009115e-01	7.997695e-01	8.001436e-01
2.976549760561167e-07	8.009149e-01	7.997416e-01	8.001195e-01
2.976936903418300e-07	8.009180e-01	7.997109e-01	8.000955e-01
2.977324046275433e-07	8.009207e-01	7.996776e-01	8.000718e-01
2.977711189132566e-07	8.009231e-01	7.996415e-01	8.000483e-01
2.978098331989699e-07	8.009252e-01	7.996027e-01	8.000249e-01
2.978168331989697e-07	8.009256e-01	7.995955e-01	8.000208e-01
2.978178331989697e-07	8.009256e-01	7.995945e-01	8.000202e-01
2.978188331989697e-07	8.009257e-01	7.995934e-01	8.000196e-01
2.978198331989697e-07	8.009257e-01	7.995924e-01	8.000190e-01
2.978208331989696e-07	8.009257e-01	7.995914e-01	8.000184e-01
2.978218331989696e-07	8.009258e-01	7.995903e-01	8.000178e-01
2.978228331989696e-07	8.009259e-01	7.995893e-01	8.000172e-01
2.978238331989696e-07	8.009259e-01	7.995883e-01	8.000166e-01
2.978315474846836e-07	8.009263e-01	7.995802e-01	8.000120e-01
2.978392617703977e-07	8.009266e-01	7.995720e-01	8.000074e-01
2.978469760561118e-07	8.009269e-01	7.995637e-01	8.000029e-01
2.978546903418259e-07	8.009273e-01	7.995553e-01	7.999983e-01
2.978624046275400e-07	8.009276e-01	7.995468e-01	7.999938e-01
2.978701189132541e-07	8.009278e-01	7.995381e-01	7.999893e-01
2.978778331989682e-07	8.009281e-01	7.995294e-01	7.999848e-01
2.978862617703965e-07	8.009284e-01	7.995196e-01	7.999798e-01
2.978946903418249e-07	8.009287e-01	7.995097e-01	7.999749e-01
2.979031189132533e-07	8.009290e-01	7.994997e-01	7.999700e-01
2.979115474846816e-07	8.009293e-01	7.994895e-01	7.999651e-01
2.979199760561100e-07	8.009295e-01	7.994792e-01	7.999603e-01
2.979284046275383e-07	8.009297e-01	7.994688e-01	7.999554e-01
2.979368331989667e-07	8.009299e-01	7.994583e-01	7.999506e-01
2.979378331989667e-07	8.009300e-01	7.994570e-01	7.999500e-01
2.979525474846806e-07	8.009303e-01	7.994382e-01	7.999416e-01
2.979672617703945e-07	8.009306e-01	7.994193e-01	7.999332e-01
2.979819760561084e-07	8.009309e-01	7.994004e-01	7.999249e-01
2.979966903418223e-07	8.009313e-01	7.993815e-01	7.999167e-01
2.980114046275362e-07	8.009316e-01	7.993625e-01	7.999085e-01
2.980261189132501e-07	8.009319e-01	7.993434e-01	7.999003e-01
2.980408331989641e-07	8.009322e-01	7.993243e-01	7.998922e-01
2.980558331989637e-07	8.009325e-01	7.993051e-01	7.998840e-01
2.980708331989633e-07	8.009328e-01	7.992861e-01	7.998758e-01
2.980858331989629e-07	8.009333e-01	7.992675e-01	7.998677e-01
2.981008331989625e-07	8.009337e-01	7.992492e-01	7.998596e-01
2.981158331989622e-07	8.009342e-01	7.992311e-01	7.998516e-01
2.981308331989618e-07	8.009348e-01	7.992134e-01	7.998436e-01
2.981458331989614e-07	8.009354e-01	7.991960e-01	7.998357e-01
2.981599760561039e-07	8.009361e-01	7.991800e-01	7.998284e-01
2.981741189132464e-07	8.009368e-01	7.991644e-01	7.998210e-01
2.981882617703889e-07	8.009376e-01	7.991492e-01	7.998137e-01
2.982024046275314e-07	8.009384e-01	7.991342e-01	7.998065e-01
2.982165474846739e-07	8.009394e-01	7.991196e-01	7.997993e-01
2.982306903418164e-07	8.009404e-01	7.991054e-01	7.997922e-01
2.982448331989589e-07	8.009415e-01	7.990915e-01	7.997851e-01
2.982614046275299e-07	8.009429e-01	7.990757e-01	7.997768e-01
2.982779760561009e-07	8.009443e-01	7.990602e-01	7.997686e-01
2.982945474846719e-07	8.009459e-01	7.990451e-01	7.997605e-01
2.983111189132429e-07	8.009475e-01	7.990304e-01	7.997525e-01
2.983276903418139e-07	8.009493e-01	7.990159e-01	7.997446e-01
2.983442617703849e-07	8.009510e-01	7.990018e-01	7.997367e-01
2.983608331989560e-07	8.009529e-01	7.989881e-01	7.997289e-01
2.983845474846696e-07	8.009558e-01	7.989689e-01	7.997179e-01
2.984082617703833e-07	8.009586e-01	7.989500e-01	7.997071e-01
2.984319760560970e-07	8.009613e-01	7.989313e-01	7.996964e-01
2.984556903418107e-07	8.009640e-01	7.989128e-01	7.996858e-01
2.984794046275244e-07	8.009667e-01	7.988946e-01	7.996754e-01
2.985031189132381e-07	8.009693e-01	7.988766e-01	7.996652e-01
2.985268331989517e-07	8.009719e-01	7.988589e-01	7.996551e-01
2.985454046275227e-07	8.009737e-01	7.988450e-01	7.996474e-01
2.985639760560937e-07	8.009753e-01	7.988311e-01	7.996397e-01
2.985825474846646e-07	8.009767e-01	7.988174e-01	7.996321e-01
2.986011189132356e-07	8.009778e-01	7.988037e-01	7.996247e-01
2.986196903418065e-07	8.009788e-01	7.987901e-01	7.996173e-01
2.986382617703775e-07	8.009794e-01	7.987767e-01	7.996101e-01
2.986568331989485e-07	8.009799e-01	7.987633e-01	7.996029e-01
2.986661189132339e-07	8.009800e-01	7.987566e-01	7.995994e-01
2.986754046275194e-07	8.009800e-01	7.987500e-01	7.995958e-01
2.986846903418049e-07	8.009800e-01	7.987435e-01	7.995923e-01
2.986939760560904e-07	8.009798e-01	7.987370e-01	7.995889e-01
2.987032617703758e-07	8.009796e-01	7.987305e-01	7.995854e-01
2.987125474846613e-07	8.009793e-01	7.987241e-01	7.995820e-01
2.987218331989468e-07	8.009789e-01	7.987178e-01	7.995787e-01
2.987389760560892e-07	8.009779e-01	7.987062e-01	7.995725e-01
2.987561189132317e-07	8.009766e-01	7.986950e-01	7.995664e-01
2.987732617703741e-07	8.009749e-01	7.986841e-01	7.995604e-01
2.987904046275165e-07	8.009729e-01	7.986735e-01	7.995544e-01
2.988075474846589e-07	8.009706e-01	7.986633e-01	7.995486e-01
2.988246903418013e-07	8.009679e-01	7.986534e-01	7.995428e-01
2.988418331989438e-07	8.009648e-01	7.986439e-01	7.995372e-01
2.988588331989433e-07	8.009614e-01	7.986349e-01	7.995317e-01
2.988758331989429e-07	8.009576e-01	7.986265e-01	7.995262e-01
2.988928331989425e-07	8.009535e-01	7.986186e-01	7.995209e-01
2.989098331989420e-07	8.009490e-01	7.986114e-01	7.995156e-01
2.989268331989416e-07	8.009442e-01	7.986047e-01	7.995104e-01
2.989438331989412e-07	8.009389e-01	7.985985e-01	7.995053e-01
2.989608331989408e-07	8.009334e-01	7.985930e-01	7.995003e-01
2.989618331989407e-07	8.009330e-01	7.985927e-01	7.995000e-01
2.989768331989403e-07	8.009278e-01	7.985884e-01	7.994957e-01
2.989918331989400e-07	8.009222e-01	7.985848e-01	7.994914e-01
2.990068331989396e-07	8.009165e-01	7.985818e-01	7.994872e-01
2.990218331989392e-07	8.009105e-01	7.985793e-01	7.994830e-01
2.990368331989388e-07	8.009042e-01	7.985775e-01	7.994789e-01
2.990518331989384e-07	8.008977e-01	7.985762e-01	7.994749e-01
2.990668331989381e-07	8.008909e-01	7.985756e-01	7.994710e-01
2.990761189132235e-07	8.008866e-01	7.985755e-01	7.994686e-01
2.990854046275090e-07	8.008822e-01	7.985757e-01	7.994662e-01
2.990946903417945e-07	8.008777e-01	7.985761e-01	7.994638e-01
2.991039760560800e-07	8.008732e-01	7.985769e-01	7.994615e-01
2.991132617703655e-07	8.008686e-01	7.985778e-01	7.994592e-01
2.991225474846509e-07	8.008639e-01	7.985791e-01	7.994569e-01
2.991318331989364e-07	8.008591e-01	7.985806e-01	7.994547e-01
2.991525474846502e-07	8.008481e-01	7.985849e-01	7.994497e-01
2.991732617703639e-07	8.008368e-01	7.985905e-01	7.994449e-01
2.991939760560777e-07	8.008253e-01	7.985974e-01	7.994402e-01
2.992146903417915e-07	8.008135e-01	7.986057e-01	7.994356e-01
2.992354046275052e-07	8.008014e-01	7.986153e-01	7.994312e-01
2.992561189132190e-07	8.007891e-01	7.986263e-01	7.994268e-01
2.992768331989327e-07	8.007765e-01	7.986386e-01	7.994226e-01
2.993095474846462e-07	8.007562e-01	7.986610e-01	7.994162e-01
2.993422617703597e-07	8.007359e-01	7.986862e-01	7.994101e-01
2.993749760560731e-07	8.007156e-01	7.987142e-01	7.994043e-01
2.994076903417866e-07	8.006954e-01	7.987449e-01	7.993987e-01
2.994404046275000e-07	8.006752e-01	7.987784e-01	7.993935e-01
2.994731189132135e-07	8.006550e-01	7.988147e-01	7.993885e-01
2.995058331989269e-07	8.006349e-01	7.988538e-01	7.993839e-01
2.995422617703546e-07	8.006131e-01	7.989001e-01	7.993790e-01
2.995786903417822e-07	8.005921e-01	7.989478e-01	7.993745e-01
2.996151189132099e-07	8.005720e-01	7.989969e-01	7.993703e-01
2.996515474846375e-07	8.005527e-01	7.990473e-01	7.993664e-01
2.996879760560652e-07	8.005343e-01	7.990991e-01	7.993629e-01
2.997244046274928e-07	8.005168e-01	7.991522e-01	7.993597e-01
2.997608331989205e-07	8.005000e-01	7.992067e-01	7.993568e-01
2.997928331989197e-07	8.004864e-01	7.992544e-01	7.993545e-01
2.998248331989189e-07	8.004735e-01	7.993014e-01	7.993524e-01
2.998568331989181e-07	8.004614e-01	7.993478e-01	7.993506e-01
2.998888331989172e-07	8.004501e-01	7.993934e-01	7.993490e-01
2.999208331989164e-07	8.004396e-01	7.994383e-01	7.993476e-01
2.999528331989156e-07	8.004298e-01	7.994825e-01	7.993465e-01
2.999848331989148e-07	8.004208e-01	7.995260e-01	7.993456e-01
2.999858331989148e-07	8.004206e-01	7.995273e-01	7.993455e-01
3.000228331989138e-07	8.004112e-01	7.995756e-01	7.993447e-01
3.000598331989129e-07	8.004024e-01	7.996214e-01	7.993442e-01
3.000968331989120e-07	8.003942e-01	7.996645e-01	7.993439e-01
3.001338331989110e-07	8.003866e-01	7.997051e-01	7.993439e-01
3.001708331989101e-07	8.003795e-01	7.997430e-01	7.993441e-01
3.002078331989092e-07	8.003730e-01	7.997784e-01	7.993446e-01
3.002448331989082e-07	8.003671e-01	7.998112e-01	7.993454e-01
3.002774046274788e-07	8.003620e-01	7.998372e-01	7.993462e-01
3.003099760560494e-07	8.003567e-01	7.998607e-01	7.993473e-01
3.003425474846200e-07	8.003514e-01	7.998817e-01	7.993485e-01
3.003751189131906e-07	8.003459e-01	7.999002e-01	7.993498e-01
3.004076903417612e-07	8.003403e-01	7.999163e-01	7.993514e-01
3.004402617703318e-07	8.003345e-01	7.999298e-01	7.993531e-01
3.004728331989024e-07	8.003286e-01	7.999409e-01	7.993549e-01
3.004922617703305e-07	8.003248e-01	7.999463e-01	7.993561e-01
3.005116903417586e-07	8.003208e-01	7.999508e-01	7.993574e-01
3.005311189131867e-07	8.003166e-01	7.999545e-01	7.993587e-01
3.005505474846148e-07	8.003123e-01	7.999574e-01	7.993600e-01
3.005699760560428e-07	8.003077e-01	7.999594e-01	7.993614e-01
3.005894046274709e-07	8.003030e-01	7.999606e-01	7.993628e-01
3.006088331988990e-07	8.002981e-01	7.999609e-01	7.993643e-01
3.006338331988984e-07	8.002914e-01	7.999601e-01	7.993663e-01
3.006588331988977e-07	8.002843e-01	7.999581e-01	7.993684e-01
3.006838331988971e-07	8.002767e-01	7.999548e-01	7.993705e-01
3.007088331988965e-07	8.002686e-01	7.999504e-01	7.993727e-01
3.007338331988958e-07	8.002601e-01	7.999447e-01	7.993750e-01
3.007588331988952e-07	8.002511e-01	7.999378e-01	7.993773e-01
3.007838331988946e-07	8.002417e-01	7.999297e-01	7.993798e-01
3.008159760560366e-07	8.002288e-01	7.999176e-01	7.993830e-01
3.008481189131786e-07	8.002151e-01	7.999040e-01	7.993863e-01
3.008802617703207e-07	8.002005e-01	7.998890e-01	7.993897e-01
3.009124046274627e-07	8.001850e-01	7.998725e-01	7.993932e-01
3.009445474846048e-07	8.001687e-01	7.998545e-01	7.993968e-01
3.009766903417468e-07	8.001515e-01	7.998351e-01	7.994005e-01
3.010088331988889e-07	8.001334e-01	7.998142e-01	7.994043e-01
3.010098331988888e-07	8.001328e-01	7.998135e-01	7.994044e-01
3.010645474846017e-07	8.000996e-01	7.997746e-01	7.994111e-01
3.011192617703146e-07	8.000646e-01	7.997340e-01	7.994179e-01
3.011739760560275e-07	8.000278e-01	7.996916e-01	7.994249e-01
3.012286903417404e-07	7.999892e-01	7.996474e-01	7.994321e-01
3.012834046274533e-07	7.999487e-01	7.996013e-01	7.994395e-01
3.013381189131662e-07	7.999065e-01	7.995536e-01	7.994471e-01
3.013928331988791e-07	7.998624e-01	7.995040e-01	7.994548e-01
3.014638331988773e-07	7.998029e-01	7.994389e-01	7.994651e-01
3.015348331988755e-07	7.997444e-01	7.993752e-01	7.994754e-01
3.016058331988737e-07	7.996869e-01	7.993128e-01	7.994858e-01
3.016768331988719e-07	7.996303e-01	7.992517e-01	7.994964e-01
3.017478331988701e-07	7.995746e-01	7.991919e-01	7.995070e-01
3.018188331988683e-07	7.995199e-01	7.991335e-01	7.995178e-01
3.018898331988665e-07	7.994662e-01	7.990764e-01	7.995286e-01
3.019102617702946e-07	7.994518e-01	7.990608e-01	7.995317e-01
3.019306903417227e-07	7.994377e-01	7.990455e-01	7.995348e-01
3.019511189131507e-07	7.994240e-01	7.990304e-01	7.995380e-01
3.019715474845788e-07	7.994105e-01	7.990156e-01	7.995411e-01
3.019919760560068e-07	7.993974e-01	7.990011e-01	7.995442e-01
3.020124046274349e-07	7.993846e-01	7.989868e-01	7.995473e-01
3.020328331988629e-07	7.993721e-01	7.989728e-01	7.995504e-01
3.020338331988629e-07	7.993715e-01	7.989721e-01	7.995505e-01
3.020808331988617e-07	7.993441e-01	7.989409e-01	7.995577e-01
3.021278331988605e-07	7.993190e-01	7.989115e-01	7.995647e-01
3.021748331988593e-07	7.992961e-01	7.988839e-01	7.995718e-01
3.022218331988581e-07	7.992756e-01	7.988581e-01	7.995788e-01
3.022688331988569e-07	7.992574e-01	7.988341e-01	7.995858e-01
3.023158331988557e-07	7.992414e-01	7.988118e-01	7.995928e-01
3.023628331988546e-07	7.992278e-01	7.987913e-01	7.995998e-01
3.023916903417110e-07	7.992208e-01	7.987798e-01	7.996040e-01
3.024205474845674e-07	7.992147e-01	7.987691e-01	7.996082e-01
3.024494046274238e-07	7.992097e-01	7.987592e-01	7.996123e-01
3.024782617702802e-07	7.992056e-01	7.987500e-01	7.996165e-01
3.025071189131366e-07	7.992025e-01	7.987417e-01	7.996206e-01
3.025359760559930e-07	7.992003e-01	7.987342e-01	7.996248e-01
3.025648331988494e-07	7.991991e-01	7.987274e-01	7.996289e-01
3.025804046274205e-07	7.991989e-01	7.987241e-01	7.996311e-01
3.025959760559915e-07	7.991989e-01	7.987210e-01	7.996333e-01
3.026115474845625e-07	7.991992e-01	7.987182e-01	7.996355e-01
3.026271189131336e-07	7.991998e-01	7.987157e-01	7.996376e-01
3.026426903417046e-07	7.992006e-01	7.987133e-01	7.996398e-01
3.026582617702756e-07	7.992018e-01	7.987113e-01	7.996420e-01
3.026738331988467e-07	7.992032e-01	7.987095e-01	7.996441e-01
3.027095474845601e-07	7.992075e-01	7.987062e-01	7.996490e-01
3.027452617702734e-07	7.992132e-01	7.987043e-01	7.996539e-01
3.027809760559868e-07	7.992202e-01	7.987037e-01	7.996587e-01
3.028166903417002e-07	7.992285e-01	7.987045e-01	7.996635e-01
3.028524046274136e-07	7.992381e-01	7.987067e-01	7.996682e-01
3.028881189131270e-07	7.992490e-01	7.987102e-01	7.996729e-01
3.029238331988403e-07	7.992613e-01	7.987151e-01	7.996775e-01
3.029428331988399e-07	7.992682e-01	7.987182e-01	7.996799e-01
3.029618331988394e-07	7.992755e-01	7.987218e-01	7.996823e-01
3.029808331988389e-07	7.992831e-01	7.987257e-01	7.996848e-01
3.029998331988384e-07	7.992910e-01	7.987300e-01	7.996872e-01
3.030188331988379e-07	7.992992e-01	7.987347e-01	7.996895e-01
3.030378331988375e-07	7.993078e-01	7.987398e-01	7.996919e-01
3.030568331988370e-07	7.993166e-01	7.987453e-01	7.996943e-01
3.030578331988370e-07	7.993171e-01	7.987456e-01	7.996944e-01
3.031261189131209e-07	7.993522e-01	7.987689e-01	7.997028e-01
3.031944046274049e-07	7.993896e-01	7.987970e-01	7.997109e-01
3.032626903416889e-07	7.994293e-01	7.988300e-01	7.997188e-01
3.033309760559729e-07	7.994714e-01	7.988677e-01	7.997266e-01
3.033992617702569e-07	7.995159e-01	7.989102e-01	7.997341e-01
3.034675474845409e-07	7.995627e-01	7.989575e-01	7.997415e-01
3.035358331988248e-07	7.996119e-01	7.990097e-01	7.997486e-01
3.035709760559668e-07	7.996372e-01	7.990381e-01	7.997522e-01
3.036061189131088e-07	7.996627e-01	7.990676e-01	7.997557e-01
3.036412617702507e-07	7.996882e-01	7.990982e-01	7.997592e-01
3.036764046273927e-07	7.997138e-01	7.991297e-01	7.997626e-01
3.037115474845347e-07	7.997395e-01	7.991623e-01	7.997660e-01
3.037466903416766e-07	7.997653e-01	7.991960e-01	7.997693e-01
3.037818331988186e-07	7.997912e-01	7.992307e-01	7.997726e-01
3.038039760559609e-07	7.998074e-01	7.992530e-01	7.997746e-01
3.038261189131032e-07	7.998235e-01	7.992756e-01	7.997767e-01
3.038482617702455e-07	7.998396e-01	7.992985e-01	7.997788e-01
3.038704046273878e-07	7.998557e-01	7.993218e-01	7.997811e-01
3.038925474845301e-07	7.998717e-01	7.993454e-01	7.997835e-01
3.039146903416724e-07	7.998876e-01	7.993694e-01	7.997859e-01
3.039368331988147e-07	7.999035e-01	7.993937e-01	7.997885e-01
3.039552617702428e-07	7.999165e-01	7.994141e-01	7.997908e-01
3.039736903416709e-07	7.999296e-01	7.994347e-01	7.997932e-01
3.039921189130990e-07	7.999425e-01	7.994554e-01	7.997958e-01
3.040105474845271e-07	7.999553e-01	7.994764e-01	7.997985e-01
3.040289760559552e-07	7.999681e-01	7.994975e-01	7.998014e-01
3.040474046273833e-07	7.999808e-01	7.995188e-01	7.998043e-01
3.040658331988114e-07	7.999934e-01	7.995402e-01	7.998075e-01
3.040818331988110e-07	8.000043e-01	7.995590e-01	7.998103e-01
3.041211189130957e-07	8.000307e-01	7.996057e-01	7.998178e-01
3.041604046273804e-07	8.000565e-01	7.996527e-01	7.998256e-01
3.041996903416652e-07	8.000817e-01	7.997003e-01	7.998335e-01
3.042389760559499e-07	8.001063e-01	7.997482e-01	7.998417e-01
3.042782617702346e-07	8.001303e-01	7.997965e-01	7.998501e-01
3.043175474845193e-07	8.001538e-01	7.998453e-01	7.998587e-01
3.043568331988040e-07	8.001767e-01	7.998945e-01	7.998675e-01
3.043912617702317e-07	8.001961e-01	7.999377e-01	7.998750e-01
3.044256903416594e-07	8.002150e-01	7.999808e-01	7.998824e-01
3.044601189130871e-07	8.002333e-01	8.000239e-01	7.998897e-01
3.044945474845148e-07	8.002511e-01	8.000669e-01	7.998968e-01
3.045289760559425e-07	8.002683e-01	8.001099e-01	7.999039e-01
3.045634046273702e-07	8.002850e-01	8.001528e-01	7.999109e-01
3.045978331987979e-07	8.003011e-01	8.001957e-01	7.999178e-01
3.046371189130827e-07	8.003187e-01	8.002444e-01	7.999255e-01
3.046764046273674e-07	8.003356e-01	8.002925e-01	7.999332e-01
3.047156903416521e-07	8.003517e-01	8.003400e-01	7.999408e-01
3.047549760559368e-07	8.003671e-01	8.003870e-01	7.999483e-01
3.047942617702215e-07	8.003817e-01	8.004335e-01	7.999557e-01
3.048335474845062e-07	8.003956e-01	8.004794e-01	7.999630e-01
3.048728331987910e-07	8.004088e-01	8.005248e-01	7.999703e-01
3.049059760559330e-07	8.004193e-01	8.005624e-01	7.999764e-01
3.049391189130750e-07	8.004293e-01	8.005993e-01	7.999823e-01
3.049722617702170e-07	8.004388e-01	8.006355e-01	7.999881e-01
3.050054046273590e-07	8.004479e-01	8.006710e-01	7.999938e-01
3.050385474845011e-07	8.004564e-01	8.007059e-01	7.999992e-01
3.050716903416431e-07	8.004644e-01	8.007400e-01	8.000046e-01
3.051048331987851e-07	8.004720e-01	8.007735e-01	8.000097e-01
3.051058331987851e-07	8.004722e-01	8.007745e-01	8.000099e-01
3.051471189130697e-07	8.004809e-01	8.008150e-01	8.000160e-01
3.051884046273544e-07	8.004890e-01	8.008541e-01	8.000214e-01
3.052296903416391e-07	8.004964e-01	8.008918e-01	8.000260e-01
3.052709760559237e-07	8.005032e-01	8.009280e-01	8.000298e-01
3.053122617702084e-07	8.005094e-01	8.009627e-01	8.000328e-01
3.053535474844931e-07	8.005149e-01	8.009960e-01	8.000351e-01
3.053948331987777e-07	8.005198e-01	8.010278e-01	8.000365e-01
3.054085474844917e-07	8.005214e-01	8.010380e-01	8.000367e-01
3.054222617702056e-07	8.005228e-01	8.010480e-01	8.000368e-01
3.054359760559196e-07	8.005243e-01	8.010579e-01	8.000368e-01
3.054496903416335e-07	8.005256e-01	8.010675e-01	8.000366e-01
3.054634046273474e-07	8.005269e-01	8.010770e-01	8.000362e-01
3.054771189130614e-07	8.005282e-01	8.010862e-01	8.000358e-01
3.054908331987753e-07	8.005294e-01	8.010953e-01	8.000352e-01
3.055169760559175e-07	8.005315e-01	8.011121e-01	8.000337e-01
3.055431189130597e-07	8.005334e-01	8.011282e-01	8.000317e-01
3.055692617702019e-07	8.005352e-01	8.011437e-01	8.000291e-01
3.055954046273441e-07	8.005368e-01	8.011584e-01	8.000261e-01
3.056215474844863e-07	8.005382e-01	8.011724e-01	8.000224e-01
3.056476903416285e-07	8.005395e-01	8.011857e-01	8.000183e-01
3.056738331987707e-07	8.005406e-01	8.011982e-01	8.000135e-01
3.057112617701983e-07	8.005419e-01	8.012150e-01	8.000058e-01
3.057486903416259e-07	8.005430e-01	8.012303e-01	7.999969e-01
3.057861189130535e-07	8.005438e-01	8.012441e-01	7.999869e-01
3.058235474844812e-07	8.005444e-01	8.012563e-01	7.999759e-01
3.058609760559088e-07	8.005448e-01	8.012671e-01	7.999637e-01
3.058984046273364e-07	8.005450e-01	8.012763e-01	7.999505e-01
3.059358331987640e-07	8.005449e-01	8.012841e-01	7.999362e-01
3.059634046273348e-07	8.005448e-01	8.012888e-01	7.999251e-01
3.059909760559055e-07	8.005447e-01	8.012926e-01	7.999135e-01
3.060185474844762e-07	8.005445e-01	8.012957e-01	7.999015e-01
3.060461189130470e-07	8.005442e-01	8.012980e-01	7.998891e-01
3.060736903416177e-07	8.005438e-01	8.012995e-01	7.998762e-01
3.061012617701884e-07	8.005434e-01	8.013001e-01	7.998629e-01
3.061288331987591e-07	8.005429e-01	8.013000e-01	7.998491e-01
3.061298331987591e-07	8.005429e-01	8.012999e-01	7.998486e-01
3.061739760559009e-07	8.005420e-01	8.012979e-01	7.998257e-01
3.062181189130426e-07	8.005412e-01	8.012939e-01	7.998024e-01
3.062622617701843e-07	8.005403e-01	8.012880e-01	7.997787e-01
3.063064046273261e-07	8.005394e-01	8.012801e-01	7.997547e-01
3.063505474844678e-07	8.005385e-01	8.012703e-01	7.997304e-01
3.063946903416096e-07	8.005376e-01	8.012585e-01	7.997057e-01
3.064388331987513e-07	8.005368e-01	8.012447e-01	7.996806e-01
3.064751189130361e-07	8.005361e-01	8.012321e-01	7.996602e-01
3.065114046273209e-07	8.005355e-01	8.012183e-01	7.996401e-01
3.065476903416057e-07	8.005350e-01	8.012034e-01	7.996204e-01
3.065839760558905e-07	8.005346e-01	8.011873e-01	7.996011e-01
3.066202617701753e-07	8.005342e-01	8.011701e-01	7.995821e-01
3.066565474844601e-07	8.005339e-01	8.011518e-01	7.995635e-01
3.066928331987449e-07	8.005337e-01	8.011323e-01	7.995453e-01
3.067235474844584e-07	8.005336e-01	8.011150e-01	7.995304e-01
3.067542617701719e-07	8.005336e-01	8.010970e-01	7.995160e-01
3.067849760558854e-07	8.005337e-01	8.010784e-01	7.995021e-01
3.068156903415989e-07	8.005339e-01	8.010590e-01	7.994888e-01
3.068464046273124e-07	8.005341e-01	8.010390e-01	7.994760e-01
3.068771189130259e-07	8.005344e-01	8.010184e-01	7.994638e-01
3.069078331987394e-07	8.005348e-01	8.009970e-01	7.994521e-01
3.069291189130246e-07	8.005352e-01	8.009819e-01	7.994444e-01
3.069504046273098e-07	8.005356e-01	8.009665e-01	7.994370e-01
3.069716903415949e-07	8.005360e-01	8.009508e-01	7.994300e-01
3.069929760558801e-07	8.005365e-01	8.009348e-01	7.994232e-01
3.070142617701653e-07	8.005370e-01	8.009186e-01	7.994168e-01
3.070355474844505e-07	8.005375e-01	8.009021e-01	7.994107e-01
3.070568331987356e-07	8.005381e-01	8.008854e-01	7.994050e-01
3.070705474844496e-07	8.005385e-01	8.008745e-01	7.994014e-01
3.070842617701635e-07	8.005390e-01	8.008634e-01	7.993979e-01
3.070979760558774e-07	8.005394e-01	8.008523e-01	7.993946e-01
3.071116903415914e-07	8.005399e-01	8.008411e-01	7.993913e-01
3.071254046273053e-07	8.005404e-01	8.008299e-01	7.993882e-01
3.071391189130193e-07	8.005409e-01	8.008185e-01	7.993851e-01
3.071528331987332e-07	8.005415e-01	8.008070e-01	7.993822e-01
3.071538331987332e-07	8.005415e-01	8.008062e-01	7.993820e-01
3.071782617701611e-07	8.005425e-01	8.007855e-01	7.993770e-01
3.072026903415891e-07	8.005436e-01	8.007646e-01	7.993723e-01
3.072271189130170e-07	8.005447e-01	8.007434e-01	7.993678e-01
3.072515474844450e-07	8.005459e-01	8.007220e-01	7.993636e-01
3.072759760558729e-07	8.005471e-01	8.007003e-01	7.993597e-01
3.073004046273009e-07	8.005484e-01	8.006785e-01	7.993561e-01
3.073248331987288e-07	8.005498e-01	8.006563e-01	7.993528e-01
3.073541189130138e-07	8.005515e-01	8.006295e-01	7.993491e-01
3.073834046272988e-07	8.005533e-01	8.006025e-01	7.993460e-01
3.074126903415838e-07	8.005552e-01	8.005753e-01	7.993434e-01
3.074419760558687e-07	8.005572e-01	8.005478e-01	7.993412e-01
3.074712617701537e-07	8.005592e-01	8.005201e-01	7.993395e-01
3.075005474844387e-07	8.005613e-01	8.004922e-01	7.993384e-01
3.075298331987236e-07	8.005635e-01	8.004640e-01	7.993377e-01
3.075418331987233e-07	8.005644e-01	8.004525e-01	7.993376e-01
3.075538331987230e-07	8.005653e-01	8.004409e-01	7.993376e-01
3.075658331987227e-07	8.005663e-01	8.004293e-01	7.993377e-01
3.075778331987224e-07	8.005672e-01	8.004177e-01	7.993379e-01
3.075898331987221e-07	8.005682e-01	8.004060e-01	7.993382e-01
3.076018331987218e-07	8.005691e-01	8.003944e-01	7.993386e-01
3.076138331987215e-07	8.005701e-01	8.003827e-01	7.993391e-01
3.076415474844351e-07	8.005724e-01	8.003555e-01	7.993406e-01
3.076692617701487e-07	8.005748e-01	8.003284e-01	7.993427e-01
3.076969760558623e-07	8.005772e-01	8.003012e-01	7.993453e-01
3.077246903415759e-07	8.005797e-01	8.002739e-01	7.993484e-01
3.077524046272894e-07	8.005823e-01	8.002466e-01	7.993521e-01
3.077801189130030e-07	8.005848e-01	8.002193e-01	7.993563e-01
3.078078331987166e-07	8.005875e-01	8.001919e-01	7.993610e-01
3.078605474844296e-07	8.005926e-01	8.001396e-01	7.993715e-01
3.079132617701425e-07	8.005979e-01	8.000877e-01	7.993837e-01
3.079659760558555e-07	8.006032e-01	8.000361e-01	7.993976e-01
3.080186903415684e-07	8.006086e-01	7.999848e-01	7.994130e-01
3.080714046272814e-07	8.006142e-01	7.999338e-01	7.994302e-01
3.081241189129943e-07	8.006198e-01	7.998831e-01	7.994490e-01
3.081768331987073e-07	8.006255e-01	7.998327e-01	7.994694e-01
3.081778331987072e-07	8.006256e-01	7.998318e-01	7.994698e-01
3.082652617701336e-07	8.006352e-01	7.997493e-01	7.995068e-01
3.083526903415599e-07	8.006446e-01	7.996694e-01	7.995479e-01
3.084401189129863e-07	8.006538e-01	7.995921e-01	7.995930e-01
3.085275474844127e-07	8.006626e-01	7.995174e-01	7.996422e-01
3.086149760558390e-07	8.006712e-01	7.994453e-01	7.996953e-01
3.087024046272654e-07	8.006796e-01	7.993758e-01	7.997525e-01
3.087898331986917e-07	8.006877e-01	7.993088e-01	7.998137e-01
3.088485474844045e-07	8.006927e-01	7.992660e-01	7.998572e-01
3.089072617701173e-07	8.006975e-01	7.992249e-01	7.999018e-01
3.089659760558301e-07	8.007019e-01	7.991853e-01	7.999473e-01
3.090246903415429e-07	8.007059e-01	7.991474e-01	7.999939e-01
3.090834046272557e-07	8.007097e-01	7.991111e-01	8.000414e-01
3.091421189129685e-07	8.007131e-01	7.990764e-01	8.000900e-01
3.092008331986813e-07	8.007162e-01	7.990433e-01	8.001397e-01
3.092018331986813e-07	8.007162e-01	7.990428e-01	8.001405e-01
3.092575474843942e-07	8.007188e-01	7.990130e-01	8.001879e-01
3.093132617701070e-07	8.007210e-01	7.989848e-01	8.002346e-01
3.093689760558199e-07	8.007227e-01	7.989582e-01	8.002807e-01
3.094246903415328e-07	8.007241e-01	7.989331e-01	8.003262e-01
3.094804046272457e-07	8.007251e-01	7.989096e-01	8.003710e-01
3.095361189129585e-07	8.007257e-01	7.988876e-01	8.004152e-01
3.095918331986714e-07	8.007259e-01	7.988672e-01	8.004587e-01
3.096502617700985e-07	8.007257e-01	7.988475e-01	8.005026e-01
3.097086903415256e-07	8.007249e-01	7.988294e-01	8.005443e-01
3.097671189129527e-07	8.007237e-01	7.988129e-01	8.005836e-01
3.098255474843798e-07	8.007220e-01	7.987980e-01	8.006207e-01
3.098839760558069e-07	8.007197e-01	7.987848e-01	8.006554e-01
3.099424046272340e-07	8.007170e-01	7.987732e-01	8.006879e-01
3.100008331986610e-07	8.007138e-01	7.987632e-01	8.007181e-01
3.100328331986602e-07	8.007118e-01	7.987584e-01	8.007333e-01
3.100648331986594e-07	8.007097e-01	7.987540e-01	8.007476e-01
3.100968331986586e-07	8.007074e-01	7.987501e-01	8.007611e-01
3.101288331986578e-07	8.007050e-01	7.987466e-01	8.007737e-01
3.101608331986570e-07	8.007024e-01	7.987435e-01	8.007854e-01
3.101928331986562e-07	8.006997e-01	7.987410e-01	8.007963e-01
3.102248331986554e-07	8.006968e-01	7.987388e-01	8.008064e-01
3.102258331986553e-07	8.006967e-01	7.987388e-01	8.008067e-01
3.102669760557972e-07	8.006928e-01	7.987367e-01	8.008183e-01
3.103081189129390e-07	8.006886e-01	7.987352e-01	8.008285e-01
3.103492617700808e-07	8.006842e-01	7.987345e-01	8.008374e-01
3.103904046272226e-07	8.006795e-01	7.987343e-01	8.008449e-01
3.104315474843644e-07	8.006746e-01	7.987349e-01	8.008511e-01
3.104726903415062e-07	8.006695e-01	7.987360e-01	8.008559e-01
3.105138331986480e-07	8.006641e-01	7.987379e-01	8.008593e-01
3.105465474843615e-07	8.006596e-01	7.987398e-01	8.008612e-01
3.105792617700750e-07	8.006550e-01	7.987421e-01	8.008624e-01
3.106119760557884e-07	8.006503e-01	7.987447e-01	8.008628e-01
3.106446903415019e-07	8.006454e-01	7.987477e-01	8.008626e-01
3.106774046272153e-07	8.006404e-01	7.987511e-01	8.008616e-01
3.107101189129288e-07	8.006352e-01	7.987548e-01	8.008599e-01
3.107428331986422e-07	8.006299e-01	7.987588e-01	8.008575e-01
3.108151189129261e-07	8.006175e-01	7.987692e-01	8.008496e-01
3.108874046272100e-07	8.006046e-01	7.987809e-01	8.008395e-01
3.109596903414939e-07	8.005911e-01	7.987940e-01	8.008275e-01
3.110319760557778e-07	8.005769e-01	7.988084e-01	8.008133e-01
3.111042617700617e-07	8.005622e-01	7.988242e-01	8.007971e-01
3.111765474843455e-07	8.005468e-01	7.988413e-01	8.007789e-01
3.112488331986294e-07	8.005308e-01	7.988598e-01	8.007585e-01
3.112498331986294e-07	8.005306e-01	7.988600e-01	8.007583e-01
3.113184046271991e-07	8.005149e-01	7.988786e-01	8.007382e-01
3.113869760557688e-07	8.004989e-01	7.988978e-01	8.007177e-01
3.114555474843385e-07	8.004824e-01	7.989179e-01	8.006967e-01
3.115241189129082e-07	8.004655e-01	7.989386e-01	8.006752e-01
3.115926903414779e-07	8.004482e-01	7.989601e-01	8.006532e-01
3.116612617700475e-07	8.004305e-01	7.989824e-01	8.006307e-01
3.117298331986172e-07	8.004124e-01	7.990053e-01	8.006078e-01
3.118074046271867e-07	8.003916e-01	7.990320e-01	8.005820e-01
3.118849760557562e-07	8.003704e-01	7.990590e-01	8.005561e-01
3.119625474843256e-07	8.003489e-01	7.990865e-01	8.005302e-01
3.120401189128951e-07	8.003272e-01	7.991143e-01	8.005043e-01
3.121176903414646e-07	8.003051e-01	7.991426e-01	8.004783e-01
3.121952617700340e-07	8.002828e-01	7.991712e-01	8.004523e-01
3.122728331986035e-07	8.002601e-01	7.992002e-01	8.004262e-01
3.122738331986035e-07	8.002598e-01	7.992006e-01	8.004258e-01
3.123636903414583e-07	8.002334e-01	7.992344e-01	8.003957e-01
3.124535474843132e-07	8.002068e-01	7.992682e-01	8.003651e-01
3.125434046271681e-07	8.001802e-01	7.993018e-01	8.003340e-01
3.126332617700229e-07	8.001536e-01	7.993353e-01	8.003023e-01
3.127231189128778e-07	8.001268e-01	7.993687e-01	8.002700e-01
3.128129760557327e-07	8.001000e-01	7.994020e-01	8.002373e-01
3.129028331985875e-07	8.000731e-01	7.994352e-01	8.002040e-01
3.129105474843016e-07	8.000708e-01	7.994380e-01	8.002011e-01
3.129182617700157e-07	8.000685e-01	7.994409e-01	8.001982e-01
3.129259760557298e-07	8.000662e-01	7.994438e-01	8.001953e-01
3.129336903414439e-07	8.000640e-01	7.994468e-01	8.001923e-01
3.129414046271580e-07	8.000617e-01	7.994498e-01	8.001894e-01
3.129491189128721e-07	8.000594e-01	7.994528e-01	8.001864e-01
3.129568331985862e-07	8.000571e-01	7.994559e-01	8.001834e-01
3.129794046271570e-07	8.000504e-01	7.994656e-01	8.001747e-01
3.130019760557279e-07	8.000437e-01	7.994753e-01	8.001660e-01
3.130245474842987e-07	8.000369e-01	7.994849e-01	8.001572e-01
3.130471189128696e-07	8.000301e-01	7.994945e-01	8.001483e-01
3.130696903414404e-07	8.000231e-01	7.995040e-01	8.001393e-01
3.130922617700113e-07	8.000161e-01	7.995134e-01	8.001303e-01
3.131148331985821e-07	8.000090e-01	7.995228e-01	8.001212e-01
3.131276903414390e-07	8.000048e-01	7.995277e-01	8.001161e-01
3.131405474842958e-07	8.000006e-01	7.995323e-01	8.001109e-01
3.131534046271526e-07	7.999962e-01	7.995368e-01	8.001056e-01
3.131662617700094e-07	7.999918e-01	7.995410e-01	8.001004e-01
3.131791189128662e-07	7.999874e-01	7.995450e-01	8.000951e-01
3.131919760557231e-07	7.999828e-01	7.995488e-01	8.000898e-01
3.132048331985799e-07	7.999781e-01	7.995524e-01	8.000845e-01
3.132179760557224e-07	7.999733e-01	7.995557e-01	8.000790e-01
3.132311189128649e-07	7.999684e-01	7.995589e-01	8.000735e-01
3.132442617700074e-07	7.999634e-01	7.995620e-01	8.000680e-01
3.132574046271500e-07	7.999582e-01	7.995648e-01	8.000625e-01
3.132705474842925e-07	7.999529e-01	7.995675e-01	8.000570e-01
3.132836903414350e-07	7.999476e-01	7.995700e-01	8.000514e-01
3.132968331985775e-07	7.999421e-01	7.995723e-01	8.000458e-01
3.132978331985775e-07	7.999417e-01	7.995725e-01	8.000454e-01
3.133175474842913e-07	7.999332e-01	7.995757e-01	8.000369e-01
3.133372617700051e-07	7.999245e-01	7.995789e-01	8.000285e-01
3.133569760557189e-07	7.999157e-01	7.995822e-01	8.000199e-01
3.133766903414327e-07	7.999067e-01	7.995854e-01	8.000113e-01
3.133964046271464e-07	7.998974e-01	7.995887e-01	8.000027e-01
3.134161189128602e-07	7.998880e-01	7.995921e-01	7.999940e-01
3.134358331985740e-07	7.998784e-01	7.995954e-01	7.999852e-01
3.134511189128593e-07	7.998709e-01	7.995983e-01	7.999784e-01
3.134664046271447e-07	7.998633e-01	7.996014e-01	7.999716e-01
3.134816903414300e-07	7.998557e-01	7.996047e-01	7.999647e-01
3.134969760557153e-07	7.998481e-01	7.996083e-01	7.999578e-01
3.135122617700006e-07	7.998405e-01	7.996121e-01	7.999509e-01
3.135275474842860e-07	7.998328e-01	7.996162e-01	7.999440e-01
3.135428331985713e-07	7.998251e-01	7.996205e-01	7.999370e-01
3.135612617699994e-07	7.998159e-01	7.996261e-01	7.999285e-01
3.135796903414275e-07	7.998067e-01	7.996321e-01	7.999200e-01
3.135981189128556e-07	7.997977e-01	7.996385e-01	7.999115e-01
3.136165474842837e-07	7.997888e-01	7.996452e-01	7.999029e-01
3.136349760557118e-07	7.997801e-01	7.996524e-01	7.998943e-01
3.136534046271399e-07	7.997714e-01	7.996599e-01	7.998857e-01
3.136718331985680e-07	7.997629e-01	7.996679e-01	7.998770e-01
3.136986903414245e-07	7.997508e-01	7.996803e-01	7.998643e-01
3.137255474842810e-07	7.997394e-01	7.996930e-01	7.998515e-01
3.137524046271374e-07	7.997285e-01	7.997059e-01	7.998387e-01
3.137792617699939e-07	7.997182e-01	7.997192e-01	7.998258e-01
3.138061189128503e-07	7.997085e-01	7.997328e-01	7.998128e-01
3.138329760557068e-07	7.996993e-01	7.997467e-01	7.997997e-01
3.138598331985633e-07	7.996908e-01	7.997609e-01	7.997866e-01
3.138835474842770e-07	7.996839e-01	7.997731e-01	7.997749e-01
3.139072617699906e-07	7.996775e-01	7.997850e-01	7.997633e-01
3.139309760557043e-07	7.996716e-01	7.997964e-01	7.997516e-01
3.139546903414180e-07	7.996661e-01	7.998075e-01	7.997399e-01
3.139784046271317e-07	7.996612e-01	7.998181e-01	7.997281e-01
3.140021189128454e-07	7.996568e-01	7.998283e-01	7.997163e-01
3.140258331985591e-07	7.996529e-01	7.998381e-01	7.997045e-01
3.140464046271300e-07	7.996499e-01	7.998459e-01	7.996942e-01
3.140669760557009e-07	7.996471e-01	7.998532e-01	7.996839e-01
3.140875474842718e-07	7.996446e-01	7.998599e-01	7.996736e-01
3.141081189128427e-07	7.996424e-01	7.998661e-01	7.996633e-01
3.141286903414136e-07	7.996404e-01	7.998717e-01	7.996530e-01
3.141492617699845e-07	7.996386e-01	7.998768e-01	7.996427e-01
3.141698331985554e-07	7.996371e-01	7.998813e-01	7.996323e-01
3.141858331985550e-07	7.996361e-01	7.998843e-01	7.996243e-01
3.142018331985546e-07	7.996351e-01	7.998870e-01	7.996162e-01
3.142178331985542e-07	7.996342e-01	7.998894e-01	7.996081e-01
3.142338331985538e-07	7.996334e-01	7.998914e-01	7.996001e-01
3.142498331985534e-07	7.996326e-01	7.998932e-01	7.995920e-01
3.142658331985530e-07	7.996319e-01	7.998945e-01	7.995840e-01
3.142818331985526e-07	7.996312e-01	7.998956e-01	7.995759e-01
3.142874046271239e-07	7.996310e-01	7.998959e-01	7.995731e-01
3.142929760556952e-07	7.996308e-01	7.998961e-01	7.995703e-01
3.142985474842664e-07	7.996306e-01	7.998963e-01	7.995675e-01
3.143041189128377e-07	7.996304e-01	7.998965e-01	7.995647e-01
3.143096903414090e-07	7.996301e-01	7.998966e-01	7.995619e-01
3.143152617699803e-07	7.996299e-01	7.998968e-01	7.995591e-01
3.143208331985516e-07	7.996297e-01	7.998968e-01	7.995563e-01
3.143218331985516e-07	7.996297e-01	7.998968e-01	7.995558e-01
3.143341189128370e-07	7.996292e-01	7.998969e-01	7.995497e-01
3.143464046271224e-07	7.996287e-01	7.998967e-01	7.995435e-01
3.143586903414078e-07	7.996283e-01	7.998965e-01	7.995373e-01
3.143709760556932e-07	7.996278e-01	7.998961e-01	7.995312e-01
3.143832617699786e-07	7.996273e-01	7.998955e-01	7.995250e-01
3.143955474842640e-07	7.996268e-01	7.998949e-01	7.995189e-01
3.144078331985494e-07	7.996262e-01	7.998940e-01	7.995127e-01
3.144262617699775e-07	7.996254e-01	7.998926e-01	7.995036e-01
3.144446903414056e-07	7.996245e-01	7.998909e-01	7.994944e-01
3.144631189128337e-07	7.996234e-01	7.998891e-01	7.994852e-01
3.144815474842618e-07	7.996223e-01	7.998872e-01	7.994761e-01
3.144999760556899e-07	7.996211e-01	7.998851e-01	7.994670e-01
3.145184046271180e-07	7.996199e-01	7.998828e-01	7.994579e-01
3.145368331985461e-07	7.996185e-01	7.998804e-01	7.994488e-01
3.145585474842599e-07	7.996167e-01	7.998775e-01	7.994382e-01
3.145802617699736e-07	7.996147e-01	7.998746e-01	7.994275e-01
3.146019760556873e-07	7.996126e-01	7.998718e-01	7.994170e-01
3.146236903414011e-07	7.996103e-01	7.998692e-01	7.994065e-01
3.146454046271148e-07	7.996079e-01	7.998665e-01	7.993960e-01
3.146671189128285e-07	7.996053e-01	7.998640e-01	7.993856e-01
3.146888331985423e-07	7.996025e-01	7.998615e-01	7.993752e-01
3.147055474842561e-07	7.996002e-01	7.998598e-01	7.993673e-01
3.147222617699700e-07	7.995979e-01	7.998583e-01	7.993593e-01
3.147389760556839e-07	7.995955e-01	7.998569e-01	7.993514e-01
3.147556903413977e-07	7.995930e-01	7.998557e-01	7.993436e-01
3.147724046271116e-07	7.995904e-01	7.998547e-01	7.993358e-01
3.147891189128254e-07	7.995878e-01	7.998539e-01	7.993281e-01
3.148058331985393e-07	7.995850e-01	7.998533e-01	7.993203e-01
3.148185474842533e-07	7.995829e-01	7.998529e-01	7.993145e-01
3.148312617699672e-07	7.995807e-01	7.998528e-01	7.993087e-01
3.148439760556812e-07	7.995786e-01	7.998527e-01	7.993028e-01
3.148566903413952e-07	7.995764e-01	7.998528e-01	7.992971e-01
3.148694046271091e-07	7.995742e-01	7.998530e-01	7.992913e-01
3.148821189128231e-07	7.995719e-01	7.998534e-01	7.992856e-01
3.148948331985370e-07	7.995697e-01	7.998539e-01	7.992799e-01
3.149134046271080e-07	7.995663e-01	7.998549e-01	7.992716e-01
3.149319760556790e-07	7.995630e-01	7.998562e-01	7.992634e-01
3.149505474842499e-07	7.995597e-01	7.998578e-01	7.992553e-01
3.149691189128209e-07	7.995564e-01	7.998598e-01	7.992472e-01
3.149876903413918e-07	7.995531e-01	7.998620e-01	7.992391e-01
3.150062617699628e-07	7.995499e-01	7.998646e-01	7.992312e-01
3.150248331985338e-07	7.995466e-01	7.998676e-01	7.992232e-01
3.150544046271044e-07	7.995415e-01	7.998729e-01	7.992108e-01
3.150839760556751e-07	7.995367e-01	7.998789e-01	7.991985e-01
3.151135474842458e-07	7.995322e-01	7.998857e-01	7.991864e-01
3.151431189128165e-07	7.995280e-01	7.998930e-01	7.991745e-01
3.151726903413872e-07	7.995241e-01	7.999011e-01	7.991628e-01
3.152022617699578e-07	7.995205e-01	7.999099e-01	7.991513e-01
3.152318331985285e-07	7.995172e-01	7.999193e-01	7.991400e-01
3.152479760556710e-07	7.995157e-01	7.999246e-01	7.991339e-01
3.152641189128134e-07	7.995143e-01	7.999300e-01	7.991279e-01
3.152802617699559e-07	7.995130e-01	7.999356e-01	7.991219e-01
3.152964046270983e-07	7.995119e-01	7.999412e-01	7.991161e-01
3.153125474842408e-07	7.995109e-01	7.999470e-01	7.991102e-01
3.153286903413832e-07	7.995101e-01	7.999528e-01	7.991044e-01
3.153448331985256e-07	7.995095e-01	7.999588e-01	7.990987e-01
3.153458331985256e-07	7.995095e-01	7.999592e-01	7.990984e-01
3.153616903413824e-07	7.995090e-01	7.999652e-01	7.990928e-01
3.153775474842391e-07	7.995087e-01	7.999712e-01	7.990874e-01
3.153934046270958e-07	7.995086e-01	7.999772e-01	7.990820e-01
3.154092617699526e-07	7.995086e-01	7.999833e-01	7.990766e-01
3.154251189128093e-07	7.995088e-01	7.999895e-01	7.990714e-01
3.154409760556661e-07	7.995091e-01	7.999956e-01	7.990662e-01
3.154568331985228e-07	7.995096e-01	8.000019e-01	7.990611e-01
3.154788331985223e-07	7.995107e-01	8.000105e-01	7.990540e-01
3.155008331985217e-07	7.995120e-01	8.000191e-01	7.990472e-01
3.155228331985211e-07	7.995137e-01	8.000276e-01	7.990404e-01
3.155448331985206e-07	7.995157e-01	8.000360e-01	7.990338e-01
3.155668331985200e-07	7.995180e-01	8.000444e-01	7.990274e-01
3.155888331985195e-07	7.995206e-01	8.000527e-01	7.990210e-01
3.156108331985189e-07	7.995235e-01	8.000609e-01	7.990149e-01
3.156444046270895e-07	7.995287e-01	8.000732e-01	7.990057e-01
3.156779760556601e-07	7.995344e-01	8.000850e-01	7.989969e-01
3.157115474842306e-07	7.995407e-01	8.000963e-01	7.989884e-01
3.157451189128012e-07	7.995474e-01	8.001072e-01	7.989803e-01
3.157786903413718e-07	7.995548e-01	8.001175e-01	7.989725e-01
3.158122617699424e-07	7.995626e-01	8.001273e-01	7.989650e-01
3.158458331985130e-07	7.995710e-01	8.001367e-01	7.989579e-01
3.158781189127979e-07	7.995795e-01	8.001450e-01	7.989515e-01
3.159104046270827e-07	7.995880e-01	8.001528e-01	7.989453e-01
3.159426903413676e-07	7.995966e-01	8.001601e-01	7.989395e-01
3.159749760556525e-07	7.996053e-01	8.001668e-01	7.989340e-01
3.160072617699374e-07	7.996141e-01	8.001731e-01	7.989289e-01
3.160395474842223e-07	7.996230e-01	8.001788e-01	7.989241e-01
3.160718331985072e-07	7.996320e-01	8.001840e-01	7.989196e-01
3.161048331985064e-07	7.996408e-01	8.001888e-01	7.989154e-01
3.161058331985064e-07	7.996411e-01	8.001890e-01	7.989153e-01
3.161068331985063e-07	7.996414e-01	8.001893e-01	7.989152e-01
3.161078331985063e-07	7.996416e-01	8.001892e-01	7.989151e-01
3.161088331985063e-07	7.996419e-01	8.001892e-01	7.989150e-01
3.161098331985063e-07	7.996421e-01	8.001895e-01	7.989148e-01
3.161108331985062e-07	7.996424e-01	8.001897e-01	7.989147e-01
3.161118331985062e-07	7.996427e-01	8.001897e-01	7.989146e-01
3.161138331985062e-07	7.996432e-01	8.001901e-01	7.989143e-01
3.161226903413631e-07	7.996455e-01	8.001913e-01	7.989133e-01
3.161315474842200e-07	7.996479e-01	8.001924e-01	7.989123e-01
3.161404046270769e-07	7.996502e-01	8.001936e-01	7.989113e-01
3.161492617699338e-07	7.996526e-01	8.001947e-01	7.989103e-01
3.161581189127908e-07	7.996550e-01	8.001958e-01	7.989094e-01
3.161669760556477e-07	7.996574e-01	8.001969e-01	7.989085e-01
3.161758331985046e-07	7.996598e-01	8.001980e-01	7.989076e-01
3.161896903413614e-07	7.996637e-01	8.001996e-01	7.989062e-01
3.162035474842182e-07	7.996676e-01	8.002013e-01	7.989050e-01
3.162174046270750e-07	7.996715e-01	8.002031e-01	7.989037e-01
3.162312617699318e-07	7.996754e-01	8.002049e-01	7.989026e-01
3.162451189127886e-07	7.996793e-01	8.002067e-01	7.989015e-01
3.162589760556453e-07	7.996832e-01	8.002085e-01	7.989005e-01
3.162728331985021e-07	7.996871e-01	8.002104e-01	7.988995e-01
3.162865474842161e-07	7.996909e-01	8.002124e-01	7.988986e-01
3.163002617699300e-07	7.996946e-01	8.002145e-01	7.988978e-01
3.163139760556440e-07	7.996981e-01	8.002166e-01	7.988970e-01
3.163276903413579e-07	7.997015e-01	8.002188e-01	7.988963e-01
3.163414046270718e-07	7.997048e-01	8.002211e-01	7.988957e-01
3.163551189127858e-07	7.997079e-01	8.002235e-01	7.988951e-01
3.163688331984997e-07	7.997109e-01	8.002259e-01	7.988946e-01
3.163698331984997e-07	7.997112e-01	8.002261e-01	7.988946e-01
3.163834046270708e-07	7.997139e-01	8.002286e-01	7.988941e-01
3.163969760556418e-07	7.997165e-01	8.002312e-01	7.988937e-01
3.164105474842129e-07	7.997188e-01	8.002337e-01	7.988934e-01
3.164241189127840e-07	7.997210e-01	8.002363e-01	7.988931e-01
3.164376903413551e-07	7.997230e-01	8.002390e-01	7.988929e-01
3.164512617699262e-07	7.997248e-01	8.002417e-01	7.988928e-01
3.164648331984973e-07	7.997264e-01	8.002444e-01	7.988927e-01
3.164778331984969e-07	7.997278e-01	8.002470e-01	7.988927e-01
3.164908331984966e-07	7.997290e-01	8.002495e-01	7.988927e-01
3.165038331984963e-07	7.997301e-01	8.002521e-01	7.988928e-01
3.165168331984960e-07	7.997310e-01	8.002546e-01	7.988929e-01
3.165298331984956e-07	7.997317e-01	8.002571e-01	7.988931e-01
3.165428331984953e-07	7.997323e-01	8.002595e-01	7.988933e-01
3.165558331984950e-07	7.997327e-01	8.002620e-01	7.988936e-01
3.165705474842089e-07	7.997330e-01	8.002647e-01	7.988940e-01
3.165852617699228e-07	7.997332e-01	8.002673e-01	7.988945e-01
3.165999760556367e-07	7.997332e-01	8.002698e-01	7.988951e-01
3.166146903413506e-07	7.997332e-01	8.002723e-01	7.988957e-01
3.166294046270645e-07	7.997330e-01	8.002747e-01	7.988964e-01
3.166441189127784e-07	7.997327e-01	8.002771e-01	7.988971e-01
3.166588331984924e-07	7.997322e-01	8.002793e-01	7.988979e-01
3.166722617699206e-07	7.997317e-01	8.002813e-01	7.988987e-01
3.166856903413488e-07	7.997312e-01	8.002832e-01	7.988996e-01
3.166991189127771e-07	7.997306e-01	8.002851e-01	7.989005e-01
3.167125474842053e-07	7.997300e-01	8.002870e-01	7.989015e-01
3.167259760556335e-07	7.997293e-01	8.002888e-01	7.989025e-01
3.167394046270617e-07	7.997286e-01	8.002906e-01	7.989036e-01
3.167528331984900e-07	7.997278e-01	8.002924e-01	7.989047e-01
3.167674046270610e-07	7.997269e-01	8.002942e-01	7.989060e-01
3.167819760556321e-07	7.997260e-01	8.002961e-01	7.989074e-01
3.167965474842032e-07	7.997251e-01	8.002980e-01	7.989088e-01
3.168111189127742e-07	7.997241e-01	8.002999e-01	7.989103e-01
3.168256903413453e-07	7.997231e-01	8.003018e-01	7.989119e-01
3.168402617699163e-07	7.997220e-01	8.003038e-01	7.989135e-01
3.168548331984874e-07	7.997209e-01	8.003058e-01	7.989151e-01
3.168724046270584e-07	7.997196e-01	8.003082e-01	7.989172e-01
3.168899760556294e-07	7.997183e-01	8.003108e-01	7.989194e-01
3.169075474842003e-07	7.997168e-01	8.003136e-01	7.989217e-01
3.169251189127713e-07	7.997153e-01	8.003166e-01	7.989241e-01
3.169426903413423e-07	7.997137e-01	8.003197e-01	7.989266e-01
3.169602617699133e-07	7.997121e-01	8.003230e-01	7.989292e-01
3.169778331984843e-07	7.997103e-01	8.003265e-01	7.989318e-01
3.169995474841980e-07	7.997081e-01	8.003312e-01	7.989352e-01
3.170212617699117e-07	7.997055e-01	8.003363e-01	7.989388e-01
3.170429760556255e-07	7.997028e-01	8.003418e-01	7.989424e-01
3.170646903413392e-07	7.996997e-01	8.003478e-01	7.989462e-01
3.170864046270530e-07	7.996964e-01	8.003543e-01	7.989501e-01
3.171081189127667e-07	7.996929e-01	8.003612e-01	7.989542e-01
3.171298331984804e-07	7.996891e-01	8.003685e-01	7.989584e-01
3.171551189127655e-07	7.996841e-01	8.003778e-01	7.989635e-01
3.171804046270506e-07	7.996786e-01	8.003877e-01	7.989687e-01
3.172056903413356e-07	7.996724e-01	8.003981e-01	7.989740e-01
3.172309760556207e-07	7.996656e-01	8.004091e-01	7.989796e-01
3.172562617699058e-07	7.996582e-01	8.004207e-01	7.989853e-01
3.172815474841909e-07	7.996502e-01	8.004328e-01	7.989911e-01
3.173068331984759e-07	7.996415e-01	8.004455e-01	7.989972e-01
3.173191189127613e-07	7.996370e-01	8.004518e-01	7.990002e-01
3.173314046270467e-07	7.996323e-01	8.004582e-01	7.990032e-01
3.173436903413321e-07	7.996275e-01	8.004646e-01	7.990062e-01
3.173559760556176e-07	7.996224e-01	8.004711e-01	7.990093e-01
3.173682617699030e-07	7.996172e-01	8.004777e-01	7.990124e-01
3.173805474841884e-07	7.996119e-01	8.004843e-01	7.990156e-01
3.173928331984738e-07	7.996063e-01	8.004910e-01	7.990188e-01
3.173938331984737e-07	7.996058e-01	8.004915e-01	7.990191e-01
3.174288331984728e-07	7.995889e-01	8.005112e-01	7.990284e-01
3.174638331984720e-07	7.995706e-01	8.005304e-01	7.990380e-01
3.174988331984711e-07	7.995510e-01	8.005490e-01	7.990479e-01
3.175338331984702e-07	7.995301e-01	8.005670e-01	7.990581e-01
3.175688331984693e-07	7.995079e-01	8.005844e-01	7.990685e-01
3.176038331984684e-07	7.994844e-01	8.006013e-01	7.990791e-01
3.176388331984675e-07	7.994596e-01	8.006176e-01	7.990901e-01
3.176631189127526e-07	7.994418e-01	8.006278e-01	7.990978e-01
3.176874046270377e-07	7.994237e-01	8.006371e-01	7.991057e-01
3.177116903413228e-07	7.994053e-01	8.006456e-01	7.991137e-01
3.177359760556079e-07	7.993865e-01	8.006531e-01	7.991217e-01
3.177602617698930e-07	7.993674e-01	8.006598e-01	7.991299e-01
3.177845474841781e-07	7.993479e-01	8.006656e-01	7.991382e-01
3.178088331984632e-07	7.993281e-01	8.006705e-01	7.991466e-01
3.178221189127486e-07	7.993173e-01	8.006727e-01	7.991512e-01
3.178354046270340e-07	7.993064e-01	8.006745e-01	7.991559e-01
3.178486903413194e-07	7.992955e-01	8.006761e-01	7.991606e-01
3.178619760556047e-07	7.992845e-01	8.006773e-01	7.991653e-01
3.178752617698901e-07	7.992736e-01	8.006781e-01	7.991701e-01
3.178885474841755e-07	7.992626e-01	8.006786e-01	7.991749e-01
3.179018331984609e-07	7.992516e-01	8.006788e-01	7.991797e-01
3.179146903413177e-07	7.992410e-01	8.006787e-01	7.991844e-01
3.179275474841745e-07	7.992303e-01	8.006782e-01	7.991891e-01
3.179404046270313e-07	7.992197e-01	8.006774e-01	7.991939e-01
3.179532617698881e-07	7.992091e-01	8.006764e-01	7.991986e-01
3.179661189127450e-07	7.991986e-01	8.006750e-01	7.992034e-01
3.179789760556018e-07	7.991881e-01	8.006732e-01	7.992082e-01
3.179918331984586e-07	7.991776e-01	8.006712e-01	7.992131e-01
3.180162617698865e-07	7.991577e-01	8.006664e-01	7.992223e-01
3.180406903413145e-07	7.991382e-01	8.006605e-01	7.992317e-01
3.180651189127424e-07	7.991190e-01	8.006536e-01	7.992411e-01
3.180895474841704e-07	7.991001e-01	8.006456e-01	7.992507e-01
3.181139760555983e-07	7.990815e-01	8.006366e-01	7.992602e-01
3.181384046270263e-07	7.990632e-01	8.006265e-01	7.992699e-01
3.181628331984543e-07	7.990453e-01	8.006154e-01	7.992796e-01
3.181991189127390e-07	7.990194e-01	8.005969e-01	7.992943e-01
3.182354046270238e-07	7.989948e-01	8.005771e-01	7.993091e-01
3.182716903413086e-07	7.989714e-01	8.005561e-01	7.993240e-01
3.183079760555934e-07	7.989492e-01	8.005338e-01	7.993390e-01
3.183442617698782e-07	7.989283e-01	8.005103e-01	7.993542e-01
3.183805474841630e-07	7.989085e-01	8.004855e-01	7.993695e-01
3.184168331984478e-07	7.988901e-01	8.004594e-01	7.993850e-01
3.184178331984478e-07	7.988895e-01	8.004587e-01	7.993854e-01
3.184562617698754e-07	7.988717e-01	8.004306e-01	7.994019e-01
3.184946903413030e-07	7.988554e-01	8.004030e-01	7.994184e-01
3.185331189127306e-07	7.988406e-01	8.003759e-01	7.994351e-01
3.185715474841582e-07	7.988274e-01	8.003493e-01	7.994519e-01
3.186099760555858e-07	7.988157e-01	8.003232e-01	7.994687e-01
3.186484046270134e-07	7.988056e-01	8.002976e-01	7.994857e-01
3.186868331984410e-07	7.987970e-01	8.002725e-01	7.995027e-01
3.187181189127259e-07	7.987911e-01	8.002534e-01	7.995167e-01
3.187494046270108e-07	7.987861e-01	8.002356e-01	7.995307e-01
3.187806903412957e-07	7.987820e-01	8.002189e-01	7.995447e-01
3.188119760555807e-07	7.987787e-01	8.002035e-01	7.995587e-01
3.188432617698656e-07	7.987764e-01	8.001894e-01	7.995727e-01
3.188745474841505e-07	7.987748e-01	8.001764e-01	7.995868e-01
3.189058331984354e-07	7.987742e-01	8.001647e-01	7.996009e-01
3.189291189127206e-07	7.987741e-01	8.001570e-01	7.996114e-01
3.189524046270057e-07	7.987745e-01	8.001502e-01	7.996219e-01
3.189756903412908e-07	7.987752e-01	8.001442e-01	7.996325e-01
3.189989760555759e-07	7.987763e-01	8.001391e-01	7.996430e-01
3.190222617698610e-07	7.987777e-01	8.001348e-01	7.996535e-01
3.190455474841462e-07	7.987795e-01	8.001313e-01	7.996640e-01
3.190688331984313e-07	7.987817e-01	8.001287e-01	7.996746e-01
3.190805474841453e-07	7.987829e-01	8.001277e-01	7.996799e-01
3.190922617698593e-07	7.987842e-01	8.001269e-01	7.996852e-01
3.191039760555733e-07	7.987855e-01	8.001263e-01	7.996905e-01
3.191156903412873e-07	7.987869e-01	8.001259e-01	7.996958e-01
3.191274046270012e-07	7.987884e-01	8.001257e-01	7.997010e-01
3.191391189127152e-07	7.987900e-01	8.001258e-01	7.997063e-01
3.191508331984292e-07	7.987916e-01	8.001260e-01	7.997116e-01
3.191714046270001e-07	7.987947e-01	8.001269e-01	7.997209e-01
3.191919760555710e-07	7.987980e-01	8.001284e-01	7.997302e-01
3.192125474841419e-07	7.988014e-01	8.001304e-01	7.997394e-01
3.192331189127128e-07	7.988050e-01	8.001330e-01	7.997487e-01
3.192536903412838e-07	7.988088e-01	8.001362e-01	7.997580e-01
3.192742617698547e-07	7.988128e-01	8.001399e-01	7.997672e-01
3.192948331984256e-07	7.988170e-01	8.001442e-01	7.997764e-01
3.193156903412822e-07	7.988213e-01	8.001490e-01	7.997858e-01
3.193365474841388e-07	7.988258e-01	8.001543e-01	7.997951e-01
3.193574046269954e-07	7.988305e-01	8.001599e-01	7.998044e-01
3.193782617698520e-07	7.988352e-01	8.001660e-01	7.998137e-01
3.193991189127086e-07	7.988401e-01	8.001725e-01	7.998230e-01
3.194199760555653e-07	7.988451e-01	8.001793e-01	7.998322e-01
3.194408331984219e-07	7.988503e-01	8.001866e-01	7.998415e-01
3.194418331984218e-07	7.988505e-01	8.001870e-01	7.998419e-01
3.195026903412774e-07	7.988664e-01	8.002118e-01	7.998688e-01
3.195635474841330e-07	7.988828e-01	8.002362e-01	7.998955e-01
3.196244046269887e-07	7.988998e-01	8.002605e-01	7.999219e-01
3.196852617698443e-07	7.989174e-01	8.002844e-01	7.999481e-01
3.197461189126999e-07	7.989355e-01	8.003081e-01	7.999740e-01
3.198069760555555e-07	7.989542e-01	8.003315e-01	7.999998e-01
3.198678331984111e-07	7.989734e-01	8.003546e-01	8.000252e-01
3.198974046269817e-07	7.989828e-01	8.003640e-01	8.000375e-01
3.199269760555524e-07	7.989922e-01	8.003725e-01	8.000496e-01
3.199565474841231e-07	7.990017e-01	8.003800e-01	8.000617e-01
3.199861189126938e-07	7.990113e-01	8.003866e-01	8.000737e-01
3.200156903412645e-07	7.990210e-01	8.003922e-01	8.000856e-01
3.200452617698351e-07	7.990307e-01	8.003969e-01	8.000975e-01
3.200748331984058e-07	7.990406e-01	8.004006e-01	8.001092e-01
3.200882617698340e-07	7.990450e-01	8.004019e-01	8.001145e-01
3.201016903412623e-07	7.990495e-01	8.004029e-01	8.001198e-01
3.201151189126905e-07	7.990539e-01	8.004037e-01	8.001251e-01
3.201285474841187e-07	7.990584e-01	8.004042e-01	8.001304e-01
3.201419760555470e-07	7.990629e-01	8.004045e-01	8.001356e-01
3.201554046269752e-07	7.990674e-01	8.004045e-01	8.001408e-01
3.201688331984034e-07	7.990720e-01	8.004043e-01	8.001460e-01
3.201912617698314e-07	7.990795e-01	8.004033e-01	8.001547e-01
3.202136903412594e-07	7.990872e-01	8.004015e-01	8.001633e-01
3.202361189126874e-07	7.990948e-01	8.003990e-01	8.001718e-01
3.202585474841154e-07	7.991024e-01	8.003958e-01	8.001803e-01
3.202809760555434e-07	7.991101e-01	8.003918e-01	8.001888e-01
3.203034046269714e-07	7.991178e-01	8.003870e-01	8.001971e-01
3.203258331983995e-07	7.991256e-01	8.003815e-01	8.002055e-01
3.204658331983959e-07	7.991741e-01	8.003294e-01	8.002561e-01
3.205142617698232e-07	7.991911e-01	8.003040e-01	8.002731e-01
3.205626903412506e-07	7.992080e-01	8.002757e-01	8.002898e-01
3.206111189126779e-07	7.992249e-01	8.002443e-01	8.003062e-01
3.206595474841053e-07	7.992418e-01	8.002100e-01	8.003223e-01
3.207079760555326e-07	7.992587e-01	8.001727e-01	8.003381e-01
3.207564046269600e-07	7.992756e-01	8.001324e-01	8.003536e-01
3.208048331983873e-07	7.992924e-01	8.000891e-01	8.003688e-01
3.209025474840991e-07	7.993264e-01	7.999902e-01	8.003986e-01
3.210002617698109e-07	7.993595e-01	7.998909e-01	8.004271e-01
3.210979760555227e-07	7.993917e-01	7.997912e-01	8.004543e-01
3.211956903412346e-07	7.994230e-01	7.996911e-01	8.004802e-01
3.212934046269464e-07	7.994535e-01	7.995907e-01	8.005048e-01
3.213911189126582e-07	7.994831e-01	7.994899e-01	8.005281e-01
3.214888331983700e-07	7.995118e-01	7.993887e-01	8.005500e-01
3.214898331983700e-07	7.995121e-01	7.993878e-01	8.005503e-01
3.215444046269400e-07	7.995274e-01	7.993374e-01	8.005619e-01
3.215989760555101e-07	7.995424e-01	7.992906e-01	8.005732e-01
3.216535474840801e-07	7.995571e-01	7.992472e-01	8.005841e-01
3.217081189126501e-07	7.995713e-01	7.992074e-01	8.005945e-01
3.217626903412202e-07	7.995852e-01	7.991711e-01	8.006045e-01
3.218172617697902e-07	7.995988e-01	7.991383e-01	8.006141e-01
3.218718331983603e-07	7.996120e-01	7.991090e-01	8.006234e-01
3.219011189126453e-07	7.996190e-01	7.990953e-01	8.006282e-01
3.219304046269302e-07	7.996258e-01	7.990829e-01	8.006328e-01
3.219596903412152e-07	7.996326e-01	7.990717e-01	8.006374e-01
3.219889760555002e-07	7.996394e-01	7.990619e-01	8.006418e-01
3.220182617697851e-07	7.996460e-01	7.990533e-01	8.006462e-01
3.220475474840701e-07	7.996525e-01	7.990461e-01	8.006504e-01
3.220768331983551e-07	7.996590e-01	7.990401e-01	8.006545e-01
3.220955474840689e-07	7.996631e-01	7.990370e-01	8.006570e-01
3.221142617697827e-07	7.996672e-01	7.990344e-01	8.006596e-01
3.221329760554965e-07	7.996713e-01	7.990323e-01	8.006622e-01
3.221516903412103e-07	7.996753e-01	7.990308e-01	8.006648e-01
3.221704046269241e-07	7.996793e-01	7.990298e-01	8.006675e-01
3.221891189126380e-07	7.996833e-01	7.990294e-01	8.006702e-01
3.222078331983518e-07	7.996873e-01	7.990295e-01	8.006729e-01
3.222268331983513e-07	7.996913e-01	7.990302e-01	8.006759e-01
3.222458331983508e-07	7.996953e-01	7.990314e-01	8.006789e-01
3.222648331983503e-07	7.996993e-01	7.990332e-01	8.006821e-01
3.222838331983498e-07	7.997033e-01	7.990355e-01	8.006854e-01
3.223028331983494e-07	7.997072e-01	7.990383e-01	8.006888e-01
3.223218331983489e-07	7.997111e-01	7.990417e-01	8.006924e-01
3.223408331983484e-07	7.997150e-01	7.990456e-01	8.006961e-01
3.223654046269192e-07	7.997201e-01	7.990514e-01	8.007011e-01
3.223899760554900e-07	7.997252e-01	7.990582e-01	8.007063e-01
3.224145474840608e-07	7.997302e-01	7.990657e-01	8.007116e-01
3.224391189126316e-07	7.997353e-01	7.990741e-01	8.007171e-01
3.224636903412024e-07	7.997403e-01	7.990834e-01	8.007227e-01
3.224882617697732e-07	7.997453e-01	7.990935e-01	8.007284e-01
3.225128331983440e-07	7.997503e-01	7.991044e-01	8.007343e-01
3.225138331983440e-07	7.997505e-01	7.991049e-01	8.007345e-01
3.225502617697717e-07	7.997579e-01	7.991227e-01	8.007434e-01
3.225866903411993e-07	7.997654e-01	7.991421e-01	8.007521e-01
3.226231189126270e-07	7.997729e-01	7.991630e-01	8.007606e-01
3.226595474840546e-07	7.997804e-01	7.991855e-01	8.007688e-01
3.226959760554823e-07	7.997880e-01	7.992095e-01	8.007768e-01
3.227324046269099e-07	7.997956e-01	7.992351e-01	8.007846e-01
3.227688331983376e-07	7.998033e-01	7.992622e-01	8.007922e-01
3.227995474840511e-07	7.998097e-01	7.992861e-01	8.007980e-01
3.228302617697646e-07	7.998163e-01	7.993107e-01	8.008034e-01
3.228609760554781e-07	7.998229e-01	7.993361e-01	8.008083e-01
3.228916903411916e-07	7.998295e-01	7.993623e-01	8.008128e-01
3.229224046269051e-07	7.998362e-01	7.993893e-01	8.008169e-01
3.229531189126186e-07	7.998430e-01	7.994171e-01	8.008205e-01
3.229838331983321e-07	7.998498e-01	7.994456e-01	8.008236e-01
3.230061189126173e-07	7.998548e-01	7.994667e-01	8.008256e-01
3.230284046269024e-07	7.998598e-01	7.994880e-01	8.008272e-01
3.230506903411876e-07	7.998649e-01	7.995097e-01	8.008286e-01
3.230729760554727e-07	7.998699e-01	7.995315e-01	8.008298e-01
3.230952617697579e-07	7.998751e-01	7.995536e-01	8.008306e-01
3.231175474840430e-07	7.998802e-01	7.995760e-01	8.008312e-01
3.231398331983282e-07	7.998855e-01	7.995987e-01	8.008315e-01
3.231565474840420e-07	7.998894e-01	7.996158e-01	8.008315e-01
3.231732617697559e-07	7.998933e-01	7.996330e-01	8.008314e-01
3.231899760554697e-07	7.998972e-01	7.996502e-01	8.008311e-01
3.232066903411836e-07	7.999012e-01	7.996676e-01	8.008307e-01
3.232234046268975e-07	7.999052e-01	7.996850e-01	8.008301e-01
3.232401189126113e-07	7.999092e-01	7.997026e-01	8.008293e-01
3.232568331983252e-07	7.999133e-01	7.997202e-01	8.008284e-01
3.232909760554672e-07	7.999216e-01	7.997565e-01	8.008260e-01
3.233251189126092e-07	7.999300e-01	7.997929e-01	8.008231e-01
3.233592617697512e-07	7.999385e-01	7.998293e-01	8.008196e-01
3.233934046268932e-07	7.999470e-01	7.998657e-01	8.008155e-01
3.234275474840352e-07	7.999556e-01	7.999022e-01	8.008108e-01
3.234616903411771e-07	7.999643e-01	7.999387e-01	8.008056e-01
3.234958331983191e-07	7.999731e-01	7.999752e-01	8.007997e-01
3.235378331983181e-07	7.999840e-01	8.000197e-01	8.007920e-01
3.236052617697449e-07	8.000017e-01	8.000913e-01	8.007773e-01
3.236726903411718e-07	8.000196e-01	8.001608e-01	8.007619e-01
3.237401189125987e-07	8.000374e-01	8.002281e-01	8.007459e-01
3.238075474840255e-07	8.000553e-01	8.002933e-01	8.007292e-01
3.238749760554524e-07	8.000733e-01	8.003563e-01	8.007118e-01
3.239424046268793e-07	8.000913e-01	8.004172e-01	8.006938e-01
3.240098331983061e-07	8.001094e-01	8.004759e-01	8.006752e-01
3.240535474840193e-07	8.001210e-01	8.005119e-01	8.006637e-01
3.240972617697325e-07	8.001324e-01	8.005465e-01	8.006528e-01
3.241409760554456e-07	8.001437e-01	8.005796e-01	8.006423e-01
3.241846903411588e-07	8.001549e-01	8.006112e-01	8.006324e-01
3.242284046268720e-07	8.001659e-01	8.006413e-01	8.006229e-01
3.242721189125852e-07	8.001768e-01	8.006699e-01	8.006140e-01
3.243158331982984e-07	8.001875e-01	8.006971e-01	8.006055e-01
3.243494046268689e-07	8.001956e-01	8.007168e-01	8.005995e-01
3.243829760554395e-07	8.002035e-01	8.007355e-01	8.005940e-01
3.244165474840101e-07	8.002113e-01	8.007533e-01	8.005889e-01
3.244501189125807e-07	8.002189e-01	8.007701e-01	8.005842e-01
3.244836903411513e-07	8.002264e-01	8.007859e-01	8.005800e-01
3.245172617697218e-07	8.002337e-01	8.008008e-01	8.005762e-01
3.245508331982924e-07	8.002409e-01	8.008146e-01	8.005728e-01
3.245618331982921e-07	8.002431e-01	8.008190e-01	8.005717e-01
3.245888331982914e-07	8.002487e-01	8.008291e-01	8.005694e-01
3.246158331982908e-07	8.002541e-01	8.008387e-01	8.005674e-01
3.246428331982901e-07	8.002594e-01	8.008476e-01	8.005655e-01
3.246698331982894e-07	8.002646e-01	8.008559e-01	8.005639e-01
3.246968331982887e-07	8.002696e-01	8.008635e-01	8.005626e-01
3.247238331982880e-07	8.002745e-01	8.008706e-01	8.005615e-01
3.247508331982873e-07	8.002792e-01	8.008770e-01	8.005606e-01
3.247715474840011e-07	8.002827e-01	8.008815e-01	8.005600e-01
3.247922617697149e-07	8.002862e-01	8.008856e-01	8.005595e-01
3.248129760554286e-07	8.002895e-01	8.008893e-01	8.005591e-01
3.248336903411424e-07	8.002927e-01	8.008928e-01	8.005588e-01
3.248544046268561e-07	8.002959e-01	8.008958e-01	8.005586e-01
3.248751189125699e-07	8.002989e-01	8.008985e-01	8.005585e-01
3.248958331982837e-07	8.003019e-01	8.009009e-01	8.005585e-01
3.249375474839969e-07	8.003075e-01	8.009045e-01	8.005588e-01
3.249792617697101e-07	8.003128e-01	8.009068e-01	8.005590e-01
3.250209760554234e-07	8.003175e-01	8.009078e-01	8.005593e-01
3.250626903411366e-07	8.003218e-01	8.009075e-01	8.005595e-01
3.251044046268498e-07	8.003257e-01	8.009059e-01	8.005598e-01
3.251461189125630e-07	8.003292e-01	8.009030e-01	8.005601e-01
3.251878331982763e-07	8.003322e-01	8.008987e-01	8.005604e-01
3.251965474839903e-07	8.003327e-01	8.008977e-01	8.005603e-01
3.252052617697044e-07	8.003332e-01	8.008966e-01	8.005603e-01
3.252139760554185e-07	8.003337e-01	8.008955e-01	8.005603e-01
3.252226903411325e-07	8.003342e-01	8.008943e-01	8.005602e-01
3.252314046268466e-07	8.003347e-01	8.008931e-01	8.005601e-01
3.252401189125607e-07	8.003352e-01	8.008918e-01	8.005601e-01
3.252488331982747e-07	8.003356e-01	8.008905e-01	8.005600e-01
3.252508331982747e-07	8.003357e-01	8.008902e-01	8.005600e-01
3.252518331982746e-07	8.003358e-01	8.008901e-01	8.005599e-01
3.252528331982746e-07	8.003358e-01	8.008899e-01	8.005599e-01
3.252538331982746e-07	8.003359e-01	8.008897e-01	8.005600e-01
3.252548331982746e-07	8.003359e-01	8.008896e-01	8.005599e-01
3.252558331982745e-07	8.003359e-01	8.008894e-01	8.005599e-01
3.252568331982745e-07	8.003360e-01	8.008893e-01	8.005599e-01
3.252588331982745e-07	8.003361e-01	8.008890e-01	8.005599e-01
3.252664046268457e-07	8.003364e-01	8.008877e-01	8.005598e-01
3.252739760554169e-07	8.003368e-01	8.008865e-01	8.005597e-01
3.252815474839882e-07	8.003370e-01	8.008852e-01	8.005595e-01
3.252891189125594e-07	8.003373e-01	8.008838e-01	8.005594e-01
3.252966903411307e-07	8.003376e-01	8.008824e-01	8.005592e-01
3.253042617697019e-07	8.003379e-01	8.008810e-01	8.005590e-01
3.253118331982731e-07	8.003381e-01	8.008795e-01	8.005588e-01
3.253271189125585e-07	8.003386e-01	8.008765e-01	8.005584e-01
3.253424046268438e-07	8.003389e-01	8.008733e-01	8.005578e-01
3.253576903411291e-07	8.003392e-01	8.008699e-01	8.005572e-01
3.253729760554144e-07	8.003394e-01	8.008665e-01	8.005564e-01
3.253882617696998e-07	8.003396e-01	8.008629e-01	8.005554e-01
3.254035474839851e-07	8.003397e-01	8.008591e-01	8.005544e-01
3.254188331982704e-07	8.003398e-01	8.008553e-01	8.005532e-01
3.254348331982700e-07	8.003397e-01	8.008511e-01	8.005518e-01
3.254508331982696e-07	8.003396e-01	8.008468e-01	8.005501e-01
3.254668331982692e-07	8.003395e-01	8.008423e-01	8.005483e-01
3.254828331982688e-07	8.003392e-01	8.008377e-01	8.005463e-01
3.254988331982684e-07	8.003389e-01	8.008330e-01	8.005440e-01
3.255148331982680e-07	8.003385e-01	8.008281e-01	8.005416e-01
3.255308331982676e-07	8.003380e-01	8.008231e-01	8.005390e-01
3.255858331982662e-07	8.003357e-01	8.008050e-01	8.005283e-01
3.256349760554078e-07	8.003330e-01	8.007875e-01	8.005163e-01
3.256841189125494e-07	8.003296e-01	8.007691e-01	8.005030e-01
3.257332617696910e-07	8.003254e-01	8.007499e-01	8.004885e-01
3.257824046268326e-07	8.003206e-01	8.007299e-01	8.004727e-01
3.258315474839742e-07	8.003151e-01	8.007090e-01	8.004557e-01
3.258806903411159e-07	8.003090e-01	8.006872e-01	8.004374e-01
3.259298331982575e-07	8.003021e-01	8.006646e-01	8.004178e-01
3.259909760553988e-07	8.002926e-01	8.006356e-01	8.003926e-01
3.260521189125401e-07	8.002821e-01	8.006061e-01	8.003666e-01
3.261132617696814e-07	8.002708e-01	8.005761e-01	8.003400e-01
3.261744046268227e-07	8.002585e-01	8.005457e-01	8.003126e-01
3.262355474839640e-07	8.002454e-01	8.005148e-01	8.002844e-01
3.262966903411053e-07	8.002313e-01	8.004834e-01	8.002555e-01
3.263578331982466e-07	8.002163e-01	8.004515e-01	8.002259e-01
3.263936903411029e-07	8.002071e-01	8.004329e-01	8.002085e-01
3.264295474839591e-07	8.001977e-01	8.004144e-01	8.001913e-01
3.264654046268153e-07	8.001880e-01	8.003959e-01	8.001743e-01
3.265012617696716e-07	8.001781e-01	8.003775e-01	8.001574e-01
3.265371189125278e-07	8.001680e-01	8.003591e-01	8.001408e-01
3.265729760553840e-07	8.001577e-01	8.003407e-01	8.001244e-01
3.266088331982403e-07	8.001471e-01	8.003225e-01	8.001082e-01
3.266098331982402e-07	8.001468e-01	8.003219e-01	8.001078e-01
3.266581189125247e-07	8.001321e-01	8.002975e-01	8.000865e-01
3.267064046268092e-07	8.001171e-01	8.002734e-01	8.000670e-01
3.267546903410937e-07	8.001019e-01	8.002496e-01	8.000492e-01
3.268029760553782e-07	8.000863e-01	8.002262e-01	8.000332e-01
3.268512617696627e-07	8.000705e-01	8.002032e-01	8.000189e-01
3.268995474839472e-07	8.000543e-01	8.001805e-01	8.000063e-01
3.269478331982317e-07	8.000379e-01	8.001582e-01	7.999955e-01
3.269689760553740e-07	8.000306e-01	8.001486e-01	7.999917e-01
3.269901189125163e-07	8.000233e-01	8.001391e-01	7.999885e-01
3.270112617696586e-07	8.000160e-01	8.001297e-01	7.999858e-01
3.270324046268010e-07	8.000086e-01	8.001204e-01	7.999836e-01
3.270535474839433e-07	8.000012e-01	8.001111e-01	7.999819e-01
3.270746903410856e-07	7.999938e-01	8.001020e-01	7.999807e-01
3.270958331982279e-07	7.999863e-01	8.000930e-01	7.999800e-01
3.271068331982276e-07	7.999824e-01	8.000883e-01	7.999799e-01
3.271178331982274e-07	7.999785e-01	8.000837e-01	7.999800e-01
3.271288331982271e-07	7.999746e-01	8.000791e-01	7.999801e-01
3.271398331982268e-07	7.999707e-01	8.000746e-01	7.999805e-01
3.271508331982265e-07	7.999668e-01	8.000700e-01	7.999810e-01
3.271618331982263e-07	7.999629e-01	8.000655e-01	7.999816e-01
3.271728331982260e-07	7.999589e-01	8.000610e-01	7.999824e-01
3.272005474839396e-07	7.999490e-01	8.000499e-01	7.999850e-01
3.272282617696531e-07	7.999390e-01	8.000389e-01	7.999886e-01
3.272559760553667e-07	7.999291e-01	8.000282e-01	7.999932e-01
3.272836903410803e-07	7.999191e-01	8.000177e-01	7.999988e-01
3.273114046267939e-07	7.999091e-01	8.000073e-01	8.000053e-01
3.273391189125075e-07	7.998991e-01	7.999972e-01	8.000129e-01
3.273668331982211e-07	7.998890e-01	7.999873e-01	8.000214e-01
3.274048331982201e-07	7.998752e-01	7.999740e-01	8.000346e-01
3.274428331982191e-07	7.998615e-01	7.999611e-01	8.000494e-01
3.274808331982182e-07	7.998478e-01	7.999486e-01	8.000658e-01
3.275188331982172e-07	7.998341e-01	7.999366e-01	8.000836e-01
3.275568331982162e-07	7.998204e-01	7.999249e-01	8.001031e-01
3.275948331982153e-07	7.998068e-01	7.999137e-01	8.001240e-01
3.276328331982143e-07	7.997932e-01	7.999029e-01	8.001465e-01
3.276338331982143e-07	7.997929e-01	7.999026e-01	8.001471e-01
3.277228331982120e-07	7.997612e-01	7.998791e-01	8.002076e-01
3.278118331982098e-07	7.997302e-01	7.998577e-01	8.002698e-01
3.279008331982075e-07	7.997001e-01	7.998387e-01	8.003335e-01
3.279898331982053e-07	7.996707e-01	7.998219e-01	8.003988e-01
3.280788331982030e-07	7.996421e-01	7.998074e-01	8.004656e-01
3.281678331982008e-07	7.996144e-01	7.997951e-01	8.005341e-01
3.282568331981985e-07	7.995874e-01	7.997851e-01	8.006041e-01
3.283139760553399e-07	7.995707e-01	7.997797e-01	8.006456e-01
3.283711189124813e-07	7.995546e-01	7.997752e-01	8.006846e-01
3.284282617696227e-07	7.995391e-01	7.997714e-01	8.007213e-01
3.284854046267641e-07	7.995240e-01	7.997684e-01	8.007556e-01
3.285425474839056e-07	7.995095e-01	7.997662e-01	8.007875e-01
3.285996903410470e-07	7.994955e-01	7.997648e-01	8.008170e-01
3.286568331981884e-07	7.994820e-01	7.997642e-01	8.008441e-01
3.286578331981884e-07	7.994817e-01	7.997642e-01	8.008446e-01
3.287008331981873e-07	7.994720e-01	7.997641e-01	8.008626e-01
3.287438331981862e-07	7.994626e-01	7.997644e-01	8.008786e-01
3.287868331981851e-07	7.994536e-01	7.997651e-01	8.008928e-01
3.288298331981840e-07	7.994448e-01	7.997661e-01	8.009050e-01
3.288728331981829e-07	7.994364e-01	7.997675e-01	8.009153e-01
3.289158331981818e-07	7.994284e-01	7.997693e-01	8.009237e-01
3.289588331981807e-07	7.994207e-01	7.997714e-01	8.009302e-01
3.289768331981803e-07	7.994175e-01	7.997723e-01	8.009323e-01
3.289948331981798e-07	7.994145e-01	7.997733e-01	8.009340e-01
3.290128331981794e-07	7.994115e-01	7.997744e-01	8.009354e-01
3.290308331981789e-07	7.994085e-01	7.997755e-01	8.009364e-01
3.290488331981784e-07	7.994056e-01	7.997767e-01	8.009371e-01
3.290668331981780e-07	7.994028e-01	7.997779e-01	8.009374e-01
3.290848331981775e-07	7.994000e-01	7.997791e-01	8.009374e-01
3.291175474838910e-07	7.993952e-01	7.997816e-01	8.009364e-01
3.291502617696044e-07	7.993905e-01	7.997842e-01	8.009343e-01
3.291829760553179e-07	7.993861e-01	7.997869e-01	8.009311e-01
3.292156903410314e-07	7.993818e-01	7.997897e-01	8.009267e-01
3.292484046267448e-07	7.993778e-01	7.997927e-01	8.009212e-01
3.292811189124583e-07	7.993739e-01	7.997959e-01	8.009145e-01
3.293138331981717e-07	7.993703e-01	7.997991e-01	8.009067e-01
3.293662617695990e-07	7.993649e-01	7.998047e-01	8.008918e-01
3.294186903410262e-07	7.993600e-01	7.998105e-01	8.008744e-01
3.294711189124535e-07	7.993556e-01	7.998165e-01	8.008545e-01
3.295235474838807e-07	7.993517e-01	7.998228e-01	8.008321e-01
3.295759760553079e-07	7.993483e-01	7.998293e-01	8.008072e-01
3.296284046267352e-07	7.993454e-01	7.998361e-01	8.007798e-01
3.296808331981624e-07	7.993430e-01	7.998431e-01	8.007498e-01
3.296818331981624e-07	7.993430e-01	7.998433e-01	8.007492e-01
3.297594046267319e-07	7.993404e-01	7.998541e-01	8.007003e-01
3.298369760553013e-07	7.993388e-01	7.998650e-01	8.006482e-01
3.299145474838708e-07	7.993382e-01	7.998761e-01	8.005928e-01
3.299921189124403e-07	7.993386e-01	7.998874e-01	8.005342e-01
3.300696903410097e-07	7.993399e-01	7.998988e-01	8.004725e-01
3.301472617695792e-07	7.993423e-01	7.999105e-01	8.004075e-01
3.302248331981487e-07	7.993456e-01	7.999223e-01	8.003393e-01
3.302934046267183e-07	7.993492e-01	7.999327e-01	8.002778e-01
3.303619760552880e-07	7.993534e-01	7.999430e-01	8.002162e-01
3.304305474838577e-07	7.993583e-01	7.999532e-01	8.001544e-01
3.304991189124274e-07	7.993637e-01	7.999633e-01	8.000925e-01
3.305676903409971e-07	7.993698e-01	7.999732e-01	8.000304e-01
3.306362617695668e-07	7.993764e-01	7.999831e-01	7.999681e-01
3.307048331981365e-07	7.993836e-01	7.999929e-01	7.999057e-01
3.307058331981365e-07	7.993838e-01	7.999931e-01	7.999048e-01
3.307749760552776e-07	7.993916e-01	8.000027e-01	7.998429e-01
3.308441189124187e-07	7.993998e-01	8.000121e-01	7.997829e-01
3.309132617695598e-07	7.994085e-01	8.000213e-01	7.997248e-01
3.309824046267009e-07	7.994176e-01	8.000302e-01	7.996687e-01
3.310515474838420e-07	7.994272e-01	8.000388e-01	7.996144e-01
3.311206903409831e-07	7.994371e-01	8.000472e-01	7.995621e-01
3.311898331981242e-07	7.994475e-01	8.000553e-01	7.995116e-01
3.311969760552669e-07	7.994486e-01	8.000561e-01	7.995066e-01
3.312041189124096e-07	7.994496e-01	8.000569e-01	7.995017e-01
3.312112617695522e-07	7.994507e-01	8.000577e-01	7.994967e-01
3.312184046266949e-07	7.994517e-01	8.000585e-01	7.994918e-01
3.312255474838376e-07	7.994527e-01	8.000593e-01	7.994869e-01
3.312326903409803e-07	7.994537e-01	8.000601e-01	7.994821e-01
3.312398331981229e-07	7.994547e-01	8.000609e-01	7.994773e-01
3.312502617695512e-07	7.994560e-01	8.000621e-01	7.994703e-01
3.312606903409795e-07	7.994573e-01	8.000631e-01	7.994634e-01
3.312711189124079e-07	7.994586e-01	8.000642e-01	7.994566e-01
3.312815474838362e-07	7.994598e-01	8.000652e-01	7.994498e-01
3.312919760552645e-07	7.994610e-01	8.000661e-01	7.994431e-01
3.313024046266928e-07	7.994621e-01	8.000670e-01	7.994365e-01
3.313128331981211e-07	7.994632e-01	8.000679e-01	7.994299e-01
3.313231189124065e-07	7.994643e-01	8.000687e-01	7.994235e-01
3.313334046266920e-07	7.994653e-01	8.000695e-01	7.994172e-01
3.313436903409774e-07	7.994664e-01	8.000702e-01	7.994109e-01
3.313539760552629e-07	7.994674e-01	8.000709e-01	7.994048e-01
3.313642617695484e-07	7.994685e-01	8.000716e-01	7.993986e-01
3.313745474838338e-07	7.994696e-01	8.000721e-01	7.993926e-01
3.313848331981193e-07	7.994707e-01	8.000727e-01	7.993866e-01
3.313969760552618e-07	7.994720e-01	8.000732e-01	7.993796e-01
3.314091189124044e-07	7.994733e-01	8.000738e-01	7.993727e-01
3.314212617695469e-07	7.994747e-01	8.000743e-01	7.993659e-01
3.314334046266895e-07	7.994762e-01	8.000748e-01	7.993593e-01
3.314455474838320e-07	7.994776e-01	8.000753e-01	7.993527e-01
3.314576903409746e-07	7.994792e-01	8.000758e-01	7.993463e-01
3.314698331981171e-07	7.994807e-01	8.000763e-01	7.993400e-01
3.314826903409739e-07	7.994825e-01	8.000768e-01	7.993333e-01
3.314955474838307e-07	7.994843e-01	8.000773e-01	7.993269e-01
3.315084046266876e-07	7.994861e-01	8.000779e-01	7.993205e-01
3.315212617695444e-07	7.994880e-01	8.000785e-01	7.993143e-01
3.315341189124012e-07	7.994899e-01	8.000792e-01	7.993081e-01
3.315469760552580e-07	7.994919e-01	8.000800e-01	7.993021e-01
3.315598331981148e-07	7.994939e-01	8.000808e-01	7.992963e-01
3.315721189124002e-07	7.994958e-01	8.000816e-01	7.992908e-01
3.315844046266856e-07	7.994977e-01	8.000825e-01	7.992854e-01
3.315966903409710e-07	7.994996e-01	8.000835e-01	7.992801e-01
3.316089760552564e-07	7.995015e-01	8.000846e-01	7.992750e-01
3.316212617695418e-07	7.995034e-01	8.000858e-01	7.992699e-01
3.316335474838272e-07	7.995053e-01	8.000870e-01	7.992650e-01
3.316458331981126e-07	7.995071e-01	8.000883e-01	7.992602e-01
3.316576903409695e-07	7.995089e-01	8.000897e-01	7.992557e-01
3.316695474838263e-07	7.995106e-01	8.000911e-01	7.992512e-01
3.316814046266832e-07	7.995122e-01	8.000926e-01	7.992469e-01
3.316932617695400e-07	7.995138e-01	8.000942e-01	7.992427e-01
3.317051189123969e-07	7.995153e-01	8.000958e-01	7.992387e-01
3.317169760552537e-07	7.995167e-01	8.000975e-01	7.992347e-01
3.317288331981105e-07	7.995181e-01	8.000993e-01	7.992308e-01
3.317298331981105e-07	7.995182e-01	8.000995e-01	7.992305e-01
3.317434046266816e-07	7.995197e-01	8.001016e-01	7.992262e-01
3.317569760552527e-07	7.995211e-01	8.001037e-01	7.992221e-01
3.317705474838238e-07	7.995224e-01	8.001059e-01	7.992181e-01
3.317841189123949e-07	7.995236e-01	8.001080e-01	7.992143e-01
3.317976903409659e-07	7.995246e-01	8.001102e-01	7.992106e-01
3.318112617695370e-07	7.995256e-01	8.001124e-01	7.992071e-01
3.318248331981081e-07	7.995264e-01	8.001147e-01	7.992037e-01
3.318355474838221e-07	7.995270e-01	8.001164e-01	7.992011e-01
3.318462617695361e-07	7.995275e-01	8.001181e-01	7.991986e-01
3.318569760552502e-07	7.995279e-01	8.001198e-01	7.991962e-01
3.318676903409642e-07	7.995283e-01	8.001214e-01	7.991939e-01
3.318784046266782e-07	7.995286e-01	8.001230e-01	7.991917e-01
3.318891189123922e-07	7.995289e-01	8.001245e-01	7.991896e-01
3.318998331981062e-07	7.995291e-01	8.001260e-01	7.991877e-01
3.319095474838203e-07	7.995292e-01	8.001272e-01	7.991859e-01
3.319192617695343e-07	7.995292e-01	8.001285e-01	7.991842e-01
3.319289760552483e-07	7.995293e-01	8.001296e-01	7.991826e-01
3.319386903409624e-07	7.995292e-01	8.001307e-01	7.991811e-01
3.319484046266764e-07	7.995292e-01	8.001316e-01	7.991797e-01
3.319581189123905e-07	7.995291e-01	8.001326e-01	7.991783e-01
3.319678331981045e-07	7.995290e-01	8.001334e-01	7.991771e-01
3.319781189123899e-07	7.995289e-01	8.001342e-01	7.991758e-01
3.319884046266754e-07	7.995287e-01	8.001349e-01	7.991746e-01
3.319986903409609e-07	7.995285e-01	8.001354e-01	7.991735e-01
3.320089760552463e-07	7.995282e-01	8.001359e-01	7.991724e-01
3.320192617695318e-07	7.995280e-01	8.001362e-01	7.991715e-01
3.320295474838172e-07	7.995277e-01	8.001364e-01	7.991707e-01
3.320398331981027e-07	7.995274e-01	8.001365e-01	7.991699e-01
3.320489760552453e-07	7.995272e-01	8.001365e-01	7.991693e-01
3.320581189123879e-07	7.995269e-01	8.001364e-01	7.991687e-01
3.320672617695305e-07	7.995267e-01	8.001362e-01	7.991683e-01
3.320764046266732e-07	7.995265e-01	8.001359e-01	7.991679e-01
3.320855474838158e-07	7.995262e-01	8.001354e-01	7.991675e-01
3.320946903409584e-07	7.995260e-01	8.001349e-01	7.991672e-01
3.321038331981010e-07	7.995257e-01	8.001342e-01	7.991670e-01
3.321151189123865e-07	7.995255e-01	8.001333e-01	7.991669e-01
3.321264046266719e-07	7.995253e-01	8.001322e-01	7.991669e-01
3.321376903409573e-07	7.995251e-01	8.001309e-01	7.991669e-01
3.321489760552428e-07	7.995250e-01	8.001295e-01	7.991671e-01
3.321602617695282e-07	7.995249e-01	8.001280e-01	7.991673e-01
3.321715474838136e-07	7.995248e-01	8.001262e-01	7.991676e-01
3.321828331980990e-07	7.995248e-01	8.001243e-01	7.991681e-01
3.321944046266702e-07	7.995249e-01	8.001222e-01	7.991686e-01
3.322059760552413e-07	7.995250e-01	8.001200e-01	7.991693e-01
3.322175474838124e-07	7.995252e-01	8.001176e-01	7.991701e-01
3.322291189123836e-07	7.995255e-01	8.001151e-01	7.991709e-01
3.322406903409547e-07	7.995259e-01	8.001124e-01	7.991719e-01
3.322522617695259e-07	7.995264e-01	8.001096e-01	7.991730e-01
3.322638331980970e-07	7.995269e-01	8.001066e-01	7.991742e-01
3.322808331980966e-07	7.995279e-01	8.001020e-01	7.991761e-01
3.322978331980961e-07	7.995291e-01	8.000972e-01	7.991783e-01
3.323148331980957e-07	7.995305e-01	8.000923e-01	7.991806e-01
3.323318331980953e-07	7.995321e-01	8.000871e-01	7.991832e-01
3.323488331980948e-07	7.995340e-01	8.000818e-01	7.991860e-01
3.323658331980944e-07	7.995361e-01	8.000764e-01	7.991890e-01
3.323828331980940e-07	7.995384e-01	8.000708e-01	7.991922e-01
3.324068331980934e-07	7.995422e-01	8.000626e-01	7.991972e-01
3.324308331980928e-07	7.995464e-01	8.000546e-01	7.992025e-01
3.324548331980922e-07	7.995511e-01	8.000468e-01	7.992082e-01
3.324788331980915e-07	7.995564e-01	8.000391e-01	7.992144e-01
3.325028331980909e-07	7.995621e-01	8.000317e-01	7.992209e-01
3.325268331980903e-07	7.995683e-01	8.000245e-01	7.992278e-01
3.325508331980897e-07	7.995750e-01	8.000175e-01	7.992352e-01
3.325706903409464e-07	7.995809e-01	8.000121e-01	7.992415e-01
3.325905474838030e-07	7.995870e-01	8.000072e-01	7.992481e-01
3.326104046266596e-07	7.995934e-01	8.000028e-01	7.992550e-01
3.326302617695163e-07	7.996001e-01	7.999990e-01	7.992621e-01
3.326501189123729e-07	7.996070e-01	7.999956e-01	7.992695e-01
3.326699760552296e-07	7.996142e-01	7.999927e-01	7.992771e-01
3.326898331980862e-07	7.996216e-01	7.999903e-01	7.992849e-01
3.326988331980860e-07	7.996251e-01	7.999895e-01	7.992886e-01
3.327078331980857e-07	7.996285e-01	7.999887e-01	7.992923e-01
3.327168331980855e-07	7.996320e-01	7.999882e-01	7.992960e-01
3.327258331980853e-07	7.996356e-01	7.999877e-01	7.992998e-01
3.327348331980851e-07	7.996392e-01	7.999874e-01	7.993036e-01
3.327438331980848e-07	7.996428e-01	7.999872e-01	7.993074e-01
3.327528331980846e-07	7.996464e-01	7.999871e-01	7.993113e-01
3.327538331980846e-07	7.996469e-01	7.999871e-01	7.993118e-01
3.327661189123700e-07	7.996519e-01	7.999873e-01	7.993172e-01
3.327784046266554e-07	7.996569e-01	7.999878e-01	7.993227e-01
3.327906903409408e-07	7.996620e-01	7.999885e-01	7.993283e-01
3.328029760552262e-07	7.996672e-01	7.999895e-01	7.993340e-01
3.328152617695116e-07	7.996724e-01	7.999908e-01	7.993397e-01
3.328275474837970e-07	7.996777e-01	7.999923e-01	7.993456e-01
3.328398331980824e-07	7.996830e-01	7.999942e-01	7.993515e-01
3.328611189123676e-07	7.996922e-01	7.999980e-01	7.993619e-01
3.328824046266527e-07	7.997015e-01	8.000026e-01	7.993726e-01
3.329036903409379e-07	7.997108e-01	8.000081e-01	7.993834e-01
3.329249760552231e-07	7.997201e-01	8.000143e-01	7.993945e-01
3.329462617695083e-07	7.997294e-01	8.000214e-01	7.994058e-01
3.329675474837934e-07	7.997387e-01	8.000292e-01	7.994173e-01
3.329888331980786e-07	7.997481e-01	8.000379e-01	7.994291e-01
3.330231189123635e-07	7.997631e-01	8.000538e-01	7.994484e-01
3.330574046266483e-07	7.997778e-01	8.000709e-01	7.994682e-01
3.330916903409332e-07	7.997922e-01	8.000893e-01	7.994883e-01
3.331259760552180e-07	7.998063e-01	8.001090e-01	7.995089e-01
3.331602617695029e-07	7.998201e-01	8.001301e-01	7.995299e-01
3.331945474837877e-07	7.998336e-01	8.001524e-01	7.995513e-01
3.332288331980725e-07	7.998468e-01	8.001760e-01	7.995731e-01
3.332735474837857e-07	7.998633e-01	8.002081e-01	7.996021e-01
3.333182617694988e-07	7.998792e-01	8.002395e-01	7.996315e-01
3.333629760552120e-07	7.998944e-01	8.002701e-01	7.996612e-01
3.334076903409252e-07	7.999089e-01	8.003000e-01	7.996913e-01
3.334524046266383e-07	7.999228e-01	8.003291e-01	7.997218e-01
3.334971189123515e-07	7.999359e-01	8.003574e-01	7.997526e-01
3.335418331980646e-07	7.999485e-01	8.003849e-01	7.997838e-01
3.335706903409210e-07	7.999562e-01	8.004009e-01	7.998039e-01
3.335995474837774e-07	7.999638e-01	8.004157e-01	7.998240e-01
3.336284046266338e-07	7.999711e-01	8.004293e-01	7.998442e-01
3.336572617694903e-07	7.999783e-01	8.004417e-01	7.998644e-01
3.336861189123467e-07	7.999853e-01	8.004529e-01	7.998846e-01
3.337149760552031e-07	7.999921e-01	8.004628e-01	7.999048e-01
3.337438331980595e-07	7.999987e-01	8.004716e-01	7.999251e-01
3.337778331980586e-07	8.000063e-01	8.004799e-01	7.999489e-01
3.338978331980556e-07	8.000315e-01	8.004937e-01	8.000320e-01
3.339115474837695e-07	8.000342e-01	8.004936e-01	8.000414e-01
3.339252617694835e-07	8.000369e-01	8.004933e-01	8.000508e-01
3.339389760551974e-07	8.000396e-01	8.004927e-01	8.000602e-01
3.339526903409113e-07	8.000422e-01	8.004917e-01	8.000695e-01
3.339664046266253e-07	8.000449e-01	8.004905e-01	8.000788e-01
3.339801189123392e-07	8.000475e-01	8.004889e-01	8.000881e-01
3.339938331980532e-07	8.000501e-01	8.004870e-01	8.000973e-01
3.340256903409095e-07	8.000560e-01	8.004814e-01	8.001187e-01
3.340575474837658e-07	8.000617e-01	8.004743e-01	8.001399e-01
3.340894046266222e-07	8.000674e-01	8.004659e-01	8.001608e-01
3.341212617694785e-07	8.000728e-01	8.004562e-01	8.001815e-01
3.341531189123348e-07	8.000781e-01	8.004451e-01	8.002020e-01
3.341849760551912e-07	8.000833e-01	8.004327e-01	8.002223e-01
3.342168331980475e-07	8.000883e-01	8.004189e-01	8.002423e-01
3.342419760551897e-07	8.000922e-01	8.004073e-01	8.002579e-01
3.342671189123320e-07	8.000960e-01	8.003952e-01	8.002733e-01
3.342922617694742e-07	8.000996e-01	8.003826e-01	8.002885e-01
3.343174046266164e-07	8.001032e-01	8.003696e-01	8.003036e-01
3.343425474837586e-07	8.001066e-01	8.003561e-01	8.003184e-01
3.343676903409008e-07	8.001099e-01	8.003422e-01	8.003330e-01
3.343928331980431e-07	8.001131e-01	8.003277e-01	8.003474e-01
3.343938331980430e-07	8.001132e-01	8.003272e-01	8.003480e-01
3.343948331980430e-07	8.001133e-01	8.003266e-01	8.003486e-01
3.343958331980430e-07	8.001134e-01	8.003260e-01	8.003491e-01
3.343968331980429e-07	8.001136e-01	8.003255e-01	8.003497e-01
3.343978331980429e-07	8.001137e-01	8.003248e-01	8.003502e-01
3.343988331980429e-07	8.001138e-01	8.003243e-01	8.003508e-01
3.344071189123284e-07	8.001148e-01	8.003195e-01	8.003555e-01
3.344154046266139e-07	8.001158e-01	8.003146e-01	8.003602e-01
3.344236903408994e-07	8.001168e-01	8.003097e-01	8.003649e-01
3.344319760551849e-07	8.001178e-01	8.003046e-01	8.003695e-01
3.344402617694704e-07	8.001188e-01	8.002995e-01	8.003741e-01
3.344485474837559e-07	8.001197e-01	8.002944e-01	8.003786e-01
3.344568331980414e-07	8.001207e-01	8.002891e-01	8.003832e-01
3.344746903408981e-07	8.001226e-01	8.002772e-01	8.003929e-01
3.344925474837548e-07	8.001245e-01	8.002653e-01	8.004025e-01
3.345104046266115e-07	8.001263e-01	8.002533e-01	8.004120e-01
3.345282617694682e-07	8.001282e-01	8.002412e-01	8.004214e-01
3.345461189123249e-07	8.001300e-01	8.002290e-01	8.004306e-01
3.345639760551816e-07	8.001318e-01	8.002168e-01	8.004397e-01
3.345818331980383e-07	8.001335e-01	8.002045e-01	8.004487e-01
3.345972617694664e-07	8.001351e-01	8.001942e-01	8.004564e-01
3.346126903408946e-07	8.001367e-01	8.001842e-01	8.004640e-01
3.346281189123228e-07	8.001383e-01	8.001745e-01	8.004715e-01
3.346435474837510e-07	8.001400e-01	8.001652e-01	8.004789e-01
3.346589760551792e-07	8.001417e-01	8.001562e-01	8.004862e-01
3.346744046266073e-07	8.001435e-01	8.001475e-01	8.004934e-01
3.346898331980355e-07	8.001453e-01	8.001392e-01	8.005005e-01
3.347056903408923e-07	8.001472e-01	8.001311e-01	8.005077e-01
3.347215474837490e-07	8.001493e-01	8.001234e-01	8.005147e-01
3.347374046266057e-07	8.001514e-01	8.001161e-01	8.005217e-01
3.347532617694625e-07	8.001537e-01	8.001091e-01	8.005286e-01
3.347691189123192e-07	8.001560e-01	8.001024e-01	8.005354e-01
3.347849760551760e-07	8.001585e-01	8.000961e-01	8.005421e-01
3.348008331980327e-07	8.001611e-01	8.000902e-01	8.005486e-01
3.348018331980327e-07	8.001612e-01	8.000898e-01	8.005490e-01
3.348226903408893e-07	8.001648e-01	8.000825e-01	8.005575e-01
3.348435474837459e-07	8.001685e-01	8.000754e-01	8.005657e-01
3.348644046266025e-07	8.001723e-01	8.000684e-01	8.005738e-01
3.348852617694591e-07	8.001763e-01	8.000616e-01	8.005817e-01
3.349061189123158e-07	8.001804e-01	8.000549e-01	8.005893e-01
3.349269760551724e-07	8.001846e-01	8.000484e-01	8.005968e-01
3.349478331980290e-07	8.001889e-01	8.000420e-01	8.006041e-01
3.349659760551714e-07	8.001927e-01	8.000363e-01	8.006103e-01
3.349841189123138e-07	8.001964e-01	8.000304e-01	8.006163e-01
3.350022617694562e-07	8.002002e-01	8.000244e-01	8.006222e-01
3.350204046265986e-07	8.002039e-01	8.000182e-01	8.006279e-01
3.350385474837410e-07	8.002075e-01	8.000118e-01	8.006335e-01
3.350566903408834e-07	8.002111e-01	8.000052e-01	8.006389e-01
3.350748331980258e-07	8.002147e-01	7.999985e-01	8.006442e-01
3.350965474837395e-07	8.002188e-01	7.999900e-01	8.006504e-01
3.351182617694532e-07	8.002227e-01	7.999814e-01	8.006563e-01
3.351399760551670e-07	8.002262e-01	7.999724e-01	8.006620e-01
3.351616903408807e-07	8.002295e-01	7.999633e-01	8.006674e-01
3.351834046265944e-07	8.002325e-01	7.999539e-01	8.006727e-01
3.352051189123082e-07	8.002352e-01	7.999442e-01	8.006777e-01
3.352268331980219e-07	8.002377e-01	7.999343e-01	8.006825e-01
3.352404046265930e-07	8.002390e-01	7.999281e-01	8.006854e-01
3.352539760551641e-07	8.002401e-01	7.999219e-01	8.006882e-01
3.352675474837352e-07	8.002411e-01	7.999158e-01	8.006909e-01
3.352811189123063e-07	8.002420e-01	7.999096e-01	8.006936e-01
3.352946903408773e-07	8.002427e-01	7.999035e-01	8.006961e-01
3.353082617694484e-07	8.002432e-01	7.998973e-01	8.006986e-01
3.353218331980195e-07	8.002436e-01	7.998912e-01	8.007010e-01
3.353312617694478e-07	8.002437e-01	7.998869e-01	8.007026e-01
3.353406903408762e-07	8.002438e-01	7.998827e-01	8.007042e-01
3.353501189123045e-07	8.002438e-01	7.998786e-01	8.007057e-01
3.353595474837328e-07	8.002437e-01	7.998745e-01	8.007072e-01
3.353689760551612e-07	8.002436e-01	7.998705e-01	8.007086e-01
3.353784046265895e-07	8.002433e-01	7.998665e-01	8.007100e-01
3.353878331980178e-07	8.002430e-01	7.998626e-01	8.007114e-01
3.354042617694460e-07	8.002423e-01	7.998559e-01	8.007137e-01
3.354206903408742e-07	8.002413e-01	7.998494e-01	8.007158e-01
3.354371189123023e-07	8.002402e-01	7.998432e-01	8.007179e-01
3.354535474837305e-07	8.002388e-01	7.998372e-01	8.007198e-01
3.354699760551586e-07	8.002372e-01	7.998315e-01	8.007216e-01
3.354864046265868e-07	8.002354e-01	7.998261e-01	8.007233e-01
3.355028331980149e-07	8.002334e-01	7.998209e-01	8.007248e-01
3.355212617694430e-07	8.002308e-01	7.998155e-01	8.007264e-01
3.355396903408711e-07	8.002281e-01	7.998106e-01	8.007279e-01
3.355581189122992e-07	8.002253e-01	7.998061e-01	8.007292e-01
3.355765474837273e-07	8.002222e-01	7.998021e-01	8.007303e-01
3.355949760551555e-07	8.002190e-01	7.997984e-01	8.007313e-01
3.356134046265836e-07	8.002156e-01	7.997953e-01	8.007321e-01
3.356318331980117e-07	8.002120e-01	7.997925e-01	8.007328e-01
3.356448331980113e-07	8.002095e-01	7.997909e-01	8.007332e-01
3.356578331980110e-07	8.002069e-01	7.997895e-01	8.007335e-01
3.356708331980107e-07	8.002042e-01	7.997883e-01	8.007338e-01
3.356838331980103e-07	8.002016e-01	7.997873e-01	8.007340e-01
3.356968331980100e-07	8.001989e-01	7.997865e-01	8.007341e-01
3.357098331980097e-07	8.001961e-01	7.997860e-01	8.007342e-01
3.357228331980094e-07	8.001934e-01	7.997856e-01	8.007342e-01
3.357325474837234e-07	8.001913e-01	7.997855e-01	8.007341e-01
3.357422617694374e-07	8.001893e-01	7.997855e-01	8.007340e-01
3.357519760551515e-07	8.001872e-01	7.997855e-01	8.007338e-01
3.357616903408655e-07	8.001852e-01	7.997857e-01	8.007337e-01
3.357714046265796e-07	8.001832e-01	7.997860e-01	8.007334e-01
3.357811189122936e-07	8.001811e-01	7.997864e-01	8.007332e-01
3.357908331980076e-07	8.001791e-01	7.997869e-01	8.007329e-01
3.357956903408647e-07	8.001781e-01	7.997872e-01	8.007327e-01
3.358005474837217e-07	8.001771e-01	7.997875e-01	8.007325e-01
3.358054046265787e-07	8.001761e-01	7.997878e-01	8.007324e-01
3.358102617694357e-07	8.001751e-01	7.997881e-01	8.007322e-01
3.358151189122927e-07	8.001741e-01	7.997885e-01	8.007320e-01
3.358199760551498e-07	8.001732e-01	7.997889e-01	8.007318e-01
3.358248331980068e-07	8.001722e-01	7.997893e-01	8.007315e-01
3.358258331980067e-07	8.001720e-01	7.997894e-01	8.007315e-01
3.358504046265776e-07	8.001671e-01	7.997919e-01	8.007302e-01
3.358749760551484e-07	8.001625e-01	7.997947e-01	8.007287e-01
3.358995474837192e-07	8.001582e-01	7.997977e-01	8.007270e-01
3.359241189122900e-07	8.001541e-01	7.998009e-01	8.007250e-01
3.359486903408608e-07	8.001503e-01	7.998044e-01	8.007228e-01
3.359732617694316e-07	8.001468e-01	7.998082e-01	8.007204e-01
3.359978331980024e-07	8.001436e-01	7.998122e-01	8.007177e-01
3.360158331980019e-07	8.001415e-01	7.998151e-01	8.007156e-01
3.360338331980015e-07	8.001396e-01	7.998178e-01	8.007134e-01
3.360518331980010e-07	8.001379e-01	7.998205e-01	8.007110e-01
3.360698331980006e-07	8.001365e-01	7.998230e-01	8.007086e-01
3.360878331980001e-07	8.001352e-01	7.998254e-01	8.007061e-01
3.361058331979997e-07	8.001341e-01	7.998277e-01	8.007034e-01
3.361238331979992e-07	8.001333e-01	7.998300e-01	8.007007e-01
3.361342617694275e-07	8.001329e-01	7.998311e-01	8.006990e-01
3.361446903408558e-07	8.001326e-01	7.998322e-01	8.006973e-01
3.361551189122841e-07	8.001323e-01	7.998332e-01	8.006955e-01
3.361655474837124e-07	8.001321e-01	7.998341e-01	8.006938e-01
3.361759760551407e-07	8.001320e-01	7.998349e-01	8.006920e-01
3.361864046265690e-07	8.001320e-01	7.998357e-01	8.006901e-01
3.361968331979973e-07	8.001320e-01	7.998364e-01	8.006883e-01
3.362072617694257e-07	8.001321e-01	7.998370e-01	8.006864e-01
3.362176903408540e-07	8.001323e-01	7.998374e-01	8.006844e-01
3.362281189122823e-07	8.001325e-01	7.998378e-01	8.006824e-01
3.362385474837106e-07	8.001328e-01	7.998381e-01	8.006804e-01
3.362489760551389e-07	8.001331e-01	7.998382e-01	8.006783e-01
3.362594046265672e-07	8.001335e-01	7.998383e-01	8.006763e-01
3.362698331979955e-07	8.001340e-01	7.998382e-01	8.006741e-01
3.362839760551380e-07	8.001347e-01	7.998380e-01	8.006712e-01
3.362981189122805e-07	8.001356e-01	7.998375e-01	8.006682e-01
3.363122617694230e-07	8.001365e-01	7.998367e-01	8.006652e-01
3.363264046265655e-07	8.001375e-01	7.998358e-01	8.006621e-01
3.363405474837080e-07	8.001386e-01	7.998346e-01	8.006589e-01
3.363546903408505e-07	8.001398e-01	7.998332e-01	8.006557e-01
3.363688331979930e-07	8.001411e-01	7.998316e-01	8.006524e-01
3.363912617694210e-07	8.001433e-01	7.998285e-01	8.006471e-01
3.364136903408490e-07	8.001456e-01	7.998248e-01	8.006417e-01
3.364361189122770e-07	8.001480e-01	7.998205e-01	8.006361e-01
3.364585474837050e-07	8.001505e-01	7.998156e-01	8.006304e-01
3.364809760551330e-07	8.001531e-01	7.998102e-01	8.006245e-01
3.365034046265610e-07	8.001558e-01	7.998041e-01	8.006185e-01
3.365258331979890e-07	8.001586e-01	7.997975e-01	8.006124e-01
3.365574046265596e-07	8.001626e-01	7.997870e-01	8.006036e-01
3.365889760551303e-07	8.001664e-01	7.997758e-01	8.005945e-01
3.366205474837009e-07	8.001699e-01	7.997638e-01	8.005853e-01
3.366521189122715e-07	8.001732e-01	7.997509e-01	8.005758e-01
3.366836903408422e-07	8.001762e-01	7.997372e-01	8.005661e-01
3.367152617694128e-07	8.001790e-01	7.997227e-01	8.005562e-01
3.367468331979834e-07	8.001815e-01	7.997074e-01	8.005461e-01
3.367614046265545e-07	8.001825e-01	7.997002e-01	8.005414e-01
3.367759760551255e-07	8.001833e-01	7.996930e-01	8.005366e-01
3.367905474836966e-07	8.001840e-01	7.996857e-01	8.005318e-01
3.368051189122676e-07	8.001846e-01	7.996784e-01	8.005269e-01
3.368196903408387e-07	8.001850e-01	7.996710e-01	8.005221e-01
3.368342617694098e-07	8.001854e-01	7.996636e-01	8.005172e-01
3.368488331979808e-07	8.001856e-01	7.996561e-01	8.005123e-01
3.368498331979808e-07	8.001856e-01	7.996556e-01	8.005119e-01
3.368614046265519e-07	8.001857e-01	7.996496e-01	8.005079e-01
3.368729760551231e-07	8.001856e-01	7.996437e-01	8.005040e-01
3.368845474836942e-07	8.001855e-01	7.996377e-01	8.005000e-01
3.368961189122653e-07	8.001853e-01	7.996318e-01	8.004959e-01
3.369076903408365e-07	8.001850e-01	7.996259e-01	8.004919e-01
3.369192617694076e-07	8.001846e-01	7.996199e-01	8.004878e-01
3.369308331979787e-07	8.001841e-01	7.996140e-01	8.004838e-01
3.369534046265496e-07	8.001829e-01	7.996025e-01	8.004758e-01
3.369759760551205e-07	8.001812e-01	7.995912e-01	8.004677e-01
3.369985474836913e-07	8.001792e-01	7.995802e-01	8.004595e-01
3.370211189122622e-07	8.001768e-01	7.995694e-01	8.004513e-01
3.370436903408330e-07	8.001740e-01	7.995588e-01	8.004431e-01
3.370662617694039e-07	8.001708e-01	7.995486e-01	8.004348e-01
3.370888331979747e-07	8.001673e-01	7.995386e-01	8.004264e-01
3.371206903408311e-07	8.001615e-01	7.995250e-01	8.004144e-01
3.371525474836874e-07	8.001549e-01	7.995124e-01	8.004024e-01
3.371844046265438e-07	8.001477e-01	7.995008e-01	8.003903e-01
3.372162617694001e-07	8.001397e-01	7.994903e-01	8.003781e-01
3.372481189122564e-07	8.001310e-01	7.994808e-01	8.003659e-01
3.372799760551128e-07	8.001215e-01	7.994723e-01	8.003535e-01
3.373118331979691e-07	8.001113e-01	7.994649e-01	8.003411e-01
3.373326903408257e-07	8.001043e-01	7.994607e-01	8.003329e-01
3.373535474836823e-07	8.000971e-01	7.994571e-01	8.003248e-01
3.373744046265389e-07	8.000897e-01	7.994541e-01	8.003166e-01
3.373952617693956e-07	8.000821e-01	7.994515e-01	8.003084e-01
3.374161189122522e-07	8.000742e-01	7.994496e-01	8.003001e-01
3.374369760551088e-07	8.000661e-01	7.994481e-01	8.002919e-01
3.374578331979654e-07	8.000578e-01	7.994472e-01	8.002836e-01
3.374712617693936e-07	8.000524e-01	7.994470e-01	8.002783e-01
3.374846903408219e-07	8.000469e-01	7.994469e-01	8.002730e-01
3.374981189122501e-07	8.000414e-01	7.994471e-01	8.002677e-01
3.375115474836783e-07	8.000358e-01	7.994475e-01	8.002624e-01
3.375249760551066e-07	8.000302e-01	7.994482e-01	8.002570e-01
3.375384046265348e-07	8.000245e-01	7.994491e-01	8.002517e-01
3.375518331979630e-07	8.000187e-01	7.994502e-01	8.002464e-01
3.375819760551051e-07	8.000056e-01	7.994535e-01	8.002344e-01
3.376121189122472e-07	7.999925e-01	7.994579e-01	8.002224e-01
3.376422617693893e-07	7.999793e-01	7.994634e-01	8.002104e-01
3.376724046265314e-07	7.999661e-01	7.994699e-01	8.001985e-01
3.377025474836735e-07	7.999529e-01	7.994774e-01	8.001866e-01
3.377326903408156e-07	7.999397e-01	7.994860e-01	8.001747e-01
3.377628331979577e-07	7.999265e-01	7.994956e-01	8.001628e-01
3.377785474836716e-07	7.999197e-01	7.995009e-01	8.001566e-01
3.377942617693854e-07	7.999129e-01	7.995064e-01	8.001504e-01
3.378099760550993e-07	7.999063e-01	7.995122e-01	8.001442e-01
3.378256903408132e-07	7.998997e-01	7.995182e-01	8.001381e-01
3.378414046265271e-07	7.998931e-01	7.995244e-01	8.001319e-01
3.378571189122410e-07	7.998867e-01	7.995309e-01	8.001258e-01
3.378728331979549e-07	7.998803e-01	7.995375e-01	8.001197e-01
3.378738331979549e-07	7.998798e-01	7.995380e-01	8.001193e-01
3.379166903408109e-07	7.998627e-01	7.995575e-01	8.001027e-01
3.379595474836670e-07	7.998465e-01	7.995778e-01	8.000862e-01
3.380024046265230e-07	7.998313e-01	7.995991e-01	8.000698e-01
3.380452617693791e-07	7.998171e-01	7.996212e-01	8.000535e-01
3.380881189122351e-07	7.998039e-01	7.996442e-01	8.000374e-01
3.381309760550912e-07	7.997917e-01	7.996680e-01	8.000215e-01
3.381738331979473e-07	7.997804e-01	7.996927e-01	8.000057e-01
3.382062617693750e-07	7.997728e-01	7.997115e-01	7.999938e-01
3.382386903408028e-07	7.997660e-01	7.997302e-01	7.999821e-01
3.382711189122305e-07	7.997599e-01	7.997489e-01	7.999704e-01
3.383035474836583e-07	7.997545e-01	7.997675e-01	7.999589e-01
3.383359760550860e-07	7.997498e-01	7.997861e-01	7.999475e-01
3.383684046265138e-07	7.997458e-01	7.998046e-01	7.999362e-01
3.384008331979415e-07	7.997426e-01	7.998231e-01	7.999250e-01
3.384204046265124e-07	7.997410e-01	7.998341e-01	7.999184e-01
3.384399760550834e-07	7.997396e-01	7.998450e-01	7.999118e-01
3.384595474836543e-07	7.997386e-01	7.998558e-01	7.999052e-01
3.384791189122252e-07	7.997377e-01	7.998664e-01	7.998986e-01
3.384986903407962e-07	7.997371e-01	7.998770e-01	7.998921e-01
3.385182617693671e-07	7.997368e-01	7.998874e-01	7.998857e-01
3.385378331979380e-07	7.997367e-01	7.998977e-01	7.998793e-01
3.385611189122232e-07	7.997370e-01	7.999098e-01	7.998717e-01
3.385844046265083e-07	7.997375e-01	7.999216e-01	7.998643e-01
3.386076903407934e-07	7.997384e-01	7.999332e-01	7.998569e-01
3.386309760550785e-07	7.997395e-01	7.999446e-01	7.998496e-01
3.386542617693637e-07	7.997409e-01	7.999557e-01	7.998423e-01
3.386775474836488e-07	7.997427e-01	7.999666e-01	7.998351e-01
3.387008331979339e-07	7.997447e-01	7.999773e-01	7.998280e-01
3.387288331979332e-07	7.997476e-01	7.999898e-01	7.998196e-01
3.387568331979325e-07	7.997507e-01	8.000018e-01	7.998112e-01
3.387848331979318e-07	7.997542e-01	8.000135e-01	7.998030e-01
3.388128331979311e-07	7.997579e-01	8.000248e-01	7.997949e-01
3.388408331979304e-07	7.997619e-01	8.000357e-01	7.997870e-01
3.388688331979296e-07	7.997663e-01	8.000461e-01	7.997791e-01
3.388968331979289e-07	7.997710e-01	8.000562e-01	7.997714e-01
3.388978331979289e-07	7.997711e-01	8.000566e-01	7.997711e-01
3.389534046264989e-07	7.997814e-01	8.000752e-01	7.997561e-01
3.390089760550690e-07	7.997918e-01	8.000925e-01	7.997415e-01
3.390645474836390e-07	7.998024e-01	8.001085e-01	7.997275e-01
3.391201189122090e-07	7.998131e-01	8.001231e-01	7.997139e-01
3.391756903407790e-07	7.998241e-01	8.001363e-01	7.997008e-01
3.392312617693490e-07	7.998352e-01	8.001482e-01	7.996882e-01
3.392868331979191e-07	7.998465e-01	8.001587e-01	7.996761e-01
3.393292617693466e-07	7.998547e-01	8.001661e-01	7.996672e-01
3.393716903407741e-07	7.998624e-01	8.001731e-01	7.996586e-01
3.394141189122015e-07	7.998696e-01	8.001796e-01	7.996503e-01
3.394565474836290e-07	7.998765e-01	8.001858e-01	7.996422e-01
3.394989760550565e-07	7.998828e-01	8.001914e-01	7.996345e-01
3.395414046264840e-07	7.998888e-01	8.001967e-01	7.996270e-01
3.395838331979115e-07	7.998943e-01	8.002015e-01	7.996199e-01
3.396158331979107e-07	7.998979e-01	8.002051e-01	7.996146e-01
3.396478331979099e-07	7.999013e-01	8.002085e-01	7.996096e-01
3.396798331979091e-07	7.999042e-01	8.002119e-01	7.996047e-01
3.397118331979083e-07	7.999068e-01	8.002151e-01	7.995999e-01
3.397438331979075e-07	7.999090e-01	8.002183e-01	7.995953e-01
3.397758331979067e-07	7.999108e-01	8.002214e-01	7.995909e-01
3.398078331979059e-07	7.999123e-01	8.002244e-01	7.995867e-01
3.398239760550483e-07	7.999129e-01	8.002259e-01	7.995846e-01
3.398401189121908e-07	7.999135e-01	8.002275e-01	7.995825e-01
3.398562617693332e-07	7.999139e-01	8.002290e-01	7.995805e-01
3.398724046264757e-07	7.999142e-01	8.002305e-01	7.995785e-01
3.398885474836181e-07	7.999145e-01	8.002320e-01	7.995766e-01
3.399046903407605e-07	7.999146e-01	8.002335e-01	7.995747e-01
3.399208331979030e-07	7.999147e-01	8.002350e-01	7.995729e-01
3.399218331979030e-07	7.999147e-01	8.002350e-01	7.995728e-01
3.399452617693309e-07	7.999145e-01	8.002372e-01	7.995701e-01
3.399686903407589e-07	7.999142e-01	8.002394e-01	7.995676e-01
3.399921189121869e-07	7.999138e-01	8.002416e-01	7.995651e-01
3.400155474836149e-07	7.999131e-01	8.002438e-01	7.995628e-01
3.400389760550429e-07	7.999123e-01	8.002460e-01	7.995605e-01
3.400624046264708e-07	7.999113e-01	8.002482e-01	7.995583e-01
3.400858331978988e-07	7.999101e-01	8.002504e-01	7.995562e-01
3.401239760550407e-07	7.999078e-01	8.002541e-01	7.995529e-01
3.401621189121826e-07	7.999052e-01	8.002578e-01	7.995498e-01
3.402002617693245e-07	7.999022e-01	8.002616e-01	7.995469e-01
3.402384046264664e-07	7.998989e-01	8.002654e-01	7.995442e-01
3.402765474836083e-07	7.998953e-01	8.002692e-01	7.995417e-01
3.403146903407502e-07	7.998914e-01	8.002732e-01	7.995395e-01
3.403528331978920e-07	7.998871e-01	8.002771e-01	7.995374e-01
3.403695474836059e-07	7.998852e-01	8.002788e-01	7.995366e-01
3.403862617693198e-07	7.998833e-01	8.002806e-01	7.995358e-01
3.404029760550336e-07	7.998814e-01	8.002823e-01	7.995351e-01
3.404196903407475e-07	7.998794e-01	8.002841e-01	7.995344e-01
3.404364046264614e-07	7.998774e-01	8.002858e-01	7.995339e-01
3.404531189121752e-07	7.998753e-01	8.002876e-01	7.995334e-01
3.404698331978891e-07	7.998732e-01	8.002893e-01	7.995330e-01
3.404768331978889e-07	7.998724e-01	8.002901e-01	7.995329e-01
3.404838331978887e-07	7.998715e-01	8.002908e-01	7.995328e-01
3.404908331978886e-07	7.998707e-01	8.002915e-01	7.995327e-01
3.404978331978884e-07	7.998698e-01	8.002923e-01	7.995327e-01
3.405048331978882e-07	7.998689e-01	8.002930e-01	7.995327e-01
3.405118331978880e-07	7.998681e-01	8.002937e-01	7.995326e-01
3.405188331978878e-07	7.998672e-01	8.002945e-01	7.995327e-01
3.405279760550305e-07	7.998660e-01	8.002954e-01	7.995327e-01
3.405371189121731e-07	7.998649e-01	8.002964e-01	7.995328e-01
3.405462617693157e-07	7.998637e-01	8.002973e-01	7.995329e-01
3.405554046264583e-07	7.998626e-01	8.002983e-01	7.995331e-01
3.405645474836010e-07	7.998614e-01	8.002992e-01	7.995333e-01
3.405736903407436e-07	7.998603e-01	8.003002e-01	7.995335e-01
3.405828331978862e-07	7.998591e-01	8.003011e-01	7.995338e-01
3.406031189121714e-07	7.998566e-01	8.003032e-01	7.995345e-01
3.406234046264566e-07	7.998541e-01	8.003053e-01	7.995355e-01
3.406436903407418e-07	7.998516e-01	8.003073e-01	7.995365e-01
3.406639760550270e-07	7.998491e-01	8.003094e-01	7.995377e-01
3.406842617693122e-07	7.998467e-01	8.003114e-01	7.995391e-01
3.407045474835974e-07	7.998443e-01	8.003134e-01	7.995406e-01
3.407248331978826e-07	7.998419e-01	8.003153e-01	7.995423e-01
3.407481189121677e-07	7.998393e-01	8.003175e-01	7.995443e-01
3.407714046264529e-07	7.998367e-01	8.003197e-01	7.995464e-01
3.407946903407380e-07	7.998343e-01	8.003218e-01	7.995486e-01
3.408179760550231e-07	7.998319e-01	8.003239e-01	7.995509e-01
3.408412617693082e-07	7.998296e-01	8.003259e-01	7.995533e-01
3.408645474835934e-07	7.998275e-01	8.003278e-01	7.995557e-01
3.408878331978785e-07	7.998254e-01	8.003297e-01	7.995583e-01
3.408959760550211e-07	7.998247e-01	8.003304e-01	7.995592e-01
3.409041189121638e-07	7.998241e-01	8.003311e-01	7.995600e-01
3.409122617693064e-07	7.998234e-01	8.003317e-01	7.995609e-01
3.409204046264491e-07	7.998228e-01	8.003323e-01	7.995618e-01
3.409285474835917e-07	7.998222e-01	8.003329e-01	7.995627e-01
3.409366903407344e-07	7.998216e-01	8.003336e-01	7.995637e-01
3.409448331978771e-07	7.998210e-01	8.003342e-01	7.995646e-01
3.409458331978770e-07	7.998209e-01	8.003342e-01	7.995647e-01
3.409758331978763e-07	7.998189e-01	8.003363e-01	7.995681e-01
3.410058331978755e-07	7.998172e-01	8.003383e-01	7.995717e-01
3.410358331978747e-07	7.998157e-01	8.003402e-01	7.995753e-01
3.410658331978740e-07	7.998146e-01	8.003418e-01	7.995790e-01
3.410958331978732e-07	7.998137e-01	8.003434e-01	7.995828e-01
3.411258331978725e-07	7.998131e-01	8.003447e-01	7.995867e-01
3.411558331978717e-07	7.998128e-01	8.003460e-01	7.995908e-01
3.411809760550139e-07	7.998128e-01	8.003468e-01	7.995943e-01
3.412061189121561e-07	7.998131e-01	8.003475e-01	7.995978e-01
3.412312617692984e-07	7.998136e-01	8.003481e-01	7.996015e-01
3.412564046264406e-07	7.998144e-01	8.003486e-01	7.996052e-01
3.412815474835828e-07	7.998154e-01	8.003490e-01	7.996091e-01
3.413066903407250e-07	7.998167e-01	8.003492e-01	7.996130e-01
3.413318331978672e-07	7.998182e-01	8.003493e-01	7.996170e-01
3.413665474835807e-07	7.998208e-01	8.003491e-01	7.996228e-01
3.414012617692941e-07	7.998238e-01	8.003487e-01	7.996286e-01
3.414359760550075e-07	7.998274e-01	8.003479e-01	7.996344e-01
3.414706903407209e-07	7.998316e-01	8.003469e-01	7.996402e-01
3.415054046264343e-07	7.998362e-01	8.003456e-01	7.996461e-01
3.415401189121477e-07	7.998414e-01	8.003440e-01	7.996520e-01
3.415748331978611e-07	7.998471e-01	8.003421e-01	7.996579e-01
3.416115474835744e-07	7.998538e-01	8.003397e-01	7.996640e-01
3.416482617692878e-07	7.998610e-01	8.003370e-01	7.996696e-01
3.416849760550012e-07	7.998688e-01	8.003340e-01	7.996749e-01
3.417216903407145e-07	7.998771e-01	8.003306e-01	7.996797e-01
3.417584046264279e-07	7.998861e-01	8.003268e-01	7.996842e-01
3.417951189121412e-07	7.998956e-01	8.003228e-01	7.996882e-01
3.418318331978546e-07	7.999057e-01	8.003184e-01	7.996918e-01
3.418512617692827e-07	7.999113e-01	8.003159e-01	7.996934e-01
3.418706903407107e-07	7.999170e-01	8.003134e-01	7.996948e-01
3.418901189121388e-07	7.999228e-01	8.003107e-01	7.996960e-01
3.419095474835669e-07	7.999288e-01	8.003080e-01	7.996970e-01
3.419289760549950e-07	7.999350e-01	8.003052e-01	7.996978e-01
3.419484046264231e-07	7.999412e-01	8.003022e-01	7.996984e-01
3.419678331978511e-07	7.999477e-01	8.002992e-01	7.996989e-01
3.419698331978511e-07	7.999483e-01	8.002989e-01	7.996989e-01
3.419819760549936e-07	7.999524e-01	8.002970e-01	7.996990e-01
3.419941189121362e-07	7.999566e-01	8.002950e-01	7.996991e-01
3.420062617692787e-07	7.999608e-01	8.002930e-01	7.996991e-01
3.420184046264213e-07	7.999650e-01	8.002910e-01	7.996990e-01
3.420305474835638e-07	7.999693e-01	8.002889e-01	7.996988e-01
3.420426903407064e-07	7.999737e-01	8.002869e-01	7.996986e-01
3.420548331978489e-07	7.999781e-01	8.002847e-01	7.996982e-01
3.420772617692769e-07	7.999863e-01	8.002807e-01	7.996974e-01
3.420996903407049e-07	7.999947e-01	8.002766e-01	7.996962e-01
3.421221189121329e-07	8.000033e-01	8.002724e-01	7.996949e-01
3.421445474835609e-07	8.000120e-01	8.002681e-01	7.996932e-01
3.421669760549889e-07	8.000209e-01	8.002637e-01	7.996913e-01
3.421894046264169e-07	8.000299e-01	8.002592e-01	7.996891e-01
3.422118331978450e-07	8.000391e-01	8.002546e-01	7.996867e-01
3.422508331978440e-07	8.000553e-01	8.002463e-01	7.996817e-01
3.422898331978430e-07	8.000719e-01	8.002378e-01	7.996763e-01
3.423288331978420e-07	8.000888e-01	8.002291e-01	7.996703e-01
3.423678331978410e-07	8.001059e-01	8.002202e-01	7.996639e-01
3.424068331978400e-07	8.001233e-01	8.002110e-01	7.996569e-01
3.424458331978390e-07	8.001410e-01	8.002016e-01	7.996495e-01
3.424848331978380e-07	8.001590e-01	8.001919e-01	7.996415e-01
3.425336903406939e-07	8.001819e-01	8.001796e-01	7.996311e-01
3.425825474835498e-07	8.002048e-01	8.001670e-01	7.996208e-01
3.426314046264057e-07	8.002278e-01	8.001543e-01	7.996108e-01
3.426802617692617e-07	8.002508e-01	8.001414e-01	7.996009e-01
3.427291189121176e-07	8.002738e-01	8.001284e-01	7.995911e-01
3.427779760549735e-07	8.002969e-01	8.001152e-01	7.995816e-01
3.428268331978294e-07	8.003201e-01	8.001018e-01	7.995722e-01
3.428505474835431e-07	8.003312e-01	8.000953e-01	7.995680e-01
3.428742617692567e-07	8.003423e-01	8.000888e-01	7.995641e-01
3.428979760549704e-07	8.003532e-01	8.000823e-01	7.995602e-01
3.429216903406841e-07	8.003642e-01	8.000758e-01	7.995566e-01
3.429454046263978e-07	8.003750e-01	8.000693e-01	7.995532e-01
3.429691189121115e-07	8.003858e-01	8.000627e-01	7.995499e-01
3.429928331978252e-07	8.003966e-01	8.000562e-01	7.995468e-01
3.429938331978251e-07	8.003970e-01	8.000560e-01	7.995467e-01
3.430224046263958e-07	8.004098e-01	8.000481e-01	7.995433e-01
3.430509760549665e-07	8.004225e-01	8.000403e-01	7.995403e-01
3.430795474835373e-07	8.004350e-01	8.000325e-01	7.995376e-01
3.431081189121080e-07	8.004473e-01	8.000247e-01	7.995352e-01
3.431366903406787e-07	8.004594e-01	8.000169e-01	7.995332e-01
3.431652617692494e-07	8.004714e-01	8.000092e-01	7.995315e-01
3.431938331978201e-07	8.004832e-01	8.000015e-01	7.995301e-01
3.432102617692482e-07	8.004899e-01	7.999971e-01	7.995295e-01
3.432266903406764e-07	8.004966e-01	7.999927e-01	7.995289e-01
3.432431189121045e-07	8.005031e-01	7.999884e-01	7.995285e-01
3.432595474835327e-07	8.005096e-01	7.999840e-01	7.995282e-01
3.432759760549608e-07	8.005160e-01	7.999797e-01	7.995280e-01
3.432924046263890e-07	8.005223e-01	7.999754e-01	7.995280e-01
3.433088331978172e-07	8.005286e-01	7.999710e-01	7.995280e-01
3.433352617692451e-07	8.005385e-01	7.999642e-01	7.995283e-01
3.433616903406730e-07	8.005482e-01	7.999573e-01	7.995288e-01
3.433881189121009e-07	8.005577e-01	7.999506e-01	7.995296e-01
3.434145474835288e-07	8.005669e-01	7.999439e-01	7.995307e-01
3.434409760549567e-07	8.005759e-01	7.999372e-01	7.995320e-01
3.434674046263846e-07	8.005847e-01	7.999306e-01	7.995336e-01
3.434938331978125e-07	8.005933e-01	7.999241e-01	7.995355e-01
3.435388331978113e-07	8.006073e-01	7.999131e-01	7.995391e-01
3.435408331978113e-07	8.006079e-01	7.999126e-01	7.995392e-01
3.435428331978112e-07	8.006085e-01	7.999122e-01	7.995393e-01
3.435491189120968e-07	8.006104e-01	7.999106e-01	7.995399e-01
3.435554046263823e-07	8.006123e-01	7.999091e-01	7.995405e-01
3.435616903406679e-07	8.006141e-01	7.999076e-01	7.995411e-01
3.435679760549534e-07	8.006160e-01	7.999061e-01	7.995417e-01
3.435742617692390e-07	8.006178e-01	7.999046e-01	7.995423e-01
3.435805474835246e-07	8.006196e-01	7.999031e-01	7.995429e-01
3.435868331978101e-07	8.006214e-01	7.999017e-01	7.995435e-01
3.436071189120953e-07	8.006272e-01	7.998969e-01	7.995456e-01
3.436274046263805e-07	8.006327e-01	7.998922e-01	7.995478e-01
3.436476903406657e-07	8.006381e-01	7.998875e-01	7.995498e-01
3.436679760549509e-07	8.006434e-01	7.998828e-01	7.995519e-01
3.436882617692361e-07	8.006485e-01	7.998782e-01	7.995540e-01
3.437085474835213e-07	8.006534e-01	7.998737e-01	7.995560e-01
3.437288331978065e-07	8.006582e-01	7.998692e-01	7.995580e-01
3.437435474835204e-07	8.006615e-01	7.998660e-01	7.995594e-01
3.437582617692343e-07	8.006648e-01	7.998628e-01	7.995607e-01
3.437729760549483e-07	8.006679e-01	7.998596e-01	7.995619e-01
3.437876903406622e-07	8.006710e-01	7.998565e-01	7.995631e-01
3.438024046263761e-07	8.006740e-01	7.998533e-01	7.995642e-01
3.438171189120900e-07	8.006770e-01	7.998502e-01	7.995652e-01
3.438318331978039e-07	8.006798e-01	7.998471e-01	7.995661e-01
3.438464046263750e-07	8.006825e-01	7.998441e-01	7.995670e-01
3.438609760549460e-07	8.006851e-01	7.998411e-01	7.995678e-01
3.438755474835171e-07	8.006877e-01	7.998381e-01	7.995685e-01
3.438901189120881e-07	8.006901e-01	7.998352e-01	7.995691e-01
3.439046903406592e-07	8.006925e-01	7.998322e-01	7.995697e-01
3.439192617692303e-07	8.006948e-01	7.998294e-01	7.995702e-01
3.439338331978013e-07	8.006970e-01	7.998265e-01	7.995707e-01
3.439456903406582e-07	8.006987e-01	7.998242e-01	7.995710e-01
3.439575474835150e-07	8.007003e-01	7.998219e-01	7.995713e-01
3.439694046263718e-07	8.007019e-01	7.998196e-01	7.995716e-01
3.439812617692287e-07	8.007035e-01	7.998174e-01	7.995718e-01
3.439931189120855e-07	8.007049e-01	7.998151e-01	7.995720e-01
3.440049760549424e-07	8.007063e-01	7.998129e-01	7.995722e-01
3.440168331977992e-07	8.007077e-01	7.998107e-01	7.995723e-01
3.440178331977992e-07	8.007078e-01	7.998105e-01	7.995723e-01
3.440378331977987e-07	8.007100e-01	7.998068e-01	7.995725e-01
3.440578331977982e-07	8.007120e-01	7.998032e-01	7.995727e-01
3.440778331977977e-07	8.007138e-01	7.997996e-01	7.995729e-01
3.440978331977972e-07	8.007154e-01	7.997961e-01	7.995731e-01
3.441178331977967e-07	8.007169e-01	7.997926e-01	7.995733e-01
3.441378331977962e-07	8.007182e-01	7.997892e-01	7.995734e-01
3.441578331977956e-07	8.007193e-01	7.997858e-01	7.995736e-01
3.441752617692238e-07	8.007202e-01	7.997829e-01	7.995738e-01
3.441926903406519e-07	8.007209e-01	7.997800e-01	7.995741e-01
3.442101189120800e-07	8.007215e-01	7.997772e-01	7.995744e-01
3.442275474835082e-07	8.007220e-01	7.997744e-01	7.995748e-01
3.442449760549363e-07	8.007223e-01	7.997716e-01	7.995753e-01
3.442624046263644e-07	8.007225e-01	7.997689e-01	7.995758e-01
3.442798331977926e-07	8.007226e-01	7.997662e-01	7.995763e-01
3.443045474835062e-07	8.007225e-01	7.997625e-01	7.995773e-01
3.443292617692199e-07	8.007222e-01	7.997588e-01	7.995784e-01
3.443539760549335e-07	8.007217e-01	7.997552e-01	7.995798e-01
3.443786903406472e-07	8.007208e-01	7.997517e-01	7.995814e-01
3.444034046263609e-07	8.007198e-01	7.997482e-01	7.995832e-01
3.444281189120745e-07	8.007185e-01	7.997448e-01	7.995853e-01
3.444528331977882e-07	8.007169e-01	7.997415e-01	7.995875e-01
3.444922617692157e-07	8.007139e-01	7.997364e-01	7.995917e-01
3.445316903406433e-07	8.007103e-01	7.997314e-01	7.995965e-01
3.445711189120709e-07	8.007062e-01	7.997266e-01	7.996021e-01
3.446105474834985e-07	8.007015e-01	7.997219e-01	7.996084e-01
3.446499760549260e-07	8.006963e-01	7.997174e-01	7.996154e-01
3.446894046263536e-07	8.006904e-01	7.997131e-01	7.996232e-01
3.447288331977812e-07	8.006840e-01	7.997089e-01	7.996317e-01
3.447734046263515e-07	8.006762e-01	7.997044e-01	7.996424e-01
3.448179760549218e-07	8.006677e-01	7.997000e-01	7.996539e-01
3.448625474834921e-07	8.006586e-01	7.996958e-01	7.996664e-01
3.449071189120624e-07	8.006490e-01	7.996918e-01	7.996799e-01
3.449516903406327e-07	8.006387e-01	7.996879e-01	7.996942e-01
3.449962617692030e-07	8.006278e-01	7.996842e-01	7.997095e-01
3.450408331977733e-07	8.006164e-01	7.996807e-01	7.997257e-01
3.450418331977732e-07	8.006161e-01	7.996806e-01	7.997261e-01
3.451146903406285e-07	8.005961e-01	7.996752e-01	7.997551e-01
3.451875474834838e-07	8.005750e-01	7.996701e-01	7.997851e-01
3.452604046263391e-07	8.005530e-01	7.996652e-01	7.998161e-01
3.453332617691944e-07	8.005300e-01	7.996607e-01	7.998481e-01
3.454061189120497e-07	8.005060e-01	7.996565e-01	7.998810e-01
3.454789760549050e-07	8.004810e-01	7.996526e-01	7.999149e-01
3.455518331977603e-07	8.004550e-01	7.996489e-01	7.999498e-01
3.456072617691875e-07	8.004349e-01	7.996463e-01	7.999757e-01
3.456626903406147e-07	8.004145e-01	7.996438e-01	8.000008e-01
3.457181189120418e-07	8.003940e-01	7.996414e-01	8.000252e-01
3.457735474834690e-07	8.003733e-01	7.996392e-01	8.000488e-01
3.458289760548962e-07	8.003524e-01	7.996370e-01	8.000718e-01
3.458844046263233e-07	8.003313e-01	7.996350e-01	8.000940e-01
3.459398331977505e-07	8.003100e-01	7.996330e-01	8.001155e-01
3.460658331977473e-07	8.002617e-01	7.996289e-01	8.001600e-01
3.461189760548888e-07	8.002413e-01	7.996273e-01	8.001770e-01
3.461721189120303e-07	8.002210e-01	7.996258e-01	8.001932e-01
3.462252617691718e-07	8.002009e-01	7.996244e-01	8.002086e-01
3.462784046263133e-07	8.001810e-01	7.996231e-01	8.002233e-01
3.463315474834549e-07	8.001612e-01	7.996218e-01	8.002371e-01
3.463846903405964e-07	8.001415e-01	7.996206e-01	8.002503e-01
3.464378331977379e-07	8.001220e-01	7.996196e-01	8.002626e-01
3.465029760548791e-07	8.000984e-01	7.996183e-01	8.002769e-01
3.465681189120203e-07	8.000754e-01	7.996172e-01	8.002911e-01
3.466332617691615e-07	8.000528e-01	7.996163e-01	8.003053e-01
3.466984046263027e-07	8.000308e-01	7.996155e-01	8.003195e-01
3.467635474834439e-07	8.000092e-01	7.996148e-01	8.003336e-01
3.468286903405851e-07	7.999882e-01	7.996142e-01	8.003477e-01
3.468938331977263e-07	7.999677e-01	7.996138e-01	8.003617e-01
3.469216903405828e-07	7.999592e-01	7.996137e-01	8.003680e-01
3.469495474834392e-07	7.999507e-01	7.996136e-01	8.003745e-01
3.469774046262956e-07	7.999424e-01	7.996136e-01	8.003811e-01
3.470052617691521e-07	7.999342e-01	7.996135e-01	8.003878e-01
3.470331189120085e-07	7.999262e-01	7.996135e-01	8.003946e-01
3.470609760548650e-07	7.999182e-01	7.996136e-01	8.004015e-01
3.470888331977214e-07	7.999104e-01	7.996137e-01	8.004086e-01
3.470898331977214e-07	7.999101e-01	7.996137e-01	8.004088e-01
3.471419760548629e-07	7.998958e-01	7.996139e-01	8.004225e-01
3.471941189120044e-07	7.998819e-01	7.996142e-01	8.004366e-01
3.472462617691460e-07	7.998685e-01	7.996146e-01	8.004511e-01
3.472984046262875e-07	7.998556e-01	7.996152e-01	8.004661e-01
3.473505474834290e-07	7.998432e-01	7.996159e-01	8.004814e-01
3.474026903405706e-07	7.998312e-01	7.996167e-01	8.004971e-01
3.474548331977121e-07	7.998196e-01	7.996176e-01	8.005133e-01
3.475339760548530e-07	7.998031e-01	7.996194e-01	8.005390e-01
3.476131189119938e-07	7.997876e-01	7.996214e-01	8.005640e-01
3.476922617691347e-07	7.997733e-01	7.996238e-01	8.005883e-01
3.477714046262755e-07	7.997600e-01	7.996266e-01	8.006118e-01
3.478505474834164e-07	7.997478e-01	7.996297e-01	8.006346e-01
3.479296903405572e-07	7.997367e-01	7.996331e-01	8.006566e-01
3.480088331976981e-07	7.997267e-01	7.996368e-01	8.006780e-01
3.480236903405548e-07	7.997250e-01	7.996376e-01	8.006815e-01
3.480385474834116e-07	7.997232e-01	7.996384e-01	8.006850e-01
3.480534046262684e-07	7.997215e-01	7.996391e-01	8.006884e-01
3.480682617691251e-07	7.997199e-01	7.996399e-01	8.006918e-01
3.480831189119819e-07	7.997183e-01	7.996407e-01	8.006950e-01
3.480979760548387e-07	7.997167e-01	7.996415e-01	8.006982e-01
3.481128331976954e-07	7.997152e-01	7.996424e-01	8.007013e-01
3.481138331976954e-07	7.997150e-01	7.996424e-01	8.007014e-01
3.481556903405515e-07	7.997109e-01	7.996448e-01	8.007097e-01
3.481975474834076e-07	7.997070e-01	7.996474e-01	8.007170e-01
3.482394046262637e-07	7.997034e-01	7.996500e-01	8.007233e-01
3.482812617691197e-07	7.997001e-01	7.996527e-01	8.007288e-01
3.483231189119758e-07	7.996971e-01	7.996555e-01	8.007332e-01
3.483649760548319e-07	7.996943e-01	7.996585e-01	8.007368e-01
3.484068331976880e-07	7.996917e-01	7.996615e-01	8.007393e-01
3.484314046262588e-07	7.996904e-01	7.996633e-01	8.007403e-01
3.484559760548296e-07	7.996891e-01	7.996652e-01	8.007409e-01
3.484805474834004e-07	7.996879e-01	7.996671e-01	8.007411e-01
3.485051189119712e-07	7.996868e-01	7.996690e-01	8.007409e-01
3.485296903405420e-07	7.996858e-01	7.996710e-01	8.007403e-01
3.485542617691128e-07	7.996848e-01	7.996730e-01	8.007394e-01
3.485788331976836e-07	7.996840e-01	7.996750e-01	8.007380e-01
3.486199760548255e-07	7.996828e-01	7.996785e-01	8.007347e-01
3.486611189119673e-07	7.996817e-01	7.996821e-01	8.007303e-01
3.487022617691091e-07	7.996809e-01	7.996858e-01	8.007248e-01
3.487434046262509e-07	7.996803e-01	7.996896e-01	8.007180e-01
3.487845474833927e-07	7.996799e-01	7.996934e-01	8.007101e-01
3.488256903405345e-07	7.996797e-01	7.996974e-01	8.007010e-01
3.488668331976763e-07	7.996798e-01	7.997015e-01	8.006908e-01
3.489054046262468e-07	7.996800e-01	7.997053e-01	8.006801e-01
3.489439760548172e-07	7.996803e-01	7.997093e-01	8.006684e-01
3.489825474833877e-07	7.996808e-01	7.997134e-01	8.006558e-01
3.490211189119581e-07	7.996815e-01	7.997175e-01	8.006422e-01
3.490596903405286e-07	7.996823e-01	7.997217e-01	8.006277e-01
3.490982617690990e-07	7.996832e-01	7.997259e-01	8.006122e-01
3.491368331976695e-07	7.996843e-01	7.997302e-01	8.005957e-01
3.491378331976695e-07	7.996844e-01	7.997304e-01	8.005952e-01
3.491861189119540e-07	7.996860e-01	7.997359e-01	8.005732e-01
3.492344046262385e-07	7.996878e-01	7.997415e-01	8.005501e-01
3.492826903405229e-07	7.996898e-01	7.997472e-01	8.005259e-01
3.493309760548074e-07	7.996920e-01	7.997531e-01	8.005005e-01
3.493792617690919e-07	7.996943e-01	7.997590e-01	8.004740e-01
3.494275474833764e-07	7.996969e-01	7.997650e-01	8.004463e-01
3.494758331976609e-07	7.996997e-01	7.997711e-01	8.004175e-01
3.494809760548036e-07	7.996999e-01	7.997718e-01	8.004144e-01
3.494861189119464e-07	7.997002e-01	7.997724e-01	8.004113e-01
3.494912617690891e-07	7.997005e-01	7.997731e-01	8.004081e-01
3.494964046262318e-07	7.997008e-01	7.997738e-01	8.004050e-01
3.495015474833745e-07	7.997011e-01	7.997745e-01	8.004019e-01
3.495066903405173e-07	7.997014e-01	7.997753e-01	8.003987e-01
3.495118331976600e-07	7.997018e-01	7.997760e-01	8.003955e-01
3.495192617690884e-07	7.997022e-01	7.997772e-01	8.003910e-01
3.495266903405168e-07	7.997027e-01	7.997783e-01	8.003864e-01
3.495341189119451e-07	7.997031e-01	7.997796e-01	8.003818e-01
3.495415474833735e-07	7.997036e-01	7.997808e-01	8.003771e-01
3.495489760548019e-07	7.997040e-01	7.997821e-01	8.003725e-01
3.495564046262303e-07	7.997045e-01	7.997835e-01	8.003678e-01
3.495638331976587e-07	7.997050e-01	7.997848e-01	8.003631e-01
3.495764046262298e-07	7.997058e-01	7.997873e-01	8.003552e-01
3.495889760548009e-07	7.997065e-01	7.997896e-01	8.003471e-01
3.496015474833720e-07	7.997073e-01	7.997919e-01	8.003391e-01
3.496141189119431e-07	7.997080e-01	7.997942e-01	8.003310e-01
3.496266903405142e-07	7.997087e-01	7.997964e-01	8.003229e-01
3.496392617690853e-07	7.997094e-01	7.997985e-01	8.003147e-01
3.496518331976565e-07	7.997101e-01	7.998005e-01	8.003064e-01
3.496601189119420e-07	7.997105e-01	7.998017e-01	8.003010e-01
3.496684046262275e-07	7.997109e-01	7.998029e-01	8.002956e-01
3.496766903405130e-07	7.997113e-01	7.998039e-01	8.002901e-01
3.496849760547985e-07	7.997116e-01	7.998049e-01	8.002846e-01
3.496932617690840e-07	7.997120e-01	7.998057e-01	8.002791e-01
3.497015474833695e-07	7.997123e-01	7.998065e-01	8.002736e-01
3.497098331976550e-07	7.997125e-01	7.998071e-01	8.002681e-01
3.497161189119405e-07	7.997128e-01	7.998076e-01	8.002639e-01
3.497224046262261e-07	7.997129e-01	7.998080e-01	8.002597e-01
3.497286903405116e-07	7.997131e-01	7.998083e-01	8.002554e-01
3.497349760547972e-07	7.997133e-01	7.998086e-01	8.002512e-01
3.497412617690828e-07	7.997134e-01	7.998088e-01	8.002470e-01
3.497475474833683e-07	7.997135e-01	7.998089e-01	8.002427e-01
3.497538331976539e-07	7.997136e-01	7.998090e-01	8.002385e-01
3.497591189119394e-07	7.997136e-01	7.998091e-01	8.002349e-01
3.497644046262250e-07	7.997137e-01	7.998091e-01	8.002313e-01
3.497696903405106e-07	7.997137e-01	7.998091e-01	8.002278e-01
3.497749760547962e-07	7.997137e-01	7.998090e-01	8.002242e-01
3.497802617690818e-07	7.997137e-01	7.998089e-01	8.002206e-01
3.497855474833673e-07	7.997137e-01	7.998087e-01	8.002170e-01
3.497908331976529e-07	7.997137e-01	7.998086e-01	8.002134e-01
3.497998331976527e-07	7.997136e-01	7.998082e-01	8.002073e-01
3.498088331976525e-07	7.997135e-01	7.998078e-01	8.002011e-01
3.498178331976522e-07	7.997133e-01	7.998073e-01	8.001950e-01
3.498268331976520e-07	7.997131e-01	7.998067e-01	8.001888e-01
3.498358331976518e-07	7.997128e-01	7.998061e-01	8.001826e-01
3.498448331976516e-07	7.997126e-01	7.998054e-01	8.001765e-01
3.498538331976513e-07	7.997122e-01	7.998046e-01	8.001703e-01
3.498672617690796e-07	7.997116e-01	7.998033e-01	8.001611e-01
3.498806903405078e-07	7.997110e-01	7.998021e-01	8.001518e-01
3.498941189119360e-07	7.997102e-01	7.998009e-01	8.001426e-01
3.499075474833643e-07	7.997094e-01	7.997997e-01	8.001333e-01
3.499209760547925e-07	7.997085e-01	7.997986e-01	8.001240e-01
3.499344046262207e-07	7.997075e-01	7.997974e-01	8.001148e-01
3.499478331976490e-07	7.997065e-01	7.997963e-01	8.001055e-01
3.499566903405059e-07	7.997058e-01	7.997956e-01	8.000994e-01
3.499655474833628e-07	7.997050e-01	7.997951e-01	8.000933e-01
3.499744046262197e-07	7.997043e-01	7.997946e-01	8.000872e-01
3.499832617690766e-07	7.997035e-01	7.997942e-01	8.000811e-01
3.499921189119335e-07	7.997027e-01	7.997939e-01	8.000749e-01
3.500009760547905e-07	7.997019e-01	7.997936e-01	8.000688e-01
3.500098331976474e-07	7.997011e-01	7.997934e-01	8.000627e-01
3.500161189119329e-07	7.997005e-01	7.997934e-01	8.000584e-01
3.500224046262185e-07	7.997000e-01	7.997933e-01	8.000541e-01
3.500286903405040e-07	7.996994e-01	7.997934e-01	8.000497e-01
3.500349760547896e-07	7.996988e-01	7.997935e-01	8.000454e-01
3.500412617690752e-07	7.996983e-01	7.997936e-01	8.000411e-01
3.500475474833607e-07	7.996977e-01	7.997938e-01	8.000368e-01
3.500538331976463e-07	7.996971e-01	7.997940e-01	8.000324e-01
3.500644046262174e-07	7.996962e-01	7.997946e-01	8.000252e-01
3.500749760547886e-07	7.996952e-01	7.997953e-01	8.000179e-01
3.500855474833597e-07	7.996943e-01	7.997962e-01	8.000107e-01
3.500961189119309e-07	7.996934e-01	7.997973e-01	8.000035e-01
3.501066903405021e-07	7.996926e-01	7.997985e-01	7.999963e-01
3.501172617690732e-07	7.996918e-01	7.997999e-01	7.999891e-01
3.501278331976444e-07	7.996910e-01	7.998015e-01	7.999820e-01
3.501325474833586e-07	7.996906e-01	7.998023e-01	7.999787e-01
3.501372617690727e-07	7.996903e-01	7.998031e-01	7.999755e-01
3.501419760547869e-07	7.996900e-01	7.998039e-01	7.999723e-01
3.501466903405011e-07	7.996897e-01	7.998048e-01	7.999692e-01
3.501514046262152e-07	7.996894e-01	7.998057e-01	7.999660e-01
3.501561189119294e-07	7.996891e-01	7.998066e-01	7.999628e-01
3.501608331976436e-07	7.996888e-01	7.998076e-01	7.999596e-01
3.501618331976435e-07	7.996887e-01	7.998078e-01	7.999589e-01
3.501735474833575e-07	7.996881e-01	7.998104e-01	7.999511e-01
3.501852617690715e-07	7.996875e-01	7.998132e-01	7.999432e-01
3.501969760547855e-07	7.996870e-01	7.998161e-01	7.999354e-01
3.502086903404995e-07	7.996866e-01	7.998193e-01	7.999276e-01
3.502204046262135e-07	7.996863e-01	7.998226e-01	7.999198e-01
3.502321189119275e-07	7.996860e-01	7.998261e-01	7.999120e-01
3.502438331976415e-07	7.996858e-01	7.998298e-01	7.999043e-01
3.502516903404984e-07	7.996858e-01	7.998324e-01	7.998991e-01
3.502595474833553e-07	7.996858e-01	7.998351e-01	7.998939e-01
3.502674046262123e-07	7.996858e-01	7.998378e-01	7.998888e-01
3.502752617690692e-07	7.996859e-01	7.998405e-01	7.998837e-01
3.502831189119262e-07	7.996860e-01	7.998433e-01	7.998785e-01
3.502909760547831e-07	7.996862e-01	7.998462e-01	7.998734e-01
3.502988331976401e-07	7.996864e-01	7.998492e-01	7.998683e-01
3.503126903404969e-07	7.996869e-01	7.998545e-01	7.998594e-01
3.503265474833536e-07	7.996875e-01	7.998599e-01	7.998505e-01
3.503404046262104e-07	7.996883e-01	7.998655e-01	7.998417e-01
3.503542617690672e-07	7.996892e-01	7.998711e-01	7.998329e-01
3.503681189119240e-07	7.996902e-01	7.998769e-01	7.998242e-01
3.503819760547808e-07	7.996914e-01	7.998827e-01	7.998155e-01
3.503958331976376e-07	7.996927e-01	7.998886e-01	7.998068e-01
3.504179760547799e-07	7.996952e-01	7.998982e-01	7.997932e-01
3.504401189119222e-07	7.996980e-01	7.999077e-01	7.997797e-01
3.504622617690645e-07	7.997011e-01	7.999170e-01	7.997663e-01
3.504844046262068e-07	7.997044e-01	7.999262e-01	7.997531e-01
3.505065474833491e-07	7.997080e-01	7.999353e-01	7.997401e-01
3.505286903404914e-07	7.997119e-01	7.999442e-01	7.997272e-01
3.505508331976337e-07	7.997161e-01	7.999530e-01	7.997145e-01
3.505736903404902e-07	7.997207e-01	7.999617e-01	7.997016e-01
3.505965474833468e-07	7.997253e-01	7.999700e-01	7.996889e-01
3.506194046262034e-07	7.997301e-01	7.999779e-01	7.996764e-01
3.506422617690599e-07	7.997349e-01	7.999854e-01	7.996641e-01
3.506651189119165e-07	7.997399e-01	7.999925e-01	7.996520e-01
3.506879760547731e-07	7.997449e-01	7.999991e-01	7.996402e-01
3.507108331976296e-07	7.997501e-01	8.000054e-01	7.996285e-01
3.507354046262004e-07	7.997556e-01	8.000115e-01	7.996162e-01
3.507599760547712e-07	7.997609e-01	8.000173e-01	7.996042e-01
3.507845474833420e-07	7.997661e-01	8.000225e-01	7.995924e-01
3.508091189119128e-07	7.997711e-01	8.000273e-01	7.995810e-01
3.508336903404837e-07	7.997761e-01	8.000317e-01	7.995698e-01
3.508582617690545e-07	7.997808e-01	8.000356e-01	7.995588e-01
3.508828331976253e-07	7.997855e-01	8.000391e-01	7.995482e-01
3.509054046261961e-07	7.997895e-01	8.000420e-01	7.995387e-01
3.509279760547670e-07	7.997934e-01	8.000447e-01	7.995293e-01
3.509505474833378e-07	7.997970e-01	8.000472e-01	7.995203e-01
3.509731189119087e-07	7.998004e-01	8.000495e-01	7.995115e-01
3.509956903404795e-07	7.998036e-01	8.000517e-01	7.995029e-01
3.510182617690504e-07	7.998066e-01	8.000536e-01	7.994946e-01
3.510408331976213e-07	7.998095e-01	8.000553e-01	7.994865e-01
3.510614046261922e-07	7.998118e-01	8.000569e-01	7.994794e-01
3.510819760547631e-07	7.998141e-01	8.000584e-01	7.994725e-01
3.511025474833340e-07	7.998162e-01	8.000598e-01	7.994658e-01
3.511231189119049e-07	7.998182e-01	8.000613e-01	7.994593e-01
3.511436903404758e-07	7.998201e-01	8.000627e-01	7.994530e-01
3.511642617690467e-07	7.998218e-01	8.000641e-01	7.994468e-01
3.511848331976176e-07	7.998235e-01	8.000655e-01	7.994409e-01
3.511858331976176e-07	7.998235e-01	8.000655e-01	7.994406e-01
3.512065474833313e-07	7.998251e-01	8.000669e-01	7.994349e-01
3.512272617690451e-07	7.998266e-01	8.000683e-01	7.994294e-01
3.512479760547589e-07	7.998282e-01	8.000698e-01	7.994241e-01
3.512686903404726e-07	7.998297e-01	8.000713e-01	7.994190e-01
3.512894046261864e-07	7.998312e-01	8.000728e-01	7.994142e-01
3.513101189119002e-07	7.998327e-01	8.000743e-01	7.994095e-01
3.513308331976139e-07	7.998343e-01	8.000759e-01	7.994050e-01
3.513566903404704e-07	7.998362e-01	8.000779e-01	7.993998e-01
3.513825474833269e-07	7.998384e-01	8.000799e-01	7.993948e-01
3.514084046261834e-07	7.998408e-01	8.000820e-01	7.993902e-01
3.514342617690399e-07	7.998435e-01	8.000840e-01	7.993859e-01
3.514601189118964e-07	7.998464e-01	8.000860e-01	7.993818e-01
3.514859760547528e-07	7.998495e-01	8.000881e-01	7.993781e-01
3.515118331976093e-07	7.998528e-01	8.000901e-01	7.993747e-01
3.515395474833229e-07	7.998569e-01	8.000923e-01	7.993714e-01
3.515672617690365e-07	7.998614e-01	8.000943e-01	7.993685e-01
3.515949760547501e-07	7.998665e-01	8.000961e-01	7.993659e-01
3.516226903404637e-07	7.998721e-01	8.000977e-01	7.993636e-01
3.516504046261772e-07	7.998782e-01	8.000992e-01	7.993616e-01
3.516781189118908e-07	7.998849e-01	8.001005e-01	7.993600e-01
3.517058331976044e-07	7.998921e-01	8.001017e-01	7.993587e-01
3.517214046261754e-07	7.998964e-01	8.001022e-01	7.993581e-01
3.517369760547465e-07	7.999008e-01	8.001026e-01	7.993577e-01
3.517525474833175e-07	7.999055e-01	8.001030e-01	7.993573e-01
3.517681189118885e-07	7.999104e-01	8.001032e-01	7.993570e-01
3.517836903404596e-07	7.999154e-01	8.001034e-01	7.993568e-01
3.517992617690306e-07	7.999207e-01	8.001035e-01	7.993567e-01
3.518148331976016e-07	7.999261e-01	8.001035e-01	7.993567e-01
3.518314046261727e-07	7.999321e-01	8.001033e-01	7.993568e-01
3.518479760547437e-07	7.999382e-01	8.001031e-01	7.993570e-01
3.518645474833147e-07	7.999446e-01	8.001027e-01	7.993573e-01
3.518811189118857e-07	7.999512e-01	8.001023e-01	7.993577e-01
3.518976903404567e-07	7.999579e-01	8.001017e-01	7.993582e-01
3.519142617690277e-07	7.999649e-01	8.001010e-01	7.993588e-01
3.519308331975987e-07	7.999720e-01	8.001003e-01	7.993595e-01
3.519538331975981e-07	7.999822e-01	8.000989e-01	7.993606e-01
3.519768331975975e-07	7.999927e-01	8.000974e-01	7.993620e-01
3.519998331975970e-07	8.000035e-01	8.000958e-01	7.993635e-01
3.520228331975964e-07	8.000145e-01	8.000939e-01	7.993651e-01
3.520458331975958e-07	8.000258e-01	8.000918e-01	7.993670e-01
3.520688331975952e-07	8.000373e-01	8.000896e-01	7.993690e-01
3.520918331975946e-07	8.000491e-01	8.000872e-01	7.993711e-01
3.521085474833085e-07	8.000578e-01	8.000853e-01	7.993728e-01
3.521252617690224e-07	8.000665e-01	8.000834e-01	7.993746e-01
3.521419760547362e-07	8.000752e-01	8.000814e-01	7.993764e-01
3.521586903404501e-07	8.000841e-01	8.000794e-01	7.993784e-01
3.521754046261639e-07	8.000929e-01	8.000773e-01	7.993804e-01
3.521921189118778e-07	8.001019e-01	8.000752e-01	7.993824e-01
3.522088331975917e-07	8.001109e-01	8.000731e-01	7.993846e-01
3.522098331975916e-07	8.001114e-01	8.000730e-01	7.993847e-01
3.522578331975904e-07	8.001378e-01	8.000661e-01	7.993914e-01
3.523058331975892e-07	8.001633e-01	8.000598e-01	7.993986e-01
3.523538331975880e-07	8.001878e-01	8.000541e-01	7.994063e-01
3.524018331975868e-07	8.002114e-01	8.000489e-01	7.994145e-01
3.524498331975856e-07	8.002340e-01	8.000442e-01	7.994232e-01
3.524978331975843e-07	8.002557e-01	8.000401e-01	7.994323e-01
3.525458331975831e-07	8.002764e-01	8.000365e-01	7.994419e-01
3.525614046261542e-07	8.002825e-01	8.000358e-01	7.994451e-01
3.525769760547252e-07	8.002884e-01	8.000352e-01	7.994483e-01
3.525925474832962e-07	8.002940e-01	8.000347e-01	7.994516e-01
3.526081189118673e-07	8.002995e-01	8.000345e-01	7.994548e-01
3.526236903404383e-07	8.003047e-01	8.000343e-01	7.994582e-01
3.526392617690093e-07	8.003097e-01	8.000344e-01	7.994615e-01
3.526548331975804e-07	8.003145e-01	8.000346e-01	7.994649e-01
3.526808331975797e-07	8.003219e-01	8.000352e-01	7.994707e-01
3.526818331975797e-07	8.003222e-01	8.000354e-01	7.994709e-01
3.526828331975797e-07	8.003224e-01	8.000355e-01	7.994711e-01
3.526838331975796e-07	8.003227e-01	8.000354e-01	7.994713e-01
3.526848331975796e-07	8.003229e-01	8.000352e-01	7.994716e-01
3.526858331975796e-07	8.003232e-01	8.000355e-01	7.994717e-01
3.526868331975796e-07	8.003235e-01	8.000356e-01	7.994720e-01
3.526878331975795e-07	8.003237e-01	8.000355e-01	7.994722e-01
3.526888331975795e-07	8.003240e-01	8.000356e-01	7.994725e-01
3.526898331975795e-07	8.003243e-01	8.000357e-01	7.994726e-01
3.526984046261507e-07	8.003265e-01	8.000360e-01	7.994746e-01
3.527069760547219e-07	8.003286e-01	8.000365e-01	7.994765e-01
3.527155474832931e-07	8.003307e-01	8.000370e-01	7.994785e-01
3.527241189118643e-07	8.003328e-01	8.000376e-01	7.994804e-01
3.527326903404355e-07	8.003348e-01	8.000382e-01	7.994823e-01
3.527412617690067e-07	8.003368e-01	8.000389e-01	7.994843e-01
3.527498331975780e-07	8.003387e-01	8.000397e-01	7.994862e-01
3.527619760547205e-07	8.003414e-01	8.000409e-01	7.994890e-01
3.527741189118631e-07	8.003439e-01	8.000423e-01	7.994919e-01
3.527862617690056e-07	8.003464e-01	8.000439e-01	7.994947e-01
3.527984046261482e-07	8.003487e-01	8.000456e-01	7.994975e-01
3.528105474832907e-07	8.003509e-01	8.000475e-01	7.995004e-01
3.528226903404333e-07	8.003530e-01	8.000496e-01	7.995033e-01
3.528348331975758e-07	8.003550e-01	8.000518e-01	7.995061e-01
3.528456903404327e-07	8.003566e-01	8.000540e-01	7.995087e-01
3.528565474832895e-07	8.003581e-01	8.000563e-01	7.995113e-01
3.528674046261464e-07	8.003594e-01	8.000587e-01	7.995139e-01
3.528782617690033e-07	8.003606e-01	8.000613e-01	7.995165e-01
3.528891189118601e-07	8.003616e-01	8.000640e-01	7.995191e-01
3.528999760547170e-07	8.003624e-01	8.000668e-01	7.995217e-01
3.529108331975739e-07	8.003631e-01	8.000697e-01	7.995244e-01
3.529165474832880e-07	8.003634e-01	8.000714e-01	7.995257e-01
3.529222617690022e-07	8.003636e-01	8.000730e-01	7.995271e-01
3.529279760547163e-07	8.003638e-01	8.000747e-01	7.995285e-01
3.529336903404304e-07	8.003640e-01	8.000764e-01	7.995299e-01
3.529394046261446e-07	8.003640e-01	8.000781e-01	7.995313e-01
3.529451189118587e-07	8.003641e-01	8.000798e-01	7.995327e-01
3.529508331975729e-07	8.003641e-01	8.000816e-01	7.995341e-01
3.529588331975727e-07	8.003640e-01	8.000842e-01	7.995361e-01
3.529668331975725e-07	8.003638e-01	8.000867e-01	7.995381e-01
3.529748331975723e-07	8.003635e-01	8.000894e-01	7.995400e-01
3.529828331975721e-07	8.003632e-01	8.000920e-01	7.995420e-01
3.529908331975719e-07	8.003627e-01	8.000947e-01	7.995440e-01
3.529988331975717e-07	8.003621e-01	8.000974e-01	7.995459e-01
3.530068331975714e-07	8.003614e-01	8.001001e-01	7.995479e-01
3.530259760547138e-07	8.003594e-01	8.001069e-01	7.995527e-01
3.530451189118562e-07	8.003569e-01	8.001137e-01	7.995574e-01
3.530642617689986e-07	8.003540e-01	8.001206e-01	7.995622e-01
3.530834046261409e-07	8.003507e-01	8.001275e-01	7.995670e-01
3.531025474832833e-07	8.003469e-01	8.001345e-01	7.995718e-01
3.531216903404257e-07	8.003428e-01	8.001415e-01	7.995766e-01
3.531408331975681e-07	8.003381e-01	8.001485e-01	7.995813e-01
3.531539760547106e-07	8.003348e-01	8.001534e-01	7.995847e-01
3.531671189118531e-07	8.003314e-01	8.001582e-01	7.995880e-01
3.531802617689956e-07	8.003279e-01	8.001630e-01	7.995913e-01
3.531934046261382e-07	8.003243e-01	8.001678e-01	7.995946e-01
3.532065474832807e-07	8.003206e-01	8.001725e-01	7.995979e-01
3.532196903404232e-07	8.003167e-01	8.001773e-01	7.996012e-01
3.532328331975657e-07	8.003128e-01	8.001821e-01	7.996045e-01
3.532338331975657e-07	8.003125e-01	8.001825e-01	7.996047e-01
3.532566903404223e-07	8.003055e-01	8.001907e-01	7.996104e-01
3.532795474832788e-07	8.002983e-01	8.001991e-01	7.996162e-01
3.533024046261354e-07	8.002909e-01	8.002076e-01	7.996219e-01
3.533252617689920e-07	8.002835e-01	8.002163e-01	7.996276e-01
3.533481189118485e-07	8.002760e-01	8.002252e-01	7.996333e-01
3.533709760547051e-07	8.002683e-01	8.002342e-01	7.996390e-01
3.533938331975616e-07	8.002605e-01	8.002434e-01	7.996446e-01
3.534194046261324e-07	8.002517e-01	8.002541e-01	7.996510e-01
3.534449760547032e-07	8.002427e-01	8.002653e-01	7.996573e-01
3.534705474832740e-07	8.002336e-01	8.002770e-01	7.996636e-01
3.534961189118448e-07	8.002242e-01	8.002893e-01	7.996698e-01
3.535216903404155e-07	8.002146e-01	8.003021e-01	7.996760e-01
3.535472617689863e-07	8.002049e-01	8.003154e-01	7.996822e-01
3.535728331975571e-07	8.001949e-01	8.003292e-01	7.996884e-01
3.535992617689850e-07	8.001844e-01	8.003443e-01	7.996947e-01
3.536256903404129e-07	8.001733e-01	8.003599e-01	7.997010e-01
3.536521189118408e-07	8.001619e-01	8.003758e-01	7.997072e-01
3.536785474832687e-07	8.001500e-01	8.003922e-01	7.997134e-01
3.537049760546966e-07	8.001377e-01	8.004091e-01	7.997196e-01
3.537314046261245e-07	8.001249e-01	8.004264e-01	7.997257e-01
3.537578331975524e-07	8.001117e-01	8.004441e-01	7.997317e-01
3.537926903404087e-07	8.000933e-01	8.004681e-01	7.997396e-01
3.538275474832649e-07	8.000741e-01	8.004913e-01	7.997474e-01
3.538624046261212e-07	8.000541e-01	8.005136e-01	7.997551e-01
3.538972617689775e-07	8.000332e-01	8.005351e-01	7.997628e-01
3.539321189118337e-07	8.000115e-01	8.005557e-01	7.997703e-01
3.539669760546900e-07	7.999889e-01	8.005754e-01	7.997777e-01
3.540018331975462e-07	7.999655e-01	8.005942e-01	7.997851e-01
3.540241189118314e-07	7.999502e-01	8.006049e-01	7.997897e-01
3.540464046261165e-07	7.999348e-01	8.006145e-01	7.997943e-01
3.540686903404017e-07	7.999191e-01	8.006230e-01	7.997989e-01
3.540909760546868e-07	7.999033e-01	8.006304e-01	7.998034e-01
3.541132617689720e-07	7.998874e-01	8.006368e-01	7.998078e-01
3.541355474832571e-07	7.998713e-01	8.006420e-01	7.998122e-01
3.541578331975423e-07	7.998550e-01	8.006462e-01	7.998166e-01
3.541669760546849e-07	7.998483e-01	8.006475e-01	7.998184e-01
3.541761189118275e-07	7.998416e-01	8.006486e-01	7.998201e-01
3.541852617689702e-07	7.998350e-01	8.006494e-01	7.998219e-01
3.541944046261128e-07	7.998283e-01	8.006500e-01	7.998236e-01
3.542035474832554e-07	7.998216e-01	8.006504e-01	7.998254e-01
3.542126903403980e-07	7.998149e-01	8.006506e-01	7.998271e-01
3.542218331975407e-07	7.998083e-01	8.006505e-01	7.998289e-01
3.542268331975405e-07	7.998046e-01	8.006504e-01	7.998298e-01
3.542318331975404e-07	7.998010e-01	8.006502e-01	7.998308e-01
3.542368331975403e-07	7.997973e-01	8.006499e-01	7.998317e-01
3.542418331975402e-07	7.997937e-01	8.006495e-01	7.998326e-01
3.542468331975400e-07	7.997901e-01	8.006491e-01	7.998336e-01
3.542518331975399e-07	7.997864e-01	8.006486e-01	7.998345e-01
3.542568331975398e-07	7.997828e-01	8.006480e-01	7.998354e-01
3.542578331975398e-07	7.997821e-01	8.006479e-01	7.998356e-01
3.542768331975393e-07	7.997683e-01	8.006450e-01	7.998392e-01
3.542958331975388e-07	7.997547e-01	8.006411e-01	7.998427e-01
3.543148331975383e-07	7.997411e-01	8.006361e-01	7.998461e-01
3.543338331975378e-07	7.997277e-01	8.006300e-01	7.998496e-01
3.543528331975373e-07	7.997145e-01	8.006229e-01	7.998530e-01
3.543718331975369e-07	7.997013e-01	8.006147e-01	7.998563e-01
3.543908331975364e-07	7.996883e-01	8.006055e-01	7.998596e-01
3.544209760546785e-07	7.996681e-01	8.005884e-01	7.998648e-01
3.544511189118206e-07	7.996485e-01	8.005691e-01	7.998700e-01
3.544812617689627e-07	7.996296e-01	8.005476e-01	7.998750e-01
3.545114046261048e-07	7.996113e-01	8.005237e-01	7.998800e-01
3.545415474832469e-07	7.995936e-01	8.004976e-01	7.998849e-01
3.545716903403889e-07	7.995767e-01	8.004692e-01	7.998897e-01
3.546018331975310e-07	7.995604e-01	8.004385e-01	7.998945e-01
3.546404046261015e-07	7.995408e-01	8.003961e-01	7.999005e-01
3.546789760546719e-07	7.995225e-01	8.003522e-01	7.999063e-01
3.547175474832424e-07	7.995056e-01	8.003068e-01	7.999120e-01
3.547561189118128e-07	7.994900e-01	8.002600e-01	7.999176e-01
3.547946903403833e-07	7.994758e-01	8.002117e-01	7.999231e-01
3.548332617689537e-07	7.994629e-01	8.001620e-01	7.999285e-01
3.548718331975242e-07	7.994514e-01	8.001108e-01	7.999337e-01
3.549154046260945e-07	7.994401e-01	8.000529e-01	7.999395e-01
3.549589760546648e-07	7.994302e-01	7.999970e-01	7.999452e-01
3.550025474832352e-07	7.994217e-01	7.999431e-01	7.999508e-01
3.550461189118055e-07	7.994146e-01	7.998911e-01	7.999562e-01
3.550896903403758e-07	7.994089e-01	7.998412e-01	7.999615e-01
3.551332617689461e-07	7.994046e-01	7.997932e-01	7.999667e-01
3.551768331975165e-07	7.994017e-01	7.997472e-01	7.999718e-01
3.551916903403732e-07	7.994009e-01	7.997327e-01	7.999735e-01
3.552065474832300e-07	7.994002e-01	7.997186e-01	7.999752e-01
3.552214046260868e-07	7.993996e-01	7.997049e-01	7.999768e-01
3.552362617689435e-07	7.993992e-01	7.996918e-01	7.999785e-01
3.552511189118003e-07	7.993988e-01	7.996790e-01	7.999801e-01
3.552659760546571e-07	7.993986e-01	7.996667e-01	7.999818e-01
3.552808331975138e-07	7.993985e-01	7.996548e-01	7.999834e-01
3.552818331975138e-07	7.993985e-01	7.996541e-01	7.999835e-01
3.553025474832276e-07	7.993986e-01	7.996384e-01	7.999858e-01
3.553232617689413e-07	7.993989e-01	7.996237e-01	7.999880e-01
3.553439760546551e-07	7.993993e-01	7.996100e-01	7.999902e-01
3.553646903403689e-07	7.993999e-01	7.995972e-01	7.999924e-01
3.553854046260826e-07	7.994007e-01	7.995855e-01	7.999946e-01
3.554061189117964e-07	7.994017e-01	7.995747e-01	7.999967e-01
3.554268331975101e-07	7.994029e-01	7.995649e-01	7.999988e-01
3.554499760546524e-07	7.994044e-01	7.995552e-01	8.000012e-01
3.554731189117947e-07	7.994060e-01	7.995467e-01	8.000035e-01
3.554962617689369e-07	7.994079e-01	7.995395e-01	8.000058e-01
3.555194046260792e-07	7.994099e-01	7.995335e-01	8.000081e-01
3.555425474832215e-07	7.994121e-01	7.995288e-01	8.000104e-01
3.555656903403638e-07	7.994145e-01	7.995253e-01	8.000126e-01
3.555888331975060e-07	7.994171e-01	7.995230e-01	8.000149e-01
3.556029760546485e-07	7.994188e-01	7.995222e-01	8.000162e-01
3.556171189117910e-07	7.994205e-01	7.995218e-01	8.000175e-01
3.556312617689335e-07	7.994223e-01	7.995218e-01	8.000188e-01
3.556454046260760e-07	7.994241e-01	7.995223e-01	8.000202e-01
3.556595474832185e-07	7.994260e-01	7.995232e-01	8.000215e-01
3.556736903403610e-07	7.994279e-01	7.995245e-01	8.000228e-01
3.556878331975035e-07	7.994300e-01	7.995262e-01	8.000242e-01
3.557308331975024e-07	7.994364e-01	7.995345e-01	8.000281e-01
3.557738331975013e-07	7.994434e-01	7.995457e-01	8.000320e-01
3.558168331975003e-07	7.994509e-01	7.995599e-01	8.000358e-01
3.558598331974992e-07	7.994590e-01	7.995770e-01	8.000396e-01
3.559028331974981e-07	7.994676e-01	7.995969e-01	8.000434e-01
3.559458331974970e-07	7.994768e-01	7.996198e-01	8.000471e-01
3.559888331974959e-07	7.994865e-01	7.996457e-01	8.000507e-01
3.560339760546376e-07	7.994973e-01	7.996750e-01	8.000545e-01
3.560791189117793e-07	7.995087e-01	7.997056e-01	8.000583e-01
3.561242617689210e-07	7.995208e-01	7.997374e-01	8.000621e-01
3.561694046260628e-07	7.995335e-01	7.997706e-01	8.000658e-01
3.562145474832045e-07	7.995469e-01	7.998050e-01	8.000695e-01
3.562596903403462e-07	7.995609e-01	7.998406e-01	8.000732e-01
3.563048331974879e-07	7.995756e-01	7.998776e-01	8.000769e-01
3.563058331974879e-07	7.995759e-01	7.998784e-01	8.000770e-01
3.563605474832008e-07	7.995947e-01	7.999236e-01	8.000814e-01
3.564152617689137e-07	7.996142e-01	7.999685e-01	8.000858e-01
3.564699760546266e-07	7.996346e-01	8.000131e-01	8.000902e-01
3.565246903403395e-07	7.996557e-01	8.000573e-01	8.000946e-01
3.565794046260524e-07	7.996777e-01	8.001014e-01	8.000990e-01
3.566341189117653e-07	7.997005e-01	8.001451e-01	8.001033e-01
3.566888331974782e-07	7.997240e-01	8.001885e-01	8.001077e-01
3.567732617689046e-07	7.997622e-01	8.002530e-01	8.001144e-01
3.568576903403310e-07	7.998004e-01	8.003153e-01	8.001211e-01
3.569421189117575e-07	7.998388e-01	8.003756e-01	8.001279e-01
3.570265474831839e-07	7.998772e-01	8.004337e-01	8.001346e-01
3.571109760546103e-07	7.999158e-01	8.004897e-01	8.001414e-01
3.571954046260368e-07	7.999545e-01	8.005437e-01	8.001482e-01
3.572798331974632e-07	7.999933e-01	8.005955e-01	8.001550e-01
3.573298331974619e-07	8.000153e-01	8.006254e-01	8.001591e-01
3.573945474831746e-07	8.000432e-01	8.006635e-01	8.001643e-01
3.574592617688872e-07	8.000701e-01	8.007003e-01	8.001696e-01
3.575239760545999e-07	8.000958e-01	8.007360e-01	8.001748e-01
3.575886903403125e-07	8.001205e-01	8.007704e-01	8.001801e-01
3.576534046260252e-07	8.001442e-01	8.008037e-01	8.001853e-01
3.577181189117378e-07	8.001667e-01	8.008357e-01	8.001905e-01
3.577828331974504e-07	8.001882e-01	8.008666e-01	8.001958e-01
3.578512617688773e-07	8.002093e-01	8.008979e-01	8.002013e-01
3.579196903403041e-07	8.002291e-01	8.009264e-01	8.002067e-01
3.579881189117310e-07	8.002477e-01	8.009520e-01	8.002122e-01
3.580565474831578e-07	8.002650e-01	8.009749e-01	8.002176e-01
3.581249760545846e-07	8.002810e-01	8.009949e-01	8.002229e-01
3.581934046260115e-07	8.002958e-01	8.010121e-01	8.002283e-01
3.582618331974383e-07	8.003092e-01	8.010265e-01	8.002335e-01
3.582748331974380e-07	8.003117e-01	8.010287e-01	8.002346e-01
3.582878331974377e-07	8.003141e-01	8.010307e-01	8.002356e-01
3.583008331974373e-07	8.003165e-01	8.010326e-01	8.002366e-01
3.583138331974370e-07	8.003189e-01	8.010343e-01	8.002376e-01
3.583268331974367e-07	8.003212e-01	8.010359e-01	8.002385e-01
3.583398331974363e-07	8.003235e-01	8.010374e-01	8.002395e-01
3.583528331974360e-07	8.003258e-01	8.010387e-01	8.002405e-01
3.583538331974360e-07	8.003259e-01	8.010387e-01	8.002406e-01
3.583856903402923e-07	8.003313e-01	8.010413e-01	8.002430e-01
3.584175474831487e-07	8.003365e-01	8.010428e-01	8.002453e-01
3.584494046260050e-07	8.003415e-01	8.010433e-01	8.002477e-01
3.584812617688613e-07	8.003464e-01	8.010428e-01	8.002500e-01
3.585131189117177e-07	8.003511e-01	8.010412e-01	8.002524e-01
3.585449760545740e-07	8.003557e-01	8.010386e-01	8.002547e-01
3.585768331974303e-07	8.003601e-01	8.010350e-01	8.002570e-01
3.585889760545729e-07	8.003618e-01	8.010334e-01	8.002579e-01
3.586011189117154e-07	8.003634e-01	8.010315e-01	8.002587e-01
3.586132617688580e-07	8.003651e-01	8.010296e-01	8.002596e-01
3.586254046260005e-07	8.003667e-01	8.010274e-01	8.002604e-01
3.586375474831431e-07	8.003682e-01	8.010251e-01	8.002613e-01
3.586496903402856e-07	8.003698e-01	8.010226e-01	8.002622e-01
3.586618331974282e-07	8.003713e-01	8.010199e-01	8.002630e-01
3.586802617688563e-07	8.003737e-01	8.010156e-01	8.002643e-01
3.586986903402844e-07	8.003760e-01	8.010109e-01	8.002657e-01
3.587171189117125e-07	8.003783e-01	8.010058e-01	8.002671e-01
3.587355474831406e-07	8.003805e-01	8.010003e-01	8.002686e-01
3.587539760545687e-07	8.003828e-01	8.009944e-01	8.002702e-01
3.587724046259968e-07	8.003850e-01	8.009881e-01	8.002718e-01
3.587908331974249e-07	8.003871e-01	8.009815e-01	8.002735e-01
3.588085474831387e-07	8.003892e-01	8.009747e-01	8.002753e-01
3.588262617688526e-07	8.003912e-01	8.009676e-01	8.002771e-01
3.588439760545664e-07	8.003932e-01	8.009601e-01	8.002791e-01
3.588616903402803e-07	8.003952e-01	8.009522e-01	8.002812e-01
3.588794046259941e-07	8.003972e-01	8.009440e-01	8.002834e-01
3.588971189117079e-07	8.003992e-01	8.009354e-01	8.002858e-01
3.589148331974218e-07	8.004012e-01	8.009264e-01	8.002882e-01
3.589559760545636e-07	8.004057e-01	8.009041e-01	8.002944e-01
3.589971189117054e-07	8.004102e-01	8.008799e-01	8.003008e-01
3.590382617688472e-07	8.004147e-01	8.008539e-01	8.003075e-01
3.590794046259890e-07	8.004191e-01	8.008259e-01	8.003143e-01
3.591205474831308e-07	8.004235e-01	8.007961e-01	8.003213e-01
3.591616903402727e-07	8.004279e-01	8.007644e-01	8.003286e-01
3.592028331974145e-07	8.004322e-01	8.007308e-01	8.003361e-01
3.592276903402710e-07	8.004348e-01	8.007096e-01	8.003404e-01
3.592525474831275e-07	8.004375e-01	8.006879e-01	8.003447e-01
3.592774046259840e-07	8.004401e-01	8.006656e-01	8.003490e-01
3.593022617688405e-07	8.004427e-01	8.006426e-01	8.003532e-01
3.593271189116970e-07	8.004453e-01	8.006192e-01	8.003573e-01
3.593519760545535e-07	8.004479e-01	8.005951e-01	8.003613e-01
3.593768331974101e-07	8.004505e-01	8.005704e-01	8.003653e-01
3.593778331974100e-07	8.004506e-01	8.005694e-01	8.003655e-01
3.594218331974089e-07	8.004553e-01	8.005242e-01	8.003724e-01
3.594658331974078e-07	8.004599e-01	8.004776e-01	8.003789e-01
3.595098331974067e-07	8.004644e-01	8.004297e-01	8.003850e-01
3.595538331974056e-07	8.004689e-01	8.003806e-01	8.003907e-01
3.595978331974045e-07	8.004734e-01	8.003301e-01	8.003960e-01
3.596418331974033e-07	8.004778e-01	8.002783e-01	8.004009e-01
3.596858331974022e-07	8.004822e-01	8.002252e-01	8.004054e-01
3.597182617688300e-07	8.004853e-01	8.001855e-01	8.004083e-01
3.597506903402577e-07	8.004885e-01	8.001456e-01	8.004108e-01
3.597831189116855e-07	8.004915e-01	8.001054e-01	8.004129e-01
3.598155474831132e-07	8.004945e-01	8.000648e-01	8.004146e-01
3.598479760545410e-07	8.004974e-01	8.000240e-01	8.004159e-01
3.598804046259687e-07	8.005002e-01	7.999829e-01	8.004168e-01
3.599128331973965e-07	8.005030e-01	7.999414e-01	8.004173e-01
3.599278331973961e-07	8.005043e-01	7.999223e-01	8.004174e-01
3.599428331973957e-07	8.005055e-01	7.999031e-01	8.004173e-01
3.599578331973953e-07	8.005067e-01	7.998839e-01	8.004171e-01
3.599728331973950e-07	8.005079e-01	7.998647e-01	8.004169e-01
3.599878331973946e-07	8.005090e-01	7.998455e-01	8.004165e-01
3.600028331973942e-07	8.005102e-01	7.998263e-01	8.004160e-01
3.600178331973938e-07	8.005112e-01	7.998071e-01	8.004154e-01
3.600449760545360e-07	8.005132e-01	7.997724e-01	8.004140e-01
3.600721189116782e-07	8.005151e-01	7.997378e-01	8.004123e-01
3.600992617688203e-07	8.005168e-01	7.997034e-01	8.004102e-01
3.601264046259625e-07	8.005185e-01	7.996691e-01	8.004077e-01
3.601535474831047e-07	8.005201e-01	7.996350e-01	8.004048e-01
3.601806903402468e-07	8.005215e-01	7.996011e-01	8.004016e-01
3.602078331973890e-07	8.005229e-01	7.995673e-01	8.003979e-01
3.602354046259597e-07	8.005241e-01	7.995332e-01	8.003939e-01
3.602629760545305e-07	8.005252e-01	7.994995e-01	8.003895e-01
3.602905474831012e-07	8.005262e-01	7.994662e-01	8.003847e-01
3.603181189116719e-07	8.005271e-01	7.994333e-01	8.003796e-01
3.603456903402427e-07	8.005278e-01	7.994008e-01	8.003741e-01
3.603732617688134e-07	8.005284e-01	7.993687e-01	8.003683e-01
3.604008331973841e-07	8.005288e-01	7.993369e-01	8.003622e-01
3.604018331973841e-07	8.005288e-01	7.993358e-01	8.003620e-01
3.604355474830975e-07	8.005292e-01	7.992976e-01	8.003540e-01
3.604692617688110e-07	8.005293e-01	7.992603e-01	8.003457e-01
3.605029760545244e-07	8.005291e-01	7.992239e-01	8.003371e-01
3.605366903402378e-07	8.005287e-01	7.991884e-01	8.003282e-01
3.605704046259512e-07	8.005280e-01	7.991538e-01	8.003190e-01
3.606041189116647e-07	8.005271e-01	7.991202e-01	8.003094e-01
3.606378331973781e-07	8.005259e-01	7.990873e-01	8.002996e-01
3.606949760545195e-07	8.005233e-01	7.990340e-01	8.002822e-01
3.607521189116609e-07	8.005199e-01	7.989842e-01	8.002649e-01
3.608092617688023e-07	8.005156e-01	7.989379e-01	8.002478e-01
3.608664046259437e-07	8.005104e-01	7.988952e-01	8.002308e-01
3.609235474830852e-07	8.005044e-01	7.988560e-01	8.002139e-01
3.609806903402266e-07	8.004975e-01	7.988204e-01	8.001971e-01
3.610378331973680e-07	8.004898e-01	7.987883e-01	8.001805e-01
3.610862617687953e-07	8.004825e-01	7.987644e-01	8.001671e-01
3.611346903402227e-07	8.004746e-01	7.987435e-01	8.001544e-01
3.611831189116500e-07	8.004661e-01	7.987254e-01	8.001424e-01
3.612315474830774e-07	8.004569e-01	7.987102e-01	8.001311e-01
3.612799760545047e-07	8.004471e-01	7.986979e-01	8.001205e-01
3.613284046259320e-07	8.004367e-01	7.986885e-01	8.001105e-01
3.613768331973594e-07	8.004256e-01	7.986820e-01	8.001012e-01
3.614258331973581e-07	8.004139e-01	7.986784e-01	8.000928e-01
3.614491189116433e-07	8.004081e-01	7.986777e-01	8.000891e-01
3.614724046259284e-07	8.004021e-01	7.986777e-01	8.000856e-01
3.614956903402135e-07	8.003960e-01	7.986783e-01	8.000823e-01
3.615189760544986e-07	8.003898e-01	7.986796e-01	8.000792e-01
3.615422617687838e-07	8.003835e-01	7.986815e-01	8.000763e-01
3.615655474830689e-07	8.003770e-01	7.986841e-01	8.000736e-01
3.615888331973540e-07	8.003705e-01	7.986873e-01	8.000712e-01
3.616225474830674e-07	8.003607e-01	7.986932e-01	8.000680e-01
3.616562617687809e-07	8.003506e-01	7.987003e-01	8.000652e-01
3.616899760544943e-07	8.003404e-01	7.987086e-01	8.000630e-01
3.617236903402077e-07	8.003299e-01	7.987182e-01	8.000611e-01
3.617574046259212e-07	8.003192e-01	7.987291e-01	8.000598e-01
3.617911189116346e-07	8.003082e-01	7.987412e-01	8.000589e-01
3.618248331973480e-07	8.002970e-01	7.987546e-01	8.000584e-01
3.618268331973480e-07	8.002963e-01	7.987555e-01	8.000584e-01
3.618278331973480e-07	8.002960e-01	7.987559e-01	8.000584e-01
3.618288331973479e-07	8.002957e-01	7.987563e-01	8.000584e-01
3.618298331973479e-07	8.002953e-01	7.987567e-01	8.000585e-01
3.618308331973479e-07	8.002950e-01	7.987571e-01	8.000584e-01
3.618318331973479e-07	8.002946e-01	7.987576e-01	8.000584e-01
3.618338331973478e-07	8.002940e-01	7.987584e-01	8.000584e-01
3.618348331973478e-07	8.002936e-01	7.987588e-01	8.000584e-01
3.618358331973478e-07	8.002933e-01	7.987592e-01	8.000584e-01
3.618378331973477e-07	8.002926e-01	7.987601e-01	8.000584e-01
3.618398331973477e-07	8.002920e-01	7.987610e-01	8.000584e-01
3.618408331973476e-07	8.002916e-01	7.987614e-01	8.000584e-01
3.618421189116333e-07	8.002912e-01	7.987619e-01	8.000584e-01
3.618434046259190e-07	8.002908e-01	7.987625e-01	8.000584e-01
3.618446903402047e-07	8.002903e-01	7.987630e-01	8.000584e-01
3.618459760544904e-07	8.002899e-01	7.987636e-01	8.000584e-01
3.618472617687760e-07	8.002895e-01	7.987641e-01	8.000584e-01
3.618485474830617e-07	8.002890e-01	7.987647e-01	8.000584e-01
3.618498331973474e-07	8.002886e-01	7.987652e-01	8.000584e-01
3.618579760544901e-07	8.002858e-01	7.987689e-01	8.000584e-01
3.618661189116327e-07	8.002830e-01	7.987725e-01	8.000585e-01
3.618742617687754e-07	8.002802e-01	7.987763e-01	8.000586e-01
3.618824046259180e-07	8.002774e-01	7.987801e-01	8.000587e-01
3.618905474830607e-07	8.002746e-01	7.987840e-01	8.000589e-01
3.618986903402033e-07	8.002717e-01	7.987879e-01	8.000590e-01
3.619068331973460e-07	8.002689e-01	7.987919e-01	8.000592e-01
3.619191189116314e-07	8.002646e-01	7.987980e-01	8.000595e-01
3.619314046259168e-07	8.002603e-01	7.988043e-01	8.000598e-01
3.619436903402022e-07	8.002559e-01	7.988108e-01	8.000602e-01
3.619559760544876e-07	8.002516e-01	7.988174e-01	8.000606e-01
3.619682617687730e-07	8.002472e-01	7.988241e-01	8.000610e-01
3.619805474830584e-07	8.002427e-01	7.988310e-01	8.000615e-01
3.619928331973438e-07	8.002383e-01	7.988380e-01	8.000619e-01
3.620056903402006e-07	8.002336e-01	7.988454e-01	8.000624e-01
3.620185474830574e-07	8.002289e-01	7.988530e-01	8.000629e-01
3.620314046259142e-07	8.002242e-01	7.988608e-01	8.000635e-01
3.620442617687710e-07	8.002194e-01	7.988687e-01	8.000640e-01
3.620571189116279e-07	8.002146e-01	7.988767e-01	8.000646e-01
3.620699760544847e-07	8.002098e-01	7.988849e-01	8.000652e-01
3.620828331973415e-07	8.002050e-01	7.988933e-01	8.000658e-01
3.621165474830549e-07	8.001922e-01	7.989159e-01	8.000672e-01
3.621502617687684e-07	8.001794e-01	7.989393e-01	8.000690e-01
3.621839760544818e-07	8.001664e-01	7.989635e-01	8.000710e-01
3.622176903401952e-07	8.001533e-01	7.989885e-01	8.000732e-01
3.622514046259087e-07	8.001401e-01	7.990143e-01	8.000758e-01
3.622851189116221e-07	8.001268e-01	7.990410e-01	8.000786e-01
3.623188331973355e-07	8.001133e-01	7.990685e-01	8.000816e-01
3.623374046259065e-07	8.001059e-01	7.990839e-01	8.000835e-01
3.623559760544774e-07	8.000985e-01	7.990994e-01	8.000856e-01
3.623745474830484e-07	8.000910e-01	7.991152e-01	8.000878e-01
3.623931189116194e-07	8.000835e-01	7.991312e-01	8.000901e-01
3.624116903401903e-07	8.000760e-01	7.991473e-01	8.000926e-01
3.624302617687613e-07	8.000685e-01	7.991636e-01	8.000952e-01
3.624488331973322e-07	8.000610e-01	7.991802e-01	8.000979e-01
3.624498331973322e-07	8.000606e-01	7.991810e-01	8.000981e-01
3.625026903401880e-07	8.000390e-01	7.992293e-01	8.001068e-01
3.625555474830438e-07	8.000174e-01	7.992783e-01	8.001163e-01
3.626084046258996e-07	7.999958e-01	7.993282e-01	8.001265e-01
3.626612617687554e-07	7.999743e-01	7.993790e-01	8.001375e-01
3.627141189116112e-07	7.999527e-01	7.994305e-01	8.001492e-01
3.627669760544670e-07	7.999312e-01	7.994829e-01	8.001616e-01
3.628198331973228e-07	7.999097e-01	7.995362e-01	8.001747e-01
3.628642617687503e-07	7.998918e-01	7.995811e-01	8.001858e-01
3.629086903401777e-07	7.998740e-01	7.996259e-01	8.001973e-01
3.629531189116052e-07	7.998564e-01	7.996708e-01	8.002091e-01
3.629975474830326e-07	7.998390e-01	7.997156e-01	8.002213e-01
3.630419760544601e-07	7.998217e-01	7.997604e-01	8.002339e-01
3.630864046258875e-07	7.998045e-01	7.998051e-01	8.002468e-01
3.631308331973149e-07	7.997875e-01	7.998499e-01	8.002601e-01
3.631764046258852e-07	7.997703e-01	7.998954e-01	8.002744e-01
3.632219760544555e-07	7.997534e-01	7.999405e-01	8.002892e-01
3.632675474830258e-07	7.997368e-01	7.999850e-01	8.003048e-01
3.633131189115960e-07	7.997204e-01	8.000290e-01	8.003210e-01
3.633586903401663e-07	7.997044e-01	8.000724e-01	8.003379e-01
3.634042617687366e-07	7.996886e-01	8.001153e-01	8.003554e-01
3.634498331973069e-07	7.996731e-01	8.001577e-01	8.003736e-01
3.634738331973063e-07	7.996651e-01	8.001797e-01	8.003834e-01
3.635214046258765e-07	7.996495e-01	8.002226e-01	8.004038e-01
3.635689760544467e-07	7.996342e-01	8.002646e-01	8.004245e-01
3.636165474830169e-07	7.996194e-01	8.003055e-01	8.004454e-01
3.636641189115872e-07	7.996049e-01	8.003454e-01	8.004666e-01
3.637116903401574e-07	7.995909e-01	8.003843e-01	8.004882e-01
3.637592617687276e-07	7.995772e-01	8.004221e-01	8.005100e-01
3.638068331972978e-07	7.995640e-01	8.004589e-01	8.005322e-01
3.638652617687249e-07	7.995484e-01	8.005025e-01	8.005594e-01
3.639236903401520e-07	7.995334e-01	8.005440e-01	8.005851e-01
3.639821189115791e-07	7.995191e-01	8.005837e-01	8.006091e-01
3.640405474830062e-07	7.995056e-01	8.006213e-01	8.006315e-01
3.640989760544333e-07	7.994927e-01	8.006570e-01	8.006523e-01
3.641574046258604e-07	7.994805e-01	8.006907e-01	8.006715e-01
3.642158331972875e-07	7.994689e-01	8.007225e-01	8.006891e-01
3.642462617687153e-07	7.994632e-01	8.007382e-01	8.006968e-01
3.642766903401431e-07	7.994577e-01	8.007533e-01	8.007038e-01
3.643071189115709e-07	7.994523e-01	8.007678e-01	8.007099e-01
3.643375474829987e-07	7.994472e-01	8.007818e-01	8.007151e-01
3.643679760544265e-07	7.994422e-01	8.007952e-01	8.007195e-01
3.643984046258543e-07	7.994375e-01	8.008080e-01	8.007232e-01
3.644288331972821e-07	7.994329e-01	8.008202e-01	8.007259e-01
3.644385474829961e-07	7.994315e-01	8.008240e-01	8.007266e-01
3.644482617687101e-07	7.994301e-01	8.008277e-01	8.007272e-01
3.644579760544242e-07	7.994287e-01	8.008314e-01	8.007277e-01
3.644676903401382e-07	7.994274e-01	8.008350e-01	8.007281e-01
3.644774046258523e-07	7.994260e-01	8.008386e-01	8.007284e-01
3.644871189115663e-07	7.994247e-01	8.008421e-01	8.007286e-01
3.644968331972803e-07	7.994234e-01	8.008456e-01	8.007287e-01
3.644978331972803e-07	7.994232e-01	8.008459e-01	8.007287e-01
3.646228331972771e-07	7.994082e-01	8.008850e-01	8.007219e-01
3.646606903401333e-07	7.994043e-01	8.008949e-01	8.007167e-01
3.646985474829895e-07	7.994006e-01	8.009040e-01	8.007102e-01
3.647364046258457e-07	7.993973e-01	8.009123e-01	8.007024e-01
3.647742617687019e-07	7.993942e-01	8.009197e-01	8.006933e-01
3.648121189115581e-07	7.993914e-01	8.009263e-01	8.006829e-01
3.648499760544143e-07	7.993888e-01	8.009321e-01	8.006712e-01
3.648878331972704e-07	7.993866e-01	8.009370e-01	8.006582e-01
3.649289760544122e-07	7.993844e-01	8.009414e-01	8.006426e-01
3.649701189115541e-07	7.993826e-01	8.009449e-01	8.006261e-01
3.650112617686959e-07	7.993810e-01	8.009476e-01	8.006085e-01
3.650524046258377e-07	7.993798e-01	8.009493e-01	8.005898e-01
3.650935474829795e-07	7.993789e-01	8.009502e-01	8.005701e-01
3.651346903401213e-07	7.993783e-01	8.009501e-01	8.005494e-01
3.651758331972631e-07	7.993780e-01	8.009492e-01	8.005276e-01
3.652251189115476e-07	7.993780e-01	8.009469e-01	8.005004e-01
3.652744046258321e-07	7.993784e-01	8.009436e-01	8.004726e-01
3.653236903401165e-07	7.993792e-01	8.009392e-01	8.004444e-01
3.653729760544010e-07	7.993803e-01	8.009337e-01	8.004157e-01
3.654222617686855e-07	7.993819e-01	8.009271e-01	8.003865e-01
3.654715474829699e-07	7.993838e-01	8.009195e-01	8.003567e-01
3.655208331972544e-07	7.993861e-01	8.009108e-01	8.003265e-01
3.655218331972544e-07	7.993862e-01	8.009106e-01	8.003259e-01
3.655899760543955e-07	7.993901e-01	8.008969e-01	8.002839e-01
3.656581189115366e-07	7.993945e-01	8.008817e-01	8.002429e-01
3.657262617686778e-07	7.993995e-01	8.008650e-01	8.002028e-01
3.657944046258189e-07	7.994051e-01	8.008470e-01	8.001636e-01
3.658625474829600e-07	7.994113e-01	8.008274e-01	8.001254e-01
3.659306903401012e-07	7.994181e-01	8.008065e-01	8.000881e-01
3.659988331972423e-07	7.994254e-01	8.007841e-01	8.000517e-01
3.660694046258119e-07	7.994336e-01	8.007597e-01	8.000161e-01
3.661399760543816e-07	7.994422e-01	8.007345e-01	7.999823e-01
3.662105474829512e-07	7.994513e-01	8.007086e-01	7.999504e-01
3.662811189115208e-07	7.994608e-01	8.006818e-01	7.999203e-01
3.663516903400905e-07	7.994708e-01	8.006543e-01	7.998920e-01
3.664222617686601e-07	7.994812e-01	8.006260e-01	7.998655e-01
3.664928331972298e-07	7.994920e-01	8.005969e-01	7.998409e-01
3.665458331972284e-07	7.995003e-01	8.005749e-01	7.998235e-01
3.666666903400825e-07	7.995203e-01	8.005232e-01	7.997887e-01
3.667875474829366e-07	7.995408e-01	8.004717e-01	7.997573e-01
3.669084046257907e-07	7.995620e-01	8.004206e-01	7.997294e-01
3.670292617686448e-07	7.995838e-01	8.003698e-01	7.997050e-01
3.671501189114988e-07	7.996061e-01	8.003194e-01	7.996841e-01
3.672709760543529e-07	7.996291e-01	8.002692e-01	7.996666e-01
3.673918331972070e-07	7.996526e-01	8.002194e-01	7.996526e-01
3.674171189114921e-07	7.996575e-01	8.002093e-01	7.996498e-01
3.674424046257771e-07	7.996624e-01	8.001993e-01	7.996470e-01
3.674676903400622e-07	7.996673e-01	8.001893e-01	7.996443e-01
3.674929760543473e-07	7.996723e-01	8.001794e-01	7.996416e-01
3.675182617686324e-07	7.996772e-01	8.001696e-01	7.996390e-01
3.675435474829174e-07	7.996822e-01	8.001599e-01	7.996365e-01
3.675688331972025e-07	7.996871e-01	8.001502e-01	7.996341e-01
3.675698331972025e-07	7.996873e-01	8.001498e-01	7.996340e-01
3.675979760543446e-07	7.996929e-01	8.001391e-01	7.996314e-01
3.676261189114868e-07	7.996984e-01	8.001286e-01	7.996288e-01
3.676542617686289e-07	7.997039e-01	8.001181e-01	7.996264e-01
3.676824046257711e-07	7.997095e-01	8.001077e-01	7.996240e-01
3.677105474829132e-07	7.997150e-01	8.000975e-01	7.996217e-01
3.677386903400553e-07	7.997206e-01	8.000873e-01	7.996194e-01
3.677668331971975e-07	7.997261e-01	8.000772e-01	7.996172e-01
3.677745474829116e-07	7.997276e-01	8.000744e-01	7.996166e-01
3.677822617686257e-07	7.997291e-01	8.000717e-01	7.996161e-01
3.677899760543398e-07	7.997306e-01	8.000690e-01	7.996155e-01
3.677976903400539e-07	7.997320e-01	8.000662e-01	7.996149e-01
3.678054046257679e-07	7.997334e-01	8.000635e-01	7.996144e-01
3.678131189114820e-07	7.997348e-01	8.000608e-01	7.996138e-01
3.678208331971961e-07	7.997362e-01	8.000581e-01	7.996132e-01
3.678376903400528e-07	7.997390e-01	8.000522e-01	7.996120e-01
3.678545474829096e-07	7.997417e-01	8.000462e-01	7.996109e-01
3.678714046257663e-07	7.997444e-01	8.000402e-01	7.996097e-01
3.678882617686230e-07	7.997470e-01	8.000341e-01	7.996086e-01
3.679051189114797e-07	7.997495e-01	8.000281e-01	7.996074e-01
3.679219760543364e-07	7.997520e-01	8.000220e-01	7.996063e-01
3.679388331971931e-07	7.997544e-01	8.000159e-01	7.996053e-01
3.679516903400500e-07	7.997564e-01	8.000112e-01	7.996044e-01
3.679645474829068e-07	7.997583e-01	8.000066e-01	7.996036e-01
3.679774046257636e-07	7.997603e-01	8.000019e-01	7.996028e-01
3.679902617686204e-07	7.997623e-01	7.999974e-01	7.996021e-01
3.680031189114772e-07	7.997644e-01	7.999928e-01	7.996013e-01
3.680159760543340e-07	7.997665e-01	7.999883e-01	7.996006e-01
3.680288331971909e-07	7.997686e-01	7.999839e-01	7.995998e-01
3.680465474829047e-07	7.997717e-01	7.999779e-01	7.995988e-01
3.680642617686185e-07	7.997748e-01	7.999721e-01	7.995978e-01
3.680819760543324e-07	7.997778e-01	7.999665e-01	7.995968e-01
3.680996903400462e-07	7.997809e-01	7.999611e-01	7.995958e-01
3.681174046257600e-07	7.997840e-01	7.999560e-01	7.995949e-01
3.681351189114739e-07	7.997870e-01	7.999510e-01	7.995940e-01
3.681528331971877e-07	7.997901e-01	7.999463e-01	7.995931e-01
3.681692617686159e-07	7.997929e-01	7.999422e-01	7.995922e-01
3.681856903400440e-07	7.997955e-01	7.999383e-01	7.995914e-01
3.682021189114722e-07	7.997981e-01	7.999346e-01	7.995906e-01
3.682185474829003e-07	7.998005e-01	7.999310e-01	7.995898e-01
3.682349760543285e-07	7.998028e-01	7.999276e-01	7.995891e-01
3.682514046257566e-07	7.998050e-01	7.999244e-01	7.995883e-01
3.682678331971848e-07	7.998071e-01	7.999214e-01	7.995876e-01
3.682809760543273e-07	7.998086e-01	7.999191e-01	7.995870e-01
3.682941189114698e-07	7.998100e-01	7.999168e-01	7.995864e-01
3.683072617686124e-07	7.998113e-01	7.999145e-01	7.995859e-01
3.683204046257549e-07	7.998125e-01	7.999122e-01	7.995853e-01
3.683335474828974e-07	7.998136e-01	7.999100e-01	7.995848e-01
3.683466903400399e-07	7.998145e-01	7.999078e-01	7.995842e-01
3.683598331971825e-07	7.998154e-01	7.999056e-01	7.995837e-01
3.683711189114679e-07	7.998161e-01	7.999037e-01	7.995833e-01
3.683824046257533e-07	7.998166e-01	7.999017e-01	7.995828e-01
3.683936903400388e-07	7.998171e-01	7.998997e-01	7.995824e-01
3.684049760543242e-07	7.998176e-01	7.998976e-01	7.995820e-01
3.684162617686096e-07	7.998180e-01	7.998955e-01	7.995815e-01
3.684275474828950e-07	7.998183e-01	7.998934e-01	7.995811e-01
3.684388331971805e-07	7.998186e-01	7.998912e-01	7.995807e-01
3.684491189114659e-07	7.998188e-01	7.998891e-01	7.995803e-01
3.684594046257514e-07	7.998190e-01	7.998869e-01	7.995800e-01
3.684696903400368e-07	7.998191e-01	7.998846e-01	7.995796e-01
3.684799760543223e-07	7.998192e-01	7.998823e-01	7.995793e-01
3.684902617686077e-07	7.998193e-01	7.998799e-01	7.995789e-01
3.685005474828932e-07	7.998193e-01	7.998774e-01	7.995786e-01
3.685108331971786e-07	7.998194e-01	7.998748e-01	7.995782e-01
3.685225474828926e-07	7.998194e-01	7.998717e-01	7.995779e-01
3.685342617686066e-07	7.998194e-01	7.998684e-01	7.995775e-01
3.685459760543206e-07	7.998194e-01	7.998651e-01	7.995772e-01
3.685576903400346e-07	7.998194e-01	7.998616e-01	7.995768e-01
3.685694046257486e-07	7.998195e-01	7.998579e-01	7.995765e-01
3.685811189114626e-07	7.998195e-01	7.998542e-01	7.995761e-01
3.685928331971766e-07	7.998195e-01	7.998503e-01	7.995758e-01
3.685938331971765e-07	7.998195e-01	7.998499e-01	7.995757e-01
3.686064046257476e-07	7.998196e-01	7.998455e-01	7.995754e-01
3.686189760543188e-07	7.998198e-01	7.998410e-01	7.995751e-01
3.686315474828899e-07	7.998200e-01	7.998363e-01	7.995747e-01
3.686441189114610e-07	7.998203e-01	7.998315e-01	7.995744e-01
3.686566903400321e-07	7.998207e-01	7.998265e-01	7.995741e-01
3.686692617686032e-07	7.998211e-01	7.998213e-01	7.995738e-01
3.686818331971743e-07	7.998216e-01	7.998160e-01	7.995735e-01
3.686972617686025e-07	7.998223e-01	7.998093e-01	7.995731e-01
3.687126903400307e-07	7.998232e-01	7.998024e-01	7.995728e-01
3.687281189114589e-07	7.998243e-01	7.997954e-01	7.995724e-01
3.687435474828870e-07	7.998255e-01	7.997882e-01	7.995721e-01
3.687589760543152e-07	7.998270e-01	7.997809e-01	7.995718e-01
3.687744046257434e-07	7.998286e-01	7.997735e-01	7.995715e-01
3.687898331971716e-07	7.998303e-01	7.997659e-01	7.995713e-01
3.688101189114568e-07	7.998330e-01	7.997557e-01	7.995709e-01
3.688304046257420e-07	7.998360e-01	7.997456e-01	7.995706e-01
3.688506903400272e-07	7.998394e-01	7.997356e-01	7.995703e-01
3.688709760543124e-07	7.998432e-01	7.997257e-01	7.995700e-01
3.688912617685976e-07	7.998473e-01	7.997158e-01	7.995697e-01
3.689115474828828e-07	7.998519e-01	7.997060e-01	7.995695e-01
3.689318331971680e-07	7.998568e-01	7.996963e-01	7.995693e-01
3.689561189114531e-07	7.998632e-01	7.996851e-01	7.995691e-01
3.689804046257382e-07	7.998701e-01	7.996745e-01	7.995689e-01
3.690046903400233e-07	7.998775e-01	7.996647e-01	7.995688e-01
3.690289760543084e-07	7.998853e-01	7.996555e-01	7.995687e-01
3.690532617685935e-07	7.998936e-01	7.996471e-01	7.995686e-01
3.690775474828786e-07	7.999023e-01	7.996394e-01	7.995685e-01
3.691018331971637e-07	7.999116e-01	7.996324e-01	7.995685e-01
3.691175474828776e-07	7.999177e-01	7.996284e-01	7.995686e-01
3.691332617685914e-07	7.999239e-01	7.996249e-01	7.995686e-01
3.691489760543053e-07	7.999303e-01	7.996218e-01	7.995687e-01
3.691646903400192e-07	7.999367e-01	7.996192e-01	7.995687e-01
3.691804046257331e-07	7.999433e-01	7.996169e-01	7.995688e-01
3.691961189114470e-07	7.999501e-01	7.996151e-01	7.995689e-01
3.692118331971609e-07	7.999569e-01	7.996138e-01	7.995690e-01
3.692235474828749e-07	7.999620e-01	7.996131e-01	7.995691e-01
3.692352617685889e-07	7.999672e-01	7.996126e-01	7.995692e-01
3.692469760543028e-07	7.999723e-01	7.996124e-01	7.995694e-01
3.692586903400168e-07	7.999775e-01	7.996124e-01	7.995695e-01
3.692704046257308e-07	7.999828e-01	7.996127e-01	7.995696e-01
3.692821189114448e-07	7.999880e-01	7.996132e-01	7.995698e-01
3.692938331971588e-07	7.999933e-01	7.996140e-01	7.995700e-01
3.693111189114441e-07	8.000012e-01	7.996156e-01	7.995702e-01
3.693284046257294e-07	8.000090e-01	7.996176e-01	7.995705e-01
3.693456903400146e-07	8.000168e-01	7.996201e-01	7.995708e-01
3.693629760542999e-07	8.000246e-01	7.996231e-01	7.995711e-01
3.693802617685852e-07	8.000324e-01	7.996266e-01	7.995714e-01
3.693975474828705e-07	8.000401e-01	7.996305e-01	7.995718e-01
3.694148331971557e-07	8.000479e-01	7.996349e-01	7.995722e-01
3.694436903400122e-07	8.000607e-01	7.996433e-01	7.995729e-01
3.694725474828686e-07	8.000732e-01	7.996524e-01	7.995737e-01
3.695014046257250e-07	8.000854e-01	7.996621e-01	7.995745e-01
3.695302617685814e-07	8.000974e-01	7.996724e-01	7.995754e-01
3.695591189114378e-07	8.001090e-01	7.996834e-01	7.995764e-01
3.695879760542942e-07	8.001203e-01	7.996950e-01	7.995775e-01
3.696168331971506e-07	8.001314e-01	7.997072e-01	7.995786e-01
3.696178331971506e-07	8.001317e-01	7.997076e-01	7.995787e-01
3.696488331971498e-07	8.001431e-01	7.997208e-01	7.995800e-01
3.696798331971490e-07	8.001539e-01	7.997336e-01	7.995814e-01
3.697108331971482e-07	8.001643e-01	7.997458e-01	7.995828e-01
3.697418331971475e-07	8.001741e-01	7.997575e-01	7.995844e-01
3.697728331971467e-07	8.001834e-01	7.997687e-01	7.995861e-01
3.698038331971459e-07	8.001922e-01	7.997794e-01	7.995878e-01
3.698348331971451e-07	8.002005e-01	7.997895e-01	7.995896e-01
3.698549760542874e-07	8.002057e-01	7.997954e-01	7.995909e-01
3.698751189114298e-07	8.002106e-01	7.998007e-01	7.995922e-01
3.698952617685721e-07	8.002153e-01	7.998055e-01	7.995935e-01
3.699154046257145e-07	8.002198e-01	7.998098e-01	7.995949e-01
3.699355474828568e-07	8.002241e-01	7.998135e-01	7.995963e-01
3.699556903399992e-07	8.002281e-01	7.998167e-01	7.995977e-01
3.699758331971415e-07	8.002320e-01	7.998193e-01	7.995992e-01
3.699869760542841e-07	8.002341e-01	7.998204e-01	7.996001e-01
3.699981189114267e-07	8.002361e-01	7.998214e-01	7.996009e-01
3.700092617685692e-07	8.002380e-01	7.998222e-01	7.996018e-01
3.700204046257118e-07	8.002399e-01	7.998228e-01	7.996027e-01
3.700315474828544e-07	8.002417e-01	7.998232e-01	7.996036e-01
3.700426903399970e-07	8.002435e-01	7.998234e-01	7.996045e-01
3.700538331971395e-07	8.002452e-01	7.998234e-01	7.996054e-01
3.700675474828535e-07	8.002473e-01	7.998232e-01	7.996066e-01
3.700812617685674e-07	8.002492e-01	7.998226e-01	7.996077e-01
3.700949760542814e-07	8.002511e-01	7.998218e-01	7.996089e-01
3.701086903399953e-07	8.002529e-01	7.998207e-01	7.996102e-01
3.701224046257092e-07	8.002546e-01	7.998192e-01	7.996114e-01
3.701361189114232e-07	8.002563e-01	7.998175e-01	7.996127e-01
3.701498331971371e-07	8.002578e-01	7.998155e-01	7.996140e-01
3.701742617685651e-07	8.002604e-01	7.998112e-01	7.996163e-01
3.701986903399930e-07	8.002627e-01	7.998061e-01	7.996187e-01
3.702231189114210e-07	8.002648e-01	7.998002e-01	7.996212e-01
3.702475474828489e-07	8.002667e-01	7.997935e-01	7.996237e-01
3.702719760542769e-07	8.002684e-01	7.997861e-01	7.996263e-01
3.702964046257048e-07	8.002699e-01	7.997779e-01	7.996290e-01
3.703208331971328e-07	8.002712e-01	7.997689e-01	7.996317e-01
3.703665474828459e-07	8.002729e-01	7.997496e-01	7.996370e-01
3.704122617685590e-07	8.002741e-01	7.997297e-01	7.996426e-01
3.704579760542722e-07	8.002747e-01	7.997093e-01	7.996484e-01
3.705036903399853e-07	8.002748e-01	7.996881e-01	7.996545e-01
3.705494046256984e-07	8.002743e-01	7.996664e-01	7.996608e-01
3.705951189114115e-07	8.002732e-01	7.996440e-01	7.996674e-01
3.706408331971247e-07	8.002716e-01	7.996210e-01	7.996742e-01
3.706418331971247e-07	8.002715e-01	7.996206e-01	7.996743e-01
3.706744046256953e-07	8.002701e-01	7.996052e-01	7.996794e-01
3.707069760542659e-07	8.002684e-01	7.995909e-01	7.996845e-01
3.707395474828365e-07	8.002666e-01	7.995775e-01	7.996898e-01
3.707721189114071e-07	8.002646e-01	7.995651e-01	7.996952e-01
3.708046903399777e-07	8.002624e-01	7.995536e-01	7.997007e-01
3.708372617685483e-07	8.002600e-01	7.995432e-01	7.997063e-01
3.708698331971189e-07	8.002575e-01	7.995337e-01	7.997121e-01
3.708839760542614e-07	8.002564e-01	7.995301e-01	7.997146e-01
3.708981189114039e-07	8.002552e-01	7.995268e-01	7.997172e-01
3.709122617685464e-07	8.002540e-01	7.995238e-01	7.997198e-01
3.709264046256889e-07	8.002528e-01	7.995210e-01	7.997224e-01
3.709405474828314e-07	8.002516e-01	7.995185e-01	7.997250e-01
3.709546903399739e-07	8.002503e-01	7.995163e-01	7.997276e-01
3.709688331971164e-07	8.002490e-01	7.995144e-01	7.997303e-01
3.709698331971163e-07	8.002490e-01	7.995143e-01	7.997305e-01
3.709708331971163e-07	8.002489e-01	7.995141e-01	7.997307e-01
3.709718331971163e-07	8.002488e-01	7.995141e-01	7.997309e-01
3.709728331971163e-07	8.002487e-01	7.995139e-01	7.997311e-01
3.709738331971162e-07	8.002486e-01	7.995138e-01	7.997313e-01
3.709748331971162e-07	8.002485e-01	7.995137e-01	7.997314e-01
3.709758331971162e-07	8.002484e-01	7.995136e-01	7.997317e-01
3.709805474828304e-07	8.002480e-01	7.995131e-01	7.997326e-01
3.709852617685445e-07	8.002476e-01	7.995126e-01	7.997335e-01
3.709899760542587e-07	8.002472e-01	7.995121e-01	7.997344e-01
3.709946903399729e-07	8.002467e-01	7.995116e-01	7.997353e-01
3.709994046256870e-07	8.002463e-01	7.995112e-01	7.997362e-01
3.710041189114012e-07	8.002459e-01	7.995108e-01	7.997371e-01
3.710088331971154e-07	8.002454e-01	7.995104e-01	7.997380e-01
3.710141189114009e-07	8.002449e-01	7.995099e-01	7.997390e-01
3.710194046256865e-07	8.002445e-01	7.995095e-01	7.997401e-01
3.710246903399721e-07	8.002440e-01	7.995092e-01	7.997411e-01
3.710299760542577e-07	8.002435e-01	7.995088e-01	7.997421e-01
3.710352617685433e-07	8.002430e-01	7.995085e-01	7.997432e-01
3.710405474828288e-07	8.002425e-01	7.995082e-01	7.997442e-01
3.710458331971144e-07	8.002420e-01	7.995079e-01	7.997453e-01
3.710521189114000e-07	8.002414e-01	7.995076e-01	7.997465e-01
3.710584046256855e-07	8.002408e-01	7.995073e-01	7.997478e-01
3.710646903399711e-07	8.002403e-01	7.995071e-01	7.997490e-01
3.710709760542566e-07	8.002397e-01	7.995070e-01	7.997503e-01
3.710772617685422e-07	8.002391e-01	7.995068e-01	7.997516e-01
3.710835474828277e-07	8.002386e-01	7.995068e-01	7.997529e-01
3.710898331971133e-07	8.002380e-01	7.995068e-01	7.997541e-01
3.710969760542560e-07	8.002374e-01	7.995069e-01	7.997556e-01
3.711041189113987e-07	8.002367e-01	7.995070e-01	7.997571e-01
3.711112617685413e-07	8.002361e-01	7.995073e-01	7.997585e-01
3.711184046256840e-07	8.002355e-01	7.995077e-01	7.997600e-01
3.711255474828267e-07	8.002349e-01	7.995082e-01	7.997615e-01
3.711326903399694e-07	8.002343e-01	7.995088e-01	7.997630e-01
3.711398331971120e-07	8.002338e-01	7.995095e-01	7.997645e-01
3.711491189113975e-07	8.002331e-01	7.995107e-01	7.997664e-01
3.711584046256830e-07	8.002324e-01	7.995121e-01	7.997683e-01
3.711676903399685e-07	8.002317e-01	7.995137e-01	7.997703e-01
3.711769760542540e-07	8.002311e-01	7.995156e-01	7.997722e-01
3.711862617685394e-07	8.002305e-01	7.995177e-01	7.997742e-01
3.711955474828249e-07	8.002299e-01	7.995200e-01	7.997762e-01
3.712048331971104e-07	8.002294e-01	7.995226e-01	7.997782e-01
3.712149760542530e-07	8.002289e-01	7.995258e-01	7.997804e-01
3.712251189113956e-07	8.002285e-01	7.995292e-01	7.997826e-01
3.712352617685382e-07	8.002281e-01	7.995330e-01	7.997848e-01
3.712454046256808e-07	8.002278e-01	7.995370e-01	7.997870e-01
3.712555474828234e-07	8.002275e-01	7.995414e-01	7.997893e-01
3.712656903399660e-07	8.002274e-01	7.995461e-01	7.997915e-01
3.712758331971086e-07	8.002272e-01	7.995510e-01	7.997938e-01
3.712826903399656e-07	8.002272e-01	7.995545e-01	7.997953e-01
3.712895474828225e-07	8.002272e-01	7.995581e-01	7.997968e-01
3.712964046256795e-07	8.002272e-01	7.995619e-01	7.997984e-01
3.713032617685365e-07	8.002273e-01	7.995657e-01	7.997999e-01
3.713101189113934e-07	8.002274e-01	7.995697e-01	7.998015e-01
3.713169760542504e-07	8.002275e-01	7.995737e-01	7.998030e-01
3.713238331971074e-07	8.002276e-01	7.995779e-01	7.998046e-01
3.713355474828214e-07	8.002280e-01	7.995853e-01	7.998072e-01
3.713472617685354e-07	8.002284e-01	7.995930e-01	7.998099e-01
3.713589760542493e-07	8.002290e-01	7.996008e-01	7.998126e-01
3.713706903399633e-07	8.002296e-01	7.996089e-01	7.998153e-01
3.713824046256773e-07	8.002304e-01	7.996172e-01	7.998180e-01
3.713941189113913e-07	8.002312e-01	7.996257e-01	7.998207e-01
3.714058331971053e-07	8.002322e-01	7.996344e-01	7.998235e-01
3.714256903399619e-07	8.002340e-01	7.996496e-01	7.998281e-01
3.714455474828186e-07	8.002360e-01	7.996647e-01	7.998328e-01
3.714654046256752e-07	8.002383e-01	7.996800e-01	7.998376e-01
3.714852617685319e-07	8.002407e-01	7.996952e-01	7.998424e-01
3.715051189113885e-07	8.002433e-01	7.997104e-01	7.998472e-01
3.715249760542451e-07	8.002461e-01	7.997257e-01	7.998520e-01
3.715448331971018e-07	8.002490e-01	7.997410e-01	7.998569e-01
3.715619760542442e-07	8.002517e-01	7.997538e-01	7.998611e-01
3.715791189113866e-07	8.002543e-01	7.997663e-01	7.998653e-01
3.715962617685290e-07	8.002570e-01	7.997785e-01	7.998696e-01
3.716134046256715e-07	8.002597e-01	7.997905e-01	7.998739e-01
3.716305474828139e-07	8.002623e-01	7.998021e-01	7.998782e-01
3.716476903399563e-07	8.002650e-01	7.998134e-01	7.998825e-01
3.716648331970987e-07	8.002677e-01	7.998244e-01	7.998869e-01
3.716658331970987e-07	8.002679e-01	7.998250e-01	7.998871e-01
3.716852617685268e-07	8.002709e-01	7.998370e-01	7.998921e-01
3.717046903399549e-07	8.002737e-01	7.998485e-01	7.998970e-01
3.717241189113829e-07	8.002765e-01	7.998596e-01	7.999020e-01
3.717435474828110e-07	8.002791e-01	7.998703e-01	7.999070e-01
3.717629760542391e-07	8.002817e-01	7.998806e-01	7.999121e-01
3.717824046256672e-07	8.002841e-01	7.998904e-01	7.999171e-01
3.718018331970953e-07	8.002864e-01	7.998998e-01	7.999222e-01
3.718191189113805e-07	8.002883e-01	7.999079e-01	7.999268e-01
3.718364046256658e-07	8.002901e-01	7.999157e-01	7.999313e-01
3.718536903399511e-07	8.002918e-01	7.999233e-01	7.999359e-01
3.718709760542364e-07	8.002933e-01	7.999307e-01	7.999404e-01
3.718882617685216e-07	8.002948e-01	7.999378e-01	7.999450e-01
3.719055474828069e-07	8.002961e-01	7.999448e-01	7.999496e-01
3.719228331970922e-07	8.002973e-01	7.999515e-01	7.999542e-01
3.719409760542346e-07	8.002984e-01	7.999584e-01	7.999590e-01
3.719591189113770e-07	8.002995e-01	7.999652e-01	7.999639e-01
3.719772617685194e-07	8.003004e-01	7.999719e-01	7.999688e-01
3.719954046256618e-07	8.003013e-01	7.999784e-01	7.999737e-01
3.720135474828042e-07	8.003021e-01	7.999848e-01	7.999785e-01
3.720316903399466e-07	8.003029e-01	7.999911e-01	7.999834e-01
3.720498331970890e-07	8.003035e-01	7.999973e-01	7.999883e-01
3.720742617685169e-07	8.003043e-01	8.000056e-01	7.999949e-01
3.720986903399449e-07	8.003051e-01	8.000138e-01	8.000015e-01
3.721231189113728e-07	8.003060e-01	8.000218e-01	8.000081e-01
3.721475474828008e-07	8.003069e-01	8.000297e-01	8.000148e-01
3.721719760542287e-07	8.003079e-01	8.000374e-01	8.000214e-01
3.721964046256567e-07	8.003089e-01	8.000450e-01	8.000280e-01
3.722208331970846e-07	8.003099e-01	8.000525e-01	8.000347e-01
3.722389760542270e-07	8.003108e-01	8.000580e-01	8.000396e-01
3.722571189113694e-07	8.003118e-01	8.000633e-01	8.000445e-01
3.722752617685118e-07	8.003129e-01	8.000685e-01	8.000495e-01
3.722934046256542e-07	8.003142e-01	8.000736e-01	8.000544e-01
3.723115474827966e-07	8.003155e-01	8.000784e-01	8.000593e-01
3.723296903399390e-07	8.003170e-01	8.000831e-01	8.000642e-01
3.723478331970814e-07	8.003186e-01	8.000877e-01	8.000692e-01
3.723682617685095e-07	8.003205e-01	8.000926e-01	8.000747e-01
3.723886903399375e-07	8.003227e-01	8.000972e-01	8.000802e-01
3.724091189113656e-07	8.003250e-01	8.001015e-01	8.000857e-01
3.724295474827936e-07	8.003274e-01	8.001055e-01	8.000911e-01
3.724499760542217e-07	8.003301e-01	8.001091e-01	8.000966e-01
3.724704046256498e-07	8.003329e-01	8.001124e-01	8.001021e-01
3.724908331970778e-07	8.003358e-01	8.001153e-01	8.001075e-01
3.725071189113631e-07	8.003383e-01	8.001174e-01	8.001119e-01
3.725234046256484e-07	8.003409e-01	8.001192e-01	8.001162e-01
3.725396903399337e-07	8.003435e-01	8.001207e-01	8.001205e-01
3.725559760542190e-07	8.003462e-01	8.001219e-01	8.001248e-01
3.725722617685043e-07	8.003489e-01	8.001228e-01	8.001290e-01
3.725885474827896e-07	8.003518e-01	8.001235e-01	8.001333e-01
3.726048331970749e-07	8.003547e-01	8.001239e-01	8.001376e-01
3.726159760542175e-07	8.003567e-01	8.001240e-01	8.001405e-01
3.726271189113601e-07	8.003587e-01	8.001239e-01	8.001434e-01
3.726382617685026e-07	8.003607e-01	8.001237e-01	8.001463e-01
3.726494046256452e-07	8.003627e-01	8.001234e-01	8.001492e-01
3.726605474827878e-07	8.003647e-01	8.001229e-01	8.001521e-01
3.726716903399304e-07	8.003668e-01	8.001223e-01	8.001549e-01
3.726828331970729e-07	8.003688e-01	8.001215e-01	8.001578e-01
3.726898331970728e-07	8.003701e-01	8.001209e-01	8.001596e-01
3.727118331970722e-07	8.003742e-01	8.001188e-01	8.001653e-01
3.727338331970716e-07	8.003781e-01	8.001161e-01	8.001709e-01
3.727558331970711e-07	8.003819e-01	8.001129e-01	8.001764e-01
3.727778331970705e-07	8.003855e-01	8.001092e-01	8.001819e-01
3.727998331970700e-07	8.003890e-01	8.001049e-01	8.001874e-01
3.728218331970694e-07	8.003923e-01	8.001002e-01	8.001929e-01
3.728438331970689e-07	8.003955e-01	8.000948e-01	8.001983e-01
3.728655474827826e-07	8.003984e-01	8.000891e-01	8.002036e-01
3.728872617684963e-07	8.004009e-01	8.000830e-01	8.002088e-01
3.729089760542101e-07	8.004030e-01	8.000765e-01	8.002141e-01
3.729306903399238e-07	8.004048e-01	8.000697e-01	8.002193e-01
3.729524046256375e-07	8.004062e-01	8.000625e-01	8.002244e-01
3.729741189113513e-07	8.004073e-01	8.000549e-01	8.002295e-01
3.729958331970650e-07	8.004081e-01	8.000469e-01	8.002346e-01
3.730065474827790e-07	8.004082e-01	8.000429e-01	8.002370e-01
3.730172617684930e-07	8.004082e-01	8.000388e-01	8.002395e-01
3.730279760542071e-07	8.004082e-01	8.000347e-01	8.002420e-01
3.730386903399211e-07	8.004079e-01	8.000305e-01	8.002444e-01
3.730494046256351e-07	8.004076e-01	8.000263e-01	8.002468e-01
3.730601189113491e-07	8.004072e-01	8.000220e-01	8.002493e-01
3.730708331970631e-07	8.004066e-01	8.000177e-01	8.002517e-01
3.730922617684911e-07	8.004050e-01	8.000088e-01	8.002565e-01
3.731136903399192e-07	8.004029e-01	7.999998e-01	8.002612e-01
3.731351189113472e-07	8.004003e-01	7.999908e-01	8.002659e-01
3.731565474827752e-07	8.003970e-01	7.999818e-01	8.002705e-01
3.731779760542033e-07	8.003932e-01	7.999726e-01	8.002750e-01
3.731994046256313e-07	8.003888e-01	7.999634e-01	8.002795e-01
3.732208331970593e-07	8.003839e-01	7.999541e-01	8.002840e-01
3.732514046256300e-07	8.003757e-01	7.999409e-01	8.002903e-01
3.732819760542006e-07	8.003663e-01	7.999280e-01	8.002964e-01
3.733125474827713e-07	8.003557e-01	7.999153e-01	8.003025e-01
3.733431189113419e-07	8.003439e-01	7.999029e-01	8.003084e-01
3.733736903399126e-07	8.003309e-01	7.998907e-01	8.003141e-01
3.734042617684832e-07	8.003167e-01	7.998789e-01	8.003198e-01
3.734348331970539e-07	8.003013e-01	7.998673e-01	8.003253e-01
3.734675474827673e-07	8.002834e-01	7.998555e-01	8.003311e-01
3.735002617684808e-07	8.002646e-01	7.998442e-01	8.003367e-01
3.735329760541943e-07	8.002447e-01	7.998335e-01	8.003422e-01
3.735656903399077e-07	8.002239e-01	7.998233e-01	8.003475e-01
3.735984046256212e-07	8.002021e-01	7.998136e-01	8.003527e-01
3.736311189113346e-07	8.001793e-01	7.998045e-01	8.003577e-01
3.736638331970481e-07	8.001555e-01	7.997959e-01	8.003625e-01
3.737138331970468e-07	8.001181e-01	7.997838e-01	8.003696e-01
3.737604046256171e-07	8.000815e-01	7.997739e-01	8.003758e-01
3.738069760541873e-07	8.000451e-01	7.997644e-01	8.003817e-01
3.738535474827576e-07	8.000089e-01	7.997555e-01	8.003873e-01
3.739001189113278e-07	7.999728e-01	7.997470e-01	8.003924e-01
3.739466903398981e-07	7.999370e-01	7.997390e-01	8.003973e-01
3.739932617684683e-07	7.999014e-01	7.997314e-01	8.004017e-01
3.740398331970386e-07	7.998660e-01	7.997243e-01	8.004059e-01
3.740758331970376e-07	7.998399e-01	7.997187e-01	8.004088e-01
3.741118331970367e-07	7.998150e-01	7.997127e-01	8.004115e-01
3.741478331970358e-07	7.997913e-01	7.997065e-01	8.004139e-01
3.741838331970349e-07	7.997689e-01	7.997000e-01	8.004162e-01
3.742198331970340e-07	7.997476e-01	7.996932e-01	8.004183e-01
3.742558331970331e-07	7.997276e-01	7.996861e-01	8.004201e-01
3.742918331970322e-07	7.997088e-01	7.996788e-01	8.004217e-01
3.743252617684599e-07	7.996930e-01	7.996715e-01	8.004230e-01
3.743586903398876e-07	7.996786e-01	7.996638e-01	8.004241e-01
3.743921189113153e-07	7.996658e-01	7.996557e-01	8.004250e-01
3.744255474827431e-07	7.996544e-01	7.996472e-01	8.004258e-01
3.744589760541708e-07	7.996446e-01	7.996383e-01	8.004263e-01
3.744924046255985e-07	7.996363e-01	7.996289e-01	8.004267e-01
3.745258331970262e-07	7.996294e-01	7.996191e-01	8.004268e-01
3.745438331970258e-07	7.996265e-01	7.996137e-01	8.004269e-01
3.745618331970253e-07	7.996239e-01	7.996082e-01	8.004268e-01
3.745798331970249e-07	7.996219e-01	7.996026e-01	8.004267e-01
3.745978331970244e-07	7.996203e-01	7.995969e-01	8.004266e-01
3.746158331970240e-07	7.996192e-01	7.995911e-01	8.004264e-01
3.746338331970235e-07	7.996185e-01	7.995852e-01	8.004261e-01
3.746518331970231e-07	7.996184e-01	7.995793e-01	8.004258e-01
3.746639760541656e-07	7.996185e-01	7.995752e-01	8.004256e-01
3.746761189113082e-07	7.996188e-01	7.995711e-01	8.004254e-01
3.746882617684507e-07	7.996193e-01	7.995669e-01	8.004251e-01
3.747004046255933e-07	7.996201e-01	7.995628e-01	8.004248e-01
3.747125474827358e-07	7.996210e-01	7.995586e-01	8.004244e-01
3.747246903398784e-07	7.996222e-01	7.995544e-01	8.004241e-01
3.747368331970209e-07	7.996235e-01	7.995501e-01	8.004237e-01
3.747378331970209e-07	7.996237e-01	7.995498e-01	8.004237e-01
3.747765474827342e-07	7.996295e-01	7.995359e-01	8.004223e-01
3.748152617684475e-07	7.996372e-01	7.995223e-01	8.004207e-01
3.748539760541608e-07	7.996466e-01	7.995088e-01	8.004189e-01
3.748926903398741e-07	7.996579e-01	7.994954e-01	8.004168e-01
3.749314046255874e-07	7.996709e-01	7.994823e-01	8.004146e-01
3.749701189113007e-07	7.996858e-01	7.994693e-01	8.004121e-01
3.750088331970140e-07	7.997024e-01	7.994564e-01	8.004093e-01
3.750529760541557e-07	7.997233e-01	7.994424e-01	8.004059e-01
3.750971189112975e-07	7.997457e-01	7.994297e-01	8.004023e-01
3.751412617684392e-07	7.997694e-01	7.994183e-01	8.003984e-01
3.751854046255810e-07	7.997946e-01	7.994081e-01	8.003943e-01
3.752295474827227e-07	7.998213e-01	7.993992e-01	8.003899e-01
3.752736903398644e-07	7.998493e-01	7.993916e-01	8.003852e-01
3.753178331970062e-07	7.998788e-01	7.993853e-01	8.003802e-01
3.753361189112914e-07	7.998911e-01	7.993833e-01	8.003781e-01
3.753544046255767e-07	7.999035e-01	7.993817e-01	8.003760e-01
3.753726903398619e-07	7.999161e-01	7.993804e-01	8.003738e-01
3.753909760541472e-07	7.999288e-01	7.993794e-01	8.003715e-01
3.754092617684324e-07	7.999415e-01	7.993788e-01	8.003693e-01
3.754275474827177e-07	7.999544e-01	7.993785e-01	8.003669e-01
3.754458331970029e-07	7.999675e-01	7.993786e-01	8.003646e-01
3.754696903398595e-07	7.999846e-01	7.993792e-01	8.003615e-01
3.754935474827160e-07	8.000017e-01	7.993804e-01	8.003583e-01
3.755174046255726e-07	8.000190e-01	7.993823e-01	8.003551e-01
3.755412617684291e-07	8.000363e-01	7.993848e-01	8.003517e-01
3.755651189112856e-07	8.000536e-01	7.993880e-01	8.003484e-01
3.755889760541422e-07	8.000710e-01	7.993918e-01	8.003449e-01
3.756128331969987e-07	8.000885e-01	7.993963e-01	8.003414e-01
3.756339760541410e-07	8.001039e-01	7.994008e-01	8.003383e-01
3.756551189112834e-07	8.001193e-01	7.994058e-01	8.003351e-01
3.756762617684257e-07	8.001347e-01	7.994114e-01	8.003319e-01
3.756974046255680e-07	8.001500e-01	7.994175e-01	8.003286e-01
3.757185474827103e-07	8.001653e-01	7.994241e-01	8.003253e-01
3.757396903398526e-07	8.001805e-01	7.994313e-01	8.003220e-01
3.757608331969950e-07	8.001956e-01	7.994390e-01	8.003186e-01
3.757618331969949e-07	8.001963e-01	7.994394e-01	8.003184e-01
3.758115474827080e-07	8.002318e-01	7.994598e-01	8.003103e-01
3.758612617684210e-07	8.002663e-01	7.994828e-01	8.003020e-01
3.759109760541340e-07	8.003000e-01	7.995083e-01	8.002935e-01
3.759606903398470e-07	8.003329e-01	7.995364e-01	8.002848e-01
3.760104046255601e-07	8.003649e-01	7.995671e-01	8.002759e-01
3.760601189112731e-07	8.003960e-01	7.996003e-01	8.002669e-01
3.761098331969861e-07	8.004262e-01	7.996360e-01	8.002577e-01
3.761848331969842e-07	8.004696e-01	7.996951e-01	8.002435e-01
3.762598331969823e-07	8.005101e-01	7.997562e-01	8.002291e-01
3.763348331969804e-07	8.005476e-01	7.998192e-01	8.002145e-01
3.764098331969785e-07	8.005823e-01	7.998841e-01	8.001997e-01
3.764848331969766e-07	8.006140e-01	7.999510e-01	8.001848e-01
3.765598331969747e-07	8.006428e-01	8.000198e-01	8.001696e-01
3.766348331969728e-07	8.006687e-01	8.000906e-01	8.001543e-01
3.766562617684008e-07	8.006755e-01	8.001101e-01	8.001499e-01
3.766776903398289e-07	8.006821e-01	8.001295e-01	8.001455e-01
3.766991189112569e-07	8.006885e-01	8.001488e-01	8.001411e-01
3.767205474826849e-07	8.006946e-01	8.001679e-01	8.001367e-01
3.767419760541130e-07	8.007004e-01	8.001869e-01	8.001323e-01
3.767634046255410e-07	8.007060e-01	8.002058e-01	8.001279e-01
3.767848331969690e-07	8.007114e-01	8.002245e-01	8.001236e-01
3.767858331969690e-07	8.007117e-01	8.002254e-01	8.001233e-01
3.768088331969684e-07	8.007172e-01	8.002453e-01	8.001186e-01
3.768318331969678e-07	8.007224e-01	8.002649e-01	8.001139e-01
3.768548331969672e-07	8.007273e-01	8.002842e-01	8.001092e-01
3.768778331969667e-07	8.007320e-01	8.003032e-01	8.001045e-01
3.769008331969661e-07	8.007364e-01	8.003219e-01	8.000998e-01
3.769238331969655e-07	8.007405e-01	8.003403e-01	8.000951e-01
3.769468331969649e-07	8.007444e-01	8.003585e-01	8.000904e-01
3.769662617683930e-07	8.007474e-01	8.003735e-01	8.000865e-01
3.769856903398211e-07	8.007503e-01	8.003883e-01	8.000826e-01
3.770051189112491e-07	8.007529e-01	8.004027e-01	8.000789e-01
3.770245474826772e-07	8.007554e-01	8.004169e-01	8.000752e-01
3.770439760541053e-07	8.007577e-01	8.004308e-01	8.000717e-01
3.770634046255334e-07	8.007598e-01	8.004444e-01	8.000682e-01
3.770828331969615e-07	8.007617e-01	8.004577e-01	8.000649e-01
3.771005474826753e-07	8.007633e-01	8.004696e-01	8.000621e-01
3.771182617683891e-07	8.007647e-01	8.004812e-01	8.000594e-01
3.771359760541030e-07	8.007659e-01	8.004925e-01	8.000569e-01
3.771536903398168e-07	8.007670e-01	8.005036e-01	8.000544e-01
3.771714046255306e-07	8.007679e-01	8.005143e-01	8.000521e-01
3.771891189112445e-07	8.007687e-01	8.005248e-01	8.000500e-01
3.772068331969583e-07	8.007694e-01	8.005351e-01	8.000479e-01
3.772352617683862e-07	8.007701e-01	8.005509e-01	8.000450e-01
3.772636903398140e-07	8.007704e-01	8.005659e-01	8.000422e-01
3.772921189112419e-07	8.007703e-01	8.005801e-01	8.000395e-01
3.773205474826697e-07	8.007698e-01	8.005935e-01	8.000369e-01
3.773489760540976e-07	8.007689e-01	8.006061e-01	8.000344e-01
3.773774046255254e-07	8.007677e-01	8.006180e-01	8.000320e-01
3.774058331969533e-07	8.007660e-01	8.006290e-01	8.000298e-01
3.774284046255241e-07	8.007644e-01	8.006372e-01	8.000279e-01
3.774509760540950e-07	8.007625e-01	8.006448e-01	8.000260e-01
3.774735474826659e-07	8.007605e-01	8.006520e-01	8.000240e-01
3.774961189112367e-07	8.007581e-01	8.006586e-01	8.000219e-01
3.775186903398076e-07	8.007555e-01	8.006647e-01	8.000198e-01
3.775412617683784e-07	8.007527e-01	8.006703e-01	8.000176e-01
3.775638331969493e-07	8.007497e-01	8.006754e-01	8.000154e-01
3.775941189112342e-07	8.007451e-01	8.006813e-01	8.000122e-01
3.776244046255192e-07	8.007402e-01	8.006864e-01	8.000088e-01
3.776546903398041e-07	8.007348e-01	8.006906e-01	8.000052e-01
3.776849760540891e-07	8.007290e-01	8.006938e-01	8.000015e-01
3.777152617683740e-07	8.007227e-01	8.006962e-01	7.999976e-01
3.777455474826590e-07	8.007161e-01	8.006977e-01	7.999936e-01
3.777758331969439e-07	8.007089e-01	8.006983e-01	7.999893e-01
3.777805474826581e-07	8.007078e-01	8.006983e-01	7.999886e-01
3.777852617683722e-07	8.007067e-01	8.006983e-01	7.999879e-01
3.777899760540864e-07	8.007055e-01	8.006983e-01	7.999872e-01
3.777946903398006e-07	8.007044e-01	8.006983e-01	7.999865e-01
3.777994046255147e-07	8.007032e-01	8.006982e-01	7.999859e-01
3.778041189112289e-07	8.007020e-01	8.006981e-01	7.999852e-01
3.778088331969431e-07	8.007007e-01	8.006980e-01	7.999845e-01
3.778098331969430e-07	8.007005e-01	8.006980e-01	7.999843e-01
3.778509760540849e-07	8.006895e-01	8.006961e-01	7.999780e-01
3.778921189112267e-07	8.006777e-01	8.006928e-01	7.999713e-01
3.779332617683685e-07	8.006652e-01	8.006882e-01	7.999642e-01
3.779744046255103e-07	8.006519e-01	8.006822e-01	7.999567e-01
3.780155474826521e-07	8.006378e-01	8.006749e-01	7.999489e-01
3.780566903397939e-07	8.006230e-01	8.006662e-01	7.999406e-01
3.780978331969357e-07	8.006074e-01	8.006561e-01	7.999320e-01
3.781398331969347e-07	8.005908e-01	8.006447e-01	7.999227e-01
3.781818331969336e-07	8.005735e-01	8.006323e-01	7.999130e-01
3.782238331969326e-07	8.005554e-01	8.006190e-01	7.999029e-01
3.782658331969315e-07	8.005366e-01	8.006048e-01	7.998924e-01
3.783078331969304e-07	8.005172e-01	8.005897e-01	7.998815e-01
3.783498331969294e-07	8.004970e-01	8.005736e-01	7.998702e-01
3.783918331969283e-07	8.004761e-01	8.005566e-01	7.998585e-01
3.784548331969267e-07	8.004435e-01	8.005296e-01	7.998398e-01
3.785178331969251e-07	8.004098e-01	8.005019e-01	7.998213e-01
3.785808331969235e-07	8.003750e-01	8.004736e-01	7.998031e-01
3.786438331969219e-07	8.003391e-01	8.004447e-01	7.997851e-01
3.787068331969203e-07	8.003021e-01	8.004151e-01	7.997673e-01
3.787698331969187e-07	8.002640e-01	8.003849e-01	7.997498e-01
3.788328331969171e-07	8.002249e-01	8.003541e-01	7.997325e-01
3.788338331969171e-07	8.002242e-01	8.003536e-01	7.997323e-01
3.788709760540590e-07	8.002009e-01	8.003358e-01	7.997230e-01
3.789081189112009e-07	8.001774e-01	8.003181e-01	7.997142e-01
3.789452617683428e-07	8.001537e-01	8.003007e-01	7.997060e-01
3.789824046254848e-07	8.001300e-01	8.002834e-01	7.996983e-01
3.790195474826267e-07	8.001060e-01	8.002663e-01	7.996912e-01
3.790566903397686e-07	8.000819e-01	8.002494e-01	7.996847e-01
3.790938331969105e-07	8.000577e-01	8.002327e-01	7.996787e-01
3.791225474826241e-07	8.000390e-01	8.002200e-01	7.996745e-01
3.791512617683376e-07	8.000202e-01	8.002075e-01	7.996708e-01
3.791799760540512e-07	8.000015e-01	8.001953e-01	7.996674e-01
3.792086903397647e-07	7.999828e-01	8.001833e-01	7.996643e-01
3.792374046254783e-07	7.999641e-01	8.001715e-01	7.996617e-01
3.792661189111919e-07	7.999454e-01	8.001599e-01	7.996595e-01
3.792948331969054e-07	7.999267e-01	8.001485e-01	7.996576e-01
3.793156903397620e-07	7.999132e-01	8.001405e-01	7.996564e-01
3.793365474826186e-07	7.998998e-01	8.001325e-01	7.996554e-01
3.793574046254753e-07	7.998864e-01	8.001247e-01	7.996546e-01
3.793782617683319e-07	7.998730e-01	8.001171e-01	7.996539e-01
3.793991189111885e-07	7.998597e-01	8.001096e-01	7.996535e-01
3.794199760540451e-07	7.998464e-01	8.001022e-01	7.996531e-01
3.794408331969017e-07	7.998332e-01	8.000950e-01	7.996530e-01
3.794614046254726e-07	7.998203e-01	8.000881e-01	7.996530e-01
3.794819760540435e-07	7.998074e-01	8.000813e-01	7.996531e-01
3.795025474826144e-07	7.997946e-01	8.000747e-01	7.996533e-01
3.795231189111854e-07	7.997819e-01	8.000682e-01	7.996536e-01
3.795436903397563e-07	7.997693e-01	8.000619e-01	7.996540e-01
3.795642617683272e-07	7.997567e-01	8.000557e-01	7.996545e-01
3.795848331968981e-07	7.997443e-01	8.000497e-01	7.996552e-01
3.796236903397542e-07	7.997210e-01	8.000387e-01	7.996568e-01
3.796625474826104e-07	7.996981e-01	8.000284e-01	7.996585e-01
3.797014046254665e-07	7.996758e-01	8.000186e-01	7.996602e-01
3.797402617683227e-07	7.996538e-01	8.000094e-01	7.996621e-01
3.797791189111789e-07	7.996324e-01	8.000008e-01	7.996641e-01
3.798179760540350e-07	7.996114e-01	7.999928e-01	7.996662e-01
3.798568331968912e-07	7.995908e-01	7.999853e-01	7.996684e-01
3.798578331968912e-07	7.995903e-01	7.999851e-01	7.996684e-01
3.798852617683190e-07	7.995762e-01	7.999802e-01	7.996699e-01
3.799126903397469e-07	7.995624e-01	7.999756e-01	7.996712e-01
3.799401189111748e-07	7.995489e-01	7.999712e-01	7.996725e-01
3.799675474826027e-07	7.995357e-01	7.999671e-01	7.996737e-01
3.799949760540305e-07	7.995228e-01	7.999633e-01	7.996749e-01
3.800224046254584e-07	7.995102e-01	7.999598e-01	7.996759e-01
3.800498331968863e-07	7.994979e-01	7.999566e-01	7.996769e-01
3.800588331968861e-07	7.994939e-01	7.999555e-01	7.996772e-01
3.800678331968858e-07	7.994900e-01	7.999545e-01	7.996774e-01
3.800768331968856e-07	7.994861e-01	7.999536e-01	7.996777e-01
3.800858331968854e-07	7.994823e-01	7.999526e-01	7.996779e-01
3.800948331968852e-07	7.994785e-01	7.999517e-01	7.996781e-01
3.801038331968849e-07	7.994747e-01	7.999509e-01	7.996784e-01
3.801128331968847e-07	7.994710e-01	7.999501e-01	7.996786e-01
3.801148331968846e-07	7.994702e-01	7.999498e-01	7.996786e-01
3.801158331968846e-07	7.994698e-01	7.999498e-01	7.996786e-01
3.801168331968846e-07	7.994694e-01	7.999496e-01	7.996786e-01
3.801188331968845e-07	7.994685e-01	7.999495e-01	7.996786e-01
3.801198331968845e-07	7.994681e-01	7.999494e-01	7.996787e-01
3.801208331968845e-07	7.994677e-01	7.999493e-01	7.996787e-01
3.801261189111701e-07	7.994656e-01	7.999488e-01	7.996788e-01
3.801314046254557e-07	7.994634e-01	7.999484e-01	7.996789e-01
3.801366903397412e-07	7.994613e-01	7.999479e-01	7.996790e-01
3.801419760540268e-07	7.994592e-01	7.999475e-01	7.996791e-01
3.801472617683124e-07	7.994571e-01	7.999470e-01	7.996792e-01
3.801525474825980e-07	7.994550e-01	7.999466e-01	7.996792e-01
3.801578331968836e-07	7.994529e-01	7.999462e-01	7.996793e-01
3.801705474825975e-07	7.994480e-01	7.999452e-01	7.996794e-01
3.801832617683115e-07	7.994431e-01	7.999443e-01	7.996795e-01
3.801959760540254e-07	7.994383e-01	7.999434e-01	7.996796e-01
3.802086903397394e-07	7.994336e-01	7.999426e-01	7.996796e-01
3.802214046254534e-07	7.994290e-01	7.999419e-01	7.996795e-01
3.802341189111673e-07	7.994245e-01	7.999411e-01	7.996794e-01
3.802468331968813e-07	7.994201e-01	7.999405e-01	7.996792e-01
3.802578331968810e-07	7.994163e-01	7.999400e-01	7.996789e-01
3.802688331968807e-07	7.994125e-01	7.999395e-01	7.996786e-01
3.802798331968805e-07	7.994089e-01	7.999390e-01	7.996782e-01
3.802908331968802e-07	7.994053e-01	7.999386e-01	7.996778e-01
3.803018331968799e-07	7.994017e-01	7.999382e-01	7.996773e-01
3.803128331968796e-07	7.993982e-01	7.999378e-01	7.996768e-01
3.803238331968793e-07	7.993948e-01	7.999375e-01	7.996762e-01
3.803401189111647e-07	7.993898e-01	7.999371e-01	7.996751e-01
3.803564046254500e-07	7.993850e-01	7.999367e-01	7.996739e-01
3.803726903397353e-07	7.993804e-01	7.999365e-01	7.996726e-01
3.803889760540206e-07	7.993759e-01	7.999363e-01	7.996711e-01
3.804052617683059e-07	7.993715e-01	7.999361e-01	7.996695e-01
3.804215474825912e-07	7.993672e-01	7.999360e-01	7.996678e-01
3.804378331968765e-07	7.993631e-01	7.999360e-01	7.996659e-01
3.804788331968754e-07	7.993534e-01	7.999363e-01	7.996603e-01
3.805198331968744e-07	7.993447e-01	7.999370e-01	7.996544e-01
3.805608331968733e-07	7.993368e-01	7.999380e-01	7.996482e-01
3.806018331968723e-07	7.993299e-01	7.999393e-01	7.996416e-01
3.806428331968713e-07	7.993240e-01	7.999410e-01	7.996347e-01
3.806838331968702e-07	7.993189e-01	7.999429e-01	7.996274e-01
3.807248331968692e-07	7.993148e-01	7.999452e-01	7.996199e-01
3.807471189111543e-07	7.993130e-01	7.999466e-01	7.996159e-01
3.807694046254395e-07	7.993114e-01	7.999480e-01	7.996120e-01
3.807916903397246e-07	7.993101e-01	7.999494e-01	7.996082e-01
3.808139760540098e-07	7.993091e-01	7.999509e-01	7.996044e-01
3.808362617682949e-07	7.993083e-01	7.999525e-01	7.996007e-01
3.808585474825801e-07	7.993079e-01	7.999542e-01	7.995970e-01
3.808808331968652e-07	7.993077e-01	7.999558e-01	7.995934e-01
3.808818331968652e-07	7.993077e-01	7.999560e-01	7.995932e-01
3.809206903397214e-07	7.993080e-01	7.999591e-01	7.995871e-01
3.809595474825775e-07	7.993092e-01	7.999623e-01	7.995816e-01
3.809984046254337e-07	7.993111e-01	7.999656e-01	7.995765e-01
3.810372617682898e-07	7.993138e-01	7.999689e-01	7.995719e-01
3.810761189111460e-07	7.993174e-01	7.999724e-01	7.995679e-01
3.811149760540022e-07	7.993217e-01	7.999760e-01	7.995643e-01
3.811538331968583e-07	7.993268e-01	7.999796e-01	7.995613e-01
3.811741189111435e-07	7.993298e-01	7.999815e-01	7.995600e-01
3.811944046254287e-07	7.993329e-01	7.999834e-01	7.995589e-01
3.812146903397139e-07	7.993363e-01	7.999853e-01	7.995581e-01
3.812349760539991e-07	7.993398e-01	7.999872e-01	7.995575e-01
3.812552617682843e-07	7.993436e-01	7.999891e-01	7.995572e-01
3.812755474825695e-07	7.993476e-01	7.999910e-01	7.995571e-01
3.812958331968547e-07	7.993518e-01	7.999929e-01	7.995571e-01
3.813189760539970e-07	7.993567e-01	7.999950e-01	7.995575e-01
3.813421189111393e-07	7.993619e-01	7.999971e-01	7.995583e-01
3.813652617682815e-07	7.993674e-01	7.999993e-01	7.995594e-01
3.813884046254238e-07	7.993730e-01	8.000014e-01	7.995609e-01
3.814115474825661e-07	7.993790e-01	8.000034e-01	7.995627e-01
3.814346903397083e-07	7.993851e-01	8.000055e-01	7.995649e-01
3.814578331968506e-07	7.993915e-01	8.000076e-01	7.995675e-01
3.814906903397069e-07	7.994010e-01	8.000104e-01	7.995717e-01
3.815235474825632e-07	7.994108e-01	8.000132e-01	7.995768e-01
3.815564046254196e-07	7.994211e-01	8.000159e-01	7.995827e-01
3.815892617682759e-07	7.994318e-01	8.000185e-01	7.995894e-01
3.816221189111322e-07	7.994428e-01	8.000210e-01	7.995968e-01
3.816549760539885e-07	7.994543e-01	8.000235e-01	7.996051e-01
3.816878331968448e-07	7.994662e-01	8.000259e-01	7.996142e-01
3.817188331968440e-07	7.994777e-01	8.000280e-01	7.996235e-01
3.817498331968432e-07	7.994895e-01	8.000301e-01	7.996334e-01
3.817808331968424e-07	7.995016e-01	8.000320e-01	7.996439e-01
3.818118331968417e-07	7.995139e-01	8.000339e-01	7.996550e-01
3.818428331968409e-07	7.995266e-01	8.000356e-01	7.996667e-01
3.818738331968401e-07	7.995395e-01	8.000373e-01	7.996790e-01
3.819048331968393e-07	7.995527e-01	8.000389e-01	7.996920e-01
3.819058331968393e-07	7.995531e-01	8.000389e-01	7.996924e-01
3.819565474825523e-07	7.995753e-01	8.000412e-01	7.997150e-01
3.820072617682653e-07	7.995979e-01	8.000432e-01	7.997383e-01
3.820579760539783e-07	7.996209e-01	8.000449e-01	7.997623e-01
3.821086903396913e-07	7.996444e-01	8.000462e-01	7.997870e-01
3.821594046254043e-07	7.996683e-01	8.000473e-01	7.998124e-01
3.822101189111173e-07	7.996927e-01	8.000480e-01	7.998385e-01
3.822608331968303e-07	7.997175e-01	8.000484e-01	7.998652e-01
3.823102617682576e-07	7.997419e-01	8.000485e-01	7.998913e-01
3.823596903396849e-07	7.997663e-01	8.000482e-01	7.999168e-01
3.824091189111122e-07	7.997909e-01	8.000477e-01	7.999419e-01
3.824585474825396e-07	7.998155e-01	8.000468e-01	7.999664e-01
3.825079760539669e-07	7.998402e-01	8.000456e-01	7.999905e-01
3.825574046253942e-07	7.998650e-01	8.000442e-01	8.000140e-01
3.826068331968215e-07	7.998899e-01	8.000424e-01	8.000371e-01
3.826528331968203e-07	7.999130e-01	8.000405e-01	8.000575e-01
3.826988331968192e-07	7.999358e-01	8.000383e-01	8.000769e-01
3.827448331968180e-07	7.999585e-01	8.000360e-01	8.000952e-01
3.827908331968168e-07	7.999810e-01	8.000334e-01	8.001126e-01
3.828368331968157e-07	8.000033e-01	8.000305e-01	8.001288e-01
3.828828331968145e-07	8.000254e-01	8.000275e-01	8.001441e-01
3.829288331968133e-07	8.000473e-01	8.000242e-01	8.001583e-01
3.829298331968133e-07	8.000478e-01	8.000241e-01	8.001586e-01
3.829809760539549e-07	8.000718e-01	8.000202e-01	8.001729e-01
3.830321189110964e-07	8.000954e-01	8.000161e-01	8.001857e-01
3.830832617682380e-07	8.001185e-01	8.000117e-01	8.001969e-01
3.831344046253796e-07	8.001411e-01	8.000072e-01	8.002066e-01
3.831855474825211e-07	8.001632e-01	8.000025e-01	8.002148e-01
3.832366903396627e-07	8.001849e-01	7.999975e-01	8.002214e-01
3.832878331968043e-07	8.002061e-01	7.999924e-01	8.002264e-01
3.833118331968036e-07	8.002158e-01	7.999899e-01	8.002283e-01
3.833358331968030e-07	8.002253e-01	7.999874e-01	8.002298e-01
3.833598331968024e-07	8.002348e-01	7.999849e-01	8.002309e-01
3.833838331968018e-07	8.002441e-01	7.999823e-01	8.002318e-01
3.834078331968012e-07	8.002533e-01	7.999798e-01	8.002323e-01
3.834318331968006e-07	8.002623e-01	7.999771e-01	8.002324e-01
3.834558331968000e-07	8.002712e-01	7.999745e-01	8.002322e-01
3.834994046253703e-07	8.002870e-01	7.999696e-01	8.002311e-01
3.835429760539406e-07	8.003023e-01	7.999647e-01	8.002288e-01
3.835865474825110e-07	8.003170e-01	7.999597e-01	8.002256e-01
3.836301189110813e-07	8.003313e-01	7.999547e-01	8.002213e-01
3.836736903396516e-07	8.003450e-01	7.999496e-01	8.002160e-01
3.837172617682219e-07	8.003583e-01	7.999444e-01	8.002097e-01
3.837608331967923e-07	8.003710e-01	7.999392e-01	8.002023e-01
3.837882617682201e-07	8.003787e-01	7.999359e-01	8.001972e-01
3.838156903396480e-07	8.003862e-01	7.999326e-01	8.001918e-01
3.838431189110759e-07	8.003935e-01	7.999294e-01	8.001860e-01
3.838705474825038e-07	8.004005e-01	7.999261e-01	8.001798e-01
3.838979760539317e-07	8.004074e-01	7.999228e-01	8.001733e-01
3.839254046253595e-07	8.004140e-01	7.999195e-01	8.001665e-01
3.839528331967874e-07	8.004205e-01	7.999162e-01	8.001593e-01
3.839538331967874e-07	8.004207e-01	7.999161e-01	8.001590e-01
3.840292617682140e-07	8.004372e-01	7.999069e-01	8.001370e-01
3.841046903396407e-07	8.004520e-01	7.998979e-01	8.001134e-01
3.841801189110674e-07	8.004651e-01	7.998891e-01	8.000884e-01
3.842555474824940e-07	8.004766e-01	7.998804e-01	8.000617e-01
3.843309760539207e-07	8.004864e-01	7.998719e-01	8.000336e-01
3.844064046253473e-07	8.004946e-01	7.998635e-01	8.000039e-01
3.844818331967740e-07	8.005012e-01	7.998553e-01	7.999727e-01
3.845276903396300e-07	8.005043e-01	7.998504e-01	7.999537e-01
3.845735474824860e-07	8.005070e-01	7.998457e-01	7.999348e-01
3.846194046253419e-07	8.005090e-01	7.998411e-01	7.999161e-01
3.846652617681979e-07	8.005106e-01	7.998365e-01	7.998974e-01
3.847111189110539e-07	8.005115e-01	7.998321e-01	7.998789e-01
3.847569760539099e-07	8.005119e-01	7.998279e-01	7.998604e-01
3.848028331967659e-07	8.005118e-01	7.998237e-01	7.998421e-01
3.848276903396224e-07	8.005115e-01	7.998215e-01	7.998324e-01
3.848525474824789e-07	8.005110e-01	7.998194e-01	7.998228e-01
3.848774046253354e-07	8.005105e-01	7.998172e-01	7.998134e-01
3.849022617681919e-07	8.005097e-01	7.998152e-01	7.998042e-01
3.849271189110484e-07	8.005088e-01	7.998131e-01	7.997951e-01
3.849519760539049e-07	8.005078e-01	7.998111e-01	7.997862e-01
3.849768331967615e-07	8.005066e-01	7.998092e-01	7.997775e-01
3.849778331967614e-07	8.005065e-01	7.998090e-01	7.997772e-01
3.850358331967600e-07	8.005032e-01	7.998046e-01	7.997573e-01
3.850938331967585e-07	8.004991e-01	7.998005e-01	7.997390e-01
3.851518331967570e-07	8.004944e-01	7.997966e-01	7.997222e-01
3.852098331967556e-07	8.004890e-01	7.997929e-01	7.997070e-01
3.852678331967541e-07	8.004830e-01	7.997895e-01	7.996934e-01
3.853258331967526e-07	8.004762e-01	7.997863e-01	7.996812e-01
3.853838331967512e-07	8.004688e-01	7.997834e-01	7.996706e-01
3.854176903396074e-07	8.004642e-01	7.997818e-01	7.996654e-01
3.854515474824637e-07	8.004595e-01	7.997803e-01	7.996609e-01
3.854854046253200e-07	8.004546e-01	7.997789e-01	7.996571e-01
3.855192617681763e-07	8.004495e-01	7.997776e-01	7.996539e-01
3.855531189110326e-07	8.004442e-01	7.997763e-01	7.996515e-01
3.855869760538889e-07	8.004387e-01	7.997752e-01	7.996497e-01
3.856208331967451e-07	8.004331e-01	7.997742e-01	7.996485e-01
3.857508331967419e-07	8.004102e-01	7.997710e-01	7.996508e-01
3.857865474824552e-07	8.004035e-01	7.997704e-01	7.996533e-01
3.858222617681686e-07	8.003966e-01	7.997698e-01	7.996565e-01
3.858579760538820e-07	8.003897e-01	7.997694e-01	7.996604e-01
3.858936903395954e-07	8.003826e-01	7.997691e-01	7.996651e-01
3.859294046253088e-07	8.003754e-01	7.997688e-01	7.996705e-01
3.859651189110221e-07	8.003681e-01	7.997687e-01	7.996767e-01
3.860008331967355e-07	8.003607e-01	7.997686e-01	7.996836e-01
3.860018331967355e-07	8.003604e-01	7.997686e-01	7.996838e-01
3.860498331967343e-07	8.003503e-01	7.997687e-01	7.996942e-01
3.860528331967342e-07	8.003497e-01	7.997687e-01	7.996948e-01
3.860558331967341e-07	8.003490e-01	7.997687e-01	7.996956e-01
3.860585474824483e-07	8.003484e-01	7.997688e-01	7.996962e-01
3.860612617681626e-07	8.003478e-01	7.997688e-01	7.996968e-01
3.860639760538768e-07	8.003473e-01	7.997688e-01	7.996974e-01
3.860666903395910e-07	8.003467e-01	7.997688e-01	7.996981e-01
3.860694046253052e-07	8.003461e-01	7.997688e-01	7.996987e-01
3.860721189110194e-07	8.003455e-01	7.997689e-01	7.996994e-01
3.860748331967336e-07	8.003449e-01	7.997689e-01	7.997000e-01
3.860784046253050e-07	8.003442e-01	7.997690e-01	7.997009e-01
3.860819760538763e-07	8.003434e-01	7.997691e-01	7.997017e-01
3.860855474824477e-07	8.003426e-01	7.997692e-01	7.997026e-01
3.860891189110190e-07	8.003418e-01	7.997693e-01	7.997035e-01
3.860926903395903e-07	8.003410e-01	7.997694e-01	7.997044e-01
3.860962617681617e-07	8.003403e-01	7.997695e-01	7.997053e-01
3.860998331967330e-07	8.003395e-01	7.997696e-01	7.997062e-01
3.861056903395900e-07	8.003382e-01	7.997698e-01	7.997077e-01
3.861115474824470e-07	8.003370e-01	7.997701e-01	7.997092e-01
3.861174046253040e-07	8.003357e-01	7.997703e-01	7.997108e-01
3.861232617681610e-07	8.003344e-01	7.997706e-01	7.997123e-01
3.861291189110180e-07	8.003331e-01	7.997709e-01	7.997139e-01
3.861349760538750e-07	8.003318e-01	7.997713e-01	7.997154e-01
3.861408331967320e-07	8.003305e-01	7.997716e-01	7.997170e-01
3.861496903395889e-07	8.003285e-01	7.997722e-01	7.997194e-01
3.861585474824458e-07	8.003266e-01	7.997727e-01	7.997219e-01
3.861674046253027e-07	8.003246e-01	7.997733e-01	7.997244e-01
3.861762617681596e-07	8.003225e-01	7.997738e-01	7.997270e-01
3.861851189110166e-07	8.003205e-01	7.997742e-01	7.997296e-01
3.861939760538735e-07	8.003185e-01	7.997747e-01	7.997322e-01
3.862028331967304e-07	8.003164e-01	7.997751e-01	7.997349e-01
3.862084046253017e-07	8.003151e-01	7.997754e-01	7.997366e-01
3.862139760538730e-07	8.003138e-01	7.997756e-01	7.997383e-01
3.862195474824443e-07	8.003124e-01	7.997758e-01	7.997400e-01
3.862251189110156e-07	8.003111e-01	7.997760e-01	7.997417e-01
3.862306903395868e-07	8.003097e-01	7.997761e-01	7.997435e-01
3.862362617681581e-07	8.003084e-01	7.997762e-01	7.997452e-01
3.862418331967294e-07	8.003070e-01	7.997763e-01	7.997470e-01
3.862464046253007e-07	8.003058e-01	7.997763e-01	7.997484e-01
3.862509760538720e-07	8.003047e-01	7.997763e-01	7.997499e-01
3.862555474824434e-07	8.003035e-01	7.997763e-01	7.997514e-01
3.862601189110147e-07	8.003023e-01	7.997762e-01	7.997529e-01
3.862646903395860e-07	8.003012e-01	7.997762e-01	7.997543e-01
3.862692617681573e-07	8.003000e-01	7.997761e-01	7.997559e-01
3.862738331967286e-07	8.002988e-01	7.997760e-01	7.997574e-01
3.862808331967284e-07	8.002969e-01	7.997758e-01	7.997597e-01
3.862878331967282e-07	8.002951e-01	7.997756e-01	7.997620e-01
3.862948331967281e-07	8.002932e-01	7.997752e-01	7.997644e-01
3.863018331967279e-07	8.002912e-01	7.997749e-01	7.997668e-01
3.863088331967277e-07	8.002893e-01	7.997745e-01	7.997692e-01
3.863158331967275e-07	8.002873e-01	7.997740e-01	7.997716e-01
3.863228331967274e-07	8.002853e-01	7.997735e-01	7.997741e-01
3.863351189110128e-07	8.002818e-01	7.997724e-01	7.997784e-01
3.863474046252982e-07	8.002781e-01	7.997713e-01	7.997828e-01
3.863596903395836e-07	8.002744e-01	7.997700e-01	7.997872e-01
3.863719760538690e-07	8.002705e-01	7.997687e-01	7.997917e-01
3.863842617681544e-07	8.002667e-01	7.997674e-01	7.997962e-01
3.863965474824398e-07	8.002627e-01	7.997659e-01	7.998008e-01
3.864088331967252e-07	8.002586e-01	7.997643e-01	7.998054e-01
3.864221189110106e-07	8.002542e-01	7.997626e-01	7.998105e-01
3.864354046252959e-07	8.002496e-01	7.997610e-01	7.998155e-01
3.864486903395813e-07	8.002450e-01	7.997595e-01	7.998207e-01
3.864619760538667e-07	8.002403e-01	7.997580e-01	7.998259e-01
3.864752617681521e-07	8.002356e-01	7.997566e-01	7.998311e-01
3.864885474824374e-07	8.002308e-01	7.997553e-01	7.998364e-01
3.865018331967228e-07	8.002259e-01	7.997541e-01	7.998418e-01
3.865105474824369e-07	8.002227e-01	7.997533e-01	7.998453e-01
3.865192617681510e-07	8.002195e-01	7.997527e-01	7.998488e-01
3.865279760538650e-07	8.002163e-01	7.997521e-01	7.998524e-01
3.865366903395791e-07	8.002131e-01	7.997516e-01	7.998559e-01
3.865454046252931e-07	8.002099e-01	7.997512e-01	7.998595e-01
3.865541189110072e-07	8.002066e-01	7.997509e-01	7.998631e-01
3.865628331967213e-07	8.002034e-01	7.997507e-01	7.998667e-01
3.865696903395782e-07	8.002008e-01	7.997506e-01	7.998696e-01
3.865765474824352e-07	8.001983e-01	7.997505e-01	7.998724e-01
3.865834046252922e-07	8.001958e-01	7.997505e-01	7.998753e-01
3.865902617681492e-07	8.001932e-01	7.997505e-01	7.998782e-01
3.865971189110061e-07	8.001907e-01	7.997506e-01	7.998811e-01
3.866039760538631e-07	8.001882e-01	7.997508e-01	7.998840e-01
3.866108331967201e-07	8.001857e-01	7.997510e-01	7.998869e-01
3.866209760538627e-07	8.001820e-01	7.997515e-01	7.998912e-01
3.866311189110053e-07	8.001783e-01	7.997520e-01	7.998955e-01
3.866412617681479e-07	8.001747e-01	7.997527e-01	7.998999e-01
3.866514046252905e-07	8.001711e-01	7.997535e-01	7.999042e-01
3.866615474824331e-07	8.001675e-01	7.997544e-01	7.999085e-01
3.866716903395757e-07	8.001640e-01	7.997554e-01	7.999129e-01
3.866818331967183e-07	8.001605e-01	7.997566e-01	7.999173e-01
3.867001189110035e-07	8.001543e-01	7.997590e-01	7.999252e-01
3.867184046252888e-07	8.001483e-01	7.997616e-01	7.999331e-01
3.867366903395740e-07	8.001425e-01	7.997645e-01	7.999410e-01
3.867549760538593e-07	8.001370e-01	7.997676e-01	7.999490e-01
3.867732617681445e-07	8.001316e-01	7.997709e-01	7.999569e-01
3.867915474824298e-07	8.001264e-01	7.997744e-01	7.999649e-01
3.868098331967150e-07	8.001214e-01	7.997782e-01	7.999730e-01
3.868298331967145e-07	8.001162e-01	7.997824e-01	7.999817e-01
3.868498331967140e-07	8.001113e-01	7.997864e-01	7.999904e-01
3.868698331967135e-07	8.001066e-01	7.997904e-01	7.999991e-01
3.868898331967130e-07	8.001022e-01	7.997943e-01	8.000077e-01
3.869098331967125e-07	8.000980e-01	7.997980e-01	8.000164e-01
3.869298331967120e-07	8.000941e-01	7.998017e-01	8.000250e-01
3.869498331967115e-07	8.000904e-01	7.998052e-01	8.000336e-01
3.869605474824255e-07	8.000885e-01	7.998070e-01	8.000381e-01
3.869712617681395e-07	8.000867e-01	7.998086e-01	8.000427e-01
3.869819760538535e-07	8.000849e-01	7.998101e-01	8.000472e-01
3.869926903395675e-07	8.000831e-01	7.998116e-01	8.000517e-01
3.870034046252815e-07	8.000814e-01	7.998130e-01	8.000562e-01
3.870141189109956e-07	8.000798e-01	7.998142e-01	8.000607e-01
3.870248331967096e-07	8.000782e-01	7.998154e-01	8.000652e-01
3.870258331967095e-07	8.000780e-01	7.998155e-01	8.000656e-01
3.870372617681378e-07	8.000763e-01	7.998166e-01	8.000704e-01
3.870486903395661e-07	8.000747e-01	7.998176e-01	8.000751e-01
3.870601189109944e-07	8.000730e-01	7.998185e-01	8.000798e-01
3.870715474824227e-07	8.000715e-01	7.998192e-01	8.000845e-01
3.870829760538510e-07	8.000699e-01	7.998199e-01	8.000891e-01
3.870944046252792e-07	8.000684e-01	7.998204e-01	8.000938e-01
3.871058331967075e-07	8.000669e-01	7.998207e-01	8.000984e-01
3.871155474824216e-07	8.000656e-01	7.998209e-01	8.001022e-01
3.871252617681356e-07	8.000643e-01	7.998210e-01	8.001061e-01
3.871349760538496e-07	8.000631e-01	7.998211e-01	8.001099e-01
3.871446903395637e-07	8.000618e-01	7.998210e-01	8.001137e-01
3.871544046252777e-07	8.000605e-01	7.998209e-01	8.001175e-01
3.871641189109918e-07	8.000592e-01	7.998207e-01	8.001213e-01
3.871738331967058e-07	8.000579e-01	7.998204e-01	8.001250e-01
3.871888331967054e-07	8.000560e-01	7.998198e-01	8.001307e-01
3.872038331967050e-07	8.000540e-01	7.998190e-01	8.001364e-01
3.872188331967047e-07	8.000519e-01	7.998181e-01	8.001420e-01
3.872338331967043e-07	8.000498e-01	7.998171e-01	8.001475e-01
3.872488331967039e-07	8.000477e-01	7.998159e-01	8.001530e-01
3.872638331967035e-07	8.000455e-01	7.998146e-01	8.001583e-01
3.872788331967031e-07	8.000432e-01	7.998131e-01	8.001637e-01
3.873014046252740e-07	8.000397e-01	7.998106e-01	8.001715e-01
3.873239760538449e-07	8.000361e-01	7.998082e-01	8.001792e-01
3.873465474824157e-07	8.000323e-01	7.998057e-01	8.001867e-01
3.873691189109866e-07	8.000283e-01	7.998032e-01	8.001940e-01
3.873916903395574e-07	8.000241e-01	7.998007e-01	8.002011e-01
3.874142617681283e-07	8.000197e-01	7.997982e-01	8.002081e-01
3.874368331966991e-07	8.000152e-01	7.997957e-01	8.002148e-01
3.874528331966987e-07	8.000119e-01	7.997942e-01	8.002195e-01
3.874688331966983e-07	8.000085e-01	7.997927e-01	8.002241e-01
3.874848331966979e-07	8.000051e-01	7.997915e-01	8.002285e-01
3.875008331966975e-07	8.000016e-01	7.997904e-01	8.002328e-01
3.875168331966971e-07	7.999980e-01	7.997895e-01	8.002371e-01
3.875328331966967e-07	7.999944e-01	7.997887e-01	8.002412e-01
3.875488331966963e-07	7.999907e-01	7.997881e-01	8.002452e-01
3.875602617681246e-07	7.999880e-01	7.997878e-01	8.002479e-01
3.875716903395529e-07	7.999854e-01	7.997877e-01	8.002507e-01
3.875831189109811e-07	7.999827e-01	7.997876e-01	8.002533e-01
3.875945474824094e-07	7.999800e-01	7.997877e-01	8.002559e-01
3.876059760538377e-07	7.999773e-01	7.997879e-01	8.002585e-01
3.876174046252660e-07	7.999746e-01	7.997882e-01	8.002610e-01
3.876288331966943e-07	7.999719e-01	7.997887e-01	8.002635e-01
3.876452617681224e-07	7.999680e-01	7.997896e-01	8.002668e-01
3.876616903395506e-07	7.999641e-01	7.997908e-01	8.002701e-01
3.876781189109787e-07	7.999603e-01	7.997923e-01	8.002732e-01
3.876945474824069e-07	7.999565e-01	7.997941e-01	8.002762e-01
3.877109760538350e-07	7.999528e-01	7.997962e-01	8.002791e-01
3.877274046252632e-07	7.999491e-01	7.997986e-01	8.002819e-01
3.877438331966914e-07	7.999455e-01	7.998012e-01	8.002845e-01
3.877689760538336e-07	7.999401e-01	7.998060e-01	8.002882e-01
3.877941189109758e-07	7.999350e-01	7.998114e-01	8.002917e-01
3.878192617681180e-07	7.999303e-01	7.998175e-01	8.002948e-01
3.878444046252602e-07	7.999258e-01	7.998242e-01	8.002976e-01
3.878695474824025e-07	7.999218e-01	7.998316e-01	8.003001e-01
3.878946903395447e-07	7.999180e-01	7.998396e-01	8.003023e-01
3.879198331966869e-07	7.999147e-01	7.998483e-01	8.003042e-01
3.879371189109722e-07	7.999126e-01	7.998546e-01	8.003053e-01
3.879544046252575e-07	7.999109e-01	7.998610e-01	8.003062e-01
3.879716903395427e-07	7.999093e-01	7.998677e-01	8.003070e-01
3.879889760538280e-07	7.999080e-01	7.998746e-01	8.003077e-01
3.880062617681133e-07	7.999070e-01	7.998817e-01	8.003082e-01
3.880235474823986e-07	7.999061e-01	7.998891e-01	8.003086e-01
3.880408331966838e-07	7.999055e-01	7.998966e-01	8.003088e-01
3.880498331966836e-07	7.999053e-01	7.999005e-01	8.003088e-01
3.880598331966834e-07	7.999052e-01	7.999050e-01	8.003089e-01
3.880698331966831e-07	7.999051e-01	7.999095e-01	8.003088e-01
3.880798331966828e-07	7.999051e-01	7.999140e-01	8.003088e-01
3.880898331966826e-07	7.999052e-01	7.999186e-01	8.003086e-01
3.880998331966823e-07	7.999054e-01	7.999232e-01	8.003085e-01
3.881098331966821e-07	7.999057e-01	7.999278e-01	8.003082e-01
3.881198331966818e-07	7.999061e-01	7.999325e-01	8.003079e-01
3.881386903395385e-07	7.999070e-01	7.999414e-01	8.003073e-01
3.881575474823952e-07	7.999083e-01	7.999504e-01	8.003064e-01
3.881764046252518e-07	7.999098e-01	7.999593e-01	8.003055e-01
3.881952617681085e-07	7.999116e-01	7.999683e-01	8.003043e-01
3.882141189109652e-07	7.999137e-01	7.999773e-01	8.003029e-01
3.882329760538218e-07	7.999161e-01	7.999864e-01	8.003014e-01
3.882518331966785e-07	7.999187e-01	7.999954e-01	8.002998e-01
3.882821189109634e-07	7.999237e-01	8.000100e-01	8.002967e-01
3.883124046252484e-07	7.999291e-01	8.000242e-01	8.002933e-01
3.883426903395333e-07	7.999350e-01	8.000380e-01	8.002895e-01
3.883729760538183e-07	7.999413e-01	8.000516e-01	8.002853e-01
3.884032617681032e-07	7.999481e-01	8.000647e-01	8.002808e-01
3.884335474823882e-07	7.999554e-01	8.000776e-01	8.002758e-01
3.884638331966731e-07	7.999632e-01	8.000901e-01	8.002704e-01
3.885011189109579e-07	7.999732e-01	8.001047e-01	8.002633e-01
3.885384046252427e-07	7.999830e-01	8.001184e-01	8.002557e-01
3.885756903395274e-07	7.999926e-01	8.001311e-01	8.002477e-01
3.886129760538122e-07	8.000020e-01	8.001430e-01	8.002391e-01
3.886502617680970e-07	8.000113e-01	8.001539e-01	8.002301e-01
3.886875474823817e-07	8.000203e-01	8.001639e-01	8.002206e-01
3.887248331966665e-07	8.000292e-01	8.001729e-01	8.002106e-01
3.887515474823801e-07	8.000350e-01	8.001787e-01	8.002032e-01
3.887782617680937e-07	8.000403e-01	8.001841e-01	8.001957e-01
3.888049760538073e-07	8.000450e-01	8.001889e-01	8.001880e-01
3.888316903395209e-07	8.000493e-01	8.001932e-01	8.001801e-01
3.888584046252345e-07	8.000531e-01	8.001970e-01	8.001720e-01
3.888851189109482e-07	8.000563e-01	8.002003e-01	8.001638e-01
3.889118331966618e-07	8.000591e-01	8.002031e-01	8.001554e-01
3.889258331966614e-07	8.000602e-01	8.002044e-01	8.001509e-01
3.889398331966611e-07	8.000612e-01	8.002056e-01	8.001464e-01
3.889538331966607e-07	8.000620e-01	8.002066e-01	8.001419e-01
3.889678331966603e-07	8.000626e-01	8.002075e-01	8.001373e-01
3.889818331966600e-07	8.000631e-01	8.002083e-01	8.001327e-01
3.889958331966596e-07	8.000633e-01	8.002089e-01	8.001281e-01
3.890098331966593e-07	8.000634e-01	8.002094e-01	8.001235e-01
3.890188331966591e-07	8.000633e-01	8.002097e-01	8.001204e-01
3.890278331966588e-07	8.000631e-01	8.002099e-01	8.001174e-01
3.890368331966586e-07	8.000629e-01	8.002100e-01	8.001144e-01
3.890458331966584e-07	8.000626e-01	8.002101e-01	8.001113e-01
3.890548331966581e-07	8.000622e-01	8.002102e-01	8.001083e-01
3.890638331966579e-07	8.000618e-01	8.002102e-01	8.001052e-01
3.890728331966577e-07	8.000612e-01	8.002101e-01	8.001021e-01
3.890738331966577e-07	8.000612e-01	8.002101e-01	8.001018e-01
3.890979760537999e-07	8.000593e-01	8.002097e-01	8.000934e-01
3.891221189109422e-07	8.000568e-01	8.002089e-01	8.000850e-01
3.891462617680844e-07	8.000537e-01	8.002077e-01	8.000766e-01
3.891704046252266e-07	8.000500e-01	8.002062e-01	8.000681e-01
3.891945474823689e-07	8.000458e-01	8.002044e-01	8.000596e-01
3.892186903395111e-07	8.000410e-01	8.002021e-01	8.000510e-01
3.892428331966534e-07	8.000356e-01	8.001996e-01	8.000424e-01
3.892568331966530e-07	8.000323e-01	8.001980e-01	8.000374e-01
3.892578331966530e-07	8.000320e-01	8.001978e-01	8.000370e-01
3.892588331966530e-07	8.000318e-01	8.001978e-01	8.000367e-01
3.892598331966529e-07	8.000315e-01	8.001975e-01	8.000363e-01
3.892618331966529e-07	8.000310e-01	8.001973e-01	8.000356e-01
3.892638331966528e-07	8.000305e-01	8.001971e-01	8.000349e-01
3.892658331966528e-07	8.000300e-01	8.001968e-01	8.000342e-01
3.892742617680812e-07	8.000278e-01	8.001957e-01	8.000311e-01
3.892826903395095e-07	8.000256e-01	8.001946e-01	8.000281e-01
3.892911189109379e-07	8.000233e-01	8.001934e-01	8.000251e-01
3.892995474823662e-07	8.000210e-01	8.001922e-01	8.000220e-01
3.893079760537946e-07	8.000187e-01	8.001909e-01	8.000190e-01
3.893164046252229e-07	8.000164e-01	8.001896e-01	8.000160e-01
3.893248331966513e-07	8.000140e-01	8.001883e-01	8.000130e-01
3.893381189109367e-07	8.000102e-01	8.001862e-01	8.000082e-01
3.893514046252221e-07	8.000064e-01	8.001840e-01	8.000034e-01
3.893646903395074e-07	8.000024e-01	8.001817e-01	7.999986e-01
3.893779760537928e-07	7.999984e-01	8.001794e-01	7.999939e-01
3.893912617680782e-07	7.999943e-01	8.001770e-01	7.999891e-01
3.894045474823636e-07	7.999901e-01	8.001745e-01	7.999843e-01
3.894178331966489e-07	7.999858e-01	8.001720e-01	7.999796e-01
3.894344046252200e-07	7.999802e-01	8.001689e-01	7.999736e-01
3.894509760537910e-07	7.999744e-01	8.001655e-01	7.999677e-01
3.894675474823620e-07	7.999684e-01	8.001620e-01	7.999618e-01
3.894841189109330e-07	7.999621e-01	8.001583e-01	7.999559e-01
3.895006903395040e-07	7.999557e-01	8.001544e-01	7.999500e-01
3.895172617680750e-07	7.999490e-01	8.001504e-01	7.999442e-01
3.895338331966460e-07	7.999421e-01	8.001462e-01	7.999383e-01
3.895518331966456e-07	7.999343e-01	8.001413e-01	7.999320e-01
3.895698331966451e-07	7.999264e-01	8.001360e-01	7.999257e-01
3.895878331966446e-07	7.999185e-01	8.001304e-01	7.999194e-01
3.896058331966442e-07	7.999104e-01	8.001244e-01	7.999132e-01
3.896238331966437e-07	7.999021e-01	8.001180e-01	7.999070e-01
3.896418331966433e-07	7.998938e-01	8.001113e-01	7.999009e-01
3.896598331966428e-07	7.998853e-01	8.001043e-01	7.998948e-01
3.896814046252137e-07	7.998752e-01	8.000951e-01	7.998875e-01
3.897029760537846e-07	7.998653e-01	8.000855e-01	7.998802e-01
3.897245474823555e-07	7.998556e-01	8.000755e-01	7.998731e-01
3.897461189109263e-07	7.998462e-01	8.000651e-01	7.998660e-01
3.897676903394972e-07	7.998369e-01	8.000542e-01	7.998590e-01
3.897892617680681e-07	7.998279e-01	8.000428e-01	7.998521e-01
3.898108331966390e-07	7.998191e-01	8.000311e-01	7.998452e-01
3.898324046252099e-07	7.998107e-01	8.000190e-01	7.998384e-01
3.898539760537808e-07	7.998027e-01	8.000070e-01	7.998317e-01
3.898755474823516e-07	7.997950e-01	7.999950e-01	7.998251e-01
3.898971189109225e-07	7.997877e-01	7.999831e-01	7.998186e-01
3.899186903394934e-07	7.997808e-01	7.999711e-01	7.998122e-01
3.899402617680643e-07	7.997743e-01	7.999592e-01	7.998059e-01
3.899618331966352e-07	7.997681e-01	7.999473e-01	7.997997e-01
3.899811189109204e-07	7.997629e-01	7.999369e-01	7.997942e-01
3.900004046252056e-07	7.997578e-01	7.999268e-01	7.997888e-01
3.900196903394908e-07	7.997530e-01	7.999171e-01	7.997835e-01
3.900389760537761e-07	7.997484e-01	7.999077e-01	7.997782e-01
3.900582617680613e-07	7.997440e-01	7.998986e-01	7.997731e-01
3.900775474823465e-07	7.997398e-01	7.998898e-01	7.997681e-01
3.900968331966317e-07	7.997357e-01	7.998813e-01	7.997631e-01
3.900978331966317e-07	7.997355e-01	7.998809e-01	7.997628e-01
3.901189760537740e-07	7.997313e-01	7.998721e-01	7.997575e-01
3.901401189109164e-07	7.997270e-01	7.998638e-01	7.997523e-01
3.901612617680587e-07	7.997228e-01	7.998559e-01	7.997472e-01
3.901824046252010e-07	7.997187e-01	7.998484e-01	7.997423e-01
3.902035474823433e-07	7.997146e-01	7.998414e-01	7.997374e-01
3.902246903394856e-07	7.997106e-01	7.998348e-01	7.997327e-01
3.902458331966280e-07	7.997066e-01	7.998286e-01	7.997280e-01
3.902696903394845e-07	7.997020e-01	7.998222e-01	7.997229e-01
3.902935474823410e-07	7.996973e-01	7.998160e-01	7.997180e-01
3.903174046251976e-07	7.996925e-01	7.998100e-01	7.997132e-01
3.903412617680541e-07	7.996876e-01	7.998043e-01	7.997087e-01
3.903651189109107e-07	7.996826e-01	7.997988e-01	7.997042e-01
3.903889760537672e-07	7.996776e-01	7.997935e-01	7.997000e-01
3.904128331966237e-07	7.996724e-01	7.997885e-01	7.996958e-01
3.904362617680517e-07	7.996672e-01	7.997835e-01	7.996920e-01
3.904596903394797e-07	7.996619e-01	7.997784e-01	7.996882e-01
3.904831189109077e-07	7.996565e-01	7.997730e-01	7.996847e-01
3.905065474823356e-07	7.996510e-01	7.997674e-01	7.996813e-01
3.905299760537636e-07	7.996455e-01	7.997617e-01	7.996781e-01
3.905534046251916e-07	7.996400e-01	7.997557e-01	7.996750e-01
3.905768331966196e-07	7.996343e-01	7.997496e-01	7.996721e-01
3.905986903394762e-07	7.996290e-01	7.997434e-01	7.996696e-01
3.906205474823328e-07	7.996238e-01	7.997369e-01	7.996671e-01
3.906424046251893e-07	7.996187e-01	7.997301e-01	7.996649e-01
3.906642617680459e-07	7.996136e-01	7.997229e-01	7.996627e-01
3.906861189109025e-07	7.996085e-01	7.997154e-01	7.996608e-01
3.907079760537591e-07	7.996036e-01	7.997076e-01	7.996589e-01
3.907298331966157e-07	7.995987e-01	7.996995e-01	7.996572e-01
3.907556903394722e-07	7.995931e-01	7.996893e-01	7.996554e-01
3.907815474823287e-07	7.995877e-01	7.996789e-01	7.996538e-01
3.908074046251852e-07	7.995826e-01	7.996682e-01	7.996523e-01
3.908332617680417e-07	7.995779e-01	7.996573e-01	7.996511e-01
3.908591189108981e-07	7.995734e-01	7.996462e-01	7.996500e-01
3.908849760537546e-07	7.995691e-01	7.996348e-01	7.996492e-01
3.909108331966111e-07	7.995652e-01	7.996232e-01	7.996485e-01
3.909335474823248e-07	7.995620e-01	7.996130e-01	7.996481e-01
3.909562617680385e-07	7.995592e-01	7.996031e-01	7.996478e-01
3.909789760537522e-07	7.995566e-01	7.995936e-01	7.996477e-01
3.910016903394660e-07	7.995544e-01	7.995843e-01	7.996477e-01
3.910244046251797e-07	7.995524e-01	7.995754e-01	7.996479e-01
3.910471189108934e-07	7.995508e-01	7.995667e-01	7.996482e-01
3.910698331966071e-07	7.995495e-01	7.995584e-01	7.996487e-01
3.910771189108926e-07	7.995491e-01	7.995559e-01	7.996489e-01
3.910844046251782e-07	7.995488e-01	7.995535e-01	7.996491e-01
3.910916903394637e-07	7.995485e-01	7.995511e-01	7.996493e-01
3.910989760537492e-07	7.995482e-01	7.995488e-01	7.996495e-01
3.911062617680347e-07	7.995480e-01	7.995466e-01	7.996497e-01
3.911135474823203e-07	7.995477e-01	7.995444e-01	7.996499e-01
3.911208331966058e-07	7.995476e-01	7.995423e-01	7.996502e-01
3.911218331966058e-07	7.995476e-01	7.995420e-01	7.996503e-01
3.911366903394625e-07	7.995473e-01	7.995380e-01	7.996508e-01
3.911515474823193e-07	7.995472e-01	7.995344e-01	7.996515e-01
3.911664046251761e-07	7.995472e-01	7.995311e-01	7.996521e-01
3.911812617680328e-07	7.995473e-01	7.995283e-01	7.996529e-01
3.911961189108896e-07	7.995475e-01	7.995258e-01	7.996537e-01
3.912109760537464e-07	7.995479e-01	7.995238e-01	7.996546e-01
3.912258331966031e-07	7.995483e-01	7.995221e-01	7.996556e-01
3.912395474823171e-07	7.995489e-01	7.995210e-01	7.996564e-01
3.912532617680310e-07	7.995496e-01	7.995204e-01	7.996574e-01
3.912669760537450e-07	7.995503e-01	7.995201e-01	7.996584e-01
3.912806903394589e-07	7.995511e-01	7.995204e-01	7.996594e-01
3.912944046251728e-07	7.995521e-01	7.995210e-01	7.996605e-01
3.913081189108868e-07	7.995531e-01	7.995221e-01	7.996616e-01
3.913218331966007e-07	7.995542e-01	7.995236e-01	7.996628e-01
3.913425474823145e-07	7.995560e-01	7.995268e-01	7.996647e-01
3.913632617680282e-07	7.995580e-01	7.995312e-01	7.996667e-01
3.913839760537420e-07	7.995601e-01	7.995367e-01	7.996687e-01
3.914046903394557e-07	7.995624e-01	7.995434e-01	7.996709e-01
3.914254046251695e-07	7.995649e-01	7.995513e-01	7.996732e-01
3.914461189108833e-07	7.995675e-01	7.995604e-01	7.996755e-01
3.914668331965970e-07	7.995703e-01	7.995706e-01	7.996780e-01
3.914968331965963e-07	7.995745e-01	7.995878e-01	7.996817e-01
3.915268331965955e-07	7.995790e-01	7.996074e-01	7.996856e-01
3.915568331965948e-07	7.995836e-01	7.996295e-01	7.996896e-01
3.915868331965940e-07	7.995883e-01	7.996540e-01	7.996939e-01
3.916168331965932e-07	7.995933e-01	7.996810e-01	7.996983e-01
3.916468331965925e-07	7.995984e-01	7.997104e-01	7.997029e-01
3.916768331965917e-07	7.996036e-01	7.997423e-01	7.997077e-01
3.917211189108763e-07	7.996116e-01	7.997944e-01	7.997150e-01
3.917654046251609e-07	7.996195e-01	7.998496e-01	7.997227e-01
3.918096903394455e-07	7.996275e-01	7.999079e-01	7.997306e-01
3.918539760537301e-07	7.996356e-01	7.999693e-01	7.997388e-01
3.918982617680147e-07	7.996436e-01	8.000338e-01	7.997473e-01
3.919425474822993e-07	7.996517e-01	8.001014e-01	7.997560e-01
3.919868331965839e-07	7.996598e-01	8.001721e-01	7.997651e-01
3.920094046251547e-07	7.996639e-01	8.002080e-01	7.997697e-01
3.920319760537256e-07	7.996680e-01	8.002439e-01	7.997744e-01
3.920545474822964e-07	7.996720e-01	8.002798e-01	7.997792e-01
3.920771189108673e-07	7.996760e-01	8.003157e-01	7.997840e-01
3.920996903394381e-07	7.996800e-01	8.003515e-01	7.997889e-01
3.921222617680090e-07	7.996840e-01	8.003872e-01	7.997939e-01
3.921448331965799e-07	7.996880e-01	8.004230e-01	7.997988e-01
3.921458331965798e-07	7.996882e-01	8.004245e-01	7.997991e-01
3.921912617680072e-07	7.996961e-01	8.004963e-01	7.998093e-01
3.922366903394347e-07	7.997039e-01	8.005647e-01	7.998195e-01
3.922821189108621e-07	7.997116e-01	8.006298e-01	7.998299e-01
3.923275474822895e-07	7.997193e-01	8.006915e-01	7.998404e-01
3.923729760537169e-07	7.997268e-01	8.007499e-01	7.998510e-01
3.924184046251444e-07	7.997343e-01	8.008050e-01	7.998617e-01
3.924638331965718e-07	7.997417e-01	8.008566e-01	7.998725e-01
3.924972617679995e-07	7.997471e-01	8.008909e-01	7.998805e-01
3.925306903394272e-07	7.997525e-01	8.009221e-01	7.998884e-01
3.925641189108549e-07	7.997577e-01	8.009504e-01	7.998964e-01
3.925975474822827e-07	7.997629e-01	8.009757e-01	7.999043e-01
3.926309760537104e-07	7.997680e-01	8.009980e-01	7.999123e-01
3.926644046251381e-07	7.997731e-01	8.010174e-01	7.999203e-01
3.926978331965658e-07	7.997780e-01	8.010337e-01	7.999283e-01
3.927186903394225e-07	7.997811e-01	8.010423e-01	7.999333e-01
3.927395474822791e-07	7.997841e-01	8.010496e-01	7.999382e-01
3.927604046251357e-07	7.997871e-01	8.010558e-01	7.999432e-01
3.927812617679923e-07	7.997900e-01	8.010607e-01	7.999481e-01
3.928021189108489e-07	7.997929e-01	8.010645e-01	7.999530e-01
3.928229760537055e-07	7.997957e-01	8.010670e-01	7.999579e-01
3.928438331965621e-07	7.997985e-01	8.010684e-01	7.999628e-01
3.928559760537047e-07	7.998001e-01	8.010686e-01	7.999657e-01
3.928681189108472e-07	7.998017e-01	8.010684e-01	7.999685e-01
3.928802617679898e-07	7.998032e-01	8.010679e-01	7.999714e-01
3.928924046251323e-07	7.998047e-01	8.010670e-01	7.999742e-01
3.929045474822749e-07	7.998062e-01	8.010657e-01	7.999770e-01
3.929166903394174e-07	7.998077e-01	8.010640e-01	7.999798e-01
3.929288331965600e-07	7.998092e-01	8.010620e-01	7.999826e-01
3.929631189108448e-07	7.998133e-01	8.010539e-01	7.999905e-01
3.929974046251297e-07	7.998171e-01	8.010432e-01	7.999983e-01
3.930316903394145e-07	7.998208e-01	8.010300e-01	8.000061e-01
3.930659760536994e-07	7.998242e-01	8.010143e-01	8.000137e-01
3.931002617679842e-07	7.998275e-01	8.009960e-01	8.000213e-01
3.931345474822691e-07	7.998305e-01	8.009752e-01	8.000288e-01
3.931688331965539e-07	7.998334e-01	8.009519e-01	8.000363e-01
3.931698331965539e-07	7.998334e-01	8.009512e-01	8.000365e-01
3.932035474822673e-07	7.998360e-01	8.009261e-01	8.000437e-01
3.932372617679807e-07	7.998383e-01	8.008996e-01	8.000508e-01
3.932709760536942e-07	7.998404e-01	8.008717e-01	8.000579e-01
3.933046903394076e-07	7.998423e-01	8.008422e-01	8.000648e-01
3.933384046251210e-07	7.998439e-01	8.008114e-01	8.000716e-01
3.933721189108345e-07	7.998453e-01	8.007791e-01	8.000784e-01
3.934058331965479e-07	7.998465e-01	8.007453e-01	8.000850e-01
3.934298331965473e-07	7.998472e-01	8.007208e-01	8.000897e-01
3.934538331965467e-07	7.998479e-01	8.006961e-01	8.000943e-01
3.934778331965461e-07	7.998484e-01	8.006711e-01	8.000988e-01
3.935018331965455e-07	7.998488e-01	8.006458e-01	8.001033e-01
3.935258331965449e-07	7.998492e-01	8.006202e-01	8.001077e-01
3.935498331965443e-07	7.998494e-01	8.005943e-01	8.001120e-01
3.935738331965436e-07	7.998496e-01	8.005682e-01	8.001163e-01
3.935941189108289e-07	7.998496e-01	8.005460e-01	8.001199e-01
3.936144046251141e-07	7.998496e-01	8.005239e-01	8.001235e-01
3.936346903393993e-07	7.998496e-01	8.005018e-01	8.001270e-01
3.936549760536845e-07	7.998495e-01	8.004797e-01	8.001304e-01
3.936752617679697e-07	7.998494e-01	8.004576e-01	8.001338e-01
3.936955474822549e-07	7.998492e-01	8.004355e-01	8.001372e-01
3.937158331965401e-07	7.998490e-01	8.004135e-01	8.001404e-01
3.937478331965392e-07	7.998485e-01	8.003789e-01	8.001456e-01
3.937798331965384e-07	7.998481e-01	8.003448e-01	8.001506e-01
3.938118331965376e-07	7.998476e-01	8.003113e-01	8.001555e-01
3.938438331965368e-07	7.998472e-01	8.002783e-01	8.001603e-01
3.938758331965360e-07	7.998467e-01	8.002458e-01	8.001649e-01
3.939078331965352e-07	7.998463e-01	8.002139e-01	8.001695e-01
3.939398331965344e-07	7.998458e-01	8.001826e-01	8.001739e-01
3.939759760536763e-07	7.998453e-01	8.001482e-01	8.001787e-01
3.940121189108183e-07	7.998450e-01	8.001150e-01	8.001834e-01
3.940482617679602e-07	7.998449e-01	8.000830e-01	8.001879e-01
3.940844046251021e-07	7.998451e-01	8.000522e-01	8.001922e-01
3.941205474822441e-07	7.998454e-01	8.000226e-01	8.001964e-01
3.941566903393860e-07	7.998459e-01	7.999941e-01	8.002005e-01
3.941928331965280e-07	7.998466e-01	7.999669e-01	8.002043e-01
3.941938331965279e-07	7.998466e-01	7.999662e-01	8.002045e-01
3.942306903393842e-07	7.998477e-01	7.999400e-01	8.002083e-01
3.942675474822404e-07	7.998492e-01	7.999152e-01	8.002119e-01
3.943044046250966e-07	7.998511e-01	7.998918e-01	8.002154e-01
3.943412617679528e-07	7.998534e-01	7.998698e-01	8.002187e-01
3.943781189108090e-07	7.998562e-01	7.998493e-01	8.002218e-01
3.944149760536652e-07	7.998594e-01	7.998301e-01	8.002247e-01
3.944518331965214e-07	7.998630e-01	7.998124e-01	8.002275e-01
3.944966903393774e-07	7.998681e-01	7.997929e-01	8.002307e-01
3.945415474822334e-07	7.998741e-01	7.997753e-01	8.002337e-01
3.945864046250894e-07	7.998809e-01	7.997596e-01	8.002364e-01
3.946312617679454e-07	7.998886e-01	7.997457e-01	8.002389e-01
3.946761189108014e-07	7.998970e-01	7.997338e-01	8.002412e-01
3.947209760536574e-07	7.999064e-01	7.997238e-01	8.002433e-01
3.947658331965134e-07	7.999166e-01	7.997157e-01	8.002451e-01
3.948226903393692e-07	7.999309e-01	7.997080e-01	8.002471e-01
3.948795474822249e-07	7.999466e-01	7.997025e-01	8.002488e-01
3.949364046250806e-07	7.999635e-01	7.996992e-01	8.002502e-01
3.949932617679363e-07	7.999817e-01	7.996981e-01	8.002512e-01
3.950501189107920e-07	8.000011e-01	7.996991e-01	8.002519e-01
3.951069760536477e-07	8.000219e-01	7.997024e-01	8.002522e-01
3.951638331965034e-07	8.000439e-01	7.997079e-01	8.002523e-01
3.951709760536460e-07	8.000467e-01	7.997086e-01	8.002522e-01
3.951781189107887e-07	8.000495e-01	7.997094e-01	8.002522e-01
3.951852617679314e-07	8.000524e-01	7.997102e-01	8.002522e-01
3.951924046250741e-07	8.000553e-01	7.997111e-01	8.002522e-01
3.951995474822167e-07	8.000582e-01	7.997119e-01	8.002522e-01
3.952066903393594e-07	8.000611e-01	7.997128e-01	8.002521e-01
3.952138331965021e-07	8.000640e-01	7.997138e-01	8.002521e-01
3.952178331965020e-07	8.000656e-01	7.997143e-01	8.002521e-01
3.952314046250731e-07	8.000712e-01	7.997161e-01	8.002520e-01
3.952449760536442e-07	8.000768e-01	7.997181e-01	8.002519e-01
3.952585474822153e-07	8.000825e-01	7.997201e-01	8.002518e-01
3.952721189107863e-07	8.000882e-01	7.997222e-01	8.002517e-01
3.952856903393574e-07	8.000939e-01	7.997244e-01	8.002517e-01
3.952992617679285e-07	8.000998e-01	7.997266e-01	8.002516e-01
3.953128331964996e-07	8.001056e-01	7.997289e-01	8.002515e-01
3.953198331964994e-07	8.001087e-01	7.997302e-01	8.002515e-01
3.953268331964992e-07	8.001117e-01	7.997315e-01	8.002515e-01
3.953338331964991e-07	8.001148e-01	7.997328e-01	8.002515e-01
3.953408331964989e-07	8.001178e-01	7.997341e-01	8.002516e-01
3.953478331964987e-07	8.001209e-01	7.997354e-01	8.002516e-01
3.953548331964985e-07	8.001240e-01	7.997367e-01	8.002516e-01
3.953618331964983e-07	8.001271e-01	7.997380e-01	8.002517e-01
3.953711189107838e-07	8.001312e-01	7.997399e-01	8.002517e-01
3.953804046250693e-07	8.001353e-01	7.997418e-01	8.002518e-01
3.953896903393548e-07	8.001394e-01	7.997437e-01	8.002519e-01
3.953989760536403e-07	8.001436e-01	7.997456e-01	8.002520e-01
3.954082617679257e-07	8.001477e-01	7.997476e-01	8.002522e-01
3.954175474822112e-07	8.001519e-01	7.997496e-01	8.002523e-01
3.954268331964967e-07	8.001561e-01	7.997516e-01	8.002525e-01
3.954434046250677e-07	8.001636e-01	7.997553e-01	8.002529e-01
3.954599760536387e-07	8.001712e-01	7.997591e-01	8.002533e-01
3.954765474822097e-07	8.001787e-01	7.997630e-01	8.002537e-01
3.954931189107807e-07	8.001863e-01	7.997670e-01	8.002542e-01
3.955096903393517e-07	8.001939e-01	7.997711e-01	8.002548e-01
3.955262617679228e-07	8.002016e-01	7.997752e-01	8.002554e-01
3.955428331964938e-07	8.002092e-01	7.997795e-01	8.002560e-01
3.955644046250646e-07	8.002192e-01	7.997851e-01	8.002569e-01
3.955859760536355e-07	8.002291e-01	7.997909e-01	8.002578e-01
3.956075474822064e-07	8.002391e-01	7.997968e-01	8.002587e-01
3.956291189107773e-07	8.002490e-01	7.998028e-01	8.002596e-01
3.956506903393482e-07	8.002589e-01	7.998090e-01	8.002605e-01
3.956722617679191e-07	8.002688e-01	7.998153e-01	8.002614e-01
3.956938331964899e-07	8.002787e-01	7.998217e-01	8.002623e-01
3.957198331964893e-07	8.002906e-01	7.998296e-01	8.002633e-01
3.957458331964886e-07	8.003024e-01	7.998376e-01	8.002644e-01
3.957718331964880e-07	8.003140e-01	7.998458e-01	8.002654e-01
3.957978331964873e-07	8.003255e-01	7.998541e-01	8.002663e-01
3.958238331964866e-07	8.003370e-01	7.998625e-01	8.002672e-01
3.958498331964860e-07	8.003483e-01	7.998711e-01	8.002681e-01
3.958758331964853e-07	8.003595e-01	7.998798e-01	8.002689e-01
3.958976903393419e-07	8.003688e-01	7.998873e-01	8.002695e-01
3.959195474821985e-07	8.003779e-01	7.998947e-01	8.002701e-01
3.959414046250551e-07	8.003869e-01	7.999023e-01	8.002706e-01
3.959632617679117e-07	8.003957e-01	7.999099e-01	8.002711e-01
3.959851189107683e-07	8.004044e-01	7.999176e-01	8.002715e-01
3.960069760536249e-07	8.004130e-01	7.999254e-01	8.002719e-01
3.960288331964815e-07	8.004214e-01	7.999332e-01	8.002723e-01
3.960441189107668e-07	8.004271e-01	7.999387e-01	8.002725e-01
3.960594046250521e-07	8.004328e-01	7.999443e-01	8.002726e-01
3.960746903393374e-07	8.004384e-01	7.999498e-01	8.002728e-01
3.960899760536228e-07	8.004439e-01	7.999554e-01	8.002729e-01
3.961052617679081e-07	8.004494e-01	7.999610e-01	8.002729e-01
3.961205474821934e-07	8.004547e-01	7.999667e-01	8.002730e-01
3.961358331964787e-07	8.004599e-01	7.999723e-01	8.002729e-01
3.961508331964784e-07	8.004649e-01	7.999779e-01	8.002729e-01
3.961658331964780e-07	8.004699e-01	7.999835e-01	8.002728e-01
3.961808331964776e-07	8.004747e-01	7.999891e-01	8.002727e-01
3.961958331964772e-07	8.004794e-01	7.999947e-01	8.002725e-01
3.962108331964768e-07	8.004841e-01	8.000004e-01	8.002722e-01
3.962258331964765e-07	8.004886e-01	8.000060e-01	8.002719e-01
3.962408331964761e-07	8.004931e-01	8.000117e-01	8.002716e-01
3.962418331964761e-07	8.004934e-01	8.000121e-01	8.002715e-01
3.962701189107611e-07	8.005014e-01	8.000228e-01	8.002707e-01
3.962984046250460e-07	8.005090e-01	8.000336e-01	8.002696e-01
3.963266903393310e-07	8.005162e-01	8.000443e-01	8.002682e-01
3.963549760536160e-07	8.005231e-01	8.000551e-01	8.002666e-01
3.963832617679010e-07	8.005295e-01	8.000659e-01	8.002647e-01
3.964115474821860e-07	8.005355e-01	8.000767e-01	8.002626e-01
3.964398331964710e-07	8.005410e-01	8.000875e-01	8.002601e-01
3.964702617678988e-07	8.005465e-01	8.000991e-01	8.002571e-01
3.965006903393266e-07	8.005514e-01	8.001107e-01	8.002537e-01
3.965311189107544e-07	8.005558e-01	8.001222e-01	8.002499e-01
3.965615474821822e-07	8.005597e-01	8.001337e-01	8.002458e-01
3.965919760536100e-07	8.005631e-01	8.001451e-01	8.002412e-01
3.966224046250378e-07	8.005659e-01	8.001565e-01	8.002363e-01
3.966528331964656e-07	8.005682e-01	8.001677e-01	8.002310e-01
3.966735474821794e-07	8.005694e-01	8.001754e-01	8.002272e-01
3.966942617678932e-07	8.005703e-01	8.001829e-01	8.002232e-01
3.967149760536069e-07	8.005711e-01	8.001904e-01	8.002190e-01
3.967356903393207e-07	8.005715e-01	8.001979e-01	8.002147e-01
3.967564046250344e-07	8.005717e-01	8.002052e-01	8.002103e-01
3.967771189107482e-07	8.005717e-01	8.002126e-01	8.002057e-01
3.967978331964620e-07	8.005714e-01	8.002198e-01	8.002009e-01
3.968368331964610e-07	8.005701e-01	8.002334e-01	8.001914e-01
3.968758331964600e-07	8.005680e-01	8.002465e-01	8.001817e-01
3.969148331964590e-07	8.005651e-01	8.002593e-01	8.001717e-01
3.969538331964580e-07	8.005613e-01	8.002718e-01	8.001614e-01
3.969928331964570e-07	8.005566e-01	8.002839e-01	8.001509e-01
3.970318331964560e-07	8.005511e-01	8.002957e-01	8.001400e-01
3.970708331964551e-07	8.005447e-01	8.003071e-01	8.001289e-01
3.970985474821686e-07	8.005397e-01	8.003149e-01	8.001210e-01
3.971262617678822e-07	8.005343e-01	8.003224e-01	8.001131e-01
3.971539760535958e-07	8.005285e-01	8.003297e-01	8.001053e-01
3.971816903393094e-07	8.005224e-01	8.003367e-01	8.000974e-01
3.972094046250230e-07	8.005159e-01	8.003435e-01	8.000896e-01
3.972371189107366e-07	8.005090e-01	8.003501e-01	8.000818e-01
3.972648331964501e-07	8.005017e-01	8.003563e-01	8.000740e-01
3.972658331964501e-07	8.005014e-01	8.003566e-01	8.000737e-01
3.973159760535917e-07	8.004873e-01	8.003672e-01	8.000598e-01
3.973661189107333e-07	8.004722e-01	8.003768e-01	8.000464e-01
3.974162617678749e-07	8.004563e-01	8.003852e-01	8.000333e-01
3.974664046250165e-07	8.004395e-01	8.003926e-01	8.000207e-01
3.975165474821580e-07	8.004218e-01	8.003988e-01	8.000085e-01
3.975666903392996e-07	8.004031e-01	8.004040e-01	7.999967e-01
3.976168331964412e-07	8.003836e-01	8.004080e-01	7.999854e-01
3.976571189107259e-07	8.003675e-01	8.004103e-01	7.999767e-01
3.976974046250106e-07	8.003511e-01	8.004118e-01	7.999683e-01
3.977376903392953e-07	8.003344e-01	8.004125e-01	7.999603e-01
3.977779760535800e-07	8.003175e-01	8.004123e-01	7.999525e-01
3.978182617678647e-07	8.003002e-01	8.004113e-01	7.999450e-01
3.978585474821494e-07	8.002826e-01	8.004094e-01	7.999378e-01
3.978988331964341e-07	8.002648e-01	8.004068e-01	7.999309e-01
3.979509760535756e-07	8.002414e-01	8.004020e-01	7.999224e-01
3.980031189107171e-07	8.002180e-01	8.003958e-01	7.999144e-01
3.980552617678587e-07	8.001946e-01	8.003882e-01	7.999069e-01
3.981074046250002e-07	8.001712e-01	8.003792e-01	7.998999e-01
3.981595474821418e-07	8.001479e-01	8.003688e-01	7.998933e-01
3.982116903392833e-07	8.001245e-01	8.003570e-01	7.998872e-01
3.982638331964248e-07	8.001011e-01	8.003438e-01	7.998816e-01
3.982898331964242e-07	8.000897e-01	8.003367e-01	7.998790e-01
3.983058331964238e-07	8.000826e-01	8.003322e-01	7.998774e-01
3.983218331964234e-07	8.000756e-01	8.003275e-01	7.998759e-01
3.983378331964229e-07	8.000686e-01	8.003228e-01	7.998745e-01
3.983538331964225e-07	8.000617e-01	8.003179e-01	7.998732e-01
3.983698331964221e-07	8.000548e-01	8.003129e-01	7.998719e-01
3.983858331964217e-07	8.000479e-01	8.003078e-01	7.998706e-01
3.984018331964213e-07	8.000411e-01	8.003026e-01	7.998694e-01
3.984038331964213e-07	8.000402e-01	8.003019e-01	7.998692e-01
3.984048331964213e-07	8.000398e-01	8.003016e-01	7.998692e-01
3.984068331964212e-07	8.000389e-01	8.003009e-01	7.998691e-01
3.984095474821354e-07	8.000378e-01	8.003000e-01	7.998689e-01
3.984122617678496e-07	8.000366e-01	8.002991e-01	7.998687e-01
3.984149760535639e-07	8.000355e-01	8.002982e-01	7.998685e-01
3.984176903392781e-07	8.000343e-01	8.002973e-01	7.998683e-01
3.984204046249923e-07	8.000332e-01	8.002964e-01	7.998681e-01
3.984231189107065e-07	8.000320e-01	8.002954e-01	7.998679e-01
3.984258331964207e-07	8.000309e-01	8.002945e-01	7.998677e-01
3.984438331964203e-07	8.000233e-01	8.002883e-01	7.998666e-01
3.984618331964198e-07	8.000158e-01	8.002819e-01	7.998654e-01
3.984798331964194e-07	8.000083e-01	8.002754e-01	7.998643e-01
3.984978331964189e-07	8.000009e-01	8.002688e-01	7.998632e-01
3.985158331964184e-07	7.999936e-01	8.002620e-01	7.998621e-01
3.985338331964180e-07	7.999863e-01	8.002551e-01	7.998611e-01
3.985518331964175e-07	7.999790e-01	8.002481e-01	7.998601e-01
3.985648331964172e-07	7.999738e-01	8.002429e-01	7.998593e-01
3.985778331964169e-07	7.999687e-01	8.002377e-01	7.998584e-01
3.985908331964165e-07	7.999636e-01	8.002324e-01	7.998576e-01
3.986038331964162e-07	7.999585e-01	8.002270e-01	7.998567e-01
3.986168331964159e-07	7.999535e-01	8.002216e-01	7.998558e-01
3.986298331964156e-07	7.999485e-01	8.002161e-01	7.998549e-01
3.986428331964152e-07	7.999435e-01	8.002106e-01	7.998540e-01
3.986618331964147e-07	7.999363e-01	8.002024e-01	7.998526e-01
3.986808331964143e-07	7.999292e-01	8.001940e-01	7.998511e-01
3.986998331964138e-07	7.999222e-01	8.001856e-01	7.998497e-01
3.987188331964133e-07	7.999153e-01	8.001770e-01	7.998483e-01
3.987378331964128e-07	7.999084e-01	8.001683e-01	7.998469e-01
3.987568331964123e-07	7.999017e-01	8.001595e-01	7.998455e-01
3.987758331964119e-07	7.998950e-01	8.001506e-01	7.998441e-01
3.987942617678400e-07	7.998887e-01	8.001419e-01	7.998429e-01
3.988126903392681e-07	7.998824e-01	8.001330e-01	7.998417e-01
3.988311189106962e-07	7.998762e-01	8.001241e-01	7.998406e-01
3.988495474821243e-07	7.998701e-01	8.001151e-01	7.998397e-01
3.988679760535524e-07	7.998642e-01	8.001059e-01	7.998388e-01
3.988864046249805e-07	7.998583e-01	8.000967e-01	7.998380e-01
3.989048331964086e-07	7.998525e-01	8.000875e-01	7.998374e-01
3.989146903392655e-07	7.998494e-01	8.000825e-01	7.998371e-01
3.989245474821224e-07	7.998464e-01	8.000774e-01	7.998369e-01
3.989344046249793e-07	7.998434e-01	8.000724e-01	7.998367e-01
3.989442617678362e-07	7.998404e-01	8.000673e-01	7.998366e-01
3.989541189106930e-07	7.998374e-01	8.000623e-01	7.998365e-01
3.989639760535499e-07	7.998345e-01	8.000572e-01	7.998365e-01
3.989738331964068e-07	7.998316e-01	8.000520e-01	7.998365e-01
3.989875474821208e-07	7.998276e-01	8.000449e-01	7.998366e-01
3.990012617678347e-07	7.998237e-01	8.000377e-01	7.998368e-01
3.990149760535487e-07	7.998198e-01	8.000305e-01	7.998371e-01
3.990286903392626e-07	7.998160e-01	8.000233e-01	7.998375e-01
3.990424046249765e-07	7.998123e-01	8.000160e-01	7.998381e-01
3.990561189106905e-07	7.998086e-01	8.000087e-01	7.998387e-01
3.990698331964044e-07	7.998049e-01	8.000014e-01	7.998395e-01
3.991016903392607e-07	7.997967e-01	7.999842e-01	7.998417e-01
3.991335474821171e-07	7.997887e-01	7.999670e-01	7.998445e-01
3.991654046249734e-07	7.997811e-01	7.999497e-01	7.998479e-01
3.991972617678297e-07	7.997738e-01	7.999323e-01	7.998519e-01
3.992291189106861e-07	7.997668e-01	7.999149e-01	7.998565e-01
3.992609760535424e-07	7.997601e-01	7.998974e-01	7.998617e-01
3.992928331963988e-07	7.997537e-01	7.998798e-01	7.998676e-01
3.993138331963982e-07	7.997497e-01	7.998683e-01	7.998717e-01
3.993718331963968e-07	7.997393e-01	7.998362e-01	7.998847e-01
3.994298331963953e-07	7.997299e-01	7.998045e-01	7.998995e-01
3.994878331963938e-07	7.997215e-01	7.997732e-01	7.999160e-01
3.995458331963923e-07	7.997141e-01	7.997424e-01	7.999343e-01
3.996038331963909e-07	7.997076e-01	7.997119e-01	7.999543e-01
3.996618331963894e-07	7.997022e-01	7.996820e-01	7.999761e-01
3.997198331963879e-07	7.996977e-01	7.996524e-01	7.999996e-01
3.997596903392441e-07	7.996951e-01	7.996326e-01	8.000166e-01
3.997995474821002e-07	7.996930e-01	7.996133e-01	8.000341e-01
3.998394046249563e-07	7.996912e-01	7.995945e-01	8.000520e-01
3.998792617678125e-07	7.996899e-01	7.995762e-01	8.000703e-01
3.999191189106686e-07	7.996889e-01	7.995583e-01	8.000891e-01
3.999589760535247e-07	7.996883e-01	7.995409e-01	8.001083e-01
3.999988331963809e-07	7.996882e-01	7.995240e-01	8.001279e-01
3.999998331963808e-07	7.996882e-01	7.995236e-01	8.001283e-01
4.000000000000000e-07	7.996882e-01	7.995235e-01	8.001284e-01
