time	V(n001)	V(n002)	V(n003)
0.000000000000000e+00	0.000000e+00	0.000000e+00	0.000000e+00
1.006310719978738e-09	0.000000e+00	0.000000e+00	0.000000e+00
2.000000000000000e-09	0.000000e+00	0.000000e+00	0.000000e+00
2.003785714285714e-09	1.032356e-07	0.000000e+00	0.000000e+00
2.007571428571428e-09	3.954525e-07	0.000000e+00	0.000000e+00
2.011357142857142e-09	8.766507e-07	0.000000e+00	0.000000e+00
2.015142857142856e-09	1.546830e-06	0.000000e+00	0.000000e+00
2.018928571428570e-09	2.405991e-06	0.000000e+00	0.000000e+00
2.022714285714284e-09	3.454133e-06	0.000000e+00	0.000000e+00
2.026499999999997e-09	4.691256e-06	0.000000e+00	0.000000e+00
2.027499999999997e-09	5.049109e-06	0.000000e+00	0.000000e+00
2.043928571428567e-09	1.287569e-05	0.000000e+00	0.000000e+00
2.060357142857137e-09	2.411872e-05	0.000000e+00	0.000000e+00
2.076785714285706e-09	3.877820e-05	0.000000e+00	0.000000e+00
2.093214285714276e-09	5.685414e-05	0.000000e+00	0.000000e+00
2.109642857142846e-09	7.834654e-05	0.000000e+00	0.000000e+00
2.126071428571415e-09	1.032554e-04	0.000000e+00	0.000000e+00
2.142499999999985e-09	1.315807e-04	0.000000e+00	0.000000e+00
2.174357142857124e-09	1.962803e-04	0.000000e+00	0.000000e+00
2.206214285714264e-09	2.726473e-04	0.000000e+00	0.000000e+00
2.238071428571404e-09	3.606818e-04	0.000000e+00	0.000000e+00
2.269928571428543e-09	4.603837e-04	0.000000e+00	0.000000e+00
2.301785714285683e-09	5.717530e-04	0.000000e+00	0.000000e+00
2.333642857142822e-09	6.947898e-04	0.000000e+00	0.000000e+00
2.365499999999961e-09	8.294941e-04	0.000000e+00	0.000000e+00
2.423785714285669e-09	1.105929e-03	0.000000e+00	0.000000e+00
2.482071428571377e-09	1.415006e-03	0.000000e+00	0.000000e+00
2.540357142857085e-09	1.756726e-03	0.000000e+00	0.000000e+00
2.598642857142794e-09	2.131090e-03	0.000000e+00	0.000000e+00
2.656928571428502e-09	2.538096e-03	0.000000e+00	0.000000e+00
2.715214285714210e-09	2.977745e-03	0.000000e+00	0.000000e+00
2.773499999999918e-09	3.450038e-03	0.000000e+00	0.000000e+00
2.813071428571342e-09	3.786172e-03	0.000000e+00	0.000000e+00
2.852642857142766e-09	4.134669e-03	0.000000e+00	0.000000e+00
2.892214285714191e-09	4.495530e-03	0.000000e+00	0.000000e+00
2.931785714285615e-09	4.868754e-03	0.000000e+00	0.000000e+00
2.971357142857039e-09	5.254342e-03	0.000000e+00	0.000000e+00
3.010928571428464e-09	5.652293e-03	0.000000e+00	0.000000e+00
3.050499999999888e-09	6.062607e-03	0.000000e+00	0.000000e+00
3.051499999999888e-09	6.073107e-03	0.000000e+00	0.000000e+00
3.181642857142745e-09	7.518711e-03	0.000000e+00	0.000000e+00
3.311785714285603e-09	9.060057e-03	0.000000e+00	0.000000e+00
3.441928571428460e-09	1.069714e-02	0.000000e+00	0.000000e+00
3.572071428571317e-09	1.242998e-02	0.000000e+00	0.000000e+00
3.702214285714175e-09	1.425855e-02	0.000000e+00	0.000000e+00
3.832357142857032e-09	1.618286e-02	0.000000e+00	0.000000e+00
3.962499999999889e-09	1.820292e-02	0.000000e+00	0.000000e+00
4.075499999999924e-09	2.000167e-02	0.000000e+00	0.000000e+00
4.221642857142826e-09	2.241850e-02	0.000000e+00	0.000000e+00
4.367785714285728e-09	2.490058e-02	0.000000e+00	0.000000e+00
4.513928571428629e-09	2.744790e-02	0.000000e+00	0.000000e+00
4.660071428571532e-09	3.006047e-02	0.000000e+00	0.000000e+00
4.806214285714434e-09	3.273828e-02	0.000000e+00	0.000000e+00
4.952357142857336e-09	3.548134e-02	0.000000e+00	0.000000e+00
5.098500000000238e-09	3.828964e-02	0.000000e+00	0.000000e+00
5.099500000000238e-09	3.830894e-02	0.000000e+00	0.000000e+00
5.245642857143140e-09	4.116068e-02	0.000000e+00	0.000000e+00
5.391785714286042e-09	4.404876e-02	0.000000e+00	0.000000e+00
5.537928571428944e-09	4.697318e-02	0.000000e+00	0.000000e+00
5.684071428571846e-09	4.993395e-02	0.000000e+00	0.000000e+00
5.830214285714748e-09	5.293107e-02	0.000000e+00	0.000000e+00
5.976357142857650e-09	5.596453e-02	0.000000e+00	0.000000e+00
6.122500000000552e-09	5.903433e-02	0.000000e+00	0.000000e+00
6.123500000000552e-09	5.905538e-02	0.000000e+00	0.000000e+00
6.269642857143454e-09	6.214939e-02	0.000000e+00	0.000000e+00
6.415785714286356e-09	6.526363e-02	0.000000e+00	0.000000e+00
6.561928571429258e-09	6.839812e-02	0.000000e+00	0.000000e+00
6.708071428572160e-09	7.155286e-02	0.000000e+00	0.000000e+00
6.854214285715062e-09	7.472784e-02	0.000000e+00	0.000000e+00
7.000357142857964e-09	7.792307e-02	0.000000e+00	0.000000e+00
7.146500000000866e-09	8.113854e-02	0.000000e+00	0.000000e+00
7.147500000000866e-09	8.116058e-02	0.000000e+00	0.000000e+00
8.171500000000584e-09	1.040227e-01	0.000000e+00	0.000000e+00
9.195500000000051e-09	1.273064e-01	0.000000e+00	0.000000e+00
1.021949999999952e-08	1.508249e-01	0.000000e+00	0.000000e+00
1.124349999999898e-08	1.744744e-01	0.000000e+00	0.000000e+00
1.226749999999845e-08	1.981967e-01	0.000000e+00	0.000000e+00
1.329149999999792e-08	2.219596e-01	0.000000e+00	0.000000e+00
1.431549999999739e-08	2.457451e-01	0.000000e+00	0.000000e+00
1.533949999999758e-08	2.695432e-01	0.000000e+00	0.000000e+00
1.636349999999874e-08	2.933483e-01	0.000000e+00	0.000000e+00
1.738749999999990e-08	3.171574e-01	0.000000e+00	0.000000e+00
1.841150000000106e-08	3.409685e-01	0.000000e+00	0.000000e+00
1.943550000000222e-08	3.647810e-01	2.752945e-25	0.000000e+00
2.028950000000319e-08	3.846407e-01	8.583017e-10	0.000000e+00
2.029250000000319e-08	3.847105e-01	2.701676e-09	0.000000e+00
2.029550000000320e-08	3.847803e-01	5.164286e-09	0.000000e+00
2.030278571428892e-08	3.849497e-01	2.466700e-09	0.000000e+00
2.031007142857464e-08	3.851191e-01	2.538004e-08	0.000000e+00
2.031735714286037e-08	3.852885e-01	7.390431e-08	0.000000e+00
2.032464285714609e-08	3.854580e-01	1.480395e-07	0.000000e+00
2.033192857143181e-08	3.856274e-01	2.477856e-07	0.000000e+00
2.033921428571753e-08	3.857968e-01	3.731427e-07	0.000000e+00
2.034650000000326e-08	3.859663e-01	5.241106e-07	0.000000e+00
2.035807142857470e-08	3.862354e-01	8.307867e-07	0.000000e+00
2.036964285714614e-08	3.865044e-01	1.317696e-06	0.000000e+00
2.038121428571758e-08	3.867735e-01	1.984839e-06	0.000000e+00
2.039278571428902e-08	3.870426e-01	2.832216e-06	0.000000e+00
2.040435714286046e-08	3.873117e-01	3.859826e-06	0.000000e+00
2.041592857143190e-08	3.875808e-01	5.067670e-06	0.000000e+00
2.042750000000335e-08	3.878499e-01	6.455747e-06	0.000000e+00
2.043192857143192e-08	3.879529e-01	7.066045e-06	0.000000e+00
2.043635714286050e-08	3.880559e-01	7.715345e-06	0.000000e+00
2.044078571428908e-08	3.881589e-01	8.403647e-06	0.000000e+00
2.044521428571765e-08	3.882619e-01	9.130951e-06	0.000000e+00
2.044964285714623e-08	3.883649e-01	9.897258e-06	0.000000e+00
2.045407142857481e-08	3.884679e-01	1.070257e-05	0.000000e+00
2.045850000000338e-08	3.885708e-01	1.154688e-05	0.000000e+00
2.045950000000338e-08	3.885941e-01	1.174386e-05	0.000000e+00
2.047478571428911e-08	3.889496e-01	1.494801e-05	0.000000e+00
2.049007142857485e-08	3.893050e-01	1.877633e-05	0.000000e+00
2.050535714286058e-08	3.896605e-01	2.322880e-05	0.000000e+00
2.052064285714631e-08	3.900160e-01	2.830543e-05	0.000000e+00
2.053592857143204e-08	3.903715e-01	3.400621e-05	0.000000e+00
2.055121428571777e-08	3.907269e-01	4.033115e-05	0.000000e+00
2.056650000000350e-08	3.910824e-01	4.728025e-05	0.000000e+00
2.058907142857496e-08	3.916073e-01	5.881371e-05	0.000000e+00
2.061164285714641e-08	3.921322e-01	7.222282e-05	0.000000e+00
2.063421428571787e-08	3.926571e-01	8.750758e-05	0.000000e+00
2.065678571428932e-08	3.931820e-01	1.046680e-04	0.000000e+00
2.067935714286078e-08	3.937069e-01	1.237040e-04	0.000000e+00
2.070192857143223e-08	3.942318e-01	1.446157e-04	0.000000e+00
2.072450000000368e-08	3.947567e-01	1.674031e-04	0.000000e+00
2.076478571428944e-08	3.956936e-01	2.131077e-04	0.000000e+00
2.080507142857521e-08	3.966304e-01	2.664544e-04	0.000000e+00
2.084535714286096e-08	3.975673e-01	3.274433e-04	0.000000e+00
2.088564285714672e-08	3.985042e-01	3.960743e-04	0.000000e+00
2.092592857143248e-08	3.994410e-01	4.723475e-04	0.000000e+00
2.096621428571824e-08	4.003779e-01	5.562629e-04	0.000000e+00
2.100650000000400e-08	4.013147e-01	6.478204e-04	0.000000e+00
2.107450000000408e-08	4.028961e-01	8.216709e-04	0.000000e+00
2.114250000000416e-08	4.044775e-01	1.019946e-03	0.000000e+00
2.121050000000424e-08	4.060588e-01	1.242645e-03	0.000000e+00
2.127850000000431e-08	4.076402e-01	1.489769e-03	0.000000e+00
2.134650000000439e-08	4.092216e-01	1.761318e-03	0.000000e+00
2.141450000000447e-08	4.108029e-01	2.057291e-03	0.000000e+00
2.148250000000454e-08	4.123843e-01	2.377688e-03	0.000000e+00
2.148350000000454e-08	4.124076e-01	2.382582e-03	0.000000e+00
2.160935714286183e-08	4.153344e-01	3.047356e-03	0.000000e+00
2.173521428571912e-08	4.182613e-01	3.785789e-03	0.000000e+00
2.186107142857640e-08	4.211882e-01	4.597879e-03	0.000000e+00
2.198692857143369e-08	4.241151e-01	5.483626e-03	0.000000e+00
2.211278571429097e-08	4.270419e-01	6.443032e-03	0.000000e+00
2.223864285714826e-08	4.299688e-01	7.476095e-03	0.000000e+00
2.236450000000554e-08	4.328957e-01	8.582816e-03	0.000000e+00
2.250750000000571e-08	4.362213e-01	9.906479e-03	0.000000e+00
2.264983331432360e-08	4.395313e-01	1.130947e-02	0.000000e+00
2.279216662864149e-08	4.428414e-01	1.277126e-02	0.000000e+00
2.293449994295938e-08	4.461514e-01	1.429184e-02	0.000000e+00
2.307683325727727e-08	4.494615e-01	1.587123e-02	0.000000e+00
2.321916657159516e-08	4.527715e-01	1.750941e-02	0.000000e+00
2.336149988591306e-08	4.560815e-01	1.920639e-02	0.000000e+00
2.350383320023095e-08	4.593916e-01	2.096216e-02	0.000000e+00
2.350583320023095e-08	4.594379e-01	2.098702e-02	0.000000e+00
2.365197605737397e-08	4.626414e-01	2.283430e-02	0.000000e+00
2.379811891451700e-08	4.656320e-01	2.471785e-02	0.000000e+00
2.394426177166002e-08	4.684097e-01	2.663766e-02	0.000000e+00
2.409040462880304e-08	4.709746e-01	2.859375e-02	0.000000e+00
2.423654748594607e-08	4.733266e-01	3.058611e-02	0.000000e+00
2.438269034308909e-08	4.754657e-01	3.261473e-02	0.000000e+00
2.452883320023211e-08	4.773919e-01	3.467962e-02	0.000000e+00
2.452983320023211e-08	4.774048e-01	3.469380e-02	0.000000e+00
2.467597605737513e-08	4.791893e-01	3.678335e-02	0.000000e+00
2.482211891451816e-08	4.808552e-01	3.889338e-02	0.000000e+00
2.496826177166118e-08	4.824026e-01	4.102391e-02	0.000000e+00
2.511440462880420e-08	4.838313e-01	4.317494e-02	0.000000e+00
2.526054748594723e-08	4.851415e-01	4.534645e-02	0.000000e+00
2.540669034309025e-08	4.863331e-01	4.753846e-02	0.000000e+00
2.555283320023327e-08	4.874061e-01	4.975096e-02	0.000000e+00
2.555383320023327e-08	4.874133e-01	4.976612e-02	0.000000e+00
2.569997605737630e-08	4.884073e-01	5.199236e-02	0.000000e+00
2.584611891451932e-08	4.893354e-01	5.423007e-02	0.000000e+00
2.599226177166234e-08	4.901973e-01	5.647924e-02	0.000000e+00
2.613840462880537e-08	4.909932e-01	5.873989e-02	0.000000e+00
2.628454748594839e-08	4.917230e-01	6.101201e-02	0.000000e+00
2.643069034309141e-08	4.923868e-01	6.329560e-02	0.000000e+00
2.657683320023443e-08	4.929845e-01	6.559066e-02	0.000000e+00
2.657783320023443e-08	4.929886e-01	6.560637e-02	0.000000e+00
2.672397605737746e-08	4.935423e-01	6.790908e-02	0.000000e+00
2.687011891452048e-08	4.940592e-01	7.021820e-02	0.000000e+00
2.701626177166350e-08	4.945394e-01	7.253371e-02	0.000000e+00
2.716240462880653e-08	4.949827e-01	7.485562e-02	0.000000e+00
2.730854748594955e-08	4.953893e-01	7.718393e-02	0.000000e+00
2.745469034309257e-08	4.957591e-01	7.951864e-02	0.000000e+00
2.760083320023559e-08	4.960920e-01	8.185975e-02	0.000000e+00
2.760183320023560e-08	4.960943e-01	8.187578e-02	0.000000e+00
2.774797605737862e-08	4.964027e-01	8.422115e-02	0.000000e+00
2.789411891452164e-08	4.966907e-01	8.657010e-02	0.000000e+00
2.804026177166466e-08	4.969582e-01	8.892261e-02	0.000000e+00
2.818640462880769e-08	4.972051e-01	9.127868e-02	0.000000e+00
2.833254748595071e-08	4.974316e-01	9.363833e-02	0.000000e+00
2.847869034309373e-08	4.976376e-01	9.600153e-02	0.000000e+00
2.862483320023676e-08	4.978231e-01	9.836831e-02	0.000000e+00
2.862583320023676e-08	4.978243e-01	9.838451e-02	0.000000e+00
2.877197605737978e-08	4.979961e-01	1.007537e-01	0.000000e+00
2.891811891452280e-08	4.981565e-01	1.031248e-01	0.000000e+00
2.906426177166582e-08	4.983055e-01	1.054979e-01	0.000000e+00
2.921040462880885e-08	4.984431e-01	1.078730e-01	0.000000e+00
2.935654748595187e-08	4.985693e-01	1.102502e-01	0.000000e+00
2.950269034309489e-08	4.986840e-01	1.126292e-01	0.000000e+00
2.964883320023792e-08	4.987873e-01	1.150103e-01	0.000000e+00
2.964983320023792e-08	4.987880e-01	1.150266e-01	0.000000e+00
2.979597605738094e-08	4.988837e-01	1.174090e-01	0.000000e+00
2.994211891452397e-08	4.989731e-01	1.197925e-01	0.000000e+00
3.008826177166698e-08	4.990561e-01	1.221771e-01	0.000000e+00
3.023440462881001e-08	4.991327e-01	1.245629e-01	0.000000e+00
3.038054748595303e-08	4.992030e-01	1.269497e-01	0.000000e+00
3.052669034309606e-08	4.992669e-01	1.293376e-01	0.000000e+00
3.067283320023907e-08	4.993245e-01	1.317267e-01	0.000000e+00
3.067383320023908e-08	4.993249e-01	1.317430e-01	0.000000e+00
3.081997605738210e-08	4.993782e-01	1.341328e-01	0.000000e+00
3.096611891452512e-08	4.994280e-01	1.365232e-01	0.000000e+00
3.111226177166815e-08	4.994742e-01	1.389142e-01	0.000000e+00
3.125840462881116e-08	4.995169e-01	1.413058e-01	0.000000e+00
3.140454748595419e-08	4.995560e-01	1.436981e-01	0.000000e+00
3.155069034309721e-08	4.995916e-01	1.460909e-01	0.000000e+00
3.169683320024024e-08	4.996237e-01	1.484844e-01	0.000000e+00
3.169783320024024e-08	4.996239e-01	1.485008e-01	0.000000e+00
3.184397605738326e-08	4.996536e-01	1.508947e-01	0.000000e+00
3.199011891452628e-08	4.996813e-01	1.532889e-01	0.000000e+00
3.213626177166931e-08	4.997071e-01	1.556835e-01	0.000000e+00
3.228240462881233e-08	4.997309e-01	1.580784e-01	0.000000e+00
3.242854748595535e-08	4.997527e-01	1.604737e-01	0.000000e+00
3.257469034309837e-08	4.997725e-01	1.628693e-01	0.000000e+00
3.272083320024140e-08	4.997904e-01	1.652653e-01	0.000000e+00
3.272183320024140e-08	4.997905e-01	1.652817e-01	0.000000e+00
3.286797605738442e-08	4.998070e-01	1.676778e-01	0.000000e+00
3.301411891452744e-08	4.998225e-01	1.700742e-01	0.000000e+00
3.316026177167047e-08	4.998368e-01	1.724708e-01	0.000000e+00
3.330640462881349e-08	4.998501e-01	1.748675e-01	0.000000e+00
3.345254748595651e-08	4.998622e-01	1.772645e-01	0.000000e+00
3.359869034309953e-08	4.998733e-01	1.796616e-01	0.000000e+00
3.374483320024256e-08	4.998832e-01	1.820589e-01	0.000000e+00
3.374583320024256e-08	4.998833e-01	1.820754e-01	0.000000e+00
3.389197605738558e-08	4.998925e-01	1.844728e-01	0.000000e+00
3.403811891452860e-08	4.999011e-01	1.868704e-01	0.000000e+00
3.418426177167163e-08	4.999091e-01	1.892680e-01	0.000000e+00
3.433040462881465e-08	4.999165e-01	1.916658e-01	0.000000e+00
3.447654748595767e-08	4.999233e-01	1.940637e-01	0.000000e+00
3.462269034310069e-08	4.999294e-01	1.964617e-01	0.000000e+00
3.476883320024372e-08	4.999349e-01	1.988598e-01	0.000000e+00
3.476983320024372e-08	4.999350e-01	1.988762e-01	0.000000e+00
3.491597605738675e-08	4.999401e-01	2.012744e-01	0.000000e+00
3.506211891452976e-08	4.999449e-01	2.036726e-01	0.000000e+00
3.520826177167279e-08	4.999494e-01	2.060709e-01	0.000000e+00
3.535440462881581e-08	4.999535e-01	2.084692e-01	0.000000e+00
3.550054748595884e-08	4.999572e-01	2.108676e-01	0.000000e+00
3.564669034310185e-08	4.999607e-01	2.132661e-01	0.000000e+00
3.579283320024488e-08	4.999638e-01	2.156646e-01	0.000000e+00
3.579383320024488e-08	4.999638e-01	2.156810e-01	0.000000e+00
3.593997605738791e-08	4.999666e-01	2.180796e-01	0.000000e+00
3.608611891453093e-08	4.999693e-01	2.204782e-01	0.000000e+00
3.623226177167395e-08	4.999718e-01	2.228768e-01	0.000000e+00
3.637840462881697e-08	4.999741e-01	2.252755e-01	0.000000e+00
3.652454748596000e-08	4.999762e-01	2.276742e-01	0.000000e+00
3.667069034310302e-08	4.999781e-01	2.300729e-01	0.000000e+00
3.681683320024604e-08	4.999798e-01	2.324717e-01	0.000000e+00
3.681783320024604e-08	4.999798e-01	2.324881e-01	0.000000e+00
3.696397605738907e-08	4.999814e-01	2.348869e-01	0.000000e+00
3.711011891453209e-08	4.999829e-01	2.372857e-01	0.000000e+00
3.725626177167511e-08	4.999843e-01	2.396845e-01	0.000000e+00
3.740240462881813e-08	4.999856e-01	2.420834e-01	0.000000e+00
3.754854748596116e-08	4.999867e-01	2.444822e-01	0.000000e+00
3.769469034310418e-08	4.999878e-01	2.468811e-01	0.000000e+00
3.784083320024720e-08	4.999888e-01	2.492800e-01	0.000000e+00
3.784183320024720e-08	4.999888e-01	2.492964e-01	0.000000e+00
3.794697605739018e-08	4.999894e-01	2.510223e-01	0.000000e+00
3.805211891453316e-08	4.999900e-01	2.527482e-01	0.000000e+00
3.815726177167613e-08	4.999906e-01	2.544741e-01	0.000000e+00
3.826240462881911e-08	4.999912e-01	2.562000e-01	0.000000e+00
3.836754748596209e-08	4.999917e-01	2.579259e-01	0.000000e+00
3.847269034310506e-08	4.999922e-01	2.596519e-01	0.000000e+00
3.857783320024804e-08	4.999926e-01	2.613778e-01	0.000000e+00
3.858554748596233e-08	4.999926e-01	2.615044e-01	0.000000e+00
3.859326177167663e-08	4.999927e-01	2.616311e-01	0.000000e+00
3.860097605739092e-08	4.999927e-01	2.617577e-01	0.000000e+00
3.860869034310521e-08	4.999927e-01	2.618843e-01	0.000000e+00
3.861640462881951e-08	4.999927e-01	2.620109e-01	0.000000e+00
3.862411891453380e-08	4.999927e-01	2.621376e-01	0.000000e+00
3.863183320024810e-08	4.999926e-01	2.622642e-01	0.000000e+00
3.864226177167668e-08	4.999926e-01	2.624354e-01	0.000000e+00
3.865269034310526e-08	4.999924e-01	2.626066e-01	0.000000e+00
3.866311891453385e-08	4.999922e-01	2.627778e-01	0.000000e+00
3.867354748596243e-08	4.999919e-01	2.629490e-01	0.000000e+00
3.868397605739102e-08	4.999915e-01	2.631201e-01	0.000000e+00
3.869440462881960e-08	4.999911e-01	2.632913e-01	0.000000e+00
3.870483320024818e-08	4.999906e-01	2.634625e-01	0.000000e+00
3.872297605739106e-08	4.999896e-01	2.637603e-01	0.000000e+00
3.874111891453394e-08	4.999881e-01	2.640582e-01	0.000000e+00
3.875926177167682e-08	4.999863e-01	2.643560e-01	0.000000e+00
3.877740462881969e-08	4.999841e-01	2.646538e-01	0.000000e+00
3.879554748596257e-08	4.999815e-01	2.649516e-01	0.000000e+00
3.881369034310545e-08	4.999786e-01	2.652494e-01	0.000000e+00
3.883183320024833e-08	4.999752e-01	2.655472e-01	0.000000e+00
3.886583320024836e-08	4.999675e-01	2.661054e-01	0.000000e+00
3.889883320024840e-08	4.999585e-01	2.666471e-01	0.000000e+00
3.893183320024844e-08	4.999473e-01	2.671888e-01	0.000000e+00
3.896483320024848e-08	4.999341e-01	2.677305e-01	0.000000e+00
3.899783320024851e-08	4.999187e-01	2.682722e-01	0.000000e+00
3.903083320024855e-08	4.999013e-01	2.688139e-01	0.000000e+00
3.906383320024859e-08	4.998817e-01	2.693556e-01	0.000000e+00
3.909683320024863e-08	4.998600e-01	2.698973e-01	0.000000e+00
3.915254748596298e-08	4.998180e-01	2.708119e-01	0.000000e+00
3.920826177167733e-08	4.997683e-01	2.717264e-01	0.000000e+00
3.926397605739168e-08	4.997112e-01	2.726410e-01	0.000000e+00
3.931969034310602e-08	4.996464e-01	2.735556e-01	0.000000e+00
3.937540462882037e-08	4.995742e-01	2.744701e-01	0.000000e+00
3.943111891453472e-08	4.994944e-01	2.753847e-01	0.000000e+00
3.948683320024907e-08	4.994071e-01	2.762993e-01	0.000000e+00
3.954426177167771e-08	4.993084e-01	2.772420e-01	0.000000e+00
3.960169034310634e-08	4.992016e-01	2.781847e-01	0.000000e+00
3.965911891453498e-08	4.990867e-01	2.791274e-01	0.000000e+00
3.971654748596362e-08	4.989636e-01	2.800702e-01	0.000000e+00
3.977397605739225e-08	4.988324e-01	2.810129e-01	0.000000e+00
3.983140462882089e-08	4.986930e-01	2.819556e-01	0.000000e+00
3.988883320024952e-08	4.985455e-01	2.828983e-01	0.000000e+00
3.988983320024953e-08	4.985428e-01	2.829148e-01	0.000000e+00
4.003597605739255e-08	4.981259e-01	2.853138e-01	0.000000e+00
4.018211891453557e-08	4.976677e-01	2.877128e-01	0.000000e+00
4.032826177167860e-08	4.971683e-01	2.901118e-01	0.000000e+00
4.047440462882162e-08	4.966276e-01	2.925108e-01	0.000000e+00
4.062054748596464e-08	4.960458e-01	2.949098e-01	0.000000e+00
4.076669034310766e-08	4.954227e-01	2.973089e-01	0.000000e+00
4.091283320025069e-08	4.947585e-01	2.997079e-01	0.000000e+00
4.091383320025069e-08	4.947538e-01	2.997243e-01	0.000000e+00
4.105140462882227e-08	4.941015e-01	3.019829e-01	0.000000e+00
4.118897605739386e-08	4.934280e-01	3.042414e-01	0.000000e+00
4.132654748596544e-08	4.927334e-01	3.064996e-01	0.000000e+00
4.146411891453702e-08	4.920176e-01	3.087577e-01	0.000000e+00
4.160169034310861e-08	4.912808e-01	3.110156e-01	0.000000e+00
4.173926177168020e-08	4.905229e-01	3.132734e-01	0.000000e+00
4.187683320025178e-08	4.897438e-01	3.155309e-01	0.000000e+00
4.193783320025185e-08	4.893953e-01	3.165261e-01	0.000000e+00
4.203740462882339e-08	4.888191e-01	3.181466e-01	0.000000e+00
4.213697605739493e-08	4.882366e-01	3.197248e-01	0.000000e+00
4.223654748596647e-08	4.876480e-01	3.212605e-01	0.000000e+00
4.233611891453801e-08	4.870532e-01	3.227538e-01	0.000000e+00
4.243569034310955e-08	4.864522e-01	3.242047e-01	0.000000e+00
4.253526177168110e-08	4.858450e-01	3.256132e-01	0.000000e+00
4.263483320025264e-08	4.852315e-01	3.269792e-01	0.000000e+00
4.296183320025301e-08	4.831878e-01	3.310661e-01	0.000000e+00
4.310797605739603e-08	4.822586e-01	3.326987e-01	0.000000e+00
4.325411891453905e-08	4.813235e-01	3.342338e-01	0.000000e+00
4.340026177168208e-08	4.803825e-01	3.356713e-01	0.000000e+00
4.354640462882510e-08	4.794357e-01	3.370113e-01	0.000000e+00
4.369254748596812e-08	4.784829e-01	3.382537e-01	0.000000e+00
4.383869034311114e-08	4.775242e-01	3.393984e-01	0.000000e+00
4.398483320025417e-08	4.765597e-01	3.404457e-01	0.000000e+00
4.398583320025417e-08	4.765531e-01	3.404526e-01	0.000000e+00
4.413197605739720e-08	4.755851e-01	3.414209e-01	0.000000e+00
4.427811891454021e-08	4.746143e-01	3.423268e-01	0.000000e+00
4.442426177168324e-08	4.736408e-01	3.431705e-01	0.000000e+00
4.457040462882626e-08	4.726644e-01	3.439519e-01	0.000000e+00
4.471654748596929e-08	4.716853e-01	3.446711e-01	0.000000e+00
4.486269034311230e-08	4.707034e-01	3.453280e-01	0.000000e+00
4.500883320025533e-08	4.697186e-01	3.459227e-01	0.000000e+00
4.500983320025533e-08	4.697119e-01	3.459267e-01	0.000000e+00
4.515597605739836e-08	4.687256e-01	3.464772e-01	0.000000e+00
4.530211891454138e-08	4.677381e-01	3.469916e-01	0.000000e+00
4.544826177168440e-08	4.667493e-01	3.474697e-01	0.000000e+00
4.559440462882742e-08	4.657592e-01	3.479117e-01	0.000000e+00
4.574054748597045e-08	4.647678e-01	3.483175e-01	0.000000e+00
4.588669034311347e-08	4.637752e-01	3.486871e-01	0.000000e+00
4.603283320025649e-08	4.627813e-01	3.490205e-01	0.000000e+00
4.603383320025649e-08	4.627744e-01	3.490227e-01	0.000000e+00
4.617997605739952e-08	4.617798e-01	3.493315e-01	0.000000e+00
4.632611891454254e-08	4.607847e-01	3.496199e-01	0.000000e+00
4.647226177168556e-08	4.597890e-01	3.498878e-01	0.000000e+00
4.661840462882858e-08	4.587928e-01	3.501353e-01	0.000000e+00
4.676454748597161e-08	4.577960e-01	3.503623e-01	0.000000e+00
4.691069034311463e-08	4.567987e-01	3.505689e-01	0.000000e+00
4.705683320025765e-08	4.558008e-01	3.507551e-01	0.000000e+00
4.705783320025765e-08	4.557940e-01	3.507563e-01	0.000000e+00
4.715526177168634e-08	4.551286e-01	3.508737e-01	-5.952661e-11
4.725269034311501e-08	4.544631e-01	3.509856e-01	-8.181135e-11
4.735011891454370e-08	4.537975e-01	3.510918e-01	-6.685422e-11
4.744754748597238e-08	4.531318e-01	3.511925e-01	-1.465521e-11
4.754497605740107e-08	4.524660e-01	3.512876e-01	7.478567e-11
4.764240462882974e-08	4.518001e-01	3.513771e-01	2.014684e-10
4.773983320025843e-08	4.511340e-01	3.514611e-01	3.653930e-10
4.774911891454415e-08	4.510705e-01	3.514689e-01	1.874056e-12
4.775840462882987e-08	4.510070e-01	3.514767e-01	9.540275e-10
4.776769034311560e-08	4.509436e-01	3.514844e-01	3.221853e-09
4.777697605740133e-08	4.508801e-01	3.514921e-01	6.805351e-09
4.778626177168705e-08	4.508166e-01	3.514998e-01	1.170452e-08
4.779554748597278e-08	4.507531e-01	3.515074e-01	1.791937e-08
4.780483320025850e-08	4.506896e-01	3.515150e-01	2.544988e-08
4.781526177168709e-08	4.506183e-01	3.515235e-01	3.587261e-08
4.782569034311566e-08	4.505470e-01	3.515319e-01	5.370649e-08
4.783611891454425e-08	4.504757e-01	3.515402e-01	7.895152e-08
4.784654748597283e-08	4.504044e-01	3.515486e-01	1.116077e-07
4.785697605740142e-08	4.503331e-01	3.515568e-01	1.516750e-07
4.786740462883000e-08	4.502618e-01	3.515651e-01	1.991535e-07
4.787783320025858e-08	4.501905e-01	3.515732e-01	2.540431e-07
4.789140462883003e-08	4.500977e-01	3.515838e-01	3.380096e-07
4.790497605740147e-08	4.500049e-01	3.515943e-01	4.545505e-07
4.791854748597292e-08	4.499121e-01	3.516047e-01	6.036657e-07
4.793211891454436e-08	4.498193e-01	3.516150e-01	7.853554e-07
4.794569034311580e-08	4.497265e-01	3.516252e-01	9.996194e-07
4.795926177168725e-08	4.496337e-01	3.516354e-01	1.246458e-06
4.797283320025869e-08	4.495409e-01	3.516455e-01	1.525871e-06
4.798826177168728e-08	4.494354e-01	3.516568e-01	1.893896e-06
4.800369034311587e-08	4.493299e-01	3.516681e-01	2.346632e-06
4.801911891454446e-08	4.492244e-01	3.516793e-01	2.884077e-06
4.803454748597305e-08	4.491189e-01	3.516904e-01	3.506232e-06
4.804997605740164e-08	4.490134e-01	3.517013e-01	4.213098e-06
4.806540462883022e-08	4.489079e-01	3.517122e-01	5.004673e-06
4.808083320025881e-08	4.488024e-01	3.517230e-01	5.880957e-06
4.808183320025881e-08	4.487955e-01	3.517237e-01	5.942680e-06
4.810411891454455e-08	4.486431e-01	3.517391e-01	7.380444e-06
4.812640462883029e-08	4.484907e-01	3.517543e-01	9.137318e-06
4.814869034311603e-08	4.483383e-01	3.517693e-01	1.121330e-05
4.817097605740178e-08	4.481859e-01	3.517841e-01	1.360840e-05
4.819326177168751e-08	4.480334e-01	3.517988e-01	1.632261e-05
4.821554748597325e-08	4.478810e-01	3.518132e-01	1.935593e-05
4.823783320025899e-08	4.477286e-01	3.518275e-01	2.270836e-05
4.826411891454473e-08	4.475488e-01	3.518441e-01	2.715620e-05
4.829040462883048e-08	4.473690e-01	3.518604e-01	3.232915e-05
4.831669034311622e-08	4.471892e-01	3.518765e-01	3.822719e-05
4.834297605740197e-08	4.470094e-01	3.518924e-01	4.485033e-05
4.836926177168771e-08	4.468296e-01	3.519081e-01	5.219858e-05
4.839554748597346e-08	4.466498e-01	3.519235e-01	6.027192e-05
4.842183320025920e-08	4.464700e-01	3.519386e-01	6.907036e-05
4.845640462883067e-08	4.462335e-01	3.519582e-01	8.189294e-05
4.849097605740214e-08	4.459970e-01	3.519774e-01	9.658307e-05
4.852554748597360e-08	4.457605e-01	3.519963e-01	1.131408e-04
4.856011891454507e-08	4.455240e-01	3.520148e-01	1.315660e-04
4.859469034311654e-08	4.452875e-01	3.520329e-01	1.518587e-04
4.862926177168801e-08	4.450510e-01	3.520506e-01	1.740191e-04
4.866383320025947e-08	4.448145e-01	3.520680e-01	1.980469e-04
4.871426177168811e-08	4.444695e-01	3.520928e-01	2.367878e-04
4.876469034311673e-08	4.441244e-01	3.521169e-01	2.811125e-04
4.881511891454536e-08	4.437794e-01	3.521403e-01	3.310209e-04
4.886554748597399e-08	4.434344e-01	3.521631e-01	3.865131e-04
4.891597605740262e-08	4.430894e-01	3.521852e-01	4.475890e-04
4.896640462883124e-08	4.427444e-01	3.522067e-01	5.142487e-04
4.901683320025987e-08	4.423993e-01	3.522275e-01	5.864921e-04
4.902940462883132e-08	4.423133e-01	3.522326e-01	6.056287e-04
4.904197605740276e-08	4.422273e-01	3.522377e-01	6.251725e-04
4.905454748597420e-08	4.421413e-01	3.522427e-01	6.451234e-04
4.906711891454565e-08	4.420553e-01	3.522477e-01	6.654815e-04
4.907969034311709e-08	4.419692e-01	3.522527e-01	6.862468e-04
4.909226177168853e-08	4.418832e-01	3.522576e-01	7.074193e-04
4.910483320025997e-08	4.417972e-01	3.522625e-01	7.289990e-04
4.910583320025998e-08	4.417903e-01	3.522629e-01	7.307340e-04
4.920897605740295e-08	4.410846e-01	3.523014e-01	9.217958e-04
4.931211891454592e-08	4.403788e-01	3.523380e-01	1.144910e-03
4.941526177168890e-08	4.396731e-01	3.523727e-01	1.400078e-03
4.951840462883187e-08	4.389673e-01	3.524054e-01	1.687298e-03
4.962154748597485e-08	4.382615e-01	3.524363e-01	2.006572e-03
4.972469034311782e-08	4.375557e-01	3.524652e-01	2.357898e-03
4.982783320026079e-08	4.368499e-01	3.524922e-01	2.741277e-03
4.987083320026084e-08	4.365557e-01	3.525030e-01	2.911956e-03
4.991383320026089e-08	4.362614e-01	3.525137e-01	3.088600e-03
4.995683320026094e-08	4.359672e-01	3.525241e-01	3.271209e-03
4.999983320026099e-08	4.356729e-01	3.525342e-01	3.459783e-03
5.004283320026104e-08	4.353787e-01	3.525441e-01	3.654322e-03
5.008583320026109e-08	4.350844e-01	3.525537e-01	3.854826e-03
5.012883320026114e-08	4.347902e-01	3.525631e-01	4.061295e-03
5.012983320026114e-08	4.347833e-01	3.525633e-01	4.066167e-03
5.027597605740416e-08	4.337833e-01	3.525932e-01	4.816369e-03
5.042211891454718e-08	4.327832e-01	3.526210e-01	5.631489e-03
5.056826177169021e-08	4.317832e-01	3.526469e-01	6.511528e-03
5.071440462883323e-08	4.307832e-01	3.526708e-01	7.456484e-03
5.086054748597625e-08	4.297831e-01	3.526927e-01	8.466359e-03
5.100669034311927e-08	4.287831e-01	3.527126e-01	9.541152e-03
5.115283320026230e-08	4.277831e-01	3.527306e-01	1.068086e-02
5.115383320026230e-08	4.277763e-01	3.527307e-01	1.068884e-02
5.129997605740532e-08	4.267763e-01	3.527473e-01	1.188911e-02
5.144611891454834e-08	4.257763e-01	3.527628e-01	1.314002e-02
5.159226177169137e-08	4.247764e-01	3.527772e-01	1.444154e-02
5.173840462883439e-08	4.237764e-01	3.527906e-01	1.579369e-02
5.188454748597741e-08	4.227765e-01	3.528028e-01	1.719646e-02
5.203069034312043e-08	4.217766e-01	3.528139e-01	1.864986e-02
5.217683320026346e-08	4.207767e-01	3.528239e-01	2.015387e-02
5.217783320026346e-08	4.207698e-01	3.528239e-01	2.016428e-02
5.232397605740648e-08	4.197699e-01	3.528332e-01	2.171058e-02
5.247011891454950e-08	4.187701e-01	3.528418e-01	2.329214e-02
5.261626177169253e-08	4.177702e-01	3.528499e-01	2.490895e-02
5.276240462883555e-08	4.167703e-01	3.528573e-01	2.656102e-02
5.290854748597857e-08	4.157705e-01	3.528641e-01	2.824833e-02
5.305469034312159e-08	4.147707e-01	3.528703e-01	2.997089e-02
5.320083320026462e-08	4.137709e-01	3.528758e-01	3.172870e-02
5.320183320026462e-08	4.137640e-01	3.528759e-01	3.174080e-02
5.334797605740765e-08	4.127642e-01	3.528810e-01	3.352621e-02
5.349411891455067e-08	4.117644e-01	3.528858e-01	3.533462e-02
5.364026177169369e-08	4.107646e-01	3.528903e-01	3.716605e-02
5.378640462883671e-08	4.097648e-01	3.528945e-01	3.902048e-02
5.393254748597974e-08	4.087651e-01	3.528982e-01	4.089791e-02
5.407869034312275e-08	4.077653e-01	3.529017e-01	4.279836e-02
5.422483320026578e-08	4.067656e-01	3.529048e-01	4.472181e-02
5.422583320026578e-08	4.067587e-01	3.529048e-01	4.473501e-02
5.437197605740881e-08	4.057590e-01	3.529077e-01	4.667574e-02
5.451811891455183e-08	4.047593e-01	3.529103e-01	4.863088e-02
5.466426177169485e-08	4.037595e-01	3.529128e-01	5.060044e-02
5.481040462883787e-08	4.027598e-01	3.529151e-01	5.258442e-02
5.495654748598090e-08	4.017601e-01	3.529172e-01	5.458281e-02
5.510269034312392e-08	4.007604e-01	3.529192e-01	5.659561e-02
5.524883320026694e-08	3.997607e-01	3.529209e-01	5.862283e-02
5.524983320026694e-08	3.997538e-01	3.529209e-01	5.863672e-02
5.539597605740997e-08	3.987541e-01	3.529225e-01	6.067447e-02
5.554211891455299e-08	3.977545e-01	3.529240e-01	6.272100e-02
5.568826177169601e-08	3.967548e-01	3.529254e-01	6.477632e-02
5.583440462883903e-08	3.957551e-01	3.529267e-01	6.684042e-02
5.598054748598206e-08	3.947554e-01	3.529279e-01	6.891330e-02
5.612669034312508e-08	3.937557e-01	3.529289e-01	7.099498e-02
5.627283320026810e-08	3.927561e-01	3.529299e-01	7.308543e-02
5.627383320026810e-08	3.927492e-01	3.529299e-01	7.309975e-02
5.635840462883963e-08	3.921707e-01	3.529304e-01	7.431195e-02
5.644297605741116e-08	3.915922e-01	3.529309e-01	7.552611e-02
5.652754748598268e-08	3.910137e-01	3.529314e-01	7.674222e-02
5.661211891455420e-08	3.904352e-01	3.529319e-01	7.796029e-02
5.669669034312572e-08	3.898567e-01	3.529323e-01	7.918031e-02
5.678126177169725e-08	3.892783e-01	3.529327e-01	8.040228e-02
5.686583320026878e-08	3.886998e-01	3.529331e-01	8.162621e-02
5.687226177169736e-08	3.886558e-01	3.529332e-01	8.171930e-02
5.687869034312593e-08	3.886118e-01	3.529332e-01	8.181240e-02
5.688511891455451e-08	3.885679e-01	3.529333e-01	8.190551e-02
5.689154748598309e-08	3.885239e-01	3.529333e-01	8.199863e-02
5.689797605741167e-08	3.884799e-01	3.529334e-01	8.209175e-02
5.690440462884025e-08	3.884359e-01	3.529335e-01	8.218489e-02
5.691083320026883e-08	3.883920e-01	3.529336e-01	8.227804e-02
5.691997605741170e-08	3.883294e-01	3.529338e-01	8.241053e-02
5.692911891455456e-08	3.882669e-01	3.529341e-01	8.254304e-02
5.693826177169743e-08	3.882043e-01	3.529344e-01	8.267557e-02
5.694740462884029e-08	3.881418e-01	3.529349e-01	8.280812e-02
5.695654748598316e-08	3.880793e-01	3.529354e-01	8.294068e-02
5.696569034312603e-08	3.880167e-01	3.529361e-01	8.307327e-02
5.697483320026890e-08	3.879542e-01	3.529368e-01	8.320587e-02
5.698911891455463e-08	3.878565e-01	3.529381e-01	8.341310e-02
5.700340462884036e-08	3.877587e-01	3.529397e-01	8.362038e-02
5.701769034312609e-08	3.876610e-01	3.529418e-01	8.382770e-02
5.703197605741182e-08	3.875633e-01	3.529442e-01	8.403507e-02
5.704626177169755e-08	3.874656e-01	3.529469e-01	8.424248e-02
5.706054748598328e-08	3.873679e-01	3.529500e-01	8.444993e-02
5.707483320026901e-08	3.872702e-01	3.529535e-01	8.465742e-02
5.709740462884046e-08	3.871158e-01	3.529598e-01	8.498536e-02
5.711997605741192e-08	3.869614e-01	3.529674e-01	8.531340e-02
5.714254748598338e-08	3.868070e-01	3.529762e-01	8.564154e-02
5.716511891455483e-08	3.866526e-01	3.529863e-01	8.596978e-02
5.718769034312628e-08	3.864982e-01	3.529976e-01	8.629813e-02
5.721026177169774e-08	3.863438e-01	3.530102e-01	8.662658e-02
5.723283320026919e-08	3.861894e-01	3.530240e-01	8.695513e-02
5.729783320026926e-08	3.857448e-01	3.530716e-01	8.790182e-02
5.734354748598360e-08	3.854321e-01	3.531122e-01	8.856812e-02
5.738926177169794e-08	3.851194e-01	3.531583e-01	8.923479e-02
5.743497605741228e-08	3.848067e-01	3.532097e-01	8.990181e-02
5.748069034312661e-08	3.844940e-01	3.532666e-01	9.056919e-02
5.752640462884095e-08	3.841813e-01	3.533289e-01	9.123694e-02
5.757211891455529e-08	3.838686e-01	3.533966e-01	9.190505e-02
5.761783320026963e-08	3.835559e-01	3.534697e-01	9.257352e-02
5.771826177169831e-08	3.828690e-01	3.536530e-01	9.404336e-02
5.781869034312700e-08	3.821820e-01	3.538494e-01	9.551453e-02
5.791911891455568e-08	3.814951e-01	3.540587e-01	9.698705e-02
5.801954748598437e-08	3.808081e-01	3.542810e-01	9.846090e-02
5.811997605741306e-08	3.801212e-01	3.545164e-01	9.993609e-02
5.822040462884174e-08	3.794343e-01	3.547648e-01	1.014126e-01
5.832083320027042e-08	3.787473e-01	3.550262e-01	1.028905e-01
5.832183320027043e-08	3.787405e-01	3.550287e-01	1.029052e-01
5.842440462884197e-08	3.780389e-01	3.552965e-01	1.044157e-01
5.852697605741352e-08	3.773373e-01	3.555617e-01	1.059272e-01
5.862954748598506e-08	3.766357e-01	3.558243e-01	1.074396e-01
5.873211891455660e-08	3.759341e-01	3.560842e-01	1.089530e-01
5.883469034312815e-08	3.752325e-01	3.563416e-01	1.104674e-01
5.893726177169970e-08	3.745309e-01	3.565964e-01	1.119827e-01
5.903983320027124e-08	3.738293e-01	3.568485e-01	1.134990e-01
5.934483320027159e-08	3.717431e-01	3.575455e-01	1.180118e-01
5.934583320027159e-08	3.717363e-01	3.575476e-01	1.180266e-01
6.007383320027241e-08	3.667567e-01	3.589073e-01	1.288206e-01
6.011597605741531e-08	3.664675e-01	3.589725e-01	1.294463e-01
6.015811891455822e-08	3.661799e-01	3.590364e-01	1.300720e-01
6.020026177170112e-08	3.658938e-01	3.590989e-01	1.306978e-01
6.024240462884402e-08	3.656094e-01	3.591600e-01	1.313237e-01
6.028454748598693e-08	3.653267e-01	3.592197e-01	1.319496e-01
6.032669034312984e-08	3.650455e-01	3.592781e-01	1.325756e-01
6.036883320027274e-08	3.647660e-01	3.593351e-01	1.332017e-01
6.036983320027274e-08	3.647594e-01	3.593364e-01	1.332165e-01
6.046940462884428e-08	3.641096e-01	3.594653e-01	1.346961e-01
6.056897605741582e-08	3.634827e-01	3.595878e-01	1.361759e-01
6.066854748598736e-08	3.628788e-01	3.597039e-01	1.376560e-01
6.076811891455891e-08	3.622979e-01	3.598136e-01	1.391364e-01
6.086769034313045e-08	3.617399e-01	3.599169e-01	1.406172e-01
6.096726177170199e-08	3.612049e-01	3.600138e-01	1.420982e-01
6.106683320027353e-08	3.606928e-01	3.601043e-01	1.435795e-01
6.111340462884501e-08	3.604631e-01	3.601450e-01	1.442725e-01
6.115997605741649e-08	3.602387e-01	3.601846e-01	1.449654e-01
6.120654748598797e-08	3.600196e-01	3.602231e-01	1.456585e-01
6.125311891455946e-08	3.598058e-01	3.602605e-01	1.463515e-01
6.129969034313094e-08	3.595973e-01	3.602969e-01	1.470446e-01
6.134626177170242e-08	3.593942e-01	3.603321e-01	1.477378e-01
6.139283320027390e-08	3.591964e-01	3.603662e-01	1.484310e-01
6.139383320027390e-08	3.591922e-01	3.603669e-01	1.484459e-01
6.153997605741692e-08	3.586112e-01	3.604662e-01	1.506216e-01
6.168611891455995e-08	3.580713e-01	3.605580e-01	1.527977e-01
6.183226177170297e-08	3.575725e-01	3.606423e-01	1.549741e-01
6.197840462884599e-08	3.571149e-01	3.607193e-01	1.571508e-01
6.212454748598901e-08	3.566984e-01	3.607888e-01	1.593279e-01
6.227069034313204e-08	3.563230e-01	3.608509e-01	1.615053e-01
6.241683320027506e-08	3.559887e-01	3.609056e-01	1.636830e-01
6.241783320027506e-08	3.559865e-01	3.609059e-01	1.636979e-01
6.256040462884665e-08	3.556891e-01	3.609547e-01	1.658227e-01
6.270297605741824e-08	3.554142e-01	3.609996e-01	1.679476e-01
6.284554748598983e-08	3.551616e-01	3.610408e-01	1.700727e-01
6.298811891456143e-08	3.549314e-01	3.610782e-01	1.721981e-01
6.313069034313302e-08	3.547236e-01	3.611119e-01	1.743236e-01
6.327326177170461e-08	3.545382e-01	3.611419e-01	1.764493e-01
6.341583320027620e-08	3.543751e-01	3.611680e-01	1.785751e-01
6.344183320027623e-08	3.543463e-01	3.611727e-01	1.789628e-01
6.357726177170495e-08	3.542070e-01	3.611950e-01	1.809823e-01
6.371269034313368e-08	3.540783e-01	3.612156e-01	1.830019e-01
6.384811891456241e-08	3.539602e-01	3.612345e-01	1.850216e-01
6.398354748599112e-08	3.538526e-01	3.612516e-01	1.870414e-01
6.411897605741985e-08	3.537555e-01	3.612671e-01	1.890613e-01
6.425440462884857e-08	3.536690e-01	3.612808e-01	1.910813e-01
6.438983320027730e-08	3.535931e-01	3.612928e-01	1.931014e-01
6.446583320027739e-08	3.535525e-01	3.612992e-01	1.942350e-01
6.459369034313468e-08	3.534904e-01	3.613090e-01	1.961423e-01
6.472154748599196e-08	3.534330e-01	3.613180e-01	1.980496e-01
6.484940462884925e-08	3.533802e-01	3.613262e-01	1.999569e-01
6.497726177170654e-08	3.533322e-01	3.613337e-01	2.018643e-01
6.510511891456383e-08	3.532889e-01	3.613405e-01	2.037717e-01
6.523297605742111e-08	3.532503e-01	3.613464e-01	2.056792e-01
6.536083320027840e-08	3.532163e-01	3.613517e-01	2.075868e-01
6.548983320027855e-08	3.531845e-01	3.613566e-01	2.095114e-01
6.561169034313583e-08	3.531578e-01	3.613607e-01	2.113295e-01
6.573354748599310e-08	3.531331e-01	3.613644e-01	2.131476e-01
6.585540462885039e-08	3.531105e-01	3.613679e-01	2.149657e-01
6.597726177170767e-08	3.530899e-01	3.613710e-01	2.167839e-01
6.609911891456496e-08	3.530714e-01	3.613738e-01	2.186021e-01
6.622097605742223e-08	3.530550e-01	3.613762e-01	2.204203e-01
6.634283320027951e-08	3.530406e-01	3.613784e-01	2.222385e-01
6.651383320027971e-08	3.530222e-01	3.613811e-01	2.247901e-01
6.662969034313699e-08	3.530114e-01	3.613827e-01	2.265188e-01
6.674554748599425e-08	3.530015e-01	3.613841e-01	2.282476e-01
6.686140462885153e-08	3.529925e-01	3.613854e-01	2.299763e-01
6.697726177170881e-08	3.529843e-01	3.613866e-01	2.317051e-01
6.709311891456609e-08	3.529770e-01	3.613876e-01	2.334340e-01
6.720897605742335e-08	3.529706e-01	3.613886e-01	2.351628e-01
6.732483320028063e-08	3.529650e-01	3.613893e-01	2.368916e-01
6.735511891456638e-08	3.529636e-01	3.613895e-01	2.373435e-01
6.738540462885212e-08	3.529622e-01	3.613897e-01	2.377955e-01
6.741569034313788e-08	3.529609e-01	3.613899e-01	2.382474e-01
6.744597605742362e-08	3.529596e-01	3.613901e-01	2.386993e-01
6.747626177170937e-08	3.529583e-01	3.613902e-01	2.391513e-01
6.750654748599511e-08	3.529571e-01	3.613904e-01	2.396032e-01
6.753683320028087e-08	3.529559e-01	3.613906e-01	2.400551e-01
6.753783320028087e-08	3.529559e-01	3.613906e-01	2.400700e-01
6.764697605742385e-08	3.529521e-01	3.613911e-01	2.416987e-01
6.775611891456684e-08	3.529485e-01	3.613915e-01	2.433274e-01
6.786526177170981e-08	3.529454e-01	3.613920e-01	2.449561e-01
6.797440462885279e-08	3.529425e-01	3.613923e-01	2.465848e-01
6.808354748599577e-08	3.529400e-01	3.613926e-01	2.482135e-01
6.819269034313876e-08	3.529379e-01	3.613929e-01	2.498422e-01
6.830183320028174e-08	3.529360e-01	3.613931e-01	2.514709e-01
6.833883320028178e-08	3.529354e-01	3.613932e-01	2.520230e-01
6.837583320028182e-08	3.529349e-01	3.613932e-01	2.525752e-01
6.841283320028186e-08	3.529343e-01	3.613933e-01	2.531273e-01
6.844983320028190e-08	3.529338e-01	3.613934e-01	2.536794e-01
6.848683320028195e-08	3.529333e-01	3.613934e-01	2.542316e-01
6.852383320028199e-08	3.529329e-01	3.613934e-01	2.547837e-01
6.856083320028203e-08	3.529325e-01	3.613935e-01	2.553359e-01
6.856183320028203e-08	3.529324e-01	3.613935e-01	2.553508e-01
6.866411891456787e-08	3.529314e-01	3.613936e-01	2.568772e-01
6.876640462885369e-08	3.529304e-01	3.613937e-01	2.584036e-01
6.886869034313953e-08	3.529296e-01	3.613937e-01	2.599300e-01
6.897097605742535e-08	3.529289e-01	3.613938e-01	2.614564e-01
6.907326177171118e-08	3.529283e-01	3.613938e-01	2.629828e-01
6.917554748599701e-08	3.529278e-01	3.613939e-01	2.645092e-01
6.927783320028284e-08	3.529275e-01	3.613939e-01	2.660356e-01
6.932169034314004e-08	3.529274e-01	3.613939e-01	2.666904e-01
6.936554748599722e-08	3.529272e-01	3.613939e-01	2.673447e-01
6.940940462885442e-08	3.529271e-01	3.613939e-01	2.679987e-01
6.945326177171161e-08	3.529270e-01	3.613939e-01	2.686523e-01
6.949711891456881e-08	3.529270e-01	3.613939e-01	2.693056e-01
6.954097605742599e-08	3.529269e-01	3.613938e-01	2.699584e-01
6.958483320028319e-08	3.529269e-01	3.613938e-01	2.706109e-01
6.958583320028319e-08	3.529269e-01	3.613938e-01	2.706257e-01
6.969483320028332e-08	3.529268e-01	3.613938e-01	2.722498e-01
6.980383320028344e-08	3.529268e-01	3.613937e-01	2.738575e-01
6.991283320028356e-08	3.529268e-01	3.613937e-01	2.754489e-01
7.002183320028369e-08	3.529269e-01	3.613936e-01	2.770239e-01
7.013083320028381e-08	3.529270e-01	3.613936e-01	2.785826e-01
7.023983320028393e-08	3.529271e-01	3.613935e-01	2.801249e-01
7.034883320028406e-08	3.529274e-01	3.613935e-01	2.816509e-01
7.038597605742695e-08	3.529274e-01	3.613934e-01	2.821627e-01
7.042311891456986e-08	3.529275e-01	3.613934e-01	2.826711e-01
7.046026177171276e-08	3.529276e-01	3.613934e-01	2.831761e-01
7.049740462885565e-08	3.529277e-01	3.613933e-01	2.836777e-01
7.053454748599855e-08	3.529277e-01	3.613933e-01	2.841760e-01
7.057169034314146e-08	3.529278e-01	3.613933e-01	2.846709e-01
7.060883320028435e-08	3.529279e-01	3.613933e-01	2.851624e-01
7.060983320028435e-08	3.529279e-01	3.613933e-01	2.851756e-01
7.075597605742737e-08	3.529283e-01	3.613932e-01	2.870772e-01
7.090211891457040e-08	3.529287e-01	3.613931e-01	2.889128e-01
7.104826177171342e-08	3.529291e-01	3.613930e-01	2.906822e-01
7.119440462885644e-08	3.529295e-01	3.613929e-01	2.923856e-01
7.134054748599946e-08	3.529300e-01	3.613928e-01	2.940229e-01
7.148669034314249e-08	3.529304e-01	3.613927e-01	2.955940e-01
7.163283320028551e-08	3.529309e-01	3.613926e-01	2.970991e-01
7.163383320028551e-08	3.529309e-01	3.613926e-01	2.971092e-01
7.177997605742853e-08	3.529313e-01	3.613925e-01	2.985380e-01
7.192611891457157e-08	3.529318e-01	3.613924e-01	2.999020e-01
7.207226177171458e-08	3.529322e-01	3.613923e-01	3.012011e-01
7.221840462885760e-08	3.529326e-01	3.613922e-01	3.024353e-01
7.236454748600062e-08	3.529330e-01	3.613921e-01	3.036047e-01
7.251069034314366e-08	3.529334e-01	3.613920e-01	3.047091e-01
7.265683320028667e-08	3.529338e-01	3.613919e-01	3.057487e-01
7.265783320028668e-08	3.529338e-01	3.613919e-01	3.057556e-01
7.280397605742969e-08	3.529342e-01	3.613919e-01	3.067348e-01
7.295011891457273e-08	3.529346e-01	3.613918e-01	3.076633e-01
7.309626177171575e-08	3.529349e-01	3.613917e-01	3.085413e-01
7.324240462885876e-08	3.529352e-01	3.613917e-01	3.093687e-01
7.338854748600178e-08	3.529356e-01	3.613916e-01	3.101456e-01
7.353469034314482e-08	3.529359e-01	3.613915e-01	3.108719e-01
7.368083320028784e-08	3.529361e-01	3.613915e-01	3.115476e-01
7.368183320028784e-08	3.529361e-01	3.613915e-01	3.115521e-01
7.382797605743086e-08	3.529364e-01	3.613914e-01	3.121857e-01
7.397411891457389e-08	3.529367e-01	3.613914e-01	3.127840e-01
7.412026177171691e-08	3.529370e-01	3.613913e-01	3.133471e-01
7.426640462885993e-08	3.529372e-01	3.613913e-01	3.138751e-01
7.441254748600295e-08	3.529375e-01	3.613912e-01	3.143678e-01
7.455869034314598e-08	3.529377e-01	3.613912e-01	3.148253e-01
7.470483320028900e-08	3.529379e-01	3.613911e-01	3.152477e-01
7.470583320028900e-08	3.529379e-01	3.613911e-01	3.152505e-01
7.476983320028907e-08	3.529380e-01	3.613911e-01	3.154281e-01
7.483383320028914e-08	3.529381e-01	3.613911e-01	3.156008e-01
7.489783320028922e-08	3.529381e-01	3.613911e-01	3.157684e-01
7.496183320028929e-08	3.529382e-01	3.613911e-01	3.159311e-01
7.502583320028936e-08	3.529383e-01	3.613911e-01	3.160888e-01
7.508983320028943e-08	3.529384e-01	3.613910e-01	3.162415e-01
7.515383320028951e-08	3.529384e-01	3.613910e-01	3.163893e-01
7.515969034314666e-08	3.529384e-01	3.613910e-01	3.164026e-01
7.516554748600380e-08	3.529384e-01	3.613910e-01	3.164159e-01
7.517140462886095e-08	3.529384e-01	3.613910e-01	3.164292e-01
7.517726177171811e-08	3.529384e-01	3.613910e-01	3.164424e-01
7.518311891457526e-08	3.529384e-01	3.613910e-01	3.164556e-01
7.518897605743240e-08	3.529384e-01	3.613910e-01	3.164687e-01
7.519483320028955e-08	3.529384e-01	3.613910e-01	3.164818e-01
7.520283320028956e-08	3.529384e-01	3.613910e-01	3.164996e-01
7.521083320028957e-08	3.529383e-01	3.613910e-01	3.165174e-01
7.521883320028958e-08	3.529382e-01	3.613910e-01	3.165351e-01
7.522683320028959e-08	3.529380e-01	3.613910e-01	3.165527e-01
7.523483320028960e-08	3.529379e-01	3.613910e-01	3.165703e-01
7.524283320028961e-08	3.529377e-01	3.613910e-01	3.165878e-01
7.525083320028962e-08	3.529375e-01	3.613909e-01	3.166052e-01
7.526311891457535e-08	3.529370e-01	3.613909e-01	3.166318e-01
7.527540462886107e-08	3.529365e-01	3.613909e-01	3.166583e-01
7.528769034314680e-08	3.529358e-01	3.613908e-01	3.166846e-01
7.529997605743252e-08	3.529351e-01	3.613907e-01	3.167107e-01
7.531226177171826e-08	3.529342e-01	3.613906e-01	3.167367e-01
7.532454748600398e-08	3.529331e-01	3.613905e-01	3.167626e-01
7.533683320028971e-08	3.529320e-01	3.613904e-01	3.167883e-01
7.535697605743259e-08	3.529298e-01	3.613901e-01	3.168301e-01
7.537711891457548e-08	3.529272e-01	3.613897e-01	3.168714e-01
7.539726177171835e-08	3.529240e-01	3.613892e-01	3.169124e-01
7.541740462886123e-08	3.529205e-01	3.613886e-01	3.169530e-01
7.543754748600411e-08	3.529164e-01	3.613878e-01	3.169932e-01
7.545769034314700e-08	3.529120e-01	3.613869e-01	3.170330e-01
7.547783320028987e-08	3.529070e-01	3.613858e-01	3.170723e-01
7.551083320028991e-08	3.528977e-01	3.613838e-01	3.171360e-01
7.554383320028995e-08	3.528870e-01	3.613810e-01	3.171987e-01
7.557683320028999e-08	3.528749e-01	3.613774e-01	3.172604e-01
7.560983320029002e-08	3.528613e-01	3.613731e-01	3.173211e-01
7.564283320029006e-08	3.528463e-01	3.613679e-01	3.173808e-01
7.567583320029010e-08	3.528299e-01	3.613620e-01	3.174395e-01
7.570883320029013e-08	3.528120e-01	3.613552e-01	3.174973e-01
7.572983320029016e-08	3.527999e-01	3.613503e-01	3.175336e-01
7.577569034314736e-08	3.527712e-01	3.613383e-01	3.176114e-01
7.582154748600454e-08	3.527403e-01	3.613236e-01	3.176876e-01
7.586740462886174e-08	3.527070e-01	3.613062e-01	3.177621e-01
7.591326177171894e-08	3.526715e-01	3.612861e-01	3.178350e-01
7.595911891457614e-08	3.526337e-01	3.612633e-01	3.179061e-01
7.600497605743332e-08	3.525936e-01	3.612379e-01	3.179757e-01
7.605083320029052e-08	3.525512e-01	3.612097e-01	3.180435e-01
7.611426177171917e-08	3.524891e-01	3.611654e-01	3.181348e-01
7.617769034314781e-08	3.524248e-01	3.611146e-01	3.182234e-01
7.624111891457646e-08	3.523583e-01	3.610573e-01	3.183093e-01
7.630454748600509e-08	3.522897e-01	3.609935e-01	3.183926e-01
7.636797605743374e-08	3.522189e-01	3.609232e-01	3.184732e-01
7.643140462886238e-08	3.521459e-01	3.608464e-01	3.185512e-01
7.649483320029103e-08	3.520707e-01	3.607632e-01	3.186265e-01
7.653169034314821e-08	3.520269e-01	3.607116e-01	3.186692e-01
7.656854748600539e-08	3.519830e-01	3.606579e-01	3.187112e-01
7.660540462886258e-08	3.519390e-01	3.606021e-01	3.187524e-01
7.664226177171977e-08	3.518948e-01	3.605442e-01	3.187929e-01
7.667911891457696e-08	3.518506e-01	3.604841e-01	3.188326e-01
7.671597605743413e-08	3.518062e-01	3.604218e-01	3.188715e-01
7.675283320029132e-08	3.517616e-01	3.603575e-01	3.189097e-01
7.675383320029132e-08	3.517604e-01	3.603557e-01	3.189107e-01
7.685426177172001e-08	3.516384e-01	3.601677e-01	3.190107e-01
7.695469034314869e-08	3.515190e-01	3.599676e-01	3.191061e-01
7.705511891457738e-08	3.514023e-01	3.597556e-01	3.191971e-01
7.715554748600606e-08	3.512883e-01	3.595317e-01	3.192837e-01
7.725597605743474e-08	3.511770e-01	3.592958e-01	3.193657e-01
7.735640462886343e-08	3.510684e-01	3.590479e-01	3.194433e-01
7.745683320029212e-08	3.509624e-01	3.587880e-01	3.195165e-01
7.750254748600645e-08	3.509160e-01	3.586678e-01	3.195487e-01
7.754826177172079e-08	3.508705e-01	3.585462e-01	3.195802e-01
7.759397605743513e-08	3.508258e-01	3.584232e-01	3.196110e-01
7.763969034314947e-08	3.507821e-01	3.582989e-01	3.196411e-01
7.768540462886380e-08	3.507392e-01	3.581732e-01	3.196705e-01
7.773111891457815e-08	3.506972e-01	3.580460e-01	3.196991e-01
7.777683320029248e-08	3.506560e-01	3.579175e-01	3.197271e-01
7.777783320029248e-08	3.506552e-01	3.579147e-01	3.197277e-01
7.786126177172115e-08	3.505826e-01	3.576767e-01	3.197768e-01
7.794469034314982e-08	3.505130e-01	3.574370e-01	3.198241e-01
7.802811891457848e-08	3.504463e-01	3.571955e-01	3.198694e-01
7.811154748600714e-08	3.503826e-01	3.569523e-01	3.199128e-01
7.819497605743581e-08	3.503218e-01	3.567075e-01	3.199544e-01
7.827840462886448e-08	3.502640e-01	3.564609e-01	3.199940e-01
7.836183320029314e-08	3.502092e-01	3.562126e-01	3.200318e-01
7.836383320029315e-08	3.502079e-01	3.562066e-01	3.200327e-01
7.836640462886458e-08	3.502062e-01	3.561990e-01	3.200338e-01
7.836897605743600e-08	3.502046e-01	3.561914e-01	3.200349e-01
7.837154748600743e-08	3.502030e-01	3.561837e-01	3.200361e-01
7.837411891457888e-08	3.502013e-01	3.561761e-01	3.200372e-01
7.837669034315031e-08	3.501997e-01	3.561685e-01	3.200383e-01
7.837926177172174e-08	3.501981e-01	3.561609e-01	3.200395e-01
7.838183320029317e-08	3.501964e-01	3.561532e-01	3.200406e-01
7.842297605743607e-08	3.501707e-01	3.560321e-01	3.200585e-01
7.846411891457898e-08	3.501456e-01	3.559082e-01	3.200760e-01
7.850526177172188e-08	3.501211e-01	3.557815e-01	3.200932e-01
7.854640462886478e-08	3.500972e-01	3.556521e-01	3.201100e-01
7.858754748600768e-08	3.500740e-01	3.555199e-01	3.201264e-01
7.862869034315059e-08	3.500514e-01	3.553849e-01	3.201425e-01
7.866983320029349e-08	3.500295e-01	3.552472e-01	3.201582e-01
7.880183320029364e-08	3.499629e-01	3.547742e-01	3.202063e-01
7.889440462886517e-08	3.499201e-01	3.544118e-01	3.202379e-01
7.898697605743671e-08	3.498796e-01	3.540331e-01	3.202682e-01
7.907954748600824e-08	3.498415e-01	3.536382e-01	3.202971e-01
7.917211891457978e-08	3.498059e-01	3.532272e-01	3.203247e-01
7.926469034315131e-08	3.497727e-01	3.528000e-01	3.203509e-01
7.935726177172285e-08	3.497418e-01	3.523565e-01	3.203757e-01
7.944983320029438e-08	3.497134e-01	3.518969e-01	3.203992e-01
7.950340462886586e-08	3.496978e-01	3.516293e-01	3.204123e-01
7.955697605743735e-08	3.496827e-01	3.513606e-01	3.204251e-01
7.961054748600884e-08	3.496683e-01	3.510907e-01	3.204375e-01
7.966411891458034e-08	3.496544e-01	3.508198e-01	3.204496e-01
7.971769034315183e-08	3.496411e-01	3.505477e-01	3.204614e-01
7.977126177172331e-08	3.496285e-01	3.502745e-01	3.204728e-01
7.982483320029480e-08	3.496164e-01	3.500002e-01	3.204838e-01
7.982583320029480e-08	3.496161e-01	3.499951e-01	3.204840e-01
7.995183320029495e-08	3.495902e-01	3.493473e-01	3.205085e-01
8.007783320029509e-08	3.495664e-01	3.487124e-01	3.205317e-01
8.020383320029523e-08	3.495447e-01	3.480903e-01	3.205535e-01
8.032983320029537e-08	3.495252e-01	3.474811e-01	3.205738e-01
8.045583320029552e-08	3.495079e-01	3.468847e-01	3.205928e-01
8.058183320029566e-08	3.494927e-01	3.463012e-01	3.206105e-01
8.070783320029580e-08	3.494796e-01	3.457306e-01	3.206267e-01
8.084983320029596e-08	3.494662e-01	3.451163e-01	3.206439e-01
8.095911891458181e-08	3.494573e-01	3.446607e-01	3.206562e-01
8.106840462886764e-08	3.494491e-01	3.442198e-01	3.206679e-01
8.117769034315348e-08	3.494418e-01	3.437937e-01	3.206789e-01
8.128697605743931e-08	3.494351e-01	3.433824e-01	3.206894e-01
8.139626177172516e-08	3.494292e-01	3.429858e-01	3.206992e-01
8.150554748601099e-08	3.494241e-01	3.426040e-01	3.207084e-01
8.161483320029683e-08	3.494198e-01	3.422370e-01	3.207169e-01
8.165169034315402e-08	3.494184e-01	3.421162e-01	3.207197e-01
8.168854748601120e-08	3.494171e-01	3.419970e-01	3.207225e-01
8.172540462886838e-08	3.494158e-01	3.418792e-01	3.207252e-01
8.176226177172557e-08	3.494146e-01	3.417630e-01	3.207278e-01
8.179911891458276e-08	3.494134e-01	3.416484e-01	3.207304e-01
8.183597605743994e-08	3.494123e-01	3.415352e-01	3.207329e-01
8.187283320029712e-08	3.494113e-01	3.414236e-01	3.207354e-01
8.187383320029713e-08	3.494112e-01	3.414206e-01	3.207355e-01
8.196826177172581e-08	3.494088e-01	3.411419e-01	3.207416e-01
8.206269034315449e-08	3.494066e-01	3.408718e-01	3.207474e-01
8.215711891458317e-08	3.494047e-01	3.406101e-01	3.207530e-01
8.225154748601183e-08	3.494030e-01	3.403569e-01	3.207582e-01
8.234597605744051e-08	3.494016e-01	3.401121e-01	3.207632e-01
8.244040462886919e-08	3.494004e-01	3.398759e-01	3.207680e-01
8.253483320029788e-08	3.493994e-01	3.396481e-01	3.207724e-01
8.258654748601221e-08	3.493989e-01	3.395261e-01	3.207748e-01
8.263826177172657e-08	3.493985e-01	3.394062e-01	3.207771e-01
8.268997605744090e-08	3.493981e-01	3.392884e-01	3.207793e-01
8.274169034315526e-08	3.493977e-01	3.391725e-01	3.207815e-01
8.279340462886959e-08	3.493974e-01	3.390587e-01	3.207836e-01
8.284511891458395e-08	3.493972e-01	3.389469e-01	3.207856e-01
8.289683320029829e-08	3.493970e-01	3.388371e-01	3.207876e-01
8.289783320029829e-08	3.493969e-01	3.388351e-01	3.207876e-01
8.298297605744124e-08	3.493967e-01	3.386587e-01	3.207908e-01
8.306811891458420e-08	3.493965e-01	3.384867e-01	3.207938e-01
8.315326177172715e-08	3.493964e-01	3.383190e-01	3.207967e-01
8.323840462887010e-08	3.493963e-01	3.381557e-01	3.207994e-01
8.332354748601305e-08	3.493963e-01	3.379966e-01	3.208020e-01
8.340869034315601e-08	3.493964e-01	3.378420e-01	3.208045e-01
8.349383320029896e-08	3.493965e-01	3.376917e-01	3.208069e-01
8.355483320029903e-08	3.493967e-01	3.375860e-01	3.208085e-01
8.361583320029910e-08	3.493968e-01	3.374821e-01	3.208101e-01
8.367683320029917e-08	3.493970e-01	3.373799e-01	3.208116e-01
8.373783320029924e-08	3.493972e-01	3.372793e-01	3.208131e-01
8.379883320029931e-08	3.493974e-01	3.371805e-01	3.208145e-01
8.385983320029938e-08	3.493976e-01	3.370833e-01	3.208159e-01
8.392083320029945e-08	3.493978e-01	3.369879e-01	3.208172e-01
8.392183320029945e-08	3.493978e-01	3.369863e-01	3.208173e-01
8.398040462887094e-08	3.493981e-01	3.368960e-01	3.208185e-01
8.403897605744243e-08	3.493983e-01	3.368070e-01	3.208197e-01
8.409754748601393e-08	3.493986e-01	3.367192e-01	3.208209e-01
8.415611891458543e-08	3.493988e-01	3.366326e-01	3.208220e-01
8.421469034315693e-08	3.493991e-01	3.365473e-01	3.208231e-01
8.427326177172842e-08	3.493994e-01	3.364632e-01	3.208241e-01
8.433183320029991e-08	3.493997e-01	3.363804e-01	3.208251e-01
8.434683320029993e-08	3.493998e-01	3.363593e-01	3.208254e-01
8.436183320029995e-08	3.493999e-01	3.363383e-01	3.208257e-01
8.437683320029996e-08	3.493999e-01	3.363174e-01	3.208259e-01
8.439183320029998e-08	3.494000e-01	3.362965e-01	3.208262e-01
8.440683320030000e-08	3.494001e-01	3.362758e-01	3.208265e-01
8.442183320030001e-08	3.494002e-01	3.362550e-01	3.208268e-01
8.443683320030003e-08	3.494003e-01	3.362344e-01	3.208270e-01
8.445797605744291e-08	3.494004e-01	3.362054e-01	3.208274e-01
8.447911891458580e-08	3.494005e-01	3.361765e-01	3.208279e-01
8.450026177172868e-08	3.494006e-01	3.361478e-01	3.208285e-01
8.452140462887155e-08	3.494007e-01	3.361192e-01	3.208291e-01
8.454254748601443e-08	3.494008e-01	3.360907e-01	3.208298e-01
8.456369034315732e-08	3.494009e-01	3.360624e-01	3.208306e-01
8.458483320030020e-08	3.494010e-01	3.360342e-01	3.208314e-01
8.462983320030025e-08	3.494013e-01	3.359746e-01	3.208334e-01
8.467483320030030e-08	3.494015e-01	3.359154e-01	3.208363e-01
8.471983320030035e-08	3.494017e-01	3.358568e-01	3.208403e-01
8.476483320030040e-08	3.494020e-01	3.357988e-01	3.208452e-01
8.480983320030045e-08	3.494022e-01	3.357412e-01	3.208511e-01
8.485483320030051e-08	3.494025e-01	3.356841e-01	3.208581e-01
8.489983320030056e-08	3.494027e-01	3.356276e-01	3.208660e-01
8.494583320030061e-08	3.494030e-01	3.355702e-01	3.208759e-01
8.499426177172924e-08	3.494032e-01	3.355104e-01	3.208878e-01
8.504269034315787e-08	3.494035e-01	3.354510e-01	3.209019e-01
8.509111891458649e-08	3.494038e-01	3.353921e-01	3.209181e-01
8.513954748601511e-08	3.494040e-01	3.353337e-01	3.209364e-01
8.518797605744374e-08	3.494043e-01	3.352757e-01	3.209569e-01
8.523640462887237e-08	3.494045e-01	3.352182e-01	3.209795e-01
8.528483320030099e-08	3.494048e-01	3.351612e-01	3.210042e-01
8.535440462887250e-08	3.494052e-01	3.350801e-01	3.210442e-01
8.542397605744400e-08	3.494056e-01	3.349998e-01	3.210892e-01
8.549354748601551e-08	3.494059e-01	3.349202e-01	3.211390e-01
8.556311891458703e-08	3.494063e-01	3.348414e-01	3.211939e-01
8.563269034315853e-08	3.494066e-01	3.347633e-01	3.212536e-01
8.570226177173004e-08	3.494070e-01	3.346860e-01	3.213183e-01
8.577183320030155e-08	3.494073e-01	3.346095e-01	3.213879e-01
8.596983320030177e-08	3.494083e-01	3.343950e-01	3.216102e-01
8.611597605744479e-08	3.494089e-01	3.342402e-01	3.218015e-01
8.626211891458782e-08	3.494096e-01	3.340873e-01	3.220027e-01
8.640826177173084e-08	3.494102e-01	3.339363e-01	3.222136e-01
8.655440462887386e-08	3.494108e-01	3.337873e-01	3.224345e-01
8.670054748601688e-08	3.494114e-01	3.336401e-01	3.226651e-01
8.684669034315991e-08	3.494120e-01	3.334948e-01	3.229056e-01
8.699283320030293e-08	3.494125e-01	3.333514e-01	3.231560e-01
8.699383320030293e-08	3.494125e-01	3.333504e-01	3.231576e-01
8.713997605744595e-08	3.494130e-01	3.332083e-01	3.234076e-01
8.728611891458898e-08	3.494134e-01	3.330671e-01	3.236542e-01
8.743226177173200e-08	3.494139e-01	3.329270e-01	3.238973e-01
8.757840462887502e-08	3.494143e-01	3.327878e-01	3.241370e-01
8.772454748601804e-08	3.494147e-01	3.326497e-01	3.243732e-01
8.787069034316107e-08	3.494151e-01	3.325126e-01	3.246060e-01
8.801683320030409e-08	3.494155e-01	3.323765e-01	3.248354e-01
8.801783320030409e-08	3.494155e-01	3.323756e-01	3.248369e-01
8.816397605744711e-08	3.494158e-01	3.322401e-01	3.250568e-01
8.831011891459014e-08	3.494161e-01	3.321051e-01	3.252684e-01
8.845626177173316e-08	3.494164e-01	3.319707e-01	3.254716e-01
8.860240462887618e-08	3.494167e-01	3.318368e-01	3.256664e-01
8.874854748601920e-08	3.494169e-01	3.317034e-01	3.258528e-01
8.889469034316223e-08	3.494172e-01	3.315706e-01	3.260308e-01
8.904083320030525e-08	3.494174e-01	3.314383e-01	3.262004e-01
8.904183320030525e-08	3.494174e-01	3.314374e-01	3.262016e-01
8.918797605744827e-08	3.494176e-01	3.313054e-01	3.263614e-01
8.933411891459130e-08	3.494178e-01	3.311737e-01	3.265133e-01
8.948026177173432e-08	3.494180e-01	3.310423e-01	3.266570e-01
8.962640462887734e-08	3.494182e-01	3.309112e-01	3.267926e-01
8.977254748602036e-08	3.494184e-01	3.307803e-01	3.269202e-01
8.991869034316339e-08	3.494185e-01	3.306497e-01	3.270397e-01
9.006483320030641e-08	3.494187e-01	3.305193e-01	3.271511e-01
9.006583320030641e-08	3.494187e-01	3.305185e-01	3.271518e-01
9.021197605744943e-08	3.494188e-01	3.303883e-01	3.272559e-01
9.035811891459247e-08	3.494189e-01	3.302583e-01	3.273539e-01
9.050426177173549e-08	3.494191e-01	3.301284e-01	3.274459e-01
9.065040462887850e-08	3.494192e-01	3.299987e-01	3.275319e-01
9.079654748602152e-08	3.494193e-01	3.298691e-01	3.276118e-01
9.094269034316456e-08	3.494194e-01	3.297397e-01	3.276857e-01
9.108883320030757e-08	3.494195e-01	3.296103e-01	3.277536e-01
9.108983320030758e-08	3.494195e-01	3.296095e-01	3.277540e-01
9.123597605745059e-08	3.494196e-01	3.294802e-01	3.278170e-01
9.138211891459363e-08	3.494196e-01	3.293511e-01	3.278761e-01
9.152826177173665e-08	3.494197e-01	3.292220e-01	3.279312e-01
9.167440462887967e-08	3.494198e-01	3.290930e-01	3.279823e-01
9.182054748602268e-08	3.494198e-01	3.289641e-01	3.280294e-01
9.196669034316572e-08	3.494199e-01	3.288352e-01	3.280726e-01
9.211283320030874e-08	3.494200e-01	3.287064e-01	3.281117e-01
9.211383320030874e-08	3.494200e-01	3.287055e-01	3.281120e-01
9.225997605745176e-08	3.494200e-01	3.285768e-01	3.281482e-01
9.240611891459479e-08	3.494200e-01	3.284481e-01	3.281820e-01
9.255226177173781e-08	3.494201e-01	3.283194e-01	3.282134e-01
9.269840462888083e-08	3.494201e-01	3.281908e-01	3.282424e-01
9.284454748602385e-08	3.494202e-01	3.280622e-01	3.282689e-01
9.299069034316688e-08	3.494202e-01	3.279336e-01	3.282930e-01
9.313683320030990e-08	3.494202e-01	3.278051e-01	3.283148e-01
9.313783320030990e-08	3.494202e-01	3.278042e-01	3.283149e-01
9.318369034316710e-08	3.494202e-01	3.277638e-01	3.283214e-01
9.322954748602428e-08	3.494202e-01	3.277235e-01	3.283278e-01
9.327540462888148e-08	3.494202e-01	3.276832e-01	3.283340e-01
9.332126177173868e-08	3.494203e-01	3.276429e-01	3.283401e-01
9.336711891459588e-08	3.494203e-01	3.276026e-01	3.283460e-01
9.341297605745306e-08	3.494203e-01	3.275623e-01	3.283517e-01
9.345883320031026e-08	3.494203e-01	3.275220e-01	3.283572e-01
9.347926177173886e-08	3.494203e-01	3.275039e-01	3.283596e-01
9.349969034316745e-08	3.494203e-01	3.274863e-01	3.283620e-01
9.352011891459605e-08	3.494203e-01	3.274692e-01	3.283644e-01
9.354054748602463e-08	3.494203e-01	3.274525e-01	3.283667e-01
9.356097605745323e-08	3.494203e-01	3.274361e-01	3.283690e-01
9.358140462888183e-08	3.494203e-01	3.274203e-01	3.283713e-01
9.360183320031042e-08	3.494203e-01	3.274048e-01	3.283736e-01
9.361926177173902e-08	3.494203e-01	3.273923e-01	3.283754e-01
9.363669034316761e-08	3.494203e-01	3.273802e-01	3.283773e-01
9.365411891459620e-08	3.494203e-01	3.273687e-01	3.283792e-01
9.367154748602478e-08	3.494203e-01	3.273577e-01	3.283810e-01
9.368897605745338e-08	3.494203e-01	3.273473e-01	3.283828e-01
9.370640462888197e-08	3.494203e-01	3.273374e-01	3.283846e-01
9.372383320031056e-08	3.494202e-01	3.273280e-01	3.283864e-01
9.374254748602486e-08	3.494202e-01	3.273185e-01	3.283883e-01
9.376126177173918e-08	3.494202e-01	3.273097e-01	3.283902e-01
9.377997605745348e-08	3.494201e-01	3.273015e-01	3.283920e-01
9.379869034316779e-08	3.494200e-01	3.272940e-01	3.283939e-01
9.381740462888210e-08	3.494200e-01	3.272870e-01	3.283957e-01
9.383611891459641e-08	3.494199e-01	3.272807e-01	3.283975e-01
9.385483320031071e-08	3.494197e-01	3.272751e-01	3.283992e-01
9.387797605745359e-08	3.494196e-01	3.272689e-01	3.284014e-01
9.390111891459648e-08	3.494194e-01	3.272636e-01	3.284035e-01
9.392426177173936e-08	3.494191e-01	3.272590e-01	3.284056e-01
9.394740462888224e-08	3.494188e-01	3.272552e-01	3.284077e-01
9.397054748602512e-08	3.494185e-01	3.272522e-01	3.284097e-01
9.399369034316802e-08	3.494181e-01	3.272499e-01	3.284117e-01
9.401683320031089e-08	3.494176e-01	3.272485e-01	3.284137e-01
9.403740462888234e-08	3.494172e-01	3.272478e-01	3.284154e-01
9.405797605745379e-08	3.494166e-01	3.272474e-01	3.284171e-01
9.407854748602524e-08	3.494160e-01	3.272475e-01	3.284188e-01
9.409911891459671e-08	3.494154e-01	3.272479e-01	3.284205e-01
9.411969034316816e-08	3.494146e-01	3.272488e-01	3.284221e-01
9.414026177173961e-08	3.494138e-01	3.272500e-01	3.284237e-01
9.416083320031106e-08	3.494129e-01	3.272517e-01	3.284253e-01
9.416183320031106e-08	3.494129e-01	3.272518e-01	3.284254e-01
9.419426177173967e-08	3.494114e-01	3.272551e-01	3.284279e-01
9.422669034316828e-08	3.494095e-01	3.272587e-01	3.284303e-01
9.425911891459689e-08	3.494074e-01	3.272627e-01	3.284327e-01
9.429154748602549e-08	3.494050e-01	3.272669e-01	3.284350e-01
9.432397605745410e-08	3.494023e-01	3.272714e-01	3.284373e-01
9.435640462888271e-08	3.493993e-01	3.272763e-01	3.284396e-01
9.438883320031132e-08	3.493960e-01	3.272814e-01	3.284418e-01
9.441683320031135e-08	3.493928e-01	3.272856e-01	3.284436e-01
9.444483320031138e-08	3.493893e-01	3.272896e-01	3.284454e-01
9.447283320031141e-08	3.493855e-01	3.272934e-01	3.284472e-01
9.450083320031144e-08	3.493813e-01	3.272968e-01	3.284490e-01
9.452883320031148e-08	3.493768e-01	3.273000e-01	3.284507e-01
9.455683320031151e-08	3.493720e-01	3.273030e-01	3.284524e-01
9.458483320031154e-08	3.493669e-01	3.273057e-01	3.284541e-01
9.460269034316871e-08	3.493634e-01	3.273071e-01	3.284551e-01
9.462054748602586e-08	3.493597e-01	3.273083e-01	3.284562e-01
9.463840462888303e-08	3.493559e-01	3.273094e-01	3.284572e-01
9.465626177174019e-08	3.493519e-01	3.273102e-01	3.284582e-01
9.467411891459736e-08	3.493478e-01	3.273107e-01	3.284592e-01
9.469197605745451e-08	3.493434e-01	3.273111e-01	3.284602e-01
9.470983320031168e-08	3.493389e-01	3.273113e-01	3.284612e-01
9.472754748602598e-08	3.493343e-01	3.273112e-01	3.284622e-01
9.474526177174029e-08	3.493294e-01	3.273109e-01	3.284631e-01
9.476297605745459e-08	3.493244e-01	3.273103e-01	3.284640e-01
9.478069034316891e-08	3.493192e-01	3.273094e-01	3.284650e-01
9.479840462888321e-08	3.493138e-01	3.273083e-01	3.284659e-01
9.481611891459752e-08	3.493082e-01	3.273069e-01	3.284668e-01
9.483383320031182e-08	3.493024e-01	3.273052e-01	3.284677e-01
9.486883320031186e-08	3.492905e-01	3.273012e-01	3.284694e-01
9.490383320031190e-08	3.492776e-01	3.272959e-01	3.284711e-01
9.493883320031194e-08	3.492640e-01	3.272895e-01	3.284728e-01
9.497383320031198e-08	3.492494e-01	3.272818e-01	3.284744e-01
9.500883320031202e-08	3.492340e-01	3.272730e-01	3.284760e-01
9.504383320031206e-08	3.492177e-01	3.272630e-01	3.284775e-01
9.507883320031210e-08	3.492006e-01	3.272518e-01	3.284791e-01
9.518583320031222e-08	3.491423e-01	3.272097e-01	3.284835e-01
9.526383320031231e-08	3.490942e-01	3.271713e-01	3.284865e-01
9.534183320031240e-08	3.490409e-01	3.271274e-01	3.284893e-01
9.541983320031249e-08	3.489825e-01	3.270782e-01	3.284921e-01
9.549783320031257e-08	3.489187e-01	3.270235e-01	3.284947e-01
9.557583320031266e-08	3.488498e-01	3.269635e-01	3.284971e-01
9.565383320031275e-08	3.487756e-01	3.268981e-01	3.284995e-01
9.573183320031284e-08	3.486962e-01	3.268273e-01	3.285017e-01
9.579997605745577e-08	3.486223e-01	3.267619e-01	3.285035e-01
9.586811891459871e-08	3.485443e-01	3.266940e-01	3.285052e-01
9.593626177174164e-08	3.484624e-01	3.266236e-01	3.285069e-01
9.600440462888458e-08	3.483765e-01	3.265508e-01	3.285085e-01
9.607254748602751e-08	3.482866e-01	3.264754e-01	3.285100e-01
9.614069034317045e-08	3.481927e-01	3.263975e-01	3.285115e-01
9.620883320031338e-08	3.480949e-01	3.263172e-01	3.285128e-01
9.620983320031338e-08	3.480934e-01	3.263160e-01	3.285128e-01
9.627269034317060e-08	3.479997e-01	3.262405e-01	3.285141e-01
9.633554748602780e-08	3.479030e-01	3.261640e-01	3.285152e-01
9.639840462888502e-08	3.478034e-01	3.260866e-01	3.285163e-01
9.646126177174224e-08	3.477008e-01	3.260083e-01	3.285174e-01
9.652411891459946e-08	3.475953e-01	3.259291e-01	3.285184e-01
9.658697605745666e-08	3.474869e-01	3.258489e-01	3.285194e-01
9.664983320031388e-08	3.473755e-01	3.257677e-01	3.285203e-01
9.665183320031388e-08	3.473719e-01	3.257649e-01	3.285203e-01
9.665440462888531e-08	3.473673e-01	3.257617e-01	3.285204e-01
9.665697605745674e-08	3.473627e-01	3.257584e-01	3.285204e-01
9.665954748602817e-08	3.473581e-01	3.257551e-01	3.285204e-01
9.666211891459961e-08	3.473534e-01	3.257518e-01	3.285205e-01
9.666469034317104e-08	3.473488e-01	3.257485e-01	3.285205e-01
9.666726177174247e-08	3.473442e-01	3.257452e-01	3.285205e-01
9.666983320031390e-08	3.473395e-01	3.257418e-01	3.285206e-01
9.671383320031395e-08	3.472589e-01	3.256845e-01	3.285212e-01
9.675783320031400e-08	3.471788e-01	3.256274e-01	3.285218e-01
9.680183320031405e-08	3.470992e-01	3.255705e-01	3.285224e-01
9.684583320031410e-08	3.470202e-01	3.255138e-01	3.285229e-01
9.688983320031415e-08	3.469417e-01	3.254574e-01	3.285235e-01
9.693383320031420e-08	3.468637e-01	3.254013e-01	3.285240e-01
9.697783320031425e-08	3.467862e-01	3.253453e-01	3.285245e-01
9.701426177174287e-08	3.467237e-01	3.252998e-01	3.285249e-01
9.705069034317148e-08	3.466622e-01	3.252553e-01	3.285253e-01
9.708711891460010e-08	3.466019e-01	3.252119e-01	3.285257e-01
9.712354748602870e-08	3.465426e-01	3.251695e-01	3.285260e-01
9.715997605745731e-08	3.464845e-01	3.251281e-01	3.285264e-01
9.719640462888593e-08	3.464274e-01	3.250878e-01	3.285267e-01
9.723283320031454e-08	3.463714e-01	3.250485e-01	3.285271e-01
9.723383320031454e-08	3.463699e-01	3.250474e-01	3.285271e-01
9.728897605745746e-08	3.462877e-01	3.249905e-01	3.285276e-01
9.734411891460039e-08	3.462076e-01	3.249380e-01	3.285281e-01
9.739926177174330e-08	3.461295e-01	3.248898e-01	3.285285e-01
9.745440462888622e-08	3.460535e-01	3.248459e-01	3.285290e-01
9.750954748602914e-08	3.459796e-01	3.248064e-01	3.285294e-01
9.756469034317206e-08	3.459077e-01	3.247712e-01	3.285298e-01
9.761983320031498e-08	3.458379e-01	3.247403e-01	3.285302e-01
9.765569034317217e-08	3.457931e-01	3.247233e-01	3.285304e-01
9.769154748602934e-08	3.457488e-01	3.247085e-01	3.285307e-01
9.772740462888653e-08	3.457049e-01	3.246960e-01	3.285309e-01
9.776326177174372e-08	3.456615e-01	3.246857e-01	3.285311e-01
9.779911891460090e-08	3.456185e-01	3.246777e-01	3.285314e-01
9.783497605745808e-08	3.455759e-01	3.246719e-01	3.285316e-01
9.787083320031526e-08	3.455338e-01	3.246683e-01	3.285318e-01
9.788783320031528e-08	3.455139e-01	3.246675e-01	3.285319e-01
9.790483320031530e-08	3.454940e-01	3.246671e-01	3.285320e-01
9.792183320031532e-08	3.454742e-01	3.246673e-01	3.285321e-01
9.793883320031534e-08	3.454544e-01	3.246679e-01	3.285321e-01
9.795583320031536e-08	3.454346e-01	3.246691e-01	3.285322e-01
9.797283320031538e-08	3.454149e-01	3.246709e-01	3.285323e-01
9.798983320031540e-08	3.453953e-01	3.246731e-01	3.285324e-01
9.802797605745830e-08	3.453513e-01	3.246800e-01	3.285326e-01
9.806611891460121e-08	3.453074e-01	3.246894e-01	3.285328e-01
9.810426177174410e-08	3.452634e-01	3.247013e-01	3.285330e-01
9.814240462888700e-08	3.452194e-01	3.247158e-01	3.285331e-01
9.818054748602990e-08	3.451754e-01	3.247327e-01	3.285333e-01
9.821869034317281e-08	3.451314e-01	3.247522e-01	3.285335e-01
9.825683320031570e-08	3.450873e-01	3.247741e-01	3.285336e-01
9.825783320031570e-08	3.450862e-01	3.247747e-01	3.285336e-01
9.836640462888725e-08	3.449605e-01	3.248533e-01	3.285341e-01
9.847497605745880e-08	3.448319e-01	3.249471e-01	3.285344e-01
9.858354748603035e-08	3.447005e-01	3.250562e-01	3.285348e-01
9.869211891460192e-08	3.445661e-01	3.251804e-01	3.285351e-01
9.880069034317347e-08	3.444289e-01	3.253199e-01	3.285354e-01
9.890926177174502e-08	3.442889e-01	3.254746e-01	3.285357e-01
9.901783320031657e-08	3.441459e-01	3.256445e-01	3.285359e-01
9.905540462888803e-08	3.440954e-01	3.257047e-01	3.285360e-01
9.909297605745950e-08	3.440445e-01	3.257660e-01	3.285361e-01
9.913054748603097e-08	3.439933e-01	3.258284e-01	3.285361e-01
9.916811891460246e-08	3.439416e-01	3.258918e-01	3.285362e-01
9.920569034317393e-08	3.438895e-01	3.259563e-01	3.285363e-01
9.924326177174539e-08	3.438370e-01	3.260218e-01	3.285363e-01
9.928083320031686e-08	3.437842e-01	3.260884e-01	3.285364e-01
9.928183320031686e-08	3.437828e-01	3.260902e-01	3.285364e-01
9.942797605745988e-08	3.435720e-01	3.263624e-01	3.285366e-01
9.957411891460292e-08	3.433575e-01	3.266383e-01	3.285368e-01
9.972026177174594e-08	3.431391e-01	3.269178e-01	3.285369e-01
9.986640462888895e-08	3.429169e-01	3.272008e-01	3.285371e-01
1.000125474860320e-07	3.426909e-01	3.274876e-01	3.285372e-01
1.001586903431750e-07	3.424610e-01	3.277779e-01	3.285373e-01
1.003048332003180e-07	3.422273e-01	3.280718e-01	3.285374e-01
1.003058332003180e-07	3.422258e-01	3.280738e-01	3.285374e-01
1.004519760574610e-07	3.419908e-01	3.283610e-01	3.285374e-01
1.005981189146041e-07	3.417560e-01	3.286412e-01	3.285375e-01
1.007442617717471e-07	3.415215e-01	3.289143e-01	3.285375e-01
1.008904046288901e-07	3.412872e-01	3.291803e-01	3.285376e-01
1.010365474860331e-07	3.410532e-01	3.294393e-01	3.285376e-01
1.011826903431762e-07	3.408193e-01	3.296913e-01	3.285376e-01
1.013288332003192e-07	3.405857e-01	3.299361e-01	3.285376e-01
1.013298332003192e-07	3.405841e-01	3.299378e-01	3.285376e-01
1.014759760574622e-07	3.403528e-01	3.301718e-01	3.285376e-01
1.016221189146052e-07	3.401239e-01	3.303963e-01	3.285376e-01
1.017682617717483e-07	3.398974e-01	3.306114e-01	3.285376e-01
1.019144046288913e-07	3.396734e-01	3.308172e-01	3.285376e-01
1.020605474860343e-07	3.394518e-01	3.310134e-01	3.285376e-01
1.022066903431773e-07	3.392326e-01	3.312003e-01	3.285375e-01
1.023528332003203e-07	3.390159e-01	3.313778e-01	3.285375e-01
1.023538332003203e-07	3.390144e-01	3.313789e-01	3.285375e-01
1.023899760574632e-07	3.389614e-01	3.314214e-01	3.285375e-01
1.024261189146062e-07	3.389085e-01	3.314634e-01	3.285375e-01
1.024622617717490e-07	3.388559e-01	3.315048e-01	3.285375e-01
1.024984046288919e-07	3.388033e-01	3.315456e-01	3.285375e-01
1.025345474860348e-07	3.387510e-01	3.315860e-01	3.285375e-01
1.025706903431777e-07	3.386989e-01	3.316257e-01	3.285375e-01
1.026068332003206e-07	3.386469e-01	3.316650e-01	3.285375e-01
1.026165474860349e-07	3.386330e-01	3.316754e-01	3.285375e-01
1.026262617717492e-07	3.386190e-01	3.316858e-01	3.285375e-01
1.026359760574635e-07	3.386051e-01	3.316962e-01	3.285375e-01
1.026456903431778e-07	3.385912e-01	3.317066e-01	3.285375e-01
1.026554046288921e-07	3.385774e-01	3.317169e-01	3.285375e-01
1.026651189146064e-07	3.385635e-01	3.317271e-01	3.285375e-01
1.026748332003207e-07	3.385496e-01	3.317374e-01	3.285375e-01
1.026866903431779e-07	3.385327e-01	3.317498e-01	3.285375e-01
1.026985474860350e-07	3.385158e-01	3.317622e-01	3.285375e-01
1.027104046288922e-07	3.384990e-01	3.317745e-01	3.285376e-01
1.027222617717493e-07	3.384822e-01	3.317868e-01	3.285376e-01
1.027341189146065e-07	3.384653e-01	3.317990e-01	3.285377e-01
1.027459760574636e-07	3.384486e-01	3.318111e-01	3.285377e-01
1.027578332003208e-07	3.384318e-01	3.318232e-01	3.285378e-01
1.027766903431780e-07	3.384051e-01	3.318424e-01	3.285379e-01
1.027955474860351e-07	3.383786e-01	3.318614e-01	3.285382e-01
1.028144046288923e-07	3.383520e-01	3.318802e-01	3.285384e-01
1.028332617717495e-07	3.383255e-01	3.318989e-01	3.285388e-01
1.028521189146066e-07	3.382991e-01	3.319175e-01	3.285392e-01
1.028709760574638e-07	3.382727e-01	3.319360e-01	3.285397e-01
1.028898332003210e-07	3.382463e-01	3.319543e-01	3.285403e-01
1.029332617717496e-07	3.381859e-01	3.319959e-01	3.285418e-01
1.029766903431782e-07	3.381257e-01	3.320368e-01	3.285442e-01
1.030201189146068e-07	3.380657e-01	3.320771e-01	3.285477e-01
1.030635474860354e-07	3.380060e-01	3.321167e-01	3.285522e-01
1.031069760574641e-07	3.379466e-01	3.321555e-01	3.285576e-01
1.031504046288927e-07	3.378875e-01	3.321937e-01	3.285640e-01
1.031938332003213e-07	3.378286e-01	3.322312e-01	3.285715e-01
1.032199760574642e-07	3.377933e-01	3.322535e-01	3.285767e-01
1.032461189146071e-07	3.377581e-01	3.322755e-01	3.285826e-01
1.032722617717500e-07	3.377229e-01	3.322973e-01	3.285890e-01
1.032984046288928e-07	3.376879e-01	3.323189e-01	3.285960e-01
1.033245474860357e-07	3.376529e-01	3.323402e-01	3.286035e-01
1.033506903431786e-07	3.376181e-01	3.323613e-01	3.286117e-01
1.033768332003215e-07	3.375833e-01	3.323821e-01	3.286204e-01
1.033778332003215e-07	3.375820e-01	3.323829e-01	3.286207e-01
1.034342617717501e-07	3.375073e-01	3.324271e-01	3.286417e-01
1.034906903431788e-07	3.374331e-01	3.324704e-01	3.286660e-01
1.035471189146074e-07	3.373592e-01	3.325126e-01	3.286937e-01
1.036035474860360e-07	3.372858e-01	3.325538e-01	3.287247e-01
1.036599760574647e-07	3.372128e-01	3.325941e-01	3.287591e-01
1.037164046288933e-07	3.371402e-01	3.326333e-01	3.287969e-01
1.037728332003220e-07	3.370681e-01	3.326716e-01	3.288380e-01
1.038619760574649e-07	3.369550e-01	3.327301e-01	3.289111e-01
1.039511189146079e-07	3.368428e-01	3.327865e-01	3.289923e-01
1.040402617717508e-07	3.367316e-01	3.328408e-01	3.290818e-01
1.041294046288938e-07	3.366214e-01	3.328930e-01	3.291794e-01
1.042185474860367e-07	3.365122e-01	3.329432e-01	3.292852e-01
1.043076903431797e-07	3.364039e-01	3.329913e-01	3.293993e-01
1.043968332003227e-07	3.362966e-01	3.330373e-01	3.295215e-01
1.044018332003227e-07	3.362906e-01	3.330399e-01	3.295285e-01
1.045479760574657e-07	3.361168e-01	3.331109e-01	3.297485e-01
1.046941189146087e-07	3.359451e-01	3.331779e-01	3.299792e-01
1.048402617717517e-07	3.357756e-01	3.332408e-01	3.302206e-01
1.049864046288948e-07	3.356081e-01	3.332997e-01	3.304727e-01
1.051325474860378e-07	3.354428e-01	3.333546e-01	3.307355e-01
1.052786903431808e-07	3.352796e-01	3.334055e-01	3.310090e-01
1.054248332003238e-07	3.351185e-01	3.334523e-01	3.312933e-01
1.054258332003238e-07	3.351174e-01	3.334526e-01	3.312952e-01
1.055136903431811e-07	3.350214e-01	3.334795e-01	3.314656e-01
1.056015474860383e-07	3.349259e-01	3.335053e-01	3.316359e-01
1.056894046288956e-07	3.348311e-01	3.335301e-01	3.318062e-01
1.057772617717528e-07	3.347368e-01	3.335538e-01	3.319763e-01
1.058651189146100e-07	3.346432e-01	3.335766e-01	3.321464e-01
1.059529760574673e-07	3.345501e-01	3.335983e-01	3.323165e-01
1.060408332003245e-07	3.344576e-01	3.336190e-01	3.324864e-01
1.060991189146103e-07	3.343965e-01	3.336323e-01	3.325978e-01
1.061574046288961e-07	3.343357e-01	3.336453e-01	3.327070e-01
1.062156903431819e-07	3.342751e-01	3.336578e-01	3.328138e-01
1.062739760574676e-07	3.342147e-01	3.336701e-01	3.329183e-01
1.063322617717534e-07	3.341545e-01	3.336819e-01	3.330204e-01
1.063905474860392e-07	3.340945e-01	3.336935e-01	3.331203e-01
1.064488332003250e-07	3.340347e-01	3.337046e-01	3.332178e-01
1.064498332003250e-07	3.340337e-01	3.337048e-01	3.332195e-01
1.065244046288965e-07	3.339576e-01	3.337186e-01	3.333389e-01
1.065989760574680e-07	3.338818e-01	3.337320e-01	3.334514e-01
1.066735474860395e-07	3.338062e-01	3.337448e-01	3.335570e-01
1.067481189146111e-07	3.337310e-01	3.337572e-01	3.336558e-01
1.068226903431826e-07	3.336561e-01	3.337691e-01	3.337476e-01
1.068972617717541e-07	3.335815e-01	3.337806e-01	3.338325e-01
1.069718332003256e-07	3.335072e-01	3.337916e-01	3.339105e-01
1.070409760574685e-07	3.334385e-01	3.338014e-01	3.339753e-01
1.071101189146115e-07	3.333701e-01	3.338109e-01	3.340340e-01
1.071792617717544e-07	3.333018e-01	3.338201e-01	3.340865e-01
1.072484046288973e-07	3.332338e-01	3.338290e-01	3.341328e-01
1.073175474860403e-07	3.331660e-01	3.338376e-01	3.341729e-01
1.073866903431832e-07	3.330985e-01	3.338459e-01	3.342069e-01
1.074558332003261e-07	3.330311e-01	3.338538e-01	3.342347e-01
1.074738332003262e-07	3.330136e-01	3.338559e-01	3.342411e-01
1.075212617717548e-07	3.329675e-01	3.338611e-01	3.342560e-01
1.075686903431834e-07	3.329216e-01	3.338663e-01	3.342685e-01
1.076161189146120e-07	3.328757e-01	3.338713e-01	3.342786e-01
1.076635474860406e-07	3.328299e-01	3.338762e-01	3.342865e-01
1.077109760574693e-07	3.327841e-01	3.338809e-01	3.342919e-01
1.077584046288979e-07	3.327385e-01	3.338856e-01	3.342951e-01
1.078058332003265e-07	3.326930e-01	3.338901e-01	3.342959e-01
1.078945474860409e-07	3.326080e-01	3.338983e-01	3.342909e-01
1.079832617717553e-07	3.325233e-01	3.339061e-01	3.342807e-01
1.080719760574697e-07	3.324388e-01	3.339136e-01	3.342653e-01
1.081606903431841e-07	3.323546e-01	3.339208e-01	3.342446e-01
1.082494046288985e-07	3.322706e-01	3.339276e-01	3.342188e-01
1.083381189146129e-07	3.321869e-01	3.339341e-01	3.341878e-01
1.084268332003272e-07	3.321035e-01	3.339403e-01	3.341516e-01
1.084978332003273e-07	3.320368e-01	3.339450e-01	3.341213e-01
1.086002617717560e-07	3.319409e-01	3.339516e-01	3.340728e-01
1.087026903431847e-07	3.318452e-01	3.339578e-01	3.340228e-01
1.088051189146134e-07	3.317498e-01	3.339637e-01	3.339711e-01
1.089075474860421e-07	3.316546e-01	3.339693e-01	3.339179e-01
1.090099760574707e-07	3.315597e-01	3.339746e-01	3.338630e-01
1.091124046288994e-07	3.314650e-01	3.339796e-01	3.338066e-01
1.092148332003281e-07	3.313706e-01	3.339843e-01	3.337485e-01
1.092585474860425e-07	3.313303e-01	3.339863e-01	3.337244e-01
1.093022617717568e-07	3.312901e-01	3.339882e-01	3.337004e-01
1.093459760574711e-07	3.312499e-01	3.339900e-01	3.336765e-01
1.093896903431855e-07	3.312098e-01	3.339918e-01	3.336528e-01
1.094334046288998e-07	3.311697e-01	3.339936e-01	3.336292e-01
1.094771189146141e-07	3.311296e-01	3.339953e-01	3.336058e-01
1.095208332003285e-07	3.310896e-01	3.339970e-01	3.335826e-01
1.095218332003285e-07	3.310886e-01	3.339971e-01	3.335820e-01
1.096342617717572e-07	3.309858e-01	3.340012e-01	3.335229e-01
1.097466903431859e-07	3.308832e-01	3.340051e-01	3.334666e-01
1.098591189146146e-07	3.307808e-01	3.340089e-01	3.334129e-01
1.099715474860433e-07	3.306785e-01	3.340124e-01	3.333619e-01
1.100839760574720e-07	3.305765e-01	3.340156e-01	3.333136e-01
1.101964046289007e-07	3.304746e-01	3.340187e-01	3.332679e-01
1.103088332003294e-07	3.303729e-01	3.340216e-01	3.332250e-01
1.105458332003296e-07	3.301590e-01	3.340272e-01	3.331467e-01
1.106544046289012e-07	3.300612e-01	3.340295e-01	3.331159e-01
1.107629760574727e-07	3.299635e-01	3.340317e-01	3.330884e-01
1.108715474860443e-07	3.298660e-01	3.340337e-01	3.330642e-01
1.109801189146158e-07	3.297686e-01	3.340357e-01	3.330432e-01
1.110886903431874e-07	3.296712e-01	3.340376e-01	3.330254e-01
1.111972617717589e-07	3.295740e-01	3.340393e-01	3.330110e-01
1.113058332003305e-07	3.294769e-01	3.340409e-01	3.329998e-01
1.113434046289020e-07	3.294433e-01	3.340415e-01	3.329966e-01
1.113809760574734e-07	3.294097e-01	3.340420e-01	3.329938e-01
1.114185474860449e-07	3.293762e-01	3.340425e-01	3.329913e-01
1.114561189146164e-07	3.293426e-01	3.340430e-01	3.329893e-01
1.114936903431879e-07	3.293091e-01	3.340435e-01	3.329876e-01
1.115312617717593e-07	3.292755e-01	3.340440e-01	3.329862e-01
1.115688332003308e-07	3.292420e-01	3.340445e-01	3.329852e-01
1.115698332003308e-07	3.292411e-01	3.340445e-01	3.329852e-01
1.115972617717594e-07	3.292166e-01	3.340448e-01	3.329847e-01
1.116246903431880e-07	3.291922e-01	3.340452e-01	3.329844e-01
1.116521189146166e-07	3.291677e-01	3.340455e-01	3.329843e-01
1.116795474860452e-07	3.291432e-01	3.340458e-01	3.329844e-01
1.117069760574738e-07	3.291188e-01	3.340461e-01	3.329846e-01
1.117344046289024e-07	3.290943e-01	3.340465e-01	3.329851e-01
1.117618332003310e-07	3.290699e-01	3.340468e-01	3.329857e-01
1.117755474860453e-07	3.290576e-01	3.340469e-01	3.329861e-01
1.117892617717596e-07	3.290453e-01	3.340471e-01	3.329865e-01
1.118029760574739e-07	3.290328e-01	3.340472e-01	3.329869e-01
1.118166903431882e-07	3.290203e-01	3.340474e-01	3.329874e-01
1.118304046289025e-07	3.290076e-01	3.340475e-01	3.329880e-01
1.118441189146168e-07	3.289949e-01	3.340476e-01	3.329886e-01
1.118578332003311e-07	3.289821e-01	3.340477e-01	3.329892e-01
1.118874046289026e-07	3.289541e-01	3.340479e-01	3.329908e-01
1.119169760574740e-07	3.289253e-01	3.340480e-01	3.329925e-01
1.119465474860455e-07	3.288958e-01	3.340478e-01	3.329945e-01
1.119761189146170e-07	3.288655e-01	3.340474e-01	3.329966e-01
1.120056903431884e-07	3.288345e-01	3.340469e-01	3.329989e-01
1.120352617717599e-07	3.288028e-01	3.340462e-01	3.330015e-01
1.120648332003314e-07	3.287703e-01	3.340452e-01	3.330042e-01
1.120889760574742e-07	3.287431e-01	3.340442e-01	3.330065e-01
1.121131189146171e-07	3.287155e-01	3.340429e-01	3.330090e-01
1.121372617717600e-07	3.286874e-01	3.340414e-01	3.330116e-01
1.121614046289029e-07	3.286588e-01	3.340396e-01	3.330144e-01
1.121855474860458e-07	3.286298e-01	3.340376e-01	3.330172e-01
1.122096903431887e-07	3.286003e-01	3.340354e-01	3.330202e-01
1.122338332003316e-07	3.285703e-01	3.340329e-01	3.330233e-01
1.122652617717602e-07	3.285307e-01	3.340292e-01	3.330276e-01
1.122966903431888e-07	3.284905e-01	3.340250e-01	3.330320e-01
1.123281189146174e-07	3.284498e-01	3.340204e-01	3.330366e-01
1.123595474860460e-07	3.284087e-01	3.340153e-01	3.330414e-01
1.123909760574746e-07	3.283671e-01	3.340096e-01	3.330464e-01
1.124224046289032e-07	3.283250e-01	3.340036e-01	3.330517e-01
1.124538332003318e-07	3.282824e-01	3.339970e-01	3.330571e-01
1.124736903431890e-07	3.282554e-01	3.339926e-01	3.330606e-01
1.124935474860461e-07	3.282284e-01	3.339881e-01	3.330642e-01
1.125134046289033e-07	3.282012e-01	3.339834e-01	3.330678e-01
1.125332617717605e-07	3.281740e-01	3.339785e-01	3.330716e-01
1.125531189146176e-07	3.281468e-01	3.339735e-01	3.330754e-01
1.125729760574748e-07	3.281195e-01	3.339683e-01	3.330792e-01
1.125928332003320e-07	3.280921e-01	3.339629e-01	3.330832e-01
1.125938332003320e-07	3.280907e-01	3.339627e-01	3.330834e-01
1.126728332003320e-07	3.279805e-01	3.339386e-01	3.330999e-01
1.127518332003321e-07	3.278722e-01	3.339143e-01	3.331174e-01
1.128308332003322e-07	3.277656e-01	3.338898e-01	3.331360e-01
1.129098332003323e-07	3.276609e-01	3.338650e-01	3.331555e-01
1.129888332003324e-07	3.275579e-01	3.338399e-01	3.331761e-01
1.130678332003325e-07	3.274568e-01	3.338147e-01	3.331977e-01
1.131468332003326e-07	3.273574e-01	3.337891e-01	3.332203e-01
1.131955474860469e-07	3.272983e-01	3.337749e-01	3.332346e-01
1.132442617717613e-07	3.272403e-01	3.337617e-01	3.332493e-01
1.132929760574756e-07	3.271835e-01	3.337497e-01	3.332643e-01
1.133416903431900e-07	3.271280e-01	3.337387e-01	3.332795e-01
1.133904046289043e-07	3.270736e-01	3.337289e-01	3.332952e-01
1.134391189146186e-07	3.270204e-01	3.337201e-01	3.333111e-01
1.134878332003330e-07	3.269685e-01	3.337124e-01	3.333274e-01
1.135062617717616e-07	3.269491e-01	3.337099e-01	3.333336e-01
1.135246903431902e-07	3.269299e-01	3.337077e-01	3.333398e-01
1.135431189146188e-07	3.269109e-01	3.337056e-01	3.333461e-01
1.135615474860473e-07	3.268921e-01	3.337038e-01	3.333525e-01
1.135799760574759e-07	3.268734e-01	3.337022e-01	3.333588e-01
1.135984046289045e-07	3.268549e-01	3.337008e-01	3.333653e-01
1.136168332003331e-07	3.268366e-01	3.336996e-01	3.333717e-01
1.136178332003331e-07	3.268356e-01	3.336996e-01	3.333721e-01
1.136449760574760e-07	3.268089e-01	3.336983e-01	3.333817e-01
1.136721189146189e-07	3.267825e-01	3.336975e-01	3.333913e-01
1.136992617717618e-07	3.267564e-01	3.336972e-01	3.334011e-01
1.137264046289047e-07	3.267307e-01	3.336974e-01	3.334109e-01
1.137535474860476e-07	3.267053e-01	3.336981e-01	3.334209e-01
1.137806903431905e-07	3.266803e-01	3.336993e-01	3.334309e-01
1.138078332003333e-07	3.266555e-01	3.337010e-01	3.334410e-01
1.138531189146191e-07	3.266150e-01	3.337051e-01	3.334580e-01
1.138984046289049e-07	3.265752e-01	3.337106e-01	3.334752e-01
1.139436903431906e-07	3.265362e-01	3.337176e-01	3.334926e-01
1.139889760574764e-07	3.264979e-01	3.337261e-01	3.335102e-01
1.140342617717622e-07	3.264603e-01	3.337360e-01	3.335280e-01
1.140795474860479e-07	3.264234e-01	3.337473e-01	3.335460e-01
1.141248332003337e-07	3.263873e-01	3.337601e-01	3.335642e-01
1.141985474860481e-07	3.263300e-01	3.337844e-01	3.335943e-01
1.142722617717624e-07	3.262738e-01	3.338118e-01	3.336248e-01
1.143459760574768e-07	3.262187e-01	3.338424e-01	3.336557e-01
1.144196903431912e-07	3.261647e-01	3.338762e-01	3.336870e-01
1.144934046289055e-07	3.261118e-01	3.339132e-01	3.337188e-01
1.145671189146199e-07	3.260599e-01	3.339534e-01	3.337510e-01
1.146408332003343e-07	3.260092e-01	3.339967e-01	3.337837e-01
1.146418332003343e-07	3.260085e-01	3.339973e-01	3.337841e-01
1.146841189146200e-07	3.259796e-01	3.340232e-01	3.338030e-01
1.147264046289058e-07	3.259507e-01	3.340497e-01	3.338220e-01
1.147686903431916e-07	3.259221e-01	3.340769e-01	3.338411e-01
1.148109760574773e-07	3.258935e-01	3.341047e-01	3.338603e-01
1.148532617717631e-07	3.258651e-01	3.341332e-01	3.338796e-01
1.148955474860488e-07	3.258368e-01	3.341624e-01	3.338991e-01
1.149378332003346e-07	3.258087e-01	3.341922e-01	3.339187e-01
1.149398332003346e-07	3.258074e-01	3.341936e-01	3.339196e-01
1.149428332003346e-07	3.258054e-01	3.341957e-01	3.339210e-01
1.149458332003346e-07	3.258034e-01	3.341979e-01	3.339224e-01
1.149488332003346e-07	3.258014e-01	3.342000e-01	3.339238e-01
1.149518332003346e-07	3.257994e-01	3.342021e-01	3.339252e-01
1.149548332003346e-07	3.257974e-01	3.342043e-01	3.339266e-01
1.149578332003346e-07	3.257954e-01	3.342064e-01	3.339280e-01
1.149608332003346e-07	3.257934e-01	3.342085e-01	3.339294e-01
1.149822617717632e-07	3.257791e-01	3.342240e-01	3.339393e-01
1.150036903431918e-07	3.257649e-01	3.342391e-01	3.339494e-01
1.150251189146204e-07	3.257507e-01	3.342537e-01	3.339594e-01
1.150465474860490e-07	3.257365e-01	3.342680e-01	3.339694e-01
1.150679760574776e-07	3.257223e-01	3.342819e-01	3.339795e-01
1.150894046289062e-07	3.257081e-01	3.342954e-01	3.339896e-01
1.151108332003348e-07	3.256939e-01	3.343085e-01	3.339998e-01
1.151334046289063e-07	3.256790e-01	3.343215e-01	3.340105e-01
1.151559760574777e-07	3.256640e-01	3.343336e-01	3.340212e-01
1.151785474860492e-07	3.256491e-01	3.343449e-01	3.340319e-01
1.152011189146206e-07	3.256342e-01	3.343554e-01	3.340427e-01
1.152236903431921e-07	3.256193e-01	3.343651e-01	3.340535e-01
1.152462617717635e-07	3.256044e-01	3.343739e-01	3.340644e-01
1.152688332003350e-07	3.255894e-01	3.343818e-01	3.340752e-01
1.152896903431922e-07	3.255757e-01	3.343883e-01	3.340853e-01
1.153105474860493e-07	3.255619e-01	3.343941e-01	3.340953e-01
1.153314046289065e-07	3.255482e-01	3.343992e-01	3.341054e-01
1.153522617717637e-07	3.255344e-01	3.344035e-01	3.341156e-01
1.153731189146208e-07	3.255207e-01	3.344072e-01	3.341257e-01
1.153939760574780e-07	3.255070e-01	3.344101e-01	3.341359e-01
1.154148332003352e-07	3.254932e-01	3.344123e-01	3.341461e-01
1.154262617717637e-07	3.254857e-01	3.344133e-01	3.341516e-01
1.154376903431923e-07	3.254782e-01	3.344140e-01	3.341572e-01
1.154491189146209e-07	3.254707e-01	3.344146e-01	3.341628e-01
1.154605474860495e-07	3.254632e-01	3.344150e-01	3.341684e-01
1.154719760574781e-07	3.254558e-01	3.344152e-01	3.341740e-01
1.154834046289067e-07	3.254483e-01	3.344152e-01	3.341796e-01
1.154948332003352e-07	3.254409e-01	3.344150e-01	3.341853e-01
1.155191189146210e-07	3.254250e-01	3.344140e-01	3.341972e-01
1.155434046289067e-07	3.254092e-01	3.344124e-01	3.342092e-01
1.155676903431925e-07	3.253935e-01	3.344102e-01	3.342212e-01
1.155919760574782e-07	3.253779e-01	3.344074e-01	3.342333e-01
1.156162617717640e-07	3.253623e-01	3.344040e-01	3.342453e-01
1.156405474860497e-07	3.253468e-01	3.343999e-01	3.342574e-01
1.156648332003354e-07	3.253313e-01	3.343953e-01	3.342695e-01
1.156658332003354e-07	3.253307e-01	3.343951e-01	3.342700e-01
1.157068332003355e-07	3.253047e-01	3.343859e-01	3.342905e-01
1.157478332003355e-07	3.252792e-01	3.343762e-01	3.343110e-01
1.157888332003356e-07	3.252540e-01	3.343659e-01	3.343316e-01
1.158298332003356e-07	3.252292e-01	3.343551e-01	3.343523e-01
1.158708332003357e-07	3.252048e-01	3.343438e-01	3.343731e-01
1.159118332003357e-07	3.251808e-01	3.343319e-01	3.343939e-01
1.159528332003358e-07	3.251572e-01	3.343195e-01	3.344147e-01
1.159899760574787e-07	3.251363e-01	3.343085e-01	3.344337e-01
1.160271189146216e-07	3.251159e-01	3.342980e-01	3.344526e-01
1.160642617717645e-07	3.250962e-01	3.342879e-01	3.344717e-01
1.161014046289074e-07	3.250769e-01	3.342782e-01	3.344907e-01
1.161385474860503e-07	3.250583e-01	3.342689e-01	3.345098e-01
1.161756903431932e-07	3.250402e-01	3.342601e-01	3.345290e-01
1.162128332003361e-07	3.250226e-01	3.342516e-01	3.345481e-01
1.162442617717647e-07	3.250083e-01	3.342452e-01	3.345644e-01
1.162756903431933e-07	3.249946e-01	3.342393e-01	3.345807e-01
1.163071189146219e-07	3.249814e-01	3.342340e-01	3.345970e-01
1.163385474860505e-07	3.249688e-01	3.342293e-01	3.346134e-01
1.163699760574791e-07	3.249566e-01	3.342252e-01	3.346298e-01
1.164014046289077e-07	3.249451e-01	3.342216e-01	3.346462e-01
1.164328332003363e-07	3.249341e-01	3.342187e-01	3.346626e-01
1.164512617717649e-07	3.249279e-01	3.342173e-01	3.346722e-01
1.164696903431935e-07	3.249220e-01	3.342162e-01	3.346819e-01
1.164881189146221e-07	3.249162e-01	3.342152e-01	3.346915e-01
1.165065474860507e-07	3.249107e-01	3.342145e-01	3.347012e-01
1.165249760574793e-07	3.249054e-01	3.342141e-01	3.347109e-01
1.165434046289079e-07	3.249004e-01	3.342139e-01	3.347205e-01
1.165618332003365e-07	3.248955e-01	3.342139e-01	3.347302e-01
1.165799760574793e-07	3.248909e-01	3.342141e-01	3.347398e-01
1.165981189146222e-07	3.248866e-01	3.342146e-01	3.347493e-01
1.166162617717651e-07	3.248825e-01	3.342152e-01	3.347589e-01
1.166344046289080e-07	3.248787e-01	3.342162e-01	3.347685e-01
1.166525474860508e-07	3.248750e-01	3.342173e-01	3.347780e-01
1.166706903431937e-07	3.248716e-01	3.342186e-01	3.347876e-01
1.166888332003366e-07	3.248684e-01	3.342202e-01	3.347972e-01
1.166898332003366e-07	3.248683e-01	3.342203e-01	3.347977e-01
1.167219760574795e-07	3.248633e-01	3.342237e-01	3.348147e-01
1.167541189146224e-07	3.248590e-01	3.342278e-01	3.348318e-01
1.167862617717653e-07	3.248555e-01	3.342325e-01	3.348488e-01
1.168184046289082e-07	3.248529e-01	3.342379e-01	3.348659e-01
1.168505474860511e-07	3.248510e-01	3.342439e-01	3.348830e-01
1.168826903431940e-07	3.248499e-01	3.342506e-01	3.349001e-01
1.169148332003369e-07	3.248495e-01	3.342579e-01	3.349172e-01
1.169531189146226e-07	3.248502e-01	3.342675e-01	3.349376e-01
1.169914046289084e-07	3.248521e-01	3.342778e-01	3.349581e-01
1.170296903431941e-07	3.248551e-01	3.342888e-01	3.349786e-01
1.170679760574799e-07	3.248593e-01	3.343006e-01	3.349991e-01
1.171062617717656e-07	3.248647e-01	3.343131e-01	3.350196e-01
1.171445474860514e-07	3.248713e-01	3.343263e-01	3.350401e-01
1.171828332003372e-07	3.248791e-01	3.343403e-01	3.350607e-01
1.172585474860515e-07	3.248981e-01	3.343702e-01	3.351015e-01
1.173342617717659e-07	3.249217e-01	3.344015e-01	3.351423e-01
1.174099760574803e-07	3.249500e-01	3.344341e-01	3.351832e-01
1.174856903431947e-07	3.249828e-01	3.344681e-01	3.352242e-01
1.175614046289090e-07	3.250203e-01	3.345035e-01	3.352652e-01
1.176371189146234e-07	3.250624e-01	3.345403e-01	3.353064e-01
1.177128332003378e-07	3.251091e-01	3.345784e-01	3.353476e-01
1.177138332003378e-07	3.251097e-01	3.345789e-01	3.353481e-01
1.178095474860522e-07	3.251755e-01	3.346276e-01	3.354003e-01
1.179052617717666e-07	3.252475e-01	3.346757e-01	3.354526e-01
1.180009760574809e-07	3.253255e-01	3.347230e-01	3.355049e-01
1.180966903431953e-07	3.254096e-01	3.347697e-01	3.355573e-01
1.181924046289097e-07	3.254999e-01	3.348156e-01	3.356098e-01
1.182881189146241e-07	3.255962e-01	3.348608e-01	3.356624e-01
1.183838332003385e-07	3.256987e-01	3.349053e-01	3.357150e-01
1.184342617717672e-07	3.257544e-01	3.349277e-01	3.357428e-01
1.184846903431958e-07	3.258114e-01	3.349495e-01	3.357706e-01
1.185351189146244e-07	3.258696e-01	3.349708e-01	3.357984e-01
1.185855474860530e-07	3.259291e-01	3.349915e-01	3.358262e-01
1.186359760574817e-07	3.259898e-01	3.350117e-01	3.358540e-01
1.186864046289103e-07	3.260517e-01	3.350313e-01	3.358818e-01
1.187368332003389e-07	3.261148e-01	3.350504e-01	3.359097e-01
1.187378332003389e-07	3.261161e-01	3.350508e-01	3.359102e-01
1.188398332003390e-07	3.262477e-01	3.350874e-01	3.359666e-01
1.189418332003392e-07	3.263823e-01	3.351214e-01	3.360230e-01
1.190438332003393e-07	3.265198e-01	3.351528e-01	3.360795e-01
1.191458332003394e-07	3.266601e-01	3.351815e-01	3.361360e-01
1.192478332003395e-07	3.268034e-01	3.352077e-01	3.361926e-01
1.193498332003396e-07	3.269495e-01	3.352312e-01	3.362492e-01
1.194518332003397e-07	3.270986e-01	3.352522e-01	3.363058e-01
1.194959760574826e-07	3.271632e-01	3.352605e-01	3.363304e-01
1.195401189146255e-07	3.272281e-01	3.352683e-01	3.363549e-01
1.195842617717684e-07	3.272932e-01	3.352757e-01	3.363794e-01
1.196284046289114e-07	3.273584e-01	3.352826e-01	3.364040e-01
1.196725474860543e-07	3.274239e-01	3.352892e-01	3.364285e-01
1.197166903431972e-07	3.274895e-01	3.352952e-01	3.364531e-01
1.197608332003401e-07	3.275554e-01	3.353009e-01	3.364776e-01
1.197618332003401e-07	3.275568e-01	3.353010e-01	3.364781e-01
1.199079760574831e-07	3.277770e-01	3.353159e-01	3.365595e-01
1.200541189146261e-07	3.279957e-01	3.353273e-01	3.366408e-01
1.202002617717691e-07	3.282128e-01	3.353353e-01	3.367222e-01
1.203464046289122e-07	3.284284e-01	3.353399e-01	3.368037e-01
1.204925474860552e-07	3.286424e-01	3.353409e-01	3.368852e-01
1.206386903431982e-07	3.288550e-01	3.353385e-01	3.369667e-01
1.207848332003412e-07	3.290659e-01	3.353327e-01	3.370482e-01
1.207858332003412e-07	3.290673e-01	3.353327e-01	3.370488e-01
1.208321189146270e-07	3.291329e-01	3.353305e-01	3.370745e-01
1.208784046289128e-07	3.291981e-01	3.353282e-01	3.371003e-01
1.209246903431986e-07	3.292629e-01	3.353257e-01	3.371262e-01
1.209709760574843e-07	3.293273e-01	3.353230e-01	3.371522e-01
1.210172617717701e-07	3.293913e-01	3.353200e-01	3.371783e-01
1.210635474860559e-07	3.294549e-01	3.353169e-01	3.372044e-01
1.211098332003416e-07	3.295180e-01	3.353135e-01	3.372307e-01
1.211734046289131e-07	3.296041e-01	3.353086e-01	3.372670e-01
1.212369760574846e-07	3.296892e-01	3.353035e-01	3.373049e-01
1.213005474860561e-07	3.297734e-01	3.352981e-01	3.373443e-01
1.213641189146276e-07	3.298566e-01	3.352924e-01	3.373852e-01
1.214276903431991e-07	3.299390e-01	3.352865e-01	3.374276e-01
1.214912617717706e-07	3.300204e-01	3.352803e-01	3.374715e-01
1.215548332003421e-07	3.301010e-01	3.352739e-01	3.375170e-01
1.215911189146279e-07	3.301464e-01	3.352702e-01	3.375440e-01
1.216274046289136e-07	3.301916e-01	3.352664e-01	3.375718e-01
1.216636903431994e-07	3.302364e-01	3.352626e-01	3.376002e-01
1.216999760574851e-07	3.302809e-01	3.352587e-01	3.376292e-01
1.217362617717709e-07	3.303251e-01	3.352547e-01	3.376589e-01
1.217725474860567e-07	3.303689e-01	3.352508e-01	3.376892e-01
1.218088332003424e-07	3.304124e-01	3.352467e-01	3.377202e-01
1.218098332003424e-07	3.304136e-01	3.352466e-01	3.377210e-01
1.219559760574854e-07	3.305854e-01	3.352296e-01	3.378571e-01
1.221021189146284e-07	3.307516e-01	3.352124e-01	3.379962e-01
1.222482617717715e-07	3.309121e-01	3.351951e-01	3.381384e-01
1.223944046289145e-07	3.310670e-01	3.351776e-01	3.382836e-01
1.225405474860575e-07	3.312163e-01	3.351599e-01	3.384319e-01
1.226866903432006e-07	3.313599e-01	3.351420e-01	3.385833e-01
1.228328332003436e-07	3.314980e-01	3.351239e-01	3.387378e-01
1.228338332003436e-07	3.314989e-01	3.351238e-01	3.387388e-01
1.229406903432008e-07	3.315962e-01	3.351108e-01	3.388462e-01
1.230475474860581e-07	3.316906e-01	3.350980e-01	3.389502e-01
1.231544046289154e-07	3.317823e-01	3.350854e-01	3.390507e-01
1.232612617717726e-07	3.318711e-01	3.350729e-01	3.391478e-01
1.233681189146299e-07	3.319571e-01	3.350607e-01	3.392413e-01
1.234749760574872e-07	3.320402e-01	3.350486e-01	3.393314e-01
1.235818332003444e-07	3.321206e-01	3.350366e-01	3.394180e-01
1.238578332003447e-07	3.323161e-01	3.350070e-01	3.396214e-01
1.239122617717734e-07	3.323527e-01	3.350014e-01	3.396584e-01
1.239666903432020e-07	3.323885e-01	3.349958e-01	3.396944e-01
1.240211189146306e-07	3.324238e-01	3.349903e-01	3.397294e-01
1.240755474860593e-07	3.324585e-01	3.349848e-01	3.397634e-01
1.241299760574879e-07	3.324925e-01	3.349795e-01	3.397965e-01
1.241844046289165e-07	3.325258e-01	3.349741e-01	3.398287e-01
1.242388332003452e-07	3.325586e-01	3.349689e-01	3.398598e-01
1.243136903432024e-07	3.326026e-01	3.349618e-01	3.399021e-01
1.243885474860596e-07	3.326456e-01	3.349549e-01	3.399403e-01
1.244634046289169e-07	3.326875e-01	3.349481e-01	3.399747e-01
1.245382617717741e-07	3.327283e-01	3.349414e-01	3.400051e-01
1.246131189146313e-07	3.327681e-01	3.349348e-01	3.400315e-01
1.246879760574885e-07	3.328068e-01	3.349284e-01	3.400540e-01
1.247628332003458e-07	3.328444e-01	3.349221e-01	3.400726e-01
1.247796903432029e-07	3.328527e-01	3.349207e-01	3.400757e-01
1.247965474860601e-07	3.328610e-01	3.349194e-01	3.400785e-01
1.248134046289173e-07	3.328693e-01	3.349180e-01	3.400810e-01
1.248302617717744e-07	3.328775e-01	3.349166e-01	3.400833e-01
1.248471189146316e-07	3.328856e-01	3.349152e-01	3.400852e-01
1.248639760574887e-07	3.328937e-01	3.349138e-01	3.400868e-01
1.248808332003459e-07	3.329017e-01	3.349125e-01	3.400881e-01
1.248818332003459e-07	3.329022e-01	3.349124e-01	3.400882e-01
1.249021189146316e-07	3.329118e-01	3.349108e-01	3.400893e-01
1.249224046289174e-07	3.329214e-01	3.349092e-01	3.400900e-01
1.249426903432031e-07	3.329309e-01	3.349076e-01	3.400902e-01
1.249629760574888e-07	3.329403e-01	3.349060e-01	3.400900e-01
1.249832617717746e-07	3.329496e-01	3.349044e-01	3.400892e-01
1.250035474860603e-07	3.329589e-01	3.349028e-01	3.400880e-01
1.250238332003461e-07	3.329681e-01	3.349013e-01	3.400863e-01
1.250665474860604e-07	3.329872e-01	3.348980e-01	3.400812e-01
1.251092617717747e-07	3.330060e-01	3.348948e-01	3.400738e-01
1.251519760574891e-07	3.330246e-01	3.348916e-01	3.400643e-01
1.251946903432034e-07	3.330429e-01	3.348885e-01	3.400525e-01
1.252374046289177e-07	3.330609e-01	3.348854e-01	3.400386e-01
1.252801189146321e-07	3.330786e-01	3.348823e-01	3.400224e-01
1.253228332003464e-07	3.330960e-01	3.348793e-01	3.400041e-01
1.254036903432036e-07	3.331281e-01	3.348737e-01	3.399627e-01
1.254845474860609e-07	3.331594e-01	3.348683e-01	3.399143e-01
1.255654046289181e-07	3.331897e-01	3.348630e-01	3.398589e-01
1.256462617717753e-07	3.332191e-01	3.348578e-01	3.397965e-01
1.257271189146326e-07	3.332476e-01	3.348528e-01	3.397270e-01
1.258079760574898e-07	3.332752e-01	3.348479e-01	3.396506e-01
1.258888332003470e-07	3.333019e-01	3.348432e-01	3.395671e-01
1.259058332003471e-07	3.333074e-01	3.348422e-01	3.395489e-01
1.260519760574901e-07	3.333531e-01	3.348340e-01	3.393769e-01
1.261981189146331e-07	3.333965e-01	3.348262e-01	3.391948e-01
1.263442617717761e-07	3.334377e-01	3.348188e-01	3.390026e-01
1.264904046289192e-07	3.334766e-01	3.348117e-01	3.388004e-01
1.266365474860622e-07	3.335132e-01	3.348051e-01	3.385880e-01
1.267826903432052e-07	3.335475e-01	3.347988e-01	3.383656e-01
1.269288332003482e-07	3.335796e-01	3.347929e-01	3.381332e-01
1.269298332003482e-07	3.335798e-01	3.347928e-01	3.381316e-01
1.270759760574912e-07	3.336100e-01	3.347872e-01	3.378995e-01
1.272221189146343e-07	3.336387e-01	3.347819e-01	3.376701e-01
1.273682617717773e-07	3.336658e-01	3.347769e-01	3.374437e-01
1.275144046289203e-07	3.336914e-01	3.347721e-01	3.372201e-01
1.276605474860633e-07	3.337154e-01	3.347676e-01	3.369993e-01
1.278066903432064e-07	3.337378e-01	3.347634e-01	3.367814e-01
1.279528332003494e-07	3.337587e-01	3.347594e-01	3.365664e-01
1.279538332003494e-07	3.337588e-01	3.347594e-01	3.365650e-01
1.280999760574924e-07	3.337784e-01	3.347557e-01	3.363583e-01
1.282461189146354e-07	3.337970e-01	3.347522e-01	3.361592e-01
1.283922617717784e-07	3.338145e-01	3.347488e-01	3.359675e-01
1.285384046289215e-07	3.338310e-01	3.347457e-01	3.357834e-01
1.286845474860645e-07	3.338465e-01	3.347428e-01	3.356067e-01
1.288306903432075e-07	3.338609e-01	3.347400e-01	3.354376e-01
1.289768332003505e-07	3.338742e-01	3.347374e-01	3.352759e-01
1.289778332003505e-07	3.338743e-01	3.347374e-01	3.352748e-01
1.291239760574936e-07	3.338869e-01	3.347350e-01	3.351220e-01
1.292701189146366e-07	3.338987e-01	3.347328e-01	3.349764e-01
1.294162617717796e-07	3.339099e-01	3.347306e-01	3.348381e-01
1.295624046289226e-07	3.339204e-01	3.347286e-01	3.347072e-01
1.297085474860657e-07	3.339302e-01	3.347267e-01	3.345836e-01
1.298546903432087e-07	3.339393e-01	3.347249e-01	3.344673e-01
1.300008332003517e-07	3.339477e-01	3.347233e-01	3.343584e-01
1.300018332003517e-07	3.339478e-01	3.347233e-01	3.343576e-01
1.300044046289231e-07	3.339479e-01	3.347232e-01	3.343558e-01
1.300069760574946e-07	3.339481e-01	3.347232e-01	3.343539e-01
1.300095474860660e-07	3.339482e-01	3.347232e-01	3.343521e-01
1.300121189146374e-07	3.339484e-01	3.347232e-01	3.343502e-01
1.300146903432089e-07	3.339485e-01	3.347231e-01	3.343483e-01
1.300172617717803e-07	3.339486e-01	3.347231e-01	3.343465e-01
1.300198332003517e-07	3.339488e-01	3.347231e-01	3.343446e-01
1.300246903432089e-07	3.339491e-01	3.347230e-01	3.343411e-01
1.300295474860660e-07	3.339493e-01	3.347230e-01	3.343376e-01
1.300344046289232e-07	3.339496e-01	3.347230e-01	3.343341e-01
1.300392617717803e-07	3.339498e-01	3.347229e-01	3.343307e-01
1.300441189146375e-07	3.339501e-01	3.347229e-01	3.343272e-01
1.300489760574946e-07	3.339504e-01	3.347229e-01	3.343237e-01
1.300538332003518e-07	3.339507e-01	3.347228e-01	3.343203e-01
1.300588332003518e-07	3.339509e-01	3.347229e-01	3.343167e-01
1.300638332003518e-07	3.339512e-01	3.347229e-01	3.343132e-01
1.300688332003518e-07	3.339515e-01	3.347229e-01	3.343096e-01
1.300738332003518e-07	3.339518e-01	3.347230e-01	3.343061e-01
1.300788332003518e-07	3.339520e-01	3.347230e-01	3.343026e-01
1.300838332003518e-07	3.339523e-01	3.347231e-01	3.342991e-01
1.300888332003518e-07	3.339526e-01	3.347232e-01	3.342956e-01
1.300966903432090e-07	3.339530e-01	3.347234e-01	3.342901e-01
1.301045474860661e-07	3.339534e-01	3.347237e-01	3.342846e-01
1.301124046289233e-07	3.339539e-01	3.347240e-01	3.342792e-01
1.301202617717804e-07	3.339543e-01	3.347244e-01	3.342738e-01
1.301281189146375e-07	3.339547e-01	3.347248e-01	3.342683e-01
1.301359760574947e-07	3.339551e-01	3.347253e-01	3.342629e-01
1.301438332003519e-07	3.339555e-01	3.347259e-01	3.342575e-01
1.301559760574947e-07	3.339562e-01	3.347269e-01	3.342493e-01
1.301681189146376e-07	3.339568e-01	3.347280e-01	3.342410e-01
1.301802617717805e-07	3.339574e-01	3.347294e-01	3.342328e-01
1.301924046289234e-07	3.339580e-01	3.347309e-01	3.342247e-01
1.302045474860662e-07	3.339587e-01	3.347326e-01	3.342166e-01
1.302166903432091e-07	3.339593e-01	3.347344e-01	3.342085e-01
1.302288332003520e-07	3.339599e-01	3.347365e-01	3.342005e-01
1.302485474860663e-07	3.339609e-01	3.347402e-01	3.341875e-01
1.302682617717806e-07	3.339618e-01	3.347443e-01	3.341747e-01
1.302879760574949e-07	3.339628e-01	3.347488e-01	3.341620e-01
1.303076903432092e-07	3.339637e-01	3.347537e-01	3.341494e-01
1.303274046289235e-07	3.339646e-01	3.347589e-01	3.341369e-01
1.303471189146378e-07	3.339654e-01	3.347646e-01	3.341245e-01
1.303668332003521e-07	3.339663e-01	3.347706e-01	3.341122e-01
1.303954046289236e-07	3.339674e-01	3.347800e-01	3.340946e-01
1.304239760574950e-07	3.339685e-01	3.347896e-01	3.340772e-01
1.304525474860665e-07	3.339694e-01	3.347994e-01	3.340600e-01
1.304811189146379e-07	3.339703e-01	3.348093e-01	3.340431e-01
1.305096903432094e-07	3.339710e-01	3.348194e-01	3.340263e-01
1.305382617717809e-07	3.339716e-01	3.348297e-01	3.340098e-01
1.305668332003523e-07	3.339721e-01	3.348401e-01	3.339935e-01
1.305956903432095e-07	3.339724e-01	3.348504e-01	3.339772e-01
1.306245474860667e-07	3.339725e-01	3.348600e-01	3.339611e-01
1.306534046289239e-07	3.339724e-01	3.348689e-01	3.339453e-01
1.306822617717810e-07	3.339721e-01	3.348772e-01	3.339296e-01
1.307111189146382e-07	3.339716e-01	3.348849e-01	3.339142e-01
1.307399760574954e-07	3.339708e-01	3.348919e-01	3.338990e-01
1.307688332003526e-07	3.339698e-01	3.348983e-01	3.338839e-01
1.307869760574954e-07	3.339691e-01	3.349017e-01	3.338746e-01
1.308051189146383e-07	3.339682e-01	3.349047e-01	3.338653e-01
1.308232617717812e-07	3.339671e-01	3.349072e-01	3.338561e-01
1.308414046289241e-07	3.339660e-01	3.349093e-01	3.338470e-01
1.308595474860670e-07	3.339647e-01	3.349110e-01	3.338379e-01
1.308776903432098e-07	3.339633e-01	3.349122e-01	3.338290e-01
1.308958332003527e-07	3.339618e-01	3.349130e-01	3.338201e-01
1.309061189146384e-07	3.339609e-01	3.349132e-01	3.338151e-01
1.309164046289242e-07	3.339599e-01	3.349133e-01	3.338101e-01
1.309266903432099e-07	3.339589e-01	3.349132e-01	3.338051e-01
1.309369760574956e-07	3.339578e-01	3.349129e-01	3.338002e-01
1.309472617717813e-07	3.339567e-01	3.349125e-01	3.337953e-01
1.309575474860671e-07	3.339555e-01	3.349119e-01	3.337904e-01
1.309678332003528e-07	3.339543e-01	3.349111e-01	3.337855e-01
1.309759760574957e-07	3.339533e-01	3.349104e-01	3.337817e-01
1.309841189146385e-07	3.339523e-01	3.349096e-01	3.337779e-01
1.309922617717814e-07	3.339513e-01	3.349087e-01	3.337740e-01
1.310004046289243e-07	3.339502e-01	3.349077e-01	3.337703e-01
1.310085474860671e-07	3.339491e-01	3.349065e-01	3.337665e-01
1.310166903432100e-07	3.339479e-01	3.349053e-01	3.337627e-01
1.310248332003529e-07	3.339467e-01	3.349039e-01	3.337590e-01
1.310258332003529e-07	3.339466e-01	3.349037e-01	3.337585e-01
1.310574046289243e-07	3.339417e-01	3.348974e-01	3.337441e-01
1.310889760574958e-07	3.339363e-01	3.348895e-01	3.337299e-01
1.311205474860673e-07	3.339304e-01	3.348799e-01	3.337160e-01
1.311521189146387e-07	3.339239e-01	3.348687e-01	3.337022e-01
1.311836903432102e-07	3.339169e-01	3.348559e-01	3.336886e-01
1.312152617717816e-07	3.339093e-01	3.348414e-01	3.336753e-01
1.312468332003531e-07	3.339013e-01	3.348254e-01	3.336622e-01
1.313074046289246e-07	3.338841e-01	3.347894e-01	3.336375e-01
1.313679760574961e-07	3.338647e-01	3.347488e-01	3.336135e-01
1.314285474860676e-07	3.338431e-01	3.347038e-01	3.335902e-01
1.314891189146391e-07	3.338194e-01	3.346542e-01	3.335676e-01
1.315496903432106e-07	3.337934e-01	3.346001e-01	3.335456e-01
1.316102617717821e-07	3.337652e-01	3.345415e-01	3.335243e-01
1.316708332003536e-07	3.337349e-01	3.344784e-01	3.335036e-01
1.317248332003537e-07	3.337059e-01	3.344197e-01	3.334857e-01
1.317788332003537e-07	3.336753e-01	3.343598e-01	3.334683e-01
1.318328332003538e-07	3.336433e-01	3.342986e-01	3.334512e-01
1.318868332003538e-07	3.336098e-01	3.342361e-01	3.334347e-01
1.319408332003539e-07	3.335748e-01	3.341724e-01	3.334186e-01
1.319948332003540e-07	3.335382e-01	3.341075e-01	3.334029e-01
1.320488332003540e-07	3.335001e-01	3.340413e-01	3.333877e-01
1.320498332003540e-07	3.334994e-01	3.340400e-01	3.333874e-01
1.321299760574970e-07	3.334401e-01	3.339410e-01	3.333656e-01
1.322101189146399e-07	3.333790e-01	3.338441e-01	3.333446e-01
1.322902617717829e-07	3.333161e-01	3.337494e-01	3.333243e-01
1.323704046289258e-07	3.332514e-01	3.336567e-01	3.333049e-01
1.324505474860688e-07	3.331850e-01	3.335662e-01	3.332863e-01
1.325306903432117e-07	3.331168e-01	3.334778e-01	3.332685e-01
1.326108332003547e-07	3.330469e-01	3.333915e-01	3.332514e-01
1.326768332003547e-07	3.329890e-01	3.333243e-01	3.332379e-01
1.327428332003548e-07	3.329311e-01	3.332602e-01	3.332248e-01
1.328088332003549e-07	3.328734e-01	3.331992e-01	3.332121e-01
1.328748332003550e-07	3.328158e-01	3.331412e-01	3.331999e-01
1.329408332003550e-07	3.327583e-01	3.330863e-01	3.331880e-01
1.330068332003551e-07	3.327009e-01	3.330345e-01	3.331766e-01
1.330728332003552e-07	3.326435e-01	3.329858e-01	3.331656e-01
1.330738332003552e-07	3.326427e-01	3.329851e-01	3.331654e-01
1.332258332003554e-07	3.325141e-01	3.328859e-01	3.331414e-01
1.332278332003554e-07	3.325125e-01	3.328845e-01	3.331411e-01
1.332298332003554e-07	3.325108e-01	3.328835e-01	3.331409e-01
1.332579760574982e-07	3.324873e-01	3.328670e-01	3.331366e-01
1.332861189146411e-07	3.324644e-01	3.328511e-01	3.331325e-01
1.333142617717840e-07	3.324421e-01	3.328359e-01	3.331284e-01
1.333424046289269e-07	3.324205e-01	3.328213e-01	3.331243e-01
1.333705474860698e-07	3.323995e-01	3.328073e-01	3.331203e-01
1.333986903432127e-07	3.323791e-01	3.327940e-01	3.331164e-01
1.334268332003556e-07	3.323593e-01	3.327812e-01	3.331126e-01
1.334599760574985e-07	3.323374e-01	3.327671e-01	3.331081e-01
1.334931189146414e-07	3.323168e-01	3.327540e-01	3.331037e-01
1.335262617717843e-07	3.322975e-01	3.327420e-01	3.330994e-01
1.335594046289272e-07	3.322796e-01	3.327311e-01	3.330951e-01
1.335925474860701e-07	3.322629e-01	3.327212e-01	3.330910e-01
1.336256903432130e-07	3.322476e-01	3.327125e-01	3.330869e-01
1.336588332003558e-07	3.322335e-01	3.327048e-01	3.330829e-01
1.336834046289273e-07	3.322240e-01	3.326998e-01	3.330799e-01
1.337079760574988e-07	3.322151e-01	3.326956e-01	3.330770e-01
1.337325474860702e-07	3.322068e-01	3.326919e-01	3.330742e-01
1.337571189146417e-07	3.321991e-01	3.326889e-01	3.330713e-01
1.337816903432131e-07	3.321921e-01	3.326865e-01	3.330686e-01
1.338062617717846e-07	3.321857e-01	3.326848e-01	3.330658e-01
1.338308332003560e-07	3.321798e-01	3.326837e-01	3.330631e-01
1.338452617717846e-07	3.321767e-01	3.326834e-01	3.330615e-01
1.338596903432132e-07	3.321737e-01	3.326833e-01	3.330600e-01
1.338741189146418e-07	3.321709e-01	3.326834e-01	3.330584e-01
1.338885474860704e-07	3.321682e-01	3.326836e-01	3.330569e-01
1.339029760574990e-07	3.321657e-01	3.326842e-01	3.330554e-01
1.339174046289276e-07	3.321634e-01	3.326849e-01	3.330538e-01
1.339318332003562e-07	3.321612e-01	3.326858e-01	3.330523e-01
1.339554046289276e-07	3.321581e-01	3.326878e-01	3.330499e-01
1.339789760574991e-07	3.321553e-01	3.326903e-01	3.330475e-01
1.340025474860705e-07	3.321527e-01	3.326932e-01	3.330451e-01
1.340261189146420e-07	3.321506e-01	3.326967e-01	3.330428e-01
1.340496903432134e-07	3.321487e-01	3.327007e-01	3.330405e-01
1.340732617717849e-07	3.321472e-01	3.327052e-01	3.330382e-01
1.340968332003563e-07	3.321460e-01	3.327101e-01	3.330359e-01
1.340978332003563e-07	3.321460e-01	3.327104e-01	3.330359e-01
1.341156903432135e-07	3.321452e-01	3.327144e-01	3.330342e-01
1.341335474860707e-07	3.321446e-01	3.327187e-01	3.330325e-01
1.341514046289278e-07	3.321441e-01	3.327233e-01	3.330308e-01
1.341692617717850e-07	3.321437e-01	3.327280e-01	3.330292e-01
1.341871189146422e-07	3.321435e-01	3.327330e-01	3.330276e-01
1.342049760574993e-07	3.321433e-01	3.327382e-01	3.330260e-01
1.342228332003565e-07	3.321433e-01	3.327436e-01	3.330244e-01
1.342389760574994e-07	3.321433e-01	3.327487e-01	3.330230e-01
1.342551189146422e-07	3.321434e-01	3.327539e-01	3.330216e-01
1.342712617717851e-07	3.321435e-01	3.327593e-01	3.330202e-01
1.342874046289280e-07	3.321437e-01	3.327648e-01	3.330188e-01
1.343035474860709e-07	3.321440e-01	3.327704e-01	3.330174e-01
1.343196903432137e-07	3.321443e-01	3.327762e-01	3.330160e-01
1.343358332003566e-07	3.321447e-01	3.327821e-01	3.330147e-01
1.343601189146423e-07	3.321453e-01	3.327912e-01	3.330127e-01
1.343844046289281e-07	3.321460e-01	3.328006e-01	3.330107e-01
1.344086903432138e-07	3.321468e-01	3.328101e-01	3.330087e-01
1.344329760574996e-07	3.321475e-01	3.328197e-01	3.330068e-01
1.344572617717853e-07	3.321484e-01	3.328296e-01	3.330049e-01
1.344815474860711e-07	3.321492e-01	3.328396e-01	3.330030e-01
1.345058332003568e-07	3.321502e-01	3.328498e-01	3.330012e-01
1.345325474860711e-07	3.321512e-01	3.328612e-01	3.329992e-01
1.345592617717854e-07	3.321521e-01	3.328725e-01	3.329972e-01
1.345859760574998e-07	3.321531e-01	3.328839e-01	3.329952e-01
1.346126903432141e-07	3.321540e-01	3.328953e-01	3.329933e-01
1.346394046289284e-07	3.321549e-01	3.329067e-01	3.329914e-01
1.346661189146427e-07	3.321557e-01	3.329182e-01	3.329895e-01
1.346928332003570e-07	3.321565e-01	3.329296e-01	3.329877e-01
1.347171189146428e-07	3.321572e-01	3.329400e-01	3.329860e-01
1.347414046289285e-07	3.321578e-01	3.329502e-01	3.329844e-01
1.347656903432142e-07	3.321584e-01	3.329602e-01	3.329828e-01
1.347899760575000e-07	3.321589e-01	3.329702e-01	3.329812e-01
1.348142617717857e-07	3.321593e-01	3.329800e-01	3.329796e-01
1.348385474860715e-07	3.321597e-01	3.329897e-01	3.329781e-01
1.348628332003572e-07	3.321600e-01	3.329992e-01	3.329765e-01
1.348802617717858e-07	3.321602e-01	3.330059e-01	3.329755e-01
1.348976903432144e-07	3.321604e-01	3.330125e-01	3.329744e-01
1.349151189146430e-07	3.321605e-01	3.330190e-01	3.329734e-01
1.349325474860716e-07	3.321605e-01	3.330254e-01	3.329723e-01
1.349499760575002e-07	3.321606e-01	3.330316e-01	3.329713e-01
1.349674046289288e-07	3.321606e-01	3.330378e-01	3.329702e-01
1.349848332003573e-07	3.321605e-01	3.330438e-01	3.329692e-01
1.350042617717859e-07	3.321604e-01	3.330503e-01	3.329681e-01
1.350236903432145e-07	3.321603e-01	3.330567e-01	3.329670e-01
1.350431189146431e-07	3.321601e-01	3.330628e-01	3.329659e-01
1.350625474860717e-07	3.321599e-01	3.330688e-01	3.329648e-01
1.350819760575003e-07	3.321596e-01	3.330746e-01	3.329637e-01
1.351014046289289e-07	3.321593e-01	3.330802e-01	3.329626e-01
1.351208332003575e-07	3.321590e-01	3.330856e-01	3.329616e-01
1.351218332003575e-07	3.321589e-01	3.330859e-01	3.329615e-01
1.351642617717861e-07	3.321580e-01	3.330970e-01	3.329592e-01
1.352066903432147e-07	3.321568e-01	3.331070e-01	3.329570e-01
1.352491189146434e-07	3.321555e-01	3.331159e-01	3.329549e-01
1.352915474860720e-07	3.321541e-01	3.331236e-01	3.329528e-01
1.353339760575006e-07	3.321525e-01	3.331303e-01	3.329507e-01
1.353764046289292e-07	3.321507e-01	3.331358e-01	3.329487e-01
1.354188332003578e-07	3.321488e-01	3.331402e-01	3.329467e-01
1.354399760575007e-07	3.321478e-01	3.331419e-01	3.329458e-01
1.354611189146436e-07	3.321468e-01	3.331433e-01	3.329448e-01
1.354822617717865e-07	3.321458e-01	3.331445e-01	3.329439e-01
1.355034046289294e-07	3.321447e-01	3.331453e-01	3.329429e-01
1.355245474860723e-07	3.321437e-01	3.331458e-01	3.329420e-01
1.355456903432151e-07	3.321426e-01	3.331460e-01	3.329411e-01
1.355668332003580e-07	3.321415e-01	3.331459e-01	3.329402e-01
1.356019760575009e-07	3.321396e-01	3.331451e-01	3.329388e-01
1.356371189146438e-07	3.321377e-01	3.331435e-01	3.329373e-01
1.356722617717867e-07	3.321358e-01	3.331410e-01	3.329359e-01
1.357074046289296e-07	3.321340e-01	3.331377e-01	3.329345e-01
1.357425474860725e-07	3.321321e-01	3.331337e-01	3.329332e-01
1.357776903432154e-07	3.321302e-01	3.331288e-01	3.329318e-01
1.358128332003583e-07	3.321283e-01	3.331231e-01	3.329305e-01
1.358602617717869e-07	3.321258e-01	3.331141e-01	3.329288e-01
1.359076903432155e-07	3.321234e-01	3.331038e-01	3.329272e-01
1.359551189146442e-07	3.321212e-01	3.330923e-01	3.329255e-01
1.360025474860728e-07	3.321191e-01	3.330795e-01	3.329239e-01
1.360499760575014e-07	3.321171e-01	3.330654e-01	3.329224e-01
1.360974046289301e-07	3.321152e-01	3.330500e-01	3.329209e-01
1.361448332003587e-07	3.321135e-01	3.330334e-01	3.329194e-01
1.361458332003587e-07	3.321134e-01	3.330330e-01	3.329194e-01
1.361869760575016e-07	3.321121e-01	3.330177e-01	3.329182e-01
1.362281189146445e-07	3.321109e-01	3.330016e-01	3.329169e-01
1.362692617717874e-07	3.321099e-01	3.329848e-01	3.329158e-01
1.363104046289303e-07	3.321091e-01	3.329674e-01	3.329146e-01
1.363515474860732e-07	3.321084e-01	3.329492e-01	3.329135e-01
1.363926903432161e-07	3.321079e-01	3.329303e-01	3.329124e-01
1.364338332003590e-07	3.321076e-01	3.329107e-01	3.329113e-01
1.364636903432162e-07	3.321075e-01	3.328962e-01	3.329105e-01
1.364935474860734e-07	3.321075e-01	3.328814e-01	3.329098e-01
1.365234046289305e-07	3.321076e-01	3.328663e-01	3.329091e-01
1.365532617717877e-07	3.321078e-01	3.328510e-01	3.329083e-01
1.365831189146449e-07	3.321081e-01	3.328355e-01	3.329076e-01
1.366129760575020e-07	3.321086e-01	3.328196e-01	3.329069e-01
1.366428332003592e-07	3.321091e-01	3.328036e-01	3.329062e-01
1.367025474860736e-07	3.321105e-01	3.327707e-01	3.329049e-01
1.367622617717879e-07	3.321123e-01	3.327373e-01	3.329036e-01
1.368219760575023e-07	3.321146e-01	3.327035e-01	3.329023e-01
1.368816903432166e-07	3.321174e-01	3.326693e-01	3.329011e-01
1.369414046289310e-07	3.321206e-01	3.326347e-01	3.328999e-01
1.370011189146453e-07	3.321242e-01	3.325996e-01	3.328988e-01
1.370608332003597e-07	3.321283e-01	3.325641e-01	3.328977e-01
1.371698332003598e-07	3.321369e-01	3.324997e-01	3.328958e-01
1.372824046289314e-07	3.321475e-01	3.324324e-01	3.328939e-01
1.373949760575029e-07	3.321593e-01	3.323671e-01	3.328922e-01
1.375075474860745e-07	3.321724e-01	3.323037e-01	3.328905e-01
1.376201189146460e-07	3.321867e-01	3.322423e-01	3.328890e-01
1.377326903432176e-07	3.322023e-01	3.321827e-01	3.328875e-01
1.378452617717892e-07	3.322191e-01	3.321252e-01	3.328862e-01
1.379578332003607e-07	3.322371e-01	3.320695e-01	3.328850e-01
1.379914046289322e-07	3.322426e-01	3.320538e-01	3.328846e-01
1.380249760575036e-07	3.322482e-01	3.320383e-01	3.328842e-01
1.380585474860751e-07	3.322538e-01	3.320231e-01	3.328839e-01
1.380921189146466e-07	3.322595e-01	3.320082e-01	3.328835e-01
1.381256903432181e-07	3.322653e-01	3.319936e-01	3.328832e-01
1.381592617717895e-07	3.322711e-01	3.319792e-01	3.328829e-01
1.381928332003610e-07	3.322770e-01	3.319652e-01	3.328826e-01
1.381938332003610e-07	3.322772e-01	3.319648e-01	3.328826e-01
1.383038332003611e-07	3.322972e-01	3.319209e-01	3.328816e-01
1.384138332003612e-07	3.323175e-01	3.318804e-01	3.328806e-01
1.385238332003614e-07	3.323382e-01	3.318433e-01	3.328797e-01
1.386338332003615e-07	3.323592e-01	3.318095e-01	3.328789e-01
1.387438332003616e-07	3.323805e-01	3.317791e-01	3.328781e-01
1.388538332003617e-07	3.324022e-01	3.317521e-01	3.328774e-01
1.389638332003619e-07	3.324243e-01	3.317284e-01	3.328767e-01
1.389961189146476e-07	3.324307e-01	3.317221e-01	3.328765e-01
1.390284046289334e-07	3.324371e-01	3.317160e-01	3.328763e-01
1.390606903432191e-07	3.324435e-01	3.317102e-01	3.328761e-01
1.390929760575049e-07	3.324499e-01	3.317047e-01	3.328759e-01
1.391252617717906e-07	3.324564e-01	3.316994e-01	3.328758e-01
1.391575474860764e-07	3.324628e-01	3.316945e-01	3.328756e-01
1.391898332003621e-07	3.324692e-01	3.316897e-01	3.328754e-01
1.391936903432193e-07	3.324700e-01	3.316892e-01	3.328754e-01
1.391975474860764e-07	3.324707e-01	3.316887e-01	3.328754e-01
1.392014046289336e-07	3.324715e-01	3.316881e-01	3.328754e-01
1.392052617717907e-07	3.324723e-01	3.316876e-01	3.328753e-01
1.392091189146478e-07	3.324730e-01	3.316871e-01	3.328753e-01
1.392129760575050e-07	3.324738e-01	3.316865e-01	3.328753e-01
1.392168332003621e-07	3.324746e-01	3.316860e-01	3.328753e-01
1.392178332003621e-07	3.324748e-01	3.316859e-01	3.328753e-01
1.392302617717907e-07	3.324772e-01	3.316842e-01	3.328752e-01
1.392426903432193e-07	3.324797e-01	3.316826e-01	3.328751e-01
1.392551189146479e-07	3.324821e-01	3.316810e-01	3.328751e-01
1.392675474860765e-07	3.324846e-01	3.316795e-01	3.328751e-01
1.392799760575051e-07	3.324871e-01	3.316780e-01	3.328750e-01
1.392924046289337e-07	3.324896e-01	3.316765e-01	3.328750e-01
1.393048332003622e-07	3.324920e-01	3.316751e-01	3.328750e-01
1.393219760575051e-07	3.324954e-01	3.316732e-01	3.328750e-01
1.393391189146480e-07	3.324988e-01	3.316714e-01	3.328750e-01
1.393562617717909e-07	3.325022e-01	3.316696e-01	3.328751e-01
1.393734046289338e-07	3.325055e-01	3.316679e-01	3.328752e-01
1.393905474860766e-07	3.325089e-01	3.316663e-01	3.328753e-01
1.394076903432195e-07	3.325123e-01	3.316647e-01	3.328755e-01
1.394248332003624e-07	3.325157e-01	3.316633e-01	3.328758e-01
1.394544046289339e-07	3.325215e-01	3.316609e-01	3.328763e-01
1.394839760575053e-07	3.325273e-01	3.316587e-01	3.328770e-01
1.395135474860768e-07	3.325330e-01	3.316566e-01	3.328781e-01
1.395431189146482e-07	3.325388e-01	3.316548e-01	3.328794e-01
1.395726903432197e-07	3.325445e-01	3.316532e-01	3.328811e-01
1.396022617717911e-07	3.325503e-01	3.316518e-01	3.328829e-01
1.396318332003626e-07	3.325559e-01	3.316505e-01	3.328851e-01
1.396672617717912e-07	3.325628e-01	3.316493e-01	3.328882e-01
1.397026903432198e-07	3.325695e-01	3.316483e-01	3.328919e-01
1.397381189146484e-07	3.325763e-01	3.316476e-01	3.328962e-01
1.397735474860771e-07	3.325830e-01	3.316471e-01	3.329012e-01
1.398089760575057e-07	3.325897e-01	3.316469e-01	3.329068e-01
1.398444046289343e-07	3.325963e-01	3.316469e-01	3.329130e-01
1.398798332003629e-07	3.326030e-01	3.316472e-01	3.329199e-01
1.399314046289344e-07	3.326126e-01	3.316480e-01	3.329312e-01
1.399829760575059e-07	3.326221e-01	3.316492e-01	3.329441e-01
1.400345474860774e-07	3.326315e-01	3.316509e-01	3.329585e-01
1.400861189146488e-07	3.326408e-01	3.316531e-01	3.329744e-01
1.401376903432203e-07	3.326500e-01	3.316557e-01	3.329918e-01
1.401892617717918e-07	3.326592e-01	3.316587e-01	3.330108e-01
1.402408332003633e-07	3.326682e-01	3.316622e-01	3.330314e-01
1.402418332003633e-07	3.326684e-01	3.316622e-01	3.330318e-01
1.403879760575063e-07	3.326936e-01	3.316748e-01	3.331013e-01
1.405341189146493e-07	3.327180e-01	3.316894e-01	3.331781e-01
1.406802617717924e-07	3.327416e-01	3.317060e-01	3.332622e-01
1.408264046289354e-07	3.327643e-01	3.317247e-01	3.333536e-01
1.409725474860784e-07	3.327861e-01	3.317455e-01	3.334522e-01
1.411186903432215e-07	3.328072e-01	3.317683e-01	3.335581e-01
1.412648332003645e-07	3.328273e-01	3.317931e-01	3.336713e-01
1.412658332003645e-07	3.328275e-01	3.317933e-01	3.336720e-01
1.414119760575075e-07	3.328467e-01	3.318190e-01	3.337863e-01
1.415581189146505e-07	3.328652e-01	3.318451e-01	3.339002e-01
1.417042617717935e-07	3.328828e-01	3.318715e-01	3.340137e-01
1.418504046289366e-07	3.328995e-01	3.318984e-01	3.341269e-01
1.419965474860796e-07	3.329155e-01	3.319257e-01	3.342396e-01
1.421426903432226e-07	3.329307e-01	3.319533e-01	3.343519e-01
1.422888332003656e-07	3.329450e-01	3.319813e-01	3.344638e-01
1.422898332003656e-07	3.329451e-01	3.319815e-01	3.344646e-01
1.423411189146514e-07	3.329500e-01	3.319912e-01	3.345029e-01
1.423924046289372e-07	3.329547e-01	3.320008e-01	3.345408e-01
1.424436903432230e-07	3.329594e-01	3.320104e-01	3.345781e-01
1.424949760575087e-07	3.329640e-01	3.320200e-01	3.346148e-01
1.425462617717945e-07	3.329685e-01	3.320295e-01	3.346511e-01
1.425975474860803e-07	3.329730e-01	3.320390e-01	3.346869e-01
1.426488332003660e-07	3.329773e-01	3.320485e-01	3.347221e-01
1.427058332003661e-07	3.329820e-01	3.320589e-01	3.347602e-01
1.427628332003662e-07	3.329866e-01	3.320693e-01	3.347964e-01
1.428198332003662e-07	3.329912e-01	3.320795e-01	3.348307e-01
1.428768332003663e-07	3.329956e-01	3.320897e-01	3.348632e-01
1.429338332003664e-07	3.329999e-01	3.320999e-01	3.348939e-01
1.429908332003664e-07	3.330041e-01	3.321099e-01	3.349226e-01
1.430478332003665e-07	3.330082e-01	3.321199e-01	3.349496e-01
1.433138332003668e-07	3.330263e-01	3.321649e-01	3.350435e-01
1.433592617717954e-07	3.330292e-01	3.321724e-01	3.350544e-01
1.434046903432240e-07	3.330320e-01	3.321798e-01	3.350642e-01
1.434501189146527e-07	3.330348e-01	3.321871e-01	3.350726e-01
1.434955474860813e-07	3.330375e-01	3.321944e-01	3.350798e-01
1.435409760575099e-07	3.330402e-01	3.322016e-01	3.350857e-01
1.435864046289385e-07	3.330429e-01	3.322087e-01	3.350904e-01
1.436318332003672e-07	3.330455e-01	3.322157e-01	3.350938e-01
1.436889760575101e-07	3.330486e-01	3.322244e-01	3.350964e-01
1.437461189146530e-07	3.330517e-01	3.322330e-01	3.350977e-01
1.438032617717959e-07	3.330548e-01	3.322415e-01	3.350978e-01
1.438604046289389e-07	3.330577e-01	3.322498e-01	3.350967e-01
1.439175474860818e-07	3.330606e-01	3.322581e-01	3.350943e-01
1.439746903432247e-07	3.330634e-01	3.322661e-01	3.350906e-01
1.440318332003676e-07	3.330661e-01	3.322741e-01	3.350857e-01
1.440754046289391e-07	3.330682e-01	3.322801e-01	3.350816e-01
1.441189760575106e-07	3.330702e-01	3.322860e-01	3.350771e-01
1.441625474860820e-07	3.330721e-01	3.322918e-01	3.350724e-01
1.442061189146535e-07	3.330741e-01	3.322976e-01	3.350674e-01
1.442496903432250e-07	3.330760e-01	3.323033e-01	3.350621e-01
1.442932617717965e-07	3.330778e-01	3.323089e-01	3.350565e-01
1.443368332003680e-07	3.330797e-01	3.323144e-01	3.350506e-01
1.443378332003680e-07	3.330797e-01	3.323145e-01	3.350504e-01
1.443968332003680e-07	3.330821e-01	3.323219e-01	3.350422e-01
1.444558332003681e-07	3.330845e-01	3.323291e-01	3.350340e-01
1.445148332003682e-07	3.330867e-01	3.323362e-01	3.350259e-01
1.445738332003682e-07	3.330890e-01	3.323431e-01	3.350179e-01
1.446328332003683e-07	3.330911e-01	3.323499e-01	3.350098e-01
1.446918332003684e-07	3.330932e-01	3.323565e-01	3.350019e-01
1.447508332003684e-07	3.330953e-01	3.323631e-01	3.349940e-01
1.448091189146542e-07	3.330973e-01	3.323694e-01	3.349865e-01
1.448674046289400e-07	3.330992e-01	3.323755e-01	3.349794e-01
1.449256903432258e-07	3.331010e-01	3.323816e-01	3.349728e-01
1.449839760575115e-07	3.331029e-01	3.323875e-01	3.349664e-01
1.450422617717973e-07	3.331046e-01	3.323932e-01	3.349605e-01
1.451005474860831e-07	3.331064e-01	3.323989e-01	3.349549e-01
1.451588332003689e-07	3.331080e-01	3.324044e-01	3.349497e-01
1.453618332003691e-07	3.331135e-01	3.324226e-01	3.349352e-01
1.454158332003692e-07	3.331149e-01	3.324271e-01	3.349323e-01
1.454698332003692e-07	3.331162e-01	3.324316e-01	3.349297e-01
1.455238332003693e-07	3.331176e-01	3.324360e-01	3.349274e-01
1.455778332003694e-07	3.331188e-01	3.324402e-01	3.349255e-01
1.456318332003694e-07	3.331201e-01	3.324444e-01	3.349239e-01
1.456858332003695e-07	3.331213e-01	3.324484e-01	3.349227e-01
1.457398332003695e-07	3.331224e-01	3.324524e-01	3.349218e-01
1.458056903432268e-07	3.331238e-01	3.324571e-01	3.349211e-01
1.458715474860840e-07	3.331252e-01	3.324616e-01	3.349208e-01
1.459374046289412e-07	3.331265e-01	3.324660e-01	3.349207e-01
1.460032617717984e-07	3.331278e-01	3.324703e-01	3.349210e-01
1.460691189146556e-07	3.331290e-01	3.324744e-01	3.349216e-01
1.461349760575128e-07	3.331302e-01	3.324784e-01	3.349226e-01
1.462008332003701e-07	3.331313e-01	3.324822e-01	3.349238e-01
1.462271189146558e-07	3.331318e-01	3.324837e-01	3.349243e-01
1.462534046289416e-07	3.331322e-01	3.324851e-01	3.349249e-01
1.462796903432273e-07	3.331326e-01	3.324866e-01	3.349254e-01
1.463059760575130e-07	3.331331e-01	3.324880e-01	3.349260e-01
1.463322617717988e-07	3.331335e-01	3.324894e-01	3.349267e-01
1.463585474860845e-07	3.331339e-01	3.324908e-01	3.349273e-01
1.463848332003703e-07	3.331343e-01	3.324922e-01	3.349280e-01
1.463858332003703e-07	3.331344e-01	3.324922e-01	3.349280e-01
1.464618332003704e-07	3.331355e-01	3.324961e-01	3.349302e-01
1.465378332003704e-07	3.331366e-01	3.324997e-01	3.349323e-01
1.466138332003705e-07	3.331377e-01	3.325032e-01	3.349344e-01
1.466898332003706e-07	3.331388e-01	3.325066e-01	3.349365e-01
1.467658332003707e-07	3.331398e-01	3.325098e-01	3.349385e-01
1.468418332003708e-07	3.331407e-01	3.325128e-01	3.349406e-01
1.469178332003709e-07	3.331417e-01	3.325157e-01	3.349426e-01
1.469782617717995e-07	3.331424e-01	3.325179e-01	3.349441e-01
1.470386903432282e-07	3.331430e-01	3.325200e-01	3.349454e-01
1.470991189146568e-07	3.331437e-01	3.325220e-01	3.349466e-01
1.471595474860854e-07	3.331444e-01	3.325239e-01	3.349476e-01
1.472199760575141e-07	3.331450e-01	3.325257e-01	3.349485e-01
1.472804046289427e-07	3.331456e-01	3.325274e-01	3.349492e-01
1.473408332003714e-07	3.331462e-01	3.325291e-01	3.349498e-01
1.474098332003714e-07	3.331468e-01	3.325309e-01	3.349502e-01
1.474569760575143e-07	3.331473e-01	3.325320e-01	3.349503e-01
1.475041189146573e-07	3.331477e-01	3.325332e-01	3.349503e-01
1.475512617718002e-07	3.331481e-01	3.325342e-01	3.349502e-01
1.475984046289431e-07	3.331485e-01	3.325352e-01	3.349499e-01
1.476455474860860e-07	3.331489e-01	3.325362e-01	3.349495e-01
1.476926903432289e-07	3.331493e-01	3.325371e-01	3.349490e-01
1.477398332003718e-07	3.331497e-01	3.325380e-01	3.349484e-01
1.478206903432291e-07	3.331503e-01	3.325394e-01	3.349469e-01
1.479015474860863e-07	3.331509e-01	3.325407e-01	3.349450e-01
1.479824046289435e-07	3.331515e-01	3.325419e-01	3.349427e-01
1.480632617718007e-07	3.331520e-01	3.325429e-01	3.349400e-01
1.481441189146580e-07	3.331525e-01	3.325438e-01	3.349369e-01
1.482249760575152e-07	3.331530e-01	3.325446e-01	3.349333e-01
1.483058332003725e-07	3.331535e-01	3.325453e-01	3.349294e-01
1.483109760575153e-07	3.331535e-01	3.325454e-01	3.349291e-01
1.483161189146582e-07	3.331535e-01	3.325454e-01	3.349288e-01
1.483212617718010e-07	3.331536e-01	3.325454e-01	3.349286e-01
1.483264046289439e-07	3.331536e-01	3.325455e-01	3.349283e-01
1.483315474860868e-07	3.331536e-01	3.325455e-01	3.349280e-01
1.483366903432296e-07	3.331536e-01	3.325456e-01	3.349277e-01
1.483418332003725e-07	3.331536e-01	3.325456e-01	3.349275e-01
1.483469760575154e-07	3.331536e-01	3.325456e-01	3.349272e-01
1.483521189146582e-07	3.331536e-01	3.325457e-01	3.349269e-01
1.483572617718011e-07	3.331536e-01	3.325457e-01	3.349267e-01
1.483624046289440e-07	3.331536e-01	3.325457e-01	3.349264e-01
1.483675474860868e-07	3.331535e-01	3.325458e-01	3.349261e-01
1.483726903432297e-07	3.331535e-01	3.325458e-01	3.349258e-01
1.483778332003725e-07	3.331535e-01	3.325458e-01	3.349255e-01
1.483856903432297e-07	3.331534e-01	3.325459e-01	3.349251e-01
1.483935474860868e-07	3.331532e-01	3.325459e-01	3.349246e-01
1.484014046289440e-07	3.331530e-01	3.325459e-01	3.349242e-01
1.484092617718011e-07	3.331528e-01	3.325460e-01	3.349237e-01
1.484171189146583e-07	3.331526e-01	3.325460e-01	3.349233e-01
1.484249760575154e-07	3.331524e-01	3.325461e-01	3.349228e-01
1.484328332003726e-07	3.331521e-01	3.325461e-01	3.349223e-01
1.484338332003726e-07	3.331520e-01	3.325461e-01	3.349223e-01
1.484468332003726e-07	3.331514e-01	3.325461e-01	3.349215e-01
1.484598332003726e-07	3.331507e-01	3.325461e-01	3.349207e-01
1.484728332003726e-07	3.331499e-01	3.325461e-01	3.349199e-01
1.484858332003727e-07	3.331490e-01	3.325460e-01	3.349191e-01
1.484988332003727e-07	3.331480e-01	3.325460e-01	3.349183e-01
1.485118332003727e-07	3.331469e-01	3.325459e-01	3.349175e-01
1.485248332003727e-07	3.331456e-01	3.325458e-01	3.349166e-01
1.485421189146584e-07	3.331438e-01	3.325456e-01	3.349155e-01
1.485594046289442e-07	3.331417e-01	3.325453e-01	3.349143e-01
1.485766903432299e-07	3.331395e-01	3.325450e-01	3.349132e-01
1.485939760575156e-07	3.331370e-01	3.325446e-01	3.349120e-01
1.486112617718014e-07	3.331344e-01	3.325442e-01	3.349108e-01
1.486285474860871e-07	3.331315e-01	3.325437e-01	3.349096e-01
1.486458332003728e-07	3.331285e-01	3.325431e-01	3.349084e-01
1.486669760575157e-07	3.331245e-01	3.325423e-01	3.349068e-01
1.486881189146586e-07	3.331203e-01	3.325414e-01	3.349053e-01
1.487092617718015e-07	3.331158e-01	3.325404e-01	3.349037e-01
1.487304046289444e-07	3.331112e-01	3.325393e-01	3.349021e-01
1.487515474860873e-07	3.331063e-01	3.325381e-01	3.349005e-01
1.487726903432301e-07	3.331013e-01	3.325368e-01	3.348988e-01
1.487938332003730e-07	3.330960e-01	3.325354e-01	3.348972e-01
1.488228332003730e-07	3.330884e-01	3.325332e-01	3.348948e-01
1.488518332003731e-07	3.330807e-01	3.325309e-01	3.348925e-01
1.488808332003731e-07	3.330728e-01	3.325286e-01	3.348900e-01
1.489098332003731e-07	3.330648e-01	3.325261e-01	3.348876e-01
1.489388332003732e-07	3.330566e-01	3.325235e-01	3.348851e-01
1.489678332003732e-07	3.330483e-01	3.325208e-01	3.348825e-01
1.489968332003732e-07	3.330398e-01	3.325179e-01	3.348800e-01
1.490381189146590e-07	3.330276e-01	3.325137e-01	3.348762e-01
1.490794046289448e-07	3.330157e-01	3.325097e-01	3.348724e-01
1.491206903432305e-07	3.330039e-01	3.325060e-01	3.348685e-01
1.491619760575163e-07	3.329923e-01	3.325025e-01	3.348645e-01
1.492032617718020e-07	3.329809e-01	3.324993e-01	3.348605e-01
1.492445474860878e-07	3.329697e-01	3.324964e-01	3.348564e-01
1.492858332003736e-07	3.329587e-01	3.324936e-01	3.348522e-01
1.493064046289450e-07	3.329534e-01	3.324926e-01	3.348501e-01
1.493269760575165e-07	3.329482e-01	3.324916e-01	3.348480e-01
1.493475474860879e-07	3.329431e-01	3.324909e-01	3.348458e-01
1.493681189146594e-07	3.329380e-01	3.324903e-01	3.348437e-01
1.493886903432308e-07	3.329331e-01	3.324899e-01	3.348415e-01
1.494092617718023e-07	3.329283e-01	3.324897e-01	3.348393e-01
1.494298332003737e-07	3.329235e-01	3.324896e-01	3.348371e-01
1.494336903432309e-07	3.329226e-01	3.324896e-01	3.348367e-01
1.494375474860880e-07	3.329217e-01	3.324897e-01	3.348363e-01
1.494414046289452e-07	3.329209e-01	3.324897e-01	3.348359e-01
1.494452617718023e-07	3.329200e-01	3.324897e-01	3.348355e-01
1.494491189146595e-07	3.329191e-01	3.324898e-01	3.348351e-01
1.494529760575166e-07	3.329183e-01	3.324898e-01	3.348346e-01
1.494568332003738e-07	3.329174e-01	3.324898e-01	3.348342e-01
1.494578332003738e-07	3.329172e-01	3.324899e-01	3.348341e-01
1.494826903432309e-07	3.329117e-01	3.324904e-01	3.348314e-01
1.495075474860881e-07	3.329063e-01	3.324913e-01	3.348287e-01
1.495324046289453e-07	3.329011e-01	3.324925e-01	3.348260e-01
1.495572617718024e-07	3.328960e-01	3.324940e-01	3.348232e-01
1.495821189146596e-07	3.328910e-01	3.324959e-01	3.348204e-01
1.496069760575168e-07	3.328861e-01	3.324981e-01	3.348176e-01
1.496318332003740e-07	3.328813e-01	3.325006e-01	3.348148e-01
1.496701189146597e-07	3.328742e-01	3.325053e-01	3.348104e-01
1.497084046289455e-07	3.328673e-01	3.325109e-01	3.348060e-01
1.497466903432312e-07	3.328605e-01	3.325173e-01	3.348016e-01
1.497849760575170e-07	3.328538e-01	3.325246e-01	3.347971e-01
1.498232617718027e-07	3.328473e-01	3.325328e-01	3.347926e-01
1.498615474860885e-07	3.328409e-01	3.325419e-01	3.347881e-01
1.498998332003743e-07	3.328347e-01	3.325519e-01	3.347835e-01
1.499594046289458e-07	3.328252e-01	3.325695e-01	3.347763e-01
1.500189760575172e-07	3.328154e-01	3.325888e-01	3.347691e-01
1.500785474860888e-07	3.328055e-01	3.326098e-01	3.347618e-01
1.501381189146602e-07	3.327953e-01	3.326325e-01	3.347545e-01
1.501976903432317e-07	3.327849e-01	3.326569e-01	3.347471e-01
1.502572617718032e-07	3.327742e-01	3.326830e-01	3.347397e-01
1.503168332003747e-07	3.327633e-01	3.327108e-01	3.347322e-01
1.503402617718033e-07	3.327588e-01	3.327220e-01	3.347292e-01
1.503636903432319e-07	3.327542e-01	3.327333e-01	3.347263e-01
1.503871189146605e-07	3.327496e-01	3.327447e-01	3.347233e-01
1.504105474860891e-07	3.327448e-01	3.327562e-01	3.347204e-01
1.504339760575177e-07	3.327399e-01	3.327679e-01	3.347174e-01
1.504574046289463e-07	3.327350e-01	3.327798e-01	3.347144e-01
1.504808332003749e-07	3.327299e-01	3.327918e-01	3.347115e-01
1.504818332003749e-07	3.327297e-01	3.327923e-01	3.347113e-01
1.505522617718036e-07	3.327139e-01	3.328295e-01	3.347024e-01
1.506226903432322e-07	3.326971e-01	3.328666e-01	3.346934e-01
1.506931189146609e-07	3.326793e-01	3.329034e-01	3.346845e-01
1.507635474860895e-07	3.326605e-01	3.329400e-01	3.346755e-01
1.508339760575182e-07	3.326407e-01	3.329763e-01	3.346666e-01
1.509044046289468e-07	3.326199e-01	3.330125e-01	3.346576e-01
1.509748332003755e-07	3.325981e-01	3.330484e-01	3.346487e-01
1.510459760575184e-07	3.325749e-01	3.330832e-01	3.346397e-01
1.511171189146613e-07	3.325510e-01	3.331161e-01	3.346307e-01
1.511882617718043e-07	3.325264e-01	3.331471e-01	3.346218e-01
1.512594046289472e-07	3.325011e-01	3.331761e-01	3.346130e-01
1.513305474860902e-07	3.324750e-01	3.332032e-01	3.346041e-01
1.514016903432331e-07	3.324483e-01	3.332283e-01	3.345954e-01
1.514728332003760e-07	3.324207e-01	3.332516e-01	3.345867e-01
1.515058332003761e-07	3.324079e-01	3.332614e-01	3.345827e-01
1.515072617718046e-07	3.324073e-01	3.332618e-01	3.345825e-01
1.515086903432332e-07	3.324068e-01	3.332622e-01	3.345823e-01
1.515101189146618e-07	3.324062e-01	3.332626e-01	3.345821e-01
1.515115474860904e-07	3.324056e-01	3.332630e-01	3.345819e-01
1.515129760575189e-07	3.324051e-01	3.332634e-01	3.345818e-01
1.515144046289475e-07	3.324045e-01	3.332638e-01	3.345816e-01
1.515158332003761e-07	3.324040e-01	3.332642e-01	3.345814e-01
1.515178332003761e-07	3.324032e-01	3.332648e-01	3.345812e-01
1.515304046289476e-07	3.323983e-01	3.332683e-01	3.345797e-01
1.515429760575190e-07	3.323933e-01	3.332717e-01	3.345781e-01
1.515555474860904e-07	3.323884e-01	3.332750e-01	3.345766e-01
1.515681189146619e-07	3.323834e-01	3.332780e-01	3.345751e-01
1.515806903432333e-07	3.323785e-01	3.332809e-01	3.345736e-01
1.515932617718047e-07	3.323735e-01	3.332836e-01	3.345721e-01
1.516058332003762e-07	3.323685e-01	3.332862e-01	3.345706e-01
1.516171189146619e-07	3.323640e-01	3.332883e-01	3.345692e-01
1.516284046289477e-07	3.323595e-01	3.332901e-01	3.345678e-01
1.516396903432334e-07	3.323550e-01	3.332918e-01	3.345665e-01
1.516509760575191e-07	3.323505e-01	3.332933e-01	3.345651e-01
1.516622617718048e-07	3.323460e-01	3.332945e-01	3.345638e-01
1.516735474860906e-07	3.323415e-01	3.332956e-01	3.345625e-01
1.516848332003763e-07	3.323370e-01	3.332965e-01	3.345611e-01
1.516911189146620e-07	3.323345e-01	3.332969e-01	3.345604e-01
1.516974046289477e-07	3.323320e-01	3.332972e-01	3.345596e-01
1.517036903432335e-07	3.323294e-01	3.332974e-01	3.345589e-01
1.517099760575192e-07	3.323269e-01	3.332976e-01	3.345581e-01
1.517162617718049e-07	3.323244e-01	3.332977e-01	3.345574e-01
1.517225474860906e-07	3.323219e-01	3.332978e-01	3.345566e-01
1.517288332003763e-07	3.323193e-01	3.332978e-01	3.345559e-01
1.517391189146621e-07	3.323152e-01	3.332976e-01	3.345547e-01
1.517494046289478e-07	3.323111e-01	3.332972e-01	3.345535e-01
1.517596903432335e-07	3.323070e-01	3.332967e-01	3.345523e-01
1.517699760575192e-07	3.323029e-01	3.332960e-01	3.345511e-01
1.517802617718050e-07	3.322987e-01	3.332951e-01	3.345498e-01
1.517905474860907e-07	3.322946e-01	3.332941e-01	3.345486e-01
1.518008332003764e-07	3.322905e-01	3.332929e-01	3.345474e-01
1.518246903432336e-07	3.322809e-01	3.332894e-01	3.345446e-01
1.518485474860908e-07	3.322714e-01	3.332852e-01	3.345419e-01
1.518724046289479e-07	3.322620e-01	3.332804e-01	3.345391e-01
1.518962617718051e-07	3.322525e-01	3.332750e-01	3.345363e-01
1.519201189146623e-07	3.322432e-01	3.332689e-01	3.345336e-01
1.519439760575194e-07	3.322339e-01	3.332621e-01	3.345308e-01
1.519678332003766e-07	3.322246e-01	3.332548e-01	3.345281e-01
1.520039760575195e-07	3.322107e-01	3.332425e-01	3.345240e-01
1.520401189146624e-07	3.321970e-01	3.332302e-01	3.345199e-01
1.520762617718053e-07	3.321838e-01	3.332178e-01	3.345158e-01
1.521124046289482e-07	3.321708e-01	3.332053e-01	3.345118e-01
1.521485474860911e-07	3.321582e-01	3.331928e-01	3.345078e-01
1.521846903432340e-07	3.321459e-01	3.331803e-01	3.345038e-01
1.522208332003769e-07	3.321340e-01	3.331677e-01	3.344998e-01
1.522475474860912e-07	3.321255e-01	3.331591e-01	3.344969e-01
1.522742617718055e-07	3.321173e-01	3.331510e-01	3.344940e-01
1.523009760575198e-07	3.321094e-01	3.331436e-01	3.344911e-01
1.523276903432342e-07	3.321019e-01	3.331368e-01	3.344882e-01
1.523544046289485e-07	3.320946e-01	3.331306e-01	3.344853e-01
1.523811189146628e-07	3.320877e-01	3.331250e-01	3.344825e-01
1.524078332003771e-07	3.320811e-01	3.331200e-01	3.344797e-01
1.524251189146628e-07	3.320771e-01	3.331173e-01	3.344778e-01
1.524424046289486e-07	3.320732e-01	3.331149e-01	3.344760e-01
1.524596903432343e-07	3.320695e-01	3.331128e-01	3.344742e-01
1.524769760575200e-07	3.320659e-01	3.331111e-01	3.344724e-01
1.524942617718058e-07	3.320625e-01	3.331098e-01	3.344706e-01
1.525115474860915e-07	3.320593e-01	3.331088e-01	3.344688e-01
1.525288332003772e-07	3.320563e-01	3.331082e-01	3.344670e-01
1.525298332003772e-07	3.320561e-01	3.331082e-01	3.344669e-01
1.525406903432344e-07	3.320543e-01	3.331080e-01	3.344658e-01
1.525515474860916e-07	3.320525e-01	3.331079e-01	3.344647e-01
1.525624046289487e-07	3.320509e-01	3.331080e-01	3.344636e-01
1.525732617718059e-07	3.320493e-01	3.331083e-01	3.344624e-01
1.525841189146630e-07	3.320478e-01	3.331087e-01	3.344613e-01
1.525949760575202e-07	3.320463e-01	3.331093e-01	3.344602e-01
1.526058332003773e-07	3.320450e-01	3.331100e-01	3.344591e-01
1.526311189146631e-07	3.320420e-01	3.331123e-01	3.344565e-01
1.526564046289488e-07	3.320396e-01	3.331154e-01	3.344540e-01
1.526816903432346e-07	3.320376e-01	3.331193e-01	3.344514e-01
1.527069760575203e-07	3.320360e-01	3.331240e-01	3.344489e-01
1.527322617718060e-07	3.320348e-01	3.331296e-01	3.344464e-01
1.527575474860918e-07	3.320341e-01	3.331359e-01	3.344439e-01
1.527828332003775e-07	3.320339e-01	3.331431e-01	3.344415e-01
1.528078332003776e-07	3.320341e-01	3.331510e-01	3.344390e-01
1.528328332003776e-07	3.320348e-01	3.331596e-01	3.344366e-01
1.528578332003776e-07	3.320359e-01	3.331689e-01	3.344342e-01
1.528828332003776e-07	3.320375e-01	3.331790e-01	3.344318e-01
1.529078332003777e-07	3.320396e-01	3.331897e-01	3.344294e-01
1.529328332003777e-07	3.320421e-01	3.332011e-01	3.344270e-01
1.529578332003777e-07	3.320451e-01	3.332133e-01	3.344246e-01
1.530104046289492e-07	3.320530e-01	3.332414e-01	3.344197e-01
1.530629760575207e-07	3.320630e-01	3.332715e-01	3.344149e-01
1.531155474860922e-07	3.320750e-01	3.333035e-01	3.344101e-01
1.531681189146637e-07	3.320890e-01	3.333375e-01	3.344053e-01
1.532206903432352e-07	3.321051e-01	3.333734e-01	3.344006e-01
1.532732617718066e-07	3.321233e-01	3.334112e-01	3.343960e-01
1.533258332003781e-07	3.321435e-01	3.334510e-01	3.343915e-01
1.533582617718067e-07	3.321569e-01	3.334759e-01	3.343887e-01
1.533906903432354e-07	3.321709e-01	3.335009e-01	3.343859e-01
1.534231189146640e-07	3.321857e-01	3.335261e-01	3.343832e-01
1.534555474860926e-07	3.322012e-01	3.335516e-01	3.343805e-01
1.534879760575212e-07	3.322173e-01	3.335772e-01	3.343778e-01
1.535204046289498e-07	3.322341e-01	3.336030e-01	3.343751e-01
1.535528332003784e-07	3.322516e-01	3.336291e-01	3.343725e-01
1.535538332003784e-07	3.322521e-01	3.336299e-01	3.343724e-01
1.536252617718070e-07	3.322933e-01	3.336879e-01	3.343666e-01
1.536966903432357e-07	3.323368e-01	3.337444e-01	3.343610e-01
1.537681189146644e-07	3.323825e-01	3.337994e-01	3.343555e-01
1.538395474860930e-07	3.324305e-01	3.338530e-01	3.343501e-01
1.539109760575217e-07	3.324807e-01	3.339050e-01	3.343448e-01
1.539824046289503e-07	3.325332e-01	3.339556e-01	3.343396e-01
1.540538332003790e-07	3.325880e-01	3.340046e-01	3.343345e-01
1.541218332003790e-07	3.326414e-01	3.340483e-01	3.343297e-01
1.541898332003791e-07	3.326954e-01	3.340892e-01	3.343251e-01
1.542578332003792e-07	3.327501e-01	3.341273e-01	3.343205e-01
1.543258332003793e-07	3.328053e-01	3.341627e-01	3.343160e-01
1.543938332003794e-07	3.328612e-01	3.341953e-01	3.343116e-01
1.544618332003794e-07	3.329176e-01	3.342252e-01	3.343073e-01
1.545298332003795e-07	3.329747e-01	3.342523e-01	3.343031e-01
1.545778332003796e-07	3.330146e-01	3.342696e-01	3.343002e-01
1.546399760575225e-07	3.330665e-01	3.342896e-01	3.342965e-01
1.547021189146654e-07	3.331178e-01	3.343074e-01	3.342929e-01
1.547642617718083e-07	3.331685e-01	3.343230e-01	3.342893e-01
1.548264046289513e-07	3.332188e-01	3.343363e-01	3.342858e-01
1.548885474860942e-07	3.332684e-01	3.343473e-01	3.342824e-01
1.549506903432371e-07	3.333176e-01	3.343560e-01	3.342790e-01
1.550128332003801e-07	3.333662e-01	3.343624e-01	3.342757e-01
1.550755474860944e-07	3.334142e-01	3.343668e-01	3.342725e-01
1.551382617718088e-07	3.334611e-01	3.343694e-01	3.342693e-01
1.552009760575231e-07	3.335069e-01	3.343703e-01	3.342662e-01
1.552636903432375e-07	3.335515e-01	3.343694e-01	3.342631e-01
1.553264046289519e-07	3.335949e-01	3.343667e-01	3.342601e-01
1.553891189146662e-07	3.336372e-01	3.343622e-01	3.342572e-01
1.554518332003806e-07	3.336783e-01	3.343560e-01	3.342543e-01
1.554731189146663e-07	3.336919e-01	3.343536e-01	3.342534e-01
1.554944046289520e-07	3.337053e-01	3.343511e-01	3.342524e-01
1.555156903432378e-07	3.337186e-01	3.343484e-01	3.342515e-01
1.555369760575235e-07	3.337317e-01	3.343456e-01	3.342505e-01
1.555582617718092e-07	3.337447e-01	3.343426e-01	3.342496e-01
1.555795474860950e-07	3.337575e-01	3.343395e-01	3.342487e-01
1.556008332003807e-07	3.337701e-01	3.343362e-01	3.342478e-01
1.556018332003807e-07	3.337707e-01	3.343360e-01	3.342477e-01
1.557035474860951e-07	3.338288e-01	3.343176e-01	3.342434e-01
1.558052617718095e-07	3.338829e-01	3.342972e-01	3.342393e-01
1.559069760575239e-07	3.339330e-01	3.342750e-01	3.342353e-01
1.560086903432383e-07	3.339791e-01	3.342508e-01	3.342314e-01
1.561104046289527e-07	3.340211e-01	3.342247e-01	3.342277e-01
1.562121189146671e-07	3.340592e-01	3.341967e-01	3.342241e-01
1.563138332003815e-07	3.340933e-01	3.341668e-01	3.342207e-01
1.563582617718101e-07	3.341070e-01	3.341538e-01	3.342192e-01
1.564026903432388e-07	3.341199e-01	3.341406e-01	3.342178e-01
1.564471189146674e-07	3.341320e-01	3.341274e-01	3.342164e-01
1.564915474860960e-07	3.341435e-01	3.341141e-01	3.342150e-01
1.565359760575246e-07	3.341542e-01	3.341007e-01	3.342136e-01
1.565804046289533e-07	3.341642e-01	3.340872e-01	3.342123e-01
1.566248332003819e-07	3.341735e-01	3.340737e-01	3.342109e-01
1.566258332003819e-07	3.341737e-01	3.340734e-01	3.342109e-01
1.567138332003820e-07	3.341898e-01	3.340463e-01	3.342083e-01
1.568018332003821e-07	3.342035e-01	3.340195e-01	3.342059e-01
1.568898332003822e-07	3.342148e-01	3.339929e-01	3.342035e-01
1.569778332003823e-07	3.342236e-01	3.339666e-01	3.342011e-01
1.570658332003824e-07	3.342300e-01	3.339405e-01	3.341989e-01
1.571538332003825e-07	3.342340e-01	3.339147e-01	3.341967e-01
1.572418332003826e-07	3.342355e-01	3.338892e-01	3.341946e-01
1.572756903432398e-07	3.342357e-01	3.338795e-01	3.341938e-01
1.573095474860970e-07	3.342355e-01	3.338700e-01	3.341931e-01
1.573434046289541e-07	3.342350e-01	3.338605e-01	3.341923e-01
1.573772617718113e-07	3.342342e-01	3.338511e-01	3.341915e-01
1.574111189146685e-07	3.342332e-01	3.338418e-01	3.341908e-01
1.574449760575257e-07	3.342318e-01	3.338326e-01	3.341901e-01
1.574788332003829e-07	3.342302e-01	3.338235e-01	3.341894e-01
1.574916903432400e-07	3.342295e-01	3.338201e-01	3.341891e-01
1.575045474860972e-07	3.342288e-01	3.338167e-01	3.341888e-01
1.575174046289543e-07	3.342280e-01	3.338133e-01	3.341886e-01
1.575302617718115e-07	3.342272e-01	3.338099e-01	3.341883e-01
1.575431189146686e-07	3.342264e-01	3.338065e-01	3.341881e-01
1.575559760575258e-07	3.342255e-01	3.338031e-01	3.341878e-01
1.575688332003830e-07	3.342246e-01	3.337998e-01	3.341876e-01
1.575802617718115e-07	3.342238e-01	3.337968e-01	3.341875e-01
1.575916903432401e-07	3.342229e-01	3.337939e-01	3.341873e-01
1.576031189146687e-07	3.342220e-01	3.337909e-01	3.341872e-01
1.576145474860973e-07	3.342211e-01	3.337880e-01	3.341871e-01
1.576259760575259e-07	3.342201e-01	3.337851e-01	3.341870e-01
1.576374046289545e-07	3.342191e-01	3.337821e-01	3.341869e-01
1.576488332003830e-07	3.342181e-01	3.337792e-01	3.341869e-01
1.576498332003830e-07	3.342180e-01	3.337790e-01	3.341869e-01
1.576708332003831e-07	3.342161e-01	3.337737e-01	3.341869e-01
1.576918332003831e-07	3.342141e-01	3.337684e-01	3.341871e-01
1.577128332003831e-07	3.342120e-01	3.337632e-01	3.341875e-01
1.577338332003831e-07	3.342098e-01	3.337580e-01	3.341880e-01
1.577548332003832e-07	3.342075e-01	3.337529e-01	3.341887e-01
1.577758332003832e-07	3.342051e-01	3.337478e-01	3.341896e-01
1.577968332003832e-07	3.342026e-01	3.337427e-01	3.341907e-01
1.578219760575261e-07	3.341996e-01	3.337367e-01	3.341922e-01
1.578471189146690e-07	3.341964e-01	3.337308e-01	3.341942e-01
1.578722617718119e-07	3.341931e-01	3.337249e-01	3.341966e-01
1.578974046289548e-07	3.341897e-01	3.337191e-01	3.341995e-01
1.579225474860977e-07	3.341862e-01	3.337133e-01	3.342027e-01
1.579476903432405e-07	3.341826e-01	3.337076e-01	3.342063e-01
1.579728332003834e-07	3.341789e-01	3.337019e-01	3.342104e-01
1.580069760575263e-07	3.341737e-01	3.336944e-01	3.342167e-01
1.580411189146692e-07	3.341683e-01	3.336869e-01	3.342239e-01
1.580752617718121e-07	3.341627e-01	3.336795e-01	3.342320e-01
1.581094046289550e-07	3.341569e-01	3.336723e-01	3.342411e-01
1.581435474860979e-07	3.341510e-01	3.336651e-01	3.342511e-01
1.581776903432408e-07	3.341449e-01	3.336581e-01	3.342620e-01
1.582118332003837e-07	3.341387e-01	3.336512e-01	3.342738e-01
1.582664046289552e-07	3.341283e-01	3.336404e-01	3.342951e-01
1.583209760575267e-07	3.341176e-01	3.336298e-01	3.343182e-01
1.583755474860982e-07	3.341066e-01	3.336195e-01	3.343433e-01
1.584301189146696e-07	3.340953e-01	3.336095e-01	3.343703e-01
1.584846903432411e-07	3.340836e-01	3.335998e-01	3.343992e-01
1.585392617718126e-07	3.340717e-01	3.335904e-01	3.344300e-01
1.585938332003841e-07	3.340594e-01	3.335812e-01	3.344628e-01
1.586738332003842e-07	3.340409e-01	3.335682e-01	3.345126e-01
1.587574046289557e-07	3.340210e-01	3.335552e-01	3.345686e-01
1.588409760575273e-07	3.340008e-01	3.335428e-01	3.346247e-01
1.589245474860988e-07	3.339801e-01	3.335310e-01	3.346807e-01
1.590081189146703e-07	3.339592e-01	3.335197e-01	3.347367e-01
1.590916903432418e-07	3.339379e-01	3.335090e-01	3.347927e-01
1.591752617718133e-07	3.339162e-01	3.334988e-01	3.348488e-01
1.592588332003849e-07	3.338942e-01	3.334892e-01	3.349048e-01
1.593214046289564e-07	3.338777e-01	3.334823e-01	3.349447e-01
1.593839760575279e-07	3.338611e-01	3.334757e-01	3.349830e-01
1.594465474860994e-07	3.338445e-01	3.334693e-01	3.350198e-01
1.595091189146709e-07	3.338278e-01	3.334632e-01	3.350550e-01
1.595716903432424e-07	3.338111e-01	3.334573e-01	3.350886e-01
1.596342617718139e-07	3.337944e-01	3.334517e-01	3.351207e-01
1.596968332003854e-07	3.337776e-01	3.334464e-01	3.351513e-01
1.596978332003854e-07	3.337773e-01	3.334463e-01	3.351518e-01
1.597694046289569e-07	3.337581e-01	3.334404e-01	3.351841e-01
1.598409760575284e-07	3.337390e-01	3.334348e-01	3.352140e-01
1.599125474860999e-07	3.337200e-01	3.334295e-01	3.352415e-01
1.599841189146714e-07	3.337010e-01	3.334245e-01	3.352666e-01
1.600556903432429e-07	3.336821e-01	3.334197e-01	3.352891e-01
1.601272617718144e-07	3.336633e-01	3.334151e-01	3.353093e-01
1.601988332003859e-07	3.336445e-01	3.334109e-01	3.353270e-01
1.602642617718146e-07	3.336275e-01	3.334071e-01	3.353410e-01
1.603296903432432e-07	3.336106e-01	3.334036e-01	3.353533e-01
1.603951189146719e-07	3.335939e-01	3.334002e-01	3.353640e-01
1.604605474861005e-07	3.335773e-01	3.333970e-01	3.353729e-01
1.605259760575292e-07	3.335608e-01	3.333940e-01	3.353802e-01
1.605914046289578e-07	3.335445e-01	3.333911e-01	3.353858e-01
1.606568332003865e-07	3.335283e-01	3.333884e-01	3.353896e-01
1.606588332003865e-07	3.335278e-01	3.333883e-01	3.353897e-01
1.606608332003865e-07	3.335273e-01	3.333882e-01	3.353899e-01
1.607218332003865e-07	3.335124e-01	3.333858e-01	3.353923e-01
1.607351189146723e-07	3.335092e-01	3.333853e-01	3.353926e-01
1.607484046289580e-07	3.335059e-01	3.333848e-01	3.353929e-01
1.607616903432437e-07	3.335027e-01	3.333843e-01	3.353932e-01
1.607749760575294e-07	3.334995e-01	3.333839e-01	3.353934e-01
1.607882617718152e-07	3.334963e-01	3.333834e-01	3.353935e-01
1.608015474861009e-07	3.334931e-01	3.333829e-01	3.353936e-01
1.608148332003866e-07	3.334899e-01	3.333824e-01	3.353936e-01
1.608618332003867e-07	3.334786e-01	3.333808e-01	3.353932e-01
1.609088332003867e-07	3.334675e-01	3.333792e-01	3.353918e-01
1.609558332003868e-07	3.334564e-01	3.333777e-01	3.353893e-01
1.610028332003869e-07	3.334455e-01	3.333763e-01	3.353857e-01
1.610498332003869e-07	3.334346e-01	3.333749e-01	3.353810e-01
1.610968332003870e-07	3.334238e-01	3.333736e-01	3.353751e-01
1.611438332003870e-07	3.334132e-01	3.333723e-01	3.353682e-01
1.611891189146728e-07	3.334030e-01	3.333712e-01	3.353602e-01
1.612344046289586e-07	3.333929e-01	3.333700e-01	3.353508e-01
1.612796903432443e-07	3.333828e-01	3.333690e-01	3.353400e-01
1.613249760575301e-07	3.333729e-01	3.333679e-01	3.353278e-01
1.613702617718158e-07	3.333631e-01	3.333670e-01	3.353142e-01
1.614155474861016e-07	3.333534e-01	3.333660e-01	3.352993e-01
1.614608332003874e-07	3.333437e-01	3.333651e-01	3.352830e-01
1.615014046289589e-07	3.333352e-01	3.333644e-01	3.352671e-01
1.615419760575303e-07	3.333267e-01	3.333636e-01	3.352501e-01
1.615825474861018e-07	3.333183e-01	3.333629e-01	3.352321e-01
1.616231189146733e-07	3.333099e-01	3.333622e-01	3.352130e-01
1.616636903432447e-07	3.333017e-01	3.333616e-01	3.351928e-01
1.617042617718162e-07	3.332935e-01	3.333610e-01	3.351715e-01
1.617448332003877e-07	3.332854e-01	3.333604e-01	3.351491e-01
1.617458332003877e-07	3.332852e-01	3.333604e-01	3.351485e-01
1.618838332003879e-07	3.332583e-01	3.333586e-01	3.350616e-01
1.620218332003880e-07	3.332322e-01	3.333570e-01	3.349682e-01
1.621598332003882e-07	3.332070e-01	3.333557e-01	3.348681e-01
1.622978332003883e-07	3.331826e-01	3.333546e-01	3.347614e-01
1.624358332003885e-07	3.331591e-01	3.333536e-01	3.346481e-01
1.625738332003886e-07	3.331364e-01	3.333529e-01	3.345283e-01
1.627118332003888e-07	3.331146e-01	3.333524e-01	3.344018e-01
1.627698332003889e-07	3.331057e-01	3.333522e-01	3.343495e-01
1.629159760575319e-07	3.330838e-01	3.333518e-01	3.342147e-01
1.630621189146749e-07	3.330628e-01	3.333515e-01	3.340813e-01
1.632082617718179e-07	3.330425e-01	3.333513e-01	3.339495e-01
1.633544046289610e-07	3.330231e-01	3.333512e-01	3.338192e-01
1.635005474861040e-07	3.330044e-01	3.333512e-01	3.336903e-01
1.636466903432470e-07	3.329865e-01	3.333513e-01	3.335630e-01
1.637928332003900e-07	3.329694e-01	3.333515e-01	3.334371e-01
1.637938332003900e-07	3.329693e-01	3.333515e-01	3.334363e-01
1.639399760575330e-07	3.329530e-01	3.333516e-01	3.333150e-01
1.640861189146761e-07	3.329372e-01	3.333519e-01	3.331985e-01
1.642322617718191e-07	3.329219e-01	3.333521e-01	3.330866e-01
1.643784046289621e-07	3.329073e-01	3.333523e-01	3.329796e-01
1.645245474861051e-07	3.328933e-01	3.333526e-01	3.328772e-01
1.646706903432482e-07	3.328799e-01	3.333529e-01	3.327796e-01
1.648168332003912e-07	3.328670e-01	3.333533e-01	3.326867e-01
1.648178332003912e-07	3.328669e-01	3.333533e-01	3.326861e-01
1.649639760575342e-07	3.328546e-01	3.333536e-01	3.325992e-01
1.651101189146772e-07	3.328426e-01	3.333539e-01	3.325182e-01
1.652562617718202e-07	3.328311e-01	3.333542e-01	3.324430e-01
1.654024046289633e-07	3.328200e-01	3.333545e-01	3.323736e-01
1.655485474861063e-07	3.328093e-01	3.333548e-01	3.323100e-01
1.656946903432493e-07	3.327989e-01	3.333551e-01	3.322522e-01
1.658408332003923e-07	3.327890e-01	3.333554e-01	3.322003e-01
1.658418332003923e-07	3.327890e-01	3.333554e-01	3.322000e-01
1.659492617718210e-07	3.327819e-01	3.333556e-01	3.321658e-01
1.660566903432497e-07	3.327750e-01	3.333559e-01	3.321345e-01
1.661641189146784e-07	3.327682e-01	3.333561e-01	3.321063e-01
1.662715474861071e-07	3.327616e-01	3.333563e-01	3.320812e-01
1.663789760575358e-07	3.327551e-01	3.333565e-01	3.320590e-01
1.664864046289645e-07	3.327488e-01	3.333567e-01	3.320399e-01
1.665938332003932e-07	3.327427e-01	3.333569e-01	3.320238e-01
1.665982617718218e-07	3.327424e-01	3.333569e-01	3.320232e-01
1.666026903432503e-07	3.327422e-01	3.333569e-01	3.320226e-01
1.666071189146789e-07	3.327419e-01	3.333569e-01	3.320220e-01
1.666115474861075e-07	3.327417e-01	3.333569e-01	3.320214e-01
1.666159760575361e-07	3.327414e-01	3.333569e-01	3.320208e-01
1.666204046289647e-07	3.327412e-01	3.333570e-01	3.320203e-01
1.666248332003932e-07	3.327409e-01	3.333570e-01	3.320197e-01
1.666305474861075e-07	3.327406e-01	3.333571e-01	3.320189e-01
1.666362617718218e-07	3.327403e-01	3.333571e-01	3.320182e-01
1.666419760575361e-07	3.327400e-01	3.333572e-01	3.320175e-01
1.666476903432504e-07	3.327396e-01	3.333573e-01	3.320168e-01
1.666534046289647e-07	3.327393e-01	3.333575e-01	3.320161e-01
1.666591189146790e-07	3.327390e-01	3.333576e-01	3.320153e-01
1.666648332003933e-07	3.327387e-01	3.333578e-01	3.320147e-01
1.666731189146790e-07	3.327382e-01	3.333581e-01	3.320137e-01
1.666814046289647e-07	3.327378e-01	3.333585e-01	3.320127e-01
1.666896903432504e-07	3.327373e-01	3.333589e-01	3.320118e-01
1.666979760575362e-07	3.327368e-01	3.333594e-01	3.320108e-01
1.667062617718219e-07	3.327364e-01	3.333599e-01	3.320099e-01
1.667145474861076e-07	3.327359e-01	3.333605e-01	3.320090e-01
1.667228332003933e-07	3.327354e-01	3.333611e-01	3.320081e-01
1.667355474861076e-07	3.327347e-01	3.333623e-01	3.320067e-01
1.667482617718219e-07	3.327340e-01	3.333636e-01	3.320054e-01
1.667609760575362e-07	3.327333e-01	3.333651e-01	3.320042e-01
1.667736903432505e-07	3.327326e-01	3.333667e-01	3.320030e-01
1.667864046289648e-07	3.327319e-01	3.333685e-01	3.320018e-01
1.667991189146791e-07	3.327312e-01	3.333704e-01	3.320006e-01
1.668118332003934e-07	3.327305e-01	3.333725e-01	3.319995e-01
1.668194046289649e-07	3.327301e-01	3.333738e-01	3.319989e-01
1.668269760575363e-07	3.327297e-01	3.333752e-01	3.319982e-01
1.668345474861078e-07	3.327292e-01	3.333766e-01	3.319976e-01
1.668421189146792e-07	3.327288e-01	3.333780e-01	3.319970e-01
1.668496903432506e-07	3.327284e-01	3.333795e-01	3.319964e-01
1.668572617718220e-07	3.327279e-01	3.333810e-01	3.319958e-01
1.668648332003935e-07	3.327275e-01	3.333826e-01	3.319952e-01
1.668658332003935e-07	3.327274e-01	3.333828e-01	3.319952e-01
1.669036903432507e-07	3.327253e-01	3.333919e-01	3.319926e-01
1.669415474861079e-07	3.327230e-01	3.334012e-01	3.319903e-01
1.669794046289651e-07	3.327206e-01	3.334105e-01	3.319883e-01
1.670172617718222e-07	3.327180e-01	3.334199e-01	3.319866e-01
1.670551189146794e-07	3.327153e-01	3.334294e-01	3.319852e-01
1.670929760575366e-07	3.327124e-01	3.334391e-01	3.319842e-01
1.671308332003938e-07	3.327093e-01	3.334488e-01	3.319834e-01
1.671529760575367e-07	3.327074e-01	3.334539e-01	3.319832e-01
1.671751189146796e-07	3.327054e-01	3.334586e-01	3.319830e-01
1.671972617718224e-07	3.327032e-01	3.334629e-01	3.319829e-01
1.672194046289653e-07	3.327009e-01	3.334669e-01	3.319829e-01
1.672415474861082e-07	3.326986e-01	3.334705e-01	3.319830e-01
1.672636903432511e-07	3.326961e-01	3.334738e-01	3.319832e-01
1.672858332003940e-07	3.326934e-01	3.334766e-01	3.319834e-01
1.673006903432511e-07	3.326916e-01	3.334783e-01	3.319837e-01
1.673155474861083e-07	3.326897e-01	3.334797e-01	3.319840e-01
1.673304046289655e-07	3.326877e-01	3.334809e-01	3.319844e-01
1.673452617718226e-07	3.326857e-01	3.334819e-01	3.319847e-01
1.673601189146798e-07	3.326836e-01	3.334826e-01	3.319852e-01
1.673749760575369e-07	3.326814e-01	3.334831e-01	3.319856e-01
1.673898332003941e-07	3.326791e-01	3.334835e-01	3.319861e-01
1.674001189146798e-07	3.326775e-01	3.334835e-01	3.319865e-01
1.674104046289656e-07	3.326759e-01	3.334835e-01	3.319869e-01
1.674206903432513e-07	3.326742e-01	3.334834e-01	3.319873e-01
1.674309760575370e-07	3.326725e-01	3.334831e-01	3.319878e-01
1.674412617718227e-07	3.326708e-01	3.334827e-01	3.319882e-01
1.674515474861085e-07	3.326690e-01	3.334823e-01	3.319887e-01
1.674618332003942e-07	3.326672e-01	3.334817e-01	3.319892e-01
1.674855474861085e-07	3.326628e-01	3.334799e-01	3.319904e-01
1.675092617718228e-07	3.326583e-01	3.334775e-01	3.319917e-01
1.675329760575371e-07	3.326535e-01	3.334746e-01	3.319931e-01
1.675566903432514e-07	3.326486e-01	3.334711e-01	3.319946e-01
1.675804046289657e-07	3.326434e-01	3.334671e-01	3.319963e-01
1.676041189146800e-07	3.326380e-01	3.334625e-01	3.319980e-01
1.676278332003944e-07	3.326324e-01	3.334574e-01	3.319998e-01
1.676651189146801e-07	3.326232e-01	3.334481e-01	3.320028e-01
1.677024046289659e-07	3.326134e-01	3.334379e-01	3.320061e-01
1.677396903432516e-07	3.326031e-01	3.334267e-01	3.320096e-01
1.677769760575374e-07	3.325922e-01	3.334146e-01	3.320133e-01
1.678142617718231e-07	3.325809e-01	3.334016e-01	3.320172e-01
1.678515474861089e-07	3.325690e-01	3.333876e-01	3.320214e-01
1.678888332003947e-07	3.325566e-01	3.333727e-01	3.320258e-01
1.678898332003947e-07	3.325562e-01	3.333723e-01	3.320259e-01
1.679471189146804e-07	3.325360e-01	3.333478e-01	3.320330e-01
1.680044046289662e-07	3.325150e-01	3.333232e-01	3.320406e-01
1.680616903432520e-07	3.324931e-01	3.332983e-01	3.320487e-01
1.681189760575378e-07	3.324705e-01	3.332733e-01	3.320571e-01
1.681762617718235e-07	3.324470e-01	3.332481e-01	3.320660e-01
1.682335474861093e-07	3.324227e-01	3.332227e-01	3.320753e-01
1.682908332003951e-07	3.323975e-01	3.331971e-01	3.320851e-01
1.683391189146809e-07	3.323761e-01	3.331766e-01	3.320936e-01
1.683874046289667e-07	3.323545e-01	3.331571e-01	3.321023e-01
1.684356903432524e-07	3.323330e-01	3.331385e-01	3.321113e-01
1.684839760575382e-07	3.323114e-01	3.331208e-01	3.321206e-01
1.685322617718239e-07	3.322898e-01	3.331041e-01	3.321300e-01
1.685805474861097e-07	3.322681e-01	3.330883e-01	3.321398e-01
1.686288332003955e-07	3.322464e-01	3.330734e-01	3.321497e-01
1.686694046289670e-07	3.322284e-01	3.330620e-01	3.321582e-01
1.687099760575384e-07	3.322107e-01	3.330514e-01	3.321669e-01
1.687505474861099e-07	3.321933e-01	3.330416e-01	3.321757e-01
1.687911189146814e-07	3.321761e-01	3.330327e-01	3.321846e-01
1.688316903432529e-07	3.321593e-01	3.330246e-01	3.321936e-01
1.688722617718243e-07	3.321428e-01	3.330173e-01	3.322028e-01
1.689128332003958e-07	3.321265e-01	3.330109e-01	3.322122e-01
1.689138332003958e-07	3.321261e-01	3.330107e-01	3.322124e-01
1.689534046289673e-07	3.321107e-01	3.330053e-01	3.322216e-01
1.689929760575388e-07	3.320958e-01	3.330006e-01	3.322309e-01
1.690325474861102e-07	3.320814e-01	3.329966e-01	3.322403e-01
1.690721189146817e-07	3.320674e-01	3.329932e-01	3.322497e-01
1.691116903432532e-07	3.320540e-01	3.329906e-01	3.322593e-01
1.691512617718247e-07	3.320411e-01	3.329887e-01	3.322690e-01
1.691908332003961e-07	3.320286e-01	3.329875e-01	3.322788e-01
1.692332617718247e-07	3.320159e-01	3.329868e-01	3.322893e-01
1.692756903432534e-07	3.320039e-01	3.329868e-01	3.323000e-01
1.693181189146820e-07	3.319926e-01	3.329873e-01	3.323107e-01
1.693605474861106e-07	3.319820e-01	3.329884e-01	3.323215e-01
1.694029760575392e-07	3.319721e-01	3.329900e-01	3.323324e-01
1.694454046289679e-07	3.319629e-01	3.329921e-01	3.323433e-01
1.694878332003965e-07	3.319544e-01	3.329949e-01	3.323543e-01
1.695325474861108e-07	3.319463e-01	3.329982e-01	3.323660e-01
1.695772617718251e-07	3.319390e-01	3.330019e-01	3.323778e-01
1.696219760575395e-07	3.319325e-01	3.330058e-01	3.323896e-01
1.696666903432538e-07	3.319269e-01	3.330101e-01	3.324014e-01
1.697114046289682e-07	3.319221e-01	3.330147e-01	3.324133e-01
1.697561189146825e-07	3.319182e-01	3.330196e-01	3.324253e-01
1.698008332003968e-07	3.319151e-01	3.330248e-01	3.324373e-01
1.698018332003968e-07	3.319150e-01	3.330249e-01	3.324375e-01
1.698028332003968e-07	3.319149e-01	3.330251e-01	3.324378e-01
1.698038332003968e-07	3.319149e-01	3.330250e-01	3.324381e-01
1.698048332003968e-07	3.319148e-01	3.330251e-01	3.324383e-01
1.698058332003968e-07	3.319148e-01	3.330254e-01	3.324386e-01
1.698068332003968e-07	3.319147e-01	3.330255e-01	3.324389e-01
1.698155474861111e-07	3.319142e-01	3.330265e-01	3.324412e-01
1.698242617718254e-07	3.319137e-01	3.330275e-01	3.324436e-01
1.698329760575397e-07	3.319133e-01	3.330285e-01	3.324459e-01
1.698416903432540e-07	3.319130e-01	3.330296e-01	3.324483e-01
1.698504046289683e-07	3.319127e-01	3.330306e-01	3.324506e-01
1.698591189146826e-07	3.319124e-01	3.330317e-01	3.324530e-01
1.698678332003969e-07	3.319122e-01	3.330327e-01	3.324553e-01
1.698751189146826e-07	3.319120e-01	3.330336e-01	3.324573e-01
1.698824046289684e-07	3.319119e-01	3.330345e-01	3.324592e-01
1.698896903432541e-07	3.319119e-01	3.330354e-01	3.324612e-01
1.698969760575398e-07	3.319119e-01	3.330363e-01	3.324632e-01
1.699042617718255e-07	3.319120e-01	3.330372e-01	3.324651e-01
1.699115474861112e-07	3.319120e-01	3.330381e-01	3.324671e-01
1.699188332003970e-07	3.319122e-01	3.330390e-01	3.324691e-01
1.699368332003970e-07	3.319128e-01	3.330413e-01	3.324739e-01
1.699378332003970e-07	3.319128e-01	3.330414e-01	3.324742e-01
1.699515474861113e-07	3.319135e-01	3.330432e-01	3.324779e-01
1.699652617718256e-07	3.319143e-01	3.330449e-01	3.324816e-01
1.699789760575399e-07	3.319154e-01	3.330467e-01	3.324854e-01
1.699926903432542e-07	3.319167e-01	3.330486e-01	3.324891e-01
1.700064046289685e-07	3.319181e-01	3.330504e-01	3.324928e-01
1.700201189146828e-07	3.319198e-01	3.330523e-01	3.324965e-01
1.700338332003971e-07	3.319216e-01	3.330542e-01	3.325002e-01
1.700601189146828e-07	3.319258e-01	3.330580e-01	3.325074e-01
1.700864046289686e-07	3.319306e-01	3.330619e-01	3.325145e-01
1.701126903432543e-07	3.319361e-01	3.330659e-01	3.325217e-01
1.701389760575401e-07	3.319423e-01	3.330700e-01	3.325288e-01
1.701652617718258e-07	3.319491e-01	3.330743e-01	3.325360e-01
1.701915474861116e-07	3.319566e-01	3.330787e-01	3.325431e-01
1.702178332003973e-07	3.319648e-01	3.330832e-01	3.325503e-01
1.702546903432545e-07	3.319774e-01	3.330898e-01	3.325603e-01
1.702915474861117e-07	3.319907e-01	3.330966e-01	3.325703e-01
1.703284046289689e-07	3.320048e-01	3.331035e-01	3.325804e-01
1.703652617718260e-07	3.320197e-01	3.331104e-01	3.325904e-01
1.704021189146832e-07	3.320353e-01	3.331176e-01	3.326004e-01
1.704389760575404e-07	3.320517e-01	3.331248e-01	3.326104e-01
1.704758332003976e-07	3.320689e-01	3.331322e-01	3.326204e-01
1.705256903432548e-07	3.320928e-01	3.331423e-01	3.326339e-01
1.705755474861120e-07	3.321169e-01	3.331517e-01	3.326473e-01
1.706254046289692e-07	3.321413e-01	3.331605e-01	3.326607e-01
1.706752617718264e-07	3.321660e-01	3.331687e-01	3.326741e-01
1.707251189146836e-07	3.321908e-01	3.331761e-01	3.326875e-01
1.707749760575408e-07	3.322159e-01	3.331830e-01	3.327008e-01
1.708248332003980e-07	3.322413e-01	3.331892e-01	3.327141e-01
1.708442617718266e-07	3.322510e-01	3.331912e-01	3.327193e-01
1.708636903432552e-07	3.322607e-01	3.331929e-01	3.327244e-01
1.708831189146838e-07	3.322704e-01	3.331945e-01	3.327295e-01
1.709025474861124e-07	3.322801e-01	3.331958e-01	3.327347e-01
1.709219760575410e-07	3.322897e-01	3.331970e-01	3.327398e-01
1.709414046289696e-07	3.322993e-01	3.331979e-01	3.327449e-01
1.709608332003981e-07	3.323089e-01	3.331987e-01	3.327500e-01
1.709618332003981e-07	3.323094e-01	3.331987e-01	3.327503e-01
1.709808332003982e-07	3.323187e-01	3.331992e-01	3.327553e-01
1.709998332003982e-07	3.323280e-01	3.331995e-01	3.327603e-01
1.710188332003982e-07	3.323373e-01	3.331995e-01	3.327652e-01
1.710378332003982e-07	3.323465e-01	3.331994e-01	3.327702e-01
1.710568332003983e-07	3.323557e-01	3.331989e-01	3.327752e-01
1.710758332003983e-07	3.323649e-01	3.331983e-01	3.327801e-01
1.710948332003983e-07	3.323741e-01	3.331974e-01	3.327850e-01
1.711264046289698e-07	3.323892e-01	3.331954e-01	3.327932e-01
1.711579760575412e-07	3.324042e-01	3.331928e-01	3.328014e-01
1.711895474861127e-07	3.324192e-01	3.331894e-01	3.328095e-01
1.712211189146841e-07	3.324341e-01	3.331854e-01	3.328176e-01
1.712526903432556e-07	3.324489e-01	3.331806e-01	3.328256e-01
1.712842617718271e-07	3.324637e-01	3.331752e-01	3.328337e-01
1.713158332003985e-07	3.324784e-01	3.331691e-01	3.328417e-01
1.713664046289700e-07	3.325018e-01	3.331577e-01	3.328544e-01
1.714169760575415e-07	3.325253e-01	3.331448e-01	3.328671e-01
1.714675474861130e-07	3.325488e-01	3.331303e-01	3.328797e-01
1.715181189146845e-07	3.325723e-01	3.331143e-01	3.328922e-01
1.715686903432560e-07	3.325958e-01	3.330967e-01	3.329047e-01
1.716192617718274e-07	3.326194e-01	3.330776e-01	3.329170e-01
1.716698332003989e-07	3.326430e-01	3.330570e-01	3.329293e-01
1.717148332003990e-07	3.326641e-01	3.330375e-01	3.329401e-01
1.717598332003990e-07	3.326855e-01	3.330173e-01	3.329508e-01
1.718048332003991e-07	3.327070e-01	3.329964e-01	3.329615e-01
1.718498332003992e-07	3.327287e-01	3.329749e-01	3.329721e-01
1.718948332003992e-07	3.327506e-01	3.329527e-01	3.329827e-01
1.719398332003993e-07	3.327726e-01	3.329297e-01	3.329931e-01
1.719848332003993e-07	3.327949e-01	3.329061e-01	3.330035e-01
1.719858332003993e-07	3.327954e-01	3.329056e-01	3.330037e-01
1.720734046289708e-07	3.328394e-01	3.328575e-01	3.330237e-01
1.721609760575424e-07	3.328842e-01	3.328102e-01	3.330433e-01
1.722485474861139e-07	3.329296e-01	3.327637e-01	3.330627e-01
1.723361189146854e-07	3.329757e-01	3.327180e-01	3.330817e-01
1.724236903432569e-07	3.330225e-01	3.326731e-01	3.331005e-01
1.725112617718285e-07	3.330700e-01	3.326289e-01	3.331189e-01
1.725988332004000e-07	3.331182e-01	3.325855e-01	3.331370e-01
1.726574046289715e-07	3.331506e-01	3.325587e-01	3.331489e-01
1.727159760575430e-07	3.331829e-01	3.325334e-01	3.331607e-01
1.727745474861145e-07	3.332153e-01	3.325096e-01	3.331724e-01
1.728331189146860e-07	3.332476e-01	3.324873e-01	3.331839e-01
1.728916903432575e-07	3.332799e-01	3.324665e-01	3.331953e-01
1.729502617718290e-07	3.333122e-01	3.324473e-01	3.332065e-01
1.730088332004005e-07	3.333445e-01	3.324295e-01	3.332176e-01
1.730098332004005e-07	3.333451e-01	3.324292e-01	3.332177e-01
1.730634046289720e-07	3.333744e-01	3.324147e-01	3.332278e-01
1.731169760575434e-07	3.334035e-01	3.324018e-01	3.332377e-01
1.731705474861149e-07	3.334323e-01	3.323904e-01	3.332474e-01
1.732241189146864e-07	3.334608e-01	3.323805e-01	3.332571e-01
1.732776903432579e-07	3.334890e-01	3.323722e-01	3.332666e-01
1.733312617718294e-07	3.335169e-01	3.323654e-01	3.332761e-01
1.733848332004009e-07	3.335446e-01	3.323602e-01	3.332854e-01
1.734115474861152e-07	3.335582e-01	3.323582e-01	3.332900e-01
1.734382617718295e-07	3.335717e-01	3.323566e-01	3.332945e-01
1.734649760575438e-07	3.335851e-01	3.323553e-01	3.332991e-01
1.734916903432582e-07	3.335984e-01	3.323544e-01	3.333036e-01
1.735184046289725e-07	3.336115e-01	3.323539e-01	3.333081e-01
1.735451189146868e-07	3.336246e-01	3.323538e-01	3.333125e-01
1.735718332004011e-07	3.336375e-01	3.323540e-01	3.333170e-01
1.736236903432583e-07	3.336623e-01	3.323556e-01	3.333255e-01
1.736755474861155e-07	3.336866e-01	3.323585e-01	3.333339e-01
1.737274046289727e-07	3.337103e-01	3.323626e-01	3.333422e-01
1.737792617718299e-07	3.337335e-01	3.323680e-01	3.333504e-01
1.738311189146871e-07	3.337561e-01	3.323747e-01	3.333585e-01
1.738829760575443e-07	3.337783e-01	3.323827e-01	3.333665e-01
1.739348332004015e-07	3.337998e-01	3.323919e-01	3.333744e-01
1.740338332004016e-07	3.338393e-01	3.324124e-01	3.333891e-01
1.741469760575446e-07	3.338816e-01	3.324418e-01	3.334056e-01
1.742601189146876e-07	3.339209e-01	3.324743e-01	3.334215e-01
1.743732617718306e-07	3.339571e-01	3.325101e-01	3.334371e-01
1.744864046289736e-07	3.339901e-01	3.325490e-01	3.334522e-01
1.745995474861166e-07	3.340201e-01	3.325911e-01	3.334668e-01
1.747126903432595e-07	3.340470e-01	3.326364e-01	3.334811e-01
1.748258332004025e-07	3.340707e-01	3.326848e-01	3.334948e-01
1.748588332004026e-07	3.340771e-01	3.326989e-01	3.334988e-01
1.748918332004026e-07	3.340832e-01	3.327131e-01	3.335027e-01
1.749248332004026e-07	3.340890e-01	3.327273e-01	3.335066e-01
1.749578332004027e-07	3.340946e-01	3.327416e-01	3.335104e-01
1.749908332004027e-07	3.341000e-01	3.327561e-01	3.335142e-01
1.750238332004028e-07	3.341051e-01	3.327706e-01	3.335180e-01
1.750568332004028e-07	3.341099e-01	3.327851e-01	3.335218e-01
1.750578332004028e-07	3.341101e-01	3.327856e-01	3.335219e-01
1.751558332004029e-07	3.341229e-01	3.328296e-01	3.335328e-01
1.752538332004030e-07	3.341338e-01	3.328732e-01	3.335434e-01
1.753518332004031e-07	3.341429e-01	3.329164e-01	3.335538e-01
1.754498332004032e-07	3.341500e-01	3.329592e-01	3.335639e-01
1.755478332004033e-07	3.341553e-01	3.330017e-01	3.335737e-01
1.756458332004035e-07	3.341588e-01	3.330438e-01	3.335833e-01
1.757438332004036e-07	3.341604e-01	3.330855e-01	3.335926e-01
1.757718332004036e-07	3.341606e-01	3.330971e-01	3.335952e-01
1.757998332004036e-07	3.341607e-01	3.331087e-01	3.335978e-01
1.758278332004037e-07	3.341606e-01	3.331201e-01	3.336004e-01
1.758558332004037e-07	3.341605e-01	3.331314e-01	3.336030e-01
1.758838332004037e-07	3.341602e-01	3.331427e-01	3.336057e-01
1.759118332004038e-07	3.341598e-01	3.331538e-01	3.336084e-01
1.759398332004038e-07	3.341593e-01	3.331649e-01	3.336111e-01
1.759599760575467e-07	3.341588e-01	3.331728e-01	3.336131e-01
1.759801189146895e-07	3.341583e-01	3.331807e-01	3.336151e-01
1.760002617718324e-07	3.341578e-01	3.331884e-01	3.336172e-01
1.760204046289753e-07	3.341572e-01	3.331962e-01	3.336194e-01
1.760405474861182e-07	3.341565e-01	3.332039e-01	3.336217e-01
1.760606903432611e-07	3.341558e-01	3.332115e-01	3.336240e-01
1.760808332004039e-07	3.341550e-01	3.332191e-01	3.336263e-01
1.760818332004039e-07	3.341549e-01	3.332194e-01	3.336264e-01
1.761196903432611e-07	3.341533e-01	3.332335e-01	3.336311e-01
1.761575474861183e-07	3.341515e-01	3.332473e-01	3.336362e-01
1.761954046289755e-07	3.341496e-01	3.332610e-01	3.336417e-01
1.762332617718327e-07	3.341474e-01	3.332744e-01	3.336476e-01
1.762711189146899e-07	3.341451e-01	3.332876e-01	3.336538e-01
1.763089760575471e-07	3.341426e-01	3.333006e-01	3.336605e-01
1.763468332004043e-07	3.341400e-01	3.333134e-01	3.336676e-01
1.764005474861186e-07	3.341359e-01	3.333311e-01	3.336785e-01
1.764542617718329e-07	3.341316e-01	3.333484e-01	3.336904e-01
1.765079760575473e-07	3.341271e-01	3.333651e-01	3.337031e-01
1.765616903432616e-07	3.341222e-01	3.333814e-01	3.337166e-01
1.766154046289760e-07	3.341171e-01	3.333973e-01	3.337310e-01
1.766691189146903e-07	3.341118e-01	3.334126e-01	3.337462e-01
1.767228332004047e-07	3.341061e-01	3.334275e-01	3.337623e-01
1.767774046289762e-07	3.341002e-01	3.334421e-01	3.337795e-01
1.768319760575477e-07	3.340941e-01	3.334562e-01	3.337971e-01
1.768865474861192e-07	3.340878e-01	3.334698e-01	3.338153e-01
1.769411189146906e-07	3.340813e-01	3.334830e-01	3.338339e-01
1.769956903432621e-07	3.340746e-01	3.334956e-01	3.338531e-01
1.770502617718336e-07	3.340678e-01	3.335077e-01	3.338727e-01
1.771048332004051e-07	3.340608e-01	3.335194e-01	3.338928e-01
1.771058332004051e-07	3.340606e-01	3.335196e-01	3.338932e-01
1.772076903432624e-07	3.340470e-01	3.335399e-01	3.339318e-01
1.773095474861196e-07	3.340332e-01	3.335587e-01	3.339702e-01
1.774114046289769e-07	3.340190e-01	3.335759e-01	3.340084e-01
1.775132617718341e-07	3.340046e-01	3.335916e-01	3.340463e-01
1.776151189146914e-07	3.339899e-01	3.336058e-01	3.340840e-01
1.777169760575487e-07	3.339749e-01	3.336184e-01	3.341215e-01
1.778188332004059e-07	3.339596e-01	3.336295e-01	3.341587e-01
1.778631189146917e-07	3.339530e-01	3.336339e-01	3.341743e-01
1.779074046289775e-07	3.339464e-01	3.336381e-01	3.341897e-01
1.779516903432632e-07	3.339398e-01	3.336420e-01	3.342048e-01
1.779959760575490e-07	3.339331e-01	3.336457e-01	3.342197e-01
1.780402617718347e-07	3.339265e-01	3.336492e-01	3.342343e-01
1.780845474861205e-07	3.339198e-01	3.336524e-01	3.342487e-01
1.781288332004063e-07	3.339132e-01	3.336554e-01	3.342629e-01
1.781298332004063e-07	3.339130e-01	3.336555e-01	3.342632e-01
1.782416903432635e-07	3.338962e-01	3.336619e-01	3.342979e-01
1.783535474861208e-07	3.338795e-01	3.336672e-01	3.343303e-01
1.784654046289781e-07	3.338630e-01	3.336713e-01	3.343604e-01
1.785772617718353e-07	3.338467e-01	3.336743e-01	3.343883e-01
1.786891189146926e-07	3.338306e-01	3.336761e-01	3.344140e-01
1.788009760575499e-07	3.338146e-01	3.336768e-01	3.344373e-01
1.789128332004072e-07	3.337987e-01	3.336764e-01	3.344584e-01
1.789335474861215e-07	3.337959e-01	3.336763e-01	3.344620e-01
1.789542617718358e-07	3.337930e-01	3.336761e-01	3.344655e-01
1.789749760575501e-07	3.337901e-01	3.336759e-01	3.344689e-01
1.789956903432644e-07	3.337873e-01	3.336757e-01	3.344722e-01
1.790164046289787e-07	3.337844e-01	3.336754e-01	3.344754e-01
1.790371189146930e-07	3.337816e-01	3.336751e-01	3.344785e-01
1.790578332004073e-07	3.337787e-01	3.336748e-01	3.344815e-01
1.790714046289788e-07	3.337769e-01	3.336746e-01	3.344834e-01
1.790849760575502e-07	3.337751e-01	3.336744e-01	3.344852e-01
1.790985474861217e-07	3.337732e-01	3.336741e-01	3.344869e-01
1.791121189146931e-07	3.337714e-01	3.336739e-01	3.344886e-01
1.791256903432645e-07	3.337696e-01	3.336736e-01	3.344902e-01
1.791392617718360e-07	3.337677e-01	3.336733e-01	3.344918e-01
1.791528332004074e-07	3.337659e-01	3.336731e-01	3.344932e-01
1.791538332004074e-07	3.337658e-01	3.336730e-01	3.344933e-01
1.791764046289789e-07	3.337628e-01	3.336725e-01	3.344956e-01
1.791989760575503e-07	3.337597e-01	3.336720e-01	3.344975e-01
1.792215474861218e-07	3.337567e-01	3.336714e-01	3.344991e-01
1.792441189146932e-07	3.337538e-01	3.336709e-01	3.345004e-01
1.792666903432647e-07	3.337508e-01	3.336702e-01	3.345014e-01
1.792892617718361e-07	3.337478e-01	3.336696e-01	3.345021e-01
1.793118332004076e-07	3.337449e-01	3.336689e-01	3.345025e-01
1.793256903432648e-07	3.337431e-01	3.336685e-01	3.345025e-01
1.793395474861219e-07	3.337413e-01	3.336681e-01	3.345023e-01
1.793534046289791e-07	3.337395e-01	3.336676e-01	3.345020e-01
1.793672617718362e-07	3.337377e-01	3.336672e-01	3.345015e-01
1.793811189146934e-07	3.337360e-01	3.336667e-01	3.345009e-01
1.793949760575506e-07	3.337342e-01	3.336663e-01	3.345001e-01
1.794088332004077e-07	3.337324e-01	3.336658e-01	3.344991e-01
1.794358332004078e-07	3.337290e-01	3.336649e-01	3.344968e-01
1.794628332004078e-07	3.337256e-01	3.336639e-01	3.344937e-01
1.794898332004078e-07	3.337222e-01	3.336629e-01	3.344900e-01
1.795168332004078e-07	3.337188e-01	3.336618e-01	3.344855e-01
1.795438332004079e-07	3.337155e-01	3.336607e-01	3.344803e-01
1.795708332004079e-07	3.337121e-01	3.336596e-01	3.344744e-01
1.795978332004079e-07	3.337088e-01	3.336585e-01	3.344679e-01
1.796401189146937e-07	3.337037e-01	3.336566e-01	3.344559e-01
1.796824046289795e-07	3.336986e-01	3.336547e-01	3.344422e-01
1.797246903432652e-07	3.336936e-01	3.336528e-01	3.344269e-01
1.797669760575510e-07	3.336886e-01	3.336508e-01	3.344097e-01
1.798092617718367e-07	3.336836e-01	3.336487e-01	3.343909e-01
1.798515474861225e-07	3.336787e-01	3.336466e-01	3.343703e-01
1.798938332004083e-07	3.336739e-01	3.336444e-01	3.343480e-01
1.799342617718369e-07	3.336693e-01	3.336422e-01	3.343251e-01
1.799746903432655e-07	3.336648e-01	3.336400e-01	3.343011e-01
1.800151189146941e-07	3.336603e-01	3.336378e-01	3.342759e-01
1.800555474861227e-07	3.336559e-01	3.336356e-01	3.342496e-01
1.800959760575514e-07	3.336515e-01	3.336333e-01	3.342222e-01
1.801364046289800e-07	3.336472e-01	3.336309e-01	3.341936e-01
1.801768332004086e-07	3.336429e-01	3.336286e-01	3.341639e-01
1.801778332004086e-07	3.336428e-01	3.336285e-01	3.341632e-01
1.802679760575515e-07	3.336334e-01	3.336231e-01	3.340922e-01
1.803581189146945e-07	3.336242e-01	3.336176e-01	3.340203e-01
1.804482617718375e-07	3.336153e-01	3.336120e-01	3.339474e-01
1.805384046289804e-07	3.336066e-01	3.336063e-01	3.338736e-01
1.806285474861234e-07	3.335982e-01	3.336006e-01	3.337987e-01
1.807186903432664e-07	3.335900e-01	3.335947e-01	3.337229e-01
1.808088332004093e-07	3.335820e-01	3.335888e-01	3.336461e-01
1.808648332004094e-07	3.335771e-01	3.335851e-01	3.336002e-01
1.809208332004094e-07	3.335724e-01	3.335814e-01	3.335553e-01
1.809768332004095e-07	3.335677e-01	3.335777e-01	3.335114e-01
1.810328332004096e-07	3.335631e-01	3.335741e-01	3.334685e-01
1.810888332004096e-07	3.335586e-01	3.335704e-01	3.334267e-01
1.811448332004097e-07	3.335542e-01	3.335667e-01	3.333858e-01
1.812008332004098e-07	3.335498e-01	3.335630e-01	3.333459e-01
1.812018332004098e-07	3.335498e-01	3.335629e-01	3.333452e-01
1.812894046289813e-07	3.335431e-01	3.335572e-01	3.332857e-01
1.813769760575528e-07	3.335367e-01	3.335515e-01	3.332295e-01
1.814645474861243e-07	3.335305e-01	3.335458e-01	3.331768e-01
1.815521189146959e-07	3.335244e-01	3.335402e-01	3.331274e-01
1.816396903432674e-07	3.335185e-01	3.335346e-01	3.330814e-01
1.817272617718389e-07	3.335129e-01	3.335291e-01	3.330388e-01
1.818148332004105e-07	3.335074e-01	3.335236e-01	3.329996e-01
1.818734046289820e-07	3.335038e-01	3.335200e-01	3.329753e-01
1.819319760575534e-07	3.335003e-01	3.335164e-01	3.329523e-01
1.819905474861249e-07	3.334968e-01	3.335128e-01	3.329307e-01
1.820491189146964e-07	3.334935e-01	3.335093e-01	3.329104e-01
1.821076903432679e-07	3.334902e-01	3.335059e-01	3.328914e-01
1.821662617718394e-07	3.334870e-01	3.335024e-01	3.328738e-01
1.822248332004109e-07	3.334838e-01	3.334990e-01	3.328575e-01
1.822258332004109e-07	3.334838e-01	3.334990e-01	3.328573e-01
1.823346903432682e-07	3.334781e-01	3.334927e-01	3.328307e-01
1.824435474861255e-07	3.334727e-01	3.334866e-01	3.328072e-01
1.825524046289827e-07	3.334675e-01	3.334807e-01	3.327868e-01
1.826612617718400e-07	3.334625e-01	3.334749e-01	3.327696e-01
1.827701189146972e-07	3.334577e-01	3.334692e-01	3.327554e-01
1.828789760575545e-07	3.334532e-01	3.334637e-01	3.327444e-01
1.829878332004118e-07	3.334488e-01	3.334584e-01	3.327364e-01
1.830251189146975e-07	3.334473e-01	3.334566e-01	3.327340e-01
1.830624046289833e-07	3.334459e-01	3.334548e-01	3.327318e-01
1.830996903432691e-07	3.334445e-01	3.334530e-01	3.327298e-01
1.831369760575548e-07	3.334431e-01	3.334513e-01	3.327280e-01
1.831742617718406e-07	3.334417e-01	3.334495e-01	3.327265e-01
1.832115474861263e-07	3.334404e-01	3.334478e-01	3.327252e-01
1.832488332004121e-07	3.334391e-01	3.334461e-01	3.327241e-01
1.832498332004121e-07	3.334390e-01	3.334461e-01	3.327241e-01
1.832894046289836e-07	3.334376e-01	3.334443e-01	3.327232e-01
1.833289760575550e-07	3.334363e-01	3.334425e-01	3.327224e-01
1.833685474861265e-07	3.334349e-01	3.334408e-01	3.327219e-01
1.834081189146980e-07	3.334336e-01	3.334391e-01	3.327215e-01
1.834476903432694e-07	3.334323e-01	3.334374e-01	3.327213e-01
1.834872617718409e-07	3.334310e-01	3.334357e-01	3.327213e-01
1.835268332004124e-07	3.334298e-01	3.334341e-01	3.327215e-01
1.835855474861268e-07	3.334280e-01	3.334316e-01	3.327221e-01
1.836442617718411e-07	3.334262e-01	3.334293e-01	3.327230e-01
1.837029760575554e-07	3.334245e-01	3.334269e-01	3.327242e-01
1.837616903432698e-07	3.334228e-01	3.334246e-01	3.327257e-01
1.838204046289842e-07	3.334211e-01	3.334224e-01	3.327275e-01
1.838791189146985e-07	3.334195e-01	3.334201e-01	3.327295e-01
1.839378332004129e-07	3.334179e-01	3.334180e-01	3.327318e-01
1.839856903432701e-07	3.334167e-01	3.334162e-01	3.327338e-01
1.840335474861273e-07	3.334155e-01	3.334145e-01	3.327360e-01
1.840814046289845e-07	3.334143e-01	3.334128e-01	3.327383e-01
1.841292617718416e-07	3.334131e-01	3.334112e-01	3.327407e-01
1.841771189146988e-07	3.334119e-01	3.334095e-01	3.327432e-01
1.842249760575560e-07	3.334108e-01	3.334079e-01	3.327458e-01
1.842728332004132e-07	3.334097e-01	3.334064e-01	3.327485e-01
1.842738332004132e-07	3.334097e-01	3.334063e-01	3.327486e-01
1.843609760575562e-07	3.334077e-01	3.334035e-01	3.327539e-01
1.844481189146991e-07	3.334058e-01	3.334008e-01	3.327594e-01
1.845352617718421e-07	3.334040e-01	3.333981e-01	3.327652e-01
1.846224046289851e-07	3.334023e-01	3.333955e-01	3.327711e-01
1.847095474861280e-07	3.334006e-01	3.333931e-01	3.327773e-01
1.847966903432710e-07	3.333990e-01	3.333907e-01	3.327838e-01
1.848838332004139e-07	3.333974e-01	3.333883e-01	3.327904e-01
1.848908332004139e-07	3.333973e-01	3.333881e-01	3.327909e-01
1.848978332004139e-07	3.333972e-01	3.333880e-01	3.327915e-01
1.849048332004140e-07	3.333971e-01	3.333878e-01	3.327920e-01
1.849118332004140e-07	3.333969e-01	3.333876e-01	3.327926e-01
1.849188332004140e-07	3.333968e-01	3.333874e-01	3.327931e-01
1.849258332004140e-07	3.333966e-01	3.333872e-01	3.327936e-01
1.849328332004140e-07	3.333964e-01	3.333870e-01	3.327942e-01
1.849419760575568e-07	3.333962e-01	3.333868e-01	3.327949e-01
1.849511189146997e-07	3.333959e-01	3.333865e-01	3.327956e-01
1.849602617718426e-07	3.333956e-01	3.333863e-01	3.327963e-01
1.849694046289855e-07	3.333952e-01	3.333860e-01	3.327970e-01
1.849785474861283e-07	3.333949e-01	3.333858e-01	3.327977e-01
1.849876903432712e-07	3.333944e-01	3.333855e-01	3.327985e-01
1.849968332004141e-07	3.333940e-01	3.333852e-01	3.327992e-01
1.850102617718426e-07	3.333932e-01	3.333848e-01	3.328002e-01
1.850236903432712e-07	3.333924e-01	3.333843e-01	3.328013e-01
1.850371189146998e-07	3.333914e-01	3.333838e-01	3.328024e-01
1.850505474861284e-07	3.333904e-01	3.333833e-01	3.328034e-01
1.850639760575570e-07	3.333892e-01	3.333828e-01	3.328045e-01
1.850774046289856e-07	3.333880e-01	3.333821e-01	3.328056e-01
1.850908332004142e-07	3.333867e-01	3.333815e-01	3.328066e-01
1.851111189146999e-07	3.333845e-01	3.333804e-01	3.328082e-01
1.851314046289857e-07	3.333821e-01	3.333792e-01	3.328099e-01
1.851516903432714e-07	3.333794e-01	3.333779e-01	3.328115e-01
1.851719760575571e-07	3.333767e-01	3.333763e-01	3.328132e-01
1.851922617718428e-07	3.333737e-01	3.333747e-01	3.328148e-01
1.852125474861286e-07	3.333705e-01	3.333728e-01	3.328165e-01
1.852328332004143e-07	3.333671e-01	3.333708e-01	3.328182e-01
1.852419760575572e-07	3.333656e-01	3.333698e-01	3.328189e-01
1.852511189147001e-07	3.333640e-01	3.333688e-01	3.328196e-01
1.852602617718429e-07	3.333624e-01	3.333677e-01	3.328204e-01
1.852694046289858e-07	3.333608e-01	3.333666e-01	3.328212e-01
1.852785474861287e-07	3.333592e-01	3.333655e-01	3.328219e-01
1.852876903432715e-07	3.333575e-01	3.333644e-01	3.328227e-01
1.852968332004144e-07	3.333558e-01	3.333632e-01	3.328234e-01
1.852978332004144e-07	3.333556e-01	3.333630e-01	3.328235e-01
1.853261189147001e-07	3.333502e-01	3.333590e-01	3.328258e-01
1.853544046289859e-07	3.333447e-01	3.333546e-01	3.328282e-01
1.853826903432716e-07	3.333391e-01	3.333499e-01	3.328306e-01
1.854109760575574e-07	3.333336e-01	3.333448e-01	3.328329e-01
1.854392617718431e-07	3.333279e-01	3.333394e-01	3.328353e-01
1.854675474861289e-07	3.333222e-01	3.333337e-01	3.328377e-01
1.854958332004146e-07	3.333165e-01	3.333276e-01	3.328401e-01
1.855286903432718e-07	3.333100e-01	3.333201e-01	3.328429e-01
1.855615474861290e-07	3.333036e-01	3.333124e-01	3.328457e-01
1.855944046289862e-07	3.332974e-01	3.333046e-01	3.328485e-01
1.856272617718433e-07	3.332914e-01	3.332965e-01	3.328513e-01
1.856601189147005e-07	3.332855e-01	3.332883e-01	3.328541e-01
1.856929760575577e-07	3.332798e-01	3.332799e-01	3.328569e-01
1.857258332004149e-07	3.332743e-01	3.332714e-01	3.328597e-01
1.857638332004149e-07	3.332683e-01	3.332614e-01	3.328630e-01
1.858018332004150e-07	3.332625e-01	3.332517e-01	3.328663e-01
1.858398332004150e-07	3.332570e-01	3.332423e-01	3.328696e-01
1.858778332004151e-07	3.332518e-01	3.332333e-01	3.328729e-01
1.859158332004151e-07	3.332468e-01	3.332245e-01	3.328762e-01
1.859538332004151e-07	3.332420e-01	3.332159e-01	3.328795e-01
1.859918332004152e-07	3.332375e-01	3.332077e-01	3.328828e-01
1.860252617718438e-07	3.332337e-01	3.332010e-01	3.328857e-01
1.860586903432724e-07	3.332299e-01	3.331948e-01	3.328886e-01
1.860921189147010e-07	3.332262e-01	3.331890e-01	3.328915e-01
1.861255474861296e-07	3.332225e-01	3.331838e-01	3.328944e-01
1.861589760575582e-07	3.332189e-01	3.331790e-01	3.328974e-01
1.861924046289869e-07	3.332154e-01	3.331747e-01	3.329003e-01
1.862258332004155e-07	3.332118e-01	3.331709e-01	3.329032e-01
1.862394046289869e-07	3.332104e-01	3.331695e-01	3.329044e-01
1.862529760575583e-07	3.332089e-01	3.331683e-01	3.329056e-01
1.862665474861298e-07	3.332075e-01	3.331671e-01	3.329068e-01
1.862801189147012e-07	3.332060e-01	3.331660e-01	3.329079e-01
1.862936903432727e-07	3.332045e-01	3.331650e-01	3.329091e-01
1.863072617718441e-07	3.332030e-01	3.331640e-01	3.329103e-01
1.863208332004156e-07	3.332015e-01	3.331632e-01	3.329115e-01
1.863218332004156e-07	3.332013e-01	3.331631e-01	3.329116e-01
1.863408332004156e-07	3.331992e-01	3.331621e-01	3.329132e-01
1.863598332004156e-07	3.331970e-01	3.331613e-01	3.329149e-01
1.863788332004156e-07	3.331948e-01	3.331606e-01	3.329165e-01
1.863978332004156e-07	3.331926e-01	3.331601e-01	3.329182e-01
1.864168332004157e-07	3.331903e-01	3.331598e-01	3.329198e-01
1.864358332004157e-07	3.331879e-01	3.331596e-01	3.329215e-01
1.864548332004157e-07	3.331856e-01	3.331596e-01	3.329231e-01
1.864804046289872e-07	3.331823e-01	3.331599e-01	3.329254e-01
1.865059760575586e-07	3.331789e-01	3.331604e-01	3.329276e-01
1.865315474861301e-07	3.331754e-01	3.331612e-01	3.329298e-01
1.865571189147015e-07	3.331718e-01	3.331622e-01	3.329320e-01
1.865826903432730e-07	3.331680e-01	3.331635e-01	3.329343e-01
1.866082617718444e-07	3.331642e-01	3.331650e-01	3.329365e-01
1.866338332004159e-07	3.331603e-01	3.331668e-01	3.329387e-01
1.866882617718445e-07	3.331514e-01	3.331717e-01	3.329434e-01
1.867426903432732e-07	3.331420e-01	3.331771e-01	3.329481e-01
1.867971189147018e-07	3.331320e-01	3.331830e-01	3.329528e-01
1.868515474861305e-07	3.331213e-01	3.331895e-01	3.329574e-01
1.869059760575591e-07	3.331101e-01	3.331965e-01	3.329621e-01
1.869604046289877e-07	3.330983e-01	3.332042e-01	3.329667e-01
1.870148332004163e-07	3.330859e-01	3.332123e-01	3.329713e-01
1.870619760575593e-07	3.330747e-01	3.332194e-01	3.329753e-01
1.871091189147022e-07	3.330631e-01	3.332262e-01	3.329792e-01
1.871562617718451e-07	3.330513e-01	3.332330e-01	3.329832e-01
1.872034046289880e-07	3.330391e-01	3.332395e-01	3.329871e-01
1.872505474861309e-07	3.330266e-01	3.332459e-01	3.329910e-01
1.872976903432738e-07	3.330138e-01	3.332521e-01	3.329950e-01
1.873448332004167e-07	3.330007e-01	3.332581e-01	3.329988e-01
1.873458332004167e-07	3.330004e-01	3.332582e-01	3.329989e-01
1.873869760575596e-07	3.329888e-01	3.332631e-01	3.330023e-01
1.874281189147025e-07	3.329771e-01	3.332675e-01	3.330057e-01
1.874692617718454e-07	3.329654e-01	3.332717e-01	3.330090e-01
1.875104046289883e-07	3.329536e-01	3.332754e-01	3.330123e-01
1.875515474861312e-07	3.329417e-01	3.332787e-01	3.330157e-01
1.875926903432741e-07	3.329297e-01	3.332817e-01	3.330190e-01
1.876338332004170e-07	3.329177e-01	3.332843e-01	3.330222e-01
1.876624046289885e-07	3.329093e-01	3.332858e-01	3.330245e-01
1.876909760575600e-07	3.329010e-01	3.332871e-01	3.330268e-01
1.877195474861314e-07	3.328928e-01	3.332882e-01	3.330290e-01
1.877481189147029e-07	3.328845e-01	3.332890e-01	3.330313e-01
1.877766903432744e-07	3.328763e-01	3.332896e-01	3.330335e-01
1.878052617718458e-07	3.328681e-01	3.332900e-01	3.330357e-01
1.878338332004173e-07	3.328600e-01	3.332902e-01	3.330379e-01
1.878622617718459e-07	3.328519e-01	3.332902e-01	3.330401e-01
1.878906903432745e-07	3.328440e-01	3.332899e-01	3.330423e-01
1.879191189147031e-07	3.328361e-01	3.332895e-01	3.330445e-01
1.879475474861317e-07	3.328283e-01	3.332888e-01	3.330467e-01
1.879759760575603e-07	3.328205e-01	3.332879e-01	3.330489e-01
1.880044046289889e-07	3.328129e-01	3.332868e-01	3.330510e-01
1.880328332004175e-07	3.328053e-01	3.332854e-01	3.330532e-01
1.880898332004176e-07	3.327904e-01	3.332822e-01	3.330574e-01
1.880908332004176e-07	3.327902e-01	3.332821e-01	3.330575e-01
1.880918332004176e-07	3.327899e-01	3.332821e-01	3.330576e-01
1.880928332004176e-07	3.327897e-01	3.332820e-01	3.330577e-01
1.881016903432747e-07	3.327874e-01	3.332814e-01	3.330583e-01
1.881105474861319e-07	3.327851e-01	3.332808e-01	3.330590e-01
1.881194046289890e-07	3.327829e-01	3.332801e-01	3.330596e-01
1.881282617718462e-07	3.327807e-01	3.332794e-01	3.330603e-01
1.881371189147033e-07	3.327785e-01	3.332786e-01	3.330610e-01
1.881459760575605e-07	3.327762e-01	3.332778e-01	3.330616e-01
1.881548332004176e-07	3.327740e-01	3.332769e-01	3.330623e-01
1.881659760575605e-07	3.327713e-01	3.332757e-01	3.330631e-01
1.881771189147034e-07	3.327685e-01	3.332744e-01	3.330639e-01
1.881882617718462e-07	3.327658e-01	3.332729e-01	3.330647e-01
1.881994046289891e-07	3.327631e-01	3.332713e-01	3.330656e-01
1.882105474861320e-07	3.327605e-01	3.332696e-01	3.330664e-01
1.882216903432749e-07	3.327578e-01	3.332677e-01	3.330672e-01
1.882328332004177e-07	3.327552e-01	3.332657e-01	3.330680e-01
1.882499760575606e-07	3.327512e-01	3.332622e-01	3.330693e-01
1.882671189147035e-07	3.327472e-01	3.332585e-01	3.330705e-01
1.882842617718463e-07	3.327433e-01	3.332544e-01	3.330717e-01
1.883014046289892e-07	3.327395e-01	3.332499e-01	3.330730e-01
1.883185474861321e-07	3.327357e-01	3.332452e-01	3.330742e-01
1.883356903432750e-07	3.327320e-01	3.332401e-01	3.330755e-01
1.883528332004179e-07	3.327283e-01	3.332348e-01	3.330767e-01
1.883698332004179e-07	3.327247e-01	3.332292e-01	3.330779e-01
1.884105474861322e-07	3.327163e-01	3.332140e-01	3.330808e-01
1.884512617718465e-07	3.327085e-01	3.331986e-01	3.330837e-01
1.884919760575609e-07	3.327012e-01	3.331830e-01	3.330865e-01
1.885326903432752e-07	3.326944e-01	3.331672e-01	3.330894e-01
1.885734046289896e-07	3.326881e-01	3.331512e-01	3.330922e-01
1.886141189147039e-07	3.326824e-01	3.331349e-01	3.330950e-01
1.886548332004182e-07	3.326772e-01	3.331184e-01	3.330977e-01
1.886815474861325e-07	3.326742e-01	3.331084e-01	3.330995e-01
1.887082617718468e-07	3.326716e-01	3.330990e-01	3.331013e-01
1.887349760575612e-07	3.326692e-01	3.330902e-01	3.331031e-01
1.887616903432755e-07	3.326673e-01	3.330819e-01	3.331049e-01
1.887884046289898e-07	3.326656e-01	3.330742e-01	3.331066e-01
1.888151189147041e-07	3.326643e-01	3.330671e-01	3.331084e-01
1.888418332004184e-07	3.326634e-01	3.330605e-01	3.331102e-01
1.888602617718470e-07	3.326630e-01	3.330564e-01	3.331113e-01
1.888786903432756e-07	3.326627e-01	3.330527e-01	3.331125e-01
1.888971189147042e-07	3.326627e-01	3.330493e-01	3.331137e-01
1.889155474861328e-07	3.326628e-01	3.330463e-01	3.331149e-01
1.889339760575614e-07	3.326631e-01	3.330437e-01	3.331161e-01
1.889524046289900e-07	3.326636e-01	3.330413e-01	3.331173e-01
1.889708332004186e-07	3.326643e-01	3.330394e-01	3.331185e-01
1.889846903432757e-07	3.326650e-01	3.330381e-01	3.331193e-01
1.889985474861329e-07	3.326657e-01	3.330371e-01	3.331202e-01
1.890124046289901e-07	3.326666e-01	3.330363e-01	3.331211e-01
1.890262617718472e-07	3.326676e-01	3.330357e-01	3.331220e-01
1.890401189147044e-07	3.326687e-01	3.330352e-01	3.331228e-01
1.890539760575615e-07	3.326700e-01	3.330350e-01	3.331237e-01
1.890678332004187e-07	3.326713e-01	3.330350e-01	3.331246e-01
1.890864046289901e-07	3.326732e-01	3.330352e-01	3.331257e-01
1.891049760575616e-07	3.326754e-01	3.330358e-01	3.331269e-01
1.891235474861330e-07	3.326778e-01	3.330368e-01	3.331280e-01
1.891421189147045e-07	3.326804e-01	3.330380e-01	3.331291e-01
1.891606903432759e-07	3.326832e-01	3.330396e-01	3.331303e-01
1.891792617718474e-07	3.326862e-01	3.330415e-01	3.331314e-01
1.891978332004188e-07	3.326894e-01	3.330437e-01	3.331325e-01
1.892256903432760e-07	3.326946e-01	3.330476e-01	3.331342e-01
1.892535474861332e-07	3.327002e-01	3.330521e-01	3.331359e-01
1.892814046289904e-07	3.327063e-01	3.330571e-01	3.331376e-01
1.893092617718475e-07	3.327128e-01	3.330627e-01	3.331392e-01
1.893371189147047e-07	3.327198e-01	3.330687e-01	3.331408e-01
1.893649760575619e-07	3.327271e-01	3.330754e-01	3.331425e-01
1.893928332004190e-07	3.327350e-01	3.330825e-01	3.331441e-01
1.893938332004190e-07	3.327353e-01	3.330828e-01	3.331441e-01
1.894488332004191e-07	3.327522e-01	3.330986e-01	3.331473e-01
1.895038332004192e-07	3.327704e-01	3.331150e-01	3.331504e-01
1.895588332004192e-07	3.327899e-01	3.331320e-01	3.331535e-01
1.896138332004193e-07	3.328107e-01	3.331495e-01	3.331565e-01
1.896688332004194e-07	3.328328e-01	3.331675e-01	3.331595e-01
1.897238332004194e-07	3.328562e-01	3.331862e-01	3.331625e-01
1.897788332004195e-07	3.328808e-01	3.332054e-01	3.331654e-01
1.898258332004195e-07	3.329026e-01	3.332213e-01	3.331678e-01
1.898728332004196e-07	3.329247e-01	3.332366e-01	3.331702e-01
1.899198332004196e-07	3.329472e-01	3.332514e-01	3.331726e-01
1.899668332004197e-07	3.329700e-01	3.332657e-01	3.331750e-01
1.900138332004197e-07	3.329932e-01	3.332794e-01	3.331773e-01
1.900608332004198e-07	3.330167e-01	3.332926e-01	3.331796e-01
1.901078332004199e-07	3.330406e-01	3.333053e-01	3.331819e-01
1.901519760575628e-07	3.330631e-01	3.333163e-01	3.331840e-01
1.901961189147057e-07	3.330855e-01	3.333267e-01	3.331861e-01
1.902402617718486e-07	3.331077e-01	3.333364e-01	3.331882e-01
1.902844046289915e-07	3.331298e-01	3.333453e-01	3.331902e-01
1.903285474861344e-07	3.331518e-01	3.333535e-01	3.331922e-01
1.903726903432773e-07	3.331736e-01	3.333611e-01	3.331942e-01
1.904168332004202e-07	3.331953e-01	3.333679e-01	3.331962e-01
1.904178332004202e-07	3.331958e-01	3.333681e-01	3.331962e-01
1.904646903432774e-07	3.332185e-01	3.333744e-01	3.331983e-01
1.905115474861346e-07	3.332406e-01	3.333802e-01	3.332003e-01
1.905584046289918e-07	3.332621e-01	3.333852e-01	3.332023e-01
1.906052617718490e-07	3.332831e-01	3.333896e-01	3.332043e-01
1.906521189147062e-07	3.333036e-01	3.333933e-01	3.332062e-01
1.906989760575634e-07	3.333235e-01	3.333963e-01	3.332081e-01
1.907458332004206e-07	3.333429e-01	3.333986e-01	3.332100e-01
1.908002617718492e-07	3.333645e-01	3.334006e-01	3.332122e-01
1.908546903432778e-07	3.333850e-01	3.334021e-01	3.332143e-01
1.909091189147065e-07	3.334045e-01	3.334031e-01	3.332164e-01
1.909635474861351e-07	3.334229e-01	3.334036e-01	3.332185e-01
1.910179760575637e-07	3.334403e-01	3.334036e-01	3.332205e-01
1.910724046289924e-07	3.334565e-01	3.334032e-01	3.332225e-01
1.911268332004210e-07	3.334718e-01	3.334022e-01	3.332244e-01
1.911681189147068e-07	3.334825e-01	3.334014e-01	3.332259e-01
1.912094046289925e-07	3.334926e-01	3.334005e-01	3.332273e-01
1.912506903432783e-07	3.335020e-01	3.333995e-01	3.332287e-01
1.912919760575641e-07	3.335108e-01	3.333986e-01	3.332302e-01
1.913332617718498e-07	3.335189e-01	3.333975e-01	3.332315e-01
1.913745474861356e-07	3.335264e-01	3.333964e-01	3.332329e-01
1.914158332004213e-07	3.335332e-01	3.333952e-01	3.332343e-01
1.914418332004214e-07	3.335371e-01	3.333945e-01	3.332351e-01
1.914799760575643e-07	3.335425e-01	3.333935e-01	3.332363e-01
1.915181189147072e-07	3.335473e-01	3.333926e-01	3.332375e-01
1.915562617718501e-07	3.335515e-01	3.333917e-01	3.332387e-01
1.915944046289930e-07	3.335553e-01	3.333909e-01	3.332398e-01
1.916325474861359e-07	3.335586e-01	3.333901e-01	3.332410e-01
1.916706903432788e-07	3.335613e-01	3.333895e-01	3.332421e-01
1.917088332004217e-07	3.335635e-01	3.333888e-01	3.332433e-01
1.917388332004217e-07	3.335649e-01	3.333884e-01	3.332442e-01
1.917688332004217e-07	3.335660e-01	3.333881e-01	3.332450e-01
1.917988332004218e-07	3.335669e-01	3.333879e-01	3.332459e-01
1.918288332004218e-07	3.335674e-01	3.333877e-01	3.332467e-01
1.918588332004218e-07	3.335677e-01	3.333876e-01	3.332476e-01
1.918888332004219e-07	3.335677e-01	3.333875e-01	3.332484e-01
1.919188332004219e-07	3.335674e-01	3.333876e-01	3.332492e-01
1.919564046289934e-07	3.335666e-01	3.333878e-01	3.332502e-01
1.919939760575648e-07	3.335655e-01	3.333881e-01	3.332512e-01
1.920315474861363e-07	3.335641e-01	3.333885e-01	3.332522e-01
1.920691189147078e-07	3.335623e-01	3.333890e-01	3.332532e-01
1.921066903432793e-07	3.335601e-01	3.333897e-01	3.332542e-01
1.921442617718507e-07	3.335575e-01	3.333905e-01	3.332551e-01
1.921818332004222e-07	3.335546e-01	3.333914e-01	3.332561e-01
1.922222617718508e-07	3.335511e-01	3.333926e-01	3.332571e-01
1.922626903432794e-07	3.335473e-01	3.333939e-01	3.332581e-01
1.923031189147081e-07	3.335432e-01	3.333953e-01	3.332590e-01
1.923435474861367e-07	3.335388e-01	3.333968e-01	3.332600e-01
1.923839760575653e-07	3.335341e-01	3.333985e-01	3.332609e-01
1.924244046289939e-07	3.335290e-01	3.334003e-01	3.332619e-01
1.924648332004225e-07	3.335237e-01	3.334022e-01	3.332628e-01
1.924658332004225e-07	3.335236e-01	3.334022e-01	3.332628e-01
1.925711189147084e-07	3.335080e-01	3.334081e-01	3.332651e-01
1.926764046289942e-07	3.334917e-01	3.334142e-01	3.332673e-01
1.927816903432800e-07	3.334747e-01	3.334207e-01	3.332695e-01
1.928869760575659e-07	3.334568e-01	3.334275e-01	3.332715e-01
1.929922617718517e-07	3.334383e-01	3.334347e-01	3.332735e-01
1.930975474861375e-07	3.334189e-01	3.334422e-01	3.332754e-01
1.932028332004234e-07	3.333988e-01	3.334500e-01	3.332772e-01
1.932436903432806e-07	3.333913e-01	3.334528e-01	3.332779e-01
1.932845474861377e-07	3.333837e-01	3.334557e-01	3.332786e-01
1.933254046289949e-07	3.333762e-01	3.334585e-01	3.332793e-01
1.933662617718521e-07	3.333687e-01	3.334613e-01	3.332799e-01
1.934071189147093e-07	3.333612e-01	3.334640e-01	3.332806e-01
1.934479760575665e-07	3.333538e-01	3.334667e-01	3.332812e-01
1.934888332004237e-07	3.333464e-01	3.334693e-01	3.332818e-01
1.934898332004237e-07	3.333462e-01	3.334694e-01	3.332818e-01
1.935692617718523e-07	3.333321e-01	3.334744e-01	3.332830e-01
1.936486903432810e-07	3.333183e-01	3.334790e-01	3.332842e-01
1.937281189147097e-07	3.333049e-01	3.334834e-01	3.332853e-01
1.938075474861383e-07	3.332919e-01	3.334873e-01	3.332863e-01
1.938869760575670e-07	3.332794e-01	3.334910e-01	3.332874e-01
1.939664046289957e-07	3.332672e-01	3.334943e-01	3.332884e-01
1.940458332004243e-07	3.332555e-01	3.334973e-01	3.332894e-01
1.940575474861386e-07	3.332538e-01	3.334977e-01	3.332895e-01
1.940692617718529e-07	3.332521e-01	3.334981e-01	3.332896e-01
1.940809760575672e-07	3.332505e-01	3.334984e-01	3.332898e-01
1.940926903432815e-07	3.332488e-01	3.334988e-01	3.332899e-01
1.941044046289958e-07	3.332472e-01	3.334992e-01	3.332901e-01
1.941161189147101e-07	3.332456e-01	3.334995e-01	3.332903e-01
1.941278332004244e-07	3.332440e-01	3.334999e-01	3.332904e-01
1.941584046289959e-07	3.332399e-01	3.335007e-01	3.332908e-01
1.941889760575673e-07	3.332358e-01	3.335015e-01	3.332914e-01
1.942195474861388e-07	3.332318e-01	3.335022e-01	3.332922e-01
1.942501189147103e-07	3.332279e-01	3.335029e-01	3.332933e-01
1.942806903432817e-07	3.332241e-01	3.335035e-01	3.332945e-01
1.943112617718532e-07	3.332204e-01	3.335040e-01	3.332960e-01
1.943418332004247e-07	3.332168e-01	3.335045e-01	3.332977e-01
1.943662617718532e-07	3.332139e-01	3.335048e-01	3.332993e-01
1.943906903432819e-07	3.332111e-01	3.335051e-01	3.333013e-01
1.944151189147104e-07	3.332084e-01	3.335053e-01	3.333034e-01
1.944395474861391e-07	3.332057e-01	3.335056e-01	3.333059e-01
1.944639760575676e-07	3.332031e-01	3.335057e-01	3.333086e-01
1.944884046289963e-07	3.332005e-01	3.335058e-01	3.333116e-01
1.945128332004248e-07	3.331980e-01	3.335059e-01	3.333149e-01
1.945138332004249e-07	3.331979e-01	3.335059e-01	3.333151e-01
1.945478332004249e-07	3.331945e-01	3.335060e-01	3.333202e-01
1.945818332004249e-07	3.331912e-01	3.335059e-01	3.333259e-01
1.946158332004250e-07	3.331880e-01	3.335058e-01	3.333322e-01
1.946498332004250e-07	3.331848e-01	3.335056e-01	3.333390e-01
1.946838332004250e-07	3.331819e-01	3.335054e-01	3.333464e-01
1.947178332004251e-07	3.331790e-01	3.335051e-01	3.333544e-01
1.947518332004251e-07	3.331762e-01	3.335046e-01	3.333629e-01
1.948404046289967e-07	3.331694e-01	3.335032e-01	3.333890e-01
1.949289760575682e-07	3.331634e-01	3.335013e-01	3.334164e-01
1.950175474861397e-07	3.331579e-01	3.334990e-01	3.334453e-01
1.951061189147112e-07	3.331531e-01	3.334962e-01	3.334756e-01
1.951946903432828e-07	3.331490e-01	3.334930e-01	3.335072e-01
1.952832617718543e-07	3.331455e-01	3.334894e-01	3.335403e-01
1.953718332004258e-07	3.331427e-01	3.334854e-01	3.335749e-01
1.953954046289973e-07	3.331420e-01	3.334843e-01	3.335836e-01
1.954189760575687e-07	3.331413e-01	3.334831e-01	3.335923e-01
1.954425474861402e-07	3.331407e-01	3.334820e-01	3.336009e-01
1.954661189147116e-07	3.331402e-01	3.334808e-01	3.336095e-01
1.954896903432831e-07	3.331397e-01	3.334796e-01	3.336180e-01
1.955132617718545e-07	3.331392e-01	3.334783e-01	3.336264e-01
1.955368332004260e-07	3.331388e-01	3.334771e-01	3.336348e-01
1.955378332004260e-07	3.331387e-01	3.334770e-01	3.336352e-01
1.956048332004261e-07	3.331377e-01	3.334733e-01	3.336586e-01
1.956718332004262e-07	3.331369e-01	3.334695e-01	3.336813e-01
1.957388332004262e-07	3.331364e-01	3.334655e-01	3.337031e-01
1.958058332004263e-07	3.331362e-01	3.334615e-01	3.337240e-01
1.958728332004264e-07	3.331362e-01	3.334573e-01	3.337442e-01
1.959398332004265e-07	3.331364e-01	3.334529e-01	3.337634e-01
1.960068332004265e-07	3.331369e-01	3.334485e-01	3.337819e-01
1.960859760575695e-07	3.331378e-01	3.334431e-01	3.338024e-01
1.961651189147124e-07	3.331390e-01	3.334376e-01	3.338219e-01
1.962442617718554e-07	3.331403e-01	3.334321e-01	3.338404e-01
1.963234046289983e-07	3.331419e-01	3.334266e-01	3.338580e-01
1.964025474861413e-07	3.331438e-01	3.334210e-01	3.338746e-01
1.964816903432842e-07	3.331458e-01	3.334153e-01	3.338902e-01
1.965608332004272e-07	3.331482e-01	3.334095e-01	3.339048e-01
1.965618332004272e-07	3.331482e-01	3.334095e-01	3.339050e-01
1.966441189147130e-07	3.331508e-01	3.334035e-01	3.339194e-01
1.967264046289988e-07	3.331535e-01	3.333976e-01	3.339333e-01
1.968086903432846e-07	3.331563e-01	3.333917e-01	3.339465e-01
1.968909760575704e-07	3.331592e-01	3.333859e-01	3.339590e-01
1.969732617718562e-07	3.331623e-01	3.333801e-01	3.339710e-01
1.970555474861420e-07	3.331655e-01	3.333743e-01	3.339822e-01
1.971378332004278e-07	3.331689e-01	3.333686e-01	3.339928e-01
1.972358332004279e-07	3.331729e-01	3.333620e-01	3.340048e-01
1.972665474861423e-07	3.331742e-01	3.333599e-01	3.340084e-01
1.972972617718566e-07	3.331755e-01	3.333579e-01	3.340119e-01
1.973279760575709e-07	3.331768e-01	3.333558e-01	3.340153e-01
1.973586903432852e-07	3.331781e-01	3.333538e-01	3.340185e-01
1.973894046289996e-07	3.331794e-01	3.333518e-01	3.340216e-01
1.974201189147139e-07	3.331807e-01	3.333498e-01	3.340245e-01
1.974508332004282e-07	3.331820e-01	3.333479e-01	3.340273e-01
1.974699760575711e-07	3.331828e-01	3.333466e-01	3.340290e-01
1.974891189147139e-07	3.331837e-01	3.333454e-01	3.340305e-01
1.975082617718568e-07	3.331845e-01	3.333442e-01	3.340319e-01
1.975274046289997e-07	3.331853e-01	3.333430e-01	3.340332e-01
1.975465474861426e-07	3.331861e-01	3.333418e-01	3.340344e-01
1.975656903432855e-07	3.331870e-01	3.333406e-01	3.340355e-01
1.975848332004283e-07	3.331878e-01	3.333395e-01	3.340365e-01
1.975858332004283e-07	3.331878e-01	3.333394e-01	3.340366e-01
1.976039760575712e-07	3.331886e-01	3.333383e-01	3.340374e-01
1.976221189147141e-07	3.331894e-01	3.333372e-01	3.340381e-01
1.976402617718570e-07	3.331902e-01	3.333361e-01	3.340387e-01
1.976584046289999e-07	3.331910e-01	3.333350e-01	3.340391e-01
1.976765474861427e-07	3.331917e-01	3.333339e-01	3.340394e-01
1.976946903432856e-07	3.331925e-01	3.333328e-01	3.340396e-01
1.977128332004285e-07	3.331933e-01	3.333317e-01	3.340397e-01
1.977322617718571e-07	3.331941e-01	3.333306e-01	3.340396e-01
1.977516903432857e-07	3.331950e-01	3.333294e-01	3.340393e-01
1.977711189147143e-07	3.331958e-01	3.333283e-01	3.340389e-01
1.977905474861429e-07	3.331967e-01	3.333272e-01	3.340383e-01
1.978099760575714e-07	3.331975e-01	3.333261e-01	3.340375e-01
1.978294046290000e-07	3.331983e-01	3.333250e-01	3.340366e-01
1.978488332004286e-07	3.331992e-01	3.333239e-01	3.340355e-01
1.978861189147144e-07	3.332008e-01	3.333218e-01	3.340329e-01
1.979234046290002e-07	3.332024e-01	3.333197e-01	3.340296e-01
1.979606903432859e-07	3.332040e-01	3.333177e-01	3.340257e-01
1.979979760575717e-07	3.332055e-01	3.333157e-01	3.340212e-01
1.980352617718574e-07	3.332071e-01	3.333137e-01	3.340160e-01
1.980725474861432e-07	3.332087e-01	3.333118e-01	3.340101e-01
1.981098332004289e-07	3.332102e-01	3.333099e-01	3.340037e-01
1.981811189147147e-07	3.332132e-01	3.333063e-01	3.339893e-01
1.982524046290005e-07	3.332161e-01	3.333028e-01	3.339732e-01
1.983236903432863e-07	3.332190e-01	3.332995e-01	3.339552e-01
1.983949760575721e-07	3.332218e-01	3.332962e-01	3.339355e-01
1.984662617718579e-07	3.332246e-01	3.332931e-01	3.339140e-01
1.985375474861437e-07	3.332274e-01	3.332901e-01	3.338906e-01
1.986088332004295e-07	3.332300e-01	3.332872e-01	3.338655e-01
1.986098332004295e-07	3.332301e-01	3.332871e-01	3.338652e-01
1.987278332004296e-07	3.332345e-01	3.332826e-01	3.338201e-01
1.988458332004298e-07	3.332386e-01	3.332783e-01	3.337735e-01
1.989638332004299e-07	3.332426e-01	3.332744e-01	3.337253e-01
1.990818332004300e-07	3.332465e-01	3.332707e-01	3.336756e-01
1.991998332004302e-07	3.332502e-01	3.332673e-01	3.336243e-01
1.993178332004303e-07	3.332537e-01	3.332641e-01	3.335713e-01
1.994358332004304e-07	3.332570e-01	3.332613e-01	3.335169e-01
1.996338332004307e-07	3.332623e-01	3.332571e-01	3.334275e-01
1.997799760575737e-07	3.332658e-01	3.332545e-01	3.333612e-01
1.999261189147167e-07	3.332691e-01	3.332521e-01	3.332977e-01
2.000722617718597e-07	3.332721e-01	3.332501e-01	3.332371e-01
2.002184046290028e-07	3.332749e-01	3.332484e-01	3.331795e-01
2.003645474861458e-07	3.332774e-01	3.332470e-01	3.331247e-01
2.005106903432888e-07	3.332797e-01	3.332458e-01	3.330728e-01
2.006568332004318e-07	3.332818e-01	3.332450e-01	3.330238e-01
2.006578332004318e-07	3.332818e-01	3.332450e-01	3.330235e-01
2.007596903432891e-07	3.332831e-01	3.332445e-01	3.329927e-01
2.008615474861463e-07	3.332843e-01	3.332442e-01	3.329643e-01
2.009634046290036e-07	3.332854e-01	3.332439e-01	3.329384e-01
2.010652617718608e-07	3.332864e-01	3.332437e-01	3.329149e-01
2.011671189147181e-07	3.332874e-01	3.332436e-01	3.328939e-01
2.012689760575754e-07	3.332882e-01	3.332436e-01	3.328753e-01
2.013708332004326e-07	3.332890e-01	3.332437e-01	3.328592e-01
2.014151189147184e-07	3.332893e-01	3.332438e-01	3.328530e-01
2.014594046290042e-07	3.332895e-01	3.332438e-01	3.328473e-01
2.015036903432899e-07	3.332898e-01	3.332439e-01	3.328421e-01
2.015479760575757e-07	3.332901e-01	3.332440e-01	3.328374e-01
2.015922617718614e-07	3.332903e-01	3.332441e-01	3.328331e-01
2.016365474861472e-07	3.332906e-01	3.332442e-01	3.328293e-01
2.016808332004330e-07	3.332908e-01	3.332443e-01	3.328260e-01
2.016818332004330e-07	3.332908e-01	3.332443e-01	3.328259e-01
2.017292617718616e-07	3.332910e-01	3.332445e-01	3.328229e-01
2.017766903432902e-07	3.332912e-01	3.332446e-01	3.328204e-01
2.018241189147188e-07	3.332914e-01	3.332448e-01	3.328184e-01
2.018715474861475e-07	3.332916e-01	3.332449e-01	3.328169e-01
2.019189760575761e-07	3.332918e-01	3.332451e-01	3.328159e-01
2.019664046290047e-07	3.332919e-01	3.332453e-01	3.328154e-01
2.020138332004334e-07	3.332920e-01	3.332455e-01	3.328154e-01
2.020911189147191e-07	3.332922e-01	3.332459e-01	3.328166e-01
2.021684046290050e-07	3.332924e-01	3.332463e-01	3.328189e-01
2.022456903432908e-07	3.332925e-01	3.332467e-01	3.328223e-01
2.023229760575766e-07	3.332927e-01	3.332471e-01	3.328268e-01
2.024002617718624e-07	3.332927e-01	3.332475e-01	3.328324e-01
2.024775474861482e-07	3.332928e-01	3.332480e-01	3.328391e-01
2.025548332004340e-07	3.332928e-01	3.332484e-01	3.328469e-01
2.025762617718626e-07	3.332928e-01	3.332486e-01	3.328492e-01
2.025976903432912e-07	3.332928e-01	3.332487e-01	3.328516e-01
2.026191189147197e-07	3.332928e-01	3.332488e-01	3.328541e-01
2.026405474861484e-07	3.332928e-01	3.332490e-01	3.328566e-01
2.026619760575769e-07	3.332928e-01	3.332491e-01	3.328592e-01
2.026834046290056e-07	3.332928e-01	3.332493e-01	3.328618e-01
2.027048332004341e-07	3.332928e-01	3.332494e-01	3.328645e-01
2.027058332004341e-07	3.332928e-01	3.332494e-01	3.328646e-01
2.027721189147199e-07	3.332927e-01	3.332498e-01	3.328735e-01
2.028384046290057e-07	3.332927e-01	3.332503e-01	3.328829e-01
2.029046903432915e-07	3.332926e-01	3.332507e-01	3.328927e-01
2.029709760575773e-07	3.332926e-01	3.332511e-01	3.329030e-01
2.030372617718631e-07	3.332925e-01	3.332516e-01	3.329138e-01
2.031035474861489e-07	3.332924e-01	3.332520e-01	3.329251e-01
2.031698332004347e-07	3.332922e-01	3.332525e-01	3.329369e-01
2.031745474861490e-07	3.332922e-01	3.332525e-01	3.329377e-01
2.031792617718632e-07	3.332922e-01	3.332525e-01	3.329385e-01
2.031839760575775e-07	3.332922e-01	3.332526e-01	3.329394e-01
2.031886903432918e-07	3.332922e-01	3.332526e-01	3.329402e-01
2.031934046290061e-07	3.332922e-01	3.332527e-01	3.329411e-01
2.031981189147204e-07	3.332922e-01	3.332528e-01	3.329419e-01
2.032028332004347e-07	3.332922e-01	3.332528e-01	3.329428e-01
2.032088332004347e-07	3.332922e-01	3.332529e-01	3.329439e-01
2.032148332004347e-07	3.332922e-01	3.332530e-01	3.329450e-01
2.032208332004347e-07	3.332922e-01	3.332532e-01	3.329461e-01
2.032268332004347e-07	3.332922e-01	3.332533e-01	3.329472e-01
2.032328332004347e-07	3.332921e-01	3.332535e-01	3.329483e-01
2.032388332004347e-07	3.332921e-01	3.332537e-01	3.329494e-01
2.032448332004348e-07	3.332921e-01	3.332539e-01	3.329505e-01
2.032535474861491e-07	3.332921e-01	3.332543e-01	3.329521e-01
2.032622617718633e-07	3.332921e-01	3.332547e-01	3.329537e-01
2.032709760575776e-07	3.332920e-01	3.332552e-01	3.329553e-01
2.032796903432919e-07	3.332920e-01	3.332558e-01	3.329569e-01
2.032884046290062e-07	3.332920e-01	3.332564e-01	3.329586e-01
2.032971189147205e-07	3.332920e-01	3.332571e-01	3.329602e-01
2.033058332004348e-07	3.332920e-01	3.332578e-01	3.329619e-01
2.033195474861491e-07	3.332919e-01	3.332591e-01	3.329645e-01
2.033332617718634e-07	3.332919e-01	3.332606e-01	3.329671e-01
2.033469760575777e-07	3.332919e-01	3.332622e-01	3.329697e-01
2.033606903432920e-07	3.332918e-01	3.332639e-01	3.329723e-01
2.033744046290063e-07	3.332917e-01	3.332658e-01	3.329750e-01
2.033881189147206e-07	3.332917e-01	3.332678e-01	3.329776e-01
2.034018332004349e-07	3.332916e-01	3.332700e-01	3.329802e-01
2.034202617718635e-07	3.332915e-01	3.332731e-01	3.329838e-01
2.034386903432921e-07	3.332914e-01	3.332763e-01	3.329875e-01
2.034571189147207e-07	3.332912e-01	3.332797e-01	3.329911e-01
2.034755474861493e-07	3.332910e-01	3.332831e-01	3.329947e-01
2.034939760575779e-07	3.332908e-01	3.332866e-01	3.329984e-01
2.035124046290065e-07	3.332905e-01	3.332903e-01	3.330021e-01
2.035308332004351e-07	3.332902e-01	3.332940e-01	3.330058e-01
2.035535474861494e-07	3.332898e-01	3.332987e-01	3.330103e-01
2.035762617718637e-07	3.332893e-01	3.333031e-01	3.330149e-01
2.035989760575780e-07	3.332887e-01	3.333074e-01	3.330195e-01
2.036216903432923e-07	3.332880e-01	3.333116e-01	3.330241e-01
2.036444046290066e-07	3.332872e-01	3.333155e-01	3.330288e-01
2.036671189147209e-07	3.332863e-01	3.333193e-01	3.330334e-01
2.036898332004353e-07	3.332853e-01	3.333229e-01	3.330381e-01
2.036954046290067e-07	3.332851e-01	3.333238e-01	3.330392e-01
2.037009760575781e-07	3.332848e-01	3.333246e-01	3.330404e-01
2.037065474861496e-07	3.332845e-01	3.333254e-01	3.330415e-01
2.037121189147210e-07	3.332842e-01	3.333261e-01	3.330427e-01
2.037176903432924e-07	3.332839e-01	3.333269e-01	3.330438e-01
2.037232617718639e-07	3.332836e-01	3.333276e-01	3.330450e-01
2.037288332004353e-07	3.332833e-01	3.333283e-01	3.330461e-01
2.037298332004353e-07	3.332832e-01	3.333284e-01	3.330463e-01
2.037459760575782e-07	3.332822e-01	3.333303e-01	3.330497e-01
2.037621189147210e-07	3.332812e-01	3.333320e-01	3.330530e-01
2.037782617718639e-07	3.332801e-01	3.333336e-01	3.330564e-01
2.037944046290068e-07	3.332788e-01	3.333349e-01	3.330597e-01
2.038105474861497e-07	3.332775e-01	3.333360e-01	3.330631e-01
2.038266903432926e-07	3.332761e-01	3.333370e-01	3.330664e-01
2.038428332004354e-07	3.332747e-01	3.333377e-01	3.330698e-01
2.038554046290069e-07	3.332734e-01	3.333381e-01	3.330724e-01
2.038679760575783e-07	3.332722e-01	3.333384e-01	3.330750e-01
2.038805474861498e-07	3.332708e-01	3.333386e-01	3.330777e-01
2.038931189147212e-07	3.332695e-01	3.333387e-01	3.330803e-01
2.039056903432926e-07	3.332680e-01	3.333386e-01	3.330829e-01
2.039182617718641e-07	3.332665e-01	3.333384e-01	3.330855e-01
2.039308332004355e-07	3.332649e-01	3.333381e-01	3.330882e-01
2.039505474861498e-07	3.332624e-01	3.333373e-01	3.330923e-01
2.039702617718641e-07	3.332596e-01	3.333362e-01	3.330964e-01
2.039899760575784e-07	3.332568e-01	3.333349e-01	3.331005e-01
2.040096903432928e-07	3.332537e-01	3.333333e-01	3.331046e-01
2.040294046290071e-07	3.332505e-01	3.333314e-01	3.331088e-01
2.040491189147214e-07	3.332472e-01	3.333293e-01	3.331129e-01
2.040688332004357e-07	3.332437e-01	3.333268e-01	3.331170e-01
2.041141189147214e-07	3.332349e-01	3.333200e-01	3.331264e-01
2.041594046290072e-07	3.332254e-01	3.333126e-01	3.331358e-01
2.042046903432930e-07	3.332152e-01	3.333045e-01	3.331452e-01
2.042499760575787e-07	3.332042e-01	3.332959e-01	3.331545e-01
2.042952617718645e-07	3.331924e-01	3.332866e-01	3.331637e-01
2.043405474861503e-07	3.331799e-01	3.332767e-01	3.331730e-01
2.043858332004360e-07	3.331666e-01	3.332662e-01	3.331822e-01
2.044225474861504e-07	3.331554e-01	3.332579e-01	3.331896e-01
2.044592617718647e-07	3.331439e-01	3.332498e-01	3.331969e-01
2.044959760575790e-07	3.331321e-01	3.332421e-01	3.332042e-01
2.045326903432934e-07	3.331201e-01	3.332346e-01	3.332115e-01
2.045694046290077e-07	3.331078e-01	3.332274e-01	3.332187e-01
2.046061189147220e-07	3.330953e-01	3.332205e-01	3.332258e-01
2.046428332004363e-07	3.330825e-01	3.332138e-01	3.332329e-01
2.046585474861506e-07	3.330770e-01	3.332112e-01	3.332359e-01
2.046742617718649e-07	3.330715e-01	3.332087e-01	3.332389e-01
2.046899760575792e-07	3.330659e-01	3.332063e-01	3.332419e-01
2.047056903432936e-07	3.330604e-01	3.332039e-01	3.332449e-01
2.047214046290079e-07	3.330549e-01	3.332017e-01	3.332479e-01
2.047371189147221e-07	3.330494e-01	3.331995e-01	3.332508e-01
2.047528332004365e-07	3.330438e-01	3.331975e-01	3.332538e-01
2.047538332004365e-07	3.330435e-01	3.331974e-01	3.332540e-01
2.047808332004365e-07	3.330339e-01	3.331941e-01	3.332590e-01
2.048078332004365e-07	3.330244e-01	3.331912e-01	3.332640e-01
2.048348332004366e-07	3.330150e-01	3.331887e-01	3.332690e-01
2.048618332004366e-07	3.330056e-01	3.331865e-01	3.332739e-01
2.048888332004366e-07	3.329963e-01	3.331846e-01	3.332788e-01
2.049158332004366e-07	3.329870e-01	3.331830e-01	3.332836e-01
2.049428332004367e-07	3.329778e-01	3.331818e-01	3.332884e-01
2.049662617718653e-07	3.329699e-01	3.331811e-01	3.332926e-01
2.049896903432939e-07	3.329622e-01	3.331806e-01	3.332967e-01
2.050131189147225e-07	3.329545e-01	3.331803e-01	3.333007e-01
2.050365474861511e-07	3.329470e-01	3.331803e-01	3.333048e-01
2.050599760575797e-07	3.329396e-01	3.331805e-01	3.333088e-01
2.050834046290083e-07	3.329324e-01	3.331810e-01	3.333128e-01
2.051068332004369e-07	3.329252e-01	3.331818e-01	3.333167e-01
2.051478332004369e-07	3.329130e-01	3.331837e-01	3.333235e-01
2.051888332004370e-07	3.329014e-01	3.331862e-01	3.333303e-01
2.052298332004370e-07	3.328904e-01	3.331893e-01	3.333369e-01
2.052708332004370e-07	3.328800e-01	3.331929e-01	3.333434e-01
2.053118332004371e-07	3.328702e-01	3.331971e-01	3.333498e-01
2.053528332004371e-07	3.328609e-01	3.332019e-01	3.333561e-01
2.053938332004372e-07	3.328522e-01	3.332073e-01	3.333623e-01
2.054379760575801e-07	3.328437e-01	3.332136e-01	3.333688e-01
2.054821189147230e-07	3.328360e-01	3.332202e-01	3.333752e-01
2.055262617718659e-07	3.328292e-01	3.332271e-01	3.333815e-01
2.055704046290088e-07	3.328232e-01	3.332342e-01	3.333877e-01
2.056145474861517e-07	3.328180e-01	3.332416e-01	3.333937e-01
2.056586903432946e-07	3.328137e-01	3.332494e-01	3.333996e-01
2.057028332004375e-07	3.328102e-01	3.332573e-01	3.334053e-01
2.057778332004376e-07	3.328063e-01	3.332708e-01	3.334149e-01
2.058052617718662e-07	3.328055e-01	3.332758e-01	3.334182e-01
2.058326903432948e-07	3.328050e-01	3.332808e-01	3.334216e-01
2.058601189147234e-07	3.328049e-01	3.332857e-01	3.334248e-01
2.058875474861520e-07	3.328050e-01	3.332906e-01	3.334281e-01
2.059149760575806e-07	3.328055e-01	3.332954e-01	3.334312e-01
2.059424046290092e-07	3.328062e-01	3.333002e-01	3.334343e-01
2.059698332004378e-07	3.328073e-01	3.333050e-01	3.334374e-01
2.060249760575808e-07	3.328106e-01	3.333145e-01	3.334434e-01
2.060801189147237e-07	3.328148e-01	3.333235e-01	3.334493e-01
2.061352617718666e-07	3.328201e-01	3.333321e-01	3.334549e-01
2.061904046290095e-07	3.328265e-01	3.333403e-01	3.334603e-01
2.062455474861524e-07	3.328339e-01	3.333481e-01	3.334656e-01
2.063006903432954e-07	3.328423e-01	3.333554e-01	3.334706e-01
2.063558332004383e-07	3.328518e-01	3.333623e-01	3.334755e-01
2.063768332004383e-07	3.328556e-01	3.333648e-01	3.334773e-01
2.063778332004383e-07	3.328558e-01	3.333649e-01	3.334773e-01
2.063788332004383e-07	3.328559e-01	3.333651e-01	3.334774e-01
2.063798332004383e-07	3.328561e-01	3.333650e-01	3.334775e-01
2.063808332004383e-07	3.328563e-01	3.333651e-01	3.334776e-01
2.063818332004383e-07	3.328565e-01	3.333654e-01	3.334777e-01
2.063828332004383e-07	3.328567e-01	3.333655e-01	3.334778e-01
2.063978332004383e-07	3.328595e-01	3.333672e-01	3.334790e-01
2.064128332004383e-07	3.328623e-01	3.333688e-01	3.334803e-01
2.064278332004384e-07	3.328654e-01	3.333704e-01	3.334815e-01
2.064428332004384e-07	3.328685e-01	3.333720e-01	3.334827e-01
2.064578332004384e-07	3.328718e-01	3.333736e-01	3.334839e-01
2.064728332004384e-07	3.328751e-01	3.333751e-01	3.334851e-01
2.064878332004384e-07	3.328786e-01	3.333766e-01	3.334863e-01
2.065101189147242e-07	3.328842e-01	3.333788e-01	3.334880e-01
2.065324046290099e-07	3.328901e-01	3.333810e-01	3.334897e-01
2.065546903432957e-07	3.328964e-01	3.333833e-01	3.334914e-01
2.065769760575814e-07	3.329031e-01	3.333855e-01	3.334930e-01
2.065992617718671e-07	3.329101e-01	3.333879e-01	3.334946e-01
2.066215474861529e-07	3.329175e-01	3.333902e-01	3.334962e-01
2.066438332004386e-07	3.329253e-01	3.333926e-01	3.334977e-01
2.066662617718672e-07	3.329334e-01	3.333952e-01	3.334993e-01
2.066886903432958e-07	3.329418e-01	3.333978e-01	3.335008e-01
2.067111189147244e-07	3.329505e-01	3.334007e-01	3.335022e-01
2.067335474861530e-07	3.329594e-01	3.334036e-01	3.335037e-01
2.067559760575816e-07	3.329686e-01	3.334067e-01	3.335051e-01
2.067784046290102e-07	3.329780e-01	3.334100e-01	3.335065e-01
2.068008332004388e-07	3.329877e-01	3.334134e-01	3.335078e-01
2.068018332004388e-07	3.329881e-01	3.334135e-01	3.335079e-01
2.068315474861531e-07	3.330012e-01	3.334183e-01	3.335096e-01
2.068612617718674e-07	3.330144e-01	3.334234e-01	3.335113e-01
2.068909760575817e-07	3.330277e-01	3.334287e-01	3.335130e-01
2.069206903432961e-07	3.330411e-01	3.334343e-01	3.335146e-01
2.069504046290104e-07	3.330547e-01	3.334401e-01	3.335161e-01
2.069801189147247e-07	3.330683e-01	3.334461e-01	3.335176e-01
2.070098332004390e-07	3.330820e-01	3.334524e-01	3.335191e-01
2.070542617718676e-07	3.331024e-01	3.334624e-01	3.335212e-01
2.070986903432963e-07	3.331224e-01	3.334724e-01	3.335232e-01
2.071431189147249e-07	3.331421e-01	3.334823e-01	3.335251e-01
2.071875474861535e-07	3.331613e-01	3.334922e-01	3.335269e-01
2.072319760575821e-07	3.331802e-01	3.335021e-01	3.335286e-01
2.072764046290108e-07	3.331987e-01	3.335119e-01	3.335302e-01
2.073208332004394e-07	3.332168e-01	3.335217e-01	3.335318e-01
2.073565474861537e-07	3.332309e-01	3.335292e-01	3.335329e-01
2.073922617718680e-07	3.332447e-01	3.335361e-01	3.335340e-01
2.074279760575823e-07	3.332582e-01	3.335426e-01	3.335350e-01
2.074636903432967e-07	3.332714e-01	3.335487e-01	3.335360e-01
2.074994046290110e-07	3.332844e-01	3.335543e-01	3.335370e-01
2.075351189147253e-07	3.332971e-01	3.335594e-01	3.335379e-01
2.075708332004397e-07	3.333095e-01	3.335640e-01	3.335387e-01
2.075965474861540e-07	3.333183e-01	3.335670e-01	3.335393e-01
2.076222617718683e-07	3.333270e-01	3.335696e-01	3.335398e-01
2.076479760575826e-07	3.333356e-01	3.335718e-01	3.335403e-01
2.076736903432969e-07	3.333442e-01	3.335738e-01	3.335408e-01
2.076994046290112e-07	3.333526e-01	3.335754e-01	3.335413e-01
2.077251189147255e-07	3.333610e-01	3.335767e-01	3.335417e-01
2.077508332004399e-07	3.333692e-01	3.335777e-01	3.335421e-01
2.077614046290113e-07	3.333726e-01	3.335780e-01	3.335423e-01
2.077719760575827e-07	3.333760e-01	3.335782e-01	3.335424e-01
2.077825474861542e-07	3.333794e-01	3.335784e-01	3.335426e-01
2.077931189147256e-07	3.333827e-01	3.335786e-01	3.335428e-01
2.078036903432971e-07	3.333861e-01	3.335786e-01	3.335429e-01
2.078142617718685e-07	3.333894e-01	3.335787e-01	3.335430e-01
2.078248332004399e-07	3.333928e-01	3.335786e-01	3.335432e-01
2.078258332004399e-07	3.333931e-01	3.335786e-01	3.335432e-01
2.078496903432971e-07	3.334006e-01	3.335783e-01	3.335435e-01
2.078735474861543e-07	3.334081e-01	3.335777e-01	3.335438e-01
2.078974046290115e-07	3.334156e-01	3.335768e-01	3.335440e-01
2.079212617718686e-07	3.334230e-01	3.335757e-01	3.335443e-01
2.079451189147258e-07	3.334305e-01	3.335743e-01	3.335445e-01
2.079689760575830e-07	3.334379e-01	3.335727e-01	3.335447e-01
2.079928332004401e-07	3.334454e-01	3.335708e-01	3.335449e-01
2.080456903432973e-07	3.334618e-01	3.335654e-01	3.335452e-01
2.080985474861545e-07	3.334784e-01	3.335593e-01	3.335454e-01
2.081514046290118e-07	3.334950e-01	3.335523e-01	3.335456e-01
2.082042617718689e-07	3.335118e-01	3.335444e-01	3.335457e-01
2.082571189147261e-07	3.335287e-01	3.335358e-01	3.335457e-01
2.083099760575833e-07	3.335457e-01	3.335263e-01	3.335456e-01
2.083628332004406e-07	3.335629e-01	3.335160e-01	3.335455e-01
2.084242617718692e-07	3.335831e-01	3.335035e-01	3.335452e-01
2.084856903432978e-07	3.336034e-01	3.334910e-01	3.335449e-01
2.085471189147265e-07	3.336237e-01	3.334787e-01	3.335444e-01
2.086085474861551e-07	3.336442e-01	3.334664e-01	3.335439e-01
2.086699760575838e-07	3.336647e-01	3.334542e-01	3.335433e-01
2.087314046290124e-07	3.336853e-01	3.334421e-01	3.335427e-01
2.087928332004410e-07	3.337060e-01	3.334300e-01	3.335419e-01
2.088498332004411e-07	3.337250e-01	3.334198e-01	3.335412e-01
2.088968332004412e-07	3.337407e-01	3.334117e-01	3.335405e-01
2.089438332004412e-07	3.337561e-01	3.334042e-01	3.335398e-01
2.089908332004413e-07	3.337714e-01	3.333972e-01	3.335391e-01
2.090378332004413e-07	3.337865e-01	3.333907e-01	3.335383e-01
2.090848332004414e-07	3.338015e-01	3.333848e-01	3.335375e-01
2.091318332004414e-07	3.338162e-01	3.333795e-01	3.335367e-01
2.091788332004415e-07	3.338307e-01	3.333747e-01	3.335358e-01
2.092158332004415e-07	3.338420e-01	3.333714e-01	3.335351e-01
2.092528332004416e-07	3.338530e-01	3.333684e-01	3.335344e-01
2.092898332004416e-07	3.338638e-01	3.333659e-01	3.335337e-01
2.093268332004416e-07	3.338744e-01	3.333638e-01	3.335329e-01
2.093638332004417e-07	3.338848e-01	3.333620e-01	3.335322e-01
2.094008332004417e-07	3.338950e-01	3.333606e-01	3.335314e-01
2.094378332004418e-07	3.339050e-01	3.333597e-01	3.335306e-01
2.094684046290132e-07	3.339131e-01	3.333591e-01	3.335299e-01
2.094989760575847e-07	3.339209e-01	3.333589e-01	3.335293e-01
2.095295474861562e-07	3.339286e-01	3.333588e-01	3.335286e-01
2.095601189147276e-07	3.339361e-01	3.333590e-01	3.335279e-01
2.095906903432991e-07	3.339434e-01	3.333595e-01	3.335272e-01
2.096212617718705e-07	3.339505e-01	3.333602e-01	3.335265e-01
2.096518332004420e-07	3.339574e-01	3.333611e-01	3.335258e-01
2.096834046290135e-07	3.339644e-01	3.333623e-01	3.335251e-01
2.097149760575849e-07	3.339711e-01	3.333637e-01	3.335243e-01
2.097465474861564e-07	3.339776e-01	3.333654e-01	3.335236e-01
2.097781189147279e-07	3.339838e-01	3.333672e-01	3.335228e-01
2.098096903432993e-07	3.339899e-01	3.333692e-01	3.335220e-01
2.098412617718708e-07	3.339957e-01	3.333715e-01	3.335213e-01
2.098728332004423e-07	3.340013e-01	3.333739e-01	3.335205e-01
2.098738332004423e-07	3.340015e-01	3.333740e-01	3.335205e-01
2.099442617718709e-07	3.340132e-01	3.333803e-01	3.335187e-01
2.100146903432996e-07	3.340236e-01	3.333871e-01	3.335170e-01
2.100851189147282e-07	3.340329e-01	3.333944e-01	3.335152e-01
2.101555474861569e-07	3.340411e-01	3.334022e-01	3.335134e-01
2.102259760575855e-07	3.340480e-01	3.334104e-01	3.335116e-01
2.102964046290142e-07	3.340538e-01	3.334192e-01	3.335097e-01
2.103668332004428e-07	3.340584e-01	3.334284e-01	3.335079e-01
2.104075474861572e-07	3.340606e-01	3.334337e-01	3.335068e-01
2.104482617718715e-07	3.340624e-01	3.334390e-01	3.335058e-01
2.104889760575858e-07	3.340638e-01	3.334443e-01	3.335047e-01
2.105296903433002e-07	3.340649e-01	3.334495e-01	3.335036e-01
2.105704046290145e-07	3.340656e-01	3.334546e-01	3.335026e-01
2.106111189147288e-07	3.340659e-01	3.334598e-01	3.335015e-01
2.106518332004431e-07	3.340659e-01	3.334649e-01	3.335004e-01
2.106868332004432e-07	3.340656e-01	3.334692e-01	3.334995e-01
2.107218332004432e-07	3.340651e-01	3.334735e-01	3.334986e-01
2.107568332004433e-07	3.340643e-01	3.334776e-01	3.334977e-01
2.107918332004433e-07	3.340633e-01	3.334817e-01	3.334968e-01
2.108268332004433e-07	3.340621e-01	3.334857e-01	3.334959e-01
2.108618332004434e-07	3.340606e-01	3.334895e-01	3.334949e-01
2.108968332004434e-07	3.340589e-01	3.334933e-01	3.334940e-01
2.108978332004434e-07	3.340588e-01	3.334934e-01	3.334940e-01
2.109615474861578e-07	3.340551e-01	3.335000e-01	3.334924e-01
2.110252617718721e-07	3.340507e-01	3.335061e-01	3.334907e-01
2.110889760575865e-07	3.340457e-01	3.335118e-01	3.334891e-01
2.111526903433009e-07	3.340400e-01	3.335169e-01	3.334874e-01
2.112164046290152e-07	3.340338e-01	3.335215e-01	3.334858e-01
2.112801189147296e-07	3.340269e-01	3.335257e-01	3.334842e-01
2.113438332004439e-07	3.340194e-01	3.335293e-01	3.334826e-01
2.113931189147297e-07	3.340132e-01	3.335317e-01	3.334814e-01
2.114424046290155e-07	3.340068e-01	3.335338e-01	3.334802e-01
2.114916903433012e-07	3.340001e-01	3.335355e-01	3.334790e-01
2.115409760575870e-07	3.339932e-01	3.335369e-01	3.334778e-01
2.115902617718728e-07	3.339860e-01	3.335380e-01	3.334766e-01
2.116395474861586e-07	3.339785e-01	3.335387e-01	3.334754e-01
2.116888332004443e-07	3.339708e-01	3.335392e-01	3.334742e-01
2.117219760575872e-07	3.339654e-01	3.335393e-01	3.334735e-01
2.117551189147301e-07	3.339601e-01	3.335392e-01	3.334727e-01
2.117882617718730e-07	3.339546e-01	3.335390e-01	3.334719e-01
2.118214046290159e-07	3.339490e-01	3.335387e-01	3.334712e-01
2.118545474861588e-07	3.339434e-01	3.335382e-01	3.334704e-01
2.118876903433017e-07	3.339376e-01	3.335376e-01	3.334696e-01
2.119208332004446e-07	3.339318e-01	3.335368e-01	3.334689e-01
2.119218332004446e-07	3.339316e-01	3.335368e-01	3.334689e-01
2.119816903433018e-07	3.339209e-01	3.335350e-01	3.334675e-01
2.120415474861590e-07	3.339100e-01	3.335329e-01	3.334662e-01
2.121014046290162e-07	3.338989e-01	3.335304e-01	3.334649e-01
2.121612617718734e-07	3.338877e-01	3.335275e-01	3.334636e-01
2.122211189147306e-07	3.338762e-01	3.335242e-01	3.334623e-01
2.122809760575879e-07	3.338646e-01	3.335205e-01	3.334610e-01
2.123408332004451e-07	3.338529e-01	3.335165e-01	3.334597e-01
2.123545474861594e-07	3.338502e-01	3.335155e-01	3.334595e-01
2.123682617718737e-07	3.338475e-01	3.335146e-01	3.334592e-01
2.123819760575880e-07	3.338448e-01	3.335136e-01	3.334589e-01
2.123956903433023e-07	3.338421e-01	3.335126e-01	3.334587e-01
2.124094046290166e-07	3.338394e-01	3.335116e-01	3.334584e-01
2.124231189147309e-07	3.338366e-01	3.335105e-01	3.334582e-01
2.124368332004452e-07	3.338339e-01	3.335095e-01	3.334579e-01
2.124611189147309e-07	3.338291e-01	3.335076e-01	3.334576e-01
2.124854046290167e-07	3.338242e-01	3.335056e-01	3.334573e-01
2.125096903433024e-07	3.338193e-01	3.335036e-01	3.334572e-01
2.125339760575881e-07	3.338144e-01	3.335016e-01	3.334573e-01
2.125582617718739e-07	3.338096e-01	3.334995e-01	3.334575e-01
2.125825474861596e-07	3.338047e-01	3.334974e-01	3.334578e-01
2.126068332004454e-07	3.337997e-01	3.334953e-01	3.334583e-01
2.126269760575882e-07	3.337957e-01	3.334934e-01	3.334588e-01
2.126471189147311e-07	3.337916e-01	3.334916e-01	3.334596e-01
2.126672617718740e-07	3.337875e-01	3.334898e-01	3.334605e-01
2.126874046290169e-07	3.337834e-01	3.334879e-01	3.334617e-01
2.127075474861598e-07	3.337793e-01	3.334860e-01	3.334630e-01
2.127276903433026e-07	3.337753e-01	3.334841e-01	3.334644e-01
2.127478332004455e-07	3.337712e-01	3.334821e-01	3.334661e-01
2.127756903433027e-07	3.337655e-01	3.334794e-01	3.334687e-01
2.128035474861599e-07	3.337598e-01	3.334766e-01	3.334718e-01
2.128314046290171e-07	3.337542e-01	3.334738e-01	3.334752e-01
2.128592617718742e-07	3.337485e-01	3.334710e-01	3.334791e-01
2.128871189147314e-07	3.337428e-01	3.334682e-01	3.334834e-01
2.129149760575886e-07	3.337372e-01	3.334653e-01	3.334881e-01
2.129428332004457e-07	3.337315e-01	3.334624e-01	3.334932e-01
2.129458332004458e-07	3.337309e-01	3.334621e-01	3.334938e-01
2.129909760575887e-07	3.337217e-01	3.334573e-01	3.335032e-01
2.130361189147316e-07	3.337126e-01	3.334524e-01	3.335135e-01
2.130812617718745e-07	3.337035e-01	3.334476e-01	3.335246e-01
2.131264046290174e-07	3.336944e-01	3.334427e-01	3.335366e-01
2.131715474861603e-07	3.336854e-01	3.334378e-01	3.335495e-01
2.132166903433032e-07	3.336763e-01	3.334328e-01	3.335632e-01
2.132618332004461e-07	3.336673e-01	3.334278e-01	3.335779e-01
2.133366903433033e-07	3.336525e-01	3.334195e-01	3.336041e-01
2.134115474861606e-07	3.336378e-01	3.334112e-01	3.336305e-01
2.134864046290178e-07	3.336232e-01	3.334030e-01	3.336570e-01
2.135612617718750e-07	3.336088e-01	3.333949e-01	3.336837e-01
2.136361189147322e-07	3.335946e-01	3.333868e-01	3.337106e-01
2.137109760575895e-07	3.335805e-01	3.333788e-01	3.337376e-01
2.137858332004467e-07	3.335666e-01	3.333709e-01	3.337648e-01
2.138119760575896e-07	3.335618e-01	3.333682e-01	3.337737e-01
2.138381189147325e-07	3.335570e-01	3.333655e-01	3.337825e-01
2.138642617718754e-07	3.335523e-01	3.333628e-01	3.337911e-01
2.138904046290183e-07	3.335475e-01	3.333602e-01	3.337996e-01
2.139165474861611e-07	3.335428e-01	3.333575e-01	3.338078e-01
2.139426903433040e-07	3.335381e-01	3.333549e-01	3.338159e-01
2.139688332004469e-07	3.335335e-01	3.333523e-01	3.338239e-01
2.139698332004469e-07	3.335333e-01	3.333522e-01	3.338242e-01
2.140266903433041e-07	3.335232e-01	3.333467e-01	3.338407e-01
2.140835474861613e-07	3.335133e-01	3.333412e-01	3.338561e-01
2.141404046290185e-07	3.335036e-01	3.333359e-01	3.338704e-01
2.141972617718757e-07	3.334939e-01	3.333307e-01	3.338834e-01
2.142541189147329e-07	3.334844e-01	3.333257e-01	3.338953e-01
2.143109760575902e-07	3.334750e-01	3.333208e-01	3.339061e-01
2.143678332004474e-07	3.334658e-01	3.333160e-01	3.339156e-01
2.144134046290189e-07	3.334584e-01	3.333123e-01	3.339223e-01
2.144589760575903e-07	3.334512e-01	3.333086e-01	3.339281e-01
2.145045474861618e-07	3.334441e-01	3.333051e-01	3.339331e-01
2.145501189147333e-07	3.334370e-01	3.333016e-01	3.339373e-01
2.145956903433048e-07	3.334301e-01	3.332983e-01	3.339406e-01
2.146412617718762e-07	3.334232e-01	3.332950e-01	3.339431e-01
2.146868332004477e-07	3.334165e-01	3.332919e-01	3.339448e-01
2.147176903433049e-07	3.334120e-01	3.332898e-01	3.339455e-01
2.147485474861621e-07	3.334075e-01	3.332877e-01	3.339458e-01
2.147794046290193e-07	3.334030e-01	3.332857e-01	3.339458e-01
2.148102617718764e-07	3.333987e-01	3.332838e-01	3.339454e-01
2.148411189147336e-07	3.333943e-01	3.332819e-01	3.339447e-01
2.148719760575908e-07	3.333900e-01	3.332800e-01	3.339436e-01
2.149028332004480e-07	3.333857e-01	3.332782e-01	3.339422e-01
2.149156903433051e-07	3.333840e-01	3.332775e-01	3.339415e-01
2.149285474861623e-07	3.333822e-01	3.332767e-01	3.339408e-01
2.149414046290195e-07	3.333805e-01	3.332760e-01	3.339399e-01
2.149542617718766e-07	3.333787e-01	3.332753e-01	3.339391e-01
2.149671189147337e-07	3.333770e-01	3.332746e-01	3.339382e-01
2.149799760575909e-07	3.333753e-01	3.332739e-01	3.339372e-01
2.149928332004481e-07	3.333735e-01	3.332732e-01	3.339362e-01
2.149938332004481e-07	3.333734e-01	3.332731e-01	3.339361e-01
2.150781189147339e-07	3.333624e-01	3.332688e-01	3.339275e-01
2.151624046290197e-07	3.333516e-01	3.332647e-01	3.339171e-01
2.152466903433055e-07	3.333412e-01	3.332610e-01	3.339049e-01
2.153309760575913e-07	3.333311e-01	3.332576e-01	3.338907e-01
2.154152617718771e-07	3.333214e-01	3.332545e-01	3.338747e-01
2.154995474861629e-07	3.333120e-01	3.332517e-01	3.338568e-01
2.155838332004487e-07	3.333029e-01	3.332493e-01	3.338370e-01
2.156346903433059e-07	3.332976e-01	3.332479e-01	3.338250e-01
2.156855474861632e-07	3.332923e-01	3.332467e-01	3.338118e-01
2.157364046290204e-07	3.332872e-01	3.332455e-01	3.337976e-01
2.157872617718775e-07	3.332823e-01	3.332444e-01	3.337823e-01
2.158381189147347e-07	3.332774e-01	3.332435e-01	3.337660e-01
2.158889760575919e-07	3.332726e-01	3.332426e-01	3.337486e-01
2.159398332004491e-07	3.332680e-01	3.332418e-01	3.337301e-01
2.160178332004492e-07	3.332611e-01	3.332408e-01	3.336984e-01
2.160691189147350e-07	3.332567e-01	3.332403e-01	3.336754e-01
2.161204046290208e-07	3.332524e-01	3.332398e-01	3.336512e-01
2.161716903433066e-07	3.332482e-01	3.332394e-01	3.336255e-01
2.162229760575923e-07	3.332442e-01	3.332391e-01	3.335986e-01
2.162742617718781e-07	3.332402e-01	3.332388e-01	3.335703e-01
2.163255474861639e-07	3.332364e-01	3.332387e-01	3.335408e-01
2.163768332004496e-07	3.332327e-01	3.332386e-01	3.335099e-01
2.164588332004497e-07	3.332269e-01	3.332386e-01	3.334576e-01
2.165408332004498e-07	3.332215e-01	3.332388e-01	3.334052e-01
2.166228332004499e-07	3.332162e-01	3.332392e-01	3.333524e-01
2.167048332004500e-07	3.332113e-01	3.332396e-01	3.332993e-01
2.167868332004501e-07	3.332066e-01	3.332403e-01	3.332460e-01
2.168688332004502e-07	3.332021e-01	3.332410e-01	3.331924e-01
2.169508332004503e-07	3.331979e-01	3.332419e-01	3.331385e-01
2.170418332004504e-07	3.331935e-01	3.332430e-01	3.330817e-01
2.171196903433076e-07	3.331900e-01	3.332441e-01	3.330345e-01
2.171975474861649e-07	3.331867e-01	3.332452e-01	3.329892e-01
2.172754046290221e-07	3.331835e-01	3.332465e-01	3.329459e-01
2.173532617718793e-07	3.331806e-01	3.332477e-01	3.329045e-01
2.174311189147365e-07	3.331778e-01	3.332491e-01	3.328650e-01
2.175089760575938e-07	3.331753e-01	3.332505e-01	3.328274e-01
2.175868332004510e-07	3.331729e-01	3.332520e-01	3.327918e-01
2.176551189147368e-07	3.331710e-01	3.332534e-01	3.327623e-01
2.177234046290226e-07	3.331692e-01	3.332547e-01	3.327343e-01
2.177916903433084e-07	3.331675e-01	3.332561e-01	3.327077e-01
2.178599760575942e-07	3.331659e-01	3.332576e-01	3.326824e-01
2.179282617718800e-07	3.331645e-01	3.332590e-01	3.326586e-01
2.179965474861658e-07	3.331632e-01	3.332605e-01	3.326362e-01
2.180648332004516e-07	3.331620e-01	3.332620e-01	3.326152e-01
2.180658332004516e-07	3.331620e-01	3.332620e-01	3.326149e-01
2.181642617718802e-07	3.331605e-01	3.332642e-01	3.325868e-01
2.182626903433089e-07	3.331592e-01	3.332663e-01	3.325610e-01
2.183611189147376e-07	3.331581e-01	3.332685e-01	3.325374e-01
2.184595474861663e-07	3.331572e-01	3.332707e-01	3.325161e-01
2.185579760575950e-07	3.331565e-01	3.332729e-01	3.324970e-01
2.186564046290237e-07	3.331560e-01	3.332751e-01	3.324802e-01
2.187548332004523e-07	3.331557e-01	3.332773e-01	3.324656e-01
2.188025474861667e-07	3.331556e-01	3.332783e-01	3.324591e-01
2.188502617718810e-07	3.331556e-01	3.332794e-01	3.324531e-01
2.188979760575954e-07	3.331555e-01	3.332804e-01	3.324477e-01
2.189456903433097e-07	3.331556e-01	3.332814e-01	3.324426e-01
2.189934046290240e-07	3.331556e-01	3.332825e-01	3.324381e-01
2.190411189147384e-07	3.331557e-01	3.332835e-01	3.324340e-01
2.190888332004527e-07	3.331558e-01	3.332845e-01	3.324304e-01
2.190898332004527e-07	3.331559e-01	3.332845e-01	3.324304e-01
2.191536903433099e-07	3.331561e-01	3.332859e-01	3.324263e-01
2.192175474861672e-07	3.331564e-01	3.332872e-01	3.324231e-01
2.192814046290244e-07	3.331567e-01	3.332885e-01	3.324207e-01
2.193452617718816e-07	3.331571e-01	3.332898e-01	3.324191e-01
2.194091189147388e-07	3.331575e-01	3.332911e-01	3.324184e-01
2.194729760575960e-07	3.331580e-01	3.332924e-01	3.324185e-01
2.195368332004532e-07	3.331586e-01	3.332936e-01	3.324195e-01
2.196172617718819e-07	3.331593e-01	3.332952e-01	3.324219e-01
2.196976903433106e-07	3.331602e-01	3.332967e-01	3.324256e-01
2.197781189147392e-07	3.331610e-01	3.332981e-01	3.324306e-01
2.198585474861679e-07	3.331620e-01	3.332996e-01	3.324368e-01
2.199389760575965e-07	3.331630e-01	3.333010e-01	3.324443e-01
2.200194046290252e-07	3.331640e-01	3.333024e-01	3.324531e-01
2.200998332004539e-07	3.331651e-01	3.333037e-01	3.324631e-01
2.201138332004539e-07	3.331653e-01	3.333040e-01	3.324650e-01
2.202505474861683e-07	3.331673e-01	3.333062e-01	3.324856e-01
2.203872617718827e-07	3.331694e-01	3.333083e-01	3.325089e-01
2.205239760575972e-07	3.331716e-01	3.333103e-01	3.325349e-01
2.206606903433116e-07	3.331739e-01	3.333122e-01	3.325634e-01
2.207974046290261e-07	3.331763e-01	3.333140e-01	3.325946e-01
2.209341189147405e-07	3.331787e-01	3.333157e-01	3.326284e-01
2.210708332004550e-07	3.331813e-01	3.333173e-01	3.326648e-01
2.211378332004550e-07	3.331825e-01	3.333181e-01	3.326830e-01
2.211838332004551e-07	3.331834e-01	3.333186e-01	3.326957e-01
2.212298332004551e-07	3.331843e-01	3.333191e-01	3.327086e-01
2.212758332004552e-07	3.331851e-01	3.333196e-01	3.327216e-01
2.213218332004552e-07	3.331860e-01	3.333201e-01	3.327347e-01
2.213678332004553e-07	3.331869e-01	3.333206e-01	3.327479e-01
2.214138332004554e-07	3.331877e-01	3.333210e-01	3.327613e-01
2.214598332004554e-07	3.331886e-01	3.333215e-01	3.327748e-01
2.214661189147411e-07	3.331887e-01	3.333215e-01	3.327766e-01
2.214724046290269e-07	3.331888e-01	3.333216e-01	3.327785e-01
2.214786903433126e-07	3.331890e-01	3.333217e-01	3.327803e-01
2.214849760575983e-07	3.331891e-01	3.333217e-01	3.327822e-01
2.214912617718840e-07	3.331892e-01	3.333218e-01	3.327840e-01
2.214975474861697e-07	3.331892e-01	3.333218e-01	3.327859e-01
2.215038332004555e-07	3.331893e-01	3.333219e-01	3.327877e-01
2.215089760575983e-07	3.331894e-01	3.333219e-01	3.327892e-01
2.215141189147412e-07	3.331894e-01	3.333220e-01	3.327908e-01
2.215192617718840e-07	3.331895e-01	3.333220e-01	3.327923e-01
2.215244046290269e-07	3.331895e-01	3.333221e-01	3.327938e-01
2.215295474861698e-07	3.331895e-01	3.333221e-01	3.327953e-01
2.215346903433126e-07	3.331895e-01	3.333221e-01	3.327969e-01
2.215398332004555e-07	3.331895e-01	3.333222e-01	3.327984e-01
2.215456903433126e-07	3.331895e-01	3.333222e-01	3.328001e-01
2.215515474861698e-07	3.331895e-01	3.333223e-01	3.328019e-01
2.215574046290270e-07	3.331895e-01	3.333223e-01	3.328036e-01
2.215632617718841e-07	3.331894e-01	3.333223e-01	3.328054e-01
2.215691189147412e-07	3.331893e-01	3.333224e-01	3.328071e-01
2.215749760575984e-07	3.331893e-01	3.333224e-01	3.328089e-01
2.215808332004555e-07	3.331892e-01	3.333224e-01	3.328106e-01
2.215911189147413e-07	3.331889e-01	3.333224e-01	3.328137e-01
2.216014046290270e-07	3.331887e-01	3.333224e-01	3.328167e-01
2.216116903433127e-07	3.331884e-01	3.333224e-01	3.328198e-01
2.216219760575984e-07	3.331880e-01	3.333224e-01	3.328229e-01
2.216322617718842e-07	3.331876e-01	3.333223e-01	3.328260e-01
2.216425474861699e-07	3.331872e-01	3.333223e-01	3.328290e-01
2.216528332004556e-07	3.331867e-01	3.333222e-01	3.328321e-01
2.216662617718842e-07	3.331859e-01	3.333221e-01	3.328362e-01
2.216796903433128e-07	3.331851e-01	3.333219e-01	3.328402e-01
2.216931189147414e-07	3.331843e-01	3.333216e-01	3.328442e-01
2.217065474861700e-07	3.331833e-01	3.333213e-01	3.328483e-01
2.217199760575986e-07	3.331823e-01	3.333210e-01	3.328523e-01
2.217334046290272e-07	3.331813e-01	3.333206e-01	3.328564e-01
2.217468332004557e-07	3.331801e-01	3.333202e-01	3.328604e-01
2.217642617718843e-07	3.331786e-01	3.333196e-01	3.328657e-01
2.217816903433129e-07	3.331769e-01	3.333188e-01	3.328709e-01
2.217991189147415e-07	3.331753e-01	3.333180e-01	3.328762e-01
2.218165474861701e-07	3.331735e-01	3.333172e-01	3.328815e-01
2.218339760575987e-07	3.331718e-01	3.333162e-01	3.328867e-01
2.218514046290273e-07	3.331699e-01	3.333152e-01	3.328920e-01
2.218688332004559e-07	3.331681e-01	3.333141e-01	3.328973e-01
2.218941189147416e-07	3.331653e-01	3.333123e-01	3.329049e-01
2.219194046290274e-07	3.331625e-01	3.333104e-01	3.329125e-01
2.219446903433131e-07	3.331598e-01	3.333085e-01	3.329202e-01
2.219699760575988e-07	3.331572e-01	3.333065e-01	3.329278e-01
2.219952617718846e-07	3.331546e-01	3.333044e-01	3.329354e-01
2.220205474861703e-07	3.331520e-01	3.333022e-01	3.329430e-01
2.220458332004561e-07	3.331495e-01	3.332999e-01	3.329506e-01
2.220622617718846e-07	3.331479e-01	3.332985e-01	3.329556e-01
2.220786903433133e-07	3.331464e-01	3.332970e-01	3.329605e-01
2.220951189147418e-07	3.331449e-01	3.332956e-01	3.329654e-01
2.221115474861704e-07	3.331435e-01	3.332943e-01	3.329703e-01
2.221279760575990e-07	3.331421e-01	3.332929e-01	3.329752e-01
2.221444046290276e-07	3.331408e-01	3.332916e-01	3.329801e-01
2.221608332004562e-07	3.331396e-01	3.332903e-01	3.329850e-01
2.221618332004562e-07	3.331395e-01	3.332902e-01	3.329853e-01
2.221846903433134e-07	3.331378e-01	3.332885e-01	3.329921e-01
2.222075474861705e-07	3.331363e-01	3.332869e-01	3.329989e-01
2.222304046290277e-07	3.331348e-01	3.332855e-01	3.330057e-01
2.222532617718849e-07	3.331335e-01	3.332842e-01	3.330124e-01
2.222761189147420e-07	3.331322e-01	3.332830e-01	3.330191e-01
2.222989760575992e-07	3.331311e-01	3.332820e-01	3.330258e-01
2.223218332004564e-07	3.331300e-01	3.332811e-01	3.330325e-01
2.223354046290278e-07	3.331295e-01	3.332807e-01	3.330365e-01
2.223489760575993e-07	3.331289e-01	3.332804e-01	3.330404e-01
2.223625474861707e-07	3.331284e-01	3.332801e-01	3.330443e-01
2.223761189147422e-07	3.331279e-01	3.332799e-01	3.330483e-01
2.223896903433136e-07	3.331274e-01	3.332798e-01	3.330522e-01
2.224032617718850e-07	3.331269e-01	3.332798e-01	3.330561e-01
2.224168332004565e-07	3.331265e-01	3.332798e-01	3.330601e-01
2.224335474861708e-07	3.331260e-01	3.332799e-01	3.330648e-01
2.224502617718851e-07	3.331255e-01	3.332802e-01	3.330696e-01
2.224669760575994e-07	3.331251e-01	3.332805e-01	3.330744e-01
2.224836903433137e-07	3.331246e-01	3.332810e-01	3.330792e-01
2.225004046290280e-07	3.331242e-01	3.332816e-01	3.330839e-01
2.225171189147423e-07	3.331238e-01	3.332823e-01	3.330886e-01
2.225338332004566e-07	3.331234e-01	3.332832e-01	3.330933e-01
2.225606903433138e-07	3.331228e-01	3.332848e-01	3.331009e-01
2.225875474861710e-07	3.331222e-01	3.332866e-01	3.331084e-01
2.226144046290282e-07	3.331216e-01	3.332888e-01	3.331158e-01
2.226412617718853e-07	3.331209e-01	3.332912e-01	3.331232e-01
2.226681189147425e-07	3.331203e-01	3.332938e-01	3.331306e-01
2.226949760575997e-07	3.331196e-01	3.332968e-01	3.331379e-01
2.227218332004568e-07	3.331189e-01	3.333000e-01	3.331452e-01
2.227501189147426e-07	3.331180e-01	3.333036e-01	3.331528e-01
2.227784046290283e-07	3.331171e-01	3.333074e-01	3.331603e-01
2.228066903433141e-07	3.331161e-01	3.333113e-01	3.331678e-01
2.228349760575998e-07	3.331149e-01	3.333154e-01	3.331752e-01
2.228632617718856e-07	3.331137e-01	3.333196e-01	3.331826e-01
2.228915474861713e-07	3.331123e-01	3.333240e-01	3.331899e-01
2.229198332004571e-07	3.331109e-01	3.333286e-01	3.331971e-01
2.229546903433142e-07	3.331089e-01	3.333344e-01	3.332060e-01
2.229895474861714e-07	3.331067e-01	3.333400e-01	3.332148e-01
2.230244046290286e-07	3.331043e-01	3.333456e-01	3.332234e-01
2.230592617718858e-07	3.331017e-01	3.333511e-01	3.332320e-01
2.230941189147430e-07	3.330989e-01	3.333565e-01	3.332404e-01
2.231289760576002e-07	3.330959e-01	3.333618e-01	3.332488e-01
2.231638332004573e-07	3.330927e-01	3.333670e-01	3.332570e-01
2.231858332004574e-07	3.330905e-01	3.333701e-01	3.332622e-01
2.232194046290288e-07	3.330871e-01	3.333747e-01	3.332700e-01
2.232529760576003e-07	3.330835e-01	3.333789e-01	3.332777e-01
2.232865474861718e-07	3.330798e-01	3.333828e-01	3.332853e-01
2.233201189147432e-07	3.330758e-01	3.333862e-01	3.332928e-01
2.233536903433147e-07	3.330718e-01	3.333892e-01	3.333002e-01
2.233872617718862e-07	3.330676e-01	3.333919e-01	3.333075e-01
2.234208332004576e-07	3.330632e-01	3.333941e-01	3.333147e-01
2.234401189147434e-07	3.330606e-01	3.333952e-01	3.333187e-01
2.234594046290291e-07	3.330581e-01	3.333961e-01	3.333228e-01
2.234786903433148e-07	3.330554e-01	3.333968e-01	3.333268e-01
2.234979760576006e-07	3.330528e-01	3.333973e-01	3.333308e-01
2.235172617718863e-07	3.330501e-01	3.333977e-01	3.333347e-01
2.235365474861721e-07	3.330474e-01	3.333979e-01	3.333386e-01
2.235558332004578e-07	3.330447e-01	3.333980e-01	3.333425e-01
2.235784046290292e-07	3.330415e-01	3.333978e-01	3.333470e-01
2.236009760576007e-07	3.330383e-01	3.333973e-01	3.333515e-01
2.236235474861722e-07	3.330350e-01	3.333966e-01	3.333559e-01
2.236461189147436e-07	3.330318e-01	3.333957e-01	3.333602e-01
2.236686903433151e-07	3.330285e-01	3.333945e-01	3.333645e-01
2.236912617718865e-07	3.330253e-01	3.333930e-01	3.333688e-01
2.237138332004580e-07	3.330220e-01	3.333913e-01	3.333730e-01
2.237536903433152e-07	3.330162e-01	3.333877e-01	3.333803e-01
2.237935474861723e-07	3.330105e-01	3.333833e-01	3.333875e-01
2.238334046290295e-07	3.330048e-01	3.333782e-01	3.333945e-01
2.238732617718867e-07	3.329993e-01	3.333724e-01	3.334014e-01
2.239131189147439e-07	3.329939e-01	3.333658e-01	3.334081e-01
2.239529760576011e-07	3.329886e-01	3.333586e-01	3.334147e-01
2.239928332004583e-07	3.329833e-01	3.333506e-01	3.334211e-01
2.240236903433155e-07	3.329794e-01	3.333440e-01	3.334260e-01
2.240545474861726e-07	3.329756e-01	3.333370e-01	3.334308e-01
2.240854046290298e-07	3.329720e-01	3.333298e-01	3.334355e-01
2.241162617718870e-07	3.329685e-01	3.333222e-01	3.334401e-01
2.241471189147442e-07	3.329651e-01	3.333144e-01	3.334446e-01
2.241779760576013e-07	3.329618e-01	3.333062e-01	3.334490e-01
2.242088332004585e-07	3.329587e-01	3.332977e-01	3.334534e-01
2.242098332004585e-07	3.329586e-01	3.332974e-01	3.334535e-01
2.242572617718871e-07	3.329541e-01	3.332838e-01	3.334601e-01
2.243046903433158e-07	3.329500e-01	3.332699e-01	3.334664e-01
2.243521189147444e-07	3.329464e-01	3.332557e-01	3.334725e-01
2.243995474861730e-07	3.329432e-01	3.332412e-01	3.334784e-01
2.244469760576016e-07	3.329404e-01	3.332265e-01	3.334841e-01
2.244944046290303e-07	3.329380e-01	3.332114e-01	3.334896e-01
2.245418332004589e-07	3.329360e-01	3.331961e-01	3.334950e-01
2.245594046290304e-07	3.329355e-01	3.331905e-01	3.334969e-01
2.245769760576018e-07	3.329349e-01	3.331849e-01	3.334988e-01
2.245945474861733e-07	3.329344e-01	3.331794e-01	3.335007e-01
2.246121189147447e-07	3.329340e-01	3.331738e-01	3.335025e-01
2.246296903433161e-07	3.329337e-01	3.331683e-01	3.335043e-01
2.246472617718876e-07	3.329334e-01	3.331627e-01	3.335061e-01
2.246648332004590e-07	3.329332e-01	3.331572e-01	3.335079e-01
2.246658332004590e-07	3.329332e-01	3.331569e-01	3.335080e-01
2.246668332004590e-07	3.329332e-01	3.331566e-01	3.335081e-01
2.246678332004590e-07	3.329332e-01	3.331563e-01	3.335082e-01
2.246688332004590e-07	3.329332e-01	3.331560e-01	3.335083e-01
2.246698332004590e-07	3.329331e-01	3.331556e-01	3.335084e-01
2.246708332004590e-07	3.329331e-01	3.331553e-01	3.335085e-01
2.246835474861734e-07	3.329330e-01	3.331514e-01	3.335097e-01
2.246962617718876e-07	3.329330e-01	3.331474e-01	3.335110e-01
2.247089760576019e-07	3.329329e-01	3.331433e-01	3.335122e-01
2.247216903433163e-07	3.329329e-01	3.331392e-01	3.335135e-01
2.247344046290306e-07	3.329330e-01	3.331351e-01	3.335147e-01
2.247471189147448e-07	3.329330e-01	3.331308e-01	3.335159e-01
2.247598332004591e-07	3.329331e-01	3.331265e-01	3.335170e-01
2.247781189147449e-07	3.329333e-01	3.331201e-01	3.335187e-01
2.247964046290306e-07	3.329336e-01	3.331134e-01	3.335204e-01
2.248146903433164e-07	3.329339e-01	3.331066e-01	3.335220e-01
2.248329760576021e-07	3.329344e-01	3.330995e-01	3.335236e-01
2.248512617718878e-07	3.329349e-01	3.330923e-01	3.335251e-01
2.248695474861736e-07	3.329354e-01	3.330848e-01	3.335267e-01
2.248878332004593e-07	3.329361e-01	3.330771e-01	3.335282e-01
2.249221189147450e-07	3.329375e-01	3.330619e-01	3.335310e-01
2.249564046290308e-07	3.329392e-01	3.330470e-01	3.335336e-01
2.249906903433166e-07	3.329413e-01	3.330322e-01	3.335363e-01
2.250249760576023e-07	3.329437e-01	3.330176e-01	3.335388e-01
2.250592617718880e-07	3.329465e-01	3.330032e-01	3.335412e-01
2.250935474861738e-07	3.329497e-01	3.329890e-01	3.335435e-01
2.251278332004596e-07	3.329532e-01	3.329750e-01	3.335458e-01
2.251428332004596e-07	3.329549e-01	3.329694e-01	3.335468e-01
2.251578332004596e-07	3.329567e-01	3.329639e-01	3.335477e-01
2.251728332004596e-07	3.329586e-01	3.329586e-01	3.335486e-01
2.251878332004596e-07	3.329605e-01	3.329535e-01	3.335495e-01
2.252028332004596e-07	3.329626e-01	3.329487e-01	3.335504e-01
2.252178332004597e-07	3.329648e-01	3.329440e-01	3.335513e-01
2.252328332004597e-07	3.329670e-01	3.329395e-01	3.335522e-01
2.252338332004597e-07	3.329672e-01	3.329392e-01	3.335522e-01
2.252555474861740e-07	3.329706e-01	3.329332e-01	3.335535e-01
2.252772617718883e-07	3.329743e-01	3.329277e-01	3.335547e-01
2.252989760576026e-07	3.329782e-01	3.329228e-01	3.335558e-01
2.253206903433169e-07	3.329823e-01	3.329183e-01	3.335569e-01
2.253424046290312e-07	3.329867e-01	3.329145e-01	3.335580e-01
2.253641189147455e-07	3.329913e-01	3.329111e-01	3.335591e-01
2.253858332004599e-07	3.329961e-01	3.329083e-01	3.335602e-01
2.253999760576027e-07	3.329993e-01	3.329068e-01	3.335608e-01
2.254141189147456e-07	3.330027e-01	3.329055e-01	3.335615e-01
2.254282617718885e-07	3.330062e-01	3.329044e-01	3.335621e-01
2.254424046290314e-07	3.330098e-01	3.329036e-01	3.335627e-01
2.254565474861742e-07	3.330135e-01	3.329030e-01	3.335633e-01
2.254706903433171e-07	3.330172e-01	3.329026e-01	3.335639e-01
2.254848332004600e-07	3.330211e-01	3.329025e-01	3.335645e-01
2.255004046290314e-07	3.330255e-01	3.329026e-01	3.335652e-01
2.255159760576029e-07	3.330301e-01	3.329029e-01	3.335658e-01
2.255315474861743e-07	3.330347e-01	3.329036e-01	3.335664e-01
2.255471189147457e-07	3.330395e-01	3.329044e-01	3.335670e-01
2.255626903433172e-07	3.330444e-01	3.329055e-01	3.335675e-01
2.255782617718886e-07	3.330495e-01	3.329069e-01	3.335681e-01
2.255938332004601e-07	3.330547e-01	3.329085e-01	3.335686e-01
2.256515474861745e-07	3.330752e-01	3.329173e-01	3.335705e-01
2.257092617718888e-07	3.330971e-01	3.329279e-01	3.335722e-01
2.257669760576031e-07	3.331204e-01	3.329401e-01	3.335738e-01
2.258246903433175e-07	3.331451e-01	3.329541e-01	3.335751e-01
2.258824046290319e-07	3.331712e-01	3.329699e-01	3.335763e-01
2.259401189147462e-07	3.331987e-01	3.329873e-01	3.335773e-01
2.259978332004606e-07	3.332275e-01	3.330065e-01	3.335781e-01
2.260348332004606e-07	3.332465e-01	3.330186e-01	3.335786e-01
2.260718332004606e-07	3.332655e-01	3.330306e-01	3.335790e-01
2.261088332004607e-07	3.332848e-01	3.330424e-01	3.335794e-01
2.261458332004607e-07	3.333043e-01	3.330542e-01	3.335796e-01
2.261828332004608e-07	3.333240e-01	3.330659e-01	3.335799e-01
2.262198332004608e-07	3.333438e-01	3.330776e-01	3.335800e-01
2.262568332004608e-07	3.333638e-01	3.330891e-01	3.335801e-01
2.262578332004608e-07	3.333644e-01	3.330894e-01	3.335801e-01
2.263016903433180e-07	3.333882e-01	3.331026e-01	3.335802e-01
2.263455474861752e-07	3.334118e-01	3.331152e-01	3.335801e-01
2.263894046290324e-07	3.334351e-01	3.331273e-01	3.335801e-01
2.264332617718896e-07	3.334582e-01	3.331389e-01	3.335799e-01
2.264771189147468e-07	3.334810e-01	3.331500e-01	3.335797e-01
2.265209760576040e-07	3.335035e-01	3.331605e-01	3.335794e-01
2.265648332004612e-07	3.335259e-01	3.331704e-01	3.335790e-01
2.266185474861755e-07	3.335525e-01	3.331817e-01	3.335785e-01
2.266722617718899e-07	3.335781e-01	3.331921e-01	3.335778e-01
2.267259760576042e-07	3.336026e-01	3.332019e-01	3.335771e-01
2.267796903433186e-07	3.336260e-01	3.332109e-01	3.335763e-01
2.268334046290329e-07	3.336483e-01	3.332191e-01	3.335755e-01
2.268871189147473e-07	3.336696e-01	3.332266e-01	3.335745e-01
2.269408332004616e-07	3.336897e-01	3.332333e-01	3.335735e-01
2.269894046290331e-07	3.337067e-01	3.332389e-01	3.335725e-01
2.270379760576046e-07	3.337225e-01	3.332442e-01	3.335714e-01
2.270865474861761e-07	3.337372e-01	3.332493e-01	3.335704e-01
2.271351189147475e-07	3.337507e-01	3.332540e-01	3.335692e-01
2.271836903433190e-07	3.337631e-01	3.332585e-01	3.335680e-01
2.272322617718905e-07	3.337743e-01	3.332627e-01	3.335668e-01
2.272808332004620e-07	3.337844e-01	3.332666e-01	3.335655e-01
2.272818332004620e-07	3.337846e-01	3.332666e-01	3.335655e-01
2.273284046290335e-07	3.337931e-01	3.332703e-01	3.335642e-01
2.273749760576050e-07	3.338006e-01	3.332740e-01	3.335629e-01
2.274215474861765e-07	3.338070e-01	3.332776e-01	3.335616e-01
2.274681189147479e-07	3.338124e-01	3.332812e-01	3.335602e-01
2.275146903433194e-07	3.338169e-01	3.332847e-01	3.335588e-01
2.275612617718909e-07	3.338203e-01	3.332883e-01	3.335574e-01
2.276078332004624e-07	3.338226e-01	3.332918e-01	3.335559e-01
2.276424046290339e-07	3.338238e-01	3.332945e-01	3.335548e-01
2.276769760576053e-07	3.338245e-01	3.332972e-01	3.335537e-01
2.277115474861768e-07	3.338248e-01	3.333000e-01	3.335525e-01
2.277461189147482e-07	3.338245e-01	3.333028e-01	3.335514e-01
2.277806903433197e-07	3.338238e-01	3.333057e-01	3.335503e-01
2.278152617718912e-07	3.338226e-01	3.333085e-01	3.335491e-01
2.278498332004627e-07	3.338210e-01	3.333115e-01	3.335479e-01
2.279148332004627e-07	3.338166e-01	3.333172e-01	3.335457e-01
2.279798332004628e-07	3.338111e-01	3.333230e-01	3.335434e-01
2.280448332004629e-07	3.338045e-01	3.333290e-01	3.335411e-01
2.281098332004629e-07	3.337967e-01	3.333351e-01	3.335387e-01
2.281748332004630e-07	3.337879e-01	3.333413e-01	3.335364e-01
2.282398332004631e-07	3.337780e-01	3.333477e-01	3.335340e-01
2.283048332004632e-07	3.337669e-01	3.333542e-01	3.335316e-01
2.283058332004632e-07	3.337668e-01	3.333543e-01	3.335316e-01
2.283951189147490e-07	3.337502e-01	3.333634e-01	3.335282e-01
2.284844046290348e-07	3.337331e-01	3.333723e-01	3.335249e-01
2.285736903433206e-07	3.337155e-01	3.333810e-01	3.335216e-01
2.286629760576064e-07	3.336973e-01	3.333895e-01	3.335182e-01
2.287522617718922e-07	3.336785e-01	3.333978e-01	3.335148e-01
2.288415474861781e-07	3.336592e-01	3.334059e-01	3.335115e-01
2.289308332004639e-07	3.336394e-01	3.334138e-01	3.335081e-01
2.289876903433211e-07	3.336270e-01	3.334185e-01	3.335060e-01
2.290445474861783e-07	3.336149e-01	3.334230e-01	3.335038e-01
2.291014046290355e-07	3.336029e-01	3.334272e-01	3.335017e-01
2.291582617718927e-07	3.335911e-01	3.334312e-01	3.334996e-01
2.292151189147499e-07	3.335794e-01	3.334350e-01	3.334975e-01
2.292719760576071e-07	3.335679e-01	3.334385e-01	3.334955e-01
2.293288332004643e-07	3.335566e-01	3.334418e-01	3.334934e-01
2.293298332004643e-07	3.335564e-01	3.334419e-01	3.334934e-01
2.293962617718930e-07	3.335435e-01	3.334454e-01	3.334909e-01
2.294626903433216e-07	3.335311e-01	3.334486e-01	3.334886e-01
2.295291189147503e-07	3.335190e-01	3.334514e-01	3.334862e-01
2.295955474861789e-07	3.335075e-01	3.334539e-01	3.334838e-01
2.296619760576076e-07	3.334963e-01	3.334560e-01	3.334815e-01
2.297284046290362e-07	3.334856e-01	3.334578e-01	3.334792e-01
2.297948332004649e-07	3.334754e-01	3.334592e-01	3.334769e-01
2.298614046290364e-07	3.334656e-01	3.334603e-01	3.334746e-01
2.299279760576079e-07	3.334562e-01	3.334611e-01	3.334724e-01
2.299945474861794e-07	3.334474e-01	3.334617e-01	3.334702e-01
2.300611189147509e-07	3.334390e-01	3.334619e-01	3.334680e-01
2.301276903433224e-07	3.334311e-01	3.334619e-01	3.334658e-01
2.301942617718939e-07	3.334236e-01	3.334616e-01	3.334637e-01
2.302608332004654e-07	3.334167e-01	3.334610e-01	3.334616e-01
2.302739760576083e-07	3.334153e-01	3.334609e-01	3.334612e-01
2.302871189147511e-07	3.334140e-01	3.334608e-01	3.334608e-01
2.303002617718940e-07	3.334128e-01	3.334606e-01	3.334604e-01
2.303134046290369e-07	3.334115e-01	3.334605e-01	3.334599e-01
2.303265474861798e-07	3.334102e-01	3.334603e-01	3.334595e-01
2.303396903433226e-07	3.334090e-01	3.334601e-01	3.334591e-01
2.303528332004655e-07	3.334077e-01	3.334599e-01	3.334587e-01
2.303538332004655e-07	3.334076e-01	3.334599e-01	3.334587e-01
2.303938332004655e-07	3.334040e-01	3.334593e-01	3.334575e-01
2.304338332004656e-07	3.334005e-01	3.334586e-01	3.334563e-01
2.304738332004656e-07	3.333972e-01	3.334579e-01	3.334551e-01
2.305138332004657e-07	3.333940e-01	3.334571e-01	3.334539e-01
2.305538332004657e-07	3.333910e-01	3.334563e-01	3.334527e-01
2.305938332004658e-07	3.333881e-01	3.334554e-01	3.334515e-01
2.306338332004658e-07	3.333853e-01	3.334544e-01	3.334503e-01
2.306514046290373e-07	3.333841e-01	3.334540e-01	3.334498e-01
2.306689760576087e-07	3.333830e-01	3.334536e-01	3.334493e-01
2.306865474861802e-07	3.333819e-01	3.334531e-01	3.334489e-01
2.307041189147516e-07	3.333807e-01	3.334526e-01	3.334484e-01
2.307216903433231e-07	3.333797e-01	3.334522e-01	3.334480e-01
2.307392617718945e-07	3.333786e-01	3.334517e-01	3.334476e-01
2.307568332004659e-07	3.333776e-01	3.334512e-01	3.334472e-01
2.307712617718945e-07	3.333767e-01	3.334508e-01	3.334469e-01
2.307856903433231e-07	3.333759e-01	3.334504e-01	3.334467e-01
2.308001189147517e-07	3.333751e-01	3.334500e-01	3.334465e-01
2.308145474861803e-07	3.333743e-01	3.334496e-01	3.334464e-01
2.308289760576089e-07	3.333736e-01	3.334492e-01	3.334463e-01
2.308434046290375e-07	3.333728e-01	3.334488e-01	3.334462e-01
2.308578332004661e-07	3.333721e-01	3.334484e-01	3.334462e-01
2.308714046290375e-07	3.333714e-01	3.334480e-01	3.334463e-01
2.308849760576089e-07	3.333707e-01	3.334476e-01	3.334464e-01
2.308985474861804e-07	3.333701e-01	3.334472e-01	3.334465e-01
2.309121189147518e-07	3.333694e-01	3.334467e-01	3.334467e-01
2.309256903433233e-07	3.333688e-01	3.334463e-01	3.334470e-01
2.309392617718947e-07	3.333682e-01	3.334459e-01	3.334473e-01
2.309528332004662e-07	3.333676e-01	3.334455e-01	3.334477e-01
2.309732617718948e-07	3.333667e-01	3.334449e-01	3.334484e-01
2.309936903433234e-07	3.333658e-01	3.334442e-01	3.334492e-01
2.310141189147519e-07	3.333650e-01	3.334436e-01	3.334502e-01
2.310345474861806e-07	3.333641e-01	3.334430e-01	3.334513e-01
2.310549760576091e-07	3.333633e-01	3.334423e-01	3.334526e-01
2.310754046290377e-07	3.333626e-01	3.334417e-01	3.334541e-01
2.310958332004663e-07	3.333618e-01	3.334410e-01	3.334556e-01
2.311291189147521e-07	3.333606e-01	3.334400e-01	3.334585e-01
2.311624046290378e-07	3.333595e-01	3.334389e-01	3.334618e-01
2.311956903433236e-07	3.333585e-01	3.334378e-01	3.334654e-01
2.312289760576093e-07	3.333575e-01	3.334368e-01	3.334693e-01
2.312622617718951e-07	3.333565e-01	3.334357e-01	3.334736e-01
2.312955474861809e-07	3.333556e-01	3.334346e-01	3.334781e-01
2.313288332004666e-07	3.333548e-01	3.334335e-01	3.334830e-01
2.313778332004667e-07	3.333536e-01	3.334320e-01	3.334906e-01
2.314299760576096e-07	3.333525e-01	3.334303e-01	3.334994e-01
2.314821189147525e-07	3.333515e-01	3.334286e-01	3.335082e-01
2.315342617718954e-07	3.333505e-01	3.334270e-01	3.335172e-01
2.315864046290383e-07	3.333496e-01	3.334254e-01	3.335263e-01
2.316385474861812e-07	3.333489e-01	3.334239e-01	3.335355e-01
2.316906903433242e-07	3.333482e-01	3.334224e-01	3.335448e-01
2.317428332004671e-07	3.333476e-01	3.334208e-01	3.335542e-01
2.317901189147528e-07	3.333471e-01	3.334195e-01	3.335624e-01
2.318374046290386e-07	3.333466e-01	3.334182e-01	3.335704e-01
2.318846903433244e-07	3.333462e-01	3.334169e-01	3.335781e-01
2.319319760576101e-07	3.333458e-01	3.334156e-01	3.335855e-01
2.319792617718959e-07	3.333454e-01	3.334144e-01	3.335926e-01
2.320265474861817e-07	3.333451e-01	3.334132e-01	3.335995e-01
2.320738332004674e-07	3.333448e-01	3.334121e-01	3.336062e-01
2.321205474861818e-07	3.333446e-01	3.334110e-01	3.336123e-01
2.321672617718961e-07	3.333443e-01	3.334099e-01	3.336182e-01
2.322139760576105e-07	3.333441e-01	3.334089e-01	3.336238e-01
2.322606903433248e-07	3.333439e-01	3.334079e-01	3.336292e-01
2.323074046290391e-07	3.333437e-01	3.334069e-01	3.336342e-01
2.323541189147535e-07	3.333435e-01	3.334060e-01	3.336390e-01
2.324008332004678e-07	3.333434e-01	3.334050e-01	3.336435e-01
2.324018332004678e-07	3.333434e-01	3.334050e-01	3.336436e-01
2.324655474861822e-07	3.333432e-01	3.334038e-01	3.336493e-01
2.325292617718965e-07	3.333430e-01	3.334027e-01	3.336547e-01
2.325929760576109e-07	3.333428e-01	3.334016e-01	3.336598e-01
2.326566903433252e-07	3.333426e-01	3.334006e-01	3.336646e-01
2.327204046290396e-07	3.333424e-01	3.333996e-01	3.336691e-01
2.327841189147540e-07	3.333422e-01	3.333987e-01	3.336733e-01
2.328478332004683e-07	3.333420e-01	3.333979e-01	3.336771e-01
2.329012617718969e-07	3.333419e-01	3.333972e-01	3.336803e-01
2.329546903433256e-07	3.333417e-01	3.333965e-01	3.336833e-01
2.330081189147542e-07	3.333415e-01	3.333959e-01	3.336861e-01
2.330615474861829e-07	3.333413e-01	3.333953e-01	3.336888e-01
2.331149760576115e-07	3.333410e-01	3.333947e-01	3.336913e-01
2.331684046290401e-07	3.333408e-01	3.333942e-01	3.336937e-01
2.332218332004687e-07	3.333406e-01	3.333937e-01	3.336960e-01
2.332508332004688e-07	3.333404e-01	3.333934e-01	3.336971e-01
2.332798332004688e-07	3.333403e-01	3.333931e-01	3.336982e-01
2.333088332004688e-07	3.333402e-01	3.333928e-01	3.336993e-01
2.333378332004689e-07	3.333400e-01	3.333926e-01	3.337002e-01
2.333668332004689e-07	3.333398e-01	3.333923e-01	3.337012e-01
2.333958332004689e-07	3.333397e-01	3.333921e-01	3.337020e-01
2.334248332004690e-07	3.333395e-01	3.333918e-01	3.337029e-01
2.334258332004690e-07	3.333395e-01	3.333918e-01	3.337029e-01
2.334805474861833e-07	3.333392e-01	3.333914e-01	3.337043e-01
2.335352617718977e-07	3.333389e-01	3.333909e-01	3.337054e-01
2.335899760576120e-07	3.333385e-01	3.333905e-01	3.337062e-01
2.336446903433264e-07	3.333381e-01	3.333901e-01	3.337068e-01
2.336994046290407e-07	3.333378e-01	3.333897e-01	3.337071e-01
2.337541189147551e-07	3.333374e-01	3.333893e-01	3.337070e-01
2.338088332004694e-07	3.333369e-01	3.333889e-01	3.337067e-01
2.338108332004694e-07	3.333369e-01	3.333889e-01	3.337067e-01
2.338128332004694e-07	3.333369e-01	3.333889e-01	3.337067e-01
2.338138332004694e-07	3.333369e-01	3.333889e-01	3.337067e-01
2.338148332004694e-07	3.333369e-01	3.333889e-01	3.337067e-01
2.338158332004694e-07	3.333369e-01	3.333888e-01	3.337067e-01
2.338178332004694e-07	3.333369e-01	3.333888e-01	3.337066e-01
2.338289760576123e-07	3.333368e-01	3.333888e-01	3.337065e-01
2.338401189147551e-07	3.333367e-01	3.333887e-01	3.337064e-01
2.338512617718980e-07	3.333366e-01	3.333886e-01	3.337063e-01
2.338624046290409e-07	3.333365e-01	3.333885e-01	3.337061e-01
2.338735474861838e-07	3.333365e-01	3.333884e-01	3.337059e-01
2.338846903433266e-07	3.333364e-01	3.333884e-01	3.337057e-01
2.338958332004695e-07	3.333363e-01	3.333883e-01	3.337055e-01
2.339322617718981e-07	3.333360e-01	3.333880e-01	3.337047e-01
2.339686903433267e-07	3.333357e-01	3.333878e-01	3.337035e-01
2.340051189147553e-07	3.333354e-01	3.333875e-01	3.337018e-01
2.340415474861840e-07	3.333351e-01	3.333872e-01	3.336997e-01
2.340779760576126e-07	3.333348e-01	3.333870e-01	3.336970e-01
2.341144046290412e-07	3.333345e-01	3.333867e-01	3.336938e-01
2.341508332004698e-07	3.333341e-01	3.333865e-01	3.336902e-01
2.341798332004698e-07	3.333339e-01	3.333863e-01	3.336867e-01
2.342088332004699e-07	3.333336e-01	3.333861e-01	3.336826e-01
2.342378332004699e-07	3.333334e-01	3.333859e-01	3.336780e-01
2.342668332004699e-07	3.333331e-01	3.333857e-01	3.336729e-01
2.342958332004700e-07	3.333328e-01	3.333854e-01	3.336673e-01
2.343248332004700e-07	3.333325e-01	3.333852e-01	3.336611e-01
2.343538332004700e-07	3.333323e-01	3.333850e-01	3.336544e-01
2.344498332004701e-07	3.333313e-01	3.333843e-01	3.336280e-01
2.345032617718988e-07	3.333308e-01	3.333839e-01	3.336104e-01
2.345566903433274e-07	3.333303e-01	3.333835e-01	3.335913e-01
2.346101189147560e-07	3.333298e-01	3.333830e-01	3.335707e-01
2.346635474861847e-07	3.333293e-01	3.333826e-01	3.335486e-01
2.347169760576133e-07	3.333287e-01	3.333821e-01	3.335250e-01
2.347704046290419e-07	3.333282e-01	3.333817e-01	3.334999e-01
2.348238332004706e-07	3.333277e-01	3.333812e-01	3.334733e-01
2.349051189147564e-07	3.333268e-01	3.333805e-01	3.334303e-01
2.349864046290422e-07	3.333260e-01	3.333797e-01	3.333870e-01
2.350676903433280e-07	3.333252e-01	3.333790e-01	3.333434e-01
2.351489760576138e-07	3.333244e-01	3.333781e-01	3.332997e-01
2.352302617718996e-07	3.333236e-01	3.333773e-01	3.332557e-01
2.353115474861854e-07	3.333228e-01	3.333764e-01	3.332114e-01
2.353928332004712e-07	3.333220e-01	3.333755e-01	3.331670e-01
2.354738332004713e-07	3.333213e-01	3.333746e-01	3.331253e-01
2.355451189147571e-07	3.333206e-01	3.333738e-01	3.330898e-01
2.356164046290429e-07	3.333200e-01	3.333730e-01	3.330561e-01
2.356876903433287e-07	3.333193e-01	3.333721e-01	3.330243e-01
2.357589760576145e-07	3.333187e-01	3.333712e-01	3.329943e-01
2.358302617719003e-07	3.333181e-01	3.333703e-01	3.329662e-01
2.359015474861861e-07	3.333175e-01	3.333694e-01	3.329399e-01
2.359728332004719e-07	3.333169e-01	3.333685e-01	3.329155e-01
2.360411189147576e-07	3.333164e-01	3.333676e-01	3.328945e-01
2.361094046290435e-07	3.333159e-01	3.333667e-01	3.328754e-01
2.361776903433292e-07	3.333154e-01	3.333658e-01	3.328583e-01
2.362459760576150e-07	3.333149e-01	3.333649e-01	3.328432e-01
2.363142617719008e-07	3.333145e-01	3.333640e-01	3.328301e-01
2.363825474861866e-07	3.333140e-01	3.333630e-01	3.328190e-01
2.364508332004724e-07	3.333136e-01	3.333621e-01	3.328098e-01
2.364978332004725e-07	3.333133e-01	3.333614e-01	3.328046e-01
2.365382617719011e-07	3.333131e-01	3.333608e-01	3.328009e-01
2.365786903433297e-07	3.333128e-01	3.333603e-01	3.327978e-01
2.366191189147583e-07	3.333126e-01	3.333597e-01	3.327953e-01
2.366595474861869e-07	3.333124e-01	3.333591e-01	3.327934e-01
2.366999760576155e-07	3.333122e-01	3.333586e-01	3.327921e-01
2.367404046290442e-07	3.333120e-01	3.333580e-01	3.327915e-01
2.367808332004728e-07	3.333118e-01	3.333574e-01	3.327914e-01
2.368569760576157e-07	3.333114e-01	3.333563e-01	3.327931e-01
2.369331189147587e-07	3.333111e-01	3.333553e-01	3.327965e-01
2.370092617719016e-07	3.333108e-01	3.333542e-01	3.328015e-01
2.370854046290446e-07	3.333105e-01	3.333531e-01	3.328082e-01
2.371615474861875e-07	3.333103e-01	3.333521e-01	3.328165e-01
2.372376903433304e-07	3.333100e-01	3.333510e-01	3.328265e-01
2.373138332004734e-07	3.333098e-01	3.333500e-01	3.328382e-01
2.373434046290449e-07	3.333097e-01	3.333496e-01	3.328430e-01
2.373729760576163e-07	3.333097e-01	3.333492e-01	3.328480e-01
2.374025474861878e-07	3.333096e-01	3.333487e-01	3.328531e-01
2.374321189147592e-07	3.333095e-01	3.333483e-01	3.328584e-01
2.374616903433307e-07	3.333095e-01	3.333479e-01	3.328639e-01
2.374912617719021e-07	3.333094e-01	3.333475e-01	3.328695e-01
2.375208332004736e-07	3.333094e-01	3.333471e-01	3.328754e-01
2.375218332004736e-07	3.333094e-01	3.333471e-01	3.328755e-01
2.376506903433309e-07	3.333091e-01	3.333454e-01	3.329037e-01
2.377795474861882e-07	3.333090e-01	3.333437e-01	3.329329e-01
2.379084046290454e-07	3.333089e-01	3.333421e-01	3.329631e-01
2.380372617719027e-07	3.333089e-01	3.333405e-01	3.329944e-01
2.381661189147600e-07	3.333089e-01	3.333390e-01	3.330267e-01
2.382949760576172e-07	3.333089e-01	3.333375e-01	3.330601e-01
2.384238332004745e-07	3.333091e-01	3.333360e-01	3.330945e-01
2.385458332004714e-07	3.333092e-01	3.333347e-01	3.331257e-01
2.386585474861828e-07	3.333094e-01	3.333335e-01	3.331543e-01
2.387712617718943e-07	3.333096e-01	3.333324e-01	3.331818e-01
2.388839760576057e-07	3.333098e-01	3.333313e-01	3.332082e-01
2.389966903433171e-07	3.333100e-01	3.333303e-01	3.332334e-01
2.391094046290286e-07	3.333103e-01	3.333293e-01	3.332576e-01
2.392221189147400e-07	3.333106e-01	3.333283e-01	3.332807e-01
2.393348332004514e-07	3.333110e-01	3.333274e-01	3.333026e-01
2.395698332004455e-07	3.333117e-01	3.333257e-01	3.333431e-01
2.397458332004410e-07	3.333123e-01	3.333246e-01	3.333692e-01
2.397498332004409e-07	3.333123e-01	3.333245e-01	3.333697e-01
2.397538332004408e-07	3.333123e-01	3.333245e-01	3.333703e-01
2.397578332004407e-07	3.333123e-01	3.333245e-01	3.333708e-01
2.397618332004406e-07	3.333123e-01	3.333245e-01	3.333714e-01
2.397658332004405e-07	3.333123e-01	3.333245e-01	3.333719e-01
2.397698332004404e-07	3.333123e-01	3.333245e-01	3.333724e-01
2.397738332004403e-07	3.333124e-01	3.333245e-01	3.333730e-01
2.397781189147259e-07	3.333124e-01	3.333245e-01	3.333736e-01
2.397824046290115e-07	3.333124e-01	3.333245e-01	3.333741e-01
2.397866903432971e-07	3.333124e-01	3.333245e-01	3.333747e-01
2.397909760575827e-07	3.333124e-01	3.333245e-01	3.333753e-01
2.397952617718683e-07	3.333124e-01	3.333246e-01	3.333758e-01
2.397995474861539e-07	3.333124e-01	3.333246e-01	3.333764e-01
2.398038332004395e-07	3.333125e-01	3.333247e-01	3.333769e-01
2.398101189147251e-07	3.333125e-01	3.333248e-01	3.333778e-01
2.398164046290107e-07	3.333125e-01	3.333249e-01	3.333786e-01
2.398226903432962e-07	3.333125e-01	3.333250e-01	3.333794e-01
2.398289760575818e-07	3.333126e-01	3.333252e-01	3.333802e-01
2.398352617718673e-07	3.333126e-01	3.333254e-01	3.333810e-01
2.398415474861529e-07	3.333126e-01	3.333256e-01	3.333818e-01
2.398478332004384e-07	3.333126e-01	3.333259e-01	3.333826e-01
2.398574046290096e-07	3.333126e-01	3.333263e-01	3.333838e-01
2.398669760575808e-07	3.333127e-01	3.333268e-01	3.333849e-01
2.398765474861520e-07	3.333127e-01	3.333274e-01	3.333861e-01
2.398861189147232e-07	3.333127e-01	3.333280e-01	3.333873e-01
2.398956903432944e-07	3.333128e-01	3.333287e-01	3.333884e-01
2.399052617718655e-07	3.333128e-01	3.333294e-01	3.333896e-01
2.399148332004367e-07	3.333128e-01	3.333302e-01	3.333907e-01
2.399281189147221e-07	3.333128e-01	3.333314e-01	3.333922e-01
2.399414046290075e-07	3.333129e-01	3.333326e-01	3.333937e-01
2.399546903432929e-07	3.333129e-01	3.333339e-01	3.333952e-01
2.399679760575782e-07	3.333129e-01	3.333352e-01	3.333967e-01
2.399812617718636e-07	3.333129e-01	3.333366e-01	3.333982e-01
2.399945474861490e-07	3.333128e-01	3.333381e-01	3.333996e-01
2.400078332004344e-07	3.333128e-01	3.333396e-01	3.334011e-01
2.400259760575768e-07	3.333128e-01	3.333417e-01	3.334030e-01
2.400441189147192e-07	3.333127e-01	3.333437e-01	3.334048e-01
2.400622617718616e-07	3.333125e-01	3.333455e-01	3.334067e-01
2.400804046290040e-07	3.333124e-01	3.333473e-01	3.334084e-01
2.400985474861464e-07	3.333121e-01	3.333490e-01	3.334102e-01
2.401166903432888e-07	3.333119e-01	3.333506e-01	3.334119e-01
2.401348332004312e-07	3.333116e-01	3.333521e-01	3.334136e-01
2.401464046290023e-07	3.333113e-01	3.333530e-01	3.334147e-01
2.401579760575734e-07	3.333111e-01	3.333537e-01	3.334157e-01
2.401695474861446e-07	3.333108e-01	3.333543e-01	3.334167e-01
2.401811189147157e-07	3.333105e-01	3.333548e-01	3.334177e-01
2.401926903432868e-07	3.333101e-01	3.333553e-01	3.334187e-01
2.402042617718580e-07	3.333098e-01	3.333556e-01	3.334197e-01
2.402158332004291e-07	3.333094e-01	3.333559e-01	3.334206e-01
2.402239760575718e-07	3.333091e-01	3.333560e-01	3.334213e-01
2.402321189147144e-07	3.333088e-01	3.333560e-01	3.334220e-01
2.402402617718571e-07	3.333084e-01	3.333560e-01	3.334226e-01
2.402484046289997e-07	3.333081e-01	3.333559e-01	3.334233e-01
2.402565474861424e-07	3.333077e-01	3.333557e-01	3.334239e-01
2.402646903432850e-07	3.333073e-01	3.333556e-01	3.334245e-01
2.402728332004277e-07	3.333069e-01	3.333553e-01	3.334252e-01
2.402875474861416e-07	3.333062e-01	3.333547e-01	3.334263e-01
2.403022617718555e-07	3.333053e-01	3.333538e-01	3.334274e-01
2.403169760575694e-07	3.333044e-01	3.333528e-01	3.334284e-01
2.403316903432833e-07	3.333035e-01	3.333516e-01	3.334295e-01
2.403464046289972e-07	3.333024e-01	3.333501e-01	3.334305e-01
2.403611189147111e-07	3.333013e-01	3.333485e-01	3.334315e-01
2.403758332004251e-07	3.333001e-01	3.333466e-01	3.334325e-01
2.404004046289959e-07	3.332980e-01	3.333430e-01	3.334340e-01
2.404249760575667e-07	3.332957e-01	3.333390e-01	3.334355e-01
2.404495474861375e-07	3.332932e-01	3.333344e-01	3.334370e-01
2.404741189147083e-07	3.332905e-01	3.333294e-01	3.334384e-01
2.404986903432791e-07	3.332875e-01	3.333239e-01	3.334397e-01
2.405232617718499e-07	3.332844e-01	3.333180e-01	3.334410e-01
2.405478332004207e-07	3.332810e-01	3.333116e-01	3.334422e-01
2.405928332004196e-07	3.332743e-01	3.332991e-01	3.334442e-01
2.405938332004195e-07	3.332741e-01	3.332988e-01	3.334443e-01
2.406374046289899e-07	3.332669e-01	3.332852e-01	3.334461e-01
2.406809760575602e-07	3.332591e-01	3.332716e-01	3.334477e-01
2.407245474861305e-07	3.332508e-01	3.332580e-01	3.334492e-01
2.407681189147008e-07	3.332421e-01	3.332444e-01	3.334505e-01
2.408116903432712e-07	3.332328e-01	3.332307e-01	3.334516e-01
2.408552617718415e-07	3.332231e-01	3.332170e-01	3.334526e-01
2.408988332004118e-07	3.332128e-01	3.332033e-01	3.334534e-01
2.409302617718396e-07	3.332053e-01	3.331941e-01	3.334539e-01
2.409616903432674e-07	3.331977e-01	3.331854e-01	3.334543e-01
2.409931189146951e-07	3.331901e-01	3.331774e-01	3.334547e-01
2.410245474861229e-07	3.331824e-01	3.331698e-01	3.334550e-01
2.410559760575507e-07	3.331747e-01	3.331628e-01	3.334552e-01
2.410874046289785e-07	3.331669e-01	3.331564e-01	3.334553e-01
2.411188332004062e-07	3.331591e-01	3.331505e-01	3.334554e-01
2.411434046289770e-07	3.331531e-01	3.331464e-01	3.334554e-01
2.411679760575478e-07	3.331471e-01	3.331428e-01	3.334554e-01
2.411925474861186e-07	3.331412e-01	3.331396e-01	3.334553e-01
2.412171189146895e-07	3.331353e-01	3.331369e-01	3.334552e-01
2.412416903432603e-07	3.331296e-01	3.331346e-01	3.334551e-01
2.412662617718311e-07	3.331239e-01	3.331327e-01	3.334549e-01
2.412908332004019e-07	3.331183e-01	3.331313e-01	3.334547e-01
2.413111189146871e-07	3.331138e-01	3.331304e-01	3.334545e-01
2.413314046289723e-07	3.331093e-01	3.331299e-01	3.334542e-01
2.413516903432575e-07	3.331050e-01	3.331296e-01	3.334540e-01
2.413719760575427e-07	3.331008e-01	3.331296e-01	3.334537e-01
2.413922617718279e-07	3.330967e-01	3.331300e-01	3.334534e-01
2.414125474861131e-07	3.330926e-01	3.331306e-01	3.334531e-01
2.414328332003983e-07	3.330887e-01	3.331315e-01	3.334528e-01
2.414591189146833e-07	3.330838e-01	3.331331e-01	3.334523e-01
2.414854046289684e-07	3.330791e-01	3.331352e-01	3.334518e-01
2.415116903432534e-07	3.330746e-01	3.331376e-01	3.334513e-01
2.415379760575385e-07	3.330704e-01	3.331404e-01	3.334507e-01
2.415642617718235e-07	3.330663e-01	3.331437e-01	3.334501e-01
2.415905474861086e-07	3.330625e-01	3.331474e-01	3.334495e-01
2.416168332003936e-07	3.330590e-01	3.331515e-01	3.334489e-01
2.416178332003936e-07	3.330589e-01	3.331516e-01	3.334488e-01
2.416521189146784e-07	3.330546e-01	3.331576e-01	3.334479e-01
2.416864046289633e-07	3.330508e-01	3.331639e-01	3.334470e-01
2.417206903432481e-07	3.330474e-01	3.331707e-01	3.334460e-01
2.417549760575330e-07	3.330445e-01	3.331780e-01	3.334450e-01
2.417892617718178e-07	3.330421e-01	3.331857e-01	3.334439e-01
2.418235474861027e-07	3.330400e-01	3.331938e-01	3.334428e-01
2.418578332003875e-07	3.330384e-01	3.332024e-01	3.334417e-01
2.418751189146728e-07	3.330378e-01	3.332068e-01	3.334411e-01
2.418924046289581e-07	3.330373e-01	3.332113e-01	3.334405e-01
2.419096903432433e-07	3.330369e-01	3.332158e-01	3.334399e-01
2.419269760575286e-07	3.330367e-01	3.332204e-01	3.334393e-01
2.419442617718139e-07	3.330365e-01	3.332250e-01	3.334387e-01
2.419615474860992e-07	3.330364e-01	3.332296e-01	3.334381e-01
2.419788332003844e-07	3.330365e-01	3.332343e-01	3.334374e-01
2.420091189146694e-07	3.330368e-01	3.332427e-01	3.334363e-01
2.420394046289543e-07	3.330375e-01	3.332511e-01	3.334351e-01
2.420696903432393e-07	3.330385e-01	3.332595e-01	3.334340e-01
2.420999760575242e-07	3.330398e-01	3.332680e-01	3.334328e-01
2.421302617718092e-07	3.330413e-01	3.332764e-01	3.334316e-01
2.421605474860941e-07	3.330432e-01	3.332849e-01	3.334304e-01
2.421908332003791e-07	3.330455e-01	3.332934e-01	3.334291e-01
2.422456903432348e-07	3.330503e-01	3.333087e-01	3.334268e-01
2.423005474860906e-07	3.330558e-01	3.333234e-01	3.334245e-01
2.423554046289463e-07	3.330619e-01	3.333377e-01	3.334221e-01
2.424102617718021e-07	3.330687e-01	3.333514e-01	3.334198e-01
2.424651189146578e-07	3.330762e-01	3.333645e-01	3.334174e-01
2.425199760575136e-07	3.330843e-01	3.333771e-01	3.334149e-01
2.425748332003693e-07	3.330931e-01	3.333891e-01	3.334125e-01
2.426418332003676e-07	3.331042e-01	3.334026e-01	3.334095e-01
2.426862617717951e-07	3.331118e-01	3.334109e-01	3.334075e-01
2.427306903432225e-07	3.331196e-01	3.334186e-01	3.334055e-01
2.427751189146500e-07	3.331274e-01	3.334258e-01	3.334035e-01
2.428195474860774e-07	3.331353e-01	3.334325e-01	3.334015e-01
2.428639760575049e-07	3.331433e-01	3.334386e-01	3.333995e-01
2.429084046289323e-07	3.331514e-01	3.334442e-01	3.333976e-01
2.429528332003598e-07	3.331596e-01	3.334492e-01	3.333956e-01
2.429538332003597e-07	3.331597e-01	3.334493e-01	3.333955e-01
2.429548332003597e-07	3.331599e-01	3.334495e-01	3.333955e-01
2.429558332003597e-07	3.331601e-01	3.334494e-01	3.333955e-01
2.429568332003597e-07	3.331603e-01	3.334495e-01	3.333954e-01
2.429578332003596e-07	3.331605e-01	3.334498e-01	3.333954e-01
2.429588332003596e-07	3.331606e-01	3.334498e-01	3.333953e-01
2.429729760575021e-07	3.331632e-01	3.334513e-01	3.333947e-01
2.429871189146446e-07	3.331658e-01	3.334527e-01	3.333941e-01
2.430012617717871e-07	3.331684e-01	3.334540e-01	3.333935e-01
2.430154046289296e-07	3.331711e-01	3.334553e-01	3.333928e-01
2.430295474860721e-07	3.331738e-01	3.334566e-01	3.333922e-01
2.430436903432146e-07	3.331766e-01	3.334578e-01	3.333916e-01
2.430578332003571e-07	3.331795e-01	3.334590e-01	3.333910e-01
2.430786903432137e-07	3.331838e-01	3.334607e-01	3.333901e-01
2.430995474860703e-07	3.331884e-01	3.334623e-01	3.333892e-01
2.431204046289269e-07	3.331931e-01	3.334639e-01	3.333883e-01
2.431412617717836e-07	3.331979e-01	3.334655e-01	3.333874e-01
2.431621189146402e-07	3.332030e-01	3.334670e-01	3.333865e-01
2.431829760574968e-07	3.332081e-01	3.334685e-01	3.333856e-01
2.432038332003534e-07	3.332135e-01	3.334700e-01	3.333847e-01
2.432241189146386e-07	3.332188e-01	3.334715e-01	3.333839e-01
2.432444046289238e-07	3.332242e-01	3.334730e-01	3.333830e-01
2.432646903432090e-07	3.332297e-01	3.334745e-01	3.333822e-01
2.432849760574942e-07	3.332352e-01	3.334761e-01	3.333813e-01
2.433052617717794e-07	3.332408e-01	3.334776e-01	3.333805e-01
2.433255474860646e-07	3.332465e-01	3.334792e-01	3.333797e-01
2.433458332003498e-07	3.332522e-01	3.334808e-01	3.333789e-01
2.433718332003491e-07	3.332595e-01	3.334829e-01	3.333778e-01
2.433978332003485e-07	3.332667e-01	3.334850e-01	3.333767e-01
2.434238332003478e-07	3.332738e-01	3.334870e-01	3.333757e-01
2.434498332003472e-07	3.332808e-01	3.334890e-01	3.333747e-01
2.434758332003465e-07	3.332876e-01	3.334910e-01	3.333737e-01
2.435018332003459e-07	3.332944e-01	3.334929e-01	3.333726e-01
2.435278332003452e-07	3.333010e-01	3.334948e-01	3.333716e-01
2.435474046289161e-07	3.333059e-01	3.334962e-01	3.333709e-01
2.435669760574871e-07	3.333106e-01	3.334975e-01	3.333702e-01
2.435865474860580e-07	3.333153e-01	3.334987e-01	3.333694e-01
2.436061189146289e-07	3.333198e-01	3.334998e-01	3.333687e-01
2.436256903431999e-07	3.333241e-01	3.335007e-01	3.333680e-01
2.436452617717708e-07	3.333284e-01	3.335016e-01	3.333672e-01
2.436648332003417e-07	3.333325e-01	3.335024e-01	3.333665e-01
2.436658332003417e-07	3.333327e-01	3.335025e-01	3.333665e-01
2.436809760574842e-07	3.333358e-01	3.335030e-01	3.333659e-01
2.436961189146266e-07	3.333388e-01	3.335034e-01	3.333654e-01
2.437112617717691e-07	3.333418e-01	3.335038e-01	3.333648e-01
2.437264046289116e-07	3.333446e-01	3.335040e-01	3.333643e-01
2.437415474860541e-07	3.333474e-01	3.335042e-01	3.333638e-01
2.437566903431965e-07	3.333501e-01	3.335043e-01	3.333632e-01
2.437718332003390e-07	3.333528e-01	3.335043e-01	3.333627e-01
2.437889760574814e-07	3.333557e-01	3.335041e-01	3.333621e-01
2.438061189146239e-07	3.333585e-01	3.335038e-01	3.333615e-01
2.438232617717663e-07	3.333612e-01	3.335034e-01	3.333609e-01
2.438404046289087e-07	3.333638e-01	3.335029e-01	3.333604e-01
2.438575474860511e-07	3.333664e-01	3.335022e-01	3.333598e-01
2.438746903431935e-07	3.333688e-01	3.335013e-01	3.333592e-01
2.438918332003360e-07	3.333712e-01	3.335004e-01	3.333586e-01
2.439179760574782e-07	3.333747e-01	3.334986e-01	3.333578e-01
2.439441189146204e-07	3.333780e-01	3.334964e-01	3.333569e-01
2.439702617717626e-07	3.333812e-01	3.334939e-01	3.333561e-01
2.439964046289048e-07	3.333843e-01	3.334911e-01	3.333553e-01
2.440225474860469e-07	3.333873e-01	3.334879e-01	3.333544e-01
2.440486903431891e-07	3.333901e-01	3.334844e-01	3.333536e-01
2.440748332003313e-07	3.333928e-01	3.334806e-01	3.333529e-01
2.441148332003303e-07	3.333967e-01	3.334739e-01	3.333517e-01
2.441548332003293e-07	3.334006e-01	3.334667e-01	3.333505e-01
2.441948332003283e-07	3.334044e-01	3.334589e-01	3.333494e-01
2.442348332003273e-07	3.334082e-01	3.334505e-01	3.333483e-01
2.442748332003263e-07	3.334120e-01	3.334416e-01	3.333472e-01
2.443148332003253e-07	3.334157e-01	3.334322e-01	3.333461e-01
2.443548332003242e-07	3.334194e-01	3.334221e-01	3.333451e-01
2.443946903431804e-07	3.334232e-01	3.334118e-01	3.333441e-01
2.444345474860365e-07	3.334272e-01	3.334014e-01	3.333431e-01
2.444744046288926e-07	3.334314e-01	3.333911e-01	3.333421e-01
2.445142617717488e-07	3.334356e-01	3.333807e-01	3.333412e-01
2.445541189146049e-07	3.334401e-01	3.333703e-01	3.333403e-01
2.445939760574610e-07	3.334447e-01	3.333599e-01	3.333394e-01
2.446338332003172e-07	3.334494e-01	3.333495e-01	3.333386e-01
2.446898332003158e-07	3.334564e-01	3.333357e-01	3.333374e-01
2.447308332003147e-07	3.334618e-01	3.333258e-01	3.333366e-01
2.447718332003137e-07	3.334673e-01	3.333167e-01	3.333358e-01
2.448128332003126e-07	3.334730e-01	3.333081e-01	3.333351e-01
2.448538332003116e-07	3.334789e-01	3.333002e-01	3.333343e-01
2.448948332003106e-07	3.334849e-01	3.332929e-01	3.333336e-01
2.449358332003095e-07	3.334911e-01	3.332862e-01	3.333329e-01
2.449768332003085e-07	3.334974e-01	3.332801e-01	3.333322e-01
2.450058332003077e-07	3.335020e-01	3.332764e-01	3.333318e-01
2.450348332003070e-07	3.335065e-01	3.332731e-01	3.333313e-01
2.450638332003063e-07	3.335111e-01	3.332702e-01	3.333309e-01
2.450928332003055e-07	3.335158e-01	3.332678e-01	3.333305e-01
2.451218332003048e-07	3.335204e-01	3.332658e-01	3.333301e-01
2.451508332003041e-07	3.335251e-01	3.332642e-01	3.333297e-01
2.451798332003033e-07	3.335298e-01	3.332631e-01	3.333293e-01
2.452014046288742e-07	3.335333e-01	3.332625e-01	3.333290e-01
2.452229760574451e-07	3.335368e-01	3.332622e-01	3.333287e-01
2.452445474860160e-07	3.335403e-01	3.332621e-01	3.333285e-01
2.452661189145869e-07	3.335438e-01	3.332623e-01	3.333282e-01
2.452876903431577e-07	3.335472e-01	3.332627e-01	3.333280e-01
2.453092617717286e-07	3.335507e-01	3.332633e-01	3.333277e-01
2.453308332002995e-07	3.335541e-01	3.332642e-01	3.333275e-01
2.453686903431557e-07	3.335601e-01	3.332664e-01	3.333271e-01
2.454065474860119e-07	3.335660e-01	3.332692e-01	3.333267e-01
2.454444046288681e-07	3.335717e-01	3.332726e-01	3.333263e-01
2.454822617717242e-07	3.335774e-01	3.332767e-01	3.333259e-01
2.455201189145804e-07	3.335829e-01	3.332815e-01	3.333256e-01
2.455579760574366e-07	3.335883e-01	3.332869e-01	3.333252e-01
2.455958332002928e-07	3.335936e-01	3.332929e-01	3.333249e-01
2.456125474860067e-07	3.335958e-01	3.332957e-01	3.333248e-01
2.456292617717205e-07	3.335981e-01	3.332986e-01	3.333247e-01
2.456459760574344e-07	3.336003e-01	3.333016e-01	3.333246e-01
2.456626903431482e-07	3.336024e-01	3.333047e-01	3.333244e-01
2.456794046288621e-07	3.336046e-01	3.333079e-01	3.333243e-01
2.456961189145760e-07	3.336066e-01	3.333112e-01	3.333242e-01
2.457128332002898e-07	3.336087e-01	3.333146e-01	3.333241e-01
2.457138332002898e-07	3.336088e-01	3.333148e-01	3.333241e-01
2.457704046288598e-07	3.336155e-01	3.333272e-01	3.333237e-01
2.458269760574298e-07	3.336216e-01	3.333400e-01	3.333234e-01
2.458835474859998e-07	3.336272e-01	3.333533e-01	3.333231e-01
2.459401189145698e-07	3.336323e-01	3.333671e-01	3.333228e-01
2.459966903431398e-07	3.336369e-01	3.333814e-01	3.333225e-01
2.460532617717098e-07	3.336409e-01	3.333961e-01	3.333223e-01
2.461098332002798e-07	3.336444e-01	3.334114e-01	3.333222e-01
2.461502617717073e-07	3.336465e-01	3.334221e-01	3.333221e-01
2.461906903431349e-07	3.336483e-01	3.334327e-01	3.333219e-01
2.462311189145624e-07	3.336498e-01	3.334432e-01	3.333219e-01
2.462715474859900e-07	3.336510e-01	3.334535e-01	3.333218e-01
2.463119760574175e-07	3.336520e-01	3.334637e-01	3.333217e-01
2.463524046288451e-07	3.336526e-01	3.334737e-01	3.333216e-01
2.463928332002726e-07	3.336529e-01	3.334836e-01	3.333216e-01
2.464256903431289e-07	3.336530e-01	3.334914e-01	3.333216e-01
2.464585474859852e-07	3.336529e-01	3.334989e-01	3.333216e-01
2.464914046288415e-07	3.336525e-01	3.335062e-01	3.333215e-01
2.465242617716978e-07	3.336520e-01	3.335133e-01	3.333215e-01
2.465571189145542e-07	3.336514e-01	3.335201e-01	3.333215e-01
2.465899760574105e-07	3.336505e-01	3.335267e-01	3.333215e-01
2.466228332002668e-07	3.336495e-01	3.335330e-01	3.333215e-01
2.466391189145521e-07	3.336489e-01	3.335360e-01	3.333215e-01
2.466554046288374e-07	3.336483e-01	3.335390e-01	3.333216e-01
2.466716903431227e-07	3.336476e-01	3.335418e-01	3.333216e-01
2.466879760574080e-07	3.336469e-01	3.335446e-01	3.333216e-01
2.467042617716933e-07	3.336462e-01	3.335473e-01	3.333216e-01
2.467205474859786e-07	3.336454e-01	3.335500e-01	3.333216e-01
2.467368332002639e-07	3.336445e-01	3.335525e-01	3.333216e-01
2.467378332002639e-07	3.336445e-01	3.335527e-01	3.333216e-01
2.467842617716913e-07	3.336419e-01	3.335596e-01	3.333217e-01
2.468306903431187e-07	3.336390e-01	3.335658e-01	3.333218e-01
2.468771189145461e-07	3.336358e-01	3.335713e-01	3.333218e-01
2.469235474859734e-07	3.336324e-01	3.335761e-01	3.333219e-01
2.469699760574008e-07	3.336286e-01	3.335802e-01	3.333220e-01
2.470164046288282e-07	3.336246e-01	3.335836e-01	3.333221e-01
2.470628332002556e-07	3.336203e-01	3.335863e-01	3.333222e-01
2.470894046288264e-07	3.336177e-01	3.335875e-01	3.333223e-01
2.471159760573971e-07	3.336151e-01	3.335885e-01	3.333224e-01
2.471425474859679e-07	3.336124e-01	3.335893e-01	3.333224e-01
2.471691189145387e-07	3.336096e-01	3.335898e-01	3.333225e-01
2.471956903431094e-07	3.336067e-01	3.335901e-01	3.333226e-01
2.472222617716802e-07	3.336038e-01	3.335902e-01	3.333227e-01
2.472488332002509e-07	3.336008e-01	3.335900e-01	3.333227e-01
2.472936903431069e-07	3.335956e-01	3.335892e-01	3.333229e-01
2.473385474859629e-07	3.335902e-01	3.335879e-01	3.333230e-01
2.473834046288189e-07	3.335846e-01	3.335859e-01	3.333232e-01
2.474282617716749e-07	3.335789e-01	3.335833e-01	3.333233e-01
2.474731189145310e-07	3.335731e-01	3.335802e-01	3.333235e-01
2.475179760573870e-07	3.335671e-01	3.335765e-01	3.333236e-01
2.475628332002430e-07	3.335610e-01	3.335722e-01	3.333238e-01
2.475911189145280e-07	3.335571e-01	3.335692e-01	3.333239e-01
2.476194046288130e-07	3.335531e-01	3.335661e-01	3.333240e-01
2.476476903430980e-07	3.335491e-01	3.335628e-01	3.333241e-01
2.476759760573830e-07	3.335451e-01	3.335593e-01	3.333242e-01
2.477042617716680e-07	3.335410e-01	3.335556e-01	3.333244e-01
2.477325474859529e-07	3.335369e-01	3.335517e-01	3.333245e-01
2.477608332002379e-07	3.335328e-01	3.335476e-01	3.333246e-01
2.477618332002379e-07	3.335326e-01	3.335474e-01	3.333246e-01
2.478852617716634e-07	3.335139e-01	3.335266e-01	3.333251e-01
2.480086903430888e-07	3.334951e-01	3.335046e-01	3.333256e-01
2.481321189145143e-07	3.334762e-01	3.334813e-01	3.333262e-01
2.482555474859397e-07	3.334573e-01	3.334567e-01	3.333267e-01
2.483789760573651e-07	3.334384e-01	3.334310e-01	3.333272e-01
2.485024046287906e-07	3.334194e-01	3.334040e-01	3.333278e-01
2.486258332002160e-07	3.334004e-01	3.333758e-01	3.333283e-01
2.486485474859297e-07	3.333970e-01	3.333708e-01	3.333284e-01
2.486712617716435e-07	3.333936e-01	3.333659e-01	3.333285e-01
2.486939760573572e-07	3.333903e-01	3.333610e-01	3.333286e-01
2.487166903430709e-07	3.333869e-01	3.333561e-01	3.333287e-01
2.487394046287846e-07	3.333835e-01	3.333513e-01	3.333288e-01
2.487621189144983e-07	3.333802e-01	3.333464e-01	3.333289e-01
2.487848332002120e-07	3.333769e-01	3.333416e-01	3.333290e-01
2.487858332002120e-07	3.333767e-01	3.333414e-01	3.333290e-01
2.488039760573544e-07	3.333741e-01	3.333376e-01	3.333291e-01
2.488221189144968e-07	3.333714e-01	3.333338e-01	3.333292e-01
2.488402617716392e-07	3.333688e-01	3.333300e-01	3.333293e-01
2.488584046287816e-07	3.333662e-01	3.333263e-01	3.333293e-01
2.488765474859240e-07	3.333636e-01	3.333226e-01	3.333294e-01
2.488946903430664e-07	3.333610e-01	3.333188e-01	3.333295e-01
2.489128332002088e-07	3.333585e-01	3.333152e-01	3.333296e-01
2.489231189144942e-07	3.333570e-01	3.333131e-01	3.333296e-01
2.489334046287797e-07	3.333556e-01	3.333110e-01	3.333296e-01
2.489436903430651e-07	3.333541e-01	3.333089e-01	3.333297e-01
2.489539760573506e-07	3.333527e-01	3.333069e-01	3.333297e-01
2.489642617716360e-07	3.333512e-01	3.333049e-01	3.333298e-01
2.489745474859215e-07	3.333498e-01	3.333028e-01	3.333299e-01
2.489848332002069e-07	3.333484e-01	3.333008e-01	3.333299e-01
2.490096903430634e-07	3.333449e-01	3.332959e-01	3.333301e-01
2.490345474859200e-07	3.333415e-01	3.332912e-01	3.333303e-01
2.490594046287765e-07	3.333381e-01	3.332864e-01	3.333307e-01
2.490842617716330e-07	3.333348e-01	3.332817e-01	3.333311e-01
2.491091189144895e-07	3.333314e-01	3.332771e-01	3.333317e-01
2.491339760573460e-07	3.333281e-01	3.332726e-01	3.333324e-01
2.491588332002025e-07	3.333248e-01	3.332681e-01	3.333332e-01
2.491799760573448e-07	3.333221e-01	3.332643e-01	3.333340e-01
2.492011189144872e-07	3.333193e-01	3.332606e-01	3.333350e-01
2.492222617716295e-07	3.333166e-01	3.332569e-01	3.333361e-01
2.492434046287718e-07	3.333139e-01	3.332533e-01	3.333374e-01
2.492645474859141e-07	3.333112e-01	3.332497e-01	3.333388e-01
2.492856903430565e-07	3.333085e-01	3.332462e-01	3.333404e-01
2.493068332001988e-07	3.333059e-01	3.332427e-01	3.333421e-01
2.493364046287695e-07	3.333022e-01	3.332380e-01	3.333448e-01
2.493659760573401e-07	3.332986e-01	3.332333e-01	3.333478e-01
2.493955474859108e-07	3.332950e-01	3.332288e-01	3.333511e-01
2.494251189144815e-07	3.332915e-01	3.332244e-01	3.333548e-01
2.494546903430522e-07	3.332880e-01	3.332200e-01	3.333588e-01
2.494842617716229e-07	3.332846e-01	3.332158e-01	3.333631e-01
2.495138332001935e-07	3.332812e-01	3.332117e-01	3.333677e-01
2.495559760573353e-07	3.332764e-01	3.332061e-01	3.333749e-01
2.495981189144771e-07	3.332717e-01	3.332006e-01	3.333825e-01
2.496402617716189e-07	3.332672e-01	3.331955e-01	3.333906e-01
2.496824046287607e-07	3.332627e-01	3.331905e-01	3.333990e-01
2.497245474859025e-07	3.332583e-01	3.331858e-01	3.334079e-01
2.497666903430443e-07	3.332541e-01	3.331813e-01	3.334172e-01
2.498088332001861e-07	3.332499e-01	3.331770e-01	3.334270e-01
2.498098332001860e-07	3.332498e-01	3.331769e-01	3.334272e-01
2.498715474858988e-07	3.332439e-01	3.331712e-01	3.334420e-01
2.499332617716115e-07	3.332382e-01	3.331659e-01	3.334568e-01
2.499949760573242e-07	3.332327e-01	3.331610e-01	3.334715e-01
2.500566903430369e-07	3.332274e-01	3.331567e-01	3.334862e-01
2.501184046287496e-07	3.332224e-01	3.331529e-01	3.335008e-01
2.501801189144624e-07	3.332175e-01	3.331495e-01	3.335155e-01
2.502418332001751e-07	3.332129e-01	3.331466e-01	3.335301e-01
2.503095474858877e-07	3.332081e-01	3.331439e-01	3.335454e-01
2.503772617716002e-07	3.332036e-01	3.331418e-01	3.335599e-01
2.504449760573128e-07	3.331994e-01	3.331401e-01	3.335737e-01
2.505126903430254e-07	3.331954e-01	3.331389e-01	3.335867e-01
2.505804046287379e-07	3.331916e-01	3.331382e-01	3.335988e-01
2.506481189144505e-07	3.331882e-01	3.331379e-01	3.336102e-01
2.507158332001631e-07	3.331850e-01	3.331382e-01	3.336208e-01
2.507325474858769e-07	3.331842e-01	3.331383e-01	3.336233e-01
2.507492617715908e-07	3.331834e-01	3.331384e-01	3.336256e-01
2.507659760573047e-07	3.331827e-01	3.331386e-01	3.336279e-01
2.507826903430185e-07	3.331820e-01	3.331387e-01	3.336302e-01
2.507994046287324e-07	3.331813e-01	3.331389e-01	3.336324e-01
2.508161189144463e-07	3.331807e-01	3.331392e-01	3.336345e-01
2.508328332001601e-07	3.331800e-01	3.331394e-01	3.336366e-01
2.508338332001601e-07	3.331800e-01	3.331394e-01	3.336367e-01
2.508989760573013e-07	3.331775e-01	3.331407e-01	3.336442e-01
2.509641189144425e-07	3.331754e-01	3.331422e-01	3.336507e-01
2.510292617715837e-07	3.331734e-01	3.331440e-01	3.336563e-01
2.510944046287249e-07	3.331716e-01	3.331461e-01	3.336609e-01
2.511595474858661e-07	3.331701e-01	3.331485e-01	3.336645e-01
2.512246903430073e-07	3.331688e-01	3.331511e-01	3.336671e-01
2.512898332001485e-07	3.331676e-01	3.331541e-01	3.336687e-01
2.513254046287191e-07	3.331671e-01	3.331557e-01	3.336692e-01
2.513609760572896e-07	3.331667e-01	3.331574e-01	3.336693e-01
2.513965474858601e-07	3.331662e-01	3.331592e-01	3.336692e-01
2.514321189144306e-07	3.331659e-01	3.331610e-01	3.336688e-01
2.514676903430012e-07	3.331656e-01	3.331629e-01	3.336681e-01
2.515032617715717e-07	3.331654e-01	3.331648e-01	3.336670e-01
2.515388332001422e-07	3.331652e-01	3.331668e-01	3.336657e-01
2.515842617715696e-07	3.331651e-01	3.331695e-01	3.336636e-01
2.516296903429971e-07	3.331650e-01	3.331721e-01	3.336611e-01
2.516751189144245e-07	3.331650e-01	3.331748e-01	3.336580e-01
2.517205474858519e-07	3.331651e-01	3.331776e-01	3.336545e-01
2.517659760572793e-07	3.331653e-01	3.331804e-01	3.336506e-01
2.518114046287068e-07	3.331656e-01	3.331833e-01	3.336462e-01
2.518568332001342e-07	3.331659e-01	3.331863e-01	3.336414e-01
2.518578332001341e-07	3.331659e-01	3.331863e-01	3.336413e-01
2.519016903429902e-07	3.331663e-01	3.331892e-01	3.336362e-01
2.519455474858462e-07	3.331668e-01	3.331921e-01	3.336307e-01
2.519894046287022e-07	3.331674e-01	3.331950e-01	3.336249e-01
2.520332617715583e-07	3.331680e-01	3.331979e-01	3.336187e-01
2.520771189144143e-07	3.331687e-01	3.332009e-01	3.336122e-01
2.521209760572703e-07	3.331694e-01	3.332039e-01	3.336052e-01
2.521648332001264e-07	3.331702e-01	3.332069e-01	3.335980e-01
2.522062617715539e-07	3.331710e-01	3.332097e-01	3.335910e-01
2.522476903429814e-07	3.331719e-01	3.332125e-01	3.335834e-01
2.522891189144089e-07	3.331728e-01	3.332154e-01	3.335752e-01
2.523305474858365e-07	3.331737e-01	3.332182e-01	3.335664e-01
2.523719760572640e-07	3.331747e-01	3.332210e-01	3.335571e-01
2.524134046286915e-07	3.331758e-01	3.332239e-01	3.335472e-01
2.524548332001190e-07	3.331769e-01	3.332267e-01	3.335367e-01
2.524944046286894e-07	3.331780e-01	3.332294e-01	3.335258e-01
2.525339760572599e-07	3.331791e-01	3.332321e-01	3.335142e-01
2.525735474858303e-07	3.331803e-01	3.332347e-01	3.335019e-01
2.526131189144007e-07	3.331814e-01	3.332374e-01	3.334891e-01
2.526526903429712e-07	3.331827e-01	3.332400e-01	3.334755e-01
2.526922617715416e-07	3.331839e-01	3.332426e-01	3.334613e-01
2.527318332001120e-07	3.331852e-01	3.332452e-01	3.334465e-01
2.527531189143972e-07	3.331859e-01	3.332466e-01	3.334383e-01
2.527744046286824e-07	3.331866e-01	3.332480e-01	3.334300e-01
2.527956903429675e-07	3.331873e-01	3.332494e-01	3.334216e-01
2.528169760572527e-07	3.331881e-01	3.332507e-01	3.334130e-01
2.528382617715379e-07	3.331888e-01	3.332521e-01	3.334043e-01
2.528595474858231e-07	3.331896e-01	3.332535e-01	3.333955e-01
2.528808332001082e-07	3.331903e-01	3.332548e-01	3.333866e-01
2.528818332001082e-07	3.331904e-01	3.332549e-01	3.333862e-01
2.529466903429637e-07	3.331927e-01	3.332589e-01	3.333581e-01
2.530115474858192e-07	3.331951e-01	3.332629e-01	3.333300e-01
2.530764046286747e-07	3.331976e-01	3.332669e-01	3.333020e-01
2.531412617715302e-07	3.332001e-01	3.332707e-01	3.332741e-01
2.532061189143857e-07	3.332026e-01	3.332745e-01	3.332463e-01
2.532709760572412e-07	3.332052e-01	3.332781e-01	3.332186e-01
2.533358332000967e-07	3.332079e-01	3.332818e-01	3.331910e-01
2.534022617715236e-07	3.332106e-01	3.332854e-01	3.331639e-01
2.534686903429505e-07	3.332134e-01	3.332889e-01	3.331378e-01
2.535351189143774e-07	3.332162e-01	3.332923e-01	3.331127e-01
2.536015474858043e-07	3.332190e-01	3.332955e-01	3.330887e-01
2.536679760572311e-07	3.332218e-01	3.332987e-01	3.330656e-01
2.537344046286580e-07	3.332247e-01	3.333018e-01	3.330437e-01
2.538008332000849e-07	3.332276e-01	3.333048e-01	3.330227e-01
2.539058332000823e-07	3.332321e-01	3.333094e-01	3.329919e-01
2.540012617715084e-07	3.332363e-01	3.333132e-01	3.329664e-01
2.540966903429346e-07	3.332404e-01	3.333169e-01	3.329427e-01
2.541921189143607e-07	3.332445e-01	3.333204e-01	3.329210e-01
2.542875474857869e-07	3.332485e-01	3.333237e-01	3.329011e-01
2.543829760572130e-07	3.332525e-01	3.333268e-01	3.328831e-01
2.544784046286392e-07	3.332565e-01	3.333297e-01	3.328671e-01
2.545738332000653e-07	3.332605e-01	3.333323e-01	3.328529e-01
2.546245474857783e-07	3.332626e-01	3.333337e-01	3.328460e-01
2.546752617714913e-07	3.332646e-01	3.333350e-01	3.328396e-01
2.547259760572043e-07	3.332667e-01	3.333363e-01	3.328336e-01
2.547766903429173e-07	3.332687e-01	3.333375e-01	3.328282e-01
2.548274046286303e-07	3.332707e-01	3.333386e-01	3.328233e-01
2.548781189143433e-07	3.332727e-01	3.333397e-01	3.328189e-01
2.549288332000563e-07	3.332746e-01	3.333408e-01	3.328150e-01
2.549298332000563e-07	3.332747e-01	3.333408e-01	3.328149e-01
2.549836903429121e-07	3.332767e-01	3.333418e-01	3.328113e-01
2.550375474857679e-07	3.332787e-01	3.333428e-01	3.328084e-01
2.550914046286236e-07	3.332807e-01	3.333438e-01	3.328060e-01
2.551452617714794e-07	3.332827e-01	3.333447e-01	3.328042e-01
2.551991189143352e-07	3.332846e-01	3.333456e-01	3.328030e-01
2.552529760571910e-07	3.332866e-01	3.333464e-01	3.328024e-01
2.553068332000468e-07	3.332884e-01	3.333472e-01	3.328024e-01
2.553601189143311e-07	3.332903e-01	3.333479e-01	3.328031e-01
2.554134046286155e-07	3.332921e-01	3.333486e-01	3.328043e-01
2.554666903428999e-07	3.332939e-01	3.333493e-01	3.328062e-01
2.555199760571842e-07	3.332956e-01	3.333499e-01	3.328086e-01
2.555732617714686e-07	3.332973e-01	3.333504e-01	3.328117e-01
2.556265474857529e-07	3.332990e-01	3.333510e-01	3.328154e-01
2.556798332000373e-07	3.333007e-01	3.333514e-01	3.328196e-01
2.557188332000363e-07	3.333019e-01	3.333518e-01	3.328231e-01
2.557578332000353e-07	3.333031e-01	3.333521e-01	3.328269e-01
2.557968332000343e-07	3.333042e-01	3.333524e-01	3.328311e-01
2.558358332000334e-07	3.333054e-01	3.333527e-01	3.328355e-01
2.558748332000324e-07	3.333065e-01	3.333529e-01	3.328402e-01
2.559138332000314e-07	3.333076e-01	3.333532e-01	3.328453e-01
2.559528332000304e-07	3.333087e-01	3.333534e-01	3.328506e-01
2.559538332000304e-07	3.333087e-01	3.333534e-01	3.328508e-01
2.560719760571702e-07	3.333119e-01	3.333540e-01	3.328692e-01
2.561901189143101e-07	3.333150e-01	3.333544e-01	3.328896e-01
2.563082617714500e-07	3.333179e-01	3.333548e-01	3.329119e-01
2.564264046285898e-07	3.333207e-01	3.333550e-01	3.329361e-01
2.565445474857297e-07	3.333233e-01	3.333551e-01	3.329622e-01
2.566626903428696e-07	3.333257e-01	3.333552e-01	3.329902e-01
2.567808332000094e-07	3.333280e-01	3.333551e-01	3.330202e-01
2.568088332000087e-07	3.333285e-01	3.333550e-01	3.330273e-01
2.568368332000080e-07	3.333290e-01	3.333550e-01	3.330344e-01
2.568648332000073e-07	3.333295e-01	3.333550e-01	3.330416e-01
2.568928332000066e-07	3.333300e-01	3.333549e-01	3.330488e-01
2.569208332000059e-07	3.333305e-01	3.333549e-01	3.330561e-01
2.569488332000052e-07	3.333310e-01	3.333548e-01	3.330634e-01
2.569768332000045e-07	3.333315e-01	3.333548e-01	3.330708e-01
2.569778332000044e-07	3.333315e-01	3.333548e-01	3.330711e-01
2.571128332000010e-07	3.333337e-01	3.333545e-01	3.331077e-01
2.572478331999976e-07	3.333357e-01	3.333541e-01	3.331438e-01
2.573828331999942e-07	3.333375e-01	3.333536e-01	3.331794e-01
2.575178331999907e-07	3.333392e-01	3.333532e-01	3.332144e-01
2.576528331999873e-07	3.333408e-01	3.333526e-01	3.332489e-01
2.577878331999839e-07	3.333422e-01	3.333520e-01	3.332828e-01
2.579228331999805e-07	3.333434e-01	3.333514e-01	3.333162e-01
2.580018331999785e-07	3.333440e-01	3.333510e-01	3.333347e-01
2.580066903428355e-07	3.333441e-01	3.333510e-01	3.333358e-01
2.580115474856925e-07	3.333441e-01	3.333510e-01	3.333369e-01
2.580164046285495e-07	3.333441e-01	3.333509e-01	3.333380e-01
2.580212617714066e-07	3.333442e-01	3.333509e-01	3.333391e-01
2.580261189142636e-07	3.333442e-01	3.333509e-01	3.333402e-01
2.580309760571206e-07	3.333443e-01	3.333509e-01	3.333413e-01
2.580358331999776e-07	3.333443e-01	3.333509e-01	3.333424e-01
2.580406903428346e-07	3.333443e-01	3.333508e-01	3.333435e-01
2.580455474856917e-07	3.333444e-01	3.333508e-01	3.333446e-01
2.580504046285487e-07	3.333444e-01	3.333508e-01	3.333457e-01
2.580552617714057e-07	3.333444e-01	3.333508e-01	3.333468e-01
2.580601189142627e-07	3.333445e-01	3.333507e-01	3.333479e-01
2.580649760571197e-07	3.333445e-01	3.333507e-01	3.333490e-01
2.580698331999768e-07	3.333445e-01	3.333507e-01	3.333501e-01
2.580744046285481e-07	3.333445e-01	3.333507e-01	3.333511e-01
2.580789760571194e-07	3.333445e-01	3.333506e-01	3.333521e-01
2.580835474856907e-07	3.333445e-01	3.333506e-01	3.333532e-01
2.580881189142620e-07	3.333445e-01	3.333506e-01	3.333542e-01
2.580926903428333e-07	3.333445e-01	3.333506e-01	3.333552e-01
2.580972617714046e-07	3.333445e-01	3.333505e-01	3.333562e-01
2.581018331999759e-07	3.333445e-01	3.333505e-01	3.333572e-01
2.581085474856901e-07	3.333444e-01	3.333505e-01	3.333587e-01
2.581152617714042e-07	3.333444e-01	3.333504e-01	3.333602e-01
2.581219760571183e-07	3.333443e-01	3.333504e-01	3.333617e-01
2.581286903428324e-07	3.333442e-01	3.333503e-01	3.333631e-01
2.581354046285465e-07	3.333440e-01	3.333503e-01	3.333646e-01
2.581421189142606e-07	3.333439e-01	3.333502e-01	3.333660e-01
2.581488331999748e-07	3.333437e-01	3.333502e-01	3.333675e-01
2.581598331999745e-07	3.333435e-01	3.333500e-01	3.333699e-01
2.581708331999742e-07	3.333431e-01	3.333499e-01	3.333723e-01
2.581818331999739e-07	3.333427e-01	3.333498e-01	3.333746e-01
2.581928331999736e-07	3.333423e-01	3.333496e-01	3.333770e-01
2.582038331999734e-07	3.333418e-01	3.333494e-01	3.333793e-01
2.582148331999731e-07	3.333413e-01	3.333492e-01	3.333816e-01
2.582258331999728e-07	3.333407e-01	3.333490e-01	3.333839e-01
2.582402617714010e-07	3.333398e-01	3.333487e-01	3.333869e-01
2.582546903428292e-07	3.333390e-01	3.333484e-01	3.333899e-01
2.582691189142574e-07	3.333380e-01	3.333480e-01	3.333928e-01
2.582835474856856e-07	3.333370e-01	3.333476e-01	3.333958e-01
2.582979760571138e-07	3.333360e-01	3.333471e-01	3.333987e-01
2.583124046285420e-07	3.333348e-01	3.333466e-01	3.334016e-01
2.583268331999702e-07	3.333337e-01	3.333461e-01	3.334045e-01
2.583459760571126e-07	3.333320e-01	3.333453e-01	3.334083e-01
2.583651189142550e-07	3.333304e-01	3.333445e-01	3.334120e-01
2.583842617713974e-07	3.333287e-01	3.333437e-01	3.334157e-01
2.584034046285397e-07	3.333270e-01	3.333428e-01	3.334194e-01
2.584225474856821e-07	3.333253e-01	3.333419e-01	3.334230e-01
2.584416903428245e-07	3.333236e-01	3.333410e-01	3.334266e-01
2.584608331999669e-07	3.333219e-01	3.333400e-01	3.334301e-01
2.584826903428234e-07	3.333199e-01	3.333388e-01	3.334341e-01
2.585045474856800e-07	3.333180e-01	3.333377e-01	3.334381e-01
2.585264046285366e-07	3.333161e-01	3.333367e-01	3.334420e-01
2.585482617713932e-07	3.333143e-01	3.333356e-01	3.334458e-01
2.585701189142498e-07	3.333126e-01	3.333347e-01	3.334496e-01
2.585919760571064e-07	3.333109e-01	3.333337e-01	3.334534e-01
2.586138331999630e-07	3.333092e-01	3.333329e-01	3.334571e-01
2.586301189142483e-07	3.333081e-01	3.333323e-01	3.334598e-01
2.586464046285336e-07	3.333069e-01	3.333318e-01	3.334624e-01
2.586626903428189e-07	3.333058e-01	3.333314e-01	3.334651e-01
2.586789760571042e-07	3.333048e-01	3.333310e-01	3.334677e-01
2.586952617713895e-07	3.333038e-01	3.333307e-01	3.334703e-01
2.587115474856748e-07	3.333028e-01	3.333305e-01	3.334729e-01
2.587278331999601e-07	3.333018e-01	3.333304e-01	3.334754e-01
2.587399760571026e-07	3.333012e-01	3.333304e-01	3.334773e-01
2.587521189142452e-07	3.333005e-01	3.333304e-01	3.334791e-01
2.587642617713877e-07	3.332998e-01	3.333305e-01	3.334810e-01
2.587764046285303e-07	3.332992e-01	3.333306e-01	3.334828e-01
2.587885474856728e-07	3.332986e-01	3.333308e-01	3.334846e-01
2.588006903428154e-07	3.332980e-01	3.333310e-01	3.334864e-01
2.588128331999579e-07	3.332974e-01	3.333313e-01	3.334881e-01
2.588321189142432e-07	3.332965e-01	3.333319e-01	3.334909e-01
2.588514046285284e-07	3.332956e-01	3.333326e-01	3.334937e-01
2.588706903428136e-07	3.332947e-01	3.333335e-01	3.334963e-01
2.588899760570988e-07	3.332938e-01	3.333346e-01	3.334990e-01
2.589092617713841e-07	3.332930e-01	3.333357e-01	3.335016e-01
2.589285474856693e-07	3.332921e-01	3.333371e-01	3.335042e-01
2.589478331999545e-07	3.332913e-01	3.333385e-01	3.335067e-01
2.589588331999542e-07	3.332908e-01	3.333394e-01	3.335081e-01
2.589698331999540e-07	3.332903e-01	3.333404e-01	3.335095e-01
2.589808331999537e-07	3.332898e-01	3.333414e-01	3.335109e-01
2.589918331999534e-07	3.332893e-01	3.333424e-01	3.335123e-01
2.590028331999531e-07	3.332888e-01	3.333435e-01	3.335136e-01
2.590138331999528e-07	3.332883e-01	3.333446e-01	3.335150e-01
2.590248331999526e-07	3.332878e-01	3.333458e-01	3.335163e-01
2.590258331999525e-07	3.332878e-01	3.333459e-01	3.335165e-01
2.590554046285232e-07	3.332864e-01	3.333493e-01	3.335200e-01
2.590849760570939e-07	3.332849e-01	3.333529e-01	3.335234e-01
2.591145474856646e-07	3.332832e-01	3.333567e-01	3.335268e-01
2.591441189142353e-07	3.332815e-01	3.333606e-01	3.335300e-01
2.591736903428059e-07	3.332797e-01	3.333648e-01	3.335332e-01
2.592032617713766e-07	3.332777e-01	3.333691e-01	3.335362e-01
2.592328331999473e-07	3.332756e-01	3.333737e-01	3.335392e-01
2.592662617713750e-07	3.332731e-01	3.333790e-01	3.335424e-01
2.592996903428027e-07	3.332704e-01	3.333841e-01	3.335455e-01
2.593331189142305e-07	3.332674e-01	3.333892e-01	3.335485e-01
2.593665474856582e-07	3.332643e-01	3.333942e-01	3.335514e-01
2.593999760570859e-07	3.332610e-01	3.333991e-01	3.335542e-01
2.594334046285136e-07	3.332574e-01	3.334039e-01	3.335568e-01
2.594668331999414e-07	3.332537e-01	3.334086e-01	3.335593e-01
2.594969760570835e-07	3.332502e-01	3.334126e-01	3.335615e-01
2.595271189142256e-07	3.332465e-01	3.334163e-01	3.335636e-01
2.595572617713676e-07	3.332428e-01	3.334196e-01	3.335656e-01
2.595874046285097e-07	3.332389e-01	3.334226e-01	3.335676e-01
2.596175474856518e-07	3.332349e-01	3.334253e-01	3.335694e-01
2.596476903427939e-07	3.332308e-01	3.334277e-01	3.335712e-01
2.596778331999360e-07	3.332266e-01	3.334297e-01	3.335728e-01
2.596958331999356e-07	3.332241e-01	3.334307e-01	3.335738e-01
2.597138331999351e-07	3.332215e-01	3.334315e-01	3.335747e-01
2.597318331999347e-07	3.332189e-01	3.334322e-01	3.335756e-01
2.597498331999342e-07	3.332164e-01	3.334327e-01	3.335765e-01
2.597678331999337e-07	3.332138e-01	3.334331e-01	3.335773e-01
2.597858331999333e-07	3.332111e-01	3.334333e-01	3.335781e-01
2.598038331999328e-07	3.332085e-01	3.334334e-01	3.335789e-01
2.598228331999323e-07	3.332057e-01	3.334333e-01	3.335797e-01
2.598418331999319e-07	3.332029e-01	3.334330e-01	3.335804e-01
2.598608331999314e-07	3.332002e-01	3.334326e-01	3.335812e-01
2.598798331999309e-07	3.331974e-01	3.334319e-01	3.335819e-01
2.598988331999304e-07	3.331946e-01	3.334311e-01	3.335825e-01
2.599178331999299e-07	3.331919e-01	3.334301e-01	3.335831e-01
2.599368331999295e-07	3.331892e-01	3.334289e-01	3.335837e-01
2.599528331999291e-07	3.331869e-01	3.334277e-01	3.335842e-01
2.599688331999286e-07	3.331846e-01	3.334264e-01	3.335847e-01
2.599848331999282e-07	3.331824e-01	3.334250e-01	3.335852e-01
2.600008331999278e-07	3.331802e-01	3.334235e-01	3.335856e-01
2.600168331999274e-07	3.331780e-01	3.334218e-01	3.335860e-01
2.600328331999270e-07	3.331758e-01	3.334201e-01	3.335864e-01
2.600488331999266e-07	3.331737e-01	3.334182e-01	3.335867e-01
2.600498331999266e-07	3.331735e-01	3.334180e-01	3.335868e-01
2.600955474856397e-07	3.331675e-01	3.334118e-01	3.335877e-01
2.601412617713529e-07	3.331619e-01	3.334047e-01	3.335884e-01
2.601869760570660e-07	3.331567e-01	3.333970e-01	3.335891e-01
2.602326903427791e-07	3.331519e-01	3.333884e-01	3.335895e-01
2.602784046284922e-07	3.331474e-01	3.333792e-01	3.335898e-01
2.603241189142054e-07	3.331434e-01	3.333692e-01	3.335900e-01
2.603698331999185e-07	3.331397e-01	3.333584e-01	3.335900e-01
2.604016903427748e-07	3.331375e-01	3.333507e-01	3.335900e-01
2.604335474856312e-07	3.331356e-01	3.333428e-01	3.335899e-01
2.604654046284875e-07	3.331340e-01	3.333349e-01	3.335897e-01
2.604972617713438e-07	3.331326e-01	3.333268e-01	3.335895e-01
2.605291189142002e-07	3.331314e-01	3.333186e-01	3.335892e-01
2.605609760570565e-07	3.331306e-01	3.333103e-01	3.335888e-01
2.605928331999128e-07	3.331300e-01	3.333018e-01	3.335884e-01
2.606139760570552e-07	3.331297e-01	3.332963e-01	3.335880e-01
2.606351189141975e-07	3.331296e-01	3.332907e-01	3.335877e-01
2.606562617713398e-07	3.331297e-01	3.332852e-01	3.335874e-01
2.606774046284821e-07	3.331298e-01	3.332797e-01	3.335870e-01
2.606985474856244e-07	3.331300e-01	3.332743e-01	3.335866e-01
2.607196903427668e-07	3.331304e-01	3.332688e-01	3.335862e-01
2.607408331999091e-07	3.331309e-01	3.332634e-01	3.335857e-01
2.607842617713366e-07	3.331324e-01	3.332524e-01	3.335847e-01
2.608276903427640e-07	3.331343e-01	3.332418e-01	3.335836e-01
2.608711189141915e-07	3.331367e-01	3.332316e-01	3.335825e-01
2.609145474856190e-07	3.331396e-01	3.332219e-01	3.335812e-01
2.609579760570464e-07	3.331430e-01	3.332126e-01	3.335799e-01
2.610014046284739e-07	3.331469e-01	3.332038e-01	3.335785e-01
2.610448331999014e-07	3.331513e-01	3.331954e-01	3.335770e-01
2.610738331999007e-07	3.331544e-01	3.331902e-01	3.335760e-01
2.610976903427572e-07	3.331571e-01	3.331861e-01	3.335751e-01
2.611215474856137e-07	3.331600e-01	3.331822e-01	3.335742e-01
2.611454046284703e-07	3.331629e-01	3.331786e-01	3.335733e-01
2.611692617713268e-07	3.331660e-01	3.331751e-01	3.335724e-01
2.611931189141833e-07	3.331692e-01	3.331719e-01	3.335714e-01
2.612169760570399e-07	3.331725e-01	3.331688e-01	3.335705e-01
2.612408331998964e-07	3.331760e-01	3.331660e-01	3.335695e-01
2.612418331998964e-07	3.331761e-01	3.331659e-01	3.335694e-01
2.612428331998964e-07	3.331763e-01	3.331658e-01	3.335694e-01
2.612438331998963e-07	3.331764e-01	3.331657e-01	3.335693e-01
2.612448331998963e-07	3.331766e-01	3.331656e-01	3.335693e-01
2.612458331998963e-07	3.331767e-01	3.331654e-01	3.335693e-01
2.612478331998962e-07	3.331770e-01	3.331652e-01	3.335692e-01
2.612566903427532e-07	3.331783e-01	3.331642e-01	3.335688e-01
2.612655474856101e-07	3.331796e-01	3.331633e-01	3.335684e-01
2.612744046284670e-07	3.331809e-01	3.331623e-01	3.335680e-01
2.612832617713239e-07	3.331823e-01	3.331613e-01	3.335677e-01
2.612921189141808e-07	3.331837e-01	3.331604e-01	3.335673e-01
2.613009760570378e-07	3.331850e-01	3.331594e-01	3.335669e-01
2.613098331998947e-07	3.331864e-01	3.331585e-01	3.335665e-01
2.613205474856087e-07	3.331881e-01	3.331573e-01	3.335661e-01
2.613312617713227e-07	3.331899e-01	3.331560e-01	3.335656e-01
2.613419760570367e-07	3.331916e-01	3.331548e-01	3.335651e-01
2.613526903427507e-07	3.331933e-01	3.331535e-01	3.335646e-01
2.613634046284647e-07	3.331951e-01	3.331521e-01	3.335641e-01
2.613741189141788e-07	3.331969e-01	3.331508e-01	3.335637e-01
2.613848331998928e-07	3.331987e-01	3.331494e-01	3.335631e-01
2.614024046284638e-07	3.332017e-01	3.331470e-01	3.335623e-01
2.614199760570347e-07	3.332048e-01	3.331447e-01	3.335615e-01
2.614375474856057e-07	3.332079e-01	3.331423e-01	3.335607e-01
2.614551189141767e-07	3.332111e-01	3.331399e-01	3.335599e-01
2.614726903427477e-07	3.332143e-01	3.331376e-01	3.335590e-01
2.614902617713187e-07	3.332176e-01	3.331353e-01	3.335582e-01
2.615078331998897e-07	3.332209e-01	3.331329e-01	3.335573e-01
2.615246903427464e-07	3.332242e-01	3.331308e-01	3.335565e-01
2.615415474856031e-07	3.332275e-01	3.331288e-01	3.335557e-01
2.615584046284598e-07	3.332309e-01	3.331271e-01	3.335548e-01
2.615752617713165e-07	3.332343e-01	3.331255e-01	3.335540e-01
2.615921189141732e-07	3.332378e-01	3.331241e-01	3.335531e-01
2.616089760570299e-07	3.332414e-01	3.331229e-01	3.335523e-01
2.616258331998867e-07	3.332450e-01	3.331219e-01	3.335514e-01
2.616338331998865e-07	3.332467e-01	3.331215e-01	3.335510e-01
2.616418331998863e-07	3.332485e-01	3.331212e-01	3.335506e-01
2.616498331998861e-07	3.332503e-01	3.331210e-01	3.335502e-01
2.616578331998859e-07	3.332521e-01	3.331208e-01	3.335498e-01
2.616658331998857e-07	3.332539e-01	3.331207e-01	3.335494e-01
2.616738331998854e-07	3.332557e-01	3.331207e-01	3.335489e-01
2.616818331998852e-07	3.332576e-01	3.331207e-01	3.335485e-01
2.616928331998850e-07	3.332602e-01	3.331208e-01	3.335479e-01
2.617038331998847e-07	3.332628e-01	3.331211e-01	3.335474e-01
2.617148331998844e-07	3.332654e-01	3.331215e-01	3.335468e-01
2.617258331998841e-07	3.332681e-01	3.331221e-01	3.335462e-01
2.617368331998839e-07	3.332708e-01	3.331228e-01	3.335456e-01
2.617478331998836e-07	3.332735e-01	3.331237e-01	3.335450e-01
2.617588331998833e-07	3.332763e-01	3.331247e-01	3.335444e-01
2.617776903427400e-07	3.332812e-01	3.331268e-01	3.335434e-01
2.617965474855966e-07	3.332862e-01	3.331293e-01	3.335424e-01
2.618154046284533e-07	3.332913e-01	3.331323e-01	3.335414e-01
2.618342617713100e-07	3.332965e-01	3.331357e-01	3.335403e-01
2.618531189141666e-07	3.333018e-01	3.331395e-01	3.335393e-01
2.618719760570233e-07	3.333073e-01	3.331438e-01	3.335383e-01
2.618908331998800e-07	3.333128e-01	3.331485e-01	3.335372e-01
2.619202617713078e-07	3.333218e-01	3.331569e-01	3.335356e-01
2.619496903427356e-07	3.333310e-01	3.331661e-01	3.335339e-01
2.619791189141634e-07	3.333406e-01	3.331761e-01	3.335323e-01
2.620085474855913e-07	3.333504e-01	3.331869e-01	3.335306e-01
2.620379760570191e-07	3.333605e-01	3.331986e-01	3.335289e-01
2.620674046284469e-07	3.333709e-01	3.332110e-01	3.335272e-01
2.620968331998747e-07	3.333816e-01	3.332243e-01	3.335255e-01
2.620978331998747e-07	3.333820e-01	3.332247e-01	3.335255e-01
2.621469760570163e-07	3.334007e-01	3.332488e-01	3.335226e-01
2.621961189141579e-07	3.334198e-01	3.332729e-01	3.335198e-01
2.622452617712995e-07	3.334393e-01	3.332973e-01	3.335169e-01
2.622944046284412e-07	3.334593e-01	3.333217e-01	3.335140e-01
2.623435474855828e-07	3.334797e-01	3.333464e-01	3.335111e-01
2.623926903427244e-07	3.335006e-01	3.333712e-01	3.335082e-01
2.624418331998660e-07	3.335219e-01	3.333961e-01	3.335053e-01
2.624791189141508e-07	3.335380e-01	3.334139e-01	3.335031e-01
2.625164046284355e-07	3.335540e-01	3.334308e-01	3.335008e-01
2.625536903427203e-07	3.335698e-01	3.334468e-01	3.334986e-01
2.625909760570051e-07	3.335855e-01	3.334619e-01	3.334964e-01
2.626282617712898e-07	3.336010e-01	3.334761e-01	3.334942e-01
2.626655474855746e-07	3.336164e-01	3.334895e-01	3.334920e-01
2.627028331998594e-07	3.336316e-01	3.335019e-01	3.334898e-01
2.627358331998585e-07	3.336447e-01	3.335118e-01	3.334878e-01
2.627688331998577e-07	3.336575e-01	3.335209e-01	3.334858e-01
2.628018331998569e-07	3.336699e-01	3.335291e-01	3.334839e-01
2.628348331998560e-07	3.336820e-01	3.335364e-01	3.334819e-01
2.628678331998552e-07	3.336937e-01	3.335428e-01	3.334800e-01
2.629008331998544e-07	3.337050e-01	3.335484e-01	3.334781e-01
2.629338331998535e-07	3.337160e-01	3.335530e-01	3.334762e-01
2.629578331998529e-07	3.337237e-01	3.335559e-01	3.334747e-01
2.629818331998523e-07	3.337311e-01	3.335583e-01	3.334733e-01
2.630058331998517e-07	3.337382e-01	3.335603e-01	3.334719e-01
2.630298331998511e-07	3.337451e-01	3.335619e-01	3.334705e-01
2.630538331998505e-07	3.337518e-01	3.335630e-01	3.334692e-01
2.630778331998499e-07	3.337581e-01	3.335637e-01	3.334678e-01
2.631018331998493e-07	3.337643e-01	3.335640e-01	3.334664e-01
2.631045474855635e-07	3.337649e-01	3.335640e-01	3.334662e-01
2.631072617712777e-07	3.337656e-01	3.335640e-01	3.334661e-01
2.631099760569919e-07	3.337662e-01	3.335640e-01	3.334659e-01
2.631126903427061e-07	3.337669e-01	3.335640e-01	3.334658e-01
2.631154046284204e-07	3.337676e-01	3.335640e-01	3.334656e-01
2.631181189141346e-07	3.337682e-01	3.335640e-01	3.334655e-01
2.631208331998488e-07	3.337689e-01	3.335640e-01	3.334653e-01
2.631218331998488e-07	3.337691e-01	3.335640e-01	3.334652e-01
2.631642617712763e-07	3.337788e-01	3.335628e-01	3.334628e-01
2.632066903427038e-07	3.337875e-01	3.335608e-01	3.334604e-01
2.632491189141313e-07	3.337954e-01	3.335578e-01	3.334580e-01
2.632915474855587e-07	3.338023e-01	3.335540e-01	3.334556e-01
2.633339760569862e-07	3.338083e-01	3.335492e-01	3.334533e-01
2.633764046284137e-07	3.338134e-01	3.335435e-01	3.334509e-01
2.634188331998412e-07	3.338175e-01	3.335370e-01	3.334486e-01
2.634446903426977e-07	3.338196e-01	3.335327e-01	3.334471e-01
2.634705474855542e-07	3.338214e-01	3.335283e-01	3.334457e-01
2.634964046284107e-07	3.338228e-01	3.335236e-01	3.334443e-01
2.635222617712672e-07	3.338239e-01	3.335189e-01	3.334429e-01
2.635481189141237e-07	3.338247e-01	3.335139e-01	3.334415e-01
2.635739760569802e-07	3.338252e-01	3.335087e-01	3.334401e-01
2.635998331998367e-07	3.338253e-01	3.335034e-01	3.334388e-01
2.636312617712644e-07	3.338251e-01	3.334968e-01	3.334371e-01
2.636626903426922e-07	3.338244e-01	3.334901e-01	3.334354e-01
2.636941189141200e-07	3.338233e-01	3.334833e-01	3.334338e-01
2.637255474855478e-07	3.338218e-01	3.334764e-01	3.334321e-01
2.637569760569755e-07	3.338200e-01	3.334694e-01	3.334305e-01
2.637884046284033e-07	3.338177e-01	3.334623e-01	3.334289e-01
2.638198331998311e-07	3.338150e-01	3.334552e-01	3.334273e-01
2.638662617712585e-07	3.338103e-01	3.334445e-01	3.334249e-01
2.639126903426859e-07	3.338049e-01	3.334341e-01	3.334226e-01
2.639591189141133e-07	3.337990e-01	3.334238e-01	3.334203e-01
2.640055474855407e-07	3.337925e-01	3.334136e-01	3.334180e-01
2.640519760569681e-07	3.337853e-01	3.334036e-01	3.334158e-01
2.640984046283954e-07	3.337776e-01	3.333938e-01	3.334136e-01
2.641448331998228e-07	3.337692e-01	3.333841e-01	3.334114e-01
2.641458331998228e-07	3.337691e-01	3.333839e-01	3.334113e-01
2.642064046283927e-07	3.337574e-01	3.333718e-01	3.334085e-01
2.642669760569626e-07	3.337454e-01	3.333603e-01	3.334057e-01
2.643275474855325e-07	3.337330e-01	3.333495e-01	3.334030e-01
2.643881189141024e-07	3.337202e-01	3.333393e-01	3.334003e-01
2.644486903426723e-07	3.337071e-01	3.333297e-01	3.333977e-01
2.645092617712422e-07	3.336935e-01	3.333207e-01	3.333951e-01
2.645698331998121e-07	3.336796e-01	3.333124e-01	3.333926e-01
2.646426903426674e-07	3.336629e-01	3.333034e-01	3.333896e-01
2.647155474855227e-07	3.336463e-01	3.332953e-01	3.333866e-01
2.647884046283780e-07	3.336301e-01	3.332881e-01	3.333838e-01
2.648612617712333e-07	3.336141e-01	3.332818e-01	3.333810e-01
2.649341189140886e-07	3.335984e-01	3.332764e-01	3.333783e-01
2.650069760569439e-07	3.335829e-01	3.332719e-01	3.333756e-01
2.650798331997992e-07	3.335676e-01	3.332683e-01	3.333730e-01
2.651698331997969e-07	3.335498e-01	3.332648e-01	3.333699e-01
2.652516903426519e-07	3.335342e-01	3.332627e-01	3.333672e-01
2.653335474855070e-07	3.335193e-01	3.332613e-01	3.333646e-01
2.654154046283621e-07	3.335051e-01	3.332606e-01	3.333620e-01
2.654972617712172e-07	3.334917e-01	3.332606e-01	3.333595e-01
2.655791189140722e-07	3.334789e-01	3.332613e-01	3.333571e-01
2.656609760569273e-07	3.334669e-01	3.332628e-01	3.333548e-01
2.657428331997824e-07	3.334555e-01	3.332649e-01	3.333526e-01
2.658071189140664e-07	3.334471e-01	3.332669e-01	3.333509e-01
2.658714046283505e-07	3.334390e-01	3.332691e-01	3.333492e-01
2.659356903426346e-07	3.334312e-01	3.332715e-01	3.333476e-01
2.659999760569187e-07	3.334237e-01	3.332742e-01	3.333461e-01
2.660642617712028e-07	3.334166e-01	3.332771e-01	3.333446e-01
2.661285474854869e-07	3.334097e-01	3.332803e-01	3.333431e-01
2.661928331997710e-07	3.334032e-01	3.332837e-01	3.333417e-01
2.661938331997709e-07	3.334031e-01	3.332838e-01	3.333417e-01
2.662974046283397e-07	3.333933e-01	3.332897e-01	3.333395e-01
2.664009760569085e-07	3.333838e-01	3.332958e-01	3.333374e-01
2.665045474854773e-07	3.333746e-01	3.333022e-01	3.333355e-01
2.666081189140461e-07	3.333659e-01	3.333087e-01	3.333336e-01
2.667116903426150e-07	3.333575e-01	3.333154e-01	3.333319e-01
2.668152617711838e-07	3.333494e-01	3.333222e-01	3.333302e-01
2.669188331997526e-07	3.333418e-01	3.333293e-01	3.333287e-01
2.669585474854658e-07	3.333388e-01	3.333319e-01	3.333281e-01
2.669982617711791e-07	3.333359e-01	3.333346e-01	3.333275e-01
2.670379760568924e-07	3.333330e-01	3.333372e-01	3.333270e-01
2.670776903426057e-07	3.333300e-01	3.333398e-01	3.333265e-01
2.671174046283190e-07	3.333272e-01	3.333424e-01	3.333260e-01
2.671571189140322e-07	3.333243e-01	3.333449e-01	3.333255e-01
2.671968331997455e-07	3.333214e-01	3.333475e-01	3.333250e-01
2.672178331997450e-07	3.333199e-01	3.333488e-01	3.333247e-01
2.672294046283161e-07	3.333191e-01	3.333496e-01	3.333246e-01
2.672409760568873e-07	3.333183e-01	3.333503e-01	3.333245e-01
2.672525474854584e-07	3.333174e-01	3.333510e-01	3.333243e-01
2.672641189140295e-07	3.333166e-01	3.333518e-01	3.333242e-01
2.672756903426007e-07	3.333158e-01	3.333525e-01	3.333241e-01
2.672872617711718e-07	3.333150e-01	3.333532e-01	3.333241e-01
2.672988331997429e-07	3.333142e-01	3.333539e-01	3.333240e-01
2.673129760568854e-07	3.333131e-01	3.333548e-01	3.333240e-01
2.673271189140279e-07	3.333121e-01	3.333557e-01	3.333239e-01
2.673412617711704e-07	3.333111e-01	3.333565e-01	3.333240e-01
2.673554046283129e-07	3.333101e-01	3.333574e-01	3.333241e-01
2.673695474854554e-07	3.333091e-01	3.333582e-01	3.333242e-01
2.673836903425979e-07	3.333081e-01	3.333591e-01	3.333244e-01
2.673978331997404e-07	3.333071e-01	3.333599e-01	3.333246e-01
2.674135474854543e-07	3.333060e-01	3.333609e-01	3.333249e-01
2.674292617711682e-07	3.333049e-01	3.333618e-01	3.333253e-01
2.674449760568821e-07	3.333038e-01	3.333627e-01	3.333258e-01
2.674606903425960e-07	3.333027e-01	3.333636e-01	3.333264e-01
2.674764046283099e-07	3.333016e-01	3.333645e-01	3.333272e-01
2.674921189140238e-07	3.333005e-01	3.333654e-01	3.333279e-01
2.675078331997376e-07	3.332994e-01	3.333663e-01	3.333288e-01
2.675291189140228e-07	3.332979e-01	3.333675e-01	3.333302e-01
2.675504046283080e-07	3.332964e-01	3.333687e-01	3.333318e-01
2.675716903425932e-07	3.332950e-01	3.333699e-01	3.333336e-01
2.675929760568783e-07	3.332935e-01	3.333710e-01	3.333357e-01
2.676142617711635e-07	3.332920e-01	3.333722e-01	3.333379e-01
2.676355474854487e-07	3.332905e-01	3.333733e-01	3.333403e-01
2.676568331997339e-07	3.332891e-01	3.333744e-01	3.333429e-01
2.676915474854473e-07	3.332867e-01	3.333762e-01	3.333477e-01
2.677262617711607e-07	3.332843e-01	3.333779e-01	3.333530e-01
2.677609760568741e-07	3.332819e-01	3.333796e-01	3.333586e-01
2.677956903425875e-07	3.332795e-01	3.333812e-01	3.333646e-01
2.678304046283009e-07	3.332772e-01	3.333828e-01	3.333711e-01
2.678651189140143e-07	3.332748e-01	3.333844e-01	3.333780e-01
2.678998331997277e-07	3.332725e-01	3.333859e-01	3.333853e-01
2.679485474854408e-07	3.332692e-01	3.333880e-01	3.333961e-01
2.679972617711538e-07	3.332660e-01	3.333899e-01	3.334068e-01
2.680459760568669e-07	3.332628e-01	3.333917e-01	3.334176e-01
2.680946903425799e-07	3.332596e-01	3.333935e-01	3.334284e-01
2.681434046282930e-07	3.332565e-01	3.333951e-01	3.334392e-01
2.681921189140060e-07	3.332534e-01	3.333966e-01	3.334500e-01
2.682408331997191e-07	3.332503e-01	3.333981e-01	3.334607e-01
2.682418331997190e-07	3.332503e-01	3.333981e-01	3.334609e-01
2.682826903425752e-07	3.332477e-01	3.333992e-01	3.334695e-01
2.683235474854313e-07	3.332452e-01	3.334002e-01	3.334776e-01
2.683644046282874e-07	3.332428e-01	3.334012e-01	3.334852e-01
2.684052617711435e-07	3.332403e-01	3.334021e-01	3.334925e-01
2.684461189139996e-07	3.332379e-01	3.334029e-01	3.334993e-01
2.684869760568557e-07	3.332355e-01	3.334036e-01	3.335057e-01
2.685278331997118e-07	3.332331e-01	3.334043e-01	3.335117e-01
2.685669760568537e-07	3.332309e-01	3.334049e-01	3.335168e-01
2.686061189139955e-07	3.332288e-01	3.334054e-01	3.335215e-01
2.686452617711374e-07	3.332267e-01	3.334058e-01	3.335257e-01
2.686844046282793e-07	3.332246e-01	3.334061e-01	3.335295e-01
2.687235474854211e-07	3.332225e-01	3.334064e-01	3.335327e-01
2.687626903425630e-07	3.332205e-01	3.334067e-01	3.335355e-01
2.688018331997049e-07	3.332185e-01	3.334068e-01	3.335378e-01
2.688326903425612e-07	3.332170e-01	3.334069e-01	3.335394e-01
2.688635474854176e-07	3.332155e-01	3.334069e-01	3.335406e-01
2.688944046282739e-07	3.332140e-01	3.334069e-01	3.335416e-01
2.689252617711303e-07	3.332126e-01	3.334069e-01	3.335423e-01
2.689561189139867e-07	3.332112e-01	3.334068e-01	3.335428e-01
2.689869760568430e-07	3.332098e-01	3.334067e-01	3.335430e-01
2.690178331996994e-07	3.332084e-01	3.334065e-01	3.335429e-01
2.690531189139842e-07	3.332069e-01	3.334063e-01	3.335426e-01
2.690884046282690e-07	3.332055e-01	3.334060e-01	3.335419e-01
2.691236903425538e-07	3.332040e-01	3.334057e-01	3.335410e-01
2.691589760568387e-07	3.332027e-01	3.334053e-01	3.335399e-01
2.691942617711235e-07	3.332013e-01	3.334049e-01	3.335385e-01
2.692295474854083e-07	3.332000e-01	3.334045e-01	3.335368e-01
2.692648331996931e-07	3.331988e-01	3.334039e-01	3.335348e-01
2.692658331996931e-07	3.331987e-01	3.334039e-01	3.335347e-01
2.693329760568343e-07	3.331964e-01	3.334028e-01	3.335303e-01
2.694001189139754e-07	3.331943e-01	3.334016e-01	3.335252e-01
2.694672617711166e-07	3.331924e-01	3.334002e-01	3.335196e-01
2.695344046282577e-07	3.331906e-01	3.333987e-01	3.335133e-01
2.696015474853989e-07	3.331889e-01	3.333971e-01	3.335064e-01
2.696686903425400e-07	3.331875e-01	3.333954e-01	3.334990e-01
2.697358331996812e-07	3.331861e-01	3.333935e-01	3.334909e-01
2.698135474853935e-07	3.331848e-01	3.333912e-01	3.334810e-01
2.698912617711058e-07	3.331838e-01	3.333888e-01	3.334708e-01
2.699689760568181e-07	3.331829e-01	3.333862e-01	3.334602e-01
2.700466903425305e-07	3.331822e-01	3.333836e-01	3.334491e-01
2.701244046282428e-07	3.331817e-01	3.333810e-01	3.334377e-01
2.702021189139551e-07	3.331815e-01	3.333782e-01	3.334259e-01
2.702798331996674e-07	3.331815e-01	3.333753e-01	3.334137e-01
2.702898331996672e-07	3.331815e-01	3.333749e-01	3.334121e-01
2.703878331996647e-07	3.331817e-01	3.333712e-01	3.333964e-01
2.704158331996640e-07	3.331819e-01	3.333702e-01	3.333920e-01
2.704438331996633e-07	3.331820e-01	3.333691e-01	3.333875e-01
2.704718331996625e-07	3.331822e-01	3.333680e-01	3.333829e-01
2.704998331996618e-07	3.331824e-01	3.333669e-01	3.333782e-01
2.705278331996611e-07	3.331826e-01	3.333658e-01	3.333734e-01
2.705558331996604e-07	3.331829e-01	3.333648e-01	3.333686e-01
2.705838331996597e-07	3.331832e-01	3.333637e-01	3.333637e-01
2.706175474853731e-07	3.331835e-01	3.333624e-01	3.333575e-01
2.706512617710866e-07	3.331839e-01	3.333611e-01	3.333510e-01
2.706849760568000e-07	3.331843e-01	3.333597e-01	3.333442e-01
2.707186903425134e-07	3.331848e-01	3.333584e-01	3.333370e-01
2.707524046282269e-07	3.331853e-01	3.333571e-01	3.333295e-01
2.707861189139403e-07	3.331858e-01	3.333558e-01	3.333216e-01
2.708198331996537e-07	3.331864e-01	3.333545e-01	3.333134e-01
2.708635474853669e-07	3.331871e-01	3.333529e-01	3.333020e-01
2.709072617710801e-07	3.331880e-01	3.333512e-01	3.332899e-01
2.709509760567933e-07	3.331888e-01	3.333495e-01	3.332773e-01
2.709946903425064e-07	3.331897e-01	3.333479e-01	3.332640e-01
2.710384046282196e-07	3.331906e-01	3.333462e-01	3.332501e-01
2.710821189139328e-07	3.331916e-01	3.333446e-01	3.332356e-01
2.711258331996460e-07	3.331927e-01	3.333429e-01	3.332205e-01
2.711525474853596e-07	3.331933e-01	3.333420e-01	3.332111e-01
2.711792617710732e-07	3.331940e-01	3.333410e-01	3.332016e-01
2.712059760567868e-07	3.331947e-01	3.333400e-01	3.331920e-01
2.712326903425004e-07	3.331954e-01	3.333391e-01	3.331822e-01
2.712594046282140e-07	3.331961e-01	3.333381e-01	3.331724e-01
2.712861189139276e-07	3.331968e-01	3.333372e-01	3.331624e-01
2.713128331996412e-07	3.331976e-01	3.333362e-01	3.331524e-01
2.713138331996412e-07	3.331976e-01	3.333362e-01	3.331520e-01
2.713819760567823e-07	3.331995e-01	3.333338e-01	3.331258e-01
2.714501189139235e-07	3.332015e-01	3.333315e-01	3.331000e-01
2.715182617710646e-07	3.332036e-01	3.333293e-01	3.330747e-01
2.715864046282057e-07	3.332058e-01	3.333271e-01	3.330499e-01
2.716545474853469e-07	3.332080e-01	3.333249e-01	3.330254e-01
2.717226903424880e-07	3.332103e-01	3.333229e-01	3.330015e-01
2.717908331996291e-07	3.332126e-01	3.333209e-01	3.329780e-01
2.718645474853415e-07	3.332152e-01	3.333188e-01	3.329539e-01
2.719382617710540e-07	3.332179e-01	3.333168e-01	3.329314e-01
2.720119760567664e-07	3.332206e-01	3.333148e-01	3.329105e-01
2.720856903424788e-07	3.332233e-01	3.333130e-01	3.328911e-01
2.721594046281912e-07	3.332260e-01	3.333113e-01	3.328732e-01
2.722331189139036e-07	3.332288e-01	3.333096e-01	3.328568e-01
2.723068331996161e-07	3.332317e-01	3.333080e-01	3.328420e-01
2.723378331996153e-07	3.332328e-01	3.333074e-01	3.328363e-01
2.724028331996136e-07	3.332354e-01	3.333061e-01	3.328255e-01
2.724678331996120e-07	3.332379e-01	3.333049e-01	3.328160e-01
2.725328331996103e-07	3.332404e-01	3.333038e-01	3.328079e-01
2.725978331996087e-07	3.332429e-01	3.333027e-01	3.328011e-01
2.726628331996070e-07	3.332454e-01	3.333017e-01	3.327958e-01
2.727278331996054e-07	3.332480e-01	3.333008e-01	3.327918e-01
2.727928331996037e-07	3.332505e-01	3.332999e-01	3.327893e-01
2.728289760567457e-07	3.332519e-01	3.332995e-01	3.327884e-01
2.728651189138876e-07	3.332533e-01	3.332991e-01	3.327880e-01
2.729012617710296e-07	3.332547e-01	3.332986e-01	3.327880e-01
2.729374046281715e-07	3.332560e-01	3.332983e-01	3.327885e-01
2.729735474853134e-07	3.332574e-01	3.332979e-01	3.327893e-01
2.730096903424554e-07	3.332588e-01	3.332975e-01	3.327906e-01
2.730458331995973e-07	3.332602e-01	3.332972e-01	3.327922e-01
2.730908331995962e-07	3.332619e-01	3.332968e-01	3.327949e-01
2.731358331995950e-07	3.332636e-01	3.332965e-01	3.327982e-01
2.731808331995939e-07	3.332652e-01	3.332961e-01	3.328020e-01
2.732258331995928e-07	3.332669e-01	3.332958e-01	3.328065e-01
2.732708331995916e-07	3.332686e-01	3.332955e-01	3.328116e-01
2.733158331995905e-07	3.332702e-01	3.332953e-01	3.328172e-01
2.733608331995893e-07	3.332719e-01	3.332951e-01	3.328234e-01
2.733618331995893e-07	3.332719e-01	3.332951e-01	3.328236e-01
2.734691189138723e-07	3.332757e-01	3.332947e-01	3.328413e-01
2.735764046281553e-07	3.332795e-01	3.332944e-01	3.328612e-01
2.736836903424383e-07	3.332832e-01	3.332943e-01	3.328834e-01
2.737909760567213e-07	3.332867e-01	3.332942e-01	3.329078e-01
2.738982617710043e-07	3.332902e-01	3.332944e-01	3.329345e-01
2.740055474852873e-07	3.332936e-01	3.332946e-01	3.329634e-01
2.741128331995703e-07	3.332969e-01	3.332950e-01	3.329946e-01
2.741516903424265e-07	3.332981e-01	3.332951e-01	3.330060e-01
2.741905474852826e-07	3.332992e-01	3.332953e-01	3.330175e-01
2.742294046281388e-07	3.333003e-01	3.332954e-01	3.330291e-01
2.742682617709949e-07	3.333014e-01	3.332956e-01	3.330408e-01
2.743071189138511e-07	3.333025e-01	3.332958e-01	3.330526e-01
2.743459760567072e-07	3.333036e-01	3.332960e-01	3.330645e-01
2.743848331995634e-07	3.333047e-01	3.332962e-01	3.330765e-01
2.743858331995634e-07	3.333047e-01	3.332962e-01	3.330768e-01
2.745034046281318e-07	3.333079e-01	3.332970e-01	3.331142e-01
2.746209760567003e-07	3.333109e-01	3.332978e-01	3.331508e-01
2.747385474852687e-07	3.333138e-01	3.332987e-01	3.331867e-01
2.748561189138372e-07	3.333165e-01	3.332996e-01	3.332219e-01
2.749736903424056e-07	3.333191e-01	3.333006e-01	3.332563e-01
2.750912617709741e-07	3.333216e-01	3.333017e-01	3.332901e-01
2.752088331995425e-07	3.333239e-01	3.333028e-01	3.333231e-01
2.754098331995374e-07	3.333276e-01	3.333047e-01	3.333744e-01
2.755101189138206e-07	3.333293e-01	3.333058e-01	3.333980e-01
2.756104046281038e-07	3.333309e-01	3.333068e-01	3.334200e-01
2.757106903423870e-07	3.333324e-01	3.333078e-01	3.334405e-01
2.758109760566701e-07	3.333338e-01	3.333088e-01	3.334594e-01
2.759112617709533e-07	3.333352e-01	3.333099e-01	3.334768e-01
2.760115474852365e-07	3.333364e-01	3.333109e-01	3.334926e-01
2.761118331995197e-07	3.333376e-01	3.333119e-01	3.335069e-01
2.763228331995143e-07	3.333398e-01	3.333141e-01	3.335318e-01
2.763274046280856e-07	3.333399e-01	3.333141e-01	3.335322e-01
2.763319760566569e-07	3.333399e-01	3.333142e-01	3.335327e-01
2.763365474852282e-07	3.333400e-01	3.333142e-01	3.335331e-01
2.763411189137996e-07	3.333400e-01	3.333143e-01	3.335336e-01
2.763456903423709e-07	3.333401e-01	3.333143e-01	3.335341e-01
2.763502617709422e-07	3.333401e-01	3.333144e-01	3.335345e-01
2.763548331995135e-07	3.333401e-01	3.333145e-01	3.335350e-01
2.763605474852276e-07	3.333402e-01	3.333146e-01	3.335355e-01
2.763662617709418e-07	3.333402e-01	3.333147e-01	3.335361e-01
2.763719760566559e-07	3.333403e-01	3.333149e-01	3.335366e-01
2.763776903423701e-07	3.333403e-01	3.333150e-01	3.335371e-01
2.763834046280842e-07	3.333404e-01	3.333152e-01	3.335377e-01
2.763891189137983e-07	3.333405e-01	3.333154e-01	3.335382e-01
2.763948331995125e-07	3.333405e-01	3.333156e-01	3.335387e-01
2.764002617709409e-07	3.333406e-01	3.333158e-01	3.335392e-01
2.764056903423693e-07	3.333406e-01	3.333160e-01	3.335397e-01
2.764111189137978e-07	3.333407e-01	3.333163e-01	3.335402e-01
2.764165474852262e-07	3.333407e-01	3.333166e-01	3.335407e-01
2.764219760566546e-07	3.333407e-01	3.333168e-01	3.335412e-01
2.764274046280831e-07	3.333408e-01	3.333171e-01	3.335416e-01
2.764328331995115e-07	3.333409e-01	3.333175e-01	3.335421e-01
2.764338331995115e-07	3.333409e-01	3.333175e-01	3.335422e-01
2.764458331995112e-07	3.333410e-01	3.333183e-01	3.335432e-01
2.764578331995109e-07	3.333411e-01	3.333192e-01	3.335442e-01
2.764698331995106e-07	3.333412e-01	3.333201e-01	3.335452e-01
2.764818331995103e-07	3.333413e-01	3.333211e-01	3.335461e-01
2.764938331995100e-07	3.333413e-01	3.333221e-01	3.335471e-01
2.765058331995097e-07	3.333414e-01	3.333232e-01	3.335480e-01
2.765178331995094e-07	3.333415e-01	3.333244e-01	3.335489e-01
2.765336903423661e-07	3.333416e-01	3.333260e-01	3.335500e-01
2.765495474852228e-07	3.333416e-01	3.333277e-01	3.335512e-01
2.765654046280796e-07	3.333416e-01	3.333293e-01	3.335522e-01
2.765812617709363e-07	3.333417e-01	3.333309e-01	3.335533e-01
2.765971189137931e-07	3.333417e-01	3.333325e-01	3.335543e-01
2.766129760566498e-07	3.333416e-01	3.333341e-01	3.335553e-01
2.766288331995066e-07	3.333416e-01	3.333357e-01	3.335563e-01
2.766428331995062e-07	3.333415e-01	3.333370e-01	3.335571e-01
2.766568331995058e-07	3.333414e-01	3.333383e-01	3.335579e-01
2.766708331995055e-07	3.333413e-01	3.333394e-01	3.335586e-01
2.766848331995051e-07	3.333411e-01	3.333404e-01	3.335594e-01
2.766988331995048e-07	3.333409e-01	3.333414e-01	3.335601e-01
2.767128331995044e-07	3.333406e-01	3.333422e-01	3.335608e-01
2.767268331995041e-07	3.333403e-01	3.333430e-01	3.335615e-01
2.767362617709324e-07	3.333401e-01	3.333434e-01	3.335619e-01
2.767456903423607e-07	3.333399e-01	3.333438e-01	3.335623e-01
2.767551189137891e-07	3.333397e-01	3.333441e-01	3.335627e-01
2.767645474852174e-07	3.333394e-01	3.333443e-01	3.335631e-01
2.767739760566457e-07	3.333391e-01	3.333445e-01	3.335635e-01
2.767834046280741e-07	3.333388e-01	3.333446e-01	3.335639e-01
2.767928331995024e-07	3.333385e-01	3.333447e-01	3.335643e-01
2.768019760566450e-07	3.333381e-01	3.333446e-01	3.335646e-01
2.768111189137876e-07	3.333377e-01	3.333446e-01	3.335650e-01
2.768202617709303e-07	3.333374e-01	3.333444e-01	3.335653e-01
2.768294046280729e-07	3.333370e-01	3.333442e-01	3.335656e-01
2.768385474852155e-07	3.333365e-01	3.333440e-01	3.335659e-01
2.768476903423581e-07	3.333361e-01	3.333437e-01	3.335662e-01
2.768568331995008e-07	3.333356e-01	3.333433e-01	3.335665e-01
2.768736903423575e-07	3.333347e-01	3.333424e-01	3.335670e-01
2.768905474852142e-07	3.333337e-01	3.333414e-01	3.335675e-01
2.769074046280709e-07	3.333326e-01	3.333401e-01	3.335679e-01
2.769242617709276e-07	3.333314e-01	3.333387e-01	3.335683e-01
2.769411189137844e-07	3.333301e-01	3.333371e-01	3.335687e-01
2.769579760566411e-07	3.333288e-01	3.333353e-01	3.335691e-01
2.769748331994978e-07	3.333273e-01	3.333333e-01	3.335694e-01
2.770062617709256e-07	3.333244e-01	3.333290e-01	3.335699e-01
2.770376903423533e-07	3.333212e-01	3.333244e-01	3.335703e-01
2.770691189137811e-07	3.333177e-01	3.333196e-01	3.335706e-01
2.771005474852089e-07	3.333140e-01	3.333145e-01	3.335708e-01
2.771319760566367e-07	3.333100e-01	3.333091e-01	3.335709e-01
2.771634046280644e-07	3.333058e-01	3.333034e-01	3.335709e-01
2.771948331994922e-07	3.333013e-01	3.332975e-01	3.335709e-01
2.772232617709201e-07	3.332970e-01	3.332922e-01	3.335707e-01
2.772516903423479e-07	3.332926e-01	3.332871e-01	3.335705e-01
2.772801189137758e-07	3.332881e-01	3.332822e-01	3.335703e-01
2.773085474852036e-07	3.332836e-01	3.332775e-01	3.335699e-01
2.773369760566315e-07	3.332789e-01	3.332730e-01	3.335695e-01
2.773654046280593e-07	3.332741e-01	3.332686e-01	3.335690e-01
2.773938331994872e-07	3.332692e-01	3.332645e-01	3.335685e-01
2.774028331994869e-07	3.332677e-01	3.332633e-01	3.335683e-01
2.774118331994867e-07	3.332661e-01	3.332621e-01	3.335681e-01
2.774208331994865e-07	3.332646e-01	3.332609e-01	3.335679e-01
2.774298331994863e-07	3.332630e-01	3.332598e-01	3.335677e-01
2.774388331994860e-07	3.332615e-01	3.332588e-01	3.335675e-01
2.774478331994858e-07	3.332599e-01	3.332577e-01	3.335673e-01
2.774568331994856e-07	3.332584e-01	3.332567e-01	3.335671e-01
2.774578331994855e-07	3.332582e-01	3.332566e-01	3.335670e-01
2.774785474851993e-07	3.332546e-01	3.332544e-01	3.335665e-01
2.774992617709131e-07	3.332511e-01	3.332525e-01	3.335659e-01
2.775199760566268e-07	3.332476e-01	3.332507e-01	3.335654e-01
2.775406903423406e-07	3.332441e-01	3.332492e-01	3.335647e-01
2.775614046280544e-07	3.332407e-01	3.332479e-01	3.335641e-01
2.775821189137681e-07	3.332373e-01	3.332468e-01	3.335634e-01
2.776028331994819e-07	3.332339e-01	3.332459e-01	3.335627e-01
2.776156903423387e-07	3.332319e-01	3.332455e-01	3.335623e-01
2.776285474851955e-07	3.332299e-01	3.332452e-01	3.335618e-01
2.776414046280523e-07	3.332279e-01	3.332449e-01	3.335614e-01
2.776542617709091e-07	3.332259e-01	3.332447e-01	3.335609e-01
2.776671189137660e-07	3.332240e-01	3.332446e-01	3.335604e-01
2.776799760566228e-07	3.332221e-01	3.332446e-01	3.335599e-01
2.776928331994796e-07	3.332202e-01	3.332447e-01	3.335594e-01
2.777138331994791e-07	3.332173e-01	3.332450e-01	3.335586e-01
2.777348331994785e-07	3.332144e-01	3.332454e-01	3.335577e-01
2.777558331994780e-07	3.332117e-01	3.332461e-01	3.335568e-01
2.777768331994775e-07	3.332090e-01	3.332470e-01	3.335559e-01
2.777978331994769e-07	3.332065e-01	3.332480e-01	3.335550e-01
2.778188331994764e-07	3.332041e-01	3.332493e-01	3.335540e-01
2.778398331994759e-07	3.332018e-01	3.332507e-01	3.335531e-01
2.778698331994751e-07	3.331988e-01	3.332531e-01	3.335517e-01
2.778998331994743e-07	3.331960e-01	3.332557e-01	3.335502e-01
2.779298331994736e-07	3.331936e-01	3.332585e-01	3.335487e-01
2.779598331994728e-07	3.331914e-01	3.332616e-01	3.335472e-01
2.779898331994721e-07	3.331896e-01	3.332649e-01	3.335456e-01
2.780198331994713e-07	3.331880e-01	3.332684e-01	3.335440e-01
2.780498331994705e-07	3.331867e-01	3.332721e-01	3.335424e-01
2.780669760566130e-07	3.331861e-01	3.332743e-01	3.335414e-01
2.780841189137554e-07	3.331856e-01	3.332765e-01	3.335405e-01
2.781012617708978e-07	3.331852e-01	3.332787e-01	3.335395e-01
2.781184046280402e-07	3.331849e-01	3.332809e-01	3.335386e-01
2.781355474851827e-07	3.331847e-01	3.332832e-01	3.335376e-01
2.781526903423251e-07	3.331846e-01	3.332854e-01	3.335366e-01
2.781698331994675e-07	3.331846e-01	3.332877e-01	3.335356e-01
2.781935474851812e-07	3.331848e-01	3.332909e-01	3.335342e-01
2.782172617708949e-07	3.331851e-01	3.332941e-01	3.335328e-01
2.782409760566086e-07	3.331856e-01	3.332972e-01	3.335314e-01
2.782646903423222e-07	3.331863e-01	3.333002e-01	3.335299e-01
2.782884046280359e-07	3.331872e-01	3.333033e-01	3.335285e-01
2.783121189137496e-07	3.331882e-01	3.333063e-01	3.335271e-01
2.783358331994633e-07	3.331894e-01	3.333093e-01	3.335256e-01
2.783565474851771e-07	3.331906e-01	3.333118e-01	3.335243e-01
2.783772617708908e-07	3.331919e-01	3.333142e-01	3.335230e-01
2.783979760566046e-07	3.331933e-01	3.333166e-01	3.335217e-01
2.784186903423183e-07	3.331948e-01	3.333189e-01	3.335204e-01
2.784394046280321e-07	3.331965e-01	3.333212e-01	3.335191e-01
2.784601189137459e-07	3.331982e-01	3.333233e-01	3.335178e-01
2.784808331994596e-07	3.332000e-01	3.333254e-01	3.335164e-01
2.784818331994596e-07	3.332001e-01	3.333255e-01	3.335164e-01
2.785142617708874e-07	3.332032e-01	3.333286e-01	3.335143e-01
2.785466903423151e-07	3.332065e-01	3.333314e-01	3.335122e-01
2.785791189137429e-07	3.332099e-01	3.333340e-01	3.335101e-01
2.786115474851706e-07	3.332135e-01	3.333363e-01	3.335080e-01
2.786439760565984e-07	3.332173e-01	3.333384e-01	3.335058e-01
2.786764046280261e-07	3.332212e-01	3.333402e-01	3.335037e-01
2.787088331994539e-07	3.332254e-01	3.333418e-01	3.335016e-01
2.787342617708818e-07	3.332287e-01	3.333429e-01	3.334999e-01
2.787596903423097e-07	3.332320e-01	3.333438e-01	3.334982e-01
2.787851189137376e-07	3.332354e-01	3.333446e-01	3.334965e-01
2.788105474851656e-07	3.332388e-01	3.333452e-01	3.334949e-01
2.788359760565935e-07	3.332423e-01	3.333456e-01	3.334932e-01
2.788614046280214e-07	3.332458e-01	3.333459e-01	3.334915e-01
2.788868331994493e-07	3.332493e-01	3.333460e-01	3.334898e-01
2.789146903423058e-07	3.332532e-01	3.333460e-01	3.334880e-01
2.789425474851622e-07	3.332571e-01	3.333458e-01	3.334862e-01
2.789704046280187e-07	3.332610e-01	3.333455e-01	3.334843e-01
2.789982617708751e-07	3.332648e-01	3.333451e-01	3.334825e-01
2.790261189137315e-07	3.332687e-01	3.333445e-01	3.334807e-01
2.790539760565880e-07	3.332725e-01	3.333437e-01	3.334789e-01
2.790818331994444e-07	3.332763e-01	3.333428e-01	3.334771e-01
2.791352617708716e-07	3.332836e-01	3.333406e-01	3.334736e-01
2.791886903422988e-07	3.332905e-01	3.333382e-01	3.334701e-01
2.792421189137261e-07	3.332972e-01	3.333355e-01	3.334667e-01
2.792955474851533e-07	3.333035e-01	3.333326e-01	3.334633e-01
2.793489760565805e-07	3.333096e-01	3.333294e-01	3.334599e-01
2.794024046280077e-07	3.333154e-01	3.333259e-01	3.334566e-01
2.794558331994349e-07	3.333209e-01	3.333223e-01	3.334533e-01
2.795058331994337e-07	3.333257e-01	3.333189e-01	3.334503e-01
2.795288331994331e-07	3.333278e-01	3.333173e-01	3.334489e-01
2.795298331994331e-07	3.333279e-01	3.333173e-01	3.334488e-01
2.795308331994330e-07	3.333279e-01	3.333173e-01	3.334487e-01
2.795318331994330e-07	3.333280e-01	3.333171e-01	3.334487e-01
2.795328331994330e-07	3.333281e-01	3.333169e-01	3.334486e-01
2.795338331994330e-07	3.333282e-01	3.333170e-01	3.334486e-01
2.795348331994329e-07	3.333283e-01	3.333170e-01	3.334485e-01
2.795358331994329e-07	3.333284e-01	3.333168e-01	3.334484e-01
2.795388331994328e-07	3.333287e-01	3.333167e-01	3.334483e-01
2.795495474851468e-07	3.333296e-01	3.333159e-01	3.334476e-01
2.795602617708609e-07	3.333305e-01	3.333152e-01	3.334470e-01
2.795709760565749e-07	3.333315e-01	3.333145e-01	3.334463e-01
2.795816903422889e-07	3.333324e-01	3.333138e-01	3.334457e-01
2.795924046280029e-07	3.333334e-01	3.333131e-01	3.334450e-01
2.796031189137169e-07	3.333344e-01	3.333124e-01	3.334444e-01
2.796138331994309e-07	3.333354e-01	3.333117e-01	3.334438e-01
2.796284046280020e-07	3.333368e-01	3.333108e-01	3.334429e-01
2.796429760565730e-07	3.333383e-01	3.333099e-01	3.334421e-01
2.796575474851441e-07	3.333398e-01	3.333090e-01	3.334412e-01
2.796721189137152e-07	3.333414e-01	3.333082e-01	3.334404e-01
2.796866903422862e-07	3.333430e-01	3.333074e-01	3.334395e-01
2.797012617708573e-07	3.333447e-01	3.333066e-01	3.334387e-01
2.797158331994283e-07	3.333465e-01	3.333059e-01	3.334378e-01
2.797306903422851e-07	3.333483e-01	3.333052e-01	3.334369e-01
2.797455474851419e-07	3.333502e-01	3.333045e-01	3.334361e-01
2.797604046279986e-07	3.333521e-01	3.333039e-01	3.334352e-01
2.797752617708554e-07	3.333540e-01	3.333034e-01	3.334344e-01
2.797901189137122e-07	3.333560e-01	3.333029e-01	3.334336e-01
2.798049760565689e-07	3.333580e-01	3.333025e-01	3.334327e-01
2.798198331994257e-07	3.333600e-01	3.333021e-01	3.334319e-01
2.798326903422825e-07	3.333618e-01	3.333018e-01	3.334312e-01
2.798455474851393e-07	3.333636e-01	3.333016e-01	3.334305e-01
2.798584046279962e-07	3.333654e-01	3.333014e-01	3.334298e-01
2.798712617708530e-07	3.333671e-01	3.333012e-01	3.334290e-01
2.798841189137098e-07	3.333689e-01	3.333011e-01	3.334283e-01
2.798969760565666e-07	3.333707e-01	3.333010e-01	3.334276e-01
2.799098331994234e-07	3.333724e-01	3.333009e-01	3.334269e-01
2.799239760565659e-07	3.333743e-01	3.333009e-01	3.334262e-01
2.799381189137084e-07	3.333762e-01	3.333008e-01	3.334254e-01
2.799522617708509e-07	3.333781e-01	3.333008e-01	3.334246e-01
2.799664046279934e-07	3.333799e-01	3.333009e-01	3.334239e-01
2.799805474851359e-07	3.333817e-01	3.333009e-01	3.334231e-01
2.799946903422784e-07	3.333835e-01	3.333010e-01	3.334224e-01
2.800088331994209e-07	3.333852e-01	3.333011e-01	3.334216e-01
2.800282617708490e-07	3.333875e-01	3.333012e-01	3.334206e-01
2.800476903422771e-07	3.333897e-01	3.333014e-01	3.334196e-01
2.800671189137052e-07	3.333919e-01	3.333015e-01	3.334186e-01
2.800865474851332e-07	3.333939e-01	3.333016e-01	3.334176e-01
2.801059760565613e-07	3.333959e-01	3.333017e-01	3.334166e-01
2.801254046279894e-07	3.333978e-01	3.333017e-01	3.334156e-01
2.801448331994175e-07	3.333996e-01	3.333018e-01	3.334146e-01
2.801591189137028e-07	3.334009e-01	3.333018e-01	3.334139e-01
2.801734046279882e-07	3.334021e-01	3.333017e-01	3.334132e-01
2.801876903422735e-07	3.334033e-01	3.333016e-01	3.334125e-01
2.802019760565589e-07	3.334044e-01	3.333015e-01	3.334118e-01
2.802162617708442e-07	3.334055e-01	3.333013e-01	3.334110e-01
2.802305474851296e-07	3.334066e-01	3.333011e-01	3.334103e-01
2.802448331994149e-07	3.334076e-01	3.333008e-01	3.334096e-01
2.802628331994145e-07	3.334088e-01	3.333004e-01	3.334088e-01
2.802808331994140e-07	3.334099e-01	3.332999e-01	3.334079e-01
2.802988331994136e-07	3.334110e-01	3.332993e-01	3.334071e-01
2.803168331994131e-07	3.334121e-01	3.332986e-01	3.334062e-01
2.803348331994127e-07	3.334131e-01	3.332978e-01	3.334054e-01
2.803528331994122e-07	3.334141e-01	3.332970e-01	3.334045e-01
2.803708331994117e-07	3.334151e-01	3.332960e-01	3.334037e-01
2.803934046279826e-07	3.334162e-01	3.332946e-01	3.334026e-01
2.804159760565535e-07	3.334173e-01	3.332931e-01	3.334016e-01
2.804385474851243e-07	3.334184e-01	3.332915e-01	3.334006e-01
2.804611189136952e-07	3.334195e-01	3.332897e-01	3.333996e-01
2.804836903422660e-07	3.334206e-01	3.332878e-01	3.333986e-01
2.805062617708369e-07	3.334217e-01	3.332857e-01	3.333975e-01
2.805288331994077e-07	3.334228e-01	3.332835e-01	3.333966e-01
2.805298331994077e-07	3.334229e-01	3.332833e-01	3.333965e-01
2.805588331994070e-07	3.334243e-01	3.332803e-01	3.333953e-01
2.805878331994062e-07	3.334258e-01	3.332771e-01	3.333940e-01
2.806168331994055e-07	3.334275e-01	3.332737e-01	3.333928e-01
2.806458331994048e-07	3.334292e-01	3.332703e-01	3.333916e-01
2.806748331994040e-07	3.334310e-01	3.332668e-01	3.333904e-01
2.807038331994033e-07	3.334330e-01	3.332631e-01	3.333892e-01
2.807328331994026e-07	3.334350e-01	3.332593e-01	3.333880e-01
2.807654046279732e-07	3.334375e-01	3.332550e-01	3.333867e-01
2.807979760565438e-07	3.334402e-01	3.332509e-01	3.333855e-01
2.808305474851144e-07	3.334431e-01	3.332469e-01	3.333842e-01
2.808631189136850e-07	3.334462e-01	3.332430e-01	3.333830e-01
2.808956903422556e-07	3.334495e-01	3.332393e-01	3.333818e-01
2.809282617708262e-07	3.334531e-01	3.332357e-01	3.333805e-01
2.809608331993968e-07	3.334568e-01	3.332323e-01	3.333794e-01
2.809872617708247e-07	3.334600e-01	3.332298e-01	3.333784e-01
2.810136903422526e-07	3.334633e-01	3.332275e-01	3.333775e-01
2.810401189136805e-07	3.334667e-01	3.332255e-01	3.333766e-01
2.810665474851084e-07	3.334703e-01	3.332238e-01	3.333757e-01
2.810929760565363e-07	3.334739e-01	3.332223e-01	3.333747e-01
2.811194046279642e-07	3.334777e-01	3.332211e-01	3.333738e-01
2.811458331993921e-07	3.334816e-01	3.332201e-01	3.333730e-01
2.811649760565345e-07	3.334845e-01	3.332196e-01	3.333723e-01
2.811841189136769e-07	3.334874e-01	3.332193e-01	3.333717e-01
2.812032617708192e-07	3.334903e-01	3.332192e-01	3.333711e-01
2.812224046279616e-07	3.334933e-01	3.332193e-01	3.333705e-01
2.812415474851040e-07	3.334963e-01	3.332195e-01	3.333699e-01
2.812606903422463e-07	3.334994e-01	3.332199e-01	3.333693e-01
2.812798331993887e-07	3.335025e-01	3.332205e-01	3.333687e-01
2.813068331993880e-07	3.335069e-01	3.332217e-01	3.333678e-01
2.813338331993873e-07	3.335114e-01	3.332232e-01	3.333670e-01
2.813608331993867e-07	3.335158e-01	3.332251e-01	3.333662e-01
2.813878331993860e-07	3.335203e-01	3.332274e-01	3.333654e-01
2.814148331993853e-07	3.335248e-01	3.332300e-01	3.333646e-01
2.814418331993846e-07	3.335293e-01	3.332331e-01	3.333638e-01
2.814688331993839e-07	3.335338e-01	3.332365e-01	3.333631e-01
2.814808331993836e-07	3.335358e-01	3.332381e-01	3.333627e-01
2.814928331993833e-07	3.335377e-01	3.332398e-01	3.333624e-01
2.815048331993830e-07	3.335397e-01	3.332416e-01	3.333621e-01
2.815168331993827e-07	3.335417e-01	3.332434e-01	3.333617e-01
2.815288331993824e-07	3.335436e-01	3.332453e-01	3.333614e-01
2.815408331993821e-07	3.335455e-01	3.332473e-01	3.333611e-01
2.815528331993818e-07	3.335475e-01	3.332493e-01	3.333607e-01
2.815538331993818e-07	3.335476e-01	3.332495e-01	3.333607e-01
2.816065474850947e-07	3.335561e-01	3.332595e-01	3.333593e-01
2.816592617708077e-07	3.335641e-01	3.332705e-01	3.333579e-01
2.817119760565206e-07	3.335717e-01	3.332823e-01	3.333566e-01
2.817646903422336e-07	3.335788e-01	3.332951e-01	3.333553e-01
2.818174046279465e-07	3.335854e-01	3.333087e-01	3.333541e-01
2.818701189136595e-07	3.335916e-01	3.333233e-01	3.333528e-01
2.819228331993724e-07	3.335973e-01	3.333387e-01	3.333516e-01
2.819615474850857e-07	3.336010e-01	3.333502e-01	3.333508e-01
2.820002617707990e-07	3.336043e-01	3.333618e-01	3.333500e-01
2.820389760565123e-07	3.336073e-01	3.333734e-01	3.333492e-01
2.820776903422256e-07	3.336099e-01	3.333850e-01	3.333484e-01
2.821164046279389e-07	3.336121e-01	3.333966e-01	3.333476e-01
2.821551189136523e-07	3.336139e-01	3.334083e-01	3.333468e-01
2.821938331993656e-07	3.336153e-01	3.334200e-01	3.333461e-01
2.822139760565079e-07	3.336159e-01	3.334260e-01	3.333457e-01
2.822341189136503e-07	3.336163e-01	3.334319e-01	3.333453e-01
2.822542617707926e-07	3.336167e-01	3.334378e-01	3.333449e-01
2.822744046279349e-07	3.336169e-01	3.334435e-01	3.333445e-01
2.822945474850773e-07	3.336171e-01	3.334492e-01	3.333442e-01
2.823146903422196e-07	3.336171e-01	3.334549e-01	3.333438e-01
2.823348331993620e-07	3.336170e-01	3.334605e-01	3.333435e-01
2.823694046279325e-07	3.336166e-01	3.334698e-01	3.333429e-01
2.824039760565031e-07	3.336159e-01	3.334789e-01	3.333423e-01
2.824385474850736e-07	3.336149e-01	3.334876e-01	3.333417e-01
2.824731189136442e-07	3.336136e-01	3.334959e-01	3.333411e-01
2.825076903422147e-07	3.336120e-01	3.335039e-01	3.333406e-01
2.825422617707853e-07	3.336100e-01	3.335115e-01	3.333400e-01
2.825768331993559e-07	3.336078e-01	3.335187e-01	3.333395e-01
2.825778331993558e-07	3.336077e-01	3.335189e-01	3.333395e-01
2.826209760564976e-07	3.336045e-01	3.335273e-01	3.333388e-01
2.826641189136394e-07	3.336009e-01	3.335350e-01	3.333382e-01
2.827072617707811e-07	3.335969e-01	3.335419e-01	3.333376e-01
2.827504046279229e-07	3.335925e-01	3.335481e-01	3.333370e-01
2.827935474850646e-07	3.335877e-01	3.335535e-01	3.333364e-01
2.828366903422064e-07	3.335825e-01	3.335582e-01	3.333359e-01
2.828798331993482e-07	3.335769e-01	3.335622e-01	3.333353e-01
2.829079760564903e-07	3.335731e-01	3.335643e-01	3.333349e-01
2.829361189136325e-07	3.335692e-01	3.335661e-01	3.333346e-01
2.829642617707746e-07	3.335652e-01	3.335676e-01	3.333343e-01
2.829924046279168e-07	3.335610e-01	3.335687e-01	3.333339e-01
2.830205474850589e-07	3.335567e-01	3.335695e-01	3.333336e-01
2.830486903422010e-07	3.335523e-01	3.335700e-01	3.333333e-01
2.830768331993432e-07	3.335478e-01	3.335702e-01	3.333330e-01
2.831081189136281e-07	3.335426e-01	3.335700e-01	3.333326e-01
2.831394046279130e-07	3.335373e-01	3.335695e-01	3.333323e-01
2.831706903421980e-07	3.335320e-01	3.335686e-01	3.333320e-01
2.832019760564829e-07	3.335265e-01	3.335673e-01	3.333316e-01
2.832332617707678e-07	3.335209e-01	3.335657e-01	3.333313e-01
2.832645474850527e-07	3.335153e-01	3.335637e-01	3.333310e-01
2.832958331993376e-07	3.335095e-01	3.335614e-01	3.333307e-01
2.833394046279080e-07	3.335013e-01	3.335575e-01	3.333303e-01
2.833829760564783e-07	3.334931e-01	3.335532e-01	3.333299e-01
2.834265474850486e-07	3.334847e-01	3.335483e-01	3.333295e-01
2.834701189136189e-07	3.334763e-01	3.335429e-01	3.333292e-01
2.835136903421893e-07	3.334678e-01	3.335370e-01	3.333288e-01
2.835572617707596e-07	3.334592e-01	3.335306e-01	3.333284e-01
2.836008331993299e-07	3.334505e-01	3.335236e-01	3.333281e-01
2.836018331993299e-07	3.334503e-01	3.335235e-01	3.333281e-01
2.836926903421847e-07	3.334319e-01	3.335072e-01	3.333274e-01
2.837835474850396e-07	3.334139e-01	3.334904e-01	3.333268e-01
2.838744046278944e-07	3.333962e-01	3.334730e-01	3.333262e-01
2.839652617707492e-07	3.333788e-01	3.334551e-01	3.333257e-01
2.840561189136041e-07	3.333617e-01	3.334366e-01	3.333252e-01
2.841469760564589e-07	3.333450e-01	3.334176e-01	3.333247e-01
2.842378331993138e-07	3.333285e-01	3.333981e-01	3.333243e-01
2.842931189135981e-07	3.333189e-01	3.333868e-01	3.333240e-01
2.843484046278824e-07	3.333096e-01	3.333758e-01	3.333238e-01
2.844036903421667e-07	3.333006e-01	3.333650e-01	3.333236e-01
2.844589760564510e-07	3.332918e-01	3.333546e-01	3.333234e-01
2.845142617707353e-07	3.332834e-01	3.333446e-01	3.333232e-01
2.845695474850197e-07	3.332752e-01	3.333348e-01	3.333230e-01
2.846248331993040e-07	3.332672e-01	3.333253e-01	3.333228e-01
2.846258331993039e-07	3.332671e-01	3.333251e-01	3.333228e-01
2.846938331993022e-07	3.332578e-01	3.333142e-01	3.333226e-01
2.847618331993005e-07	3.332490e-01	3.333039e-01	3.333224e-01
2.848298331992988e-07	3.332407e-01	3.332944e-01	3.333222e-01
2.848978331992970e-07	3.332329e-01	3.332857e-01	3.333221e-01
2.849658331992953e-07	3.332255e-01	3.332776e-01	3.333219e-01
2.850338331992936e-07	3.332187e-01	3.332704e-01	3.333218e-01
2.851018331992919e-07	3.332124e-01	3.332638e-01	3.333217e-01
2.851559760564334e-07	3.332077e-01	3.332592e-01	3.333216e-01
2.852101189135749e-07	3.332033e-01	3.332551e-01	3.333215e-01
2.852642617707163e-07	3.331992e-01	3.332514e-01	3.333215e-01
2.853184046278578e-07	3.331955e-01	3.332481e-01	3.333214e-01
2.853725474849993e-07	3.331920e-01	3.332454e-01	3.333214e-01
2.854266903421408e-07	3.331889e-01	3.332430e-01	3.333213e-01
2.854808331992823e-07	3.331861e-01	3.332412e-01	3.333213e-01
2.854896903421392e-07	3.331856e-01	3.332409e-01	3.333213e-01
2.854985474849961e-07	3.331852e-01	3.332407e-01	3.333213e-01
2.855074046278530e-07	3.331848e-01	3.332404e-01	3.333212e-01
2.855162617707100e-07	3.331844e-01	3.332402e-01	3.333212e-01
2.855251189135669e-07	3.331840e-01	3.332400e-01	3.333212e-01
2.855339760564238e-07	3.331836e-01	3.332398e-01	3.333212e-01
2.855428331992807e-07	3.331832e-01	3.332396e-01	3.333212e-01
2.855579760564232e-07	3.331826e-01	3.332392e-01	3.333213e-01
2.855731189135657e-07	3.331819e-01	3.332389e-01	3.333213e-01
2.855882617707081e-07	3.331813e-01	3.332387e-01	3.333214e-01
2.856034046278506e-07	3.331807e-01	3.332384e-01	3.333214e-01
2.856185474849931e-07	3.331802e-01	3.332382e-01	3.333215e-01
2.856336903421355e-07	3.331796e-01	3.332381e-01	3.333217e-01
2.856488331992780e-07	3.331791e-01	3.332379e-01	3.333218e-01
2.856498331992780e-07	3.331791e-01	3.332379e-01	3.333218e-01
2.856665474849919e-07	3.331786e-01	3.332378e-01	3.333221e-01
2.856832617707057e-07	3.331780e-01	3.332377e-01	3.333223e-01
2.856999760564196e-07	3.331776e-01	3.332377e-01	3.333227e-01
2.857166903421334e-07	3.331771e-01	3.332376e-01	3.333231e-01
2.857334046278473e-07	3.331767e-01	3.332377e-01	3.333235e-01
2.857501189135612e-07	3.331763e-01	3.332377e-01	3.333240e-01
2.857668331992750e-07	3.331759e-01	3.332378e-01	3.333246e-01
2.857884046278459e-07	3.331754e-01	3.332379e-01	3.333254e-01
2.858099760564168e-07	3.331750e-01	3.332381e-01	3.333264e-01
2.858315474849877e-07	3.331746e-01	3.332383e-01	3.333275e-01
2.858531189135586e-07	3.331743e-01	3.332386e-01	3.333287e-01
2.858746903421294e-07	3.331740e-01	3.332390e-01	3.333301e-01
2.858962617707003e-07	3.331738e-01	3.332394e-01	3.333316e-01
2.859178331992712e-07	3.331735e-01	3.332398e-01	3.333332e-01
2.859546903421274e-07	3.331733e-01	3.332406e-01	3.333363e-01
2.859915474849836e-07	3.331731e-01	3.332416e-01	3.333397e-01
2.860284046278398e-07	3.331731e-01	3.332426e-01	3.333433e-01
2.860652617706960e-07	3.331731e-01	3.332438e-01	3.333473e-01
2.861021189135523e-07	3.331733e-01	3.332450e-01	3.333516e-01
2.861389760564085e-07	3.331735e-01	3.332464e-01	3.333562e-01
2.861758331992647e-07	3.331739e-01	3.332479e-01	3.333611e-01
2.862296903421204e-07	3.331747e-01	3.332502e-01	3.333686e-01
2.862835474849762e-07	3.331756e-01	3.332526e-01	3.333763e-01
2.863374046278320e-07	3.331767e-01	3.332552e-01	3.333840e-01
2.863912617706878e-07	3.331780e-01	3.332579e-01	3.333919e-01
2.864451189135436e-07	3.331794e-01	3.332606e-01	3.333999e-01
2.864989760563993e-07	3.331811e-01	3.332635e-01	3.334080e-01
2.865528331992551e-07	3.331829e-01	3.332666e-01	3.334161e-01
2.865699760563975e-07	3.331835e-01	3.332675e-01	3.334186e-01
2.865871189135400e-07	3.331841e-01	3.332685e-01	3.334211e-01
2.866042617706824e-07	3.331848e-01	3.332695e-01	3.334236e-01
2.866214046278248e-07	3.331854e-01	3.332704e-01	3.334261e-01
2.866385474849672e-07	3.331861e-01	3.332714e-01	3.334285e-01
2.866556903421097e-07	3.331868e-01	3.332724e-01	3.334309e-01
2.866728331992521e-07	3.331875e-01	3.332734e-01	3.334333e-01
2.866738331992521e-07	3.331876e-01	3.332734e-01	3.334334e-01
2.867455474849645e-07	3.331907e-01	3.332777e-01	3.334433e-01
2.868172617706770e-07	3.331940e-01	3.332819e-01	3.334525e-01
2.868889760563895e-07	3.331974e-01	3.332860e-01	3.334610e-01
2.869606903421019e-07	3.332011e-01	3.332901e-01	3.334689e-01
2.870324046278144e-07	3.332049e-01	3.332941e-01	3.334762e-01
2.871041189135269e-07	3.332089e-01	3.332981e-01	3.334828e-01
2.871758331992393e-07	3.332131e-01	3.333021e-01	3.334888e-01
2.872376903420949e-07	3.332168e-01	3.333054e-01	3.334933e-01
2.872995474849505e-07	3.332206e-01	3.333086e-01	3.334972e-01
2.873614046278061e-07	3.332244e-01	3.333117e-01	3.335004e-01
2.874232617706616e-07	3.332282e-01	3.333146e-01	3.335030e-01
2.874851189135172e-07	3.332321e-01	3.333175e-01	3.335049e-01
2.875469760563728e-07	3.332361e-01	3.333202e-01	3.335063e-01
2.876088331992284e-07	3.332401e-01	3.333229e-01	3.335069e-01
2.876214046277995e-07	3.332409e-01	3.333234e-01	3.335070e-01
2.876339760563706e-07	3.332417e-01	3.333239e-01	3.335070e-01
2.876465474849417e-07	3.332425e-01	3.333244e-01	3.335070e-01
2.876591189135128e-07	3.332434e-01	3.333249e-01	3.335069e-01
2.876716903420839e-07	3.332442e-01	3.333254e-01	3.335069e-01
2.876842617706550e-07	3.332450e-01	3.333259e-01	3.335068e-01
2.876968331992261e-07	3.332458e-01	3.333263e-01	3.335067e-01
2.876978331992261e-07	3.332459e-01	3.333264e-01	3.335066e-01
2.877438331992249e-07	3.332489e-01	3.333281e-01	3.335059e-01
2.877898331992238e-07	3.332519e-01	3.333297e-01	3.335048e-01
2.878358331992226e-07	3.332549e-01	3.333313e-01	3.335034e-01
2.878818331992214e-07	3.332579e-01	3.333328e-01	3.335015e-01
2.879278331992203e-07	3.332608e-01	3.333342e-01	3.334992e-01
2.879738331992191e-07	3.332638e-01	3.333355e-01	3.334966e-01
2.880198331992180e-07	3.332668e-01	3.333368e-01	3.334936e-01
2.880879760563591e-07	3.332711e-01	3.333385e-01	3.334884e-01
2.881561189135002e-07	3.332754e-01	3.333401e-01	3.334824e-01
2.882242617706413e-07	3.332797e-01	3.333415e-01	3.334758e-01
2.882924046277825e-07	3.332838e-01	3.333428e-01	3.334685e-01
2.883605474849236e-07	3.332879e-01	3.333439e-01	3.334605e-01
2.884286903420647e-07	3.332920e-01	3.333449e-01	3.334517e-01
2.884968331992059e-07	3.332960e-01	3.333457e-01	3.334423e-01
2.885288331992051e-07	3.332978e-01	3.333460e-01	3.334378e-01
2.885608331992042e-07	3.332996e-01	3.333463e-01	3.334331e-01
2.885928331992034e-07	3.333014e-01	3.333466e-01	3.334284e-01
2.886248331992026e-07	3.333032e-01	3.333468e-01	3.334236e-01
2.886568331992018e-07	3.333050e-01	3.333471e-01	3.334187e-01
2.886888331992010e-07	3.333067e-01	3.333473e-01	3.334136e-01
2.887208331992002e-07	3.333084e-01	3.333475e-01	3.334085e-01
2.887218331992002e-07	3.333085e-01	3.333475e-01	3.334084e-01
2.887601189134849e-07	3.333105e-01	3.333476e-01	3.334023e-01
2.887984046277697e-07	3.333125e-01	3.333478e-01	3.333959e-01
2.888366903420544e-07	3.333144e-01	3.333479e-01	3.333891e-01
2.888749760563391e-07	3.333163e-01	3.333480e-01	3.333819e-01
2.889132617706239e-07	3.333182e-01	3.333480e-01	3.333742e-01
2.889515474849086e-07	3.333201e-01	3.333480e-01	3.333662e-01
2.889898331991934e-07	3.333219e-01	3.333480e-01	3.333578e-01
2.890216903420497e-07	3.333234e-01	3.333480e-01	3.333501e-01
2.890535474849060e-07	3.333249e-01	3.333479e-01	3.333420e-01
2.890854046277624e-07	3.333263e-01	3.333478e-01	3.333335e-01
2.891172617706187e-07	3.333277e-01	3.333478e-01	3.333246e-01
2.891491189134751e-07	3.333291e-01	3.333476e-01	3.333152e-01
2.891809760563314e-07	3.333305e-01	3.333475e-01	3.333054e-01
2.892128331991877e-07	3.333318e-01	3.333474e-01	3.332951e-01
2.892864046277573e-07	3.333348e-01	3.333470e-01	3.332689e-01
2.893599760563269e-07	3.333377e-01	3.333466e-01	3.332424e-01
2.894335474848964e-07	3.333404e-01	3.333461e-01	3.332157e-01
2.895071189134660e-07	3.333430e-01	3.333455e-01	3.331888e-01
2.895806903420355e-07	3.333455e-01	3.333449e-01	3.331618e-01
2.896542617706051e-07	3.333478e-01	3.333443e-01	3.331346e-01
2.897278331991747e-07	3.333500e-01	3.333435e-01	3.331071e-01
2.897458331991742e-07	3.333505e-01	3.333434e-01	3.331009e-01
2.897922617706016e-07	3.333518e-01	3.333429e-01	3.330853e-01
2.898386903420290e-07	3.333530e-01	3.333425e-01	3.330705e-01
2.898851189134564e-07	3.333542e-01	3.333420e-01	3.330565e-01
2.899315474848838e-07	3.333554e-01	3.333415e-01	3.330433e-01
2.899779760563112e-07	3.333565e-01	3.333410e-01	3.330309e-01
2.900244046277386e-07	3.333575e-01	3.333405e-01	3.330194e-01
2.900708331991660e-07	3.333585e-01	3.333400e-01	3.330087e-01
2.901171189134505e-07	3.333594e-01	3.333396e-01	3.329991e-01
2.901634046277351e-07	3.333603e-01	3.333391e-01	3.329904e-01
2.902096903420196e-07	3.333612e-01	3.333386e-01	3.329826e-01
2.902559760563042e-07	3.333620e-01	3.333381e-01	3.329757e-01
2.903022617705887e-07	3.333627e-01	3.333376e-01	3.329697e-01
2.903485474848732e-07	3.333634e-01	3.333371e-01	3.329646e-01
2.903948331991578e-07	3.333641e-01	3.333367e-01	3.329604e-01
2.904322617705854e-07	3.333646e-01	3.333363e-01	3.329577e-01
2.904696903420130e-07	3.333650e-01	3.333359e-01	3.329554e-01
2.905071189134406e-07	3.333655e-01	3.333355e-01	3.329536e-01
2.905445474848683e-07	3.333659e-01	3.333352e-01	3.329524e-01
2.905819760562959e-07	3.333663e-01	3.333348e-01	3.329516e-01
2.906194046277235e-07	3.333666e-01	3.333344e-01	3.329513e-01
2.906568331991511e-07	3.333670e-01	3.333341e-01	3.329515e-01
2.906728331991507e-07	3.333671e-01	3.333339e-01	3.329517e-01
2.906888331991503e-07	3.333672e-01	3.333338e-01	3.329520e-01
2.907048331991499e-07	3.333674e-01	3.333336e-01	3.329524e-01
2.907208331991495e-07	3.333675e-01	3.333335e-01	3.329528e-01
2.907368331991491e-07	3.333676e-01	3.333333e-01	3.329533e-01
2.907528331991487e-07	3.333677e-01	3.333332e-01	3.329539e-01
2.907688331991483e-07	3.333679e-01	3.333330e-01	3.329545e-01
2.907698331991483e-07	3.333679e-01	3.333330e-01	3.329546e-01
2.908355474848609e-07	3.333683e-01	3.333325e-01	3.329582e-01
2.909012617705735e-07	3.333686e-01	3.333319e-01	3.329627e-01
2.909669760562861e-07	3.333689e-01	3.333314e-01	3.329682e-01
2.910326903419988e-07	3.333691e-01	3.333309e-01	3.329745e-01
2.910984046277114e-07	3.333692e-01	3.333304e-01	3.329817e-01
2.911641189134240e-07	3.333693e-01	3.333300e-01	3.329899e-01
2.912298331991366e-07	3.333693e-01	3.333295e-01	3.329989e-01
2.913102617705632e-07	3.333692e-01	3.333290e-01	3.330109e-01
2.913906903419897e-07	3.333691e-01	3.333286e-01	3.330236e-01
2.914711189134162e-07	3.333689e-01	3.333281e-01	3.330369e-01
2.915515474848428e-07	3.333686e-01	3.333278e-01	3.330509e-01
2.916319760562693e-07	3.333683e-01	3.333274e-01	3.330656e-01
2.917124046276958e-07	3.333679e-01	3.333271e-01	3.330809e-01
2.917928331991224e-07	3.333674e-01	3.333268e-01	3.330970e-01
2.917938331991223e-07	3.333674e-01	3.333268e-01	3.330972e-01
2.919399760562615e-07	3.333664e-01	3.333265e-01	3.331279e-01
2.920861189134006e-07	3.333653e-01	3.333262e-01	3.331584e-01
2.922322617705398e-07	3.333641e-01	3.333260e-01	3.331889e-01
2.923784046276790e-07	3.333629e-01	3.333259e-01	3.332192e-01
2.925245474848181e-07	3.333615e-01	3.333259e-01	3.332494e-01
2.926706903419573e-07	3.333600e-01	3.333260e-01	3.332794e-01
2.928168331990964e-07	3.333585e-01	3.333261e-01	3.333094e-01
2.928178331990964e-07	3.333585e-01	3.333262e-01	3.333096e-01
2.929271189133793e-07	3.333573e-01	3.333263e-01	3.333305e-01
2.930364046276623e-07	3.333562e-01	3.333265e-01	3.333504e-01
2.931456903419452e-07	3.333550e-01	3.333267e-01	3.333692e-01
2.932549760562282e-07	3.333539e-01	3.333270e-01	3.333869e-01
2.933642617705111e-07	3.333527e-01	3.333272e-01	3.334036e-01
2.934735474847941e-07	3.333516e-01	3.333275e-01	3.334191e-01
2.935828331990770e-07	3.333504e-01	3.333278e-01	3.334335e-01
2.938418331990704e-07	3.333479e-01	3.333285e-01	3.334623e-01
2.939368331990680e-07	3.333470e-01	3.333288e-01	3.334709e-01
2.940318331990656e-07	3.333461e-01	3.333291e-01	3.334787e-01
2.941268331990632e-07	3.333452e-01	3.333294e-01	3.334856e-01
2.942218331990608e-07	3.333444e-01	3.333297e-01	3.334915e-01
2.943168331990584e-07	3.333435e-01	3.333300e-01	3.334965e-01
2.944118331990560e-07	3.333427e-01	3.333303e-01	3.335007e-01
2.945068331990536e-07	3.333420e-01	3.333305e-01	3.335039e-01
2.946108331990510e-07	3.333412e-01	3.333308e-01	3.335066e-01
2.946158331990508e-07	3.333411e-01	3.333309e-01	3.335067e-01
2.946208331990507e-07	3.333411e-01	3.333309e-01	3.335068e-01
2.946258331990506e-07	3.333410e-01	3.333309e-01	3.335069e-01
2.946308331990505e-07	3.333410e-01	3.333309e-01	3.335070e-01
2.946358331990503e-07	3.333409e-01	3.333309e-01	3.335071e-01
2.946408331990502e-07	3.333409e-01	3.333309e-01	3.335071e-01
2.946458331990501e-07	3.333408e-01	3.333310e-01	3.335072e-01
2.946524046276213e-07	3.333407e-01	3.333310e-01	3.335074e-01
2.946589760561926e-07	3.333407e-01	3.333310e-01	3.335075e-01
2.946655474847639e-07	3.333406e-01	3.333310e-01	3.335076e-01
2.946721189133351e-07	3.333404e-01	3.333310e-01	3.335077e-01
2.946786903419064e-07	3.333403e-01	3.333310e-01	3.335078e-01
2.946852617704776e-07	3.333402e-01	3.333310e-01	3.335079e-01
2.946918331990489e-07	3.333400e-01	3.333310e-01	3.335080e-01
2.947015474847629e-07	3.333397e-01	3.333310e-01	3.335081e-01
2.947112617704770e-07	3.333394e-01	3.333310e-01	3.335082e-01
2.947209760561910e-07	3.333391e-01	3.333310e-01	3.335084e-01
2.947306903419051e-07	3.333388e-01	3.333309e-01	3.335085e-01
2.947404046276191e-07	3.333384e-01	3.333308e-01	3.335086e-01
2.947501189133331e-07	3.333379e-01	3.333308e-01	3.335087e-01
2.947598331990472e-07	3.333375e-01	3.333307e-01	3.335088e-01
2.947718331990469e-07	3.333369e-01	3.333305e-01	3.335089e-01
2.947838331990466e-07	3.333362e-01	3.333304e-01	3.335090e-01
2.947958331990463e-07	3.333355e-01	3.333302e-01	3.335091e-01
2.948078331990460e-07	3.333348e-01	3.333299e-01	3.335092e-01
2.948198331990457e-07	3.333341e-01	3.333296e-01	3.335092e-01
2.948318331990454e-07	3.333333e-01	3.333293e-01	3.335093e-01
2.948438331990451e-07	3.333324e-01	3.333290e-01	3.335093e-01
2.948658331990445e-07	3.333308e-01	3.333282e-01	3.335094e-01
2.948821189133298e-07	3.333296e-01	3.333276e-01	3.335094e-01
2.948984046276151e-07	3.333283e-01	3.333269e-01	3.335094e-01
2.949146903419004e-07	3.333271e-01	3.333261e-01	3.335093e-01
2.949309760561857e-07	3.333258e-01	3.333252e-01	3.335093e-01
2.949472617704710e-07	3.333245e-01	3.333243e-01	3.335092e-01
2.949635474847563e-07	3.333232e-01	3.333233e-01	3.335092e-01
2.949798331990416e-07	3.333219e-01	3.333223e-01	3.335091e-01
2.949996903418983e-07	3.333203e-01	3.333209e-01	3.335089e-01
2.950195474847549e-07	3.333188e-01	3.333195e-01	3.335088e-01
2.950394046276115e-07	3.333173e-01	3.333181e-01	3.335086e-01
2.950592617704682e-07	3.333159e-01	3.333167e-01	3.335084e-01
2.950791189133248e-07	3.333145e-01	3.333152e-01	3.335081e-01
2.950989760561815e-07	3.333131e-01	3.333137e-01	3.335079e-01
2.951188331990381e-07	3.333118e-01	3.333121e-01	3.335076e-01
2.951404046276090e-07	3.333105e-01	3.333104e-01	3.335072e-01
2.951619760561799e-07	3.333092e-01	3.333088e-01	3.335069e-01
2.951835474847507e-07	3.333080e-01	3.333073e-01	3.335065e-01
2.952051189133216e-07	3.333068e-01	3.333058e-01	3.335060e-01
2.952266903418925e-07	3.333057e-01	3.333045e-01	3.335056e-01
2.952482617704634e-07	3.333047e-01	3.333032e-01	3.335051e-01
2.952698331990343e-07	3.333037e-01	3.333019e-01	3.335046e-01
2.952866903418910e-07	3.333029e-01	3.333011e-01	3.335042e-01
2.953035474847477e-07	3.333022e-01	3.333003e-01	3.335038e-01
2.953204046276044e-07	3.333015e-01	3.332996e-01	3.335034e-01
2.953372617704611e-07	3.333008e-01	3.332990e-01	3.335029e-01
2.953541189133178e-07	3.333001e-01	3.332985e-01	3.335025e-01
2.953709760561746e-07	3.332995e-01	3.332981e-01	3.335020e-01
2.953878331990313e-07	3.332988e-01	3.332977e-01	3.335015e-01
2.954018331990309e-07	3.332983e-01	3.332975e-01	3.335011e-01
2.954158331990306e-07	3.332977e-01	3.332974e-01	3.335007e-01
2.954298331990302e-07	3.332971e-01	3.332974e-01	3.335002e-01
2.954438331990299e-07	3.332966e-01	3.332974e-01	3.334998e-01
2.954578331990295e-07	3.332960e-01	3.332975e-01	3.334994e-01
2.954718331990291e-07	3.332954e-01	3.332976e-01	3.334989e-01
2.954858331990288e-07	3.332948e-01	3.332978e-01	3.334984e-01
2.955052617704569e-07	3.332940e-01	3.332982e-01	3.334978e-01
2.955246903418850e-07	3.332931e-01	3.332988e-01	3.334971e-01
2.955441189133130e-07	3.332922e-01	3.332994e-01	3.334964e-01
2.955635474847411e-07	3.332913e-01	3.333002e-01	3.334957e-01
2.955829760561692e-07	3.332903e-01	3.333011e-01	3.334950e-01
2.956024046275973e-07	3.332892e-01	3.333021e-01	3.334943e-01
2.956218331990253e-07	3.332882e-01	3.333032e-01	3.334935e-01
2.956502617704532e-07	3.332865e-01	3.333051e-01	3.334924e-01
2.956786903418811e-07	3.332847e-01	3.333071e-01	3.334912e-01
2.957071189133089e-07	3.332827e-01	3.333092e-01	3.334901e-01
2.957355474847368e-07	3.332806e-01	3.333115e-01	3.334889e-01
2.957639760561646e-07	3.332784e-01	3.333138e-01	3.334877e-01
2.957924046275925e-07	3.332761e-01	3.333163e-01	3.334864e-01
2.958208331990203e-07	3.332736e-01	3.333189e-01	3.334852e-01
2.958305474847343e-07	3.332728e-01	3.333198e-01	3.334847e-01
2.958402617704484e-07	3.332719e-01	3.333207e-01	3.334843e-01
2.958499760561624e-07	3.332710e-01	3.333216e-01	3.334838e-01
2.958596903418765e-07	3.332701e-01	3.333224e-01	3.334834e-01
2.958694046275905e-07	3.332692e-01	3.333233e-01	3.334829e-01
2.958791189133045e-07	3.332682e-01	3.333242e-01	3.334825e-01
2.958888331990186e-07	3.332672e-01	3.333251e-01	3.334820e-01
2.958898331990186e-07	3.332672e-01	3.333251e-01	3.334820e-01
2.959202617704464e-07	3.332640e-01	3.333279e-01	3.334806e-01
2.959506903418742e-07	3.332608e-01	3.333306e-01	3.334791e-01
2.959811189133020e-07	3.332575e-01	3.333331e-01	3.334776e-01
2.960115474847298e-07	3.332541e-01	3.333355e-01	3.334762e-01
2.960419760561576e-07	3.332506e-01	3.333377e-01	3.334746e-01
2.960724046275854e-07	3.332471e-01	3.333398e-01	3.334731e-01
2.961028331990132e-07	3.332434e-01	3.333417e-01	3.334715e-01
2.961251189132983e-07	3.332407e-01	3.333430e-01	3.334704e-01
2.961474046275835e-07	3.332380e-01	3.333442e-01	3.334693e-01
2.961696903418686e-07	3.332354e-01	3.333452e-01	3.334681e-01
2.961919760561538e-07	3.332327e-01	3.333460e-01	3.334669e-01
2.962142617704389e-07	3.332300e-01	3.333468e-01	3.334658e-01
2.962365474847241e-07	3.332273e-01	3.333474e-01	3.334646e-01
2.962588331990092e-07	3.332246e-01	3.333479e-01	3.334634e-01
2.962778331990087e-07	3.332224e-01	3.333482e-01	3.334624e-01
2.962968331990082e-07	3.332201e-01	3.333484e-01	3.334613e-01
2.963158331990078e-07	3.332180e-01	3.333485e-01	3.334603e-01
2.963348331990073e-07	3.332158e-01	3.333485e-01	3.334593e-01
2.963538331990068e-07	3.332137e-01	3.333484e-01	3.334583e-01
2.963728331990063e-07	3.332116e-01	3.333482e-01	3.334572e-01
2.963918331990058e-07	3.332095e-01	3.333479e-01	3.334562e-01
2.964184046275766e-07	3.332067e-01	3.333473e-01	3.334547e-01
2.964449760561473e-07	3.332040e-01	3.333465e-01	3.334532e-01
2.964715474847181e-07	3.332015e-01	3.333455e-01	3.334518e-01
2.964981189132889e-07	3.331990e-01	3.333444e-01	3.334503e-01
2.965246903418596e-07	3.331967e-01	3.333431e-01	3.334488e-01
2.965512617704304e-07	3.331946e-01	3.333417e-01	3.334473e-01
2.965778331990011e-07	3.331925e-01	3.333401e-01	3.334459e-01
2.966091189132860e-07	3.331903e-01	3.333380e-01	3.334441e-01
2.966404046275710e-07	3.331883e-01	3.333358e-01	3.334424e-01
2.966716903418559e-07	3.331865e-01	3.333335e-01	3.334406e-01
2.967029760561408e-07	3.331850e-01	3.333310e-01	3.334389e-01
2.967342617704257e-07	3.331837e-01	3.333285e-01	3.334371e-01
2.967655474847107e-07	3.331826e-01	3.333259e-01	3.334353e-01
2.967968331989956e-07	3.331818e-01	3.333231e-01	3.334336e-01
2.968134046275666e-07	3.331815e-01	3.333216e-01	3.334326e-01
2.968299760561376e-07	3.331812e-01	3.333202e-01	3.334317e-01
2.968465474847086e-07	3.331811e-01	3.333187e-01	3.334308e-01
2.968631189132796e-07	3.331809e-01	3.333173e-01	3.334298e-01
2.968796903418506e-07	3.331809e-01	3.333158e-01	3.334289e-01
2.968962617704216e-07	3.331809e-01	3.333144e-01	3.334280e-01
2.969128331989926e-07	3.331811e-01	3.333129e-01	3.334270e-01
2.969138331989926e-07	3.331811e-01	3.333128e-01	3.334270e-01
2.969444046275633e-07	3.331815e-01	3.333102e-01	3.334253e-01
2.969749760561339e-07	3.331822e-01	3.333076e-01	3.334236e-01
2.970055474847046e-07	3.331830e-01	3.333052e-01	3.334219e-01
2.970361189132752e-07	3.331842e-01	3.333028e-01	3.334202e-01
2.970666903418459e-07	3.331856e-01	3.333006e-01	3.334185e-01
2.970972617704165e-07	3.331872e-01	3.332985e-01	3.334168e-01
2.971278331989872e-07	3.331890e-01	3.332964e-01	3.334151e-01
2.971574046275579e-07	3.331911e-01	3.332946e-01	3.334135e-01
2.971869760561286e-07	3.331933e-01	3.332930e-01	3.334118e-01
2.972165474846992e-07	3.331957e-01	3.332916e-01	3.334102e-01
2.972461189132699e-07	3.331983e-01	3.332904e-01	3.334086e-01
2.972756903418406e-07	3.332011e-01	3.332893e-01	3.334070e-01
2.973052617704113e-07	3.332041e-01	3.332884e-01	3.334054e-01
2.973348331989819e-07	3.332072e-01	3.332877e-01	3.334038e-01
2.973591189132670e-07	3.332100e-01	3.332873e-01	3.334025e-01
2.973834046275521e-07	3.332128e-01	3.332871e-01	3.334012e-01
2.974076903418372e-07	3.332157e-01	3.332869e-01	3.333999e-01
2.974319760561223e-07	3.332188e-01	3.332870e-01	3.333987e-01
2.974562617704074e-07	3.332219e-01	3.332871e-01	3.333974e-01
2.974805474846925e-07	3.332251e-01	3.332875e-01	3.333961e-01
2.975048331989776e-07	3.332285e-01	3.332879e-01	3.333949e-01
2.975386903418339e-07	3.332333e-01	3.332888e-01	3.333931e-01
2.975725474846902e-07	3.332382e-01	3.332900e-01	3.333914e-01
2.976064046275465e-07	3.332432e-01	3.332914e-01	3.333896e-01
2.976402617704028e-07	3.332484e-01	3.332931e-01	3.333879e-01
2.976741189132591e-07	3.332537e-01	3.332950e-01	3.333862e-01
2.977079760561154e-07	3.332591e-01	3.332973e-01	3.333845e-01
2.977418331989716e-07	3.332647e-01	3.332997e-01	3.333828e-01
2.977526903418285e-07	3.332665e-01	3.333006e-01	3.333823e-01
2.977635474846854e-07	3.332683e-01	3.333014e-01	3.333818e-01
2.977744046275422e-07	3.332701e-01	3.333023e-01	3.333813e-01
2.977852617703991e-07	3.332719e-01	3.333032e-01	3.333807e-01
2.977961189132560e-07	3.332737e-01	3.333042e-01	3.333802e-01
2.978069760561128e-07	3.332755e-01	3.333051e-01	3.333797e-01
2.978178331989697e-07	3.332773e-01	3.333061e-01	3.333791e-01
2.978188331989697e-07	3.332775e-01	3.333061e-01	3.333791e-01
2.978198331989697e-07	3.332777e-01	3.333063e-01	3.333791e-01
2.978208331989696e-07	3.332779e-01	3.333063e-01	3.333790e-01
2.978218331989696e-07	3.332780e-01	3.333064e-01	3.333789e-01
2.978239760561124e-07	3.332784e-01	3.333066e-01	3.333788e-01
2.978261189132552e-07	3.332787e-01	3.333068e-01	3.333787e-01
2.978282617703980e-07	3.332791e-01	3.333070e-01	3.333786e-01
2.978304046275408e-07	3.332795e-01	3.333072e-01	3.333785e-01
2.978325474846836e-07	3.332798e-01	3.333074e-01	3.333784e-01
2.978346903418264e-07	3.332802e-01	3.333076e-01	3.333783e-01
2.978368331989692e-07	3.332805e-01	3.333078e-01	3.333782e-01
2.978448331989690e-07	3.332819e-01	3.333085e-01	3.333778e-01
2.978528331989688e-07	3.332833e-01	3.333093e-01	3.333775e-01
2.978608331989686e-07	3.332846e-01	3.333100e-01	3.333771e-01
2.978688331989684e-07	3.332860e-01	3.333106e-01	3.333767e-01
2.978768331989682e-07	3.332874e-01	3.333113e-01	3.333763e-01
2.978848331989680e-07	3.332887e-01	3.333119e-01	3.333759e-01
2.978928331989678e-07	3.332901e-01	3.333126e-01	3.333756e-01
2.979378331989667e-07	3.332978e-01	3.333156e-01	3.333735e-01
2.979479760561093e-07	3.332996e-01	3.333161e-01	3.333730e-01
2.979581189132519e-07	3.333014e-01	3.333166e-01	3.333725e-01
2.979682617703945e-07	3.333031e-01	3.333170e-01	3.333720e-01
2.979784046275371e-07	3.333049e-01	3.333175e-01	3.333716e-01
2.979885474846797e-07	3.333067e-01	3.333179e-01	3.333711e-01
2.979986903418223e-07	3.333084e-01	3.333182e-01	3.333706e-01
2.980088331989649e-07	3.333102e-01	3.333185e-01	3.333701e-01
2.980264046275359e-07	3.333133e-01	3.333190e-01	3.333694e-01
2.980439760561068e-07	3.333164e-01	3.333195e-01	3.333686e-01
2.980615474846778e-07	3.333195e-01	3.333200e-01	3.333678e-01
2.980791189132488e-07	3.333227e-01	3.333205e-01	3.333670e-01
2.980966903418198e-07	3.333258e-01	3.333211e-01	3.333662e-01
2.981142617703908e-07	3.333290e-01	3.333217e-01	3.333654e-01
2.981318331989618e-07	3.333322e-01	3.333223e-01	3.333646e-01
2.981451189132471e-07	3.333347e-01	3.333229e-01	3.333641e-01
2.981584046275325e-07	3.333372e-01	3.333236e-01	3.333635e-01
2.981716903418179e-07	3.333397e-01	3.333243e-01	3.333629e-01
2.981849760561033e-07	3.333422e-01	3.333252e-01	3.333623e-01
2.981982617703886e-07	3.333447e-01	3.333261e-01	3.333617e-01
2.982115474846740e-07	3.333473e-01	3.333271e-01	3.333612e-01
2.982248331989594e-07	3.333498e-01	3.333283e-01	3.333606e-01
2.982415474846733e-07	3.333531e-01	3.333299e-01	3.333599e-01
2.982582617703871e-07	3.333564e-01	3.333316e-01	3.333592e-01
2.982749760561010e-07	3.333598e-01	3.333336e-01	3.333585e-01
2.982916903418148e-07	3.333633e-01	3.333358e-01	3.333578e-01
2.983084046275287e-07	3.333667e-01	3.333382e-01	3.333571e-01
2.983251189132426e-07	3.333702e-01	3.333407e-01	3.333564e-01
2.983418331989564e-07	3.333738e-01	3.333435e-01	3.333557e-01
2.983665474846701e-07	3.333792e-01	3.333480e-01	3.333547e-01
2.983912617703838e-07	3.333847e-01	3.333528e-01	3.333537e-01
2.984159760560974e-07	3.333904e-01	3.333580e-01	3.333527e-01
2.984406903418111e-07	3.333961e-01	3.333636e-01	3.333517e-01
2.984654046275247e-07	3.334020e-01	3.333695e-01	3.333508e-01
2.984901189132384e-07	3.334081e-01	3.333757e-01	3.333498e-01
2.985148331989521e-07	3.334142e-01	3.333822e-01	3.333489e-01
2.985564046275224e-07	3.334249e-01	3.333941e-01	3.333473e-01
2.985979760560928e-07	3.334358e-01	3.334059e-01	3.333457e-01
2.986395474846632e-07	3.334469e-01	3.334176e-01	3.333442e-01
2.986811189132336e-07	3.334582e-01	3.334292e-01	3.333427e-01
2.987226903418039e-07	3.334697e-01	3.334407e-01	3.333412e-01
2.987642617703743e-07	3.334814e-01	3.334520e-01	3.333398e-01
2.988058331989447e-07	3.334933e-01	3.334633e-01	3.333384e-01
2.988279760560870e-07	3.334996e-01	3.334688e-01	3.333376e-01
2.988501189132293e-07	3.335059e-01	3.334740e-01	3.333369e-01
2.988722617703716e-07	3.335121e-01	3.334790e-01	3.333361e-01
2.988944046275139e-07	3.335183e-01	3.334837e-01	3.333354e-01
2.989165474846562e-07	3.335244e-01	3.334881e-01	3.333347e-01
2.989386903417985e-07	3.335306e-01	3.334922e-01	3.333340e-01
2.989608331989408e-07	3.335367e-01	3.334961e-01	3.333333e-01
2.989618331989407e-07	3.335369e-01	3.334962e-01	3.333333e-01
2.989846903417973e-07	3.335431e-01	3.334998e-01	3.333326e-01
2.990075474846539e-07	3.335492e-01	3.335031e-01	3.333319e-01
2.990304046275104e-07	3.335552e-01	3.335060e-01	3.333312e-01
2.990532617703670e-07	3.335610e-01	3.335085e-01	3.333305e-01
2.990761189132235e-07	3.335668e-01	3.335106e-01	3.333298e-01
2.990989760560801e-07	3.335724e-01	3.335124e-01	3.333291e-01
2.991218331989367e-07	3.335779e-01	3.335139e-01	3.333285e-01
2.991351189132221e-07	3.335810e-01	3.335145e-01	3.333281e-01
2.991484046275074e-07	3.335841e-01	3.335151e-01	3.333277e-01
2.991616903417928e-07	3.335871e-01	3.335155e-01	3.333273e-01
2.991749760560782e-07	3.335900e-01	3.335158e-01	3.333269e-01
2.991882617703636e-07	3.335929e-01	3.335160e-01	3.333266e-01
2.992015474846489e-07	3.335957e-01	3.335161e-01	3.333262e-01
2.992148331989343e-07	3.335985e-01	3.335160e-01	3.333258e-01
2.992369760560766e-07	3.336030e-01	3.335156e-01	3.333252e-01
2.992591189132189e-07	3.336073e-01	3.335150e-01	3.333246e-01
2.992812617703612e-07	3.336114e-01	3.335140e-01	3.333240e-01
2.993034046275035e-07	3.336153e-01	3.335128e-01	3.333235e-01
2.993255474846458e-07	3.336190e-01	3.335113e-01	3.333229e-01
2.993476903417881e-07	3.336225e-01	3.335095e-01	3.333223e-01
2.993698331989304e-07	3.336259e-01	3.335074e-01	3.333218e-01
2.994018331989296e-07	3.336303e-01	3.335039e-01	3.333210e-01
2.994338331989288e-07	3.336342e-01	3.335000e-01	3.333202e-01
2.994658331989280e-07	3.336377e-01	3.334957e-01	3.333194e-01
2.994978331989271e-07	3.336408e-01	3.334910e-01	3.333187e-01
2.995298331989263e-07	3.336434e-01	3.334860e-01	3.333179e-01
2.995618331989255e-07	3.336455e-01	3.334806e-01	3.333172e-01
2.995938331989247e-07	3.336472e-01	3.334748e-01	3.333165e-01
2.996099760560672e-07	3.336478e-01	3.334719e-01	3.333162e-01
2.996261189132096e-07	3.336484e-01	3.334689e-01	3.333158e-01
2.996422617703521e-07	3.336488e-01	3.334658e-01	3.333155e-01
2.996584046274945e-07	3.336491e-01	3.334627e-01	3.333151e-01
2.996745474846370e-07	3.336493e-01	3.334596e-01	3.333148e-01
2.996906903417794e-07	3.336494e-01	3.334564e-01	3.333145e-01
2.997068331989219e-07	3.336493e-01	3.334532e-01	3.333142e-01
2.997341189132069e-07	3.336490e-01	3.334477e-01	3.333136e-01
2.997614046274919e-07	3.336484e-01	3.334422e-01	3.333131e-01
2.997886903417769e-07	3.336475e-01	3.334367e-01	3.333125e-01
2.998159760560619e-07	3.336463e-01	3.334312e-01	3.333120e-01
2.998432617703470e-07	3.336447e-01	3.334258e-01	3.333115e-01
2.998705474846320e-07	3.336429e-01	3.334203e-01	3.333110e-01
2.998978331989170e-07	3.336408e-01	3.334148e-01	3.333105e-01
2.999102617703453e-07	3.336398e-01	3.334123e-01	3.333103e-01
2.999226903417735e-07	3.336387e-01	3.334099e-01	3.333101e-01
2.999351189132018e-07	3.336376e-01	3.334075e-01	3.333099e-01
2.999475474846300e-07	3.336364e-01	3.334051e-01	3.333097e-01
2.999599760560583e-07	3.336352e-01	3.334027e-01	3.333095e-01
2.999724046274866e-07	3.336339e-01	3.334004e-01	3.333093e-01
2.999848331989148e-07	3.336325e-01	3.333980e-01	3.333091e-01
2.999858331989148e-07	3.336324e-01	3.333978e-01	3.333091e-01
3.000285474846280e-07	3.336273e-01	3.333899e-01	3.333084e-01
3.000712617703412e-07	3.336218e-01	3.333823e-01	3.333077e-01
3.001139760560544e-07	3.336159e-01	3.333752e-01	3.333071e-01
3.001566903417676e-07	3.336096e-01	3.333684e-01	3.333065e-01
3.001994046274808e-07	3.336029e-01	3.333620e-01	3.333059e-01
3.002421189131940e-07	3.335957e-01	3.333559e-01	3.333053e-01
3.002848331989072e-07	3.335882e-01	3.333502e-01	3.333048e-01
3.003285474846204e-07	3.335802e-01	3.333450e-01	3.333043e-01
3.003722617703336e-07	3.335721e-01	3.333401e-01	3.333038e-01
3.004159760560467e-07	3.335638e-01	3.333357e-01	3.333033e-01
3.004596903417599e-07	3.335555e-01	3.333317e-01	3.333028e-01
3.005034046274731e-07	3.335471e-01	3.333281e-01	3.333024e-01
3.005471189131863e-07	3.335385e-01	3.333249e-01	3.333020e-01
3.005908331988995e-07	3.335298e-01	3.333222e-01	3.333016e-01
3.006505474846122e-07	3.335179e-01	3.333192e-01	3.333011e-01
3.007102617703250e-07	3.335063e-01	3.333167e-01	3.333006e-01
3.007699760560378e-07	3.334950e-01	3.333147e-01	3.333002e-01
3.008296903417505e-07	3.334839e-01	3.333132e-01	3.332998e-01
3.008894046274633e-07	3.334730e-01	3.333121e-01	3.332995e-01
3.009491189131761e-07	3.334624e-01	3.333116e-01	3.332992e-01
3.010088331988889e-07	3.334521e-01	3.333115e-01	3.332989e-01
3.010098331988888e-07	3.334519e-01	3.333115e-01	3.332989e-01
3.010432617703166e-07	3.334464e-01	3.333115e-01	3.332988e-01
3.010766903417443e-07	3.334409e-01	3.333116e-01	3.332987e-01
3.011101189131720e-07	3.334357e-01	3.333117e-01	3.332986e-01
3.011435474845997e-07	3.334305e-01	3.333119e-01	3.332985e-01
3.011769760560275e-07	3.334255e-01	3.333122e-01	3.332984e-01
3.012104046274552e-07	3.334206e-01	3.333124e-01	3.332983e-01
3.012438331988829e-07	3.334158e-01	3.333128e-01	3.332982e-01
3.012816903417391e-07	3.334106e-01	3.333132e-01	3.332981e-01
3.013195474845953e-07	3.334055e-01	3.333136e-01	3.332981e-01
3.013574046274515e-07	3.334006e-01	3.333140e-01	3.332980e-01
3.013952617703076e-07	3.333959e-01	3.333144e-01	3.332980e-01
3.014331189131638e-07	3.333913e-01	3.333149e-01	3.332980e-01
3.014709760560200e-07	3.333869e-01	3.333153e-01	3.332979e-01
3.015088331988762e-07	3.333827e-01	3.333157e-01	3.332979e-01
3.015461189131610e-07	3.333786e-01	3.333161e-01	3.332979e-01
3.015834046274457e-07	3.333747e-01	3.333164e-01	3.332980e-01
3.016206903417305e-07	3.333710e-01	3.333167e-01	3.332980e-01
3.016579760560153e-07	3.333673e-01	3.333170e-01	3.332980e-01
3.016952617703000e-07	3.333638e-01	3.333172e-01	3.332981e-01
3.017325474845848e-07	3.333604e-01	3.333174e-01	3.332981e-01
3.017698331988696e-07	3.333572e-01	3.333176e-01	3.332982e-01
3.018074046274401e-07	3.333539e-01	3.333177e-01	3.332983e-01
3.018449760560105e-07	3.333508e-01	3.333178e-01	3.332984e-01
3.018825474845810e-07	3.333478e-01	3.333178e-01	3.332985e-01
3.019201189131515e-07	3.333448e-01	3.333178e-01	3.332986e-01
3.019576903417220e-07	3.333420e-01	3.333178e-01	3.332987e-01
3.019952617702924e-07	3.333392e-01	3.333177e-01	3.332988e-01
3.020328331988629e-07	3.333365e-01	3.333175e-01	3.332989e-01
3.020338331988629e-07	3.333364e-01	3.333175e-01	3.332989e-01
3.021086903417181e-07	3.333312e-01	3.333171e-01	3.332992e-01
3.021835474845734e-07	3.333262e-01	3.333165e-01	3.332995e-01
3.022584046274286e-07	3.333212e-01	3.333159e-01	3.332998e-01
3.023332617702839e-07	3.333163e-01	3.333151e-01	3.333002e-01
3.024081189131391e-07	3.333114e-01	3.333142e-01	3.333006e-01
3.024829760559944e-07	3.333067e-01	3.333133e-01	3.333010e-01
3.025578331988496e-07	3.333021e-01	3.333122e-01	3.333014e-01
3.026291189131335e-07	3.332975e-01	3.333112e-01	3.333019e-01
3.027004046274174e-07	3.332930e-01	3.333102e-01	3.333023e-01
3.027716903417013e-07	3.332884e-01	3.333092e-01	3.333028e-01
3.028429760559853e-07	3.332838e-01	3.333082e-01	3.333032e-01
3.029142617702692e-07	3.332791e-01	3.333072e-01	3.333037e-01
3.029855474845531e-07	3.332744e-01	3.333062e-01	3.333042e-01
3.030568331988370e-07	3.332697e-01	3.333052e-01	3.333048e-01
3.030578331988370e-07	3.332696e-01	3.333052e-01	3.333048e-01
3.031358331988350e-07	3.332643e-01	3.333042e-01	3.333053e-01
3.032138331988330e-07	3.332590e-01	3.333033e-01	3.333059e-01
3.032918331988310e-07	3.332538e-01	3.333025e-01	3.333065e-01
3.033698331988290e-07	3.332486e-01	3.333017e-01	3.333071e-01
3.034478331988271e-07	3.332434e-01	3.333009e-01	3.333077e-01
3.035258331988251e-07	3.332382e-01	3.333002e-01	3.333083e-01
3.036038331988231e-07	3.332331e-01	3.332996e-01	3.333090e-01
3.036279760559654e-07	3.332315e-01	3.332994e-01	3.333091e-01
3.036521189131076e-07	3.332300e-01	3.332993e-01	3.333093e-01
3.036762617702499e-07	3.332284e-01	3.332991e-01	3.333095e-01
3.037004046273921e-07	3.332269e-01	3.332989e-01	3.333097e-01
3.037245474845343e-07	3.332254e-01	3.332988e-01	3.333099e-01
3.037486903416766e-07	3.332239e-01	3.332986e-01	3.333101e-01
3.037728331988188e-07	3.332224e-01	3.332985e-01	3.333103e-01
3.037831189131043e-07	3.332218e-01	3.332984e-01	3.333104e-01
3.037934046273897e-07	3.332212e-01	3.332984e-01	3.333105e-01
3.038036903416752e-07	3.332205e-01	3.332983e-01	3.333106e-01
3.038139760559606e-07	3.332199e-01	3.332983e-01	3.333107e-01
3.038242617702461e-07	3.332193e-01	3.332982e-01	3.333108e-01
3.038345474845316e-07	3.332187e-01	3.332981e-01	3.333109e-01
3.038448331988170e-07	3.332181e-01	3.332981e-01	3.333110e-01
3.038635474845308e-07	3.332170e-01	3.332980e-01	3.333112e-01
3.038822617702446e-07	3.332159e-01	3.332979e-01	3.333115e-01
3.039009760559584e-07	3.332148e-01	3.332978e-01	3.333118e-01
3.039196903416723e-07	3.332137e-01	3.332977e-01	3.333122e-01
3.039384046273861e-07	3.332127e-01	3.332976e-01	3.333126e-01
3.039571189130999e-07	3.332116e-01	3.332975e-01	3.333132e-01
3.039758331988137e-07	3.332106e-01	3.332975e-01	3.333137e-01
3.039908331988133e-07	3.332098e-01	3.332974e-01	3.333143e-01
3.040058331988129e-07	3.332089e-01	3.332973e-01	3.333149e-01
3.040208331988126e-07	3.332081e-01	3.332973e-01	3.333156e-01
3.040358331988122e-07	3.332073e-01	3.332972e-01	3.333164e-01
3.040508331988118e-07	3.332065e-01	3.332971e-01	3.333172e-01
3.040658331988114e-07	3.332058e-01	3.332971e-01	3.333181e-01
3.040808331988110e-07	3.332050e-01	3.332970e-01	3.333191e-01
3.040818331988110e-07	3.332050e-01	3.332970e-01	3.333192e-01
3.041051189130961e-07	3.332038e-01	3.332970e-01	3.333208e-01
3.041284046273813e-07	3.332026e-01	3.332969e-01	3.333227e-01
3.041516903416664e-07	3.332015e-01	3.332968e-01	3.333247e-01
3.041749760559515e-07	3.332004e-01	3.332967e-01	3.333270e-01
3.041982617702366e-07	3.331993e-01	3.332966e-01	3.333294e-01
3.042215474845218e-07	3.331982e-01	3.332966e-01	3.333319e-01
3.042448331988069e-07	3.331972e-01	3.332965e-01	3.333347e-01
3.043014046273769e-07	3.331948e-01	3.332964e-01	3.333424e-01
3.043579760559469e-07	3.331925e-01	3.332962e-01	3.333504e-01
3.044145474845169e-07	3.331904e-01	3.332961e-01	3.333587e-01
3.044711189130869e-07	3.331884e-01	3.332960e-01	3.333674e-01
3.045276903416569e-07	3.331867e-01	3.332959e-01	3.333764e-01
3.045842617702268e-07	3.331851e-01	3.332958e-01	3.333857e-01
3.046408331987968e-07	3.331836e-01	3.332957e-01	3.333953e-01
3.046808331987958e-07	3.331827e-01	3.332956e-01	3.334017e-01
3.047208331987948e-07	3.331819e-01	3.332956e-01	3.334079e-01
3.047608331987938e-07	3.331811e-01	3.332955e-01	3.334139e-01
3.048008331987928e-07	3.331805e-01	3.332955e-01	3.334197e-01
3.048408331987918e-07	3.331800e-01	3.332954e-01	3.334252e-01
3.048808331987908e-07	3.331795e-01	3.332954e-01	3.334306e-01
3.049208331987897e-07	3.331791e-01	3.332954e-01	3.334357e-01
3.049471189130748e-07	3.331789e-01	3.332954e-01	3.334389e-01
3.049734046273598e-07	3.331788e-01	3.332953e-01	3.334420e-01
3.049996903416449e-07	3.331787e-01	3.332953e-01	3.334449e-01
3.050259760559299e-07	3.331786e-01	3.332953e-01	3.334478e-01
3.050522617702150e-07	3.331785e-01	3.332953e-01	3.334505e-01
3.050785474845000e-07	3.331785e-01	3.332953e-01	3.334531e-01
3.051048331987851e-07	3.331786e-01	3.332953e-01	3.334556e-01
3.051058331987851e-07	3.331786e-01	3.332953e-01	3.334557e-01
3.051646903416407e-07	3.331788e-01	3.332953e-01	3.334608e-01
3.052235474844964e-07	3.331792e-01	3.332953e-01	3.334654e-01
3.052824046273520e-07	3.331798e-01	3.332953e-01	3.334695e-01
3.053412617702077e-07	3.331806e-01	3.332954e-01	3.334731e-01
3.054001189130633e-07	3.331816e-01	3.332954e-01	3.334762e-01
3.054589760559190e-07	3.331827e-01	3.332955e-01	3.334788e-01
3.055178331987746e-07	3.331840e-01	3.332956e-01	3.334809e-01
3.055516903416309e-07	3.331848e-01	3.332956e-01	3.334820e-01
3.055855474844872e-07	3.331857e-01	3.332957e-01	3.334828e-01
3.056194046273435e-07	3.331866e-01	3.332958e-01	3.334836e-01
3.056532617701998e-07	3.331876e-01	3.332958e-01	3.334841e-01
3.056871189130560e-07	3.331886e-01	3.332959e-01	3.334846e-01
3.057209760559123e-07	3.331897e-01	3.332960e-01	3.334849e-01
3.057548331987686e-07	3.331908e-01	3.332961e-01	3.334850e-01
3.058082617701958e-07	3.331927e-01	3.332962e-01	3.334849e-01
3.058616903416231e-07	3.331947e-01	3.332964e-01	3.334844e-01
3.059151189130503e-07	3.331968e-01	3.332966e-01	3.334835e-01
3.059685474844775e-07	3.331989e-01	3.332969e-01	3.334822e-01
3.060219760559047e-07	3.332012e-01	3.332971e-01	3.334804e-01
3.060754046273319e-07	3.332036e-01	3.332974e-01	3.334782e-01
3.061288331987591e-07	3.332061e-01	3.332977e-01	3.334756e-01
3.061298331987591e-07	3.332061e-01	3.332977e-01	3.334756e-01
3.061879760559005e-07	3.332089e-01	3.332980e-01	3.334722e-01
3.062461189130419e-07	3.332117e-01	3.332984e-01	3.334682e-01
3.063042617701833e-07	3.332146e-01	3.332988e-01	3.334637e-01
3.063624046273247e-07	3.332176e-01	3.332992e-01	3.334586e-01
3.064205474844660e-07	3.332207e-01	3.332997e-01	3.334529e-01
3.064786903416074e-07	3.332239e-01	3.333002e-01	3.334466e-01
3.065368331987488e-07	3.332271e-01	3.333007e-01	3.334398e-01
3.065978331987473e-07	3.332305e-01	3.333012e-01	3.334320e-01
3.066588331987457e-07	3.332340e-01	3.333018e-01	3.334237e-01
3.067198331987442e-07	3.332374e-01	3.333025e-01	3.334148e-01
3.067808331987426e-07	3.332410e-01	3.333031e-01	3.334055e-01
3.068418331987411e-07	3.332445e-01	3.333038e-01	3.333956e-01
3.069028331987395e-07	3.332481e-01	3.333045e-01	3.333852e-01
3.069638331987380e-07	3.332517e-01	3.333053e-01	3.333743e-01
3.069908331987373e-07	3.332533e-01	3.333056e-01	3.333694e-01
3.070178331987366e-07	3.332549e-01	3.333059e-01	3.333645e-01
3.070448331987359e-07	3.332565e-01	3.333063e-01	3.333595e-01
3.070718331987353e-07	3.332581e-01	3.333066e-01	3.333543e-01
3.070988331987346e-07	3.332596e-01	3.333070e-01	3.333490e-01
3.071258331987339e-07	3.332612e-01	3.333074e-01	3.333436e-01
3.071528331987332e-07	3.332628e-01	3.333077e-01	3.333381e-01
3.071538331987332e-07	3.332629e-01	3.333077e-01	3.333379e-01
3.071882617701609e-07	3.332649e-01	3.333082e-01	3.333307e-01
3.072226903415886e-07	3.332669e-01	3.333087e-01	3.333231e-01
3.072571189130163e-07	3.332689e-01	3.333092e-01	3.333153e-01
3.072915474844440e-07	3.332709e-01	3.333097e-01	3.333071e-01
3.073259760558717e-07	3.332729e-01	3.333102e-01	3.332986e-01
3.073604046272994e-07	3.332749e-01	3.333107e-01	3.332897e-01
3.073948331987271e-07	3.332769e-01	3.333112e-01	3.332806e-01
3.074842617701534e-07	3.332820e-01	3.333126e-01	3.332540e-01
3.075736903415797e-07	3.332870e-01	3.333140e-01	3.332271e-01
3.076631189130060e-07	3.332919e-01	3.333154e-01	3.331998e-01
3.077525474844323e-07	3.332967e-01	3.333169e-01	3.331723e-01
3.078419760558586e-07	3.333014e-01	3.333183e-01	3.331444e-01
3.079314046272849e-07	3.333060e-01	3.333198e-01	3.331161e-01
3.080208331987112e-07	3.333105e-01	3.333213e-01	3.330876e-01
3.080431189129964e-07	3.333115e-01	3.333217e-01	3.330810e-01
3.080654046272815e-07	3.333126e-01	3.333221e-01	3.330746e-01
3.080876903415667e-07	3.333137e-01	3.333225e-01	3.330682e-01
3.081099760558518e-07	3.333147e-01	3.333228e-01	3.330619e-01
3.081322617701370e-07	3.333158e-01	3.333232e-01	3.330558e-01
3.081545474844221e-07	3.333168e-01	3.333236e-01	3.330497e-01
3.081768331987073e-07	3.333179e-01	3.333240e-01	3.330438e-01
3.081778331987072e-07	3.333179e-01	3.333240e-01	3.330435e-01
3.082445474844198e-07	3.333210e-01	3.333251e-01	3.330264e-01
3.083112617701324e-07	3.333239e-01	3.333262e-01	3.330106e-01
3.083779760558450e-07	3.333268e-01	3.333273e-01	3.329961e-01
3.084446903415576e-07	3.333296e-01	3.333284e-01	3.329829e-01
3.085114046272702e-07	3.333323e-01	3.333295e-01	3.329710e-01
3.085781189129828e-07	3.333349e-01	3.333306e-01	3.329604e-01
3.086448331986954e-07	3.333374e-01	3.333317e-01	3.329511e-01
3.086968331986941e-07	3.333393e-01	3.333325e-01	3.329449e-01
3.087488331986928e-07	3.333411e-01	3.333333e-01	3.329396e-01
3.088008331986914e-07	3.333429e-01	3.333341e-01	3.329352e-01
3.088528331986901e-07	3.333446e-01	3.333349e-01	3.329317e-01
3.089048331986888e-07	3.333463e-01	3.333357e-01	3.329290e-01
3.089568331986875e-07	3.333479e-01	3.333364e-01	3.329273e-01
3.090088331986862e-07	3.333495e-01	3.333372e-01	3.329264e-01
3.090362617701141e-07	3.333503e-01	3.333376e-01	3.329263e-01
3.090636903415419e-07	3.333511e-01	3.333380e-01	3.329264e-01
3.090911189129698e-07	3.333518e-01	3.333383e-01	3.329268e-01
3.091185474843977e-07	3.333526e-01	3.333387e-01	3.329275e-01
3.091459760558256e-07	3.333533e-01	3.333391e-01	3.329283e-01
3.091734046272534e-07	3.333541e-01	3.333395e-01	3.329294e-01
3.092008331986813e-07	3.333548e-01	3.333398e-01	3.329308e-01
3.092018331986813e-07	3.333548e-01	3.333398e-01	3.329309e-01
3.092639760558226e-07	3.333564e-01	3.333406e-01	3.329349e-01
3.093261189129639e-07	3.333578e-01	3.333414e-01	3.329401e-01
3.093882617701051e-07	3.333592e-01	3.333422e-01	3.329464e-01
3.094504046272464e-07	3.333606e-01	3.333429e-01	3.329539e-01
3.095125474843877e-07	3.333619e-01	3.333436e-01	3.329625e-01
3.095746903415290e-07	3.333631e-01	3.333443e-01	3.329722e-01
3.096368331986703e-07	3.333642e-01	3.333450e-01	3.329830e-01
3.097208331986681e-07	3.333656e-01	3.333458e-01	3.329994e-01
3.098048331986660e-07	3.333669e-01	3.333466e-01	3.330171e-01
3.098888331986639e-07	3.333681e-01	3.333473e-01	3.330360e-01
3.099728331986618e-07	3.333691e-01	3.333480e-01	3.330562e-01
3.100568331986596e-07	3.333701e-01	3.333487e-01	3.330776e-01
3.101408331986575e-07	3.333709e-01	3.333493e-01	3.331002e-01
3.102248331986554e-07	3.333717e-01	3.333498e-01	3.331240e-01
3.102258331986553e-07	3.333717e-01	3.333498e-01	3.331243e-01
3.103349760557954e-07	3.333725e-01	3.333504e-01	3.331565e-01
3.104441189129355e-07	3.333731e-01	3.333510e-01	3.331884e-01
3.105532617700756e-07	3.333737e-01	3.333514e-01	3.332200e-01
3.106624046272157e-07	3.333741e-01	3.333518e-01	3.332513e-01
3.107715474843558e-07	3.333743e-01	3.333521e-01	3.332823e-01
3.108806903414959e-07	3.333744e-01	3.333524e-01	3.333130e-01
3.109898331986360e-07	3.333744e-01	3.333525e-01	3.333434e-01
3.110268331986350e-07	3.333744e-01	3.333526e-01	3.333532e-01
3.110638331986341e-07	3.333743e-01	3.333526e-01	3.333628e-01
3.111008331986332e-07	3.333743e-01	3.333526e-01	3.333722e-01
3.111378331986322e-07	3.333742e-01	3.333526e-01	3.333814e-01
3.111748331986313e-07	3.333742e-01	3.333526e-01	3.333904e-01
3.112118331986304e-07	3.333741e-01	3.333526e-01	3.333992e-01
3.112488331986294e-07	3.333740e-01	3.333526e-01	3.334079e-01
3.112498331986294e-07	3.333740e-01	3.333526e-01	3.334081e-01
3.113365474843415e-07	3.333737e-01	3.333526e-01	3.334276e-01
3.114232617700536e-07	3.333734e-01	3.333525e-01	3.334458e-01
3.115099760557657e-07	3.333730e-01	3.333524e-01	3.334628e-01
3.115966903414778e-07	3.333726e-01	3.333523e-01	3.334785e-01
3.116834046271898e-07	3.333722e-01	3.333521e-01	3.334929e-01
3.117701189129019e-07	3.333717e-01	3.333519e-01	3.335061e-01
3.118568331986140e-07	3.333712e-01	3.333516e-01	3.335180e-01
3.119162617700411e-07	3.333708e-01	3.333514e-01	3.335253e-01
3.119756903414682e-07	3.333704e-01	3.333513e-01	3.335322e-01
3.120351189128952e-07	3.333700e-01	3.333511e-01	3.335384e-01
3.120945474843223e-07	3.333696e-01	3.333509e-01	3.335441e-01
3.121539760557493e-07	3.333692e-01	3.333506e-01	3.335493e-01
3.122134046271764e-07	3.333687e-01	3.333504e-01	3.335539e-01
3.122728331986035e-07	3.333683e-01	3.333502e-01	3.335579e-01
3.122738331986035e-07	3.333682e-01	3.333502e-01	3.335580e-01
3.123629760557441e-07	3.333675e-01	3.333498e-01	3.335629e-01
3.124521189128847e-07	3.333668e-01	3.333494e-01	3.335670e-01
3.125412617700253e-07	3.333661e-01	3.333490e-01	3.335701e-01
3.126304046271658e-07	3.333654e-01	3.333486e-01	3.335723e-01
3.127195474843064e-07	3.333646e-01	3.333482e-01	3.335735e-01
3.128086903414470e-07	3.333639e-01	3.333477e-01	3.335738e-01
3.128978331985876e-07	3.333631e-01	3.333473e-01	3.335732e-01
3.129015474843018e-07	3.333631e-01	3.333473e-01	3.335732e-01
3.129052617700160e-07	3.333630e-01	3.333472e-01	3.335732e-01
3.129089760557302e-07	3.333630e-01	3.333472e-01	3.335731e-01
3.129126903414444e-07	3.333629e-01	3.333472e-01	3.335731e-01
3.129164046271586e-07	3.333629e-01	3.333472e-01	3.335730e-01
3.129201189128728e-07	3.333629e-01	3.333472e-01	3.335730e-01
3.129238331985870e-07	3.333628e-01	3.333472e-01	3.335730e-01
3.129278331985869e-07	3.333628e-01	3.333472e-01	3.335729e-01
3.129318331985868e-07	3.333628e-01	3.333472e-01	3.335729e-01
3.129358331985867e-07	3.333627e-01	3.333473e-01	3.335728e-01
3.129398331985866e-07	3.333627e-01	3.333473e-01	3.335727e-01
3.129438331985865e-07	3.333627e-01	3.333473e-01	3.335727e-01
3.129478331985864e-07	3.333626e-01	3.333473e-01	3.335726e-01
3.129518331985863e-07	3.333626e-01	3.333474e-01	3.335726e-01
3.129576903414433e-07	3.333626e-01	3.333474e-01	3.335725e-01
3.129635474843003e-07	3.333625e-01	3.333475e-01	3.335724e-01
3.129694046271573e-07	3.333625e-01	3.333476e-01	3.335723e-01
3.129752617700143e-07	3.333624e-01	3.333478e-01	3.335723e-01
3.129811189128712e-07	3.333624e-01	3.333479e-01	3.335722e-01
3.129869760557282e-07	3.333623e-01	3.333481e-01	3.335720e-01
3.129928331985852e-07	3.333623e-01	3.333483e-01	3.335719e-01
3.130022617700136e-07	3.333622e-01	3.333486e-01	3.335718e-01
3.130116903414419e-07	3.333621e-01	3.333490e-01	3.335716e-01
3.130211189128702e-07	3.333620e-01	3.333494e-01	3.335714e-01
3.130305474842986e-07	3.333619e-01	3.333499e-01	3.335712e-01
3.130399760557269e-07	3.333618e-01	3.333504e-01	3.335711e-01
3.130494046271552e-07	3.333617e-01	3.333510e-01	3.335708e-01
3.130588331985836e-07	3.333616e-01	3.333516e-01	3.335706e-01
3.130779760557259e-07	3.333614e-01	3.333529e-01	3.335702e-01
3.130971189128683e-07	3.333612e-01	3.333543e-01	3.335697e-01
3.131162617700107e-07	3.333609e-01	3.333556e-01	3.335692e-01
3.131354046271531e-07	3.333606e-01	3.333569e-01	3.335687e-01
3.131545474842954e-07	3.333603e-01	3.333583e-01	3.335681e-01
3.131736903414378e-07	3.333600e-01	3.333596e-01	3.335676e-01
3.131928331985802e-07	3.333596e-01	3.333609e-01	3.335670e-01
3.132044046271513e-07	3.333593e-01	3.333616e-01	3.335666e-01
3.132159760557224e-07	3.333590e-01	3.333623e-01	3.335662e-01
3.132275474842936e-07	3.333587e-01	3.333629e-01	3.335658e-01
3.132391189128647e-07	3.333584e-01	3.333634e-01	3.335654e-01
3.132506903414358e-07	3.333580e-01	3.333639e-01	3.335650e-01
3.132622617700070e-07	3.333576e-01	3.333643e-01	3.335646e-01
3.132738331985781e-07	3.333572e-01	3.333646e-01	3.335642e-01
3.132771189128638e-07	3.333571e-01	3.333647e-01	3.335641e-01
3.132804046271494e-07	3.333570e-01	3.333648e-01	3.335639e-01
3.132836903414350e-07	3.333569e-01	3.333648e-01	3.335638e-01
3.132869760557206e-07	3.333568e-01	3.333649e-01	3.335637e-01
3.132902617700063e-07	3.333566e-01	3.333650e-01	3.335636e-01
3.132935474842919e-07	3.333565e-01	3.333650e-01	3.335634e-01
3.132968331985775e-07	3.333564e-01	3.333651e-01	3.335633e-01
3.132978331985775e-07	3.333563e-01	3.333651e-01	3.335633e-01
3.133061189128630e-07	3.333560e-01	3.333652e-01	3.335630e-01
3.133144046271485e-07	3.333556e-01	3.333652e-01	3.335627e-01
3.133226903414340e-07	3.333552e-01	3.333652e-01	3.335623e-01
3.133309760557195e-07	3.333548e-01	3.333652e-01	3.335620e-01
3.133392617700050e-07	3.333544e-01	3.333651e-01	3.335617e-01
3.133475474842905e-07	3.333540e-01	3.333650e-01	3.335613e-01
3.133558331985760e-07	3.333535e-01	3.333648e-01	3.335610e-01
3.133689760557186e-07	3.333528e-01	3.333645e-01	3.335604e-01
3.133821189128611e-07	3.333520e-01	3.333640e-01	3.335599e-01
3.133952617700036e-07	3.333512e-01	3.333635e-01	3.335593e-01
3.134084046271461e-07	3.333503e-01	3.333628e-01	3.335587e-01
3.134215474842887e-07	3.333494e-01	3.333621e-01	3.335581e-01
3.134346903414312e-07	3.333484e-01	3.333612e-01	3.335575e-01
3.134478331985737e-07	3.333474e-01	3.333603e-01	3.335570e-01
3.134756903414301e-07	3.333451e-01	3.333579e-01	3.335556e-01
3.135035474842866e-07	3.333425e-01	3.333553e-01	3.335543e-01
3.135314046271430e-07	3.333398e-01	3.333525e-01	3.335529e-01
3.135592617699995e-07	3.333368e-01	3.333494e-01	3.335515e-01
3.135871189128559e-07	3.333337e-01	3.333462e-01	3.335501e-01
3.136149760557123e-07	3.333303e-01	3.333427e-01	3.335486e-01
3.136428331985688e-07	3.333268e-01	3.333389e-01	3.335471e-01
3.136682617699967e-07	3.333233e-01	3.333356e-01	3.335458e-01
3.136936903414246e-07	3.333198e-01	3.333323e-01	3.335444e-01
3.137191189128526e-07	3.333162e-01	3.333291e-01	3.335429e-01
3.137445474842805e-07	3.333125e-01	3.333261e-01	3.335415e-01
3.137699760557084e-07	3.333087e-01	3.333231e-01	3.335400e-01
3.137954046271363e-07	3.333048e-01	3.333203e-01	3.335386e-01
3.138208331985643e-07	3.333008e-01	3.333175e-01	3.335370e-01
3.138406903414209e-07	3.332977e-01	3.333156e-01	3.335359e-01
3.138605474842775e-07	3.332946e-01	3.333138e-01	3.335347e-01
3.138804046271342e-07	3.332915e-01	3.333121e-01	3.335335e-01
3.139002617699908e-07	3.332883e-01	3.333107e-01	3.335323e-01
3.139201189128475e-07	3.332852e-01	3.333093e-01	3.335310e-01
3.139399760557041e-07	3.332821e-01	3.333081e-01	3.335298e-01
3.139598331985607e-07	3.332790e-01	3.333071e-01	3.335286e-01
3.139744046271318e-07	3.332767e-01	3.333065e-01	3.335277e-01
3.139889760557029e-07	3.332745e-01	3.333059e-01	3.335267e-01
3.140035474842739e-07	3.332723e-01	3.333055e-01	3.335258e-01
3.140181189128450e-07	3.332701e-01	3.333051e-01	3.335249e-01
3.140326903414160e-07	3.332680e-01	3.333048e-01	3.335240e-01
3.140472617699871e-07	3.332659e-01	3.333046e-01	3.335230e-01
3.140618331985582e-07	3.332638e-01	3.333046e-01	3.335221e-01
3.140764046271292e-07	3.332617e-01	3.333046e-01	3.335212e-01
3.140909760557003e-07	3.332597e-01	3.333047e-01	3.335202e-01
3.141055474842713e-07	3.332577e-01	3.333048e-01	3.335193e-01
3.141201189128424e-07	3.332558e-01	3.333051e-01	3.335183e-01
3.141346903414135e-07	3.332539e-01	3.333055e-01	3.335174e-01
3.141492617699845e-07	3.332521e-01	3.333059e-01	3.335164e-01
3.141638331985556e-07	3.332503e-01	3.333064e-01	3.335155e-01
3.141862617699836e-07	3.332477e-01	3.333074e-01	3.335140e-01
3.142086903414116e-07	3.332452e-01	3.333085e-01	3.335125e-01
3.142311189128396e-07	3.332429e-01	3.333097e-01	3.335110e-01
3.142535474842676e-07	3.332407e-01	3.333111e-01	3.335095e-01
3.142759760556956e-07	3.332387e-01	3.333126e-01	3.335080e-01
3.142984046271236e-07	3.332368e-01	3.333143e-01	3.335065e-01
3.143208331985516e-07	3.332351e-01	3.333161e-01	3.335050e-01
3.143218331985516e-07	3.332350e-01	3.333161e-01	3.335049e-01
3.143452617699795e-07	3.332334e-01	3.333181e-01	3.335034e-01
3.143686903414075e-07	3.332319e-01	3.333202e-01	3.335018e-01
3.143921189128355e-07	3.332307e-01	3.333223e-01	3.335002e-01
3.144155474842635e-07	3.332297e-01	3.333244e-01	3.334986e-01
3.144389760556915e-07	3.332288e-01	3.333266e-01	3.334970e-01
3.144624046271194e-07	3.332282e-01	3.333289e-01	3.334954e-01
3.144858331985474e-07	3.332277e-01	3.333312e-01	3.334938e-01
3.145029760556898e-07	3.332275e-01	3.333328e-01	3.334927e-01
3.145201189128323e-07	3.332273e-01	3.333345e-01	3.334915e-01
3.145372617699747e-07	3.332273e-01	3.333361e-01	3.334903e-01
3.145544046271171e-07	3.332274e-01	3.333377e-01	3.334891e-01
3.145715474842595e-07	3.332276e-01	3.333393e-01	3.334880e-01
3.145886903414019e-07	3.332278e-01	3.333409e-01	3.334868e-01
3.146058331985444e-07	3.332282e-01	3.333425e-01	3.334856e-01
3.146352617699722e-07	3.332291e-01	3.333451e-01	3.334836e-01
3.146646903414000e-07	3.332302e-01	3.333475e-01	3.334816e-01
3.146941189128278e-07	3.332316e-01	3.333498e-01	3.334796e-01
3.147235474842557e-07	3.332332e-01	3.333520e-01	3.334776e-01
3.147529760556835e-07	3.332351e-01	3.333540e-01	3.334756e-01
3.147824046271113e-07	3.332373e-01	3.333558e-01	3.334735e-01
3.148118331985392e-07	3.332396e-01	3.333574e-01	3.334715e-01
3.148349760556814e-07	3.332416e-01	3.333586e-01	3.334700e-01
3.148581189128237e-07	3.332437e-01	3.333596e-01	3.334684e-01
3.148812617699660e-07	3.332460e-01	3.333604e-01	3.334668e-01
3.149044046271082e-07	3.332483e-01	3.333612e-01	3.334652e-01
3.149275474842505e-07	3.332507e-01	3.333618e-01	3.334637e-01
3.149506903413928e-07	3.332532e-01	3.333622e-01	3.334621e-01
3.149738331985350e-07	3.332558e-01	3.333626e-01	3.334605e-01
3.149936903413917e-07	3.332581e-01	3.333628e-01	3.334592e-01
3.150135474842483e-07	3.332605e-01	3.333628e-01	3.334578e-01
3.150334046271050e-07	3.332629e-01	3.333628e-01	3.334565e-01
3.150532617699616e-07	3.332653e-01	3.333627e-01	3.334551e-01
3.150731189128182e-07	3.332678e-01	3.333625e-01	3.334538e-01
3.150929760556749e-07	3.332703e-01	3.333622e-01	3.334525e-01
3.151128331985315e-07	3.332729e-01	3.333618e-01	3.334512e-01
3.151459760556735e-07	3.332772e-01	3.333609e-01	3.334489e-01
3.151791189128156e-07	3.332816e-01	3.333598e-01	3.334467e-01
3.152122617699576e-07	3.332860e-01	3.333585e-01	3.334445e-01
3.152454046270996e-07	3.332904e-01	3.333569e-01	3.334423e-01
3.152785474842416e-07	3.332948e-01	3.333552e-01	3.334401e-01
3.153116903413836e-07	3.332992e-01	3.333533e-01	3.334379e-01
3.153448331985256e-07	3.333037e-01	3.333511e-01	3.334358e-01
3.153458331985256e-07	3.333038e-01	3.333511e-01	3.334357e-01
3.153954046270958e-07	3.333103e-01	3.333475e-01	3.334325e-01
3.154449760556660e-07	3.333167e-01	3.333438e-01	3.334293e-01
3.154945474842361e-07	3.333228e-01	3.333399e-01	3.334261e-01
3.155441189128063e-07	3.333287e-01	3.333359e-01	3.334229e-01
3.155936903413765e-07	3.333343e-01	3.333318e-01	3.334198e-01
3.156432617699467e-07	3.333397e-01	3.333275e-01	3.334167e-01
3.156928331985168e-07	3.333449e-01	3.333231e-01	3.334136e-01
3.157401189128013e-07	3.333495e-01	3.333190e-01	3.334106e-01
3.157874046270859e-07	3.333538e-01	3.333150e-01	3.334077e-01
3.158346903413704e-07	3.333578e-01	3.333112e-01	3.334048e-01
3.158819760556549e-07	3.333616e-01	3.333075e-01	3.334020e-01
3.159292617699394e-07	3.333650e-01	3.333040e-01	3.333992e-01
3.159765474842239e-07	3.333682e-01	3.333007e-01	3.333964e-01
3.160238331985084e-07	3.333711e-01	3.332975e-01	3.333936e-01
3.161048331985064e-07	3.333755e-01	3.332926e-01	3.333889e-01
3.161058331985064e-07	3.333755e-01	3.332926e-01	3.333888e-01
3.161068331985063e-07	3.333755e-01	3.332926e-01	3.333888e-01
3.161078331985063e-07	3.333756e-01	3.332924e-01	3.333887e-01
3.161088331985063e-07	3.333756e-01	3.332922e-01	3.333887e-01
3.161098331985063e-07	3.333757e-01	3.332923e-01	3.333886e-01
3.161108331985062e-07	3.333758e-01	3.332923e-01	3.333885e-01
3.161118331985062e-07	3.333758e-01	3.332922e-01	3.333885e-01
3.161128331985062e-07	3.333758e-01	3.332922e-01	3.333884e-01
3.161211189127917e-07	3.333762e-01	3.332917e-01	3.333879e-01
3.161294046270772e-07	3.333766e-01	3.332913e-01	3.333875e-01
3.161376903413627e-07	3.333770e-01	3.332908e-01	3.333870e-01
3.161459760556482e-07	3.333774e-01	3.332904e-01	3.333865e-01
3.161542617699337e-07	3.333779e-01	3.332900e-01	3.333861e-01
3.161625474842192e-07	3.333783e-01	3.332896e-01	3.333856e-01
3.161708331985047e-07	3.333787e-01	3.332892e-01	3.333851e-01
3.161818331985044e-07	3.333793e-01	3.332887e-01	3.333845e-01
3.161928331985042e-07	3.333799e-01	3.332883e-01	3.333839e-01
3.162038331985039e-07	3.333806e-01	3.332878e-01	3.333833e-01
3.162148331985036e-07	3.333813e-01	3.332874e-01	3.333827e-01
3.162258331985033e-07	3.333820e-01	3.332870e-01	3.333820e-01
3.162368331985030e-07	3.333828e-01	3.332867e-01	3.333814e-01
3.162478331985028e-07	3.333835e-01	3.332863e-01	3.333808e-01
3.162584046270739e-07	3.333843e-01	3.332861e-01	3.333802e-01
3.162689760556451e-07	3.333851e-01	3.332858e-01	3.333796e-01
3.162795474842163e-07	3.333859e-01	3.332856e-01	3.333791e-01
3.162901189127874e-07	3.333868e-01	3.332855e-01	3.333785e-01
3.163006903413586e-07	3.333877e-01	3.332854e-01	3.333779e-01
3.163112617699297e-07	3.333885e-01	3.332853e-01	3.333773e-01
3.163218331985009e-07	3.333895e-01	3.332852e-01	3.333767e-01
3.163285474842150e-07	3.333901e-01	3.332852e-01	3.333764e-01
3.163352617699291e-07	3.333907e-01	3.332852e-01	3.333760e-01
3.163419760556432e-07	3.333913e-01	3.332853e-01	3.333756e-01
3.163486903413574e-07	3.333919e-01	3.332853e-01	3.333753e-01
3.163554046270715e-07	3.333925e-01	3.332854e-01	3.333749e-01
3.163621189127856e-07	3.333931e-01	3.332855e-01	3.333745e-01
3.163688331984997e-07	3.333937e-01	3.332856e-01	3.333742e-01
3.163698331984997e-07	3.333938e-01	3.332856e-01	3.333741e-01
3.163838331984993e-07	3.333952e-01	3.332859e-01	3.333734e-01
3.163978331984990e-07	3.333965e-01	3.332863e-01	3.333726e-01
3.164118331984986e-07	3.333978e-01	3.332867e-01	3.333719e-01
3.164258331984983e-07	3.333991e-01	3.332872e-01	3.333711e-01
3.164398331984979e-07	3.334004e-01	3.332878e-01	3.333704e-01
3.164538331984976e-07	3.334017e-01	3.332884e-01	3.333696e-01
3.164678331984972e-07	3.334030e-01	3.332891e-01	3.333689e-01
3.164885474842110e-07	3.334049e-01	3.332903e-01	3.333678e-01
3.165092617699247e-07	3.334068e-01	3.332916e-01	3.333667e-01
3.165299760556385e-07	3.334086e-01	3.332930e-01	3.333656e-01
3.165506903413522e-07	3.334103e-01	3.332944e-01	3.333646e-01
3.165714046270660e-07	3.334120e-01	3.332960e-01	3.333635e-01
3.165921189127798e-07	3.334136e-01	3.332976e-01	3.333625e-01
3.166128331984935e-07	3.334151e-01	3.332994e-01	3.333614e-01
3.166354046270644e-07	3.334167e-01	3.333013e-01	3.333603e-01
3.166579760556352e-07	3.334182e-01	3.333032e-01	3.333592e-01
3.166805474842061e-07	3.334196e-01	3.333050e-01	3.333580e-01
3.167031189127769e-07	3.334210e-01	3.333069e-01	3.333569e-01
3.167256903413478e-07	3.334223e-01	3.333087e-01	3.333558e-01
3.167482617699187e-07	3.334235e-01	3.333104e-01	3.333547e-01
3.167708331984895e-07	3.334247e-01	3.333122e-01	3.333536e-01
3.167905474842033e-07	3.334256e-01	3.333136e-01	3.333527e-01
3.168102617699171e-07	3.334266e-01	3.333149e-01	3.333517e-01
3.168299760556309e-07	3.334275e-01	3.333161e-01	3.333508e-01
3.168496903413447e-07	3.334284e-01	3.333172e-01	3.333499e-01
3.168694046270585e-07	3.334293e-01	3.333183e-01	3.333489e-01
3.168891189127722e-07	3.334302e-01	3.333192e-01	3.333480e-01
3.169088331984860e-07	3.334311e-01	3.333201e-01	3.333471e-01
3.169244046270571e-07	3.334318e-01	3.333206e-01	3.333464e-01
3.169399760556281e-07	3.334325e-01	3.333211e-01	3.333457e-01
3.169555474841991e-07	3.334332e-01	3.333216e-01	3.333450e-01
3.169711189127702e-07	3.334339e-01	3.333219e-01	3.333443e-01
3.169866903413412e-07	3.334347e-01	3.333222e-01	3.333436e-01
3.170022617699122e-07	3.334355e-01	3.333224e-01	3.333429e-01
3.170178331984833e-07	3.334363e-01	3.333226e-01	3.333422e-01
3.170314046270543e-07	3.334370e-01	3.333227e-01	3.333416e-01
3.170449760556254e-07	3.334377e-01	3.333227e-01	3.333410e-01
3.170585474841965e-07	3.334385e-01	3.333227e-01	3.333404e-01
3.170721189127676e-07	3.334393e-01	3.333226e-01	3.333398e-01
3.170856903413387e-07	3.334401e-01	3.333225e-01	3.333392e-01
3.170992617699098e-07	3.334409e-01	3.333223e-01	3.333386e-01
3.171128331984809e-07	3.334418e-01	3.333221e-01	3.333381e-01
3.171384046270516e-07	3.334435e-01	3.333216e-01	3.333370e-01
3.171639760556224e-07	3.334453e-01	3.333209e-01	3.333359e-01
3.171895474841932e-07	3.334473e-01	3.333202e-01	3.333348e-01
3.172151189127640e-07	3.334494e-01	3.333194e-01	3.333337e-01
3.172406903413348e-07	3.334516e-01	3.333185e-01	3.333327e-01
3.172662617699055e-07	3.334539e-01	3.333175e-01	3.333317e-01
3.172918331984763e-07	3.334563e-01	3.333164e-01	3.333306e-01
3.173062617699045e-07	3.334577e-01	3.333158e-01	3.333301e-01
3.173206903413327e-07	3.334592e-01	3.333151e-01	3.333295e-01
3.173351189127609e-07	3.334607e-01	3.333145e-01	3.333289e-01
3.173495474841891e-07	3.334622e-01	3.333139e-01	3.333284e-01
3.173639760556173e-07	3.334638e-01	3.333133e-01	3.333278e-01
3.173784046270456e-07	3.334654e-01	3.333127e-01	3.333272e-01
3.173928331984738e-07	3.334671e-01	3.333121e-01	3.333267e-01
3.173938331984737e-07	3.334672e-01	3.333120e-01	3.333266e-01
3.174178331984731e-07	3.334700e-01	3.333110e-01	3.333257e-01
3.174418331984725e-07	3.334730e-01	3.333101e-01	3.333248e-01
3.174658331984719e-07	3.334759e-01	3.333093e-01	3.333240e-01
3.174898331984713e-07	3.334790e-01	3.333085e-01	3.333231e-01
3.175138331984707e-07	3.334821e-01	3.333078e-01	3.333222e-01
3.175378331984701e-07	3.334854e-01	3.333072e-01	3.333213e-01
3.175618331984695e-07	3.334886e-01	3.333067e-01	3.333205e-01
3.175772617698977e-07	3.334908e-01	3.333064e-01	3.333199e-01
3.175926903413258e-07	3.334929e-01	3.333062e-01	3.333194e-01
3.176081189127540e-07	3.334951e-01	3.333061e-01	3.333189e-01
3.176235474841822e-07	3.334972e-01	3.333060e-01	3.333183e-01
3.176389760556104e-07	3.334994e-01	3.333060e-01	3.333178e-01
3.176544046270386e-07	3.335016e-01	3.333060e-01	3.333173e-01
3.176698331984667e-07	3.335038e-01	3.333061e-01	3.333167e-01
3.176896903413234e-07	3.335066e-01	3.333063e-01	3.333161e-01
3.177095474841800e-07	3.335095e-01	3.333066e-01	3.333154e-01
3.177294046270367e-07	3.335123e-01	3.333070e-01	3.333148e-01
3.177492617698933e-07	3.335151e-01	3.333075e-01	3.333141e-01
3.177691189127499e-07	3.335179e-01	3.333081e-01	3.333135e-01
3.177889760556066e-07	3.335207e-01	3.333089e-01	3.333129e-01
3.178088331984632e-07	3.335234e-01	3.333097e-01	3.333122e-01
3.178388331984625e-07	3.335276e-01	3.333113e-01	3.333113e-01
3.178688331984617e-07	3.335316e-01	3.333130e-01	3.333104e-01
3.178988331984609e-07	3.335354e-01	3.333150e-01	3.333095e-01
3.179288331984602e-07	3.335392e-01	3.333172e-01	3.333086e-01
3.179588331984594e-07	3.335428e-01	3.333196e-01	3.333078e-01
3.179888331984587e-07	3.335463e-01	3.333222e-01	3.333069e-01
3.180188331984579e-07	3.335497e-01	3.333251e-01	3.333061e-01
3.180556903413141e-07	3.335536e-01	3.333290e-01	3.333051e-01
3.180925474841703e-07	3.335571e-01	3.333330e-01	3.333041e-01
3.181294046270265e-07	3.335604e-01	3.333372e-01	3.333031e-01
3.181662617698827e-07	3.335632e-01	3.333415e-01	3.333022e-01
3.182031189127389e-07	3.335658e-01	3.333461e-01	3.333013e-01
3.182399760555952e-07	3.335680e-01	3.333508e-01	3.333004e-01
3.182768331984514e-07	3.335698e-01	3.333557e-01	3.332995e-01
3.182968331984509e-07	3.335707e-01	3.333584e-01	3.332991e-01
3.183168331984504e-07	3.335714e-01	3.333610e-01	3.332986e-01
3.183368331984498e-07	3.335720e-01	3.333636e-01	3.332982e-01
3.183568331984493e-07	3.335724e-01	3.333663e-01	3.332977e-01
3.183768331984488e-07	3.335728e-01	3.333689e-01	3.332973e-01
3.183968331984483e-07	3.335730e-01	3.333715e-01	3.332969e-01
3.184168331984478e-07	3.335732e-01	3.333741e-01	3.332964e-01
3.184178331984478e-07	3.335732e-01	3.333743e-01	3.332964e-01
3.184389760555901e-07	3.335732e-01	3.333770e-01	3.332960e-01
3.184601189127324e-07	3.335730e-01	3.333797e-01	3.332956e-01
3.184812617698748e-07	3.335728e-01	3.333823e-01	3.332951e-01
3.185024046270171e-07	3.335723e-01	3.333849e-01	3.332947e-01
3.185235474841594e-07	3.335718e-01	3.333874e-01	3.332943e-01
3.185446903413017e-07	3.335711e-01	3.333899e-01	3.332939e-01
3.185658331984440e-07	3.335703e-01	3.333923e-01	3.332935e-01
3.186035474841574e-07	3.335685e-01	3.333965e-01	3.332928e-01
3.186412617698707e-07	3.335664e-01	3.334004e-01	3.332922e-01
3.186789760555840e-07	3.335638e-01	3.334039e-01	3.332915e-01
3.187166903412974e-07	3.335608e-01	3.334072e-01	3.332909e-01
3.187544046270107e-07	3.335575e-01	3.334102e-01	3.332903e-01
3.187921189127240e-07	3.335538e-01	3.334128e-01	3.332898e-01
3.188298331984374e-07	3.335496e-01	3.334152e-01	3.332892e-01
3.188565474841510e-07	3.335465e-01	3.334166e-01	3.332889e-01
3.188832617698646e-07	3.335433e-01	3.334178e-01	3.332885e-01
3.189099760555782e-07	3.335398e-01	3.334188e-01	3.332881e-01
3.189366903412918e-07	3.335362e-01	3.334197e-01	3.332878e-01
3.189634046270054e-07	3.335325e-01	3.334203e-01	3.332875e-01
3.189901189127190e-07	3.335286e-01	3.334208e-01	3.332871e-01
3.190168331984326e-07	3.335246e-01	3.334211e-01	3.332868e-01
3.190382617698606e-07	3.335212e-01	3.334211e-01	3.332866e-01
3.190596903412887e-07	3.335178e-01	3.334211e-01	3.332864e-01
3.190811189127167e-07	3.335143e-01	3.334209e-01	3.332861e-01
3.191025474841447e-07	3.335107e-01	3.334206e-01	3.332859e-01
3.191239760555728e-07	3.335071e-01	3.334202e-01	3.332857e-01
3.191454046270008e-07	3.335033e-01	3.334197e-01	3.332855e-01
3.191668331984288e-07	3.334995e-01	3.334191e-01	3.332853e-01
3.192059760555707e-07	3.334924e-01	3.334176e-01	3.332849e-01
3.192451189127125e-07	3.334851e-01	3.334158e-01	3.332846e-01
3.192842617698544e-07	3.334776e-01	3.334137e-01	3.332843e-01
3.193234046269963e-07	3.334700e-01	3.334112e-01	3.332840e-01
3.193625474841381e-07	3.334622e-01	3.334084e-01	3.332837e-01
3.194016903412800e-07	3.334543e-01	3.334054e-01	3.332835e-01
3.194408331984219e-07	3.334463e-01	3.334019e-01	3.332832e-01
3.194418331984218e-07	3.334461e-01	3.334019e-01	3.332832e-01
3.195249760555626e-07	3.334284e-01	3.333933e-01	3.332828e-01
3.196081189127033e-07	3.334109e-01	3.333846e-01	3.332825e-01
3.196912617698441e-07	3.333934e-01	3.333755e-01	3.332823e-01
3.197744046269849e-07	3.333761e-01	3.333661e-01	3.332821e-01
3.198575474841256e-07	3.333588e-01	3.333565e-01	3.332820e-01
3.199406903412664e-07	3.333417e-01	3.333466e-01	3.332820e-01
3.200238331984071e-07	3.333246e-01	3.333364e-01	3.332821e-01
3.200776903412629e-07	3.333140e-01	3.333302e-01	3.332821e-01
3.201315474841187e-07	3.333037e-01	3.333245e-01	3.332822e-01
3.201854046269744e-07	3.332936e-01	3.333190e-01	3.332824e-01
3.202392617698302e-07	3.332838e-01	3.333139e-01	3.332825e-01
3.202931189126860e-07	3.332743e-01	3.333091e-01	3.332827e-01
3.203469760555418e-07	3.332651e-01	3.333047e-01	3.332829e-01
3.204008331983976e-07	3.332562e-01	3.333005e-01	3.332832e-01
3.204658331983959e-07	3.332459e-01	3.332962e-01	3.332835e-01
3.205079760555377e-07	3.332395e-01	3.332937e-01	3.332837e-01
3.205501189126795e-07	3.332333e-01	3.332915e-01	3.332839e-01
3.205922617698213e-07	3.332273e-01	3.332896e-01	3.332842e-01
3.206344046269631e-07	3.332216e-01	3.332879e-01	3.332844e-01
3.206765474841049e-07	3.332161e-01	3.332865e-01	3.332847e-01
3.207186903412466e-07	3.332108e-01	3.332854e-01	3.332850e-01
3.207608331983884e-07	3.332057e-01	3.332846e-01	3.332853e-01
3.207992617698160e-07	3.332013e-01	3.332841e-01	3.332856e-01
3.208376903412436e-07	3.331971e-01	3.332838e-01	3.332859e-01
3.208761189126712e-07	3.331930e-01	3.332837e-01	3.332862e-01
3.209145474840988e-07	3.331892e-01	3.332838e-01	3.332865e-01
3.209529760555264e-07	3.331856e-01	3.332841e-01	3.332868e-01
3.209914046269540e-07	3.331821e-01	3.332846e-01	3.332871e-01
3.210298331983816e-07	3.331789e-01	3.332853e-01	3.332874e-01
3.210954046269514e-07	3.331738e-01	3.332870e-01	3.332880e-01
3.211609760555211e-07	3.331693e-01	3.332892e-01	3.332886e-01
3.212265474840909e-07	3.331653e-01	3.332916e-01	3.332892e-01
3.212921189126607e-07	3.331618e-01	3.332945e-01	3.332899e-01
3.213576903412305e-07	3.331589e-01	3.332977e-01	3.332905e-01
3.214232617698002e-07	3.331565e-01	3.333013e-01	3.332912e-01
3.214888331983700e-07	3.331547e-01	3.333053e-01	3.332918e-01
3.214898331983700e-07	3.331546e-01	3.333054e-01	3.332919e-01
3.215629760555110e-07	3.331532e-01	3.333100e-01	3.332926e-01
3.216361189126520e-07	3.331523e-01	3.333148e-01	3.332934e-01
3.217092617697930e-07	3.331519e-01	3.333195e-01	3.332942e-01
3.217824046269340e-07	3.331521e-01	3.333243e-01	3.332950e-01
3.218555474840750e-07	3.331528e-01	3.333292e-01	3.332958e-01
3.219286903412160e-07	3.331540e-01	3.333341e-01	3.332966e-01
3.220018331983570e-07	3.331558e-01	3.333390e-01	3.332975e-01
3.220125474840710e-07	3.331561e-01	3.333397e-01	3.332976e-01
3.220232617697850e-07	3.331564e-01	3.333403e-01	3.332977e-01
3.220339760554990e-07	3.331567e-01	3.333410e-01	3.332978e-01
3.220446903412130e-07	3.331570e-01	3.333417e-01	3.332980e-01
3.220554046269271e-07	3.331573e-01	3.333424e-01	3.332981e-01
3.220661189126411e-07	3.331576e-01	3.333430e-01	3.332982e-01
3.220768331983551e-07	3.331580e-01	3.333437e-01	3.332984e-01
3.220899760554976e-07	3.331584e-01	3.333445e-01	3.332985e-01
3.221031189126401e-07	3.331589e-01	3.333453e-01	3.332987e-01
3.221162617697827e-07	3.331593e-01	3.333461e-01	3.332988e-01
3.221294046269252e-07	3.331598e-01	3.333469e-01	3.332990e-01
3.221425474840677e-07	3.331603e-01	3.333477e-01	3.332992e-01
3.221556903412102e-07	3.331608e-01	3.333485e-01	3.332994e-01
3.221688331983528e-07	3.331613e-01	3.333492e-01	3.332997e-01
3.221862617697809e-07	3.331620e-01	3.333502e-01	3.333000e-01
3.222036903412090e-07	3.331627e-01	3.333512e-01	3.333004e-01
3.222211189126371e-07	3.331635e-01	3.333522e-01	3.333009e-01
3.222385474840653e-07	3.331642e-01	3.333532e-01	3.333014e-01
3.222559760554934e-07	3.331650e-01	3.333541e-01	3.333021e-01
3.222734046269215e-07	3.331658e-01	3.333550e-01	3.333027e-01
3.222908331983497e-07	3.331666e-01	3.333560e-01	3.333035e-01
3.223099760554920e-07	3.331676e-01	3.333570e-01	3.333044e-01
3.223291189126344e-07	3.331685e-01	3.333579e-01	3.333055e-01
3.223482617697768e-07	3.331695e-01	3.333589e-01	3.333067e-01
3.223674046269192e-07	3.331705e-01	3.333598e-01	3.333080e-01
3.223865474840615e-07	3.331715e-01	3.333607e-01	3.333094e-01
3.224056903412039e-07	3.331725e-01	3.333616e-01	3.333110e-01
3.224248331983463e-07	3.331736e-01	3.333624e-01	3.333127e-01
3.224374046269174e-07	3.331743e-01	3.333630e-01	3.333138e-01
3.224499760554885e-07	3.331750e-01	3.333635e-01	3.333151e-01
3.224625474840596e-07	3.331757e-01	3.333640e-01	3.333164e-01
3.224751189126307e-07	3.331764e-01	3.333646e-01	3.333177e-01
3.224876903412018e-07	3.331772e-01	3.333651e-01	3.333191e-01
3.225002617697729e-07	3.331779e-01	3.333656e-01	3.333206e-01
3.225128331983440e-07	3.331787e-01	3.333661e-01	3.333221e-01
3.225138331983440e-07	3.331787e-01	3.333661e-01	3.333222e-01
3.225728331983425e-07	3.331824e-01	3.333683e-01	3.333304e-01
3.226318331983410e-07	3.331862e-01	3.333702e-01	3.333391e-01
3.226908331983395e-07	3.331901e-01	3.333719e-01	3.333481e-01
3.227498331983380e-07	3.331941e-01	3.333734e-01	3.333575e-01
3.228088331983365e-07	3.331982e-01	3.333746e-01	3.333673e-01
3.228678331983350e-07	3.332025e-01	3.333756e-01	3.333776e-01
3.229268331983336e-07	3.332068e-01	3.333764e-01	3.333882e-01
3.229666903411897e-07	3.332098e-01	3.333768e-01	3.333950e-01
3.230065474840458e-07	3.332128e-01	3.333770e-01	3.334014e-01
3.230464046269020e-07	3.332158e-01	3.333772e-01	3.334075e-01
3.230862617697581e-07	3.332188e-01	3.333773e-01	3.334134e-01
3.231261189126142e-07	3.332219e-01	3.333773e-01	3.334189e-01
3.231659760554704e-07	3.332250e-01	3.333772e-01	3.334242e-01
3.232058331983265e-07	3.332281e-01	3.333769e-01	3.334291e-01
3.232422617697541e-07	3.332309e-01	3.333767e-01	3.334332e-01
3.232786903411818e-07	3.332337e-01	3.333763e-01	3.334369e-01
3.233151189126094e-07	3.332366e-01	3.333759e-01	3.334403e-01
3.233515474840371e-07	3.332394e-01	3.333754e-01	3.334433e-01
3.233879760554647e-07	3.332422e-01	3.333749e-01	3.334459e-01
3.234244046268924e-07	3.332450e-01	3.333743e-01	3.334482e-01
3.234608331983200e-07	3.332479e-01	3.333736e-01	3.334500e-01
3.235378331983181e-07	3.332538e-01	3.333720e-01	3.334527e-01
3.235679760554602e-07	3.332561e-01	3.333713e-01	3.334533e-01
3.235981189126023e-07	3.332584e-01	3.333705e-01	3.334537e-01
3.236282617697444e-07	3.332607e-01	3.333698e-01	3.334538e-01
3.236584046268864e-07	3.332629e-01	3.333690e-01	3.334536e-01
3.236885474840285e-07	3.332652e-01	3.333681e-01	3.334532e-01
3.237186903411706e-07	3.332674e-01	3.333673e-01	3.334526e-01
3.237488331983127e-07	3.332696e-01	3.333664e-01	3.334517e-01
3.238171189125967e-07	3.332746e-01	3.333643e-01	3.334486e-01
3.238854046268807e-07	3.332795e-01	3.333621e-01	3.334447e-01
3.239536903411647e-07	3.332842e-01	3.333598e-01	3.334399e-01
3.240219760554487e-07	3.332889e-01	3.333574e-01	3.334341e-01
3.240902617697326e-07	3.332934e-01	3.333550e-01	3.334275e-01
3.241585474840166e-07	3.332978e-01	3.333524e-01	3.334199e-01
3.242268331983006e-07	3.333021e-01	3.333499e-01	3.334114e-01
3.242745474840137e-07	3.333051e-01	3.333480e-01	3.334052e-01
3.243222617697268e-07	3.333079e-01	3.333462e-01	3.333988e-01
3.243699760554398e-07	3.333107e-01	3.333445e-01	3.333922e-01
3.244176903411529e-07	3.333134e-01	3.333427e-01	3.333854e-01
3.244654046268660e-07	3.333160e-01	3.333409e-01	3.333784e-01
3.245131189125791e-07	3.333186e-01	3.333391e-01	3.333712e-01
3.245608331982922e-07	3.333211e-01	3.333374e-01	3.333638e-01
3.245618331982921e-07	3.333211e-01	3.333373e-01	3.333637e-01
3.246475474840042e-07	3.333254e-01	3.333342e-01	3.333500e-01
3.247332617697164e-07	3.333295e-01	3.333312e-01	3.333366e-01
3.248189760554285e-07	3.333333e-01	3.333283e-01	3.333235e-01
3.249046903411406e-07	3.333368e-01	3.333255e-01	3.333107e-01
3.249904046268527e-07	3.333402e-01	3.333229e-01	3.332981e-01
3.250761189125648e-07	3.333432e-01	3.333204e-01	3.332858e-01
3.251618331982769e-07	3.333461e-01	3.333180e-01	3.332738e-01
3.252518331982746e-07	3.333489e-01	3.333157e-01	3.332623e-01
3.252724046268456e-07	3.333495e-01	3.333152e-01	3.332598e-01
3.252929760554165e-07	3.333500e-01	3.333147e-01	3.332574e-01
3.253135474839874e-07	3.333506e-01	3.333142e-01	3.332549e-01
3.253341189125583e-07	3.333512e-01	3.333138e-01	3.332525e-01
3.253546903411292e-07	3.333517e-01	3.333133e-01	3.332502e-01
3.253752617697001e-07	3.333523e-01	3.333129e-01	3.332478e-01
3.253958331982710e-07	3.333528e-01	3.333124e-01	3.332455e-01
3.254212617696989e-07	3.333534e-01	3.333119e-01	3.332425e-01
3.254466903411269e-07	3.333540e-01	3.333114e-01	3.332395e-01
3.254721189125548e-07	3.333546e-01	3.333109e-01	3.332365e-01
3.254975474839827e-07	3.333551e-01	3.333104e-01	3.332333e-01
3.255229760554106e-07	3.333557e-01	3.333099e-01	3.332300e-01
3.255484046268386e-07	3.333562e-01	3.333094e-01	3.332266e-01
3.255738331982665e-07	3.333568e-01	3.333090e-01	3.332232e-01
3.255858331982662e-07	3.333570e-01	3.333088e-01	3.332215e-01
3.256161189125511e-07	3.333576e-01	3.333083e-01	3.332171e-01
3.256464046268361e-07	3.333581e-01	3.333078e-01	3.332125e-01
3.256766903411210e-07	3.333587e-01	3.333074e-01	3.332077e-01
3.257069760554060e-07	3.333592e-01	3.333069e-01	3.332028e-01
3.257372617696909e-07	3.333597e-01	3.333065e-01	3.331977e-01
3.257675474839759e-07	3.333601e-01	3.333061e-01	3.331925e-01
3.257978331982608e-07	3.333606e-01	3.333057e-01	3.331871e-01
3.258469760554024e-07	3.333613e-01	3.333052e-01	3.331779e-01
3.258961189125440e-07	3.333619e-01	3.333047e-01	3.331689e-01
3.259452617696856e-07	3.333624e-01	3.333043e-01	3.331600e-01
3.259944046268273e-07	3.333629e-01	3.333039e-01	3.331512e-01
3.260435474839689e-07	3.333634e-01	3.333035e-01	3.331425e-01
3.260926903411105e-07	3.333638e-01	3.333032e-01	3.331340e-01
3.261418331982521e-07	3.333642e-01	3.333029e-01	3.331255e-01
3.261794046268226e-07	3.333644e-01	3.333028e-01	3.331195e-01
3.262169760553931e-07	3.333646e-01	3.333026e-01	3.331139e-01
3.262545474839635e-07	3.333648e-01	3.333025e-01	3.331085e-01
3.262921189125340e-07	3.333650e-01	3.333025e-01	3.331035e-01
3.263296903411045e-07	3.333651e-01	3.333024e-01	3.330988e-01
3.263672617696750e-07	3.333653e-01	3.333024e-01	3.330945e-01
3.264048331982454e-07	3.333654e-01	3.333024e-01	3.330905e-01
3.264339760553876e-07	3.333654e-01	3.333024e-01	3.330876e-01
3.264631189125297e-07	3.333655e-01	3.333024e-01	3.330850e-01
3.264922617696718e-07	3.333655e-01	3.333025e-01	3.330825e-01
3.265214046268139e-07	3.333655e-01	3.333025e-01	3.330803e-01
3.265505474839560e-07	3.333655e-01	3.333026e-01	3.330782e-01
3.265796903410981e-07	3.333655e-01	3.333027e-01	3.330764e-01
3.266088331982403e-07	3.333655e-01	3.333027e-01	3.330748e-01
3.266098331982402e-07	3.333655e-01	3.333027e-01	3.330747e-01
3.266504046268106e-07	3.333654e-01	3.333029e-01	3.330729e-01
3.266909760553810e-07	3.333654e-01	3.333031e-01	3.330713e-01
3.267315474839514e-07	3.333653e-01	3.333033e-01	3.330700e-01
3.267721189125218e-07	3.333652e-01	3.333035e-01	3.330691e-01
3.268126903410922e-07	3.333651e-01	3.333037e-01	3.330685e-01
3.268532617696626e-07	3.333649e-01	3.333040e-01	3.330682e-01
3.268938331982330e-07	3.333648e-01	3.333042e-01	3.330683e-01
3.269261189125179e-07	3.333647e-01	3.333045e-01	3.330685e-01
3.269584046268028e-07	3.333645e-01	3.333047e-01	3.330688e-01
3.269906903410877e-07	3.333644e-01	3.333049e-01	3.330694e-01
3.270229760553726e-07	3.333642e-01	3.333052e-01	3.330700e-01
3.270552617696575e-07	3.333641e-01	3.333055e-01	3.330709e-01
3.270875474839424e-07	3.333639e-01	3.333057e-01	3.330719e-01
3.271198331982273e-07	3.333637e-01	3.333060e-01	3.330730e-01
3.271745474839402e-07	3.333634e-01	3.333065e-01	3.330753e-01
3.272292617696531e-07	3.333630e-01	3.333070e-01	3.330780e-01
3.272839760553660e-07	3.333626e-01	3.333076e-01	3.330811e-01
3.273386903410789e-07	3.333623e-01	3.333081e-01	3.330846e-01
3.273934046267918e-07	3.333619e-01	3.333087e-01	3.330885e-01
3.274481189125047e-07	3.333615e-01	3.333093e-01	3.330929e-01
3.275028331982176e-07	3.333610e-01	3.333099e-01	3.330976e-01
3.276338331982143e-07	3.333600e-01	3.333113e-01	3.331107e-01
3.277076903410696e-07	3.333593e-01	3.333122e-01	3.331192e-01
3.277815474839248e-07	3.333587e-01	3.333131e-01	3.331285e-01
3.278554046267801e-07	3.333581e-01	3.333140e-01	3.331386e-01
3.279292617696354e-07	3.333574e-01	3.333148e-01	3.331495e-01
3.280031189124907e-07	3.333568e-01	3.333157e-01	3.331612e-01
3.280769760553459e-07	3.333561e-01	3.333166e-01	3.331737e-01
3.281508331982012e-07	3.333555e-01	3.333174e-01	3.331871e-01
3.282231189124851e-07	3.333548e-01	3.333183e-01	3.332009e-01
3.282954046267690e-07	3.333542e-01	3.333191e-01	3.332153e-01
3.283676903410528e-07	3.333536e-01	3.333199e-01	3.332301e-01
3.284399760553367e-07	3.333529e-01	3.333207e-01	3.332454e-01
3.285122617696206e-07	3.333523e-01	3.333215e-01	3.332611e-01
3.285845474839045e-07	3.333517e-01	3.333223e-01	3.332774e-01
3.286568331981884e-07	3.333511e-01	3.333231e-01	3.332941e-01
3.286578331981884e-07	3.333511e-01	3.333231e-01	3.332943e-01
3.287708331981855e-07	3.333502e-01	3.333243e-01	3.333213e-01
3.288838331981826e-07	3.333493e-01	3.333254e-01	3.333477e-01
3.289968331981798e-07	3.333485e-01	3.333265e-01	3.333733e-01
3.291098331981769e-07	3.333476e-01	3.333275e-01	3.333983e-01
3.292228331981740e-07	3.333468e-01	3.333284e-01	3.334225e-01
3.293358331981712e-07	3.333461e-01	3.333293e-01	3.334461e-01
3.294488331981683e-07	3.333453e-01	3.333302e-01	3.334690e-01
3.294819760553103e-07	3.333451e-01	3.333305e-01	3.334752e-01
3.295151189124523e-07	3.333449e-01	3.333307e-01	3.334813e-01
3.295482617695944e-07	3.333447e-01	3.333309e-01	3.334871e-01
3.295814046267364e-07	3.333445e-01	3.333312e-01	3.334929e-01
3.296145474838784e-07	3.333443e-01	3.333314e-01	3.334984e-01
3.296476903410204e-07	3.333441e-01	3.333316e-01	3.335038e-01
3.296808331981624e-07	3.333440e-01	3.333318e-01	3.335090e-01
3.296818331981624e-07	3.333440e-01	3.333318e-01	3.335092e-01
3.297542617695891e-07	3.333435e-01	3.333323e-01	3.335200e-01
3.298266903410159e-07	3.333431e-01	3.333327e-01	3.335299e-01
3.298991189124426e-07	3.333428e-01	3.333331e-01	3.335389e-01
3.299715474838694e-07	3.333424e-01	3.333335e-01	3.335470e-01
3.300439760552961e-07	3.333421e-01	3.333339e-01	3.335543e-01
3.301164046267228e-07	3.333417e-01	3.333342e-01	3.335606e-01
3.301888331981496e-07	3.333414e-01	3.333346e-01	3.335660e-01
3.302425474838625e-07	3.333412e-01	3.333348e-01	3.335694e-01
3.302962617695754e-07	3.333409e-01	3.333350e-01	3.335723e-01
3.303499760552883e-07	3.333407e-01	3.333352e-01	3.335747e-01
3.304036903410013e-07	3.333405e-01	3.333354e-01	3.335766e-01
3.304574046267142e-07	3.333403e-01	3.333356e-01	3.335781e-01
3.305111189124271e-07	3.333401e-01	3.333358e-01	3.335791e-01
3.305648331981400e-07	3.333399e-01	3.333360e-01	3.335796e-01
3.305848331981395e-07	3.333399e-01	3.333360e-01	3.335797e-01
3.306048331981390e-07	3.333398e-01	3.333361e-01	3.335797e-01
3.306248331981385e-07	3.333397e-01	3.333362e-01	3.335796e-01
3.306448331981380e-07	3.333397e-01	3.333362e-01	3.335795e-01
3.306648331981375e-07	3.333396e-01	3.333363e-01	3.335794e-01
3.306848331981370e-07	3.333395e-01	3.333363e-01	3.335792e-01
3.307048331981365e-07	3.333395e-01	3.333364e-01	3.335789e-01
3.307058331981365e-07	3.333395e-01	3.333364e-01	3.335789e-01
3.307744046267062e-07	3.333392e-01	3.333366e-01	3.335774e-01
3.308429760552758e-07	3.333390e-01	3.333367e-01	3.335754e-01
3.309115474838455e-07	3.333388e-01	3.333369e-01	3.335728e-01
3.309801189124152e-07	3.333386e-01	3.333370e-01	3.335697e-01
3.310486903409849e-07	3.333384e-01	3.333372e-01	3.335660e-01
3.311172617695546e-07	3.333383e-01	3.333373e-01	3.335618e-01
3.311858331981243e-07	3.333381e-01	3.333374e-01	3.335570e-01
3.311899760552671e-07	3.333381e-01	3.333374e-01	3.335567e-01
3.311941189124098e-07	3.333381e-01	3.333374e-01	3.335564e-01
3.311982617695526e-07	3.333381e-01	3.333374e-01	3.335561e-01
3.312024046266953e-07	3.333380e-01	3.333374e-01	3.335558e-01
3.312065474838381e-07	3.333380e-01	3.333374e-01	3.335555e-01
3.312106903409808e-07	3.333380e-01	3.333374e-01	3.335552e-01
3.312148331981236e-07	3.333380e-01	3.333374e-01	3.335549e-01
3.312201189124091e-07	3.333380e-01	3.333374e-01	3.335545e-01
3.312254046266947e-07	3.333379e-01	3.333374e-01	3.335541e-01
3.312306903409803e-07	3.333379e-01	3.333375e-01	3.335537e-01
3.312359760552659e-07	3.333378e-01	3.333375e-01	3.335533e-01
3.312412617695515e-07	3.333378e-01	3.333375e-01	3.335529e-01
3.312465474838371e-07	3.333377e-01	3.333375e-01	3.335525e-01
3.312518331981226e-07	3.333376e-01	3.333375e-01	3.335521e-01
3.312595474838367e-07	3.333375e-01	3.333375e-01	3.335515e-01
3.312672617695508e-07	3.333374e-01	3.333374e-01	3.335509e-01
3.312749760552649e-07	3.333372e-01	3.333374e-01	3.335503e-01
3.312826903409790e-07	3.333371e-01	3.333374e-01	3.335496e-01
3.312904046266931e-07	3.333369e-01	3.333374e-01	3.335490e-01
3.312981189124072e-07	3.333367e-01	3.333374e-01	3.335484e-01
3.313058331981213e-07	3.333364e-01	3.333373e-01	3.335478e-01
3.313166903409781e-07	3.333361e-01	3.333372e-01	3.335469e-01
3.313275474838350e-07	3.333357e-01	3.333371e-01	3.335460e-01
3.313384046266919e-07	3.333353e-01	3.333370e-01	3.335450e-01
3.313492617695487e-07	3.333348e-01	3.333369e-01	3.335441e-01
3.313601189124056e-07	3.333343e-01	3.333368e-01	3.335432e-01
3.313709760552625e-07	3.333338e-01	3.333366e-01	3.335422e-01
3.313818331981193e-07	3.333333e-01	3.333364e-01	3.335413e-01
3.313948331981190e-07	3.333326e-01	3.333361e-01	3.335401e-01
3.314078331981187e-07	3.333319e-01	3.333358e-01	3.335390e-01
3.314208331981183e-07	3.333312e-01	3.333355e-01	3.335378e-01
3.314338331981180e-07	3.333305e-01	3.333352e-01	3.335366e-01
3.314468331981177e-07	3.333297e-01	3.333348e-01	3.335354e-01
3.314598331981174e-07	3.333290e-01	3.333344e-01	3.335342e-01
3.314728331981170e-07	3.333282e-01	3.333339e-01	3.335330e-01
3.314904046266880e-07	3.333271e-01	3.333332e-01	3.335314e-01
3.315079760552590e-07	3.333261e-01	3.333326e-01	3.335297e-01
3.315255474838300e-07	3.333251e-01	3.333319e-01	3.335280e-01
3.315431189124010e-07	3.333241e-01	3.333312e-01	3.335263e-01
3.315606903409719e-07	3.333231e-01	3.333304e-01	3.335245e-01
3.315782617695429e-07	3.333222e-01	3.333297e-01	3.335228e-01
3.315958331981139e-07	3.333212e-01	3.333289e-01	3.335210e-01
3.316131189123992e-07	3.333204e-01	3.333282e-01	3.335193e-01
3.316304046266845e-07	3.333196e-01	3.333275e-01	3.335175e-01
3.316476903409697e-07	3.333188e-01	3.333268e-01	3.335157e-01
3.316649760552550e-07	3.333180e-01	3.333262e-01	3.335139e-01
3.316822617695403e-07	3.333173e-01	3.333256e-01	3.335121e-01
3.316995474838256e-07	3.333167e-01	3.333251e-01	3.335103e-01
3.317168331981108e-07	3.333161e-01	3.333246e-01	3.335085e-01
3.317298331981105e-07	3.333156e-01	3.333242e-01	3.335071e-01
3.317418331981102e-07	3.333152e-01	3.333239e-01	3.335058e-01
3.317538331981099e-07	3.333148e-01	3.333237e-01	3.335045e-01
3.317658331981096e-07	3.333145e-01	3.333235e-01	3.335032e-01
3.317778331981093e-07	3.333141e-01	3.333234e-01	3.335019e-01
3.317898331981090e-07	3.333138e-01	3.333233e-01	3.335006e-01
3.318018331981087e-07	3.333135e-01	3.333232e-01	3.334993e-01
3.318138331981084e-07	3.333132e-01	3.333232e-01	3.334980e-01
3.318258331981081e-07	3.333129e-01	3.333232e-01	3.334967e-01
3.318378331981078e-07	3.333126e-01	3.333233e-01	3.334954e-01
3.318498331981075e-07	3.333123e-01	3.333234e-01	3.334941e-01
3.318618331981072e-07	3.333120e-01	3.333236e-01	3.334928e-01
3.318738331981069e-07	3.333117e-01	3.333238e-01	3.334914e-01
3.318858331981066e-07	3.333114e-01	3.333240e-01	3.334901e-01
3.318978331981063e-07	3.333112e-01	3.333243e-01	3.334888e-01
3.319159760552487e-07	3.333108e-01	3.333248e-01	3.334867e-01
3.319341189123911e-07	3.333103e-01	3.333255e-01	3.334847e-01
3.319522617695335e-07	3.333099e-01	3.333262e-01	3.334827e-01
3.319704046266759e-07	3.333094e-01	3.333270e-01	3.334806e-01
3.319885474838183e-07	3.333089e-01	3.333279e-01	3.334786e-01
3.320066903409606e-07	3.333085e-01	3.333289e-01	3.334765e-01
3.320248331981030e-07	3.333080e-01	3.333300e-01	3.334745e-01
3.320471189123882e-07	3.333073e-01	3.333315e-01	3.334720e-01
3.320694046266733e-07	3.333065e-01	3.333330e-01	3.334694e-01
3.320916903409585e-07	3.333057e-01	3.333346e-01	3.334669e-01
3.321139760552436e-07	3.333049e-01	3.333363e-01	3.334644e-01
3.321362617695288e-07	3.333039e-01	3.333380e-01	3.334618e-01
3.321585474838139e-07	3.333029e-01	3.333398e-01	3.334593e-01
3.321808331980991e-07	3.333019e-01	3.333416e-01	3.334568e-01
3.322081189123841e-07	3.333005e-01	3.333439e-01	3.334536e-01
3.322354046266691e-07	3.332989e-01	3.333461e-01	3.334505e-01
3.322626903409542e-07	3.332973e-01	3.333482e-01	3.334474e-01
3.322899760552392e-07	3.332956e-01	3.333502e-01	3.334443e-01
3.323172617695242e-07	3.332937e-01	3.333521e-01	3.334412e-01
3.323445474838092e-07	3.332918e-01	3.333539e-01	3.334381e-01
3.323718331980943e-07	3.332897e-01	3.333556e-01	3.334351e-01
3.323911189123795e-07	3.332882e-01	3.333567e-01	3.334329e-01
3.324104046266647e-07	3.332867e-01	3.333576e-01	3.334307e-01
3.324296903409499e-07	3.332851e-01	3.333585e-01	3.334286e-01
3.324489760552352e-07	3.332835e-01	3.333592e-01	3.334264e-01
3.324682617695204e-07	3.332819e-01	3.333598e-01	3.334243e-01
3.324875474838056e-07	3.332802e-01	3.333603e-01	3.334222e-01
3.325068331980908e-07	3.332785e-01	3.333606e-01	3.334200e-01
3.325214046266619e-07	3.332773e-01	3.333608e-01	3.334184e-01
3.325359760552330e-07	3.332760e-01	3.333609e-01	3.334168e-01
3.325505474838040e-07	3.332747e-01	3.333609e-01	3.334152e-01
3.325651189123751e-07	3.332734e-01	3.333609e-01	3.334136e-01
3.325796903409461e-07	3.332721e-01	3.333607e-01	3.334120e-01
3.325942617695172e-07	3.332708e-01	3.333605e-01	3.334104e-01
3.326088331980883e-07	3.332695e-01	3.333601e-01	3.334089e-01
3.326294046266592e-07	3.332677e-01	3.333595e-01	3.334067e-01
3.326499760552301e-07	3.332658e-01	3.333588e-01	3.334045e-01
3.326705474838010e-07	3.332640e-01	3.333578e-01	3.334023e-01
3.326911189123719e-07	3.332623e-01	3.333567e-01	3.334001e-01
3.327116903409428e-07	3.332605e-01	3.333554e-01	3.333979e-01
3.327322617695137e-07	3.332588e-01	3.333540e-01	3.333958e-01
3.327528331980846e-07	3.332572e-01	3.333524e-01	3.333936e-01
3.327538331980846e-07	3.332571e-01	3.333523e-01	3.333935e-01
3.327878331980837e-07	3.332544e-01	3.333492e-01	3.333900e-01
3.328218331980829e-07	3.332519e-01	3.333458e-01	3.333865e-01
3.328558331980820e-07	3.332496e-01	3.333421e-01	3.333831e-01
3.328898331980811e-07	3.332475e-01	3.333380e-01	3.333797e-01
3.329238331980803e-07	3.332455e-01	3.333337e-01	3.333763e-01
3.329578331980794e-07	3.332437e-01	3.333290e-01	3.333730e-01
3.329918331980785e-07	3.332422e-01	3.333240e-01	3.333698e-01
3.330148331980780e-07	3.332413e-01	3.333205e-01	3.333676e-01
3.330378331980774e-07	3.332405e-01	3.333170e-01	3.333654e-01
3.330608331980768e-07	3.332398e-01	3.333135e-01	3.333633e-01
3.330838331980762e-07	3.332393e-01	3.333100e-01	3.333612e-01
3.331068331980756e-07	3.332389e-01	3.333064e-01	3.333591e-01
3.331298331980751e-07	3.332386e-01	3.333027e-01	3.333570e-01
3.331528331980745e-07	3.332384e-01	3.332991e-01	3.333549e-01
3.331694046266455e-07	3.332383e-01	3.332964e-01	3.333535e-01
3.331859760552165e-07	3.332384e-01	3.332938e-01	3.333520e-01
3.332025474837875e-07	3.332384e-01	3.332913e-01	3.333506e-01
3.332191189123585e-07	3.332386e-01	3.332887e-01	3.333491e-01
3.332356903409295e-07	3.332388e-01	3.332862e-01	3.333477e-01
3.332522617695005e-07	3.332391e-01	3.332837e-01	3.333463e-01
3.332688331980715e-07	3.332394e-01	3.332812e-01	3.333449e-01
3.333038331980706e-07	3.332404e-01	3.332761e-01	3.333420e-01
3.333388331980698e-07	3.332416e-01	3.332713e-01	3.333392e-01
3.333738331980689e-07	3.332431e-01	3.332668e-01	3.333364e-01
3.334088331980680e-07	3.332448e-01	3.332626e-01	3.333337e-01
3.334438331980671e-07	3.332468e-01	3.332588e-01	3.333310e-01
3.334788331980662e-07	3.332491e-01	3.332552e-01	3.333283e-01
3.335138331980653e-07	3.332517e-01	3.332520e-01	3.333258e-01
3.335388331980647e-07	3.332537e-01	3.332500e-01	3.333240e-01
3.335638331980641e-07	3.332558e-01	3.332482e-01	3.333222e-01
3.335888331980634e-07	3.332580e-01	3.332467e-01	3.333205e-01
3.336138331980628e-07	3.332603e-01	3.332454e-01	3.333188e-01
3.336388331980622e-07	3.332627e-01	3.332444e-01	3.333171e-01
3.336638331980615e-07	3.332652e-01	3.332436e-01	3.333154e-01
3.336888331980609e-07	3.332678e-01	3.332430e-01	3.333138e-01
3.337014046266320e-07	3.332692e-01	3.332428e-01	3.333130e-01
3.337139760552031e-07	3.332705e-01	3.332427e-01	3.333122e-01
3.337265474837742e-07	3.332719e-01	3.332427e-01	3.333114e-01
3.337391189123453e-07	3.332733e-01	3.332427e-01	3.333106e-01
3.337516903409164e-07	3.332747e-01	3.332427e-01	3.333099e-01
3.337642617694875e-07	3.332762e-01	3.332429e-01	3.333091e-01
3.337768331980587e-07	3.332777e-01	3.332430e-01	3.333083e-01
3.337778331980586e-07	3.332778e-01	3.332430e-01	3.333083e-01
3.338058331980579e-07	3.332811e-01	3.332437e-01	3.333066e-01
3.338338331980572e-07	3.332845e-01	3.332447e-01	3.333050e-01
3.338618331980565e-07	3.332880e-01	3.332460e-01	3.333034e-01
3.338898331980558e-07	3.332916e-01	3.332475e-01	3.333018e-01
3.339178331980551e-07	3.332952e-01	3.332494e-01	3.333003e-01
3.339458331980544e-07	3.332988e-01	3.332515e-01	3.332988e-01
3.339738331980537e-07	3.333026e-01	3.332540e-01	3.332974e-01
3.340282617694809e-07	3.333100e-01	3.332597e-01	3.332947e-01
3.340826903409081e-07	3.333175e-01	3.332661e-01	3.332922e-01
3.341371189123352e-07	3.333249e-01	3.332732e-01	3.332897e-01
3.341915474837624e-07	3.333323e-01	3.332810e-01	3.332874e-01
3.342459760551896e-07	3.333397e-01	3.332895e-01	3.332852e-01
3.343004046266168e-07	3.333471e-01	3.332987e-01	3.332832e-01
3.343548331980440e-07	3.333544e-01	3.333086e-01	3.332813e-01
3.343928331980431e-07	3.333595e-01	3.333155e-01	3.332800e-01
3.343938331980430e-07	3.333596e-01	3.333156e-01	3.332800e-01
3.343948331980430e-07	3.333597e-01	3.333158e-01	3.332800e-01
3.343958331980430e-07	3.333598e-01	3.333160e-01	3.332799e-01
3.343968331980429e-07	3.333600e-01	3.333162e-01	3.332799e-01
3.343978331980429e-07	3.333601e-01	3.333163e-01	3.332799e-01
3.343998331980429e-07	3.333603e-01	3.333167e-01	3.332798e-01
3.344095474837569e-07	3.333616e-01	3.333185e-01	3.332795e-01
3.344192617694710e-07	3.333629e-01	3.333203e-01	3.332792e-01
3.344289760551850e-07	3.333641e-01	3.333221e-01	3.332789e-01
3.344386903408990e-07	3.333654e-01	3.333238e-01	3.332786e-01
3.344484046266131e-07	3.333666e-01	3.333254e-01	3.332783e-01
3.344581189123271e-07	3.333678e-01	3.333271e-01	3.332780e-01
3.344678331980412e-07	3.333690e-01	3.333287e-01	3.332777e-01
3.344802617694694e-07	3.333706e-01	3.333307e-01	3.332773e-01
3.344926903408977e-07	3.333722e-01	3.333326e-01	3.332770e-01
3.345051189123259e-07	3.333737e-01	3.333344e-01	3.332767e-01
3.345175474837542e-07	3.333752e-01	3.333361e-01	3.332763e-01
3.345299760551824e-07	3.333768e-01	3.333378e-01	3.332760e-01
3.345424046266107e-07	3.333783e-01	3.333394e-01	3.332756e-01
3.345548331980389e-07	3.333798e-01	3.333409e-01	3.332753e-01
3.345764046266098e-07	3.333823e-01	3.333433e-01	3.332748e-01
3.345979760551807e-07	3.333849e-01	3.333457e-01	3.332743e-01
3.346195474837516e-07	3.333875e-01	3.333481e-01	3.332737e-01
3.346411189123225e-07	3.333901e-01	3.333504e-01	3.332733e-01
3.346626903408934e-07	3.333926e-01	3.333527e-01	3.332728e-01
3.346842617694642e-07	3.333952e-01	3.333550e-01	3.332723e-01
3.347058331980351e-07	3.333977e-01	3.333573e-01	3.332719e-01
3.347194046266062e-07	3.333994e-01	3.333589e-01	3.332716e-01
3.347329760551773e-07	3.334010e-01	3.333605e-01	3.332713e-01
3.347465474837484e-07	3.334027e-01	3.333622e-01	3.332711e-01
3.347601189123195e-07	3.334044e-01	3.333639e-01	3.332708e-01
3.347736903408905e-07	3.334061e-01	3.333657e-01	3.332706e-01
3.347872617694616e-07	3.334078e-01	3.333676e-01	3.332704e-01
3.348008331980327e-07	3.334095e-01	3.333696e-01	3.332701e-01
3.348018331980327e-07	3.334096e-01	3.333697e-01	3.332701e-01
3.348218331980322e-07	3.334122e-01	3.333727e-01	3.332698e-01
3.348418331980317e-07	3.334148e-01	3.333759e-01	3.332695e-01
3.348618331980312e-07	3.334175e-01	3.333793e-01	3.332692e-01
3.348818331980307e-07	3.334203e-01	3.333828e-01	3.332689e-01
3.349018331980302e-07	3.334231e-01	3.333865e-01	3.332687e-01
3.349218331980296e-07	3.334260e-01	3.333904e-01	3.332684e-01
3.349418331980291e-07	3.334289e-01	3.333944e-01	3.332682e-01
3.349758331980283e-07	3.334341e-01	3.334017e-01	3.332678e-01
3.350098331980274e-07	3.334394e-01	3.334090e-01	3.332674e-01
3.350438331980266e-07	3.334449e-01	3.334164e-01	3.332671e-01
3.350778331980257e-07	3.334506e-01	3.334237e-01	3.332668e-01
3.351118331980248e-07	3.334564e-01	3.334310e-01	3.332666e-01
3.351458331980240e-07	3.334624e-01	3.334384e-01	3.332664e-01
3.351798331980231e-07	3.334686e-01	3.334458e-01	3.332663e-01
3.352052617694510e-07	3.334732e-01	3.334509e-01	3.332662e-01
3.352306903408790e-07	3.334779e-01	3.334558e-01	3.332661e-01
3.352561189123069e-07	3.334826e-01	3.334603e-01	3.332660e-01
3.352815474837348e-07	3.334872e-01	3.334645e-01	3.332660e-01
3.353069760551627e-07	3.334919e-01	3.334684e-01	3.332659e-01
3.353324046265907e-07	3.334966e-01	3.334720e-01	3.332659e-01
3.353578331980186e-07	3.335012e-01	3.334752e-01	3.332659e-01
3.353765474837324e-07	3.335046e-01	3.334773e-01	3.332659e-01
3.353952617694462e-07	3.335080e-01	3.334792e-01	3.332660e-01
3.354139760551600e-07	3.335113e-01	3.334809e-01	3.332660e-01
3.354326903408738e-07	3.335145e-01	3.334823e-01	3.332660e-01
3.354514046265877e-07	3.335177e-01	3.334835e-01	3.332661e-01
3.354701189123015e-07	3.335208e-01	3.334844e-01	3.332661e-01
3.354888331980153e-07	3.335238e-01	3.334851e-01	3.332662e-01
3.355039760551578e-07	3.335263e-01	3.334855e-01	3.332663e-01
3.355191189123002e-07	3.335287e-01	3.334858e-01	3.332663e-01
3.355342617694427e-07	3.335310e-01	3.334859e-01	3.332664e-01
3.355494046265852e-07	3.335332e-01	3.334858e-01	3.332665e-01
3.355645474837277e-07	3.335354e-01	3.334856e-01	3.332666e-01
3.355796903408701e-07	3.335375e-01	3.334853e-01	3.332666e-01
3.355948331980126e-07	3.335396e-01	3.334848e-01	3.332667e-01
3.356208331980119e-07	3.335430e-01	3.334835e-01	3.332669e-01
3.356468331980113e-07	3.335461e-01	3.334819e-01	3.332671e-01
3.356728331980106e-07	3.335491e-01	3.334800e-01	3.332673e-01
3.356988331980100e-07	3.335517e-01	3.334777e-01	3.332675e-01
3.357248331980093e-07	3.335542e-01	3.334750e-01	3.332677e-01
3.357508331980086e-07	3.335563e-01	3.334720e-01	3.332679e-01
3.357768331980080e-07	3.335583e-01	3.334686e-01	3.332682e-01
3.357836903408650e-07	3.335587e-01	3.334676e-01	3.332682e-01
3.357905474837219e-07	3.335592e-01	3.334667e-01	3.332683e-01
3.357974046265789e-07	3.335596e-01	3.334657e-01	3.332684e-01
3.358042617694359e-07	3.335600e-01	3.334648e-01	3.332684e-01
3.358111189122928e-07	3.335604e-01	3.334637e-01	3.332685e-01
3.358179760551498e-07	3.335607e-01	3.334627e-01	3.332686e-01
3.358248331980068e-07	3.335611e-01	3.334617e-01	3.332687e-01
3.358258331980067e-07	3.335611e-01	3.334615e-01	3.332687e-01
3.358425474837206e-07	3.335619e-01	3.334589e-01	3.332689e-01
3.358592617694345e-07	3.335625e-01	3.334562e-01	3.332690e-01
3.358759760551483e-07	3.335630e-01	3.334535e-01	3.332692e-01
3.358926903408622e-07	3.335634e-01	3.334506e-01	3.332694e-01
3.359094046265761e-07	3.335637e-01	3.334477e-01	3.332696e-01
3.359261189122899e-07	3.335639e-01	3.334447e-01	3.332698e-01
3.359428331980038e-07	3.335639e-01	3.334417e-01	3.332700e-01
3.359624046265747e-07	3.335638e-01	3.334380e-01	3.332703e-01
3.359819760551456e-07	3.335635e-01	3.334343e-01	3.332705e-01
3.360015474837166e-07	3.335631e-01	3.334306e-01	3.332708e-01
3.360211189122875e-07	3.335625e-01	3.334269e-01	3.332710e-01
3.360406903408584e-07	3.335618e-01	3.334231e-01	3.332713e-01
3.360602617694294e-07	3.335609e-01	3.334193e-01	3.332716e-01
3.360798331980003e-07	3.335598e-01	3.334155e-01	3.332719e-01
3.361191189122850e-07	3.335571e-01	3.334077e-01	3.332724e-01
3.361584046265697e-07	3.335540e-01	3.334002e-01	3.332730e-01
3.361976903408545e-07	3.335503e-01	3.333928e-01	3.332737e-01
3.362369760551392e-07	3.335460e-01	3.333857e-01	3.332743e-01
3.362762617694239e-07	3.335413e-01	3.333788e-01	3.332749e-01
3.363155474837086e-07	3.335361e-01	3.333721e-01	3.332756e-01
3.363548331979933e-07	3.335303e-01	3.333656e-01	3.332763e-01
3.363915474837067e-07	3.335245e-01	3.333599e-01	3.332770e-01
3.364282617694201e-07	3.335186e-01	3.333546e-01	3.332776e-01
3.364649760551334e-07	3.335123e-01	3.333497e-01	3.332783e-01
3.365016903408468e-07	3.335059e-01	3.333451e-01	3.332790e-01
3.365384046265601e-07	3.334992e-01	3.333409e-01	3.332797e-01
3.365751189122735e-07	3.334922e-01	3.333370e-01	3.332804e-01
3.366118331979868e-07	3.334850e-01	3.333334e-01	3.332811e-01
3.366456903408431e-07	3.334783e-01	3.333305e-01	3.332817e-01
3.366795474836994e-07	3.334716e-01	3.333279e-01	3.332824e-01
3.367134046265557e-07	3.334648e-01	3.333256e-01	3.332831e-01
3.367472617694120e-07	3.334580e-01	3.333236e-01	3.332838e-01
3.367811189122683e-07	3.334512e-01	3.333218e-01	3.332845e-01
3.368149760551245e-07	3.334443e-01	3.333203e-01	3.332851e-01
3.368488331979808e-07	3.334374e-01	3.333191e-01	3.332858e-01
3.368498331979808e-07	3.334372e-01	3.333191e-01	3.332859e-01
3.369061189122651e-07	3.334258e-01	3.333177e-01	3.332870e-01
3.369624046265494e-07	3.334147e-01	3.333168e-01	3.332882e-01
3.370186903408337e-07	3.334039e-01	3.333163e-01	3.332894e-01
3.370749760551180e-07	3.333935e-01	3.333163e-01	3.332906e-01
3.371312617694022e-07	3.333833e-01	3.333167e-01	3.332918e-01
3.371875474836865e-07	3.333735e-01	3.333175e-01	3.332929e-01
3.372438331979708e-07	3.333640e-01	3.333187e-01	3.332941e-01
3.372829760551127e-07	3.333577e-01	3.333196e-01	3.332950e-01
3.373221189122545e-07	3.333517e-01	3.333206e-01	3.332958e-01
3.373612617693964e-07	3.333459e-01	3.333215e-01	3.332966e-01
3.374004046265383e-07	3.333403e-01	3.333226e-01	3.332974e-01
3.374395474836801e-07	3.333349e-01	3.333236e-01	3.332982e-01
3.374786903408220e-07	3.333298e-01	3.333247e-01	3.332991e-01
3.375178331979639e-07	3.333248e-01	3.333258e-01	3.332999e-01
3.375576903408200e-07	3.333201e-01	3.333269e-01	3.333007e-01
3.375975474836761e-07	3.333155e-01	3.333280e-01	3.333015e-01
3.376374046265323e-07	3.333112e-01	3.333290e-01	3.333023e-01
3.376772617693884e-07	3.333071e-01	3.333299e-01	3.333031e-01
3.377171189122445e-07	3.333031e-01	3.333309e-01	3.333039e-01
3.377569760551007e-07	3.332994e-01	3.333317e-01	3.333047e-01
3.377968331979568e-07	3.332959e-01	3.333326e-01	3.333055e-01
3.378738331979549e-07	3.332896e-01	3.333340e-01	3.333071e-01
3.379159760550966e-07	3.332864e-01	3.333346e-01	3.333079e-01
3.379581189122384e-07	3.332834e-01	3.333352e-01	3.333087e-01
3.380002617693802e-07	3.332805e-01	3.333356e-01	3.333095e-01
3.380424046265220e-07	3.332777e-01	3.333360e-01	3.333103e-01
3.380845474836638e-07	3.332751e-01	3.333364e-01	3.333110e-01
3.381266903408056e-07	3.332727e-01	3.333366e-01	3.333118e-01
3.381688331979474e-07	3.332704e-01	3.333368e-01	3.333126e-01
3.382286903408030e-07	3.332673e-01	3.333369e-01	3.333137e-01
3.382885474836586e-07	3.332643e-01	3.333369e-01	3.333147e-01
3.383484046265143e-07	3.332614e-01	3.333367e-01	3.333157e-01
3.384082617693699e-07	3.332587e-01	3.333365e-01	3.333167e-01
3.384681189122255e-07	3.332561e-01	3.333361e-01	3.333177e-01
3.385279760550811e-07	3.332536e-01	3.333357e-01	3.333187e-01
3.385878331979368e-07	3.332512e-01	3.333351e-01	3.333196e-01
3.386319760550785e-07	3.332494e-01	3.333346e-01	3.333203e-01
3.386761189122202e-07	3.332477e-01	3.333341e-01	3.333210e-01
3.387202617693620e-07	3.332461e-01	3.333336e-01	3.333216e-01
3.387644046265037e-07	3.332444e-01	3.333331e-01	3.333223e-01
3.388085474836455e-07	3.332427e-01	3.333325e-01	3.333229e-01
3.388526903407872e-07	3.332411e-01	3.333319e-01	3.333235e-01
3.388968331979289e-07	3.332395e-01	3.333312e-01	3.333241e-01
3.388978331979289e-07	3.332395e-01	3.333312e-01	3.333241e-01
3.389722617693556e-07	3.332368e-01	3.333301e-01	3.333251e-01
3.390466903407823e-07	3.332342e-01	3.333289e-01	3.333261e-01
3.391211189122090e-07	3.332317e-01	3.333277e-01	3.333270e-01
3.391955474836357e-07	3.332293e-01	3.333265e-01	3.333279e-01
3.392699760550623e-07	3.332269e-01	3.333252e-01	3.333287e-01
3.393444046264890e-07	3.332247e-01	3.333239e-01	3.333295e-01
3.394188331979157e-07	3.332225e-01	3.333225e-01	3.333303e-01
3.394905474836282e-07	3.332205e-01	3.333212e-01	3.333310e-01
3.395622617693407e-07	3.332188e-01	3.333198e-01	3.333317e-01
3.396339760550531e-07	3.332172e-01	3.333184e-01	3.333323e-01
3.397056903407656e-07	3.332158e-01	3.333170e-01	3.333330e-01
3.397774046264781e-07	3.332146e-01	3.333156e-01	3.333335e-01
3.398491189121905e-07	3.332136e-01	3.333141e-01	3.333341e-01
3.399208331979030e-07	3.332127e-01	3.333126e-01	3.333346e-01
3.399218331979030e-07	3.332127e-01	3.333126e-01	3.333346e-01
3.399712617693303e-07	3.332123e-01	3.333116e-01	3.333350e-01
3.400206903407576e-07	3.332121e-01	3.333105e-01	3.333353e-01
3.400701189121849e-07	3.332119e-01	3.333095e-01	3.333356e-01
3.401195474836122e-07	3.332119e-01	3.333084e-01	3.333359e-01
3.401689760550396e-07	3.332120e-01	3.333074e-01	3.333362e-01
3.402184046264669e-07	3.332122e-01	3.333063e-01	3.333365e-01
3.402678331978942e-07	3.332125e-01	3.333052e-01	3.333368e-01
3.402799760550368e-07	3.332126e-01	3.333050e-01	3.333368e-01
3.402921189121793e-07	3.332128e-01	3.333047e-01	3.333369e-01
3.403042617693219e-07	3.332129e-01	3.333044e-01	3.333370e-01
3.403164046264644e-07	3.332130e-01	3.333042e-01	3.333370e-01
3.403285474836070e-07	3.332131e-01	3.333039e-01	3.333371e-01
3.403406903407495e-07	3.332133e-01	3.333037e-01	3.333372e-01
3.403528331978920e-07	3.332134e-01	3.333034e-01	3.333372e-01
3.403631189121775e-07	3.332136e-01	3.333032e-01	3.333373e-01
3.403734046264630e-07	3.332137e-01	3.333029e-01	3.333373e-01
3.403836903407484e-07	3.332138e-01	3.333027e-01	3.333374e-01
3.403939760550339e-07	3.332140e-01	3.333025e-01	3.333374e-01
3.404042617693193e-07	3.332142e-01	3.333023e-01	3.333375e-01
3.404145474836048e-07	3.332143e-01	3.333021e-01	3.333376e-01
3.404248331978902e-07	3.332145e-01	3.333019e-01	3.333376e-01
3.404404046264613e-07	3.332148e-01	3.333015e-01	3.333378e-01
3.404559760550323e-07	3.332151e-01	3.333012e-01	3.333379e-01
3.404715474836033e-07	3.332154e-01	3.333009e-01	3.333381e-01
3.404871189121744e-07	3.332157e-01	3.333005e-01	3.333384e-01
3.405026903407454e-07	3.332160e-01	3.333002e-01	3.333386e-01
3.405182617693164e-07	3.332163e-01	3.332999e-01	3.333389e-01
3.405338331978875e-07	3.332166e-01	3.332996e-01	3.333393e-01
3.405498331978871e-07	3.332170e-01	3.332992e-01	3.333397e-01
3.405658331978867e-07	3.332174e-01	3.332989e-01	3.333402e-01
3.405818331978862e-07	3.332178e-01	3.332986e-01	3.333407e-01
3.405978331978858e-07	3.332182e-01	3.332983e-01	3.333413e-01
3.406138331978854e-07	3.332186e-01	3.332979e-01	3.333420e-01
3.406298331978850e-07	3.332191e-01	3.332976e-01	3.333427e-01
3.406458331978846e-07	3.332195e-01	3.332973e-01	3.333435e-01
3.406686903407412e-07	3.332202e-01	3.332968e-01	3.333447e-01
3.406915474835978e-07	3.332209e-01	3.332964e-01	3.333461e-01
3.407144046264543e-07	3.332216e-01	3.332959e-01	3.333477e-01
3.407372617693109e-07	3.332223e-01	3.332955e-01	3.333493e-01
3.407601189121674e-07	3.332231e-01	3.332951e-01	3.333510e-01
3.407829760550240e-07	3.332239e-01	3.332946e-01	3.333529e-01
3.408058331978806e-07	3.332247e-01	3.332942e-01	3.333549e-01
3.408256903407372e-07	3.332254e-01	3.332939e-01	3.333567e-01
3.408455474835939e-07	3.332262e-01	3.332935e-01	3.333586e-01
3.408654046264505e-07	3.332269e-01	3.332932e-01	3.333605e-01
3.408852617693071e-07	3.332277e-01	3.332928e-01	3.333624e-01
3.409051189121638e-07	3.332285e-01	3.332925e-01	3.333644e-01
3.409249760550204e-07	3.332293e-01	3.332921e-01	3.333665e-01
3.409448331978771e-07	3.332301e-01	3.332918e-01	3.333686e-01
3.409458331978770e-07	3.332302e-01	3.332918e-01	3.333687e-01
3.409814046264476e-07	3.332317e-01	3.332912e-01	3.333726e-01
3.410169760550181e-07	3.332333e-01	3.332907e-01	3.333764e-01
3.410525474835886e-07	3.332349e-01	3.332901e-01	3.333802e-01
3.410881189121591e-07	3.332366e-01	3.332896e-01	3.333840e-01
3.411236903407297e-07	3.332383e-01	3.332892e-01	3.333877e-01
3.411592617693002e-07	3.332401e-01	3.332887e-01	3.333915e-01
3.411948331978707e-07	3.332419e-01	3.332883e-01	3.333951e-01
3.412319760550126e-07	3.332439e-01	3.332879e-01	3.333988e-01
3.412691189121545e-07	3.332459e-01	3.332875e-01	3.334023e-01
3.413062617692965e-07	3.332479e-01	3.332872e-01	3.334056e-01
3.413434046264384e-07	3.332499e-01	3.332868e-01	3.334088e-01
3.413805474835803e-07	3.332520e-01	3.332866e-01	3.334118e-01
3.414176903407222e-07	3.332542e-01	3.332863e-01	3.334146e-01
3.414548331978641e-07	3.332563e-01	3.332861e-01	3.334173e-01
3.415085474835771e-07	3.332595e-01	3.332858e-01	3.334209e-01
3.415622617692900e-07	3.332627e-01	3.332857e-01	3.334242e-01
3.416159760550029e-07	3.332660e-01	3.332856e-01	3.334271e-01
3.416696903407158e-07	3.332693e-01	3.332855e-01	3.334299e-01
3.417234046264288e-07	3.332726e-01	3.332856e-01	3.334323e-01
3.417771189121417e-07	3.332760e-01	3.332857e-01	3.334344e-01
3.418308331978546e-07	3.332794e-01	3.332860e-01	3.334363e-01
3.419698331978511e-07	3.332882e-01	3.332869e-01	3.334400e-01
3.420009760549931e-07	3.332902e-01	3.332872e-01	3.334406e-01
3.420321189121352e-07	3.332921e-01	3.332875e-01	3.334411e-01
3.420632617692773e-07	3.332941e-01	3.332878e-01	3.334415e-01
3.420944046264194e-07	3.332960e-01	3.332882e-01	3.334418e-01
3.421255474835614e-07	3.332980e-01	3.332886e-01	3.334421e-01
3.421566903407035e-07	3.332999e-01	3.332890e-01	3.334422e-01
3.421878331978456e-07	3.333019e-01	3.332894e-01	3.334422e-01
3.422344046264158e-07	3.333047e-01	3.332902e-01	3.334421e-01
3.422809760549861e-07	3.333076e-01	3.332909e-01	3.334416e-01
3.423275474835563e-07	3.333104e-01	3.332917e-01	3.334408e-01
3.423741189121266e-07	3.333132e-01	3.332926e-01	3.334398e-01
3.424206903406968e-07	3.333159e-01	3.332935e-01	3.334385e-01
3.424672617692671e-07	3.333186e-01	3.332945e-01	3.334368e-01
3.425138331978373e-07	3.333213e-01	3.332955e-01	3.334349e-01
3.425614046264075e-07	3.333240e-01	3.332966e-01	3.334325e-01
3.426089760549777e-07	3.333267e-01	3.332977e-01	3.334298e-01
3.426565474835480e-07	3.333293e-01	3.332989e-01	3.334267e-01
3.427041189121182e-07	3.333318e-01	3.333001e-01	3.334232e-01
3.427516903406884e-07	3.333343e-01	3.333013e-01	3.334193e-01
3.427992617692586e-07	3.333367e-01	3.333026e-01	3.334151e-01
3.428468331978289e-07	3.333391e-01	3.333039e-01	3.334105e-01
3.428676903406855e-07	3.333402e-01	3.333045e-01	3.334084e-01
3.428885474835421e-07	3.333412e-01	3.333051e-01	3.334062e-01
3.429094046263987e-07	3.333422e-01	3.333057e-01	3.334040e-01
3.429302617692553e-07	3.333432e-01	3.333063e-01	3.334016e-01
3.429511189121119e-07	3.333441e-01	3.333069e-01	3.333993e-01
3.429719760549685e-07	3.333451e-01	3.333075e-01	3.333968e-01
3.429928331978252e-07	3.333461e-01	3.333081e-01	3.333943e-01
3.429938331978251e-07	3.333461e-01	3.333081e-01	3.333942e-01
3.430718331978232e-07	3.333496e-01	3.333105e-01	3.333839e-01
3.431498331978212e-07	3.333529e-01	3.333129e-01	3.333733e-01
3.432278331978192e-07	3.333560e-01	3.333153e-01	3.333621e-01
3.433058331978172e-07	3.333589e-01	3.333177e-01	3.333504e-01
3.433838331978153e-07	3.333617e-01	3.333202e-01	3.333383e-01
3.434618331978133e-07	3.333643e-01	3.333226e-01	3.333257e-01
3.435398331978113e-07	3.333667e-01	3.333251e-01	3.333127e-01
3.435689760549534e-07	3.333676e-01	3.333260e-01	3.333080e-01
3.435981189120955e-07	3.333684e-01	3.333270e-01	3.333032e-01
3.436272617692377e-07	3.333692e-01	3.333279e-01	3.332984e-01
3.436564046263798e-07	3.333700e-01	3.333288e-01	3.332935e-01
3.436855474835219e-07	3.333707e-01	3.333297e-01	3.332886e-01
3.437146903406640e-07	3.333714e-01	3.333306e-01	3.332835e-01
3.437438331978061e-07	3.333721e-01	3.333315e-01	3.332784e-01
3.437722617692340e-07	3.333728e-01	3.333323e-01	3.332732e-01
3.438006903406618e-07	3.333735e-01	3.333332e-01	3.332678e-01
3.438291189120897e-07	3.333741e-01	3.333341e-01	3.332622e-01
3.438575474835175e-07	3.333747e-01	3.333349e-01	3.332564e-01
3.438859760549454e-07	3.333753e-01	3.333357e-01	3.332504e-01
3.439144046263732e-07	3.333758e-01	3.333366e-01	3.332442e-01
3.439428331978011e-07	3.333763e-01	3.333374e-01	3.332378e-01
3.440178331977992e-07	3.333776e-01	3.333395e-01	3.332200e-01
3.440832617692261e-07	3.333786e-01	3.333414e-01	3.332027e-01
3.441486903406530e-07	3.333796e-01	3.333431e-01	3.331856e-01
3.442141189120799e-07	3.333804e-01	3.333448e-01	3.331688e-01
3.442795474835068e-07	3.333811e-01	3.333464e-01	3.331522e-01
3.443449760549338e-07	3.333817e-01	3.333480e-01	3.331359e-01
3.444104046263607e-07	3.333822e-01	3.333495e-01	3.331197e-01
3.444758331977876e-07	3.333825e-01	3.333510e-01	3.331038e-01
3.445156903406437e-07	3.333827e-01	3.333518e-01	3.330951e-01
3.445555474834999e-07	3.333829e-01	3.333526e-01	3.330870e-01
3.445954046263560e-07	3.333830e-01	3.333534e-01	3.330795e-01
3.446352617692121e-07	3.333831e-01	3.333542e-01	3.330726e-01
3.446751189120683e-07	3.333832e-01	3.333549e-01	3.330662e-01
3.447149760549244e-07	3.333832e-01	3.333557e-01	3.330605e-01
3.447548331977805e-07	3.333833e-01	3.333564e-01	3.330553e-01
3.447868331977797e-07	3.333832e-01	3.333569e-01	3.330518e-01
3.448188331977789e-07	3.333832e-01	3.333574e-01	3.330486e-01
3.448508331977781e-07	3.333832e-01	3.333579e-01	3.330459e-01
3.448828331977773e-07	3.333831e-01	3.333583e-01	3.330436e-01
3.449148331977765e-07	3.333830e-01	3.333588e-01	3.330417e-01
3.449468331977757e-07	3.333829e-01	3.333593e-01	3.330403e-01
3.449788331977748e-07	3.333828e-01	3.333597e-01	3.330393e-01
3.449876903406318e-07	3.333828e-01	3.333598e-01	3.330392e-01
3.449965474834887e-07	3.333827e-01	3.333599e-01	3.330390e-01
3.450054046263456e-07	3.333827e-01	3.333600e-01	3.330389e-01
3.450142617692025e-07	3.333827e-01	3.333601e-01	3.330388e-01
3.450231189120594e-07	3.333826e-01	3.333602e-01	3.330387e-01
3.450319760549164e-07	3.333826e-01	3.333603e-01	3.330387e-01
3.450408331977733e-07	3.333826e-01	3.333604e-01	3.330387e-01
3.450418331977732e-07	3.333825e-01	3.333605e-01	3.330387e-01
3.450761189120581e-07	3.333824e-01	3.333609e-01	3.330391e-01
3.451104046263429e-07	3.333822e-01	3.333612e-01	3.330399e-01
3.451446903406278e-07	3.333820e-01	3.333616e-01	3.330412e-01
3.451789760549126e-07	3.333818e-01	3.333619e-01	3.330429e-01
3.452132617691975e-07	3.333816e-01	3.333622e-01	3.330450e-01
3.452475474834823e-07	3.333813e-01	3.333625e-01	3.330477e-01
3.452818331977672e-07	3.333811e-01	3.333628e-01	3.330507e-01
3.453936903406215e-07	3.333801e-01	3.333635e-01	3.330648e-01
3.455055474834758e-07	3.333790e-01	3.333640e-01	3.330814e-01
3.456174046263301e-07	3.333779e-01	3.333644e-01	3.331005e-01
3.457292617691844e-07	3.333766e-01	3.333646e-01	3.331222e-01
3.458411189120387e-07	3.333753e-01	3.333646e-01	3.331464e-01
3.459529760548930e-07	3.333738e-01	3.333644e-01	3.331731e-01
3.460648331977473e-07	3.333723e-01	3.333640e-01	3.332024e-01
3.460658331977473e-07	3.333723e-01	3.333640e-01	3.332027e-01
3.461562617691736e-07	3.333710e-01	3.333636e-01	3.332263e-01
3.462466903405999e-07	3.333698e-01	3.333631e-01	3.332495e-01
3.463371189120261e-07	3.333685e-01	3.333626e-01	3.332723e-01
3.464275474834524e-07	3.333672e-01	3.333619e-01	3.332946e-01
3.465179760548787e-07	3.333659e-01	3.333612e-01	3.333166e-01
3.466084046263050e-07	3.333645e-01	3.333605e-01	3.333381e-01
3.466988331977313e-07	3.333632e-01	3.333596e-01	3.333592e-01
3.467545474834441e-07	3.333624e-01	3.333591e-01	3.333714e-01
3.468102617691570e-07	3.333615e-01	3.333585e-01	3.333831e-01
3.468659760548699e-07	3.333607e-01	3.333580e-01	3.333943e-01
3.469216903405828e-07	3.333599e-01	3.333574e-01	3.334050e-01
3.469774046262956e-07	3.333591e-01	3.333568e-01	3.334152e-01
3.470331189120085e-07	3.333583e-01	3.333562e-01	3.334250e-01
3.470888331977214e-07	3.333575e-01	3.333556e-01	3.334342e-01
3.470898331977214e-07	3.333575e-01	3.333555e-01	3.334344e-01
3.471604046262910e-07	3.333565e-01	3.333547e-01	3.334452e-01
3.472309760548606e-07	3.333555e-01	3.333539e-01	3.334552e-01
3.473015474834303e-07	3.333545e-01	3.333531e-01	3.334643e-01
3.473721189119999e-07	3.333535e-01	3.333523e-01	3.334725e-01
3.474426903405696e-07	3.333526e-01	3.333515e-01	3.334798e-01
3.475132617691392e-07	3.333516e-01	3.333506e-01	3.334862e-01
3.475838331977088e-07	3.333507e-01	3.333498e-01	3.334918e-01
3.476515474834214e-07	3.333498e-01	3.333490e-01	3.334963e-01
3.477192617691340e-07	3.333490e-01	3.333482e-01	3.335002e-01
3.477869760548466e-07	3.333481e-01	3.333474e-01	3.335034e-01
3.478546903405591e-07	3.333473e-01	3.333466e-01	3.335060e-01
3.479224046262717e-07	3.333465e-01	3.333459e-01	3.335079e-01
3.479901189119843e-07	3.333457e-01	3.333451e-01	3.335093e-01
3.480578331976968e-07	3.333449e-01	3.333443e-01	3.335100e-01
3.480656903405538e-07	3.333448e-01	3.333442e-01	3.335100e-01
3.480735474834107e-07	3.333447e-01	3.333441e-01	3.335100e-01
3.480814046262677e-07	3.333446e-01	3.333441e-01	3.335101e-01
3.480892617691246e-07	3.333445e-01	3.333440e-01	3.335101e-01
3.480971189119816e-07	3.333445e-01	3.333439e-01	3.335101e-01
3.481049760548385e-07	3.333444e-01	3.333438e-01	3.335102e-01
3.481128331976954e-07	3.333443e-01	3.333437e-01	3.335102e-01
3.481138331976954e-07	3.333443e-01	3.333437e-01	3.335102e-01
3.481779760548366e-07	3.333435e-01	3.333430e-01	3.335100e-01
3.482421189119779e-07	3.333428e-01	3.333423e-01	3.335095e-01
3.483062617691191e-07	3.333422e-01	3.333416e-01	3.335086e-01
3.483704046262603e-07	3.333415e-01	3.333409e-01	3.335075e-01
3.484345474834016e-07	3.333409e-01	3.333403e-01	3.335060e-01
3.484986903405428e-07	3.333402e-01	3.333397e-01	3.335042e-01
3.485628331976840e-07	3.333396e-01	3.333390e-01	3.335020e-01
3.486395474833964e-07	3.333389e-01	3.333383e-01	3.334992e-01
3.487162617691087e-07	3.333382e-01	3.333376e-01	3.334962e-01
3.487929760548211e-07	3.333375e-01	3.333369e-01	3.334929e-01
3.488696903405334e-07	3.333369e-01	3.333363e-01	3.334895e-01
3.489464046262458e-07	3.333363e-01	3.333356e-01	3.334860e-01
3.490231189119581e-07	3.333357e-01	3.333350e-01	3.334822e-01
3.490998331976704e-07	3.333351e-01	3.333344e-01	3.334783e-01
3.491378331976695e-07	3.333348e-01	3.333341e-01	3.334763e-01
3.491858331976683e-07	3.333345e-01	3.333338e-01	3.334738e-01
3.492338331976670e-07	3.333342e-01	3.333335e-01	3.334713e-01
3.492818331976658e-07	3.333339e-01	3.333331e-01	3.334688e-01
3.493298331976646e-07	3.333335e-01	3.333328e-01	3.334663e-01
3.493778331976634e-07	3.333332e-01	3.333325e-01	3.334637e-01
3.494258331976622e-07	3.333329e-01	3.333322e-01	3.334612e-01
3.494738331976610e-07	3.333326e-01	3.333319e-01	3.334586e-01
3.494774046262323e-07	3.333326e-01	3.333319e-01	3.334584e-01
3.494809760548036e-07	3.333326e-01	3.333319e-01	3.334582e-01
3.494845474833750e-07	3.333326e-01	3.333319e-01	3.334580e-01
3.494881189119463e-07	3.333326e-01	3.333319e-01	3.334578e-01
3.494916903405177e-07	3.333325e-01	3.333319e-01	3.334576e-01
3.494952617690890e-07	3.333325e-01	3.333318e-01	3.334574e-01
3.494988331976603e-07	3.333325e-01	3.333318e-01	3.334573e-01
3.495025474833745e-07	3.333325e-01	3.333318e-01	3.334571e-01
3.495062617690887e-07	3.333324e-01	3.333318e-01	3.334568e-01
3.495099760548029e-07	3.333324e-01	3.333318e-01	3.334566e-01
3.495136903405171e-07	3.333324e-01	3.333319e-01	3.334564e-01
3.495174046262313e-07	3.333324e-01	3.333319e-01	3.334562e-01
3.495211189119455e-07	3.333324e-01	3.333319e-01	3.334561e-01
3.495248331976597e-07	3.333323e-01	3.333319e-01	3.334559e-01
3.495302617690881e-07	3.333323e-01	3.333320e-01	3.334556e-01
3.495356903405165e-07	3.333323e-01	3.333321e-01	3.334553e-01
3.495411189119450e-07	3.333322e-01	3.333321e-01	3.334550e-01
3.495465474833734e-07	3.333322e-01	3.333322e-01	3.334547e-01
3.495519760548018e-07	3.333322e-01	3.333323e-01	3.334544e-01
3.495574046262303e-07	3.333321e-01	3.333325e-01	3.334541e-01
3.495628331976587e-07	3.333321e-01	3.333326e-01	3.334538e-01
3.495715474833728e-07	3.333321e-01	3.333329e-01	3.334534e-01
3.495802617690868e-07	3.333320e-01	3.333331e-01	3.334529e-01
3.495889760548009e-07	3.333319e-01	3.333334e-01	3.334524e-01
3.495976903405150e-07	3.333319e-01	3.333338e-01	3.334520e-01
3.496064046262290e-07	3.333318e-01	3.333341e-01	3.334515e-01
3.496151189119431e-07	3.333318e-01	3.333345e-01	3.334510e-01
3.496238331976572e-07	3.333317e-01	3.333349e-01	3.334506e-01
3.496392617690853e-07	3.333316e-01	3.333357e-01	3.334497e-01
3.496546903405135e-07	3.333315e-01	3.333365e-01	3.334489e-01
3.496701189119417e-07	3.333313e-01	3.333373e-01	3.334481e-01
3.496855474833699e-07	3.333312e-01	3.333380e-01	3.334473e-01
3.497009760547981e-07	3.333310e-01	3.333387e-01	3.334464e-01
3.497164046262262e-07	3.333308e-01	3.333394e-01	3.334456e-01
3.497318331976544e-07	3.333306e-01	3.333400e-01	3.334448e-01
3.497406903405113e-07	3.333305e-01	3.333404e-01	3.334443e-01
3.497495474833683e-07	3.333303e-01	3.333406e-01	3.334438e-01
3.497584046262252e-07	3.333301e-01	3.333409e-01	3.334434e-01
3.497672617690821e-07	3.333300e-01	3.333411e-01	3.334429e-01
3.497761189119390e-07	3.333298e-01	3.333413e-01	3.334424e-01
3.497849760547959e-07	3.333296e-01	3.333414e-01	3.334420e-01
3.497938331976529e-07	3.333294e-01	3.333415e-01	3.334415e-01
3.498005474833670e-07	3.333292e-01	3.333415e-01	3.334411e-01
3.498072617690811e-07	3.333291e-01	3.333416e-01	3.334408e-01
3.498139760547952e-07	3.333289e-01	3.333415e-01	3.334404e-01
3.498206903405093e-07	3.333287e-01	3.333415e-01	3.334401e-01
3.498274046262234e-07	3.333285e-01	3.333414e-01	3.334397e-01
3.498341189119375e-07	3.333283e-01	3.333413e-01	3.334394e-01
3.498408331976517e-07	3.333281e-01	3.333412e-01	3.334390e-01
3.498519760547942e-07	3.333277e-01	3.333409e-01	3.334384e-01
3.498631189119368e-07	3.333273e-01	3.333405e-01	3.334378e-01
3.498742617690794e-07	3.333269e-01	3.333400e-01	3.334372e-01
3.498854046262220e-07	3.333264e-01	3.333395e-01	3.334366e-01
3.498965474833645e-07	3.333259e-01	3.333389e-01	3.334360e-01
3.499076903405071e-07	3.333254e-01	3.333382e-01	3.334354e-01
3.499188331976497e-07	3.333249e-01	3.333374e-01	3.334348e-01
3.499371189119349e-07	3.333239e-01	3.333359e-01	3.334339e-01
3.499554046262202e-07	3.333229e-01	3.333343e-01	3.334329e-01
3.499736903405054e-07	3.333217e-01	3.333324e-01	3.334320e-01
3.499919760547907e-07	3.333205e-01	3.333305e-01	3.334310e-01
3.500102617690759e-07	3.333193e-01	3.333283e-01	3.334300e-01
3.500285474833612e-07	3.333179e-01	3.333260e-01	3.334291e-01
3.500468331976464e-07	3.333164e-01	3.333235e-01	3.334281e-01
3.500631189119317e-07	3.333151e-01	3.333212e-01	3.334273e-01
3.500794046262170e-07	3.333137e-01	3.333188e-01	3.334264e-01
3.500956903405023e-07	3.333122e-01	3.333164e-01	3.334255e-01
3.501119760547877e-07	3.333106e-01	3.333140e-01	3.334247e-01
3.501282617690730e-07	3.333090e-01	3.333116e-01	3.334238e-01
3.501445474833583e-07	3.333074e-01	3.333091e-01	3.334230e-01
3.501608331976436e-07	3.333057e-01	3.333066e-01	3.334221e-01
3.501618331976435e-07	3.333055e-01	3.333064e-01	3.334221e-01
3.501852617690715e-07	3.333030e-01	3.333028e-01	3.334208e-01
3.502086903404995e-07	3.333003e-01	3.332993e-01	3.334196e-01
3.502321189119275e-07	3.332977e-01	3.332959e-01	3.334184e-01
3.502555474833554e-07	3.332949e-01	3.332927e-01	3.334172e-01
3.502789760547834e-07	3.332921e-01	3.332897e-01	3.334160e-01
3.503024046262114e-07	3.332892e-01	3.332868e-01	3.334148e-01
3.503258331976394e-07	3.332863e-01	3.332841e-01	3.334135e-01
3.503436903404961e-07	3.332841e-01	3.332822e-01	3.334126e-01
3.503615474833528e-07	3.332819e-01	3.332805e-01	3.334117e-01
3.503794046262094e-07	3.332797e-01	3.332790e-01	3.334108e-01
3.503972617690661e-07	3.332775e-01	3.332776e-01	3.334099e-01
3.504151189119228e-07	3.332753e-01	3.332765e-01	3.334089e-01
3.504329760547795e-07	3.332731e-01	3.332754e-01	3.334080e-01
3.504508331976362e-07	3.332710e-01	3.332746e-01	3.334071e-01
3.504621189119216e-07	3.332697e-01	3.332741e-01	3.334065e-01
3.504734046262071e-07	3.332683e-01	3.332738e-01	3.334059e-01
3.504846903404925e-07	3.332671e-01	3.332735e-01	3.334053e-01
3.504959760547779e-07	3.332658e-01	3.332733e-01	3.334048e-01
3.505072617690633e-07	3.332645e-01	3.332731e-01	3.334042e-01
3.505185474833488e-07	3.332633e-01	3.332731e-01	3.334036e-01
3.505298331976342e-07	3.332620e-01	3.332731e-01	3.334030e-01
3.505451189119195e-07	3.332604e-01	3.332732e-01	3.334022e-01
3.505604046262049e-07	3.332588e-01	3.332735e-01	3.334014e-01
3.505756903404902e-07	3.332573e-01	3.332739e-01	3.334006e-01
3.505909760547755e-07	3.332558e-01	3.332744e-01	3.333999e-01
3.506062617690608e-07	3.332544e-01	3.332751e-01	3.333991e-01
3.506215474833462e-07	3.332531e-01	3.332758e-01	3.333983e-01
3.506368331976315e-07	3.332517e-01	3.332767e-01	3.333975e-01
3.506616903404880e-07	3.332497e-01	3.332785e-01	3.333962e-01
3.506865474833445e-07	3.332479e-01	3.332805e-01	3.333950e-01
3.507114046262010e-07	3.332463e-01	3.332827e-01	3.333937e-01
3.507362617690575e-07	3.332448e-01	3.332852e-01	3.333924e-01
3.507611189119141e-07	3.332436e-01	3.332879e-01	3.333912e-01
3.507859760547706e-07	3.332425e-01	3.332909e-01	3.333899e-01
3.508108331976271e-07	3.332416e-01	3.332941e-01	3.333886e-01
3.508258331976267e-07	3.332411e-01	3.332961e-01	3.333878e-01
3.508408331976263e-07	3.332407e-01	3.332981e-01	3.333871e-01
3.508558331976259e-07	3.332405e-01	3.333002e-01	3.333863e-01
3.508708331976256e-07	3.332402e-01	3.333023e-01	3.333855e-01
3.508858331976252e-07	3.332401e-01	3.333044e-01	3.333848e-01
3.509008331976248e-07	3.332400e-01	3.333066e-01	3.333840e-01
3.509158331976244e-07	3.332400e-01	3.333089e-01	3.333833e-01
3.509346903404811e-07	3.332401e-01	3.333117e-01	3.333823e-01
3.509535474833378e-07	3.332403e-01	3.333146e-01	3.333813e-01
3.509724046261944e-07	3.332406e-01	3.333174e-01	3.333804e-01
3.509912617690511e-07	3.332410e-01	3.333203e-01	3.333794e-01
3.510101189119078e-07	3.332415e-01	3.333232e-01	3.333785e-01
3.510289760547644e-07	3.332422e-01	3.333260e-01	3.333775e-01
3.510478331976211e-07	3.332429e-01	3.333289e-01	3.333766e-01
3.510674046261920e-07	3.332438e-01	3.333319e-01	3.333756e-01
3.510869760547629e-07	3.332447e-01	3.333348e-01	3.333746e-01
3.511065474833339e-07	3.332458e-01	3.333377e-01	3.333736e-01
3.511261189119048e-07	3.332469e-01	3.333405e-01	3.333726e-01
3.511456903404757e-07	3.332482e-01	3.333432e-01	3.333716e-01
3.511652617690467e-07	3.332495e-01	3.333459e-01	3.333706e-01
3.511848331976176e-07	3.332509e-01	3.333485e-01	3.333696e-01
3.511858331976176e-07	3.332510e-01	3.333486e-01	3.333696e-01
3.512171189119025e-07	3.332535e-01	3.333527e-01	3.333680e-01
3.512484046261874e-07	3.332561e-01	3.333565e-01	3.333664e-01
3.512796903404724e-07	3.332589e-01	3.333600e-01	3.333649e-01
3.513109760547573e-07	3.332618e-01	3.333633e-01	3.333633e-01
3.513422617690422e-07	3.332649e-01	3.333663e-01	3.333618e-01
3.513735474833271e-07	3.332680e-01	3.333691e-01	3.333602e-01
3.514048331976120e-07	3.332714e-01	3.333716e-01	3.333586e-01
3.514318331976114e-07	3.332743e-01	3.333735e-01	3.333573e-01
3.514588331976107e-07	3.332772e-01	3.333752e-01	3.333560e-01
3.514858331976100e-07	3.332802e-01	3.333767e-01	3.333547e-01
3.515128331976093e-07	3.332832e-01	3.333779e-01	3.333533e-01
3.515398331976086e-07	3.332861e-01	3.333790e-01	3.333520e-01
3.515668331976079e-07	3.332892e-01	3.333799e-01	3.333507e-01
3.515938331976072e-07	3.332922e-01	3.333805e-01	3.333494e-01
3.516204046261780e-07	3.332951e-01	3.333809e-01	3.333481e-01
3.516469760547488e-07	3.332981e-01	3.333811e-01	3.333468e-01
3.516735474833195e-07	3.333009e-01	3.333812e-01	3.333455e-01
3.517001189118903e-07	3.333038e-01	3.333811e-01	3.333443e-01
3.517266903404610e-07	3.333065e-01	3.333808e-01	3.333430e-01
3.517532617690318e-07	3.333093e-01	3.333804e-01	3.333417e-01
3.517798331976025e-07	3.333120e-01	3.333798e-01	3.333405e-01
3.518219760547443e-07	3.333162e-01	3.333784e-01	3.333385e-01
3.518641189118861e-07	3.333201e-01	3.333768e-01	3.333365e-01
3.519062617690279e-07	3.333239e-01	3.333750e-01	3.333346e-01
3.519484046261697e-07	3.333275e-01	3.333729e-01	3.333327e-01
3.519905474833115e-07	3.333308e-01	3.333706e-01	3.333308e-01
3.520326903404533e-07	3.333340e-01	3.333680e-01	3.333289e-01
3.520748331975951e-07	3.333370e-01	3.333652e-01	3.333270e-01
3.520939760547374e-07	3.333383e-01	3.333639e-01	3.333262e-01
3.521131189118798e-07	3.333395e-01	3.333625e-01	3.333253e-01
3.521322617690222e-07	3.333407e-01	3.333612e-01	3.333245e-01
3.521514046261646e-07	3.333418e-01	3.333598e-01	3.333237e-01
3.521705474833069e-07	3.333430e-01	3.333584e-01	3.333228e-01
3.521896903404493e-07	3.333440e-01	3.333570e-01	3.333220e-01
3.522088331975917e-07	3.333451e-01	3.333556e-01	3.333212e-01
3.522098331975916e-07	3.333451e-01	3.333555e-01	3.333212e-01
3.522602617690189e-07	3.333476e-01	3.333517e-01	3.333191e-01
3.523106903404462e-07	3.333499e-01	3.333479e-01	3.333170e-01
3.523611189118735e-07	3.333520e-01	3.333442e-01	3.333149e-01
3.524115474833008e-07	3.333539e-01	3.333405e-01	3.333129e-01
3.524619760547281e-07	3.333556e-01	3.333368e-01	3.333110e-01
3.525124046261554e-07	3.333571e-01	3.333333e-01	3.333091e-01
3.525628331975827e-07	3.333584e-01	3.333297e-01	3.333072e-01
3.525796903404394e-07	3.333589e-01	3.333286e-01	3.333066e-01
3.525965474832961e-07	3.333593e-01	3.333275e-01	3.333059e-01
3.526134046261528e-07	3.333597e-01	3.333264e-01	3.333053e-01
3.526302617690096e-07	3.333601e-01	3.333253e-01	3.333047e-01
3.526471189118663e-07	3.333605e-01	3.333243e-01	3.333041e-01
3.526639760547230e-07	3.333609e-01	3.333232e-01	3.333036e-01
3.526808331975797e-07	3.333613e-01	3.333222e-01	3.333030e-01
3.526818331975797e-07	3.333614e-01	3.333222e-01	3.333029e-01
3.526828331975797e-07	3.333614e-01	3.333222e-01	3.333029e-01
3.526838331975796e-07	3.333614e-01	3.333220e-01	3.333029e-01
3.526858331975796e-07	3.333614e-01	3.333219e-01	3.333028e-01
3.526878331975795e-07	3.333615e-01	3.333218e-01	3.333027e-01
3.526888331975795e-07	3.333615e-01	3.333217e-01	3.333027e-01
3.526954046261508e-07	3.333617e-01	3.333213e-01	3.333025e-01
3.527019760547220e-07	3.333618e-01	3.333210e-01	3.333022e-01
3.527085474832933e-07	3.333620e-01	3.333206e-01	3.333020e-01
3.527151189118646e-07	3.333621e-01	3.333202e-01	3.333018e-01
3.527216903404358e-07	3.333623e-01	3.333198e-01	3.333016e-01
3.527282617690071e-07	3.333625e-01	3.333194e-01	3.333013e-01
3.527348331975783e-07	3.333627e-01	3.333190e-01	3.333011e-01
3.527434046261496e-07	3.333629e-01	3.333186e-01	3.333008e-01
3.527519760547208e-07	3.333632e-01	3.333181e-01	3.333005e-01
3.527605474832920e-07	3.333635e-01	3.333176e-01	3.333003e-01
3.527691189118632e-07	3.333638e-01	3.333172e-01	3.333000e-01
3.527776903404344e-07	3.333642e-01	3.333168e-01	3.332997e-01
3.527862617690056e-07	3.333646e-01	3.333164e-01	3.332994e-01
3.527948331975768e-07	3.333650e-01	3.333160e-01	3.332991e-01
3.528084046261479e-07	3.333656e-01	3.333153e-01	3.332987e-01
3.528219760547190e-07	3.333664e-01	3.333148e-01	3.332983e-01
3.528355474832901e-07	3.333671e-01	3.333142e-01	3.332978e-01
3.528491189118612e-07	3.333680e-01	3.333137e-01	3.332974e-01
3.528626903404322e-07	3.333688e-01	3.333133e-01	3.332970e-01
3.528762617690033e-07	3.333698e-01	3.333129e-01	3.332965e-01
3.528898331975744e-07	3.333707e-01	3.333126e-01	3.332961e-01
3.529006903404313e-07	3.333715e-01	3.333123e-01	3.332958e-01
3.529115474832881e-07	3.333724e-01	3.333121e-01	3.332955e-01
3.529224046261450e-07	3.333732e-01	3.333119e-01	3.332951e-01
3.529332617690019e-07	3.333740e-01	3.333118e-01	3.332948e-01
3.529441189118588e-07	3.333749e-01	3.333117e-01	3.332945e-01
3.529549760547156e-07	3.333758e-01	3.333116e-01	3.332942e-01
3.529658331975725e-07	3.333766e-01	3.333115e-01	3.332939e-01
3.529768331975722e-07	3.333775e-01	3.333115e-01	3.332935e-01
3.529878331975719e-07	3.333785e-01	3.333115e-01	3.332932e-01
3.529988331975717e-07	3.333794e-01	3.333115e-01	3.332929e-01
3.530098331975714e-07	3.333803e-01	3.333115e-01	3.332926e-01
3.530208331975711e-07	3.333812e-01	3.333116e-01	3.332923e-01
3.530318331975708e-07	3.333821e-01	3.333117e-01	3.332920e-01
3.530428331975705e-07	3.333830e-01	3.333118e-01	3.332917e-01
3.530629760547129e-07	3.333846e-01	3.333120e-01	3.332911e-01
3.530831189118552e-07	3.333862e-01	3.333123e-01	3.332906e-01
3.531032617689976e-07	3.333877e-01	3.333125e-01	3.332901e-01
3.531234046261399e-07	3.333893e-01	3.333128e-01	3.332895e-01
3.531435474832823e-07	3.333907e-01	3.333130e-01	3.332890e-01
3.531636903404246e-07	3.333922e-01	3.333133e-01	3.332885e-01
3.531838331975670e-07	3.333936e-01	3.333136e-01	3.332880e-01
3.531908331975668e-07	3.333941e-01	3.333136e-01	3.332878e-01
3.531978331975666e-07	3.333945e-01	3.333137e-01	3.332877e-01
3.532048331975664e-07	3.333950e-01	3.333137e-01	3.332875e-01
3.532118331975663e-07	3.333955e-01	3.333138e-01	3.332873e-01
3.532188331975661e-07	3.333959e-01	3.333138e-01	3.332872e-01
3.532258331975659e-07	3.333964e-01	3.333139e-01	3.332870e-01
3.532328331975657e-07	3.333969e-01	3.333139e-01	3.332869e-01
3.532338331975657e-07	3.333969e-01	3.333139e-01	3.332868e-01
3.532448331975654e-07	3.333976e-01	3.333139e-01	3.332866e-01
3.532558331975651e-07	3.333983e-01	3.333139e-01	3.332863e-01
3.532668331975649e-07	3.333990e-01	3.333139e-01	3.332861e-01
3.532778331975646e-07	3.333997e-01	3.333139e-01	3.332858e-01
3.532888331975643e-07	3.334003e-01	3.333138e-01	3.332856e-01
3.532998331975640e-07	3.334010e-01	3.333137e-01	3.332853e-01
3.533108331975637e-07	3.334017e-01	3.333136e-01	3.332851e-01
3.533254046261348e-07	3.334025e-01	3.333134e-01	3.332848e-01
3.533399760547059e-07	3.334034e-01	3.333131e-01	3.332845e-01
3.533545474832769e-07	3.334043e-01	3.333128e-01	3.332841e-01
3.533691189118480e-07	3.334051e-01	3.333125e-01	3.332838e-01
3.533836903404190e-07	3.334060e-01	3.333121e-01	3.332835e-01
3.533982617689901e-07	3.334069e-01	3.333116e-01	3.332833e-01
3.534128331975612e-07	3.334078e-01	3.333111e-01	3.332830e-01
3.534328331975607e-07	3.334090e-01	3.333102e-01	3.332826e-01
3.534528331975601e-07	3.334102e-01	3.333094e-01	3.332822e-01
3.534728331975596e-07	3.334115e-01	3.333084e-01	3.332818e-01
3.534928331975591e-07	3.334128e-01	3.333073e-01	3.332815e-01
3.535128331975586e-07	3.334142e-01	3.333062e-01	3.332811e-01
3.535328331975581e-07	3.334156e-01	3.333050e-01	3.332808e-01
3.535528331975576e-07	3.334171e-01	3.333037e-01	3.332805e-01
3.535812617689855e-07	3.334192e-01	3.333017e-01	3.332800e-01
3.536096903404133e-07	3.334215e-01	3.332997e-01	3.332796e-01
3.536381189118412e-07	3.334239e-01	3.332977e-01	3.332791e-01
3.536665474832690e-07	3.334264e-01	3.332958e-01	3.332787e-01
3.536949760546969e-07	3.334290e-01	3.332938e-01	3.332783e-01
3.537234046261247e-07	3.334318e-01	3.332918e-01	3.332780e-01
3.537518331975526e-07	3.334347e-01	3.332898e-01	3.332776e-01
3.537751189118377e-07	3.334372e-01	3.332883e-01	3.332773e-01
3.537984046261228e-07	3.334397e-01	3.332870e-01	3.332771e-01
3.538216903404079e-07	3.334423e-01	3.332857e-01	3.332768e-01
3.538449760546931e-07	3.334450e-01	3.332847e-01	3.332766e-01
3.538682617689782e-07	3.334478e-01	3.332837e-01	3.332763e-01
3.538915474832633e-07	3.334506e-01	3.332829e-01	3.332761e-01
3.539148331975484e-07	3.334534e-01	3.332822e-01	3.332759e-01
3.539302617689766e-07	3.334553e-01	3.332819e-01	3.332758e-01
3.539456903404048e-07	3.334572e-01	3.332817e-01	3.332757e-01
3.539611189118330e-07	3.334592e-01	3.332815e-01	3.332756e-01
3.539765474832612e-07	3.334611e-01	3.332815e-01	3.332754e-01
3.539919760546893e-07	3.334631e-01	3.332815e-01	3.332753e-01
3.540074046261175e-07	3.334651e-01	3.332817e-01	3.332752e-01
3.540228331975457e-07	3.334670e-01	3.332819e-01	3.332751e-01
3.540426903404023e-07	3.334696e-01	3.332823e-01	3.332750e-01
3.540625474832590e-07	3.334721e-01	3.332829e-01	3.332749e-01
3.540824046261156e-07	3.334746e-01	3.332837e-01	3.332748e-01
3.541022617689723e-07	3.334771e-01	3.332847e-01	3.332747e-01
3.541221189118289e-07	3.334796e-01	3.332858e-01	3.332746e-01
3.541419760546855e-07	3.334821e-01	3.332871e-01	3.332745e-01
3.541618331975422e-07	3.334845e-01	3.332886e-01	3.332744e-01
3.541754046261133e-07	3.334862e-01	3.332897e-01	3.332743e-01
3.541889760546844e-07	3.334878e-01	3.332909e-01	3.332743e-01
3.542025474832554e-07	3.334894e-01	3.332922e-01	3.332743e-01
3.542161189118265e-07	3.334909e-01	3.332936e-01	3.332742e-01
3.542296903403976e-07	3.334925e-01	3.332950e-01	3.332742e-01
3.542432617689687e-07	3.334940e-01	3.332965e-01	3.332742e-01
3.542568331975398e-07	3.334955e-01	3.332981e-01	3.332741e-01
3.542578331975398e-07	3.334956e-01	3.332982e-01	3.332741e-01
3.542935474832531e-07	3.334995e-01	3.333028e-01	3.332741e-01
3.543292617689665e-07	3.335030e-01	3.333077e-01	3.332740e-01
3.543649760546799e-07	3.335062e-01	3.333131e-01	3.332740e-01
3.544006903403933e-07	3.335092e-01	3.333188e-01	3.332740e-01
3.544364046261067e-07	3.335118e-01	3.333249e-01	3.332741e-01
3.544721189118200e-07	3.335142e-01	3.333314e-01	3.332742e-01
3.545078331975334e-07	3.335162e-01	3.333382e-01	3.332742e-01
3.545299760546757e-07	3.335173e-01	3.333425e-01	3.332743e-01
3.545521189118180e-07	3.335182e-01	3.333469e-01	3.332744e-01
3.545742617689603e-07	3.335189e-01	3.333512e-01	3.332744e-01
3.545964046261026e-07	3.335195e-01	3.333556e-01	3.332745e-01
3.546185474832449e-07	3.335200e-01	3.333600e-01	3.332746e-01
3.546406903403872e-07	3.335203e-01	3.333645e-01	3.332747e-01
3.546628331975295e-07	3.335204e-01	3.333690e-01	3.332748e-01
3.546808331975290e-07	3.335205e-01	3.333726e-01	3.332749e-01
3.546988331975286e-07	3.335204e-01	3.333762e-01	3.332750e-01
3.547168331975281e-07	3.335202e-01	3.333797e-01	3.332751e-01
3.547348331975277e-07	3.335199e-01	3.333833e-01	3.332753e-01
3.547528331975272e-07	3.335195e-01	3.333867e-01	3.332754e-01
3.547708331975268e-07	3.335189e-01	3.333902e-01	3.332755e-01
3.547888331975263e-07	3.335183e-01	3.333936e-01	3.332756e-01
3.548271189118110e-07	3.335167e-01	3.334008e-01	3.332759e-01
3.548654046260958e-07	3.335146e-01	3.334075e-01	3.332762e-01
3.549036903403805e-07	3.335120e-01	3.334138e-01	3.332765e-01
3.549419760546653e-07	3.335090e-01	3.334196e-01	3.332769e-01
3.549802617689500e-07	3.335056e-01	3.334250e-01	3.332772e-01
3.550185474832348e-07	3.335018e-01	3.334300e-01	3.332776e-01
3.550568331975195e-07	3.334975e-01	3.334346e-01	3.332780e-01
3.550844046260902e-07	3.334942e-01	3.334374e-01	3.332783e-01
3.551119760546610e-07	3.334907e-01	3.334399e-01	3.332786e-01
3.551395474832317e-07	3.334870e-01	3.334422e-01	3.332789e-01
3.551671189118024e-07	3.334832e-01	3.334441e-01	3.332792e-01
3.551946903403732e-07	3.334791e-01	3.334457e-01	3.332795e-01
3.552222617689439e-07	3.334750e-01	3.334470e-01	3.332799e-01
3.552498331975146e-07	3.334706e-01	3.334479e-01	3.332802e-01
3.552818331975138e-07	3.334654e-01	3.334486e-01	3.332806e-01
3.552996903403705e-07	3.334624e-01	3.334488e-01	3.332809e-01
3.553175474832272e-07	3.334593e-01	3.334489e-01	3.332811e-01
3.553354046260839e-07	3.334562e-01	3.334488e-01	3.332813e-01
3.553532617689406e-07	3.334531e-01	3.334486e-01	3.332816e-01
3.553711189117973e-07	3.334499e-01	3.334483e-01	3.332818e-01
3.553889760546540e-07	3.334466e-01	3.334478e-01	3.332821e-01
3.554068331975106e-07	3.334433e-01	3.334472e-01	3.332823e-01
3.554431189117954e-07	3.334365e-01	3.334455e-01	3.332828e-01
3.554794046260802e-07	3.334295e-01	3.334433e-01	3.332834e-01
3.555156903403650e-07	3.334224e-01	3.334407e-01	3.332839e-01
3.555519760546498e-07	3.334152e-01	3.334376e-01	3.332845e-01
3.555882617689346e-07	3.334079e-01	3.334341e-01	3.332850e-01
3.556245474832194e-07	3.334005e-01	3.334301e-01	3.332856e-01
3.556608331975042e-07	3.333930e-01	3.334256e-01	3.332862e-01
3.557409760546450e-07	3.333760e-01	3.334137e-01	3.332875e-01
3.558211189117859e-07	3.333593e-01	3.334012e-01	3.332888e-01
3.559012617689267e-07	3.333429e-01	3.333881e-01	3.332902e-01
3.559814046260675e-07	3.333269e-01	3.333743e-01	3.332915e-01
3.560615474832083e-07	3.333111e-01	3.333600e-01	3.332930e-01
3.561416903403492e-07	3.332956e-01	3.333450e-01	3.332944e-01
3.562218331974900e-07	3.332804e-01	3.333294e-01	3.332959e-01
3.563058331974879e-07	3.332656e-01	3.333144e-01	3.332974e-01
3.563569760546294e-07	3.332570e-01	3.333056e-01	3.332983e-01
3.564081189117710e-07	3.332487e-01	3.332973e-01	3.332992e-01
3.564592617689126e-07	3.332407e-01	3.332895e-01	3.333002e-01
3.565104046260541e-07	3.332332e-01	3.332821e-01	3.333011e-01
3.565615474831957e-07	3.332260e-01	3.332752e-01	3.333020e-01
3.566126903403372e-07	3.332191e-01	3.332688e-01	3.333030e-01
3.566638331974788e-07	3.332126e-01	3.332628e-01	3.333039e-01
3.569768331974709e-07	3.331817e-01	3.332399e-01	3.333095e-01
3.570064046260415e-07	3.331795e-01	3.332389e-01	3.333100e-01
3.570359760546122e-07	3.331775e-01	3.332381e-01	3.333105e-01
3.570655474831829e-07	3.331756e-01	3.332374e-01	3.333110e-01
3.570951189117536e-07	3.331738e-01	3.332370e-01	3.333115e-01
3.571246903403243e-07	3.331722e-01	3.332367e-01	3.333121e-01
3.571542617688949e-07	3.331707e-01	3.332367e-01	3.333126e-01
3.571838331974656e-07	3.331693e-01	3.332368e-01	3.333131e-01
3.572045474831794e-07	3.331684e-01	3.332369e-01	3.333134e-01
3.572252617688931e-07	3.331676e-01	3.332372e-01	3.333138e-01
3.572459760546069e-07	3.331668e-01	3.332375e-01	3.333141e-01
3.572666903403207e-07	3.331661e-01	3.332379e-01	3.333144e-01
3.572874046260344e-07	3.331655e-01	3.332383e-01	3.333148e-01
3.573081189117482e-07	3.331649e-01	3.332389e-01	3.333151e-01
3.573288331974619e-07	3.331643e-01	3.332395e-01	3.333155e-01
3.573298331974619e-07	3.331643e-01	3.332396e-01	3.333155e-01
3.573904046260318e-07	3.331632e-01	3.332419e-01	3.333165e-01
3.574509760546017e-07	3.331624e-01	3.332446e-01	3.333174e-01
3.575115474831716e-07	3.331621e-01	3.332477e-01	3.333184e-01
3.575721189117415e-07	3.331623e-01	3.332513e-01	3.333193e-01
3.576326903403114e-07	3.331628e-01	3.332552e-01	3.333202e-01
3.576932617688813e-07	3.331639e-01	3.332595e-01	3.333211e-01
3.577538331974512e-07	3.331653e-01	3.332642e-01	3.333220e-01
3.578262617688779e-07	3.331676e-01	3.332702e-01	3.333230e-01
3.578986903403047e-07	3.331703e-01	3.332761e-01	3.333241e-01
3.579711189117314e-07	3.331734e-01	3.332821e-01	3.333250e-01
3.580435474831581e-07	3.331769e-01	3.332881e-01	3.333260e-01
3.581159760545849e-07	3.331808e-01	3.332941e-01	3.333269e-01
3.581884046260116e-07	3.331851e-01	3.333002e-01	3.333278e-01
3.582608331974383e-07	3.331898e-01	3.333062e-01	3.333287e-01
3.583538331974360e-07	3.331962e-01	3.333135e-01	3.333297e-01
3.583941189117207e-07	3.331991e-01	3.333165e-01	3.333302e-01
3.584344046260054e-07	3.332021e-01	3.333195e-01	3.333306e-01
3.584746903402901e-07	3.332051e-01	3.333223e-01	3.333310e-01
3.585149760545748e-07	3.332082e-01	3.333251e-01	3.333315e-01
3.585552617688594e-07	3.332113e-01	3.333277e-01	3.333319e-01
3.585955474831441e-07	3.332145e-01	3.333303e-01	3.333323e-01
3.586358331974288e-07	3.332177e-01	3.333327e-01	3.333327e-01
3.586469760545714e-07	3.332186e-01	3.333334e-01	3.333328e-01
3.586581189117140e-07	3.332195e-01	3.333341e-01	3.333329e-01
3.586692617688566e-07	3.332204e-01	3.333347e-01	3.333330e-01
3.586804046259991e-07	3.332213e-01	3.333353e-01	3.333331e-01
3.586915474831417e-07	3.332222e-01	3.333360e-01	3.333333e-01
3.587026903402843e-07	3.332231e-01	3.333366e-01	3.333334e-01
3.587138331974269e-07	3.332240e-01	3.333372e-01	3.333335e-01
3.587306903402836e-07	3.332254e-01	3.333381e-01	3.333337e-01
3.587475474831403e-07	3.332268e-01	3.333390e-01	3.333340e-01
3.587644046259970e-07	3.332282e-01	3.333398e-01	3.333343e-01
3.587812617688537e-07	3.332296e-01	3.333407e-01	3.333346e-01
3.587981189117104e-07	3.332309e-01	3.333415e-01	3.333350e-01
3.588149760545672e-07	3.332323e-01	3.333423e-01	3.333355e-01
3.588318331974239e-07	3.332337e-01	3.333431e-01	3.333360e-01
3.588491189117091e-07	3.332352e-01	3.333439e-01	3.333365e-01
3.588664046259944e-07	3.332366e-01	3.333446e-01	3.333372e-01
3.588836903402797e-07	3.332381e-01	3.333454e-01	3.333379e-01
3.589009760545650e-07	3.332395e-01	3.333461e-01	3.333387e-01
3.589182617688502e-07	3.332409e-01	3.333468e-01	3.333396e-01
3.589355474831355e-07	3.332424e-01	3.333474e-01	3.333406e-01
3.589528331974208e-07	3.332438e-01	3.333481e-01	3.333416e-01
3.589782617688487e-07	3.332459e-01	3.333490e-01	3.333433e-01
3.590036903402767e-07	3.332480e-01	3.333499e-01	3.333451e-01
3.590291189117046e-07	3.332502e-01	3.333507e-01	3.333472e-01
3.590545474831325e-07	3.332523e-01	3.333515e-01	3.333493e-01
3.590799760545604e-07	3.332544e-01	3.333523e-01	3.333516e-01
3.591054046259884e-07	3.332565e-01	3.333530e-01	3.333541e-01
3.591308331974163e-07	3.332585e-01	3.333536e-01	3.333567e-01
3.591659760545583e-07	3.332614e-01	3.333545e-01	3.333606e-01
3.592011189117002e-07	3.332643e-01	3.333552e-01	3.333645e-01
3.592362617688422e-07	3.332671e-01	3.333559e-01	3.333686e-01
3.592714046259842e-07	3.332699e-01	3.333565e-01	3.333727e-01
3.593065474831261e-07	3.332727e-01	3.333571e-01	3.333770e-01
3.593416903402681e-07	3.332755e-01	3.333575e-01	3.333813e-01
3.593768331974101e-07	3.332782e-01	3.333579e-01	3.333857e-01
3.593778331974100e-07	3.332783e-01	3.333579e-01	3.333859e-01
3.594175474831233e-07	3.332814e-01	3.333583e-01	3.333908e-01
3.594572617688366e-07	3.332844e-01	3.333586e-01	3.333956e-01
3.594969760545499e-07	3.332873e-01	3.333588e-01	3.334002e-01
3.595366903402632e-07	3.332903e-01	3.333589e-01	3.334047e-01
3.595764046259764e-07	3.332932e-01	3.333589e-01	3.334090e-01
3.596161189116897e-07	3.332960e-01	3.333589e-01	3.334131e-01
3.596558331974030e-07	3.332988e-01	3.333588e-01	3.334171e-01
3.597018331974018e-07	3.333020e-01	3.333586e-01	3.334214e-01
3.597478331974007e-07	3.333051e-01	3.333584e-01	3.334254e-01
3.597938331973995e-07	3.333081e-01	3.333581e-01	3.334289e-01
3.598398331973983e-07	3.333110e-01	3.333577e-01	3.334321e-01
3.598858331973972e-07	3.333139e-01	3.333572e-01	3.334349e-01
3.599318331973960e-07	3.333167e-01	3.333567e-01	3.334373e-01
3.599778331973948e-07	3.333194e-01	3.333561e-01	3.334394e-01
3.600152617688225e-07	3.333215e-01	3.333557e-01	3.334407e-01
3.600526903402501e-07	3.333236e-01	3.333551e-01	3.334418e-01
3.600901189116777e-07	3.333257e-01	3.333546e-01	3.334426e-01
3.601275474831053e-07	3.333277e-01	3.333540e-01	3.334432e-01
3.601649760545329e-07	3.333296e-01	3.333535e-01	3.334435e-01
3.602024046259606e-07	3.333315e-01	3.333529e-01	3.334435e-01
3.602398331973882e-07	3.333333e-01	3.333522e-01	3.334433e-01
3.602628331973876e-07	3.333344e-01	3.333519e-01	3.334430e-01
3.602858331973870e-07	3.333355e-01	3.333515e-01	3.334426e-01
3.603088331973864e-07	3.333366e-01	3.333511e-01	3.334421e-01
3.603318331973859e-07	3.333376e-01	3.333507e-01	3.334415e-01
3.603548331973853e-07	3.333386e-01	3.333503e-01	3.334408e-01
3.603778331973847e-07	3.333396e-01	3.333499e-01	3.334400e-01
3.604008331973841e-07	3.333406e-01	3.333495e-01	3.334391e-01
3.604018331973841e-07	3.333406e-01	3.333495e-01	3.334391e-01
3.604554046259542e-07	3.333428e-01	3.333485e-01	3.334365e-01
3.605089760545242e-07	3.333449e-01	3.333476e-01	3.334334e-01
3.605625474830943e-07	3.333469e-01	3.333467e-01	3.334299e-01
3.606161189116644e-07	3.333488e-01	3.333457e-01	3.334258e-01
3.606696903402344e-07	3.333506e-01	3.333448e-01	3.334212e-01
3.607232617688045e-07	3.333523e-01	3.333439e-01	3.334160e-01
3.607768331973746e-07	3.333539e-01	3.333430e-01	3.334104e-01
3.608545474830869e-07	3.333560e-01	3.333417e-01	3.334012e-01
3.609322617687992e-07	3.333580e-01	3.333405e-01	3.333915e-01
3.610099760545115e-07	3.333598e-01	3.333394e-01	3.333812e-01
3.610876903402239e-07	3.333614e-01	3.333383e-01	3.333703e-01
3.611654046259362e-07	3.333628e-01	3.333373e-01	3.333588e-01
3.612431189116485e-07	3.333641e-01	3.333363e-01	3.333468e-01
3.613208331973608e-07	3.333652e-01	3.333354e-01	3.333342e-01
3.614258331973581e-07	3.333665e-01	3.333343e-01	3.333175e-01
3.614832617687853e-07	3.333671e-01	3.333338e-01	3.333082e-01
3.615406903402124e-07	3.333676e-01	3.333333e-01	3.332992e-01
3.615981189116395e-07	3.333681e-01	3.333328e-01	3.332904e-01
3.616555474830666e-07	3.333685e-01	3.333324e-01	3.332818e-01
3.617129760544937e-07	3.333689e-01	3.333320e-01	3.332735e-01
3.617704046259208e-07	3.333692e-01	3.333317e-01	3.332653e-01
3.618278331973480e-07	3.333694e-01	3.333314e-01	3.332573e-01
3.618298331973479e-07	3.333694e-01	3.333314e-01	3.332572e-01
3.618666903402041e-07	3.333696e-01	3.333312e-01	3.332525e-01
3.619035474830603e-07	3.333697e-01	3.333310e-01	3.332477e-01
3.619404046259165e-07	3.333698e-01	3.333309e-01	3.332430e-01
3.619772617687727e-07	3.333699e-01	3.333307e-01	3.332383e-01
3.620141189116290e-07	3.333699e-01	3.333306e-01	3.332336e-01
3.620509760544852e-07	3.333700e-01	3.333305e-01	3.332290e-01
3.620878331973414e-07	3.333700e-01	3.333304e-01	3.332243e-01
3.621156903401978e-07	3.333700e-01	3.333303e-01	3.332206e-01
3.621435474830542e-07	3.333700e-01	3.333302e-01	3.332168e-01
3.621714046259107e-07	3.333700e-01	3.333302e-01	3.332129e-01
3.621992617687671e-07	3.333700e-01	3.333301e-01	3.332089e-01
3.622271189116236e-07	3.333700e-01	3.333301e-01	3.332048e-01
3.622549760544800e-07	3.333700e-01	3.333300e-01	3.332007e-01
3.622828331973364e-07	3.333699e-01	3.333300e-01	3.331965e-01
3.623065474830501e-07	3.333699e-01	3.333300e-01	3.331929e-01
3.623302617687638e-07	3.333699e-01	3.333299e-01	3.331893e-01
3.623539760544775e-07	3.333698e-01	3.333299e-01	3.331857e-01
3.623776903401912e-07	3.333698e-01	3.333299e-01	3.331821e-01
3.624014046259049e-07	3.333697e-01	3.333299e-01	3.331785e-01
3.624251189116185e-07	3.333697e-01	3.333299e-01	3.331750e-01
3.624488331973322e-07	3.333696e-01	3.333299e-01	3.331714e-01
3.624498331973322e-07	3.333696e-01	3.333299e-01	3.331712e-01
3.624854046259027e-07	3.333695e-01	3.333299e-01	3.331660e-01
3.625209760544733e-07	3.333694e-01	3.333299e-01	3.331610e-01
3.625565474830438e-07	3.333693e-01	3.333299e-01	3.331562e-01
3.625921189116143e-07	3.333692e-01	3.333299e-01	3.331516e-01
3.626276903401848e-07	3.333691e-01	3.333299e-01	3.331473e-01
3.626632617687554e-07	3.333690e-01	3.333299e-01	3.331432e-01
3.626988331973259e-07	3.333688e-01	3.333300e-01	3.331392e-01
3.627319760544679e-07	3.333687e-01	3.333300e-01	3.331359e-01
3.627651189116099e-07	3.333686e-01	3.333300e-01	3.331329e-01
3.627982617687519e-07	3.333684e-01	3.333301e-01	3.331301e-01
3.628314046258940e-07	3.333683e-01	3.333301e-01	3.331275e-01
3.628645474830360e-07	3.333681e-01	3.333302e-01	3.331253e-01
3.628976903401780e-07	3.333680e-01	3.333302e-01	3.331233e-01
3.629308331973200e-07	3.333678e-01	3.333303e-01	3.331215e-01
3.629806903401759e-07	3.333676e-01	3.333304e-01	3.331195e-01
3.630305474830318e-07	3.333673e-01	3.333305e-01	3.331179e-01
3.630804046258877e-07	3.333671e-01	3.333306e-01	3.331168e-01
3.631302617687435e-07	3.333668e-01	3.333307e-01	3.331162e-01
3.631801189115994e-07	3.333666e-01	3.333308e-01	3.331161e-01
3.632299760544553e-07	3.333663e-01	3.333309e-01	3.331165e-01
3.632798331973112e-07	3.333660e-01	3.333310e-01	3.331174e-01
3.633074046258819e-07	3.333659e-01	3.333310e-01	3.331180e-01
3.633349760544526e-07	3.333658e-01	3.333311e-01	3.331188e-01
3.633625474830234e-07	3.333656e-01	3.333312e-01	3.331196e-01
3.633901189115941e-07	3.333655e-01	3.333312e-01	3.331206e-01
3.634176903401648e-07	3.333653e-01	3.333313e-01	3.331217e-01
3.634452617687356e-07	3.333651e-01	3.333313e-01	3.331229e-01
3.634728331973063e-07	3.333650e-01	3.333314e-01	3.331242e-01
3.634738331973063e-07	3.333650e-01	3.333314e-01	3.331243e-01
3.635381189115903e-07	3.333646e-01	3.333315e-01	3.331277e-01
3.636024046258744e-07	3.333642e-01	3.333317e-01	3.331318e-01
3.636666903401585e-07	3.333638e-01	3.333318e-01	3.331365e-01
3.637309760544426e-07	3.333635e-01	3.333320e-01	3.331418e-01
3.637952617687267e-07	3.333631e-01	3.333321e-01	3.331476e-01
3.638595474830108e-07	3.333627e-01	3.333323e-01	3.331542e-01
3.639238331972949e-07	3.333623e-01	3.333324e-01	3.331613e-01
3.639894046258646e-07	3.333619e-01	3.333326e-01	3.331693e-01
3.640549760544344e-07	3.333615e-01	3.333327e-01	3.331779e-01
3.641205474830042e-07	3.333611e-01	3.333329e-01	3.331873e-01
3.641861189115739e-07	3.333607e-01	3.333330e-01	3.331973e-01
3.642516903401437e-07	3.333603e-01	3.333331e-01	3.332080e-01
3.643172617687135e-07	3.333599e-01	3.333332e-01	3.332194e-01
3.643828331972832e-07	3.333595e-01	3.333334e-01	3.332315e-01
3.644978331972803e-07	3.333588e-01	3.333336e-01	3.332540e-01
3.646371189115625e-07	3.333580e-01	3.333338e-01	3.332853e-01
3.647764046258447e-07	3.333571e-01	3.333340e-01	3.333163e-01
3.649156903401269e-07	3.333562e-01	3.333343e-01	3.333471e-01
3.650549760544091e-07	3.333553e-01	3.333345e-01	3.333776e-01
3.651942617686912e-07	3.333544e-01	3.333346e-01	3.334079e-01
3.653335474829734e-07	3.333535e-01	3.333348e-01	3.334378e-01
3.654728331972556e-07	3.333526e-01	3.333350e-01	3.334675e-01
3.655218331972544e-07	3.333523e-01	3.333350e-01	3.334767e-01
3.655901189115384e-07	3.333518e-01	3.333351e-01	3.334889e-01
3.656584046258223e-07	3.333513e-01	3.333352e-01	3.335003e-01
3.657266903401063e-07	3.333509e-01	3.333352e-01	3.335108e-01
3.657949760543903e-07	3.333504e-01	3.333353e-01	3.335205e-01
3.658632617686743e-07	3.333500e-01	3.333353e-01	3.335293e-01
3.659315474829583e-07	3.333495e-01	3.333354e-01	3.335373e-01
3.659998331972423e-07	3.333490e-01	3.333355e-01	3.335444e-01
3.660545474829552e-07	3.333487e-01	3.333355e-01	3.335494e-01
3.661092617686681e-07	3.333483e-01	3.333355e-01	3.335538e-01
3.661639760543810e-07	3.333479e-01	3.333356e-01	3.335576e-01
3.662186903400939e-07	3.333476e-01	3.333356e-01	3.335608e-01
3.662734046258068e-07	3.333472e-01	3.333357e-01	3.335635e-01
3.663281189115197e-07	3.333468e-01	3.333357e-01	3.335655e-01
3.663828331972326e-07	3.333464e-01	3.333357e-01	3.335670e-01
3.664059760543748e-07	3.333463e-01	3.333357e-01	3.335675e-01
3.664291189115171e-07	3.333461e-01	3.333358e-01	3.335679e-01
3.664522617686594e-07	3.333460e-01	3.333358e-01	3.335682e-01
3.664754046258016e-07	3.333458e-01	3.333358e-01	3.335684e-01
3.664985474829439e-07	3.333457e-01	3.333358e-01	3.335685e-01
3.665216903400862e-07	3.333455e-01	3.333358e-01	3.335685e-01
3.665448331972285e-07	3.333454e-01	3.333358e-01	3.335684e-01
3.665458331972284e-07	3.333453e-01	3.333358e-01	3.335684e-01
3.666229760543693e-07	3.333448e-01	3.333359e-01	3.335673e-01
3.667001189115102e-07	3.333443e-01	3.333359e-01	3.335654e-01
3.667772617686511e-07	3.333438e-01	3.333360e-01	3.335627e-01
3.668544046257920e-07	3.333433e-01	3.333360e-01	3.335592e-01
3.669315474829329e-07	3.333428e-01	3.333360e-01	3.335549e-01
3.670086903400738e-07	3.333423e-01	3.333360e-01	3.335498e-01
3.670858331972147e-07	3.333418e-01	3.333361e-01	3.335439e-01
3.671548331972130e-07	3.333413e-01	3.333361e-01	3.335382e-01
3.672238331972112e-07	3.333409e-01	3.333361e-01	3.335321e-01
3.672928331972095e-07	3.333404e-01	3.333361e-01	3.335257e-01
3.673618331972078e-07	3.333400e-01	3.333361e-01	3.335190e-01
3.674308331972060e-07	3.333396e-01	3.333361e-01	3.335120e-01
3.674998331972043e-07	3.333392e-01	3.333361e-01	3.335046e-01
3.675688331972025e-07	3.333388e-01	3.333361e-01	3.334970e-01
3.675698331972025e-07	3.333388e-01	3.333361e-01	3.334968e-01
3.675974046257732e-07	3.333386e-01	3.333361e-01	3.334938e-01
3.676249760543439e-07	3.333384e-01	3.333361e-01	3.334907e-01
3.676525474829147e-07	3.333383e-01	3.333361e-01	3.334875e-01
3.676801189114854e-07	3.333381e-01	3.333361e-01	3.334844e-01
3.677076903400561e-07	3.333380e-01	3.333361e-01	3.334812e-01
3.677352617686269e-07	3.333378e-01	3.333361e-01	3.334780e-01
3.677628331971976e-07	3.333376e-01	3.333361e-01	3.334748e-01
3.677672617686261e-07	3.333376e-01	3.333361e-01	3.334743e-01
3.677716903400545e-07	3.333376e-01	3.333361e-01	3.334738e-01
3.677761189114830e-07	3.333376e-01	3.333361e-01	3.334733e-01
3.677805474829114e-07	3.333375e-01	3.333361e-01	3.334727e-01
3.677849760543399e-07	3.333375e-01	3.333361e-01	3.334722e-01
3.677894046257683e-07	3.333375e-01	3.333361e-01	3.334717e-01
3.677938331971968e-07	3.333374e-01	3.333361e-01	3.334712e-01
3.677995474829109e-07	3.333374e-01	3.333361e-01	3.334705e-01
3.678052617686251e-07	3.333373e-01	3.333361e-01	3.334698e-01
3.678109760543392e-07	3.333372e-01	3.333361e-01	3.334692e-01
3.678166903400534e-07	3.333371e-01	3.333361e-01	3.334685e-01
3.678224046257675e-07	3.333371e-01	3.333361e-01	3.334678e-01
3.678281189114817e-07	3.333370e-01	3.333361e-01	3.334671e-01
3.678338331971958e-07	3.333369e-01	3.333361e-01	3.334665e-01
3.678425474829099e-07	3.333367e-01	3.333361e-01	3.334654e-01
3.678512617686239e-07	3.333365e-01	3.333360e-01	3.334644e-01
3.678599760543380e-07	3.333363e-01	3.333360e-01	3.334634e-01
3.678686903400521e-07	3.333361e-01	3.333359e-01	3.334623e-01
3.678774046257661e-07	3.333358e-01	3.333359e-01	3.334613e-01
3.678861189114802e-07	3.333355e-01	3.333358e-01	3.334603e-01
3.678948331971942e-07	3.333352e-01	3.333358e-01	3.334593e-01
3.679055474829083e-07	3.333348e-01	3.333357e-01	3.334580e-01
3.679162617686223e-07	3.333344e-01	3.333356e-01	3.334567e-01
3.679269760543363e-07	3.333340e-01	3.333354e-01	3.334555e-01
3.679376903400503e-07	3.333335e-01	3.333353e-01	3.334542e-01
3.679484046257643e-07	3.333330e-01	3.333351e-01	3.334529e-01
3.679591189114783e-07	3.333325e-01	3.333350e-01	3.334516e-01
3.679698331971923e-07	3.333320e-01	3.333348e-01	3.334504e-01
3.679836903400491e-07	3.333313e-01	3.333345e-01	3.334487e-01
3.679975474829059e-07	3.333306e-01	3.333342e-01	3.334471e-01
3.680114046257627e-07	3.333299e-01	3.333339e-01	3.334454e-01
3.680252617686195e-07	3.333292e-01	3.333336e-01	3.334438e-01
3.680391189114763e-07	3.333285e-01	3.333333e-01	3.334422e-01
3.680529760543331e-07	3.333277e-01	3.333329e-01	3.334405e-01
3.680668331971899e-07	3.333270e-01	3.333325e-01	3.334389e-01
3.680828331971895e-07	3.333262e-01	3.333321e-01	3.334370e-01
3.680988331971891e-07	3.333254e-01	3.333317e-01	3.334351e-01
3.681148331971887e-07	3.333247e-01	3.333313e-01	3.334332e-01
3.681308331971883e-07	3.333239e-01	3.333309e-01	3.334313e-01
3.681468331971879e-07	3.333232e-01	3.333305e-01	3.334295e-01
3.681628331971875e-07	3.333225e-01	3.333302e-01	3.334276e-01
3.681788331971871e-07	3.333218e-01	3.333298e-01	3.334257e-01
3.681911189114725e-07	3.333214e-01	3.333296e-01	3.334243e-01
3.682034046257579e-07	3.333209e-01	3.333294e-01	3.334228e-01
3.682156903400433e-07	3.333204e-01	3.333293e-01	3.334214e-01
3.682279760543287e-07	3.333200e-01	3.333291e-01	3.334200e-01
3.682402617686141e-07	3.333196e-01	3.333291e-01	3.334185e-01
3.682525474828995e-07	3.333192e-01	3.333290e-01	3.334171e-01
3.682648331971849e-07	3.333188e-01	3.333290e-01	3.334157e-01
3.682759760543274e-07	3.333185e-01	3.333290e-01	3.334144e-01
3.682871189114700e-07	3.333181e-01	3.333290e-01	3.334131e-01
3.682982617686126e-07	3.333178e-01	3.333291e-01	3.334119e-01
3.683094046257552e-07	3.333175e-01	3.333292e-01	3.334106e-01
3.683205474828977e-07	3.333172e-01	3.333294e-01	3.334093e-01
3.683316903400403e-07	3.333169e-01	3.333296e-01	3.334080e-01
3.683428331971829e-07	3.333166e-01	3.333298e-01	3.334067e-01
3.683585474828968e-07	3.333162e-01	3.333302e-01	3.334050e-01
3.683742617686107e-07	3.333158e-01	3.333306e-01	3.334032e-01
3.683899760543246e-07	3.333154e-01	3.333312e-01	3.334014e-01
3.684056903400384e-07	3.333150e-01	3.333318e-01	3.333996e-01
3.684214046257523e-07	3.333146e-01	3.333325e-01	3.333979e-01
3.684371189114662e-07	3.333142e-01	3.333332e-01	3.333961e-01
3.684528331971801e-07	3.333138e-01	3.333340e-01	3.333944e-01
3.684728331971796e-07	3.333132e-01	3.333352e-01	3.333922e-01
3.684928331971791e-07	3.333126e-01	3.333364e-01	3.333900e-01
3.685128331971786e-07	3.333120e-01	3.333377e-01	3.333878e-01
3.685328331971781e-07	3.333113e-01	3.333390e-01	3.333856e-01
3.685528331971776e-07	3.333106e-01	3.333405e-01	3.333835e-01
3.685728331971771e-07	3.333098e-01	3.333420e-01	3.333813e-01
3.685928331971766e-07	3.333090e-01	3.333435e-01	3.333792e-01
3.685938331971765e-07	3.333090e-01	3.333436e-01	3.333791e-01
3.686171189114617e-07	3.333080e-01	3.333455e-01	3.333766e-01
3.686404046257468e-07	3.333069e-01	3.333473e-01	3.333742e-01
3.686636903400319e-07	3.333057e-01	3.333491e-01	3.333717e-01
3.686869760543170e-07	3.333045e-01	3.333509e-01	3.333693e-01
3.687102617686022e-07	3.333031e-01	3.333526e-01	3.333670e-01
3.687335474828873e-07	3.333017e-01	3.333543e-01	3.333646e-01
3.687568331971724e-07	3.333003e-01	3.333560e-01	3.333623e-01
3.687772617686005e-07	3.332989e-01	3.333573e-01	3.333603e-01
3.687976903400285e-07	3.332975e-01	3.333586e-01	3.333582e-01
3.688181189114566e-07	3.332961e-01	3.333597e-01	3.333562e-01
3.688385474828846e-07	3.332946e-01	3.333607e-01	3.333543e-01
3.688589760543127e-07	3.332931e-01	3.333615e-01	3.333523e-01
3.688794046257407e-07	3.332915e-01	3.333623e-01	3.333504e-01
3.688998331971688e-07	3.332899e-01	3.333629e-01	3.333484e-01
3.689118331971685e-07	3.332889e-01	3.333632e-01	3.333473e-01
3.689238331971682e-07	3.332880e-01	3.333634e-01	3.333462e-01
3.689358331971679e-07	3.332870e-01	3.333636e-01	3.333451e-01
3.689478331971676e-07	3.332860e-01	3.333637e-01	3.333440e-01
3.689598331971673e-07	3.332851e-01	3.333638e-01	3.333429e-01
3.689718331971670e-07	3.332841e-01	3.333637e-01	3.333418e-01
3.689838331971667e-07	3.332831e-01	3.333637e-01	3.333407e-01
3.690001189114520e-07	3.332818e-01	3.333635e-01	3.333392e-01
3.690164046257373e-07	3.332805e-01	3.333632e-01	3.333378e-01
3.690326903400226e-07	3.332792e-01	3.333628e-01	3.333364e-01
3.690489760543079e-07	3.332779e-01	3.333623e-01	3.333349e-01
3.690652617685932e-07	3.332766e-01	3.333616e-01	3.333335e-01
3.690815474828785e-07	3.332753e-01	3.333609e-01	3.333321e-01
3.690978331971638e-07	3.332740e-01	3.333600e-01	3.333308e-01
3.691235474828774e-07	3.332721e-01	3.333584e-01	3.333286e-01
3.691492617685910e-07	3.332702e-01	3.333566e-01	3.333265e-01
3.691749760543047e-07	3.332684e-01	3.333545e-01	3.333244e-01
3.692006903400183e-07	3.332667e-01	3.333522e-01	3.333223e-01
3.692264046257319e-07	3.332651e-01	3.333496e-01	3.333203e-01
3.692521189114456e-07	3.332636e-01	3.333468e-01	3.333183e-01
3.692778331971592e-07	3.332622e-01	3.333438e-01	3.333163e-01
3.693018331971586e-07	3.332610e-01	3.333408e-01	3.333145e-01
3.693258331971580e-07	3.332599e-01	3.333376e-01	3.333127e-01
3.693498331971574e-07	3.332590e-01	3.333344e-01	3.333110e-01
3.693738331971568e-07	3.332582e-01	3.333311e-01	3.333092e-01
3.693978331971562e-07	3.332575e-01	3.333276e-01	3.333076e-01
3.694218331971556e-07	3.332570e-01	3.333241e-01	3.333059e-01
3.694458331971550e-07	3.332566e-01	3.333204e-01	3.333043e-01
3.694638331971545e-07	3.332564e-01	3.333177e-01	3.333030e-01
3.694818331971540e-07	3.332562e-01	3.333150e-01	3.333018e-01
3.694998331971536e-07	3.332562e-01	3.333122e-01	3.333007e-01
3.695178331971531e-07	3.332562e-01	3.333095e-01	3.332995e-01
3.695358331971527e-07	3.332564e-01	3.333068e-01	3.332984e-01
3.695538331971522e-07	3.332566e-01	3.333040e-01	3.332972e-01
3.695718331971518e-07	3.332569e-01	3.333013e-01	3.332961e-01
3.696178331971506e-07	3.332580e-01	3.332946e-01	3.332934e-01
3.696506903400069e-07	3.332592e-01	3.332899e-01	3.332915e-01
3.696835474828632e-07	3.332606e-01	3.332854e-01	3.332896e-01
3.697164046257195e-07	3.332623e-01	3.332813e-01	3.332878e-01
3.697492617685758e-07	3.332642e-01	3.332775e-01	3.332861e-01
3.697821189114321e-07	3.332664e-01	3.332739e-01	3.332844e-01
3.698149760542885e-07	3.332689e-01	3.332707e-01	3.332827e-01
3.698478331971448e-07	3.332716e-01	3.332677e-01	3.332811e-01
3.698709760542870e-07	3.332736e-01	3.332659e-01	3.332800e-01
3.698941189114293e-07	3.332757e-01	3.332643e-01	3.332790e-01
3.699172617685716e-07	3.332779e-01	3.332629e-01	3.332779e-01
3.699404046257139e-07	3.332802e-01	3.332617e-01	3.332769e-01
3.699635474828561e-07	3.332826e-01	3.332607e-01	3.332760e-01
3.699866903399984e-07	3.332851e-01	3.332600e-01	3.332750e-01
3.700098331971407e-07	3.332877e-01	3.332594e-01	3.332741e-01
3.700275474828545e-07	3.332898e-01	3.332591e-01	3.332734e-01
3.700452617685683e-07	3.332918e-01	3.332590e-01	3.332727e-01
3.700629760542822e-07	3.332940e-01	3.332590e-01	3.332720e-01
3.700806903399960e-07	3.332961e-01	3.332591e-01	3.332714e-01
3.700984046257098e-07	3.332983e-01	3.332594e-01	3.332707e-01
3.701161189114237e-07	3.333005e-01	3.332597e-01	3.332701e-01
3.701338331971375e-07	3.333027e-01	3.332602e-01	3.332695e-01
3.701636903399939e-07	3.333066e-01	3.332614e-01	3.332685e-01
3.701935474828503e-07	3.333105e-01	3.332628e-01	3.332675e-01
3.702234046257067e-07	3.333145e-01	3.332646e-01	3.332666e-01
3.702532617685631e-07	3.333184e-01	3.332667e-01	3.332657e-01
3.702831189114195e-07	3.333225e-01	3.332691e-01	3.332649e-01
3.703129760542758e-07	3.333265e-01	3.332718e-01	3.332640e-01
3.703428331971322e-07	3.333306e-01	3.332749e-01	3.332633e-01
3.703854046257026e-07	3.333365e-01	3.332797e-01	3.332623e-01
3.704279760542729e-07	3.333423e-01	3.332849e-01	3.332613e-01
3.704705474828433e-07	3.333480e-01	3.332904e-01	3.332604e-01
3.705131189114136e-07	3.333536e-01	3.332962e-01	3.332596e-01
3.705556903399840e-07	3.333592e-01	3.333024e-01	3.332589e-01
3.705982617685543e-07	3.333646e-01	3.333089e-01	3.332582e-01
3.706408331971247e-07	3.333699e-01	3.333157e-01	3.332576e-01
3.706418331971247e-07	3.333701e-01	3.333158e-01	3.332576e-01
3.706885474828378e-07	3.333757e-01	3.333234e-01	3.332570e-01
3.707352617685509e-07	3.333811e-01	3.333309e-01	3.332565e-01
3.707819760542640e-07	3.333862e-01	3.333382e-01	3.332561e-01
3.708286903399771e-07	3.333911e-01	3.333453e-01	3.332558e-01
3.708754046256902e-07	3.333957e-01	3.333523e-01	3.332555e-01
3.709221189114033e-07	3.334001e-01	3.333592e-01	3.332553e-01
3.709688331971164e-07	3.334042e-01	3.333659e-01	3.332552e-01
3.709698331971163e-07	3.334042e-01	3.333661e-01	3.332552e-01
3.709708331971163e-07	3.334043e-01	3.333662e-01	3.332552e-01
3.709718331971163e-07	3.334044e-01	3.333664e-01	3.332552e-01
3.709728331971163e-07	3.334045e-01	3.333665e-01	3.332552e-01
3.709738331971162e-07	3.334046e-01	3.333666e-01	3.332552e-01
3.709748331971162e-07	3.334047e-01	3.333667e-01	3.332552e-01
3.709806903399732e-07	3.334051e-01	3.333675e-01	3.332552e-01
3.709865474828302e-07	3.334056e-01	3.333683e-01	3.332552e-01
3.709924046256872e-07	3.334061e-01	3.333691e-01	3.332551e-01
3.709982617685442e-07	3.334066e-01	3.333698e-01	3.332551e-01
3.710041189114012e-07	3.334070e-01	3.333705e-01	3.332551e-01
3.710099760542582e-07	3.334075e-01	3.333713e-01	3.332551e-01
3.710158331971152e-07	3.334079e-01	3.333720e-01	3.332551e-01
3.710248331971149e-07	3.334086e-01	3.333730e-01	3.332551e-01
3.710338331971147e-07	3.334093e-01	3.333740e-01	3.332551e-01
3.710428331971145e-07	3.334100e-01	3.333749e-01	3.332551e-01
3.710518331971143e-07	3.334106e-01	3.333758e-01	3.332551e-01
3.710608331971140e-07	3.334113e-01	3.333766e-01	3.332552e-01
3.710698331971138e-07	3.334119e-01	3.333774e-01	3.332552e-01
3.710788331971136e-07	3.334125e-01	3.333781e-01	3.332552e-01
3.710921189113990e-07	3.334134e-01	3.333791e-01	3.332552e-01
3.711054046256843e-07	3.334143e-01	3.333799e-01	3.332552e-01
3.711186903399697e-07	3.334151e-01	3.333807e-01	3.332552e-01
3.711319760542551e-07	3.334160e-01	3.333814e-01	3.332553e-01
3.711452617685405e-07	3.334168e-01	3.333821e-01	3.332553e-01
3.711585474828258e-07	3.334176e-01	3.333826e-01	3.332554e-01
3.711718331971112e-07	3.334184e-01	3.333831e-01	3.332554e-01
3.711841189113966e-07	3.334191e-01	3.333836e-01	3.332555e-01
3.711964046256820e-07	3.334198e-01	3.333840e-01	3.332555e-01
3.712086903399674e-07	3.334205e-01	3.333845e-01	3.332556e-01
3.712209760542528e-07	3.334212e-01	3.333850e-01	3.332557e-01
3.712332617685382e-07	3.334219e-01	3.333854e-01	3.332557e-01
3.712455474828236e-07	3.334226e-01	3.333859e-01	3.332558e-01
3.712578331971090e-07	3.334233e-01	3.333864e-01	3.332559e-01
3.712695474828230e-07	3.334239e-01	3.333869e-01	3.332559e-01
3.712812617685370e-07	3.334245e-01	3.333874e-01	3.332560e-01
3.712929760542510e-07	3.334252e-01	3.333880e-01	3.332561e-01
3.713046903399650e-07	3.334259e-01	3.333887e-01	3.332562e-01
3.713164046256790e-07	3.334265e-01	3.333893e-01	3.332563e-01
3.713281189113930e-07	3.334272e-01	3.333901e-01	3.332564e-01
3.713398331971070e-07	3.334278e-01	3.333908e-01	3.332565e-01
3.713544046256780e-07	3.334287e-01	3.333919e-01	3.332566e-01
3.713689760542491e-07	3.334296e-01	3.333930e-01	3.332567e-01
3.713835474828201e-07	3.334305e-01	3.333942e-01	3.332568e-01
3.713981189113912e-07	3.334314e-01	3.333955e-01	3.332570e-01
3.714126903399623e-07	3.334323e-01	3.333969e-01	3.332571e-01
3.714272617685333e-07	3.334332e-01	3.333984e-01	3.332573e-01
3.714418331971044e-07	3.334342e-01	3.334000e-01	3.332574e-01
3.714658331971038e-07	3.334359e-01	3.334027e-01	3.332577e-01
3.714898331971032e-07	3.334376e-01	3.334056e-01	3.332579e-01
3.715138331971026e-07	3.334394e-01	3.334086e-01	3.332582e-01
3.715378331971020e-07	3.334412e-01	3.334116e-01	3.332585e-01
3.715618331971013e-07	3.334432e-01	3.334147e-01	3.332588e-01
3.715858331971007e-07	3.334452e-01	3.334179e-01	3.332592e-01
3.716098331971001e-07	3.334472e-01	3.334212e-01	3.332595e-01
3.716176903399571e-07	3.334479e-01	3.334222e-01	3.332596e-01
3.716255474828140e-07	3.334486e-01	3.334233e-01	3.332597e-01
3.716334046256710e-07	3.334493e-01	3.334243e-01	3.332598e-01
3.716412617685279e-07	3.334500e-01	3.334253e-01	3.332599e-01
3.716491189113848e-07	3.334507e-01	3.334263e-01	3.332600e-01
3.716569760542418e-07	3.334514e-01	3.334272e-01	3.332602e-01
3.716648331970987e-07	3.334521e-01	3.334282e-01	3.332603e-01
3.716658331970987e-07	3.334522e-01	3.334283e-01	3.332603e-01
3.716858331970982e-07	3.334541e-01	3.334307e-01	3.332606e-01
3.717058331970977e-07	3.334559e-01	3.334330e-01	3.332609e-01
3.717258331970972e-07	3.334578e-01	3.334350e-01	3.332612e-01
3.717458331970967e-07	3.334597e-01	3.334369e-01	3.332616e-01
3.717658331970962e-07	3.334616e-01	3.334385e-01	3.332619e-01
3.717858331970957e-07	3.334634e-01	3.334401e-01	3.332622e-01
3.718058331970952e-07	3.334653e-01	3.334414e-01	3.332626e-01
3.718184046256663e-07	3.334665e-01	3.334421e-01	3.332628e-01
3.718309760542374e-07	3.334677e-01	3.334427e-01	3.332630e-01
3.718435474828085e-07	3.334688e-01	3.334432e-01	3.332632e-01
3.718561189113796e-07	3.334699e-01	3.334436e-01	3.332635e-01
3.718686903399507e-07	3.334710e-01	3.334438e-01	3.332637e-01
3.718812617685218e-07	3.334721e-01	3.334440e-01	3.332639e-01
3.718938331970929e-07	3.334732e-01	3.334441e-01	3.332642e-01
3.719055474828069e-07	3.334742e-01	3.334441e-01	3.332644e-01
3.719172617685209e-07	3.334751e-01	3.334440e-01	3.332646e-01
3.719289760542349e-07	3.334761e-01	3.334438e-01	3.332648e-01
3.719406903399489e-07	3.334770e-01	3.334435e-01	3.332651e-01
3.719524046256629e-07	3.334779e-01	3.334431e-01	3.332653e-01
3.719641189113769e-07	3.334788e-01	3.334426e-01	3.332655e-01
3.719758331970909e-07	3.334796e-01	3.334420e-01	3.332657e-01
3.719975474828046e-07	3.334811e-01	3.334407e-01	3.332662e-01
3.720192617685183e-07	3.334825e-01	3.334390e-01	3.332666e-01
3.720409760542321e-07	3.334837e-01	3.334370e-01	3.332670e-01
3.720626903399458e-07	3.334849e-01	3.334348e-01	3.332675e-01
3.720844046256595e-07	3.334859e-01	3.334322e-01	3.332680e-01
3.721061189113733e-07	3.334867e-01	3.334293e-01	3.332684e-01
3.721278331970870e-07	3.334875e-01	3.334261e-01	3.332689e-01
3.721419760542295e-07	3.334879e-01	3.334239e-01	3.332692e-01
3.721561189113720e-07	3.334882e-01	3.334216e-01	3.332695e-01
3.721702617685145e-07	3.334885e-01	3.334192e-01	3.332698e-01
3.721844046256570e-07	3.334887e-01	3.334168e-01	3.332701e-01
3.721985474827995e-07	3.334888e-01	3.334142e-01	3.332704e-01
3.722126903399420e-07	3.334889e-01	3.334115e-01	3.332707e-01
3.722268331970845e-07	3.334889e-01	3.334087e-01	3.332711e-01
3.722441189113698e-07	3.334888e-01	3.334052e-01	3.332714e-01
3.722614046256550e-07	3.334886e-01	3.334016e-01	3.332718e-01
3.722786903399403e-07	3.334883e-01	3.333979e-01	3.332722e-01
3.722959760542256e-07	3.334879e-01	3.333941e-01	3.332726e-01
3.723132617685109e-07	3.334873e-01	3.333902e-01	3.332730e-01
3.723305474827962e-07	3.334867e-01	3.333863e-01	3.332734e-01
3.723478331970814e-07	3.334860e-01	3.333822e-01	3.332738e-01
3.723784046256521e-07	3.334844e-01	3.333749e-01	3.332745e-01
3.724089760542227e-07	3.334825e-01	3.333675e-01	3.332752e-01
3.724395474827934e-07	3.334803e-01	3.333602e-01	3.332760e-01
3.724701189113640e-07	3.334778e-01	3.333528e-01	3.332767e-01
3.725006903399347e-07	3.334750e-01	3.333454e-01	3.332774e-01
3.725312617685054e-07	3.334719e-01	3.333381e-01	3.332782e-01
3.725618331970760e-07	3.334685e-01	3.333307e-01	3.332789e-01
3.725799760542184e-07	3.334663e-01	3.333264e-01	3.332794e-01
3.725981189113608e-07	3.334641e-01	3.333223e-01	3.332798e-01
3.726162617685032e-07	3.334618e-01	3.333182e-01	3.332803e-01
3.726344046256456e-07	3.334594e-01	3.333142e-01	3.332807e-01
3.726525474827880e-07	3.334569e-01	3.333102e-01	3.332811e-01
3.726706903399304e-07	3.334543e-01	3.333064e-01	3.332816e-01
3.726888331970728e-07	3.334517e-01	3.333026e-01	3.332821e-01
3.726898331970728e-07	3.334515e-01	3.333024e-01	3.332821e-01
3.727239760542148e-07	3.334463e-01	3.332956e-01	3.332829e-01
3.727581189113567e-07	3.334410e-01	3.332891e-01	3.332838e-01
3.727922617684987e-07	3.334355e-01	3.332832e-01	3.332846e-01
3.728264046256407e-07	3.334299e-01	3.332776e-01	3.332855e-01
3.728605474827827e-07	3.334241e-01	3.332726e-01	3.332863e-01
3.728946903399247e-07	3.334182e-01	3.332679e-01	3.332872e-01
3.729288331970667e-07	3.334121e-01	3.332637e-01	3.332880e-01
3.729582617684945e-07	3.334068e-01	3.332605e-01	3.332888e-01
3.729876903399224e-07	3.334016e-01	3.332577e-01	3.332895e-01
3.730171189113502e-07	3.333964e-01	3.332552e-01	3.332902e-01
3.730465474827780e-07	3.333912e-01	3.332531e-01	3.332910e-01
3.730759760542058e-07	3.333860e-01	3.332513e-01	3.332917e-01
3.731054046256337e-07	3.333808e-01	3.332499e-01	3.332924e-01
3.731348331970615e-07	3.333757e-01	3.332488e-01	3.332932e-01
3.731635474827750e-07	3.333707e-01	3.332481e-01	3.332939e-01
3.731922617684886e-07	3.333658e-01	3.332476e-01	3.332946e-01
3.732209760542022e-07	3.333611e-01	3.332475e-01	3.332953e-01
3.732496903399157e-07	3.333564e-01	3.332476e-01	3.332960e-01
3.732784046256293e-07	3.333518e-01	3.332480e-01	3.332967e-01
3.733071189113428e-07	3.333473e-01	3.332486e-01	3.332974e-01
3.733358331970564e-07	3.333429e-01	3.332496e-01	3.332981e-01
3.733838331970552e-07	3.333358e-01	3.332518e-01	3.332992e-01
3.734318331970540e-07	3.333290e-01	3.332544e-01	3.333004e-01
3.734798331970527e-07	3.333227e-01	3.332576e-01	3.333015e-01
3.735278331970515e-07	3.333167e-01	3.332611e-01	3.333026e-01
3.735758331970503e-07	3.333110e-01	3.332651e-01	3.333037e-01
3.736238331970491e-07	3.333058e-01	3.332696e-01	3.333048e-01
3.736718331970479e-07	3.333009e-01	3.332745e-01	3.333059e-01
3.737138331970468e-07	3.332969e-01	3.332788e-01	3.333069e-01
3.737701189113311e-07	3.332921e-01	3.332851e-01	3.333081e-01
3.738264046256154e-07	3.332876e-01	3.332913e-01	3.333093e-01
3.738826903398997e-07	3.332835e-01	3.332976e-01	3.333105e-01
3.739389760541840e-07	3.332798e-01	3.333039e-01	3.333117e-01
3.739952617684683e-07	3.332765e-01	3.333103e-01	3.333129e-01
3.740515474827525e-07	3.332735e-01	3.333166e-01	3.333140e-01
3.741078331970368e-07	3.332709e-01	3.333230e-01	3.333151e-01
3.741584046256070e-07	3.332687e-01	3.333285e-01	3.333161e-01
3.742089760541771e-07	3.332667e-01	3.333339e-01	3.333171e-01
3.742595474827473e-07	3.332647e-01	3.333390e-01	3.333180e-01
3.743101189113174e-07	3.332629e-01	3.333439e-01	3.333189e-01
3.743606903398876e-07	3.332611e-01	3.333486e-01	3.333198e-01
3.744112617684577e-07	3.332595e-01	3.333531e-01	3.333207e-01
3.744618331970279e-07	3.332580e-01	3.333574e-01	3.333216e-01
3.745011189113126e-07	3.332568e-01	3.333605e-01	3.333223e-01
3.745404046255973e-07	3.332556e-01	3.333635e-01	3.333229e-01
3.745796903398820e-07	3.332544e-01	3.333663e-01	3.333235e-01
3.746189760541667e-07	3.332532e-01	3.333689e-01	3.333241e-01
3.746582617684515e-07	3.332520e-01	3.333714e-01	3.333248e-01
3.746975474827362e-07	3.332508e-01	3.333737e-01	3.333254e-01
3.747368331970209e-07	3.332496e-01	3.333758e-01	3.333260e-01
3.747378331970209e-07	3.332495e-01	3.333758e-01	3.333260e-01
3.747875474827339e-07	3.332480e-01	3.333783e-01	3.333267e-01
3.748372617684469e-07	3.332464e-01	3.333804e-01	3.333274e-01
3.748869760541600e-07	3.332448e-01	3.333823e-01	3.333281e-01
3.749366903398730e-07	3.332431e-01	3.333839e-01	3.333287e-01
3.749864046255860e-07	3.332414e-01	3.333853e-01	3.333294e-01
3.750361189112990e-07	3.332398e-01	3.333863e-01	3.333300e-01
3.750858331970121e-07	3.332380e-01	3.333871e-01	3.333306e-01
3.751381189112964e-07	3.332362e-01	3.333876e-01	3.333313e-01
3.751904046255808e-07	3.332344e-01	3.333879e-01	3.333319e-01
3.752426903398652e-07	3.332326e-01	3.333879e-01	3.333324e-01
3.752949760541496e-07	3.332309e-01	3.333876e-01	3.333330e-01
3.753472617684340e-07	3.332292e-01	3.333870e-01	3.333335e-01
3.753995474827184e-07	3.332275e-01	3.333862e-01	3.333340e-01
3.754518331970028e-07	3.332259e-01	3.333851e-01	3.333345e-01
3.754959760541445e-07	3.332246e-01	3.333840e-01	3.333350e-01
3.755401189112863e-07	3.332233e-01	3.333828e-01	3.333354e-01
3.755842617684280e-07	3.332222e-01	3.333814e-01	3.333357e-01
3.756284046255697e-07	3.332211e-01	3.333799e-01	3.333361e-01
3.756725474827115e-07	3.332201e-01	3.333782e-01	3.333365e-01
3.757166903398532e-07	3.332192e-01	3.333764e-01	3.333368e-01
3.757608331969950e-07	3.332184e-01	3.333744e-01	3.333371e-01
3.757618331969949e-07	3.332184e-01	3.333743e-01	3.333372e-01
3.758005474827082e-07	3.332177e-01	3.333725e-01	3.333374e-01
3.758392617684215e-07	3.332172e-01	3.333706e-01	3.333377e-01
3.758779760541348e-07	3.332168e-01	3.333686e-01	3.333380e-01
3.759166903398482e-07	3.332165e-01	3.333666e-01	3.333382e-01
3.759554046255615e-07	3.332162e-01	3.333644e-01	3.333385e-01
3.759941189112748e-07	3.332161e-01	3.333622e-01	3.333387e-01
3.760328331969881e-07	3.332160e-01	3.333600e-01	3.333389e-01
3.760715474827014e-07	3.332161e-01	3.333576e-01	3.333391e-01
3.761102617684147e-07	3.332162e-01	3.333553e-01	3.333394e-01
3.761489760541280e-07	3.332165e-01	3.333529e-01	3.333396e-01
3.761876903398413e-07	3.332169e-01	3.333505e-01	3.333398e-01
3.762264046255546e-07	3.332175e-01	3.333480e-01	3.333399e-01
3.762651189112679e-07	3.332181e-01	3.333456e-01	3.333401e-01
3.763038331969812e-07	3.332188e-01	3.333431e-01	3.333403e-01
3.763658331969796e-07	3.332203e-01	3.333390e-01	3.333405e-01
3.764278331969781e-07	3.332220e-01	3.333350e-01	3.333408e-01
3.764898331969765e-07	3.332240e-01	3.333310e-01	3.333410e-01
3.765518331969749e-07	3.332263e-01	3.333271e-01	3.333412e-01
3.766138331969733e-07	3.332288e-01	3.333233e-01	3.333414e-01
3.766758331969718e-07	3.332317e-01	3.333195e-01	3.333416e-01
3.767378331969702e-07	3.332348e-01	3.333158e-01	3.333417e-01
3.767858331969690e-07	3.332373e-01	3.333130e-01	3.333418e-01
3.768048331969685e-07	3.332384e-01	3.333119e-01	3.333419e-01
3.768238331969680e-07	3.332395e-01	3.333109e-01	3.333419e-01
3.768428331969675e-07	3.332405e-01	3.333098e-01	3.333420e-01
3.768618331969671e-07	3.332417e-01	3.333088e-01	3.333420e-01
3.768808331969666e-07	3.332428e-01	3.333078e-01	3.333420e-01
3.768998331969661e-07	3.332440e-01	3.333068e-01	3.333421e-01
3.769188331969656e-07	3.332451e-01	3.333058e-01	3.333421e-01
3.769264046255369e-07	3.332456e-01	3.333054e-01	3.333421e-01
3.769339760541081e-07	3.332461e-01	3.333051e-01	3.333421e-01
3.769415474826793e-07	3.332466e-01	3.333047e-01	3.333421e-01
3.769491189112506e-07	3.332470e-01	3.333043e-01	3.333421e-01
3.769566903398218e-07	3.332475e-01	3.333039e-01	3.333422e-01
3.769642617683930e-07	3.332480e-01	3.333036e-01	3.333422e-01
3.769718331969643e-07	3.332485e-01	3.333032e-01	3.333422e-01
3.769879760541067e-07	3.332496e-01	3.333024e-01	3.333423e-01
3.770041189112492e-07	3.332506e-01	3.333016e-01	3.333423e-01
3.770202617683916e-07	3.332517e-01	3.333009e-01	3.333425e-01
3.770364046255341e-07	3.332528e-01	3.333001e-01	3.333426e-01
3.770525474826765e-07	3.332539e-01	3.332994e-01	3.333428e-01
3.770686903398190e-07	3.332550e-01	3.332987e-01	3.333431e-01
3.770848331969614e-07	3.332561e-01	3.332980e-01	3.333434e-01
3.770986903398182e-07	3.332571e-01	3.332974e-01	3.333437e-01
3.771125474826750e-07	3.332581e-01	3.332969e-01	3.333441e-01
3.771264046255318e-07	3.332591e-01	3.332963e-01	3.333445e-01
3.771402617683886e-07	3.332601e-01	3.332957e-01	3.333449e-01
3.771541189112454e-07	3.332611e-01	3.332952e-01	3.333455e-01
3.771679760541022e-07	3.332621e-01	3.332946e-01	3.333460e-01
3.771818331969590e-07	3.332631e-01	3.332941e-01	3.333467e-01
3.772006903398156e-07	3.332645e-01	3.332934e-01	3.333476e-01
3.772195474826723e-07	3.332659e-01	3.332928e-01	3.333487e-01
3.772384046255290e-07	3.332673e-01	3.332921e-01	3.333499e-01
3.772572617683856e-07	3.332687e-01	3.332915e-01	3.333512e-01
3.772761189112423e-07	3.332702e-01	3.332909e-01	3.333526e-01
3.772949760540989e-07	3.332716e-01	3.332903e-01	3.333541e-01
3.773138331969556e-07	3.332731e-01	3.332897e-01	3.333557e-01
3.773611189112401e-07	3.332768e-01	3.332884e-01	3.333604e-01
3.774084046255246e-07	3.332805e-01	3.332872e-01	3.333652e-01
3.774556903398092e-07	3.332842e-01	3.332862e-01	3.333702e-01
3.775029760540937e-07	3.332880e-01	3.332853e-01	3.333753e-01
3.775502617683782e-07	3.332918e-01	3.332845e-01	3.333806e-01
3.775975474826627e-07	3.332956e-01	3.332839e-01	3.333860e-01
3.776448331969472e-07	3.332994e-01	3.332834e-01	3.333916e-01
3.776682617683752e-07	3.333013e-01	3.332832e-01	3.333941e-01
3.776916903398032e-07	3.333032e-01	3.332830e-01	3.333965e-01
3.777151189112312e-07	3.333051e-01	3.332829e-01	3.333989e-01
3.777385474826591e-07	3.333070e-01	3.332828e-01	3.334011e-01
3.777619760540871e-07	3.333088e-01	3.332828e-01	3.334033e-01
3.777854046255151e-07	3.333107e-01	3.332827e-01	3.334053e-01
3.778088331969431e-07	3.333125e-01	3.332827e-01	3.334073e-01
3.778098331969430e-07	3.333126e-01	3.332827e-01	3.334074e-01
3.778384046255137e-07	3.333149e-01	3.332828e-01	3.334096e-01
3.778669760540845e-07	3.333171e-01	3.332829e-01	3.334116e-01
3.778955474826552e-07	3.333194e-01	3.332830e-01	3.334135e-01
3.779241189112259e-07	3.333216e-01	3.332832e-01	3.334152e-01
3.779526903397966e-07	3.333238e-01	3.332835e-01	3.334166e-01
3.779812617683673e-07	3.333260e-01	3.332837e-01	3.334179e-01
3.780098331969380e-07	3.333281e-01	3.332841e-01	3.334190e-01
3.780349760540802e-07	3.333300e-01	3.332844e-01	3.334198e-01
3.780601189112224e-07	3.333319e-01	3.332848e-01	3.334205e-01
3.780852617683646e-07	3.333338e-01	3.332851e-01	3.334210e-01
3.781104046255069e-07	3.333356e-01	3.332855e-01	3.334214e-01
3.781355474826491e-07	3.333374e-01	3.332860e-01	3.334216e-01
3.781606903397913e-07	3.333392e-01	3.332864e-01	3.334218e-01
3.781858331969335e-07	3.333410e-01	3.332869e-01	3.334217e-01
3.782325474826466e-07	3.333443e-01	3.332880e-01	3.334213e-01
3.782792617683597e-07	3.333474e-01	3.332890e-01	3.334206e-01
3.783259760540728e-07	3.333505e-01	3.332902e-01	3.334195e-01
3.783726903397859e-07	3.333535e-01	3.332914e-01	3.334180e-01
3.784194046254990e-07	3.333564e-01	3.332928e-01	3.334162e-01
3.784661189112121e-07	3.333593e-01	3.332941e-01	3.334141e-01
3.785128331969252e-07	3.333620e-01	3.332956e-01	3.334116e-01
3.785585474826384e-07	3.333647e-01	3.332971e-01	3.334089e-01
3.786042617683515e-07	3.333672e-01	3.332986e-01	3.334059e-01
3.786499760540646e-07	3.333696e-01	3.333002e-01	3.334028e-01
3.786956903397777e-07	3.333719e-01	3.333018e-01	3.333994e-01
3.787414046254909e-07	3.333741e-01	3.333035e-01	3.333957e-01
3.787871189112040e-07	3.333762e-01	3.333051e-01	3.333919e-01
3.788328331969171e-07	3.333783e-01	3.333068e-01	3.333878e-01
3.788338331969171e-07	3.333783e-01	3.333069e-01	3.333877e-01
3.789169760540579e-07	3.333817e-01	3.333101e-01	3.333797e-01
3.790001189111986e-07	3.333848e-01	3.333133e-01	3.333713e-01
3.790832617683394e-07	3.333876e-01	3.333164e-01	3.333626e-01
3.791664046254801e-07	3.333901e-01	3.333196e-01	3.333535e-01
3.792495474826209e-07	3.333922e-01	3.333227e-01	3.333440e-01
3.793326903397616e-07	3.333941e-01	3.333257e-01	3.333342e-01
3.794158331969024e-07	3.333956e-01	3.333288e-01	3.333241e-01
3.794788331969008e-07	3.333965e-01	3.333310e-01	3.333164e-01
3.795418331968992e-07	3.333973e-01	3.333331e-01	3.333089e-01
3.796048331968976e-07	3.333980e-01	3.333352e-01	3.333016e-01
3.796678331968960e-07	3.333984e-01	3.333371e-01	3.332945e-01
3.797308331968944e-07	3.333988e-01	3.333390e-01	3.332875e-01
3.797938331968928e-07	3.333990e-01	3.333408e-01	3.332807e-01
3.798568331968912e-07	3.333990e-01	3.333426e-01	3.332740e-01
3.798578331968912e-07	3.333990e-01	3.333426e-01	3.332739e-01
3.798944046254617e-07	3.333990e-01	3.333435e-01	3.332703e-01
3.799309760540322e-07	3.333989e-01	3.333444e-01	3.332668e-01
3.799675474826027e-07	3.333988e-01	3.333453e-01	3.332634e-01
3.800041189111732e-07	3.333986e-01	3.333462e-01	3.332602e-01
3.800406903397437e-07	3.333984e-01	3.333470e-01	3.332571e-01
3.800772617683142e-07	3.333982e-01	3.333478e-01	3.332541e-01
3.801138331968847e-07	3.333979e-01	3.333485e-01	3.332513e-01
3.801148331968846e-07	3.333979e-01	3.333485e-01	3.332512e-01
3.801168331968846e-07	3.333978e-01	3.333486e-01	3.332510e-01
3.801188331968845e-07	3.333978e-01	3.333486e-01	3.332509e-01
3.801359760540270e-07	3.333977e-01	3.333489e-01	3.332496e-01
3.801531189111694e-07	3.333975e-01	3.333493e-01	3.332484e-01
3.801702617683118e-07	3.333974e-01	3.333496e-01	3.332472e-01
3.801874046254542e-07	3.333972e-01	3.333499e-01	3.332460e-01
3.802045474825967e-07	3.333970e-01	3.333502e-01	3.332449e-01
3.802216903397391e-07	3.333968e-01	3.333505e-01	3.332437e-01
3.802388331968815e-07	3.333966e-01	3.333508e-01	3.332426e-01
3.802606903397381e-07	3.333964e-01	3.333511e-01	3.332412e-01
3.802825474825947e-07	3.333961e-01	3.333515e-01	3.332398e-01
3.803044046254513e-07	3.333958e-01	3.333518e-01	3.332383e-01
3.803262617683079e-07	3.333955e-01	3.333521e-01	3.332367e-01
3.803481189111644e-07	3.333952e-01	3.333524e-01	3.332352e-01
3.803699760540210e-07	3.333949e-01	3.333527e-01	3.332335e-01
3.803918331968776e-07	3.333946e-01	3.333530e-01	3.332319e-01
3.804156903397342e-07	3.333943e-01	3.333533e-01	3.332300e-01
3.804395474825907e-07	3.333939e-01	3.333536e-01	3.332280e-01
3.804634046254472e-07	3.333935e-01	3.333539e-01	3.332260e-01
3.804872617683038e-07	3.333931e-01	3.333541e-01	3.332238e-01
3.805111189111603e-07	3.333927e-01	3.333544e-01	3.332216e-01
3.805349760540169e-07	3.333923e-01	3.333546e-01	3.332193e-01
3.805588331968734e-07	3.333918e-01	3.333548e-01	3.332169e-01
3.806048331968722e-07	3.333910e-01	3.333551e-01	3.332120e-01
3.806508331968711e-07	3.333901e-01	3.333554e-01	3.332071e-01
3.806968331968699e-07	3.333892e-01	3.333557e-01	3.332022e-01
3.807428331968687e-07	3.333883e-01	3.333559e-01	3.331973e-01
3.807888331968676e-07	3.333873e-01	3.333561e-01	3.331925e-01
3.808348331968664e-07	3.333863e-01	3.333562e-01	3.331877e-01
3.808808331968652e-07	3.333853e-01	3.333563e-01	3.331829e-01
3.808818331968652e-07	3.333853e-01	3.333563e-01	3.331828e-01
3.809155474825786e-07	3.333845e-01	3.333563e-01	3.331795e-01
3.809492617682921e-07	3.333837e-01	3.333563e-01	3.331765e-01
3.809829760540055e-07	3.333829e-01	3.333563e-01	3.331736e-01
3.810166903397189e-07	3.333821e-01	3.333562e-01	3.331710e-01
3.810504046254324e-07	3.333813e-01	3.333562e-01	3.331686e-01
3.810841189111458e-07	3.333805e-01	3.333561e-01	3.331663e-01
3.811178331968592e-07	3.333797e-01	3.333560e-01	3.331643e-01
3.811475474825728e-07	3.333790e-01	3.333559e-01	3.331627e-01
3.811772617682863e-07	3.333783e-01	3.333558e-01	3.331614e-01
3.812069760539998e-07	3.333775e-01	3.333556e-01	3.331602e-01
3.812366903397134e-07	3.333768e-01	3.333555e-01	3.331592e-01
3.812664046254269e-07	3.333760e-01	3.333553e-01	3.331585e-01
3.812961189111404e-07	3.333753e-01	3.333551e-01	3.331579e-01
3.813258331968540e-07	3.333746e-01	3.333549e-01	3.331575e-01
3.813556903397103e-07	3.333738e-01	3.333547e-01	3.331574e-01
3.813855474825667e-07	3.333730e-01	3.333545e-01	3.331574e-01
3.814154046254231e-07	3.333723e-01	3.333543e-01	3.331576e-01
3.814452617682795e-07	3.333715e-01	3.333541e-01	3.331581e-01
3.814751189111359e-07	3.333708e-01	3.333538e-01	3.331587e-01
3.815049760539923e-07	3.333700e-01	3.333536e-01	3.331596e-01
3.815348331968487e-07	3.333693e-01	3.333533e-01	3.331606e-01
3.815876903397045e-07	3.333679e-01	3.333528e-01	3.331629e-01
3.816405474825603e-07	3.333666e-01	3.333523e-01	3.331659e-01
3.816934046254161e-07	3.333653e-01	3.333517e-01	3.331693e-01
3.817462617682719e-07	3.333639e-01	3.333512e-01	3.331734e-01
3.817991189111277e-07	3.333626e-01	3.333506e-01	3.331780e-01
3.818519760539835e-07	3.333613e-01	3.333500e-01	3.331833e-01
3.819048331968393e-07	3.333600e-01	3.333494e-01	3.331890e-01
3.819058331968393e-07	3.333600e-01	3.333494e-01	3.331892e-01
3.819805474825517e-07	3.333582e-01	3.333485e-01	3.331984e-01
3.820552617682641e-07	3.333564e-01	3.333476e-01	3.332084e-01
3.821299760539764e-07	3.333546e-01	3.333467e-01	3.332193e-01
3.822046903396888e-07	3.333529e-01	3.333458e-01	3.332310e-01
3.822794046254012e-07	3.333512e-01	3.333449e-01	3.332436e-01
3.823541189111136e-07	3.333496e-01	3.333439e-01	3.332570e-01
3.824288331968260e-07	3.333480e-01	3.333430e-01	3.332713e-01
3.825002617682528e-07	3.333465e-01	3.333421e-01	3.332855e-01
3.825716903396795e-07	3.333450e-01	3.333413e-01	3.332998e-01
3.826431189111063e-07	3.333436e-01	3.333404e-01	3.333143e-01
3.827145474825331e-07	3.333422e-01	3.333396e-01	3.333290e-01
3.827859760539598e-07	3.333409e-01	3.333388e-01	3.333437e-01
3.828574046253866e-07	3.333396e-01	3.333380e-01	3.333586e-01
3.829288331968133e-07	3.333384e-01	3.333373e-01	3.333737e-01
3.829298331968133e-07	3.333384e-01	3.333373e-01	3.333739e-01
3.830075474825256e-07	3.333371e-01	3.333365e-01	3.333899e-01
3.830852617682380e-07	3.333358e-01	3.333357e-01	3.334053e-01
3.831629760539503e-07	3.333346e-01	3.333350e-01	3.334199e-01
3.832406903396626e-07	3.333335e-01	3.333343e-01	3.334339e-01
3.833184046253749e-07	3.333324e-01	3.333337e-01	3.334472e-01
3.833961189110872e-07	3.333314e-01	3.333331e-01	3.334597e-01
3.834738331967995e-07	3.333304e-01	3.333325e-01	3.334716e-01
3.835354046253694e-07	3.333297e-01	3.333321e-01	3.334801e-01
3.835969760539393e-07	3.333290e-01	3.333317e-01	3.334880e-01
3.836585474825091e-07	3.333283e-01	3.333313e-01	3.334951e-01
3.837201189110790e-07	3.333277e-01	3.333310e-01	3.335016e-01
3.837816903396489e-07	3.333271e-01	3.333306e-01	3.335073e-01
3.838432617682188e-07	3.333265e-01	3.333303e-01	3.335124e-01
3.839048331967886e-07	3.333260e-01	3.333301e-01	3.335168e-01
3.839538331967874e-07	3.333256e-01	3.333299e-01	3.335198e-01
3.839985474825005e-07	3.333252e-01	3.333297e-01	3.335222e-01
3.840432617682137e-07	3.333249e-01	3.333295e-01	3.335241e-01
3.840879760539268e-07	3.333245e-01	3.333294e-01	3.335258e-01
3.841326903396400e-07	3.333242e-01	3.333292e-01	3.335271e-01
3.841774046253531e-07	3.333239e-01	3.333291e-01	3.335280e-01
3.842221189110663e-07	3.333236e-01	3.333290e-01	3.335286e-01
3.842668331967795e-07	3.333234e-01	3.333289e-01	3.335289e-01
3.843248331967780e-07	3.333231e-01	3.333288e-01	3.335287e-01
3.843828331967765e-07	3.333228e-01	3.333287e-01	3.335281e-01
3.844408331967750e-07	3.333225e-01	3.333286e-01	3.335270e-01
3.844988331967736e-07	3.333222e-01	3.333285e-01	3.335254e-01
3.845568331967721e-07	3.333220e-01	3.333285e-01	3.335234e-01
3.846148331967706e-07	3.333218e-01	3.333284e-01	3.335210e-01
3.846728331967692e-07	3.333216e-01	3.333284e-01	3.335180e-01
3.847162617681966e-07	3.333214e-01	3.333284e-01	3.335156e-01
3.847596903396241e-07	3.333213e-01	3.333284e-01	3.335131e-01
3.848031189110516e-07	3.333212e-01	3.333284e-01	3.335103e-01
3.848465474824790e-07	3.333211e-01	3.333284e-01	3.335074e-01
3.848899760539065e-07	3.333210e-01	3.333284e-01	3.335043e-01
3.849334046253340e-07	3.333209e-01	3.333284e-01	3.335010e-01
3.849768331967615e-07	3.333209e-01	3.333284e-01	3.334976e-01
3.849778331967614e-07	3.333209e-01	3.333284e-01	3.334976e-01
3.850828331967588e-07	3.333208e-01	3.333285e-01	3.334885e-01
3.851878331967561e-07	3.333207e-01	3.333287e-01	3.334791e-01
3.852928331967535e-07	3.333206e-01	3.333288e-01	3.334694e-01
3.853978331967508e-07	3.333207e-01	3.333290e-01	3.334593e-01
3.855028331967481e-07	3.333207e-01	3.333291e-01	3.334488e-01
3.856078331967455e-07	3.333208e-01	3.333293e-01	3.334380e-01
3.857128331967428e-07	3.333209e-01	3.333296e-01	3.334268e-01
3.857539760538846e-07	3.333210e-01	3.333297e-01	3.334225e-01
3.857951189110264e-07	3.333211e-01	3.333297e-01	3.334182e-01
3.858362617681683e-07	3.333211e-01	3.333298e-01	3.334140e-01
3.858774046253101e-07	3.333212e-01	3.333299e-01	3.334097e-01
3.859185474824519e-07	3.333213e-01	3.333300e-01	3.334055e-01
3.859596903395937e-07	3.333214e-01	3.333301e-01	3.334012e-01
3.860008331967355e-07	3.333215e-01	3.333302e-01	3.333970e-01
3.860018331967355e-07	3.333215e-01	3.333302e-01	3.333969e-01
3.860498331967343e-07	3.333216e-01	3.333303e-01	3.333921e-01
3.860532617681628e-07	3.333216e-01	3.333303e-01	3.333917e-01
3.860566903395912e-07	3.333216e-01	3.333303e-01	3.333914e-01
3.860601189110197e-07	3.333216e-01	3.333304e-01	3.333910e-01
3.860635474824482e-07	3.333216e-01	3.333304e-01	3.333907e-01
3.860669760538767e-07	3.333216e-01	3.333304e-01	3.333903e-01
3.860704046253052e-07	3.333217e-01	3.333304e-01	3.333900e-01
3.860738331967337e-07	3.333217e-01	3.333304e-01	3.333896e-01
3.860782617681621e-07	3.333217e-01	3.333305e-01	3.333892e-01
3.860826903395906e-07	3.333217e-01	3.333305e-01	3.333888e-01
3.860871189110190e-07	3.333217e-01	3.333305e-01	3.333883e-01
3.860915474824475e-07	3.333217e-01	3.333306e-01	3.333879e-01
3.860959760538760e-07	3.333217e-01	3.333307e-01	3.333874e-01
3.861004046253044e-07	3.333217e-01	3.333307e-01	3.333870e-01
3.861048331967329e-07	3.333217e-01	3.333308e-01	3.333865e-01
3.861111189110184e-07	3.333217e-01	3.333309e-01	3.333859e-01
3.861174046253040e-07	3.333218e-01	3.333311e-01	3.333853e-01
3.861236903395895e-07	3.333218e-01	3.333312e-01	3.333846e-01
3.861299760538751e-07	3.333218e-01	3.333314e-01	3.333840e-01
3.861362617681607e-07	3.333218e-01	3.333316e-01	3.333834e-01
3.861425474824462e-07	3.333218e-01	3.333318e-01	3.333828e-01
3.861488331967318e-07	3.333218e-01	3.333320e-01	3.333821e-01
3.861595474824458e-07	3.333219e-01	3.333324e-01	3.333811e-01
3.861702617681598e-07	3.333219e-01	3.333329e-01	3.333800e-01
3.861809760538738e-07	3.333219e-01	3.333333e-01	3.333790e-01
3.861916903395878e-07	3.333219e-01	3.333338e-01	3.333779e-01
3.862024046253018e-07	3.333219e-01	3.333343e-01	3.333769e-01
3.862131189110159e-07	3.333219e-01	3.333349e-01	3.333758e-01
3.862238331967299e-07	3.333219e-01	3.333355e-01	3.333748e-01
3.862358331967296e-07	3.333219e-01	3.333361e-01	3.333736e-01
3.862478331967293e-07	3.333219e-01	3.333367e-01	3.333724e-01
3.862598331967290e-07	3.333219e-01	3.333372e-01	3.333713e-01
3.862718331967287e-07	3.333218e-01	3.333378e-01	3.333701e-01
3.862838331967283e-07	3.333218e-01	3.333383e-01	3.333690e-01
3.862958331967280e-07	3.333217e-01	3.333388e-01	3.333678e-01
3.863078331967277e-07	3.333216e-01	3.333392e-01	3.333667e-01
3.863161189110132e-07	3.333215e-01	3.333395e-01	3.333659e-01
3.863244046252987e-07	3.333214e-01	3.333397e-01	3.333651e-01
3.863326903395843e-07	3.333214e-01	3.333399e-01	3.333643e-01
3.863409760538698e-07	3.333213e-01	3.333401e-01	3.333635e-01
3.863492617681553e-07	3.333211e-01	3.333402e-01	3.333627e-01
3.863575474824408e-07	3.333210e-01	3.333404e-01	3.333620e-01
3.863658331967263e-07	3.333209e-01	3.333404e-01	3.333612e-01
3.863726903395832e-07	3.333208e-01	3.333405e-01	3.333605e-01
3.863795474824402e-07	3.333206e-01	3.333405e-01	3.333599e-01
3.863864046252972e-07	3.333205e-01	3.333405e-01	3.333593e-01
3.863932617681541e-07	3.333203e-01	3.333404e-01	3.333586e-01
3.864001189110111e-07	3.333202e-01	3.333403e-01	3.333580e-01
3.864069760538681e-07	3.333200e-01	3.333402e-01	3.333573e-01
3.864138331967251e-07	3.333199e-01	3.333401e-01	3.333567e-01
3.864251189110105e-07	3.333196e-01	3.333398e-01	3.333557e-01
3.864364046252959e-07	3.333192e-01	3.333395e-01	3.333546e-01
3.864476903395813e-07	3.333189e-01	3.333391e-01	3.333536e-01
3.864589760538668e-07	3.333185e-01	3.333386e-01	3.333526e-01
3.864702617681522e-07	3.333181e-01	3.333381e-01	3.333516e-01
3.864815474824376e-07	3.333176e-01	3.333375e-01	3.333505e-01
3.864928331967231e-07	3.333172e-01	3.333368e-01	3.333495e-01
3.865139760538654e-07	3.333162e-01	3.333354e-01	3.333476e-01
3.865351189110077e-07	3.333152e-01	3.333338e-01	3.333458e-01
3.865562617681500e-07	3.333140e-01	3.333320e-01	3.333439e-01
3.865774046252923e-07	3.333128e-01	3.333302e-01	3.333421e-01
3.865985474824347e-07	3.333114e-01	3.333282e-01	3.333402e-01
3.866196903395770e-07	3.333100e-01	3.333262e-01	3.333384e-01
3.866408331967193e-07	3.333085e-01	3.333240e-01	3.333366e-01
3.866624046252902e-07	3.333068e-01	3.333217e-01	3.333348e-01
3.866839760538611e-07	3.333051e-01	3.333195e-01	3.333330e-01
3.867055474824319e-07	3.333034e-01	3.333174e-01	3.333312e-01
3.867271189110028e-07	3.333016e-01	3.333153e-01	3.333295e-01
3.867486903395737e-07	3.332997e-01	3.333133e-01	3.333277e-01
3.867702617681446e-07	3.332977e-01	3.333114e-01	3.333260e-01
3.867918331967155e-07	3.332958e-01	3.333095e-01	3.333243e-01
3.868081189110008e-07	3.332943e-01	3.333083e-01	3.333230e-01
3.868244046252861e-07	3.332928e-01	3.333071e-01	3.333218e-01
3.868406903395714e-07	3.332913e-01	3.333061e-01	3.333205e-01
3.868569760538567e-07	3.332898e-01	3.333051e-01	3.333192e-01
3.868732617681420e-07	3.332883e-01	3.333043e-01	3.333180e-01
3.868895474824273e-07	3.332868e-01	3.333035e-01	3.333168e-01
3.869058331967126e-07	3.332853e-01	3.333029e-01	3.333156e-01
3.869172617681409e-07	3.332843e-01	3.333025e-01	3.333147e-01
3.869286903395692e-07	3.332833e-01	3.333022e-01	3.333139e-01
3.869401189109974e-07	3.332823e-01	3.333019e-01	3.333130e-01
3.869515474824257e-07	3.332813e-01	3.333018e-01	3.333122e-01
3.869629760538540e-07	3.332804e-01	3.333016e-01	3.333114e-01
3.869744046252823e-07	3.332794e-01	3.333015e-01	3.333106e-01
3.869858331967106e-07	3.332785e-01	3.333015e-01	3.333097e-01
3.869914046252818e-07	3.332781e-01	3.333015e-01	3.333093e-01
3.869969760538531e-07	3.332776e-01	3.333016e-01	3.333090e-01
3.870025474824244e-07	3.332772e-01	3.333016e-01	3.333086e-01
3.870081189109957e-07	3.332767e-01	3.333017e-01	3.333082e-01
3.870136903395670e-07	3.332763e-01	3.333017e-01	3.333078e-01
3.870192617681383e-07	3.332759e-01	3.333018e-01	3.333074e-01
3.870248331967096e-07	3.332755e-01	3.333019e-01	3.333070e-01
3.870258331967095e-07	3.332754e-01	3.333019e-01	3.333069e-01
3.870448331967091e-07	3.332740e-01	3.333023e-01	3.333056e-01
3.870638331967086e-07	3.332728e-01	3.333029e-01	3.333043e-01
3.870828331967081e-07	3.332716e-01	3.333036e-01	3.333031e-01
3.871018331967076e-07	3.332704e-01	3.333044e-01	3.333018e-01
3.871208331967071e-07	3.332694e-01	3.333054e-01	3.333006e-01
3.871398331967067e-07	3.332685e-01	3.333064e-01	3.332993e-01
3.871588331967062e-07	3.332676e-01	3.333077e-01	3.332981e-01
3.871765474824200e-07	3.332669e-01	3.333089e-01	3.332970e-01
3.871942617681339e-07	3.332663e-01	3.333102e-01	3.332959e-01
3.872119760538477e-07	3.332657e-01	3.333115e-01	3.332948e-01
3.872296903395615e-07	3.332653e-01	3.333129e-01	3.332937e-01
3.872474046252754e-07	3.332649e-01	3.333143e-01	3.332927e-01
3.872651189109892e-07	3.332646e-01	3.333159e-01	3.332916e-01
3.872828331967030e-07	3.332645e-01	3.333174e-01	3.332906e-01
3.872955474824170e-07	3.332644e-01	3.333186e-01	3.332898e-01
3.873082617681310e-07	3.332644e-01	3.333197e-01	3.332891e-01
3.873209760538449e-07	3.332644e-01	3.333208e-01	3.332884e-01
3.873336903395589e-07	3.332645e-01	3.333220e-01	3.332877e-01
3.873464046252729e-07	3.332646e-01	3.333232e-01	3.332870e-01
3.873591189109868e-07	3.332647e-01	3.333243e-01	3.332863e-01
3.873718331967008e-07	3.332649e-01	3.333255e-01	3.332856e-01
3.873969760538430e-07	3.332655e-01	3.333278e-01	3.332842e-01
3.874221189109852e-07	3.332662e-01	3.333300e-01	3.332829e-01
3.874472617681274e-07	3.332671e-01	3.333322e-01	3.332816e-01
3.874724046252697e-07	3.332681e-01	3.333343e-01	3.332804e-01
3.874975474824119e-07	3.332693e-01	3.333363e-01	3.332792e-01
3.875226903395541e-07	3.332706e-01	3.333382e-01	3.332780e-01
3.875478331966963e-07	3.332721e-01	3.333400e-01	3.332768e-01
3.875706903395529e-07	3.332736e-01	3.333416e-01	3.332758e-01
3.875935474824095e-07	3.332751e-01	3.333430e-01	3.332747e-01
3.876164046252660e-07	3.332768e-01	3.333443e-01	3.332738e-01
3.876392617681226e-07	3.332785e-01	3.333454e-01	3.332728e-01
3.876621189109791e-07	3.332803e-01	3.333464e-01	3.332718e-01
3.876849760538357e-07	3.332822e-01	3.333473e-01	3.332709e-01
3.877078331966923e-07	3.332841e-01	3.333481e-01	3.332700e-01
3.877252617681204e-07	3.332856e-01	3.333486e-01	3.332693e-01
3.877426903395485e-07	3.332872e-01	3.333490e-01	3.332687e-01
3.877601189109767e-07	3.332887e-01	3.333494e-01	3.332680e-01
3.877775474824048e-07	3.332903e-01	3.333496e-01	3.332674e-01
3.877949760538329e-07	3.332919e-01	3.333498e-01	3.332668e-01
3.878124046252610e-07	3.332935e-01	3.333499e-01	3.332662e-01
3.878298331966892e-07	3.332952e-01	3.333499e-01	3.332656e-01
3.878506903395458e-07	3.332971e-01	3.333499e-01	3.332649e-01
3.878715474824024e-07	3.332991e-01	3.333497e-01	3.332643e-01
3.878924046252590e-07	3.333011e-01	3.333495e-01	3.332636e-01
3.879132617681156e-07	3.333030e-01	3.333491e-01	3.332630e-01
3.879341189109723e-07	3.333050e-01	3.333487e-01	3.332624e-01
3.879549760538289e-07	3.333069e-01	3.333482e-01	3.332618e-01
3.879758331966855e-07	3.333089e-01	3.333476e-01	3.332612e-01
3.879862617681138e-07	3.333098e-01	3.333472e-01	3.332609e-01
3.879966903395421e-07	3.333108e-01	3.333469e-01	3.332607e-01
3.880071189109704e-07	3.333117e-01	3.333465e-01	3.332604e-01
3.880175474823987e-07	3.333127e-01	3.333461e-01	3.332601e-01
3.880279760538270e-07	3.333136e-01	3.333457e-01	3.332599e-01
3.880384046252553e-07	3.333145e-01	3.333453e-01	3.332596e-01
3.880488331966836e-07	3.333155e-01	3.333448e-01	3.332594e-01
3.880498331966836e-07	3.333156e-01	3.333448e-01	3.332593e-01
3.880868331966827e-07	3.333188e-01	3.333431e-01	3.332585e-01
3.881238331966817e-07	3.333218e-01	3.333413e-01	3.332577e-01
3.881608331966808e-07	3.333247e-01	3.333394e-01	3.332570e-01
3.881978331966799e-07	3.333275e-01	3.333374e-01	3.332563e-01
3.882348331966789e-07	3.333301e-01	3.333354e-01	3.332557e-01
3.882718331966780e-07	3.333326e-01	3.333333e-01	3.332551e-01
3.883088331966770e-07	3.333350e-01	3.333312e-01	3.332546e-01
3.883431189109619e-07	3.333370e-01	3.333292e-01	3.332542e-01
3.883774046252467e-07	3.333388e-01	3.333274e-01	3.332539e-01
3.884116903395316e-07	3.333406e-01	3.333256e-01	3.332536e-01
3.884459760538164e-07	3.333422e-01	3.333240e-01	3.332533e-01
3.884802617681013e-07	3.333437e-01	3.333224e-01	3.332530e-01
3.885145474823861e-07	3.333451e-01	3.333209e-01	3.332529e-01
3.885488331966710e-07	3.333463e-01	3.333195e-01	3.332527e-01
3.885771189109560e-07	3.333472e-01	3.333184e-01	3.332526e-01
3.886054046252410e-07	3.333481e-01	3.333175e-01	3.332526e-01
3.886336903395260e-07	3.333489e-01	3.333167e-01	3.332525e-01
3.886619760538110e-07	3.333497e-01	3.333160e-01	3.332525e-01
3.886902617680960e-07	3.333504e-01	3.333154e-01	3.332526e-01
3.887185474823809e-07	3.333511e-01	3.333149e-01	3.332526e-01
3.887468331966659e-07	3.333516e-01	3.333145e-01	3.332527e-01
3.887734046252367e-07	3.333522e-01	3.333142e-01	3.332528e-01
3.887999760538075e-07	3.333527e-01	3.333141e-01	3.332529e-01
3.888265474823782e-07	3.333532e-01	3.333140e-01	3.332531e-01
3.888531189109490e-07	3.333537e-01	3.333140e-01	3.332532e-01
3.888796903395197e-07	3.333542e-01	3.333141e-01	3.332534e-01
3.889062617680905e-07	3.333546e-01	3.333144e-01	3.332536e-01
3.889328331966612e-07	3.333551e-01	3.333147e-01	3.332539e-01
3.889528331966607e-07	3.333554e-01	3.333150e-01	3.332540e-01
3.889728331966602e-07	3.333557e-01	3.333153e-01	3.332543e-01
3.889928331966597e-07	3.333561e-01	3.333157e-01	3.332545e-01
3.890128331966592e-07	3.333564e-01	3.333162e-01	3.332547e-01
3.890328331966587e-07	3.333568e-01	3.333166e-01	3.332549e-01
3.890528331966582e-07	3.333571e-01	3.333172e-01	3.332552e-01
3.890728331966577e-07	3.333575e-01	3.333178e-01	3.332554e-01
3.890738331966577e-07	3.333575e-01	3.333178e-01	3.332555e-01
3.890999760537999e-07	3.333580e-01	3.333186e-01	3.332558e-01
3.891261189109421e-07	3.333585e-01	3.333195e-01	3.332562e-01
3.891522617680842e-07	3.333591e-01	3.333204e-01	3.332566e-01
3.891784046252264e-07	3.333596e-01	3.333214e-01	3.332570e-01
3.892045474823686e-07	3.333602e-01	3.333224e-01	3.332574e-01
3.892306903395108e-07	3.333609e-01	3.333235e-01	3.332578e-01
3.892568331966530e-07	3.333615e-01	3.333247e-01	3.332583e-01
3.892578331966530e-07	3.333615e-01	3.333248e-01	3.332583e-01
3.892588331966530e-07	3.333616e-01	3.333249e-01	3.332583e-01
3.892598331966529e-07	3.333616e-01	3.333248e-01	3.332584e-01
3.892618331966529e-07	3.333617e-01	3.333249e-01	3.332584e-01
3.892638331966528e-07	3.333617e-01	3.333250e-01	3.332584e-01
3.892658331966528e-07	3.333617e-01	3.333251e-01	3.332585e-01
3.892719760537955e-07	3.333619e-01	3.333254e-01	3.332586e-01
3.892781189109382e-07	3.333621e-01	3.333257e-01	3.332587e-01
3.892842617680809e-07	3.333623e-01	3.333260e-01	3.332588e-01
3.892904046252236e-07	3.333624e-01	3.333262e-01	3.332589e-01
3.892965474823663e-07	3.333626e-01	3.333265e-01	3.332590e-01
3.893026903395090e-07	3.333628e-01	3.333268e-01	3.332591e-01
3.893088331966517e-07	3.333630e-01	3.333271e-01	3.332593e-01
3.893178331966515e-07	3.333634e-01	3.333275e-01	3.332594e-01
3.893268331966513e-07	3.333637e-01	3.333280e-01	3.332596e-01
3.893358331966510e-07	3.333641e-01	3.333284e-01	3.332598e-01
3.893448331966508e-07	3.333645e-01	3.333289e-01	3.332600e-01
3.893538331966506e-07	3.333649e-01	3.333294e-01	3.332601e-01
3.893628331966503e-07	3.333654e-01	3.333299e-01	3.332603e-01
3.893718331966501e-07	3.333658e-01	3.333304e-01	3.332605e-01
3.893878331966497e-07	3.333668e-01	3.333313e-01	3.332608e-01
3.894038331966493e-07	3.333678e-01	3.333322e-01	3.332612e-01
3.894198331966489e-07	3.333688e-01	3.333332e-01	3.332615e-01
3.894358331966485e-07	3.333699e-01	3.333342e-01	3.332618e-01
3.894518331966481e-07	3.333711e-01	3.333353e-01	3.332622e-01
3.894678331966477e-07	3.333724e-01	3.333364e-01	3.332626e-01
3.894838331966473e-07	3.333737e-01	3.333375e-01	3.332629e-01
3.895038331966468e-07	3.333753e-01	3.333391e-01	3.332634e-01
3.895238331966463e-07	3.333770e-01	3.333406e-01	3.332638e-01
3.895438331966458e-07	3.333787e-01	3.333421e-01	3.332643e-01
3.895638331966452e-07	3.333804e-01	3.333437e-01	3.332648e-01
3.895838331966447e-07	3.333821e-01	3.333452e-01	3.332652e-01
3.896038331966442e-07	3.333838e-01	3.333468e-01	3.332657e-01
3.896238331966437e-07	3.333856e-01	3.333484e-01	3.332662e-01
3.896445474823575e-07	3.333873e-01	3.333500e-01	3.332668e-01
3.896652617680712e-07	3.333889e-01	3.333515e-01	3.332673e-01
3.896859760537850e-07	3.333906e-01	3.333530e-01	3.332678e-01
3.897066903394988e-07	3.333922e-01	3.333543e-01	3.332683e-01
3.897274046252125e-07	3.333938e-01	3.333556e-01	3.332689e-01
3.897481189109263e-07	3.333953e-01	3.333568e-01	3.332694e-01
3.897688331966401e-07	3.333969e-01	3.333579e-01	3.332700e-01
3.897831189109254e-07	3.333979e-01	3.333585e-01	3.332704e-01
3.897974046252108e-07	3.333989e-01	3.333591e-01	3.332708e-01
3.898116903394961e-07	3.333999e-01	3.333596e-01	3.332712e-01
3.898259760537815e-07	3.334009e-01	3.333601e-01	3.332716e-01
3.898402617680668e-07	3.334019e-01	3.333605e-01	3.332720e-01
3.898545474823522e-07	3.334028e-01	3.333608e-01	3.332724e-01
3.898688331966375e-07	3.334038e-01	3.333610e-01	3.332728e-01
3.898811189109229e-07	3.334047e-01	3.333612e-01	3.332731e-01
3.898934046252083e-07	3.334055e-01	3.333613e-01	3.332734e-01
3.899056903394937e-07	3.334063e-01	3.333613e-01	3.332738e-01
3.899179760537791e-07	3.334072e-01	3.333613e-01	3.332741e-01
3.899302617680645e-07	3.334080e-01	3.333613e-01	3.332745e-01
3.899425474823499e-07	3.334089e-01	3.333612e-01	3.332748e-01
3.899548331966353e-07	3.334097e-01	3.333610e-01	3.332752e-01
3.899716903394921e-07	3.334109e-01	3.333607e-01	3.332757e-01
3.899885474823488e-07	3.334121e-01	3.333604e-01	3.332762e-01
3.900054046252055e-07	3.334134e-01	3.333600e-01	3.332767e-01
3.900222617680622e-07	3.334146e-01	3.333595e-01	3.332772e-01
3.900391189109189e-07	3.334159e-01	3.333589e-01	3.332777e-01
3.900559760537756e-07	3.334172e-01	3.333583e-01	3.332782e-01
3.900728331966324e-07	3.334185e-01	3.333576e-01	3.332787e-01
3.900978331966317e-07	3.334205e-01	3.333565e-01	3.332794e-01
3.901266903394881e-07	3.334230e-01	3.333550e-01	3.332803e-01
3.901555474823445e-07	3.334255e-01	3.333536e-01	3.332812e-01
3.901844046252010e-07	3.334280e-01	3.333522e-01	3.332820e-01
3.902132617680574e-07	3.334307e-01	3.333509e-01	3.332829e-01
3.902421189109138e-07	3.334334e-01	3.333496e-01	3.332838e-01
3.902709760537702e-07	3.334363e-01	3.333483e-01	3.332847e-01
3.902998331966266e-07	3.334391e-01	3.333471e-01	3.332856e-01
3.903161189109119e-07	3.334408e-01	3.333465e-01	3.332861e-01
3.903324046251972e-07	3.334424e-01	3.333460e-01	3.332866e-01
3.903486903394825e-07	3.334441e-01	3.333455e-01	3.332871e-01
3.903649760537678e-07	3.334457e-01	3.333451e-01	3.332876e-01
3.903812617680531e-07	3.334474e-01	3.333448e-01	3.332881e-01
3.903975474823384e-07	3.334491e-01	3.333446e-01	3.332886e-01
3.904138331966237e-07	3.334507e-01	3.333444e-01	3.332891e-01
3.904259760537663e-07	3.334520e-01	3.333444e-01	3.332895e-01
3.904381189109088e-07	3.334532e-01	3.333444e-01	3.332899e-01
3.904502617680514e-07	3.334544e-01	3.333444e-01	3.332902e-01
3.904624046251939e-07	3.334556e-01	3.333445e-01	3.332906e-01
3.904745474823365e-07	3.334568e-01	3.333446e-01	3.332910e-01
3.904866903394790e-07	3.334580e-01	3.333448e-01	3.332914e-01
3.904988331966216e-07	3.334592e-01	3.333451e-01	3.332917e-01
3.905178331966211e-07	3.334610e-01	3.333455e-01	3.332923e-01
3.905368331966206e-07	3.334628e-01	3.333462e-01	3.332929e-01
3.905558331966201e-07	3.334646e-01	3.333469e-01	3.332935e-01
3.905748331966196e-07	3.334662e-01	3.333478e-01	3.332941e-01
3.905938331966192e-07	3.334679e-01	3.333488e-01	3.332947e-01
3.906128331966187e-07	3.334694e-01	3.333499e-01	3.332953e-01
3.906318331966182e-07	3.334709e-01	3.333512e-01	3.332959e-01
3.906599760537603e-07	3.334731e-01	3.333534e-01	3.332968e-01
3.906881189109025e-07	3.334750e-01	3.333557e-01	3.332976e-01
3.907162617680446e-07	3.334767e-01	3.333583e-01	3.332985e-01
3.907444046251868e-07	3.334782e-01	3.333611e-01	3.332994e-01
3.907725474823289e-07	3.334795e-01	3.333641e-01	3.333002e-01
3.908006903394711e-07	3.334806e-01	3.333674e-01	3.333011e-01
3.908288331966132e-07	3.334815e-01	3.333708e-01	3.333019e-01
3.908426903394700e-07	3.334819e-01	3.333726e-01	3.333023e-01
3.908565474823268e-07	3.334821e-01	3.333743e-01	3.333028e-01
3.908704046251836e-07	3.334823e-01	3.333761e-01	3.333032e-01
3.908842617680404e-07	3.334825e-01	3.333779e-01	3.333036e-01
3.908981189108972e-07	3.334826e-01	3.333797e-01	3.333040e-01
3.909119760537539e-07	3.334826e-01	3.333816e-01	3.333044e-01
3.909258331966107e-07	3.334826e-01	3.333834e-01	3.333048e-01
3.909468331966102e-07	3.334824e-01	3.333863e-01	3.333054e-01
3.909678331966097e-07	3.334820e-01	3.333892e-01	3.333061e-01
3.909888331966091e-07	3.334815e-01	3.333920e-01	3.333067e-01
3.910098331966086e-07	3.334809e-01	3.333948e-01	3.333073e-01
3.910308331966081e-07	3.334801e-01	3.333976e-01	3.333079e-01
3.910518331966075e-07	3.334791e-01	3.334003e-01	3.333085e-01
3.910728331966070e-07	3.334780e-01	3.334031e-01	3.333091e-01
3.910796903394640e-07	3.334776e-01	3.334040e-01	3.333093e-01
3.910865474823210e-07	3.334772e-01	3.334048e-01	3.333095e-01
3.910934046251779e-07	3.334767e-01	3.334057e-01	3.333097e-01
3.911002617680349e-07	3.334763e-01	3.334065e-01	3.333099e-01
3.911071189108919e-07	3.334758e-01	3.334074e-01	3.333101e-01
3.911139760537488e-07	3.334754e-01	3.334082e-01	3.333103e-01
3.911208331966058e-07	3.334749e-01	3.334090e-01	3.333105e-01
3.911218331966058e-07	3.334748e-01	3.334092e-01	3.333105e-01
3.911519760537479e-07	3.334724e-01	3.334127e-01	3.333114e-01
3.911821189108900e-07	3.334697e-01	3.334160e-01	3.333122e-01
3.912122617680321e-07	3.334667e-01	3.334191e-01	3.333131e-01
3.912424046251741e-07	3.334635e-01	3.334218e-01	3.333139e-01
3.912725474823162e-07	3.334599e-01	3.334243e-01	3.333147e-01
3.913026903394583e-07	3.334561e-01	3.334265e-01	3.333155e-01
3.913328331966004e-07	3.334520e-01	3.334285e-01	3.333164e-01
3.913518331965999e-07	3.334492e-01	3.334295e-01	3.333169e-01
3.913708331965995e-07	3.334464e-01	3.334304e-01	3.333174e-01
3.913898331965990e-07	3.334435e-01	3.334311e-01	3.333179e-01
3.914088331965985e-07	3.334405e-01	3.334317e-01	3.333184e-01
3.914278331965980e-07	3.334374e-01	3.334321e-01	3.333188e-01
3.914468331965975e-07	3.334343e-01	3.334324e-01	3.333193e-01
3.914658331965971e-07	3.334310e-01	3.334325e-01	3.333198e-01
3.914835474823109e-07	3.334279e-01	3.334325e-01	3.333203e-01
3.915012617680247e-07	3.334247e-01	3.334323e-01	3.333207e-01
3.915189760537386e-07	3.334215e-01	3.334320e-01	3.333212e-01
3.915366903394524e-07	3.334182e-01	3.334316e-01	3.333216e-01
3.915544046251662e-07	3.334149e-01	3.334310e-01	3.333221e-01
3.915721189108801e-07	3.334115e-01	3.334303e-01	3.333225e-01
3.915898331965939e-07	3.334081e-01	3.334295e-01	3.333229e-01
3.916219760537360e-07	3.334016e-01	3.334275e-01	3.333237e-01
3.916541189108780e-07	3.333951e-01	3.334252e-01	3.333244e-01
3.916862617680200e-07	3.333886e-01	3.334225e-01	3.333252e-01
3.917184046251621e-07	3.333819e-01	3.334195e-01	3.333259e-01
3.917505474823041e-07	3.333751e-01	3.334160e-01	3.333267e-01
3.917826903394462e-07	3.333683e-01	3.334121e-01	3.333274e-01
3.918148331965882e-07	3.333613e-01	3.334078e-01	3.333281e-01
3.918619760537299e-07	3.333510e-01	3.334008e-01	3.333291e-01
3.919091189108715e-07	3.333409e-01	3.333933e-01	3.333301e-01
3.919562617680132e-07	3.333308e-01	3.333855e-01	3.333310e-01
3.920034046251549e-07	3.333208e-01	3.333772e-01	3.333320e-01
3.920505474822965e-07	3.333109e-01	3.333685e-01	3.333329e-01
3.920976903394382e-07	3.333012e-01	3.333593e-01	3.333338e-01
3.921448331965799e-07	3.332915e-01	3.333498e-01	3.333346e-01
3.921458331965798e-07	3.332913e-01	3.333496e-01	3.333347e-01
3.922001189108642e-07	3.332806e-01	3.333384e-01	3.333356e-01
3.922544046251485e-07	3.332702e-01	3.333275e-01	3.333365e-01
3.923086903394328e-07	3.332604e-01	3.333169e-01	3.333374e-01
3.923629760537172e-07	3.332511e-01	3.333066e-01	3.333383e-01
3.924172617680015e-07	3.332422e-01	3.332965e-01	3.333391e-01
3.924715474822859e-07	3.332337e-01	3.332868e-01	3.333399e-01
3.925258331965702e-07	3.332258e-01	3.332773e-01	3.333407e-01
3.925682617679977e-07	3.332200e-01	3.332705e-01	3.333412e-01
3.926106903394252e-07	3.332146e-01	3.332642e-01	3.333418e-01
3.926531189108527e-07	3.332095e-01	3.332583e-01	3.333423e-01
3.926955474822802e-07	3.332048e-01	3.332529e-01	3.333428e-01
3.927379760537077e-07	3.332004e-01	3.332480e-01	3.333433e-01
3.927804046251352e-07	3.331965e-01	3.332436e-01	3.333438e-01
3.928228331965627e-07	3.331928e-01	3.332396e-01	3.333443e-01
3.928561189108475e-07	3.331902e-01	3.332369e-01	3.333446e-01
3.928894046251324e-07	3.331878e-01	3.332345e-01	3.333449e-01
3.929226903394173e-07	3.331857e-01	3.332325e-01	3.333452e-01
3.929559760537022e-07	3.331837e-01	3.332307e-01	3.333455e-01
3.929892617679870e-07	3.331820e-01	3.332293e-01	3.333458e-01
3.930225474822719e-07	3.331805e-01	3.332282e-01	3.333461e-01
3.930558331965568e-07	3.331792e-01	3.332275e-01	3.333464e-01
3.930719760536992e-07	3.331787e-01	3.332272e-01	3.333465e-01
3.930881189108417e-07	3.331782e-01	3.332270e-01	3.333467e-01
3.931042617679841e-07	3.331777e-01	3.332268e-01	3.333468e-01
3.931204046251266e-07	3.331773e-01	3.332268e-01	3.333469e-01
3.931365474822690e-07	3.331769e-01	3.332268e-01	3.333470e-01
3.931526903394115e-07	3.331766e-01	3.332269e-01	3.333471e-01
3.931688331965539e-07	3.331763e-01	3.332270e-01	3.333473e-01
3.931698331965539e-07	3.331763e-01	3.332270e-01	3.333473e-01
3.932085474822672e-07	3.331759e-01	3.332277e-01	3.333476e-01
3.932472617679805e-07	3.331757e-01	3.332287e-01	3.333478e-01
3.932859760536938e-07	3.331757e-01	3.332299e-01	3.333480e-01
3.933246903394071e-07	3.331760e-01	3.332315e-01	3.333483e-01
3.933634046251204e-07	3.331765e-01	3.332335e-01	3.333485e-01
3.934021189108337e-07	3.331772e-01	3.332357e-01	3.333487e-01
3.934408331965470e-07	3.331782e-01	3.332382e-01	3.333489e-01
3.935164046251165e-07	3.331809e-01	3.332441e-01	3.333492e-01
3.935919760536860e-07	3.331841e-01	3.332504e-01	3.333495e-01
3.936675474822556e-07	3.331879e-01	3.332570e-01	3.333497e-01
3.937431189108251e-07	3.331922e-01	3.332640e-01	3.333499e-01
3.938186903393946e-07	3.331972e-01	3.332713e-01	3.333501e-01
3.938942617679641e-07	3.332027e-01	3.332790e-01	3.333502e-01
3.939698331965336e-07	3.332088e-01	3.332871e-01	3.333503e-01
3.940016903393900e-07	3.332114e-01	3.332903e-01	3.333503e-01
3.940335474822463e-07	3.332141e-01	3.332935e-01	3.333504e-01
3.940654046251026e-07	3.332168e-01	3.332967e-01	3.333504e-01
3.940972617679590e-07	3.332195e-01	3.332997e-01	3.333504e-01
3.941291189108153e-07	3.332224e-01	3.333028e-01	3.333504e-01
3.941609760536716e-07	3.332252e-01	3.333058e-01	3.333504e-01
3.941928331965280e-07	3.332281e-01	3.333087e-01	3.333504e-01
3.941938331965279e-07	3.332282e-01	3.333088e-01	3.333504e-01
3.942488331965265e-07	3.332333e-01	3.333137e-01	3.333504e-01
3.943038331965252e-07	3.332384e-01	3.333184e-01	3.333503e-01
3.943588331965238e-07	3.332436e-01	3.333227e-01	3.333503e-01
3.944138331965224e-07	3.332488e-01	3.333268e-01	3.333502e-01
3.944688331965210e-07	3.332540e-01	3.333305e-01	3.333501e-01
3.945238331965196e-07	3.332592e-01	3.333340e-01	3.333500e-01
3.945788331965182e-07	3.332645e-01	3.333372e-01	3.333499e-01
3.946304046250883e-07	3.332693e-01	3.333399e-01	3.333498e-01
3.946819760536584e-07	3.332741e-01	3.333424e-01	3.333497e-01
3.947335474822286e-07	3.332789e-01	3.333445e-01	3.333496e-01
3.947851189107987e-07	3.332835e-01	3.333464e-01	3.333494e-01
3.948366903393688e-07	3.332881e-01	3.333480e-01	3.333493e-01
3.948882617679389e-07	3.332927e-01	3.333494e-01	3.333491e-01
3.949398331965090e-07	3.332971e-01	3.333504e-01	3.333490e-01
3.949782617679366e-07	3.333003e-01	3.333511e-01	3.333488e-01
3.950166903393642e-07	3.333035e-01	3.333516e-01	3.333487e-01
3.950551189107918e-07	3.333066e-01	3.333520e-01	3.333486e-01
3.950935474822194e-07	3.333097e-01	3.333523e-01	3.333484e-01
3.951319760536470e-07	3.333127e-01	3.333525e-01	3.333483e-01
3.951704046250746e-07	3.333156e-01	3.333526e-01	3.333482e-01
3.952088331965022e-07	3.333184e-01	3.333525e-01	3.333480e-01
3.952178331965020e-07	3.333190e-01	3.333525e-01	3.333480e-01
3.952284046250732e-07	3.333198e-01	3.333525e-01	3.333480e-01
3.952389760536443e-07	3.333206e-01	3.333525e-01	3.333479e-01
3.952495474822155e-07	3.333213e-01	3.333524e-01	3.333479e-01
3.952601189107866e-07	3.333221e-01	3.333524e-01	3.333479e-01
3.952706903393578e-07	3.333228e-01	3.333523e-01	3.333479e-01
3.952812617679290e-07	3.333235e-01	3.333522e-01	3.333478e-01
3.952918331965001e-07	3.333243e-01	3.333521e-01	3.333478e-01
3.953038331964998e-07	3.333251e-01	3.333521e-01	3.333478e-01
3.953158331964995e-07	3.333259e-01	3.333520e-01	3.333478e-01
3.953278331964992e-07	3.333267e-01	3.333519e-01	3.333479e-01
3.953398331964989e-07	3.333275e-01	3.333518e-01	3.333479e-01
3.953518331964986e-07	3.333283e-01	3.333516e-01	3.333480e-01
3.953638331964983e-07	3.333291e-01	3.333515e-01	3.333481e-01
3.953758331964980e-07	3.333299e-01	3.333514e-01	3.333482e-01
3.953894046250691e-07	3.333307e-01	3.333512e-01	3.333483e-01
3.954029760536402e-07	3.333316e-01	3.333510e-01	3.333485e-01
3.954165474822112e-07	3.333324e-01	3.333509e-01	3.333488e-01
3.954301189107823e-07	3.333333e-01	3.333507e-01	3.333490e-01
3.954436903393534e-07	3.333341e-01	3.333505e-01	3.333494e-01
3.954572617679245e-07	3.333349e-01	3.333503e-01	3.333497e-01
3.954708331964956e-07	3.333358e-01	3.333501e-01	3.333501e-01
3.954902617679237e-07	3.333369e-01	3.333498e-01	3.333507e-01
3.955096903393517e-07	3.333380e-01	3.333495e-01	3.333514e-01
3.955291189107798e-07	3.333391e-01	3.333491e-01	3.333522e-01
3.955485474822079e-07	3.333402e-01	3.333488e-01	3.333531e-01
3.955679760536360e-07	3.333413e-01	3.333484e-01	3.333540e-01
3.955874046250641e-07	3.333423e-01	3.333481e-01	3.333550e-01
3.956068331964921e-07	3.333434e-01	3.333477e-01	3.333561e-01
3.956519760536339e-07	3.333456e-01	3.333468e-01	3.333591e-01
3.956971189107756e-07	3.333478e-01	3.333458e-01	3.333621e-01
3.957422617679173e-07	3.333499e-01	3.333449e-01	3.333654e-01
3.957874046250590e-07	3.333519e-01	3.333439e-01	3.333687e-01
3.958325474822007e-07	3.333538e-01	3.333429e-01	3.333722e-01
3.958776903393424e-07	3.333556e-01	3.333419e-01	3.333758e-01
3.959228331964841e-07	3.333572e-01	3.333409e-01	3.333796e-01
3.959596903393403e-07	3.333585e-01	3.333401e-01	3.333825e-01
3.959965474821966e-07	3.333598e-01	3.333393e-01	3.333853e-01
3.960334046250528e-07	3.333609e-01	3.333385e-01	3.333881e-01
3.960702617679090e-07	3.333621e-01	3.333377e-01	3.333907e-01
3.961071189107652e-07	3.333631e-01	3.333369e-01	3.333932e-01
3.961439760536214e-07	3.333641e-01	3.333362e-01	3.333955e-01
3.961808331964776e-07	3.333650e-01	3.333355e-01	3.333978e-01
3.962418331964761e-07	3.333664e-01	3.333344e-01	3.334012e-01
3.963018331964745e-07	3.333676e-01	3.333333e-01	3.334041e-01
3.963618331964730e-07	3.333687e-01	3.333324e-01	3.334066e-01
3.964218331964715e-07	3.333697e-01	3.333315e-01	3.334086e-01
3.964818331964700e-07	3.333706e-01	3.333307e-01	3.334101e-01
3.965418331964685e-07	3.333713e-01	3.333301e-01	3.334111e-01
3.966018331964669e-07	3.333719e-01	3.333295e-01	3.334116e-01
3.966618331964654e-07	3.333724e-01	3.333290e-01	3.334117e-01
3.967014046250358e-07	3.333727e-01	3.333288e-01	3.334114e-01
3.967409760536063e-07	3.333730e-01	3.333286e-01	3.334109e-01
3.967805474821767e-07	3.333732e-01	3.333284e-01	3.334101e-01
3.968201189107471e-07	3.333734e-01	3.333282e-01	3.334090e-01
3.968596903393175e-07	3.333735e-01	3.333282e-01	3.334077e-01
3.968992617678880e-07	3.333736e-01	3.333281e-01	3.334062e-01
3.969388331964584e-07	3.333737e-01	3.333281e-01	3.334044e-01
3.969854046250286e-07	3.333737e-01	3.333281e-01	3.334019e-01
3.970319760535989e-07	3.333738e-01	3.333282e-01	3.333991e-01
3.970785474821691e-07	3.333737e-01	3.333284e-01	3.333960e-01
3.971251189107394e-07	3.333737e-01	3.333286e-01	3.333925e-01
3.971716903393096e-07	3.333736e-01	3.333288e-01	3.333887e-01
3.972182617678799e-07	3.333735e-01	3.333291e-01	3.333845e-01
3.972648331964501e-07	3.333734e-01	3.333294e-01	3.333800e-01
3.972658331964501e-07	3.333734e-01	3.333294e-01	3.333799e-01
3.973396903393054e-07	3.333731e-01	3.333300e-01	3.333720e-01
3.974135474821607e-07	3.333728e-01	3.333307e-01	3.333636e-01
3.974874046250159e-07	3.333725e-01	3.333314e-01	3.333550e-01
3.975612617678712e-07	3.333721e-01	3.333322e-01	3.333459e-01
3.976351189107265e-07	3.333717e-01	3.333330e-01	3.333366e-01
3.977089760535817e-07	3.333713e-01	3.333340e-01	3.333268e-01
3.977828331964370e-07	3.333708e-01	3.333349e-01	3.333167e-01
3.978488331964353e-07	3.333704e-01	3.333358e-01	3.333078e-01
3.979148331964337e-07	3.333700e-01	3.333367e-01	3.332992e-01
3.979808331964320e-07	3.333696e-01	3.333375e-01	3.332909e-01
3.980468331964303e-07	3.333691e-01	3.333384e-01	3.332829e-01
3.981128331964287e-07	3.333687e-01	3.333392e-01	3.332753e-01
3.981788331964270e-07	3.333683e-01	3.333401e-01	3.332680e-01
3.982448331964253e-07	3.333678e-01	3.333409e-01	3.332610e-01
3.982898331964242e-07	3.333675e-01	3.333415e-01	3.332566e-01
3.983061189107095e-07	3.333674e-01	3.333417e-01	3.332551e-01
3.983224046249948e-07	3.333673e-01	3.333419e-01	3.332536e-01
3.983386903392801e-07	3.333672e-01	3.333420e-01	3.332522e-01
3.983549760535654e-07	3.333671e-01	3.333422e-01	3.332508e-01
3.983712617678507e-07	3.333670e-01	3.333424e-01	3.332494e-01
3.983875474821360e-07	3.333669e-01	3.333426e-01	3.332480e-01
3.984038331964213e-07	3.333668e-01	3.333428e-01	3.332467e-01
3.984048331964213e-07	3.333668e-01	3.333428e-01	3.332466e-01
3.984068331964212e-07	3.333668e-01	3.333429e-01	3.332465e-01
3.984206903392780e-07	3.333667e-01	3.333430e-01	3.332454e-01
3.984345474821348e-07	3.333666e-01	3.333432e-01	3.332443e-01
3.984484046249916e-07	3.333665e-01	3.333433e-01	3.332433e-01
3.984622617678484e-07	3.333664e-01	3.333435e-01	3.332423e-01
3.984761189107052e-07	3.333663e-01	3.333436e-01	3.332413e-01
3.984899760535620e-07	3.333662e-01	3.333438e-01	3.332403e-01
3.985038331964187e-07	3.333661e-01	3.333439e-01	3.332393e-01
3.985244046249897e-07	3.333660e-01	3.333441e-01	3.332379e-01
3.985449760535606e-07	3.333659e-01	3.333443e-01	3.332365e-01
3.985655474821315e-07	3.333657e-01	3.333445e-01	3.332350e-01
3.985861189107024e-07	3.333656e-01	3.333447e-01	3.332335e-01
3.986066903392733e-07	3.333655e-01	3.333449e-01	3.332319e-01
3.986272617678442e-07	3.333653e-01	3.333451e-01	3.332303e-01
3.986478331964151e-07	3.333652e-01	3.333453e-01	3.332287e-01
3.986686903392717e-07	3.333651e-01	3.333455e-01	3.332270e-01
3.986895474821283e-07	3.333650e-01	3.333457e-01	3.332251e-01
3.987104046249849e-07	3.333648e-01	3.333459e-01	3.332232e-01
3.987312617678416e-07	3.333647e-01	3.333460e-01	3.332213e-01
3.987521189106982e-07	3.333646e-01	3.333462e-01	3.332192e-01
3.987729760535548e-07	3.333644e-01	3.333464e-01	3.332171e-01
3.987938331964114e-07	3.333643e-01	3.333465e-01	3.332150e-01
3.988429760535530e-07	3.333640e-01	3.333469e-01	3.332093e-01
3.988921189106946e-07	3.333637e-01	3.333473e-01	3.332037e-01
3.989412617678362e-07	3.333634e-01	3.333476e-01	3.331982e-01
3.989904046249778e-07	3.333630e-01	3.333478e-01	3.331928e-01
3.990395474821195e-07	3.333627e-01	3.333481e-01	3.331875e-01
3.990886903392611e-07	3.333624e-01	3.333483e-01	3.331823e-01
3.991378331964027e-07	3.333621e-01	3.333485e-01	3.331771e-01
3.991628331964020e-07	3.333619e-01	3.333486e-01	3.331749e-01
3.991878331964014e-07	3.333617e-01	3.333487e-01	3.331728e-01
3.992128331964008e-07	3.333616e-01	3.333488e-01	3.331708e-01
3.992378331964001e-07	3.333614e-01	3.333489e-01	3.331690e-01
3.992628331963995e-07	3.333613e-01	3.333489e-01	3.331674e-01
3.992878331963989e-07	3.333611e-01	3.333490e-01	3.331660e-01
3.993128331963982e-07	3.333609e-01	3.333491e-01	3.331647e-01
3.993138331963982e-07	3.333609e-01	3.333491e-01	3.331646e-01
3.994648331963944e-07	3.333599e-01	3.333493e-01	3.331610e-01
3.994879760535367e-07	3.333597e-01	3.333493e-01	3.331610e-01
3.995111189106789e-07	3.333596e-01	3.333493e-01	3.331612e-01
3.995342617678212e-07	3.333594e-01	3.333493e-01	3.331616e-01
3.995574046249635e-07	3.333593e-01	3.333493e-01	3.331621e-01
3.995805474821058e-07	3.333591e-01	3.333493e-01	3.331627e-01
3.996036903392480e-07	3.333589e-01	3.333493e-01	3.331635e-01
3.996268331963903e-07	3.333588e-01	3.333492e-01	3.331645e-01
3.996799760535318e-07	3.333584e-01	3.333492e-01	3.331672e-01
3.997331189106733e-07	3.333580e-01	3.333491e-01	3.331706e-01
3.997862617678148e-07	3.333576e-01	3.333490e-01	3.331745e-01
3.998394046249563e-07	3.333572e-01	3.333489e-01	3.331790e-01
3.998925474820978e-07	3.333567e-01	3.333487e-01	3.331841e-01
3.999456903392394e-07	3.333563e-01	3.333485e-01	3.331897e-01
3.999988331963809e-07	3.333559e-01	3.333483e-01	3.331960e-01
3.999998331963808e-07	3.333559e-01	3.333483e-01	3.331961e-01
4.000000000000000e-07	3.333559e-01	3.333483e-01	3.331961e-01
