time	V(n001)	V(n002)	V(n003)
0.000000000000000e+00	0.000000e+00	0.000000e+00	0.000000e+00
1.006310719978738e-09	0.000000e+00	0.000000e+00	0.000000e+00
2.000000000000000e-09	0.000000e+00	0.000000e+00	0.000000e+00
2.003785714285714e-09	1.644698e-07	0.000000e+00	0.000000e+00
2.007571428571428e-09	6.282284e-07	0.000000e+00	0.000000e+00
2.011357142857142e-09	1.391276e-06	0.000000e+00	0.000000e+00
2.015142857142856e-09	2.453612e-06	0.000000e+00	0.000000e+00
2.018928571428570e-09	3.815238e-06	0.000000e+00	0.000000e+00
2.022714285714284e-09	5.476152e-06	0.000000e+00	0.000000e+00
2.026499999999997e-09	7.436355e-06	0.000000e+00	0.000000e+00
2.027499999999997e-09	8.002884e-06	0.000000e+00	0.000000e+00
2.040071428571425e-09	1.696728e-05	0.000000e+00	0.000000e+00
2.052642857142852e-09	2.906240e-05	0.000000e+00	0.000000e+00
2.065214285714279e-09	4.428824e-05	0.000000e+00	0.000000e+00
2.077785714285706e-09	6.264480e-05	0.000000e+00	0.000000e+00
2.090357142857133e-09	8.413209e-05	0.000000e+00	0.000000e+00
2.102928571428561e-09	1.087501e-04	0.000000e+00	0.000000e+00
2.115499999999988e-09	1.364988e-04	0.000000e+00	0.000000e+00
2.139071428571414e-09	1.969710e-04	0.000000e+00	0.000000e+00
2.162642857142840e-09	2.672578e-04	0.000000e+00	0.000000e+00
2.186214285714266e-09	3.473594e-04	0.000000e+00	0.000000e+00
2.209785714285692e-09	4.372755e-04	0.000000e+00	0.000000e+00
2.233357142857118e-09	5.370064e-04	0.000000e+00	0.000000e+00
2.256928571428544e-09	6.465518e-04	0.000000e+00	0.000000e+00
2.280499999999970e-09	7.659120e-04	0.000000e+00	0.000000e+00
2.322785714285680e-09	1.004289e-03	0.000000e+00	0.000000e+00
2.365071428571390e-09	1.268311e-03	0.000000e+00	0.000000e+00
2.407357142857100e-09	1.557980e-03	0.000000e+00	0.000000e+00
2.449642857142810e-09	1.873293e-03	0.000000e+00	0.000000e+00
2.491928571428519e-09	2.214253e-03	0.000000e+00	0.000000e+00
2.534214285714229e-09	2.580858e-03	0.000000e+00	0.000000e+00
2.576499999999939e-09	2.973108e-03	0.000000e+00	0.000000e+00
2.644214285714217e-09	3.650968e-03	0.000000e+00	0.000000e+00
2.711928571428496e-09	4.375298e-03	0.000000e+00	0.000000e+00
2.779642857142774e-09	5.146098e-03	0.000000e+00	0.000000e+00
2.847357142857053e-09	5.963368e-03	0.000000e+00	0.000000e+00
2.915071428571331e-09	6.827107e-03	0.000000e+00	0.000000e+00
2.982785714285610e-09	7.737317e-03	0.000000e+00	0.000000e+00
3.050499999999888e-09	8.693996e-03	0.000000e+00	0.000000e+00
3.051499999999888e-09	8.708308e-03	0.000000e+00	0.000000e+00
3.176642857142744e-09	1.058686e-02	0.000000e+00	0.000000e+00
3.301785714285600e-09	1.255218e-02	0.000000e+00	0.000000e+00
3.426928571428455e-09	1.460428e-02	0.000000e+00	0.000000e+00
3.552071428571311e-09	1.674315e-02	0.000000e+00	0.000000e+00
3.677214285714167e-09	1.896880e-02	0.000000e+00	0.000000e+00
3.802357142857023e-09	2.128122e-02	0.000000e+00	0.000000e+00
3.927499999999878e-09	2.368041e-02	0.000000e+00	0.000000e+00
4.075499999999924e-09	2.656387e-02	0.000000e+00	0.000000e+00
4.221642857142826e-09	2.949553e-02	0.000000e+00	0.000000e+00
4.367785714285728e-09	3.247106e-02	0.000000e+00	0.000000e+00
4.513928571428629e-09	3.549048e-02	0.000000e+00	0.000000e+00
4.660071428571532e-09	3.855377e-02	0.000000e+00	0.000000e+00
4.806214285714434e-09	4.166094e-02	0.000000e+00	0.000000e+00
4.952357142857336e-09	4.481199e-02	0.000000e+00	0.000000e+00
5.098500000000238e-09	4.800692e-02	0.000000e+00	0.000000e+00
5.099500000000238e-09	4.802879e-02	0.000000e+00	0.000000e+00
5.245642857143140e-09	5.124335e-02	0.000000e+00	0.000000e+00
5.391785714286042e-09	5.447520e-02	0.000000e+00	0.000000e+00
5.537928571428944e-09	5.772436e-02	0.000000e+00	0.000000e+00
5.684071428571846e-09	6.099081e-02	0.000000e+00	0.000000e+00
5.830214285714748e-09	6.427456e-02	0.000000e+00	0.000000e+00
5.976357142857650e-09	6.757560e-02	0.000000e+00	0.000000e+00
6.122500000000552e-09	7.089395e-02	0.000000e+00	0.000000e+00
6.123500000000552e-09	7.091666e-02	0.000000e+00	0.000000e+00
7.147500000000866e-09	9.436551e-02	0.000000e+00	0.000000e+00
8.171500000000584e-09	1.180355e-01	0.000000e+00	0.000000e+00
9.195500000000051e-09	1.417927e-01	0.000000e+00	0.000000e+00
1.021949999999952e-08	1.655843e-01	0.000000e+00	0.000000e+00
1.124349999999898e-08	1.893895e-01	0.000000e+00	0.000000e+00
1.226749999999845e-08	2.131999e-01	0.000000e+00	0.000000e+00
1.329149999999792e-08	2.370125e-01	0.000000e+00	0.000000e+00
1.431549999999739e-08	2.608259e-01	0.000000e+00	0.000000e+00
1.533949999999758e-08	2.846397e-01	0.000000e+00	0.000000e+00
1.636349999999874e-08	3.084535e-01	0.000000e+00	0.000000e+00
1.738749999999990e-08	3.322675e-01	0.000000e+00	0.000000e+00
1.841150000000106e-08	3.560814e-01	0.000000e+00	0.000000e+00
1.943550000000222e-08	3.798954e-01	-1.141452e-24	0.000000e+00
2.028850000000319e-08	3.997326e-01	1.688061e-09	0.000000e+00
2.029150000000319e-08	3.998023e-01	1.158013e-08	0.000000e+00
2.029450000000320e-08	3.998721e-01	2.212895e-08	0.000000e+00
2.029750000000320e-08	3.999419e-01	3.331679e-08	0.000000e+00
2.030050000000320e-08	4.000116e-01	4.546854e-08	0.000000e+00
2.030350000000321e-08	4.000814e-01	5.889954e-08	0.000000e+00
2.030650000000321e-08	4.001512e-01	7.392395e-08	0.000000e+00
2.030950000000321e-08	4.002209e-01	9.085429e-08	0.000000e+00
2.031250000000322e-08	4.002907e-01	1.100014e-07	0.000000e+00
2.032092857143180e-08	4.004867e-01	1.619464e-07	0.000000e+00
2.032935714286038e-08	4.006827e-01	2.570646e-07	0.000000e+00
2.033778571428896e-08	4.008787e-01	3.953559e-07	0.000000e+00
2.034621428571754e-08	4.010748e-01	5.768203e-07	0.000000e+00
2.035464285714612e-08	4.012708e-01	8.014579e-07	0.000000e+00
2.036307142857470e-08	4.014668e-01	1.069269e-06	0.000000e+00
2.037150000000328e-08	4.016628e-01	1.380252e-06	0.000000e+00
2.038392857143187e-08	4.019518e-01	1.937570e-06	0.000000e+00
2.039635714286046e-08	4.022409e-01	2.703366e-06	0.000000e+00
2.040878571428904e-08	4.025299e-01	3.677640e-06	0.000000e+00
2.042121428571763e-08	4.028190e-01	4.860391e-06	0.000000e+00
2.043364285714621e-08	4.031080e-01	6.251621e-06	0.000000e+00
2.044607142857480e-08	4.033970e-01	7.851328e-06	0.000000e+00
2.045850000000338e-08	4.036860e-01	9.659513e-06	0.000000e+00
2.045950000000338e-08	4.037093e-01	9.820178e-06	0.000000e+00
2.047507142857483e-08	4.040714e-01	1.247863e-05	0.000000e+00
2.049064285714628e-08	4.044336e-01	1.567325e-05	0.000000e+00
2.050621428571772e-08	4.047957e-01	1.940404e-05	0.000000e+00
2.052178571428917e-08	4.051578e-01	2.367100e-05	0.000000e+00
2.053735714286062e-08	4.055199e-01	2.847414e-05	0.000000e+00
2.055292857143206e-08	4.058821e-01	3.381345e-05	0.000000e+00
2.056850000000351e-08	4.062442e-01	3.968893e-05	0.000000e+00
2.059050000000353e-08	4.067558e-01	4.901980e-05	0.000000e+00
2.061250000000356e-08	4.072674e-01	5.986453e-05	0.000000e+00
2.063450000000358e-08	4.077791e-01	7.222312e-05	0.000000e+00
2.065650000000361e-08	4.082907e-01	8.609558e-05	0.000000e+00
2.067850000000363e-08	4.088023e-01	1.014819e-04	0.000000e+00
2.070050000000366e-08	4.093140e-01	1.183821e-04	0.000000e+00
2.072250000000368e-08	4.098256e-01	1.367961e-04	0.000000e+00
2.075835714286087e-08	4.106595e-01	1.703293e-04	0.000000e+00
2.079421428571805e-08	4.114934e-01	2.091585e-04	0.000000e+00
2.083007142857523e-08	4.123273e-01	2.532837e-04	0.000000e+00
2.086592857143241e-08	4.131611e-01	3.027049e-04	0.000000e+00
2.090178571428960e-08	4.139950e-01	3.574222e-04	0.000000e+00
2.093764285714678e-08	4.148289e-01	4.174355e-04	0.000000e+00
2.097350000000397e-08	4.156628e-01	4.827448e-04	0.000000e+00
2.104578571428976e-08	4.173439e-01	6.319421e-04	0.000000e+00
2.111807142857556e-08	4.190249e-01	8.071835e-04	0.000000e+00
2.119035714286136e-08	4.207060e-01	1.008469e-03	0.000000e+00
2.126264285714715e-08	4.223871e-01	1.235799e-03	0.000000e+00
2.133492857143295e-08	4.240681e-01	1.489172e-03	0.000000e+00
2.140721428571874e-08	4.257492e-01	1.768590e-03	0.000000e+00
2.147950000000454e-08	4.274302e-01	2.074052e-03	0.000000e+00
2.148350000000454e-08	4.275233e-01	2.091787e-03	0.000000e+00
2.161935714286184e-08	4.306827e-01	2.749538e-03	0.000000e+00
2.175521428571914e-08	4.338422e-01	3.495064e-03	0.000000e+00
2.189107142857644e-08	4.370017e-01	4.328365e-03	0.000000e+00
2.202692857143373e-08	4.401611e-01	5.249440e-03	0.000000e+00
2.216278571429103e-08	4.433206e-01	6.258291e-03	0.000000e+00
2.229864285714833e-08	4.464801e-01	7.354916e-03	0.000000e+00
2.243450000000562e-08	4.496395e-01	8.539315e-03	0.000000e+00
2.250750000000571e-08	4.513372e-01	9.203050e-03	0.000000e+00
2.264954760003788e-08	4.546407e-01	1.056593e-02	0.000000e+00
2.279159520007006e-08	4.579441e-01	1.199347e-02	0.000000e+00
2.293364280010224e-08	4.612475e-01	1.348567e-02	0.000000e+00
2.307569040013442e-08	4.645510e-01	1.504254e-02	0.000000e+00
2.321773800016659e-08	4.678544e-01	1.666407e-02	0.000000e+00
2.335978560019877e-08	4.711578e-01	1.835026e-02	0.000000e+00
2.350183320023095e-08	4.744612e-01	2.010111e-02	0.000000e+00
2.350583320023095e-08	4.745539e-01	2.015042e-02	0.000000e+00
2.360654748594535e-08	4.767428e-01	2.141847e-02	0.000000e+00
2.370726177165975e-08	4.787754e-01	2.270720e-02	0.000000e+00
2.380797605737415e-08	4.806517e-01	2.401661e-02	0.000000e+00
2.390869034308855e-08	4.823716e-01	2.534668e-02	0.000000e+00
2.400940462880295e-08	4.839353e-01	2.669743e-02	0.000000e+00
2.411011891451735e-08	4.853426e-01	2.806885e-02	0.000000e+00
2.421083320023175e-08	4.865936e-01	2.946094e-02	0.000000e+00
2.425626177166037e-08	4.871339e-01	3.009332e-02	0.000000e+00
2.430169034308900e-08	4.876543e-01	3.072882e-02	0.000000e+00
2.434711891451762e-08	4.881549e-01	3.136741e-02	0.000000e+00
2.439254748594624e-08	4.886357e-01	3.200912e-02	0.000000e+00
2.443797605737486e-08	4.890966e-01	3.265393e-02	0.000000e+00
2.448340462880349e-08	4.895377e-01	3.330185e-02	0.000000e+00
2.452883320023211e-08	4.899590e-01	3.395287e-02	0.000000e+00
2.452983320023211e-08	4.899682e-01	3.396723e-02	0.000000e+00
2.463054748594651e-08	4.908311e-01	3.542196e-02	0.000000e+00
2.473126177166091e-08	4.916324e-01	3.688785e-02	0.000000e+00
2.483197605737531e-08	4.923721e-01	3.836490e-02	0.000000e+00
2.493269034308971e-08	4.930502e-01	3.985311e-02	0.000000e+00
2.503340462880411e-08	4.936667e-01	4.135248e-02	0.000000e+00
2.513411891451851e-08	4.942215e-01	4.286301e-02	0.000000e+00
2.523483320023291e-08	4.947147e-01	4.438471e-02	0.000000e+00
2.528026177166153e-08	4.949277e-01	4.507337e-02	0.000000e+00
2.532569034309016e-08	4.951328e-01	4.576366e-02	0.000000e+00
2.537111891451878e-08	4.953302e-01	4.645559e-02	0.000000e+00
2.541654748594740e-08	4.955197e-01	4.714914e-02	0.000000e+00
2.546197605737603e-08	4.957015e-01	4.784432e-02	0.000000e+00
2.550740462880465e-08	4.958754e-01	4.854113e-02	0.000000e+00
2.555283320023327e-08	4.960414e-01	4.923958e-02	0.000000e+00
2.555383320023327e-08	4.960451e-01	4.925497e-02	0.000000e+00
2.565469034309053e-08	4.963857e-01	5.081158e-02	0.000000e+00
2.575554748594779e-08	4.967020e-01	5.237393e-02	0.000000e+00
2.585640462880505e-08	4.969940e-01	5.394203e-02	0.000000e+00
2.595726177166230e-08	4.972616e-01	5.551587e-02	0.000000e+00
2.605811891451956e-08	4.975048e-01	5.709546e-02	0.000000e+00
2.615897605737682e-08	4.977237e-01	5.868079e-02	0.000000e+00
2.625983320023407e-08	4.979182e-01	6.027187e-02	0.000000e+00
2.630511891451984e-08	4.980019e-01	6.098740e-02	0.000000e+00
2.635040462880561e-08	4.980824e-01	6.170375e-02	0.000000e+00
2.639569034309137e-08	4.981599e-01	6.242091e-02	0.000000e+00
2.644097605737714e-08	4.982344e-01	6.313889e-02	0.000000e+00
2.648626177166290e-08	4.983058e-01	6.385769e-02	0.000000e+00
2.653154748594867e-08	4.983741e-01	6.457730e-02	0.000000e+00
2.657683320023443e-08	4.984394e-01	6.529772e-02	0.000000e+00
2.657783320023443e-08	4.984408e-01	6.531364e-02	0.000000e+00
2.667883320023455e-08	4.985753e-01	6.692341e-02	0.000000e+00
2.677983320023466e-08	4.987001e-01	6.853604e-02	0.000000e+00
2.688083320023478e-08	4.988154e-01	7.015153e-02	0.000000e+00
2.698183320023489e-08	4.989210e-01	7.176988e-02	0.000000e+00
2.708283320023501e-08	4.990169e-01	7.339110e-02	0.000000e+00
2.718383320023512e-08	4.991033e-01	7.501517e-02	0.000000e+00
2.728483320023524e-08	4.991800e-01	7.664210e-02	0.000000e+00
2.732997605737814e-08	4.992129e-01	7.736982e-02	0.000000e+00
2.737511891452105e-08	4.992445e-01	7.809793e-02	0.000000e+00
2.742026177166396e-08	4.992749e-01	7.882644e-02	0.000000e+00
2.746540462880687e-08	4.993042e-01	7.955535e-02	0.000000e+00
2.751054748594978e-08	4.993322e-01	8.028465e-02	0.000000e+00
2.755569034309269e-08	4.993591e-01	8.101435e-02	0.000000e+00
2.760083320023559e-08	4.993847e-01	8.174445e-02	0.000000e+00
2.760183320023560e-08	4.993853e-01	8.176062e-02	0.000000e+00
2.770340462880714e-08	4.994386e-01	8.340484e-02	0.000000e+00
2.780497605737868e-08	4.994881e-01	8.505045e-02	0.000000e+00
2.790654748595023e-08	4.995337e-01	8.669747e-02	0.000000e+00
2.800811891452177e-08	4.995755e-01	8.834589e-02	0.000000e+00
2.810969034309331e-08	4.996135e-01	8.999571e-02	0.000000e+00
2.821126177166486e-08	4.996476e-01	9.164693e-02	0.000000e+00
2.831283320023640e-08	4.996779e-01	9.329955e-02	0.000000e+00
2.835740462880788e-08	4.996906e-01	9.402501e-02	0.000000e+00
2.840197605737936e-08	4.997029e-01	9.475065e-02	0.000000e+00
2.844654748595084e-08	4.997147e-01	9.547648e-02	0.000000e+00
2.849111891452232e-08	4.997261e-01	9.620249e-02	0.000000e+00
2.853569034309380e-08	4.997370e-01	9.692869e-02	0.000000e+00
2.858026177166527e-08	4.997475e-01	9.765508e-02	0.000000e+00
2.862483320023676e-08	4.997574e-01	9.838165e-02	0.000000e+00
2.862583320023676e-08	4.997577e-01	9.839796e-02	0.000000e+00
2.872869034309402e-08	4.997789e-01	1.000754e-01	0.000000e+00
2.883154748595128e-08	4.997986e-01	1.017535e-01	0.000000e+00
2.893440462880854e-08	4.998168e-01	1.034323e-01	0.000000e+00
2.903726177166579e-08	4.998334e-01	1.051118e-01	0.000000e+00
2.914011891452305e-08	4.998485e-01	1.067920e-01	0.000000e+00
2.924297605738031e-08	4.998620e-01	1.084728e-01	0.000000e+00
2.934583320023757e-08	4.998741e-01	1.101544e-01	0.000000e+00
2.938911891452334e-08	4.998789e-01	1.108621e-01	0.000000e+00
2.943240462880910e-08	4.998836e-01	1.115700e-01	0.000000e+00
2.947569034309486e-08	4.998881e-01	1.122779e-01	0.000000e+00
2.951897605738063e-08	4.998924e-01	1.129859e-01	0.000000e+00
2.956226177166639e-08	4.998966e-01	1.136940e-01	0.000000e+00
2.960554748595215e-08	4.999006e-01	1.144022e-01	0.000000e+00
2.964883320023792e-08	4.999044e-01	1.151104e-01	0.000000e+00
2.964983320023792e-08	4.999045e-01	1.151268e-01	0.000000e+00
2.975597605738089e-08	4.999131e-01	1.168639e-01	0.000000e+00
2.986211891452387e-08	4.999211e-01	1.186013e-01	0.000000e+00
2.996826177166685e-08	4.999284e-01	1.203391e-01	0.000000e+00
3.007440462880983e-08	4.999351e-01	1.220773e-01	0.000000e+00
3.018054748595280e-08	4.999412e-01	1.238157e-01	0.000000e+00
3.028669034309578e-08	4.999466e-01	1.255546e-01	0.000000e+00
3.039283320023876e-08	4.999514e-01	1.272937e-01	0.000000e+00
3.043283320023880e-08	4.999531e-01	1.279492e-01	0.000000e+00
3.047283320023885e-08	4.999548e-01	1.286047e-01	0.000000e+00
3.051283320023889e-08	4.999564e-01	1.292602e-01	0.000000e+00
3.055283320023894e-08	4.999579e-01	1.299157e-01	0.000000e+00
3.059283320023898e-08	4.999595e-01	1.305713e-01	0.000000e+00
3.063283320023903e-08	4.999609e-01	1.312269e-01	0.000000e+00
3.067283320023907e-08	4.999623e-01	1.318825e-01	0.000000e+00
3.067383320023908e-08	4.999623e-01	1.318989e-01	0.000000e+00
3.078754748595349e-08	4.999660e-01	1.337630e-01	0.000000e+00
3.090126177166791e-08	4.999693e-01	1.356273e-01	0.000000e+00
3.101497605738232e-08	4.999724e-01	1.374918e-01	0.000000e+00
3.112869034309673e-08	4.999751e-01	1.393564e-01	0.000000e+00
3.124240462881115e-08	4.999776e-01	1.412212e-01	0.000000e+00
3.135611891452556e-08	4.999798e-01	1.430862e-01	0.000000e+00
3.146983320023998e-08	4.999817e-01	1.449514e-01	0.000000e+00
3.150226177166859e-08	4.999823e-01	1.454833e-01	0.000000e+00
3.153469034309719e-08	4.999828e-01	1.460152e-01	0.000000e+00
3.156711891452580e-08	4.999833e-01	1.465471e-01	0.000000e+00
3.159954748595441e-08	4.999838e-01	1.470791e-01	0.000000e+00
3.163197605738302e-08	4.999842e-01	1.476110e-01	0.000000e+00
3.166440462881163e-08	4.999847e-01	1.481430e-01	0.000000e+00
3.169683320024024e-08	4.999851e-01	1.486750e-01	0.000000e+00
3.169783320024024e-08	4.999852e-01	1.486914e-01	0.000000e+00
3.182854748595467e-08	4.999868e-01	1.508358e-01	0.000000e+00
3.195926177166911e-08	4.999882e-01	1.529803e-01	0.000000e+00
3.208997605738354e-08	4.999896e-01	1.551250e-01	0.000000e+00
3.222069034309797e-08	4.999908e-01	1.572697e-01	0.000000e+00
3.235140462881240e-08	4.999918e-01	1.594145e-01	0.000000e+00
3.248211891452684e-08	4.999928e-01	1.615595e-01	0.000000e+00
3.261283320024127e-08	4.999935e-01	1.637045e-01	0.000000e+00
3.272183320024140e-08	4.999942e-01	1.654932e-01	0.000000e+00
3.286797605738442e-08	4.999949e-01	1.678916e-01	0.000000e+00
3.301411891452744e-08	4.999955e-01	1.702901e-01	0.000000e+00
3.316026177167047e-08	4.999961e-01	1.726885e-01	0.000000e+00
3.330640462881349e-08	4.999966e-01	1.750871e-01	0.000000e+00
3.345254748595651e-08	4.999970e-01	1.774857e-01	0.000000e+00
3.359869034309953e-08	4.999974e-01	1.798843e-01	0.000000e+00
3.374483320024256e-08	4.999977e-01	1.822830e-01	0.000000e+00
3.374583320024256e-08	4.999977e-01	1.822995e-01	0.000000e+00
3.389197605738558e-08	4.999980e-01	1.846982e-01	0.000000e+00
3.403811891452860e-08	4.999982e-01	1.870970e-01	0.000000e+00
3.418426177167163e-08	4.999984e-01	1.894958e-01	0.000000e+00
3.433040462881465e-08	4.999986e-01	1.918946e-01	0.000000e+00
3.447654748595767e-08	4.999988e-01	1.942935e-01	0.000000e+00
3.462269034310069e-08	4.999990e-01	1.966923e-01	0.000000e+00
3.476883320024372e-08	4.999991e-01	1.990912e-01	0.000000e+00
3.476983320024372e-08	4.999991e-01	1.991077e-01	0.000000e+00
3.491597605738675e-08	4.999992e-01	2.015066e-01	0.000000e+00
3.506211891452976e-08	4.999993e-01	2.039055e-01	0.000000e+00
3.520826177167279e-08	4.999994e-01	2.063045e-01	0.000000e+00
3.535440462881581e-08	4.999995e-01	2.087034e-01	0.000000e+00
3.550054748595884e-08	4.999995e-01	2.111024e-01	0.000000e+00
3.564669034310185e-08	4.999996e-01	2.135014e-01	0.000000e+00
3.579283320024488e-08	4.999996e-01	2.159003e-01	0.000000e+00
3.579383320024488e-08	4.999996e-01	2.159168e-01	0.000000e+00
3.681783320024604e-08	4.999999e-01	2.327263e-01	0.000000e+00
3.784183320024720e-08	4.999999e-01	2.495360e-01	0.000000e+00
3.857683320024804e-08	5.000000e-01	2.616016e-01	0.000000e+00
3.857983320024804e-08	5.000000e-01	2.616508e-01	0.000000e+00
3.858283320024804e-08	5.000000e-01	2.617001e-01	0.000000e+00
3.858583320024805e-08	5.000000e-01	2.617493e-01	0.000000e+00
3.858883320024805e-08	5.000000e-01	2.617986e-01	0.000000e+00
3.859183320024805e-08	5.000000e-01	2.618478e-01	0.000000e+00
3.859483320024806e-08	4.999999e-01	2.618971e-01	0.000000e+00
3.859783320024806e-08	4.999999e-01	2.619463e-01	0.000000e+00
3.860083320024806e-08	4.999999e-01	2.619956e-01	0.000000e+00
3.860840462881950e-08	4.999999e-01	2.621198e-01	0.000000e+00
3.861597605739094e-08	4.999998e-01	2.622441e-01	0.000000e+00
3.862354748596238e-08	4.999996e-01	2.623684e-01	0.000000e+00
3.863111891453381e-08	4.999994e-01	2.624927e-01	0.000000e+00
3.863869034310525e-08	4.999992e-01	2.626170e-01	0.000000e+00
3.864626177167669e-08	4.999989e-01	2.627413e-01	0.000000e+00
3.865383320024812e-08	4.999985e-01	2.628656e-01	0.000000e+00
3.866669034310528e-08	4.999978e-01	2.630767e-01	0.000000e+00
3.867954748596244e-08	4.999967e-01	2.632877e-01	0.000000e+00
3.869240462881959e-08	4.999953e-01	2.634988e-01	0.000000e+00
3.870526177167676e-08	4.999935e-01	2.637098e-01	0.000000e+00
3.871811891453391e-08	4.999914e-01	2.639209e-01	0.000000e+00
3.873097605739107e-08	4.999890e-01	2.641320e-01	0.000000e+00
3.874383320024823e-08	4.999862e-01	2.643430e-01	0.000000e+00
3.876111891453396e-08	4.999819e-01	2.646268e-01	0.000000e+00
3.877840462881969e-08	4.999765e-01	2.649105e-01	0.000000e+00
3.879569034310542e-08	4.999702e-01	2.651943e-01	0.000000e+00
3.881297605739116e-08	4.999628e-01	2.654781e-01	0.000000e+00
3.883026177167690e-08	4.999545e-01	2.657618e-01	0.000000e+00
3.884754748596263e-08	4.999452e-01	2.660456e-01	0.000000e+00
3.886483320024836e-08	4.999348e-01	2.663293e-01	0.000000e+00
3.886583320024836e-08	4.999342e-01	2.663457e-01	0.000000e+00
3.889769034310554e-08	4.999122e-01	2.668687e-01	0.000000e+00
3.892954748596272e-08	4.998854e-01	2.673917e-01	0.000000e+00
3.896140462881990e-08	4.998538e-01	2.679146e-01	0.000000e+00
3.899326177167708e-08	4.998175e-01	2.684376e-01	0.000000e+00
3.902511891453426e-08	4.997764e-01	2.689606e-01	0.000000e+00
3.905697605739144e-08	4.997304e-01	2.694835e-01	0.000000e+00
3.908883320024862e-08	4.996797e-01	2.700065e-01	0.000000e+00
3.914126177167725e-08	4.995843e-01	2.708671e-01	0.000000e+00
3.919369034310588e-08	4.994734e-01	2.717278e-01	0.000000e+00
3.924611891453451e-08	4.993469e-01	2.725884e-01	0.000000e+00
3.929854748596314e-08	4.992050e-01	2.734491e-01	0.000000e+00
3.935097605739177e-08	4.990476e-01	2.743098e-01	0.000000e+00
3.940340462882040e-08	4.988747e-01	2.751704e-01	0.000000e+00
3.945583320024903e-08	4.986863e-01	2.760311e-01	0.000000e+00
3.951769034310624e-08	4.984426e-01	2.770465e-01	0.000000e+00
3.957954748596346e-08	4.981787e-01	2.780620e-01	0.000000e+00
3.964140462882067e-08	4.978947e-01	2.790774e-01	0.000000e+00
3.970326177167789e-08	4.975906e-01	2.800928e-01	0.000000e+00
3.976511891453510e-08	4.972664e-01	2.811083e-01	0.000000e+00
3.982697605739231e-08	4.969221e-01	2.821237e-01	0.000000e+00
3.988883320024952e-08	4.965577e-01	2.831392e-01	0.000000e+00
3.988983320024953e-08	4.965516e-01	2.831556e-01	0.000000e+00
4.003597605739255e-08	4.955985e-01	2.855546e-01	0.000000e+00
4.018211891453557e-08	4.945809e-01	2.879537e-01	0.000000e+00
4.032826177167860e-08	4.934989e-01	2.903527e-01	0.000000e+00
4.047440462882162e-08	4.923524e-01	2.927518e-01	0.000000e+00
4.062054748596464e-08	4.911414e-01	2.951509e-01	0.000000e+00
4.076669034310766e-08	4.898659e-01	2.975499e-01	0.000000e+00
4.091283320025069e-08	4.885260e-01	2.999490e-01	0.000000e+00
4.091383320025069e-08	4.885168e-01	2.999654e-01	0.000000e+00
4.105340462882227e-08	4.872176e-01	3.022570e-01	0.000000e+00
4.119297605739386e-08	4.859085e-01	3.045483e-01	0.000000e+00
4.133254748596545e-08	4.845895e-01	3.068394e-01	0.000000e+00
4.147211891453703e-08	4.832605e-01	3.091302e-01	0.000000e+00
4.161169034310862e-08	4.819217e-01	3.114208e-01	0.000000e+00
4.175126177168021e-08	4.805729e-01	3.137112e-01	0.000000e+00
4.189083320025179e-08	4.792143e-01	3.160013e-01	0.000000e+00
4.193783320025185e-08	4.787611e-01	3.167685e-01	0.000000e+00
4.204783320025197e-08	4.777007e-01	3.185649e-01	0.000000e+00
4.215783320025210e-08	4.766465e-01	3.203142e-01	0.000000e+00
4.226783320025222e-08	4.755984e-01	3.220164e-01	0.000000e+00
4.237783320025235e-08	4.745565e-01	3.236715e-01	0.000000e+00
4.248783320025247e-08	4.735207e-01	3.252796e-01	0.000000e+00
4.259783320025260e-08	4.724911e-01	3.268405e-01	0.000000e+00
4.270783320025272e-08	4.714676e-01	3.283543e-01	0.000000e+00
4.296183320025301e-08	4.691400e-01	3.315884e-01	0.000000e+00
4.310797605739603e-08	4.678221e-01	3.332911e-01	0.000000e+00
4.325411891453905e-08	4.665197e-01	3.348927e-01	0.000000e+00
4.340026177168208e-08	4.652328e-01	3.363931e-01	0.000000e+00
4.354640462882510e-08	4.639614e-01	3.377925e-01	0.000000e+00
4.369254748596812e-08	4.627054e-01	3.390907e-01	0.000000e+00
4.383869034311114e-08	4.614650e-01	3.402879e-01	0.000000e+00
4.398483320025417e-08	4.602401e-01	3.413839e-01	0.000000e+00
4.398583320025417e-08	4.602317e-01	3.413911e-01	0.000000e+00
4.413197605739720e-08	4.590221e-01	3.423984e-01	0.000000e+00
4.427811891454021e-08	4.578247e-01	3.433371e-01	0.000000e+00
4.442426177168324e-08	4.566396e-01	3.442071e-01	0.000000e+00
4.457040462882626e-08	4.554668e-01	3.450085e-01	0.000000e+00
4.471654748596929e-08	4.543063e-01	3.457412e-01	0.000000e+00
4.486269034311230e-08	4.531581e-01	3.464052e-01	0.000000e+00
4.500883320025533e-08	4.520222e-01	3.470007e-01	0.000000e+00
4.500983320025533e-08	4.520145e-01	3.470046e-01	0.000000e+00
4.515597605739836e-08	4.508887e-01	3.475501e-01	0.000000e+00
4.530211891454138e-08	4.497710e-01	3.480558e-01	0.000000e+00
4.544826177168440e-08	4.486615e-01	3.485218e-01	0.000000e+00
4.559440462882742e-08	4.475601e-01	3.489480e-01	0.000000e+00
4.574054748597045e-08	4.464668e-01	3.493344e-01	0.000000e+00
4.588669034311347e-08	4.453818e-01	3.496810e-01	0.000000e+00
4.603283320025649e-08	4.443048e-01	3.499879e-01	0.000000e+00
4.603383320025649e-08	4.442975e-01	3.499900e-01	0.000000e+00
4.617897605739952e-08	4.432338e-01	3.502688e-01	0.000000e+00
4.632411891454253e-08	4.421751e-01	3.505266e-01	0.000000e+00
4.646926177168556e-08	4.411211e-01	3.507633e-01	0.000000e+00
4.661440462882858e-08	4.400720e-01	3.509790e-01	0.000000e+00
4.675954748597160e-08	4.390277e-01	3.511736e-01	0.000000e+00
4.690469034311462e-08	4.379883e-01	3.513472e-01	0.000000e+00
4.704983320025764e-08	4.369536e-01	3.514998e-01	0.000000e+00
4.705783320025765e-08	4.368967e-01	3.515080e-01	0.000000e+00
4.715369034311490e-08	4.362151e-01	3.516021e-01	-1.194136e-10
4.724954748597216e-08	4.355349e-01	3.516910e-01	-1.641659e-10
4.734540462882941e-08	4.348559e-01	3.517746e-01	-1.342568e-10
4.744126177168666e-08	4.341783e-01	3.518531e-01	-2.968640e-11
4.753711891454391e-08	4.335020e-01	3.519263e-01	1.495454e-10
4.763297605740117e-08	4.328269e-01	3.519942e-01	4.034385e-10
4.772883320025841e-08	4.321532e-01	3.520569e-01	7.319930e-10
4.773897605740129e-08	4.320820e-01	3.520634e-01	-1.297842e-09
4.774911891454415e-08	4.320108e-01	3.520698e-01	2.463027e-09
4.775926177168702e-08	4.319395e-01	3.520762e-01	1.201460e-08
4.776940462882989e-08	4.318683e-01	3.520826e-01	2.735687e-08
4.777954748597276e-08	4.317971e-01	3.520888e-01	4.848985e-08
4.778969034311562e-08	4.317260e-01	3.520951e-01	7.541354e-08
4.779983320025849e-08	4.316548e-01	3.521013e-01	1.081279e-07
4.781154748597279e-08	4.315726e-01	3.521084e-01	1.532746e-07
4.782326177168709e-08	4.314904e-01	3.521154e-01	2.375400e-07
4.783497605740139e-08	4.314083e-01	3.521224e-01	3.609242e-07
4.784669034311569e-08	4.313262e-01	3.521294e-01	5.234270e-07
4.785840462882999e-08	4.312440e-01	3.521363e-01	7.250486e-07
4.787011891454429e-08	4.311619e-01	3.521431e-01	9.657888e-07
4.788183320025859e-08	4.310798e-01	3.521498e-01	1.245648e-06
4.789769034311575e-08	4.309687e-01	3.521589e-01	1.692633e-06
4.791354748597291e-08	4.308576e-01	3.521679e-01	2.336968e-06
4.792940462883007e-08	4.307466e-01	3.521767e-01	3.178654e-06
4.794526177168723e-08	4.306356e-01	3.521855e-01	4.217689e-06
4.796111891454439e-08	4.305246e-01	3.521941e-01	5.454074e-06
4.797697605740156e-08	4.304136e-01	3.522027e-01	6.887810e-06
4.799283320025871e-08	4.303026e-01	3.522112e-01	8.518895e-06
4.800540462883015e-08	4.302147e-01	3.522179e-01	1.002738e-05
4.801797605740160e-08	4.301268e-01	3.522244e-01	1.176454e-05
4.803054748597304e-08	4.300389e-01	3.522310e-01	1.373037e-05
4.804311891454448e-08	4.299510e-01	3.522374e-01	1.592488e-05
4.805569034311593e-08	4.298631e-01	3.522439e-01	1.834806e-05
4.806826177168737e-08	4.297752e-01	3.522502e-01	2.099991e-05
4.808083320025881e-08	4.296874e-01	3.522565e-01	2.388043e-05
4.808183320025881e-08	4.296804e-01	3.522570e-01	2.412420e-05
4.810554748597313e-08	4.295147e-01	3.522688e-01	3.018831e-05
4.812926177168744e-08	4.293491e-01	3.522803e-01	3.760350e-05
4.815297605740176e-08	4.291835e-01	3.522916e-01	4.636978e-05
4.817669034311606e-08	4.290180e-01	3.523028e-01	5.648714e-05
4.820040462883038e-08	4.288526e-01	3.523138e-01	6.795560e-05
4.822411891454469e-08	4.286871e-01	3.523245e-01	8.077514e-05
4.824783320025900e-08	4.285218e-01	3.523351e-01	9.494577e-05
4.827740462883046e-08	4.283156e-01	3.523481e-01	1.148708e-04
4.830697605740193e-08	4.281096e-01	3.523608e-01	1.381079e-04
4.833654748597339e-08	4.279036e-01	3.523732e-01	1.646571e-04
4.836611891454485e-08	4.276976e-01	3.523854e-01	1.945184e-04
4.839569034311631e-08	4.274918e-01	3.523973e-01	2.276919e-04
4.842526177168778e-08	4.272860e-01	3.524090e-01	2.641774e-04
4.845483320025924e-08	4.270803e-01	3.524204e-01	3.039750e-04
4.849769034311643e-08	4.267823e-01	3.524365e-01	3.682497e-04
4.854054748597362e-08	4.264844e-01	3.524521e-01	4.423906e-04
4.858340462883081e-08	4.261866e-01	3.524673e-01	5.263978e-04
4.862626177168801e-08	4.258890e-01	3.524820e-01	6.202712e-04
4.866911891454519e-08	4.255914e-01	3.524963e-01	7.240109e-04
4.871197605740239e-08	4.252940e-01	3.525101e-01	8.376169e-04
4.875483320025958e-08	4.249968e-01	3.525235e-01	9.610892e-04
4.880483320025963e-08	4.246501e-01	3.525385e-01	1.119586e-03
4.885483320025969e-08	4.243036e-01	3.525531e-01	1.294824e-03
4.890483320025975e-08	4.239572e-01	3.525672e-01	1.486802e-03
4.895483320025980e-08	4.236109e-01	3.525808e-01	1.695521e-03
4.900483320025986e-08	4.232648e-01	3.525939e-01	1.920980e-03
4.905483320025992e-08	4.229189e-01	3.526065e-01	2.163180e-03
4.910483320025997e-08	4.225731e-01	3.526186e-01	2.422121e-03
4.910583320025998e-08	4.225661e-01	3.526189e-01	2.427497e-03
4.921740462883153e-08	4.217950e-01	3.526441e-01	3.072734e-03
4.932897605740309e-08	4.210243e-01	3.526677e-01	3.808364e-03
4.944054748597464e-08	4.202541e-01	3.526896e-01	4.634387e-03
4.955211891454620e-08	4.194844e-01	3.527099e-01	5.550804e-03
4.966369034311775e-08	4.187152e-01	3.527286e-01	6.557615e-03
4.977526177168931e-08	4.179465e-01	3.527456e-01	7.654819e-03
4.988683320026086e-08	4.171783e-01	3.527609e-01	8.842416e-03
4.992140462883233e-08	4.169403e-01	3.527655e-01	9.227573e-03
4.995597605740380e-08	4.167023e-01	3.527700e-01	9.620744e-03
4.999054748597527e-08	4.164644e-01	3.527744e-01	1.002193e-02
5.002511891454673e-08	4.162265e-01	3.527786e-01	1.043113e-02
5.005969034311820e-08	4.159887e-01	3.527828e-01	1.084835e-02
5.009426177168967e-08	4.157509e-01	3.527868e-01	1.127358e-02
5.012883320026114e-08	4.155131e-01	3.527908e-01	1.170683e-02
5.012983320026114e-08	4.155062e-01	3.527909e-01	1.171947e-02
5.025840462883271e-08	4.146222e-01	3.528045e-01	1.340986e-02
5.038697605740429e-08	4.137385e-01	3.528170e-01	1.519135e-02
5.051554748597586e-08	4.128551e-01	3.528286e-01	1.706393e-02
5.064411891454743e-08	4.119721e-01	3.528391e-01	1.902759e-02
5.077269034311901e-08	4.110894e-01	3.528487e-01	2.108235e-02
5.090126177169059e-08	4.102069e-01	3.528573e-01	2.322820e-02
5.102983320026216e-08	4.093249e-01	3.528648e-01	2.546514e-02
5.115383320026230e-08	4.084743e-01	3.528717e-01	2.768187e-02
5.128397605740531e-08	4.075818e-01	3.528781e-01	3.008887e-02
5.141411891454831e-08	4.066895e-01	3.528840e-01	3.255289e-02
5.154426177169131e-08	4.057974e-01	3.528894e-01	3.507393e-02
5.167440462883432e-08	4.049054e-01	3.528944e-01	3.765199e-02
5.180454748597732e-08	4.040136e-01	3.528989e-01	4.028707e-02
5.193469034312032e-08	4.031220e-01	3.529029e-01	4.297917e-02
5.206483320026333e-08	4.022305e-01	3.529064e-01	4.572829e-02
5.217783320026346e-08	4.014565e-01	3.529092e-01	4.814256e-02
5.231369034312075e-08	4.005261e-01	3.529123e-01	5.109339e-02
5.244954748597805e-08	3.995958e-01	3.529152e-01	5.407813e-02
5.258540462883535e-08	3.986656e-01	3.529178e-01	5.709678e-02
5.272126177169265e-08	3.977354e-01	3.529201e-01	6.014935e-02
5.285711891454994e-08	3.968054e-01	3.529222e-01	6.323583e-02
5.299297605740724e-08	3.958754e-01	3.529241e-01	6.635622e-02
5.312883320026454e-08	3.949455e-01	3.529257e-01	6.951053e-02
5.320183320026462e-08	3.944458e-01	3.529266e-01	7.121221e-02
5.334797605740765e-08	3.934456e-01	3.529281e-01	7.464428e-02
5.349411891455067e-08	3.924455e-01	3.529295e-01	7.809632e-02
5.364026177169369e-08	3.914454e-01	3.529307e-01	8.156832e-02
5.378640462883671e-08	3.904453e-01	3.529319e-01	8.506028e-02
5.393254748597974e-08	3.894453e-01	3.529329e-01	8.857221e-02
5.407869034312275e-08	3.884453e-01	3.529338e-01	9.210410e-02
5.422483320026578e-08	3.874454e-01	3.529345e-01	9.565596e-02
5.422583320026578e-08	3.874386e-01	3.529345e-01	9.568028e-02
5.437197605740881e-08	3.864387e-01	3.529352e-01	9.924428e-02
5.451811891455183e-08	3.854388e-01	3.529359e-01	1.028183e-01
5.466426177169485e-08	3.844390e-01	3.529364e-01	1.064023e-01
5.481040462883787e-08	3.834391e-01	3.529370e-01	1.099963e-01
5.495654748598090e-08	3.824394e-01	3.529374e-01	1.136003e-01
5.510269034312392e-08	3.814396e-01	3.529378e-01	1.172143e-01
5.524883320026694e-08	3.804398e-01	3.529382e-01	1.208383e-01
5.524983320026694e-08	3.804330e-01	3.529382e-01	1.208631e-01
5.539597605740997e-08	3.794332e-01	3.529385e-01	1.244930e-01
5.554211891455299e-08	3.784335e-01	3.529388e-01	1.281277e-01
5.568826177169601e-08	3.774338e-01	3.529390e-01	1.317674e-01
5.583440462883903e-08	3.764341e-01	3.529393e-01	1.354119e-01
5.598054748598206e-08	3.754344e-01	3.529395e-01	1.390613e-01
5.612669034312508e-08	3.744347e-01	3.529397e-01	1.427156e-01
5.627283320026810e-08	3.734350e-01	3.529398e-01	1.463748e-01
5.627383320026810e-08	3.734282e-01	3.529398e-01	1.463998e-01
5.635826177169677e-08	3.728506e-01	3.529399e-01	1.485148e-01
5.644269034312544e-08	3.722731e-01	3.529400e-01	1.506306e-01
5.652711891455410e-08	3.716956e-01	3.529401e-01	1.527474e-01
5.661154748598277e-08	3.711181e-01	3.529401e-01	1.548651e-01
5.669597605741144e-08	3.705406e-01	3.529402e-01	1.569836e-01
5.678040462884010e-08	3.699631e-01	3.529403e-01	1.591031e-01
5.686483320026877e-08	3.693855e-01	3.529403e-01	1.612235e-01
5.686783320026878e-08	3.693650e-01	3.529403e-01	1.612988e-01
5.687083320026878e-08	3.693445e-01	3.529404e-01	1.613742e-01
5.687383320026878e-08	3.693240e-01	3.529404e-01	1.614496e-01
5.687683320026879e-08	3.693035e-01	3.529404e-01	1.615249e-01
5.687983320026879e-08	3.692829e-01	3.529404e-01	1.616003e-01
5.688283320026879e-08	3.692624e-01	3.529404e-01	1.616756e-01
5.688583320026880e-08	3.692419e-01	3.529404e-01	1.617510e-01
5.689254748598309e-08	3.691960e-01	3.529405e-01	1.619196e-01
5.689926177169739e-08	3.691500e-01	3.529405e-01	1.620883e-01
5.690597605741168e-08	3.691041e-01	3.529406e-01	1.622570e-01
5.691269034312597e-08	3.690582e-01	3.529407e-01	1.624257e-01
5.691940462884026e-08	3.690123e-01	3.529409e-01	1.625943e-01
5.692611891455456e-08	3.689663e-01	3.529410e-01	1.627630e-01
5.693283320026885e-08	3.689204e-01	3.529412e-01	1.629317e-01
5.694369034312600e-08	3.688461e-01	3.529415e-01	1.632045e-01
5.695454748598316e-08	3.687719e-01	3.529420e-01	1.634773e-01
5.696540462884031e-08	3.686976e-01	3.529426e-01	1.637501e-01
5.697626177169747e-08	3.686233e-01	3.529433e-01	1.640229e-01
5.698711891455463e-08	3.685491e-01	3.529441e-01	1.642957e-01
5.699797605741178e-08	3.684748e-01	3.529451e-01	1.645686e-01
5.700883320026894e-08	3.684005e-01	3.529462e-01	1.648414e-01
5.702626177169753e-08	3.682813e-01	3.529482e-01	1.652794e-01
5.704369034312612e-08	3.681621e-01	3.529508e-01	1.657175e-01
5.706111891455471e-08	3.680429e-01	3.529539e-01	1.661555e-01
5.707854748598330e-08	3.679237e-01	3.529575e-01	1.665936e-01
5.709597605741190e-08	3.678045e-01	3.529617e-01	1.670318e-01
5.711340462884048e-08	3.676853e-01	3.529663e-01	1.674699e-01
5.713083320026908e-08	3.675660e-01	3.529716e-01	1.679081e-01
5.715454748598339e-08	3.674038e-01	3.529796e-01	1.685044e-01
5.717826177169770e-08	3.672416e-01	3.529890e-01	1.691006e-01
5.720197605741202e-08	3.670794e-01	3.529997e-01	1.696970e-01
5.722569034312632e-08	3.669172e-01	3.530117e-01	1.702934e-01
5.724940462884064e-08	3.667550e-01	3.530250e-01	1.708898e-01
5.727311891455495e-08	3.665928e-01	3.530396e-01	1.714863e-01
5.729683320026926e-08	3.664306e-01	3.530555e-01	1.720828e-01
5.729783320026926e-08	3.664237e-01	3.530562e-01	1.721079e-01
5.734069034312645e-08	3.661306e-01	3.530888e-01	1.731861e-01
5.738354748598365e-08	3.658374e-01	3.531260e-01	1.742644e-01
5.742640462884084e-08	3.655443e-01	3.531678e-01	1.753428e-01
5.746926177169803e-08	3.652511e-01	3.532142e-01	1.764213e-01
5.751211891455522e-08	3.649580e-01	3.532652e-01	1.775000e-01
5.755497605741242e-08	3.646648e-01	3.533209e-01	1.785787e-01
5.759783320026961e-08	3.643717e-01	3.533811e-01	1.796576e-01
5.770111891455544e-08	3.636652e-01	3.535507e-01	1.822583e-01
5.780440462884127e-08	3.629587e-01	3.537366e-01	1.848594e-01
5.790769034312710e-08	3.622522e-01	3.539387e-01	1.874611e-01
5.801097605741293e-08	3.615457e-01	3.541572e-01	1.900632e-01
5.811426177169876e-08	3.608393e-01	3.543919e-01	1.926658e-01
5.821754748598459e-08	3.601328e-01	3.546429e-01	1.952689e-01
5.832083320027042e-08	3.594263e-01	3.549102e-01	1.978725e-01
5.832183320027043e-08	3.594195e-01	3.549127e-01	1.978977e-01
5.842697605741341e-08	3.587003e-01	3.551894e-01	2.005485e-01
5.853211891455638e-08	3.579811e-01	3.554638e-01	2.031996e-01
5.863726177169936e-08	3.572619e-01	3.557361e-01	2.058509e-01
5.874240462884233e-08	3.565427e-01	3.560061e-01	2.085026e-01
5.884754748598531e-08	3.558236e-01	3.562740e-01	2.111545e-01
5.895269034312828e-08	3.551044e-01	3.565396e-01	2.138068e-01
5.905783320027126e-08	3.543852e-01	3.568030e-01	2.164593e-01
5.909883320027131e-08	3.541048e-01	3.569017e-01	2.174937e-01
5.913983320027135e-08	3.538243e-01	3.569989e-01	2.185281e-01
5.918083320027140e-08	3.535439e-01	3.570946e-01	2.195626e-01
5.922183320027145e-08	3.532635e-01	3.571888e-01	2.205971e-01
5.926283320027149e-08	3.529830e-01	3.572815e-01	2.216316e-01
5.930383320027154e-08	3.527026e-01	3.573726e-01	2.226661e-01
5.934483320027159e-08	3.524221e-01	3.574623e-01	2.237007e-01
5.934583320027159e-08	3.524153e-01	3.574645e-01	2.237259e-01
5.944983320027171e-08	3.517039e-01	3.576843e-01	2.263504e-01
5.955383320027182e-08	3.509926e-01	3.578919e-01	2.289749e-01
5.965783320027193e-08	3.502812e-01	3.580875e-01	2.315996e-01
5.976183320027205e-08	3.495699e-01	3.582709e-01	2.342244e-01
5.986583320027217e-08	3.488585e-01	3.584421e-01	2.368494e-01
5.996983320027229e-08	3.481472e-01	3.586013e-01	2.394745e-01
6.007383320027241e-08	3.474358e-01	3.587483e-01	2.420997e-01
6.011597605741531e-08	3.471451e-01	3.588042e-01	2.431636e-01
6.015811891455822e-08	3.468584e-01	3.588581e-01	2.442274e-01
6.020026177170112e-08	3.465758e-01	3.589100e-01	2.452912e-01
6.024240462884402e-08	3.462972e-01	3.589601e-01	2.463551e-01
6.028454748598693e-08	3.460227e-01	3.590083e-01	2.474190e-01
6.032669034312984e-08	3.457522e-01	3.590546e-01	2.484829e-01
6.036883320027274e-08	3.454857e-01	3.590989e-01	2.495468e-01
6.036983320027274e-08	3.454796e-01	3.591000e-01	2.495720e-01
6.043083320027281e-08	3.451077e-01	3.591606e-01	2.511120e-01
6.049183320027288e-08	3.447550e-01	3.592177e-01	2.526520e-01
6.055283320027295e-08	3.444216e-01	3.592712e-01	2.541920e-01
6.061383320027302e-08	3.441074e-01	3.593211e-01	2.557321e-01
6.067483320027309e-08	3.438125e-01	3.593674e-01	2.572722e-01
6.073583320027316e-08	3.435368e-01	3.594101e-01	2.588123e-01
6.079683320027323e-08	3.432804e-01	3.594493e-01	2.603524e-01
6.086140462884473e-08	3.430349e-01	3.594872e-01	2.619827e-01
6.092597605741623e-08	3.428124e-01	3.595218e-01	2.636131e-01
6.099054748598773e-08	3.426131e-01	3.595533e-01	2.652434e-01
6.105511891455924e-08	3.424368e-01	3.595815e-01	2.668738e-01
6.111969034313074e-08	3.422836e-01	3.596066e-01	2.685042e-01
6.118426177170224e-08	3.421534e-01	3.596284e-01	2.701346e-01
6.124883320027374e-08	3.420464e-01	3.596470e-01	2.717651e-01
6.126940462884519e-08	3.420164e-01	3.596524e-01	2.722845e-01
6.128997605741664e-08	3.419886e-01	3.596576e-01	2.728039e-01
6.131054748598809e-08	3.419628e-01	3.596625e-01	2.733233e-01
6.133111891455955e-08	3.419391e-01	3.596671e-01	2.738428e-01
6.135169034313100e-08	3.419174e-01	3.596715e-01	2.743622e-01
6.137226177170245e-08	3.418978e-01	3.596756e-01	2.748817e-01
6.139283320027390e-08	3.418803e-01	3.596794e-01	2.754011e-01
6.139383320027390e-08	3.418795e-01	3.596796e-01	2.754264e-01
6.142126177170251e-08	3.418594e-01	3.596843e-01	2.761190e-01
6.144869034313111e-08	3.418426e-01	3.596886e-01	2.768115e-01
6.147611891455972e-08	3.418291e-01	3.596924e-01	2.775041e-01
6.150354748598831e-08	3.418188e-01	3.596958e-01	2.781968e-01
6.153097605741691e-08	3.418118e-01	3.596989e-01	2.788894e-01
6.155840462884552e-08	3.418081e-01	3.597014e-01	2.795820e-01
6.158583320027412e-08	3.418077e-01	3.597036e-01	2.802746e-01
6.163411891455990e-08	3.418149e-01	3.597064e-01	2.814939e-01
6.168240462884566e-08	3.418303e-01	3.597082e-01	2.827131e-01
6.173069034313143e-08	3.418538e-01	3.597089e-01	2.839324e-01
6.177897605741719e-08	3.418854e-01	3.597086e-01	2.851517e-01
6.182726177170297e-08	3.419251e-01	3.597072e-01	2.863710e-01
6.187554748598873e-08	3.419729e-01	3.597048e-01	2.875903e-01
6.192383320027450e-08	3.420289e-01	3.597013e-01	2.888097e-01
6.199426177170316e-08	3.421238e-01	3.596946e-01	2.905881e-01
6.206469034313181e-08	3.422296e-01	3.596863e-01	2.923666e-01
6.213511891456046e-08	3.423462e-01	3.596766e-01	2.941452e-01
6.220554748598910e-08	3.424735e-01	3.596655e-01	2.959237e-01
6.227597605741776e-08	3.426116e-01	3.596528e-01	2.977022e-01
6.234640462884641e-08	3.427606e-01	3.596387e-01	2.994807e-01
6.241683320027506e-08	3.429203e-01	3.596231e-01	3.012592e-01
6.241783320027506e-08	3.429226e-01	3.596229e-01	3.012845e-01
6.252954748598947e-08	3.431939e-01	3.595956e-01	3.041056e-01
6.264126177170389e-08	3.434734e-01	3.595668e-01	3.069268e-01
6.275297605741830e-08	3.437612e-01	3.595364e-01	3.097480e-01
6.286469034313272e-08	3.440573e-01	3.595044e-01	3.125692e-01
6.297640462884712e-08	3.443617e-01	3.594709e-01	3.153904e-01
6.308811891456154e-08	3.446743e-01	3.594359e-01	3.182116e-01
6.319983320027595e-08	3.449953e-01	3.593993e-01	3.210329e-01
6.323426177170456e-08	3.450926e-01	3.593881e-01	3.219023e-01
6.326869034313318e-08	3.451897e-01	3.593769e-01	3.227718e-01
6.330311891456179e-08	3.452867e-01	3.593657e-01	3.236413e-01
6.333754748599039e-08	3.453836e-01	3.593544e-01	3.245107e-01
6.337197605741900e-08	3.454803e-01	3.593430e-01	3.253802e-01
6.340640462884761e-08	3.455769e-01	3.593316e-01	3.262497e-01
6.344083320027622e-08	3.456734e-01	3.593202e-01	3.271191e-01
6.344183320027623e-08	3.456762e-01	3.593199e-01	3.271444e-01
6.358197605741924e-08	3.460689e-01	3.592729e-01	3.306836e-01
6.372211891456226e-08	3.464505e-01	3.592265e-01	3.342228e-01
6.386226177170528e-08	3.468212e-01	3.591808e-01	3.377620e-01
6.400240462884829e-08	3.471810e-01	3.591358e-01	3.413013e-01
6.414254748599130e-08	3.475298e-01	3.590914e-01	3.448405e-01
6.428269034313433e-08	3.478676e-01	3.590477e-01	3.483798e-01
6.442283320027734e-08	3.481944e-01	3.590047e-01	3.519191e-01
6.446583320027739e-08	3.482910e-01	3.589919e-01	3.530050e-01
6.461197605742041e-08	3.486089e-01	3.589492e-01	3.566958e-01
6.475811891456344e-08	3.489112e-01	3.589082e-01	3.603866e-01
6.490426177170646e-08	3.491981e-01	3.588687e-01	3.640775e-01
6.505040462884948e-08	3.494695e-01	3.588309e-01	3.677683e-01
6.519654748599249e-08	3.497254e-01	3.587946e-01	3.714591e-01
6.534269034313553e-08	3.499658e-01	3.587600e-01	3.751500e-01
6.548883320027855e-08	3.501907e-01	3.587269e-01	3.788408e-01
6.548983320027855e-08	3.501922e-01	3.587267e-01	3.788660e-01
6.563597605742157e-08	3.504019e-01	3.586956e-01	3.825569e-01
6.578211891456460e-08	3.505993e-01	3.586659e-01	3.862477e-01
6.592826177170762e-08	3.507844e-01	3.586377e-01	3.899386e-01
6.607440462885064e-08	3.509573e-01	3.586111e-01	3.936294e-01
6.622054748599366e-08	3.511178e-01	3.585860e-01	3.973203e-01
6.636669034313669e-08	3.512661e-01	3.585625e-01	4.010111e-01
6.651283320027971e-08	3.514021e-01	3.585404e-01	4.047020e-01
6.651383320027971e-08	3.514030e-01	3.585403e-01	4.047272e-01
6.665997605742273e-08	3.515290e-01	3.585197e-01	4.084181e-01
6.680611891456576e-08	3.516468e-01	3.585002e-01	4.121089e-01
6.695226177170878e-08	3.517565e-01	3.584819e-01	4.157998e-01
6.709840462885180e-08	3.518580e-01	3.584647e-01	4.194906e-01
6.724454748599482e-08	3.519514e-01	3.584487e-01	4.231815e-01
6.739069034313785e-08	3.520367e-01	3.584338e-01	4.268724e-01
6.753683320028087e-08	3.521138e-01	3.584201e-01	4.305632e-01
6.753783320028087e-08	3.521144e-01	3.584200e-01	4.305885e-01
6.768397605742389e-08	3.521855e-01	3.584072e-01	4.342793e-01
6.783011891456692e-08	3.522518e-01	3.583952e-01	4.379702e-01
6.797626177170994e-08	3.523132e-01	3.583840e-01	4.416610e-01
6.812240462885296e-08	3.523696e-01	3.583736e-01	4.453519e-01
6.826854748599598e-08	3.524213e-01	3.583639e-01	4.490428e-01
6.841469034313901e-08	3.524680e-01	3.583550e-01	4.527336e-01
6.856083320028203e-08	3.525098e-01	3.583468e-01	4.564245e-01
6.856183320028203e-08	3.525101e-01	3.583468e-01	4.564497e-01
6.870111891456791e-08	3.525469e-01	3.583396e-01	4.599696e-01
6.884040462885377e-08	3.525811e-01	3.583328e-01	4.634881e-01
6.897969034313965e-08	3.526129e-01	3.583265e-01	4.670051e-01
6.911897605742552e-08	3.526421e-01	3.583206e-01	4.705207e-01
6.925826177171139e-08	3.526687e-01	3.583152e-01	4.740348e-01
6.939754748599726e-08	3.526929e-01	3.583102e-01	4.775475e-01
6.953683320028314e-08	3.527144e-01	3.583057e-01	4.810587e-01
6.958583320028319e-08	3.527218e-01	3.583041e-01	4.822859e-01
6.972554748599763e-08	3.527411e-01	3.583000e-01	4.857988e-01
6.986526177171208e-08	3.527590e-01	3.582962e-01	4.892129e-01
7.000497605742652e-08	3.527756e-01	3.582926e-01	4.925283e-01
7.014469034314097e-08	3.527908e-01	3.582893e-01	4.957450e-01
7.028440462885541e-08	3.528046e-01	3.582862e-01	4.988630e-01
7.042411891456986e-08	3.528170e-01	3.582834e-01	5.018823e-01
7.056383320028430e-08	3.528281e-01	3.582809e-01	5.048028e-01
7.060983320028435e-08	3.528316e-01	3.582801e-01	5.057233e-01
7.075597605742737e-08	3.528419e-01	3.582777e-01	5.085430e-01
7.090211891457040e-08	3.528514e-01	3.582755e-01	5.112098e-01
7.104826177171342e-08	3.528601e-01	3.582735e-01	5.137237e-01
7.119440462885644e-08	3.528681e-01	3.582716e-01	5.160848e-01
7.134054748599946e-08	3.528753e-01	3.582699e-01	5.182931e-01
7.148669034314249e-08	3.528817e-01	3.582683e-01	5.203484e-01
7.163283320028551e-08	3.528873e-01	3.582669e-01	5.222510e-01
7.163383320028551e-08	3.528873e-01	3.582669e-01	5.222635e-01
7.177997605742853e-08	3.528925e-01	3.582656e-01	5.240173e-01
7.192611891457157e-08	3.528972e-01	3.582644e-01	5.256564e-01
7.207226177171458e-08	3.529016e-01	3.582633e-01	5.271810e-01
7.221840462885760e-08	3.529055e-01	3.582623e-01	5.285909e-01
7.236454748600062e-08	3.529091e-01	3.582614e-01	5.298863e-01
7.251069034314366e-08	3.529123e-01	3.582606e-01	5.310672e-01
7.265683320028667e-08	3.529150e-01	3.582599e-01	5.321334e-01
7.265783320028668e-08	3.529150e-01	3.582598e-01	5.321405e-01
7.280397605742969e-08	3.529176e-01	3.582592e-01	5.331186e-01
7.295011891457273e-08	3.529199e-01	3.582585e-01	5.340270e-01
7.309626177171575e-08	3.529220e-01	3.582580e-01	5.348657e-01
7.324240462885876e-08	3.529240e-01	3.582574e-01	5.356348e-01
7.338854748600178e-08	3.529257e-01	3.582569e-01	5.363342e-01
7.353469034314482e-08	3.529273e-01	3.582565e-01	5.369639e-01
7.368083320028784e-08	3.529286e-01	3.582561e-01	5.375239e-01
7.368183320028784e-08	3.529286e-01	3.582561e-01	5.375277e-01
7.382797605743086e-08	3.529299e-01	3.582558e-01	5.380402e-01
7.397411891457389e-08	3.529310e-01	3.582554e-01	5.385143e-01
7.412026177171691e-08	3.529320e-01	3.582551e-01	5.389501e-01
7.426640462885993e-08	3.529330e-01	3.582549e-01	5.393476e-01
7.441254748600295e-08	3.529338e-01	3.582546e-01	5.397067e-01
7.455869034314598e-08	3.529346e-01	3.582544e-01	5.400275e-01
7.470483320028900e-08	3.529352e-01	3.582542e-01	5.403100e-01
7.470583320028900e-08	3.529352e-01	3.582542e-01	5.403119e-01
7.476969034314622e-08	3.529355e-01	3.582541e-01	5.404296e-01
7.483354748600342e-08	3.529358e-01	3.582540e-01	5.405428e-01
7.489740462886064e-08	3.529360e-01	3.582539e-01	5.406514e-01
7.496126177171786e-08	3.529362e-01	3.582539e-01	5.407554e-01
7.502511891457508e-08	3.529365e-01	3.582538e-01	5.408549e-01
7.508897605743229e-08	3.529367e-01	3.582537e-01	5.409498e-01
7.515283320028950e-08	3.529369e-01	3.582537e-01	5.410402e-01
7.515583320028951e-08	3.529369e-01	3.582537e-01	5.410444e-01
7.515883320028951e-08	3.529369e-01	3.582537e-01	5.410485e-01
7.516183320028951e-08	3.529369e-01	3.582537e-01	5.410527e-01
7.516483320028952e-08	3.529369e-01	3.582537e-01	5.410568e-01
7.516783320028952e-08	3.529369e-01	3.582537e-01	5.410609e-01
7.517083320028952e-08	3.529369e-01	3.582537e-01	5.410651e-01
7.517383320028953e-08	3.529369e-01	3.582536e-01	5.410692e-01
7.517683320028953e-08	3.529369e-01	3.582536e-01	5.410733e-01
7.517983320028954e-08	3.529369e-01	3.582536e-01	5.410774e-01
7.518597605743240e-08	3.529369e-01	3.582536e-01	5.410858e-01
7.519211891457527e-08	3.529368e-01	3.582536e-01	5.410941e-01
7.519826177171813e-08	3.529367e-01	3.582536e-01	5.411024e-01
7.520440462886099e-08	3.529366e-01	3.582536e-01	5.411107e-01
7.521054748600385e-08	3.529364e-01	3.582536e-01	5.411189e-01
7.521669034314672e-08	3.529362e-01	3.582536e-01	5.411271e-01
7.522283320028958e-08	3.529360e-01	3.582536e-01	5.411353e-01
7.523297605743245e-08	3.529356e-01	3.582536e-01	5.411487e-01
7.524311891457533e-08	3.529350e-01	3.582535e-01	5.411620e-01
7.525326177171819e-08	3.529342e-01	3.582535e-01	5.411752e-01
7.526340462886106e-08	3.529332e-01	3.582535e-01	5.411883e-01
7.527354748600392e-08	3.529321e-01	3.582535e-01	5.412013e-01
7.528369034314680e-08	3.529308e-01	3.582534e-01	5.412143e-01
7.529383320028966e-08	3.529294e-01	3.582534e-01	5.412271e-01
7.530997605743254e-08	3.529266e-01	3.582534e-01	5.412473e-01
7.532611891457542e-08	3.529232e-01	3.582533e-01	5.412673e-01
7.534226177171829e-08	3.529191e-01	3.582532e-01	5.412871e-01
7.535840462886116e-08	3.529144e-01	3.582531e-01	5.413067e-01
7.537454748600404e-08	3.529090e-01	3.582530e-01	5.413261e-01
7.539069034314692e-08	3.529029e-01	3.582528e-01	5.413453e-01
7.540683320028979e-08	3.528962e-01	3.582526e-01	5.413642e-01
7.543226177171839e-08	3.528840e-01	3.582523e-01	5.413936e-01
7.545769034314700e-08	3.528697e-01	3.582519e-01	5.414224e-01
7.548311891457560e-08	3.528534e-01	3.582514e-01	5.414508e-01
7.550854748600419e-08	3.528349e-01	3.582508e-01	5.414787e-01
7.553397605743279e-08	3.528144e-01	3.582501e-01	5.415061e-01
7.555940462886139e-08	3.527917e-01	3.582493e-01	5.415329e-01
7.558483320028999e-08	3.527670e-01	3.582484e-01	5.415593e-01
7.560540462886144e-08	3.527453e-01	3.582476e-01	5.415804e-01
7.562597605743289e-08	3.527223e-01	3.582467e-01	5.416011e-01
7.564654748600434e-08	3.526978e-01	3.582457e-01	5.416215e-01
7.566711891457581e-08	3.526719e-01	3.582445e-01	5.416417e-01
7.568769034314726e-08	3.526447e-01	3.582433e-01	5.416615e-01
7.570826177171871e-08	3.526160e-01	3.582420e-01	5.416811e-01
7.572883320029016e-08	3.525860e-01	3.582406e-01	5.417004e-01
7.572983320029016e-08	3.525845e-01	3.582405e-01	5.417013e-01
7.576483320029020e-08	3.525299e-01	3.582379e-01	5.417334e-01
7.579983320029024e-08	3.524720e-01	3.582350e-01	5.417648e-01
7.583483320029028e-08	3.524107e-01	3.582317e-01	5.417954e-01
7.586983320029032e-08	3.523461e-01	3.582282e-01	5.418253e-01
7.590483320029036e-08	3.522782e-01	3.582243e-01	5.418544e-01
7.593983320029040e-08	3.522069e-01	3.582202e-01	5.418828e-01
7.597483320029044e-08	3.521322e-01	3.582157e-01	5.419105e-01
7.602111891457621e-08	3.520287e-01	3.582093e-01	5.419460e-01
7.606740462886197e-08	3.519221e-01	3.582025e-01	5.419805e-01
7.611369034314774e-08	3.518123e-01	3.581953e-01	5.420139e-01
7.615997605743350e-08	3.516994e-01	3.581879e-01	5.420462e-01
7.620626177171927e-08	3.515834e-01	3.581800e-01	5.420775e-01
7.625254748600503e-08	3.514642e-01	3.581719e-01	5.421077e-01
7.629883320029080e-08	3.513419e-01	3.581633e-01	5.421368e-01
7.636369034314802e-08	3.511671e-01	3.581508e-01	5.421760e-01
7.642854748600523e-08	3.509932e-01	3.581387e-01	5.422135e-01
7.649340462886245e-08	3.508201e-01	3.581272e-01	5.422495e-01
7.655826177171967e-08	3.506478e-01	3.581161e-01	5.422839e-01
7.662311891457689e-08	3.504765e-01	3.581055e-01	5.423167e-01
7.668797605743410e-08	3.503059e-01	3.580954e-01	5.423478e-01
7.675283320029132e-08	3.501363e-01	3.580858e-01	5.423774e-01
7.675383320029132e-08	3.501337e-01	3.580856e-01	5.423779e-01
7.679640462886279e-08	3.500257e-01	3.580802e-01	5.423966e-01
7.683897605743427e-08	3.499201e-01	3.580757e-01	5.424148e-01
7.688154748600574e-08	3.498167e-01	3.580719e-01	5.424325e-01
7.692411891457723e-08	3.497158e-01	3.580690e-01	5.424496e-01
7.696669034314871e-08	3.496171e-01	3.580668e-01	5.424663e-01
7.700926177172018e-08	3.495209e-01	3.580655e-01	5.424824e-01
7.705183320029166e-08	3.494269e-01	3.580650e-01	5.424980e-01
7.709240462886313e-08	3.493402e-01	3.580656e-01	5.425124e-01
7.713297605743460e-08	3.492564e-01	3.580672e-01	5.425264e-01
7.717354748600608e-08	3.491753e-01	3.580700e-01	5.425400e-01
7.721411891457756e-08	3.490971e-01	3.580740e-01	5.425533e-01
7.725469034314903e-08	3.490217e-01	3.580790e-01	5.425661e-01
7.729526177172051e-08	3.489492e-01	3.580853e-01	5.425786e-01
7.733583320029198e-08	3.488795e-01	3.580926e-01	5.425906e-01
7.739883320029205e-08	3.487774e-01	3.581065e-01	5.426086e-01
7.746183320029212e-08	3.486826e-01	3.581240e-01	5.426259e-01
7.752483320029219e-08	3.485951e-01	3.581453e-01	5.426424e-01
7.758783320029227e-08	3.485150e-01	3.581703e-01	5.426582e-01
7.765083320029234e-08	3.484421e-01	3.581990e-01	5.426733e-01
7.771383320029241e-08	3.483765e-01	3.582314e-01	5.426877e-01
7.777683320029248e-08	3.483182e-01	3.582675e-01	5.427013e-01
7.777783320029248e-08	3.483173e-01	3.582681e-01	5.427015e-01
7.784297605743541e-08	3.482649e-01	3.583100e-01	5.427150e-01
7.790811891457835e-08	3.482194e-01	3.583567e-01	5.427279e-01
7.797326177172128e-08	3.481807e-01	3.584081e-01	5.427402e-01
7.803840462886420e-08	3.481488e-01	3.584644e-01	5.427519e-01
7.810354748600713e-08	3.481237e-01	3.585254e-01	5.427631e-01
7.816869034315007e-08	3.481054e-01	3.585912e-01	5.427738e-01
7.823383320029300e-08	3.480939e-01	3.586618e-01	5.427839e-01
7.825197605743587e-08	3.480916e-01	3.586824e-01	5.427866e-01
7.827011891457876e-08	3.480898e-01	3.587033e-01	5.427893e-01
7.828826177172163e-08	3.480884e-01	3.587247e-01	5.427920e-01
7.830640462886451e-08	3.480874e-01	3.587465e-01	5.427946e-01
7.832454748600738e-08	3.480869e-01	3.587687e-01	5.427972e-01
7.834269034315027e-08	3.480868e-01	3.587912e-01	5.427997e-01
7.836083320029314e-08	3.480872e-01	3.588142e-01	5.428022e-01
7.836183320029314e-08	3.480872e-01	3.588153e-01	5.428024e-01
7.836283320029314e-08	3.480873e-01	3.588167e-01	5.428025e-01
7.836383320029315e-08	3.480873e-01	3.588181e-01	5.428026e-01
7.836483320029315e-08	3.480873e-01	3.588193e-01	5.428028e-01
7.836583320029315e-08	3.480873e-01	3.588206e-01	5.428029e-01
7.836683320029315e-08	3.480874e-01	3.588218e-01	5.428030e-01
7.840140462886461e-08	3.480896e-01	3.588675e-01	5.428078e-01
7.843597605743608e-08	3.480931e-01	3.589133e-01	5.428124e-01
7.847054748600755e-08	3.480981e-01	3.589591e-01	5.428168e-01
7.850511891457903e-08	3.481043e-01	3.590050e-01	5.428212e-01
7.853969034315049e-08	3.481120e-01	3.590510e-01	5.428254e-01
7.857426177172196e-08	3.481210e-01	3.590970e-01	5.428296e-01
7.860883320029342e-08	3.481314e-01	3.591430e-01	5.428336e-01
7.863626177172203e-08	3.481404e-01	3.591785e-01	5.428367e-01
7.866369034315063e-08	3.481502e-01	3.592132e-01	5.428398e-01
7.869111891457924e-08	3.481606e-01	3.592470e-01	5.428428e-01
7.871854748600783e-08	3.481717e-01	3.592801e-01	5.428457e-01
7.874597605743643e-08	3.481835e-01	3.593123e-01	5.428486e-01
7.877340462886504e-08	3.481961e-01	3.593437e-01	5.428514e-01
7.880083320029364e-08	3.482093e-01	3.593743e-01	5.428541e-01
7.880183320029364e-08	3.482098e-01	3.593754e-01	5.428542e-01
7.884511891457941e-08	3.482320e-01	3.594214e-01	5.428585e-01
7.888840462886517e-08	3.482555e-01	3.594650e-01	5.428626e-01
7.893169034315094e-08	3.482802e-01	3.595060e-01	5.428666e-01
7.897497605743669e-08	3.483062e-01	3.595446e-01	5.428704e-01
7.901826177172246e-08	3.483334e-01	3.595807e-01	5.428741e-01
7.906154748600822e-08	3.483620e-01	3.596142e-01	5.428778e-01
7.910483320029399e-08	3.483917e-01	3.596453e-01	5.428813e-01
7.916111891457977e-08	3.484321e-01	3.596816e-01	5.428856e-01
7.921740462886554e-08	3.484735e-01	3.597154e-01	5.428898e-01
7.927369034315132e-08	3.485162e-01	3.597465e-01	5.428938e-01
7.932997605743709e-08	3.485600e-01	3.597751e-01	5.428977e-01
7.938626177172288e-08	3.486050e-01	3.598011e-01	5.429014e-01
7.944254748600865e-08	3.486512e-01	3.598245e-01	5.429050e-01
7.949883320029443e-08	3.486985e-01	3.598454e-01	5.429084e-01
7.954540462886591e-08	3.487381e-01	3.598620e-01	5.429111e-01
7.959197605743739e-08	3.487780e-01	3.598787e-01	5.429137e-01
7.963854748600887e-08	3.488181e-01	3.598955e-01	5.429162e-01
7.968511891458036e-08	3.488584e-01	3.599124e-01	5.429186e-01
7.973169034315184e-08	3.488991e-01	3.599294e-01	5.429210e-01
7.977826177172332e-08	3.489400e-01	3.599465e-01	5.429233e-01
7.982483320029480e-08	3.489811e-01	3.599637e-01	5.429255e-01
7.982583320029480e-08	3.489820e-01	3.599641e-01	5.429255e-01
7.988540462886630e-08	3.490347e-01	3.599873e-01	5.429282e-01
7.994497605743779e-08	3.490873e-01	3.600134e-01	5.429308e-01
8.000454748600929e-08	3.491395e-01	3.600426e-01	5.429333e-01
8.006411891458079e-08	3.491916e-01	3.600747e-01	5.429356e-01
8.012369034315229e-08	3.492434e-01	3.601098e-01	5.429379e-01
8.018326177172378e-08	3.492950e-01	3.601480e-01	5.429401e-01
8.024283320029528e-08	3.493463e-01	3.601891e-01	5.429421e-01
8.031769034315251e-08	3.494101e-01	3.602469e-01	5.429446e-01
8.039254748600973e-08	3.494726e-01	3.603130e-01	5.429469e-01
8.046740462886696e-08	3.495340e-01	3.603875e-01	5.429491e-01
8.054226177172419e-08	3.495942e-01	3.604703e-01	5.429512e-01
8.061711891458142e-08	3.496532e-01	3.605614e-01	5.429531e-01
8.069197605743864e-08	3.497110e-01	3.606608e-01	5.429550e-01
8.076683320029587e-08	3.497677e-01	3.607685e-01	5.429567e-01
8.084983320029596e-08	3.498285e-01	3.608999e-01	5.429586e-01
8.097097605743896e-08	3.499141e-01	3.611133e-01	5.429610e-01
8.109211891458196e-08	3.499955e-01	3.613519e-01	5.429632e-01
8.121326177172495e-08	3.500726e-01	3.616155e-01	5.429653e-01
8.133440462886794e-08	3.501455e-01	3.619043e-01	5.429672e-01
8.145554748601093e-08	3.502142e-01	3.622181e-01	5.429690e-01
8.157669034315394e-08	3.502785e-01	3.625571e-01	5.429705e-01
8.169783320029693e-08	3.503387e-01	3.629211e-01	5.429719e-01
8.187383320029713e-08	3.504187e-01	3.634896e-01	5.429737e-01
8.201997605744014e-08	3.504780e-01	3.640016e-01	5.429750e-01
8.216611891458318e-08	3.505324e-01	3.645387e-01	5.429762e-01
8.231226177172620e-08	3.505819e-01	3.651009e-01	5.429774e-01
8.245840462886922e-08	3.506265e-01	3.656883e-01	5.429784e-01
8.260454748601223e-08	3.506662e-01	3.663008e-01	5.429792e-01
8.275069034315527e-08	3.507010e-01	3.669384e-01	5.429800e-01
8.289683320029829e-08	3.507309e-01	3.676012e-01	5.429807e-01
8.289783320029829e-08	3.507311e-01	3.676057e-01	5.429807e-01
8.304311891458417e-08	3.507570e-01	3.682820e-01	5.429813e-01
8.318840462887004e-08	3.507799e-01	3.689708e-01	5.429818e-01
8.333369034315593e-08	3.508001e-01	3.696721e-01	5.429823e-01
8.347897605744180e-08	3.508173e-01	3.703860e-01	5.429827e-01
8.362426177172768e-08	3.508317e-01	3.711125e-01	5.429831e-01
8.376954748601356e-08	3.508432e-01	3.718515e-01	5.429835e-01
8.391483320029944e-08	3.508518e-01	3.726030e-01	5.429838e-01
8.392183320029945e-08	3.508522e-01	3.726393e-01	5.429838e-01
8.397669034315666e-08	3.508551e-01	3.729241e-01	5.429839e-01
8.403154748601385e-08	3.508578e-01	3.732098e-01	5.429840e-01
8.408640462887106e-08	3.508602e-01	3.734964e-01	5.429841e-01
8.414126177172827e-08	3.508624e-01	3.737839e-01	5.429842e-01
8.419611891458548e-08	3.508643e-01	3.740723e-01	5.429843e-01
8.425097605744267e-08	3.508660e-01	3.743617e-01	5.429844e-01
8.430583320029988e-08	3.508674e-01	3.746519e-01	5.429845e-01
8.431640462887132e-08	3.508677e-01	3.747079e-01	5.429845e-01
8.432697605744276e-08	3.508679e-01	3.747640e-01	5.429845e-01
8.433754748601420e-08	3.508682e-01	3.748200e-01	5.429845e-01
8.434811891458565e-08	3.508684e-01	3.748761e-01	5.429846e-01
8.435869034315709e-08	3.508686e-01	3.749322e-01	5.429846e-01
8.436926177172853e-08	3.508688e-01	3.749883e-01	5.429847e-01
8.437983320029997e-08	3.508690e-01	3.750445e-01	5.429847e-01
8.439340462887141e-08	3.508693e-01	3.751166e-01	5.429848e-01
8.440697605744285e-08	3.508695e-01	3.751887e-01	5.429849e-01
8.442054748601429e-08	3.508698e-01	3.752609e-01	5.429851e-01
8.443411891458575e-08	3.508700e-01	3.753332e-01	5.429853e-01
8.444769034315719e-08	3.508702e-01	3.754054e-01	5.429856e-01
8.446126177172863e-08	3.508704e-01	3.754778e-01	5.429860e-01
8.447483320030007e-08	3.508706e-01	3.755501e-01	5.429864e-01
8.451983320030013e-08	3.508712e-01	3.757903e-01	5.429874e-01
8.456483320030018e-08	3.508716e-01	3.760309e-01	5.429911e-01
8.460983320030023e-08	3.508719e-01	3.762717e-01	5.429974e-01
8.465483320030028e-08	3.508722e-01	3.765129e-01	5.430064e-01
8.469983320030033e-08	3.508723e-01	3.767544e-01	5.430180e-01
8.474483320030038e-08	3.508723e-01	3.769962e-01	5.430323e-01
8.478983320030043e-08	3.508722e-01	3.772384e-01	5.430492e-01
8.481197605744331e-08	3.508722e-01	3.773576e-01	5.430596e-01
8.483411891458620e-08	3.508721e-01	3.774769e-01	5.430711e-01
8.485626177172908e-08	3.508720e-01	3.775962e-01	5.430838e-01
8.487840462887196e-08	3.508718e-01	3.777156e-01	5.430977e-01
8.490054748601484e-08	3.508717e-01	3.778350e-01	5.431127e-01
8.492269034315773e-08	3.508715e-01	3.779545e-01	5.431289e-01
8.494483320030061e-08	3.508713e-01	3.780741e-01	5.431463e-01
8.494583320030061e-08	3.508713e-01	3.780795e-01	5.431471e-01
8.499097605744351e-08	3.508709e-01	3.783234e-01	5.431867e-01
8.503611891458643e-08	3.508703e-01	3.785674e-01	5.432322e-01
8.508126177172934e-08	3.508698e-01	3.788116e-01	5.432837e-01
8.512640462887224e-08	3.508691e-01	3.790559e-01	5.433412e-01
8.517154748601514e-08	3.508684e-01	3.793003e-01	5.434046e-01
8.521669034315806e-08	3.508676e-01	3.795449e-01	5.434741e-01
8.526183320030097e-08	3.508668e-01	3.797897e-01	5.435496e-01
8.533169034315819e-08	3.508653e-01	3.801686e-01	5.436804e-01
8.540154748601541e-08	3.508638e-01	3.805477e-01	5.438243e-01
8.547140462887263e-08	3.508622e-01	3.809268e-01	5.439814e-01
8.554126177172986e-08	3.508605e-01	3.813060e-01	5.441516e-01
8.561111891458708e-08	3.508588e-01	3.816853e-01	5.443349e-01
8.568097605744430e-08	3.508569e-01	3.820646e-01	5.445313e-01
8.575083320030152e-08	3.508549e-01	3.824441e-01	5.447409e-01
8.578197605744441e-08	3.508540e-01	3.826132e-01	5.448371e-01
8.581311891458731e-08	3.508531e-01	3.827823e-01	5.449350e-01
8.584426177173020e-08	3.508522e-01	3.829514e-01	5.450347e-01
8.587540462887309e-08	3.508513e-01	3.831205e-01	5.451361e-01
8.590654748601598e-08	3.508504e-01	3.832896e-01	5.452392e-01
8.593769034315888e-08	3.508494e-01	3.834587e-01	5.453440e-01
8.596883320030177e-08	3.508485e-01	3.836277e-01	5.454506e-01
8.596983320030177e-08	3.508485e-01	3.836331e-01	5.454540e-01
8.609211891458763e-08	3.508446e-01	3.842968e-01	5.458970e-01
8.621440462887347e-08	3.508408e-01	3.849599e-01	5.463426e-01
8.633669034315933e-08	3.508369e-01	3.856224e-01	5.467906e-01
8.645897605744518e-08	3.508329e-01	3.862843e-01	5.472410e-01
8.658126177173104e-08	3.508290e-01	3.869455e-01	5.476940e-01
8.670354748601688e-08	3.508250e-01	3.876062e-01	5.481495e-01
8.682583320030274e-08	3.508210e-01	3.882662e-01	5.486075e-01
8.699383320030293e-08	3.508157e-01	3.891715e-01	5.491991e-01
8.708854748601732e-08	3.508127e-01	3.896813e-01	5.495210e-01
8.718326177173172e-08	3.508098e-01	3.901905e-01	5.498300e-01
8.727797605744611e-08	3.508070e-01	3.906992e-01	5.501261e-01
8.737269034316051e-08	3.508042e-01	3.912075e-01	5.504092e-01
8.746740462887489e-08	3.508014e-01	3.917152e-01	5.506793e-01
8.756211891458930e-08	3.507987e-01	3.922225e-01	5.509366e-01
8.765683320030368e-08	3.507960e-01	3.927292e-01	5.511808e-01
8.801783320030409e-08	3.507866e-01	3.946562e-01	5.519743e-01
8.814797605744709e-08	3.507834e-01	3.953492e-01	5.522066e-01
8.827811891459011e-08	3.507803e-01	3.960414e-01	5.524154e-01
8.840826177173311e-08	3.507774e-01	3.967328e-01	5.526007e-01
8.853840462887611e-08	3.507746e-01	3.974234e-01	5.527625e-01
8.866854748601911e-08	3.507719e-01	3.981133e-01	5.529008e-01
8.879869034316212e-08	3.507694e-01	3.988023e-01	5.530156e-01
8.892883320030513e-08	3.507669e-01	3.994906e-01	5.531068e-01
8.904183320030525e-08	3.507649e-01	4.000878e-01	5.531734e-01
8.913140462887678e-08	3.507634e-01	4.005607e-01	5.532154e-01
8.922097605744831e-08	3.507619e-01	4.010334e-01	5.532506e-01
8.931054748601984e-08	3.507604e-01	4.015058e-01	5.532790e-01
8.940011891459138e-08	3.507591e-01	4.019779e-01	5.533006e-01
8.948969034316291e-08	3.507577e-01	4.024498e-01	5.533154e-01
8.957926177173444e-08	3.507564e-01	4.029213e-01	5.533235e-01
8.966883320030596e-08	3.507552e-01	4.033926e-01	5.533247e-01
8.972540462887746e-08	3.507544e-01	4.036901e-01	5.533232e-01
8.978197605744895e-08	3.507537e-01	4.039876e-01	5.533198e-01
8.983854748602044e-08	3.507530e-01	4.042850e-01	5.533148e-01
8.989511891459194e-08	3.507523e-01	4.045822e-01	5.533080e-01
8.995169034316343e-08	3.507516e-01	4.048794e-01	5.532994e-01
9.000826177173492e-08	3.507509e-01	4.051765e-01	5.532890e-01
9.006483320030641e-08	3.507503e-01	4.054735e-01	5.532769e-01
9.006583320030641e-08	3.507503e-01	4.054788e-01	5.532767e-01
9.017311891459226e-08	3.507491e-01	4.060418e-01	5.532490e-01
9.028040462887808e-08	3.507480e-01	4.066045e-01	5.532179e-01
9.038769034316393e-08	3.507469e-01	4.071670e-01	5.531836e-01
9.049497605744975e-08	3.507459e-01	4.077293e-01	5.531459e-01
9.060226177173560e-08	3.507449e-01	4.082913e-01	5.531048e-01
9.070954748602142e-08	3.507440e-01	4.088531e-01	5.530605e-01
9.081683320030727e-08	3.507431e-01	4.094146e-01	5.530128e-01
9.085569034316446e-08	3.507428e-01	4.096179e-01	5.529954e-01
9.089454748602163e-08	3.507425e-01	4.098212e-01	5.529779e-01
9.093340462887882e-08	3.507422e-01	4.100245e-01	5.529601e-01
9.097226177173602e-08	3.507419e-01	4.102277e-01	5.529422e-01
9.101111891459321e-08	3.507416e-01	4.104310e-01	5.529242e-01
9.104997605745038e-08	3.507413e-01	4.106342e-01	5.529059e-01
9.108883320030757e-08	3.507411e-01	4.108373e-01	5.528875e-01
9.108983320030758e-08	3.507410e-01	4.108426e-01	5.528870e-01
9.123397605745059e-08	3.507401e-01	4.115960e-01	5.528166e-01
9.137811891459362e-08	3.507392e-01	4.123492e-01	5.527464e-01
9.152226177173664e-08	3.507383e-01	4.131021e-01	5.526764e-01
9.166640462887966e-08	3.507375e-01	4.138547e-01	5.526068e-01
9.181054748602267e-08	3.507368e-01	4.146071e-01	5.525373e-01
9.195469034316570e-08	3.507362e-01	4.153593e-01	5.524681e-01
9.209883320030872e-08	3.507355e-01	4.161111e-01	5.523992e-01
9.211383320030874e-08	3.507355e-01	4.161894e-01	5.523922e-01
9.225997605745176e-08	3.507349e-01	4.169515e-01	5.523248e-01
9.240611891459479e-08	3.507344e-01	4.177135e-01	5.522597e-01
9.255226177173781e-08	3.507339e-01	4.184753e-01	5.521967e-01
9.269840462888083e-08	3.507334e-01	4.192369e-01	5.521360e-01
9.284454748602385e-08	3.507330e-01	4.199984e-01	5.520775e-01
9.299069034316688e-08	3.507326e-01	4.207598e-01	5.520211e-01
9.313683320030990e-08	3.507322e-01	4.215210e-01	5.519670e-01
9.313783320030990e-08	3.507322e-01	4.215262e-01	5.519667e-01
9.319097605745281e-08	3.507321e-01	4.218028e-01	5.519477e-01
9.324411891459574e-08	3.507320e-01	4.220796e-01	5.519290e-01
9.329726177173865e-08	3.507319e-01	4.223563e-01	5.519107e-01
9.335040462888157e-08	3.507318e-01	4.226332e-01	5.518927e-01
9.340354748602448e-08	3.507317e-01	4.229101e-01	5.518750e-01
9.345669034316741e-08	3.507315e-01	4.231871e-01	5.518576e-01
9.350983320031032e-08	3.507314e-01	4.234642e-01	5.518405e-01
9.353854748602463e-08	3.507314e-01	4.236145e-01	5.518315e-01
9.356726177173896e-08	3.507313e-01	4.237659e-01	5.518225e-01
9.359597605745327e-08	3.507313e-01	4.239184e-01	5.518136e-01
9.362469034316760e-08	3.507312e-01	4.240719e-01	5.518048e-01
9.365340462888191e-08	3.507312e-01	4.242265e-01	5.517961e-01
9.368211891459624e-08	3.507311e-01	4.243822e-01	5.517875e-01
9.371083320031055e-08	3.507310e-01	4.245389e-01	5.517790e-01
9.374297605745344e-08	3.507310e-01	4.247162e-01	5.517695e-01
9.377511891459634e-08	3.507309e-01	4.248953e-01	5.517602e-01
9.380726177173923e-08	3.507307e-01	4.250760e-01	5.517510e-01
9.383940462888212e-08	3.507306e-01	4.252585e-01	5.517419e-01
9.387154748602501e-08	3.507304e-01	4.254427e-01	5.517329e-01
9.390369034316791e-08	3.507302e-01	4.256286e-01	5.517240e-01
9.393583320031080e-08	3.507300e-01	4.258162e-01	5.517153e-01
9.396797605745369e-08	3.507297e-01	4.260055e-01	5.517066e-01
9.400011891459660e-08	3.507294e-01	4.261961e-01	5.516981e-01
9.403226177173949e-08	3.507291e-01	4.263880e-01	5.516896e-01
9.406440462888238e-08	3.507286e-01	4.265812e-01	5.516813e-01
9.409654748602527e-08	3.507281e-01	4.267756e-01	5.516731e-01
9.412869034316817e-08	3.507275e-01	4.269713e-01	5.516650e-01
9.416083320031106e-08	3.507269e-01	4.271683e-01	5.516570e-01
9.416183320031106e-08	3.507269e-01	4.271744e-01	5.516567e-01
9.420497605745396e-08	3.507259e-01	4.274407e-01	5.516461e-01
9.424811891459688e-08	3.507248e-01	4.277077e-01	5.516357e-01
9.429126177173978e-08	3.507235e-01	4.279754e-01	5.516255e-01
9.433440462888268e-08	3.507220e-01	4.282439e-01	5.516155e-01
9.437754748602558e-08	3.507203e-01	4.285132e-01	5.516056e-01
9.442069034316850e-08	3.507184e-01	4.287833e-01	5.515960e-01
9.446383320031140e-08	3.507164e-01	4.290541e-01	5.515865e-01
9.451011891459717e-08	3.507139e-01	4.293444e-01	5.515765e-01
9.455640462888293e-08	3.507112e-01	4.296337e-01	5.515667e-01
9.460269034316871e-08	3.507083e-01	4.299220e-01	5.515571e-01
9.464897605745446e-08	3.507052e-01	4.302093e-01	5.515477e-01
9.469526177174024e-08	3.507018e-01	4.304957e-01	5.515385e-01
9.474154748602600e-08	3.506982e-01	4.307810e-01	5.515295e-01
9.478783320031177e-08	3.506944e-01	4.310653e-01	5.515206e-01
9.484183320031183e-08	3.506897e-01	4.313946e-01	5.515106e-01
9.489583320031189e-08	3.506848e-01	4.317208e-01	5.515008e-01
9.494983320031195e-08	3.506798e-01	4.320439e-01	5.514911e-01
9.500383320031201e-08	3.506746e-01	4.323640e-01	5.514818e-01
9.505783320031208e-08	3.506694e-01	4.326811e-01	5.514726e-01
9.511183320031214e-08	3.506640e-01	4.329951e-01	5.514637e-01
9.516583320031220e-08	3.506584e-01	4.333060e-01	5.514550e-01
9.518583320031222e-08	3.506564e-01	4.334201e-01	5.514519e-01
9.524697605745514e-08	3.506501e-01	4.337660e-01	5.514424e-01
9.530811891459808e-08	3.506442e-01	4.341075e-01	5.514332e-01
9.536926177174100e-08	3.506388e-01	4.344444e-01	5.514242e-01
9.543040462888392e-08	3.506338e-01	4.347769e-01	5.514155e-01
9.549154748602685e-08	3.506292e-01	4.351050e-01	5.514071e-01
9.555269034316978e-08	3.506251e-01	4.354285e-01	5.513989e-01
9.561383320031271e-08	3.506214e-01	4.357476e-01	5.513910e-01
9.569883320031280e-08	3.506172e-01	4.361833e-01	5.513804e-01
9.578383320031290e-08	3.506157e-01	4.366125e-01	5.513702e-01
9.586883320031299e-08	3.506170e-01	4.370354e-01	5.513604e-01
9.595383320031309e-08	3.506210e-01	4.374519e-01	5.513509e-01
9.603883320031319e-08	3.506277e-01	4.378621e-01	5.513419e-01
9.612383320031328e-08	3.506372e-01	4.382658e-01	5.513333e-01
9.620883320031338e-08	3.506494e-01	4.386632e-01	5.513251e-01
9.620983320031338e-08	3.506496e-01	4.386679e-01	5.513251e-01
9.627454748602773e-08	3.506619e-01	4.389678e-01	5.513191e-01
9.633926177174210e-08	3.506768e-01	4.392660e-01	5.513132e-01
9.640397605745645e-08	3.506944e-01	4.395626e-01	5.513076e-01
9.646869034317082e-08	3.507148e-01	4.398575e-01	5.513021e-01
9.653340462888517e-08	3.507379e-01	4.401507e-01	5.512968e-01
9.659811891459954e-08	3.507637e-01	4.404422e-01	5.512918e-01
9.666283320031390e-08	3.507922e-01	4.407320e-01	5.512869e-01
9.668226177174249e-08	3.508012e-01	4.408190e-01	5.512854e-01
9.670169034317109e-08	3.508111e-01	4.409060e-01	5.512840e-01
9.672111891459968e-08	3.508217e-01	4.409929e-01	5.512826e-01
9.674054748602826e-08	3.508331e-01	4.410797e-01	5.512812e-01
9.675997605745686e-08	3.508452e-01	4.411665e-01	5.512798e-01
9.677940462888545e-08	3.508582e-01	4.412533e-01	5.512784e-01
9.679883320031405e-08	3.508719e-01	4.413400e-01	5.512770e-01
9.682554748602836e-08	3.508925e-01	4.414591e-01	5.512752e-01
9.685226177174268e-08	3.509158e-01	4.415783e-01	5.512734e-01
9.687897605745699e-08	3.509417e-01	4.416975e-01	5.512716e-01
9.690569034317132e-08	3.509702e-01	4.418168e-01	5.512698e-01
9.693240462888563e-08	3.510013e-01	4.419361e-01	5.512681e-01
9.695911891459995e-08	3.510350e-01	4.420554e-01	5.512664e-01
9.698583320031426e-08	3.510713e-01	4.421748e-01	5.512647e-01
9.723383320031454e-08	3.515533e-01	4.432922e-01	5.512502e-01
9.736740462888612e-08	3.519434e-01	4.439049e-01	5.512432e-01
9.750097605745770e-08	3.523724e-01	4.445249e-01	5.512366e-01
9.763454748602928e-08	3.528402e-01	4.451520e-01	5.512305e-01
9.776811891460087e-08	3.533469e-01	4.457864e-01	5.512248e-01
9.790169034317245e-08	3.538925e-01	4.464281e-01	5.512196e-01
9.803526177174402e-08	3.544769e-01	4.470770e-01	5.512147e-01
9.816883320031560e-08	3.551002e-01	4.477331e-01	5.512103e-01
9.825783320031570e-08	3.555019e-01	4.481698e-01	5.512075e-01
9.836169034317297e-08	3.559752e-01	4.486822e-01	5.512045e-01
9.846554748603022e-08	3.564417e-01	4.491915e-01	5.512015e-01
9.856940462888748e-08	3.569015e-01	4.496977e-01	5.511988e-01
9.867326177174475e-08	3.573545e-01	4.502007e-01	5.511962e-01
9.877711891460201e-08	3.578007e-01	4.507005e-01	5.511938e-01
9.888097605745926e-08	3.582401e-01	4.511971e-01	5.511915e-01
9.898483320031653e-08	3.586728e-01	4.516906e-01	5.511894e-01
9.928183320031686e-08	3.598458e-01	4.530563e-01	5.511839e-01
9.942797605745988e-08	3.603879e-01	4.537060e-01	5.511816e-01
9.957411891460292e-08	3.609178e-01	4.543343e-01	5.511795e-01
9.972026177174594e-08	3.614356e-01	4.549410e-01	5.511775e-01
9.986640462888895e-08	3.619413e-01	4.555263e-01	5.511757e-01
1.000125474860320e-07	3.624349e-01	4.560900e-01	5.511740e-01
1.001586903431750e-07	3.629163e-01	4.566323e-01	5.511725e-01
1.003048332003180e-07	3.633855e-01	4.571530e-01	5.511712e-01
1.003058332003180e-07	3.633888e-01	4.571565e-01	5.511712e-01
1.004519760574610e-07	3.638559e-01	4.576508e-01	5.511700e-01
1.005981189146041e-07	3.643269e-01	4.581223e-01	5.511688e-01
1.007442617717471e-07	3.648016e-01	4.585708e-01	5.511677e-01
1.008904046288901e-07	3.652801e-01	4.589965e-01	5.511668e-01
1.010365474860331e-07	3.657624e-01	4.593992e-01	5.511659e-01
1.011826903431762e-07	3.662484e-01	4.597791e-01	5.511651e-01
1.013288332003192e-07	3.667383e-01	4.601361e-01	5.511644e-01
1.013298332003192e-07	3.667417e-01	4.601385e-01	5.511644e-01
1.014759760574622e-07	3.672436e-01	4.604733e-01	5.511638e-01
1.016221189146052e-07	3.677566e-01	4.607897e-01	5.511632e-01
1.017682617717483e-07	3.682809e-01	4.610877e-01	5.511626e-01
1.019144046288913e-07	3.688163e-01	4.613672e-01	5.511621e-01
1.020605474860343e-07	3.693629e-01	4.616283e-01	5.511617e-01
1.022066903431773e-07	3.699207e-01	4.618709e-01	5.511612e-01
1.023528332003203e-07	3.704897e-01	4.620952e-01	5.511609e-01
1.023538332003203e-07	3.704936e-01	4.620967e-01	5.511609e-01
1.023882617717490e-07	3.706296e-01	4.621476e-01	5.511608e-01
1.024226903431776e-07	3.707662e-01	4.621977e-01	5.511607e-01
1.024571189146062e-07	3.709035e-01	4.622470e-01	5.511606e-01
1.024915474860348e-07	3.710414e-01	4.622955e-01	5.511605e-01
1.025259760574634e-07	3.711800e-01	4.623431e-01	5.511605e-01
1.025604046288920e-07	3.713192e-01	4.623899e-01	5.511604e-01
1.025948332003206e-07	3.714591e-01	4.624359e-01	5.511603e-01
1.026059760574635e-07	3.715045e-01	4.624507e-01	5.511603e-01
1.026171189146064e-07	3.715499e-01	4.624653e-01	5.511603e-01
1.026282617717492e-07	3.715955e-01	4.624799e-01	5.511603e-01
1.026394046288921e-07	3.716411e-01	4.624943e-01	5.511603e-01
1.026505474860350e-07	3.716868e-01	4.625087e-01	5.511603e-01
1.026616903431778e-07	3.717325e-01	4.625230e-01	5.511603e-01
1.026728332003207e-07	3.717783e-01	4.625373e-01	5.511603e-01
1.026921189146065e-07	3.718577e-01	4.625617e-01	5.511604e-01
1.027114046288922e-07	3.719374e-01	4.625859e-01	5.511605e-01
1.027306903431779e-07	3.720172e-01	4.626099e-01	5.511608e-01
1.027499760574637e-07	3.720972e-01	4.626336e-01	5.511612e-01
1.027692617717494e-07	3.721774e-01	4.626572e-01	5.511618e-01
1.027885474860351e-07	3.722579e-01	4.626804e-01	5.511624e-01
1.028078332003209e-07	3.723385e-01	4.627035e-01	5.511633e-01
1.028302617717495e-07	3.724325e-01	4.627300e-01	5.511645e-01
1.028526903431781e-07	3.725267e-01	4.627562e-01	5.511661e-01
1.028751189146067e-07	3.726212e-01	4.627821e-01	5.511681e-01
1.028975474860352e-07	3.727160e-01	4.628077e-01	5.511705e-01
1.029199760574638e-07	3.728110e-01	4.628330e-01	5.511734e-01
1.029424046288924e-07	3.729063e-01	4.628580e-01	5.511767e-01
1.029648332003210e-07	3.730019e-01	4.628827e-01	5.511804e-01
1.029906903431782e-07	3.731123e-01	4.629109e-01	5.511853e-01
1.030165474860354e-07	3.732231e-01	4.629386e-01	5.511910e-01
1.030424046288926e-07	3.733342e-01	4.629660e-01	5.511974e-01
1.030682617717497e-07	3.734457e-01	4.629931e-01	5.512046e-01
1.030941189146069e-07	3.735575e-01	4.630197e-01	5.512125e-01
1.031199760574641e-07	3.736696e-01	4.630460e-01	5.512212e-01
1.031458332003212e-07	3.737820e-01	4.630719e-01	5.512307e-01
1.031788332003213e-07	3.739260e-01	4.631045e-01	5.512440e-01
1.032118332003213e-07	3.740704e-01	4.631365e-01	5.512585e-01
1.032448332003214e-07	3.742154e-01	4.631679e-01	5.512740e-01
1.032778332003214e-07	3.743609e-01	4.631988e-01	5.512906e-01
1.033108332003214e-07	3.745069e-01	4.632292e-01	5.513083e-01
1.033438332003215e-07	3.746533e-01	4.632590e-01	5.513271e-01
1.033768332003215e-07	3.748003e-01	4.632883e-01	5.513469e-01
1.033778332003215e-07	3.748048e-01	4.632892e-01	5.513475e-01
1.034394046288930e-07	3.750804e-01	4.633423e-01	5.513885e-01
1.035009760574645e-07	3.753576e-01	4.633937e-01	5.514294e-01
1.035625474860360e-07	3.756363e-01	4.634435e-01	5.514702e-01
1.036241189146075e-07	3.759166e-01	4.634917e-01	5.515109e-01
1.036856903431790e-07	3.761984e-01	4.635382e-01	5.515514e-01
1.037472617717505e-07	3.764818e-01	4.635831e-01	5.515918e-01
1.038088332003220e-07	3.767667e-01	4.636263e-01	5.516322e-01
1.038525474860363e-07	3.769699e-01	4.636562e-01	5.516580e-01
1.038962617717507e-07	3.771737e-01	4.636853e-01	5.516810e-01
1.039399760574650e-07	3.773782e-01	4.637137e-01	5.517012e-01
1.039836903431793e-07	3.775833e-01	4.637415e-01	5.517187e-01
1.040274046288937e-07	3.777891e-01	4.637686e-01	5.517334e-01
1.040711189146080e-07	3.779956e-01	4.637949e-01	5.517453e-01
1.041148332003223e-07	3.782028e-01	4.638206e-01	5.517545e-01
1.041409760574652e-07	3.783270e-01	4.638357e-01	5.517578e-01
1.041671189146081e-07	3.784513e-01	4.638505e-01	5.517597e-01
1.041932617717510e-07	3.785759e-01	4.638651e-01	5.517601e-01
1.042194046288939e-07	3.787008e-01	4.638795e-01	5.517589e-01
1.042455474860368e-07	3.788258e-01	4.638937e-01	5.517562e-01
1.042716903431797e-07	3.789510e-01	4.639077e-01	5.517520e-01
1.042978332003226e-07	3.790765e-01	4.639214e-01	5.517463e-01
1.043125474860368e-07	3.791472e-01	4.639291e-01	5.517423e-01
1.043272617717512e-07	3.792179e-01	4.639367e-01	5.517378e-01
1.043419760574655e-07	3.792888e-01	4.639442e-01	5.517327e-01
1.043566903431798e-07	3.793596e-01	4.639516e-01	5.517270e-01
1.043714046288941e-07	3.794306e-01	4.639590e-01	5.517208e-01
1.043861189146084e-07	3.795016e-01	4.639664e-01	5.517140e-01
1.044008332003227e-07	3.795727e-01	4.639736e-01	5.517067e-01
1.044018332003227e-07	3.795775e-01	4.639741e-01	5.517062e-01
1.044576903431799e-07	3.798479e-01	4.640010e-01	5.516734e-01
1.045135474860371e-07	3.801192e-01	4.640271e-01	5.516317e-01
1.045694046288943e-07	3.803912e-01	4.640524e-01	5.515808e-01
1.046252617717515e-07	3.806640e-01	4.640768e-01	5.515209e-01
1.046811189146087e-07	3.809376e-01	4.641005e-01	5.514520e-01
1.047369760574659e-07	3.812119e-01	4.641233e-01	5.513740e-01
1.047928332003231e-07	3.814871e-01	4.641453e-01	5.512870e-01
1.048831189146089e-07	3.819335e-01	4.641792e-01	5.511249e-01
1.049734046288947e-07	3.823814e-01	4.642115e-01	5.509388e-01
1.050636903431806e-07	3.828308e-01	4.642422e-01	5.507289e-01
1.051539760574664e-07	3.832817e-01	4.642713e-01	5.504950e-01
1.052442617717522e-07	3.837342e-01	4.642987e-01	5.502373e-01
1.053345474860380e-07	3.841882e-01	4.643245e-01	5.499557e-01
1.054248332003238e-07	3.846437e-01	4.643487e-01	5.496501e-01
1.054258332003238e-07	3.846488e-01	4.643489e-01	5.496467e-01
1.055041189146096e-07	3.850447e-01	4.643689e-01	5.493637e-01
1.055824046288954e-07	3.854414e-01	4.643879e-01	5.490664e-01
1.056606903431812e-07	3.858388e-01	4.644061e-01	5.487547e-01
1.057389760574670e-07	3.862370e-01	4.644235e-01	5.484287e-01
1.058172617717528e-07	3.866360e-01	4.644399e-01	5.480884e-01
1.058955474860386e-07	3.870357e-01	4.644555e-01	5.477337e-01
1.059738332003245e-07	3.874362e-01	4.644703e-01	5.473647e-01
1.060416903431817e-07	3.877838e-01	4.644825e-01	5.470363e-01
1.061095474860389e-07	3.881318e-01	4.644942e-01	5.466926e-01
1.061774046288961e-07	3.884802e-01	4.645054e-01	5.463338e-01
1.062452617717533e-07	3.888290e-01	4.645161e-01	5.459596e-01
1.063131189146106e-07	3.891781e-01	4.645264e-01	5.455703e-01
1.063809760574678e-07	3.895277e-01	4.645362e-01	5.451657e-01
1.064488332003250e-07	3.898776e-01	4.645455e-01	5.447458e-01
1.064498332003250e-07	3.898827e-01	4.645457e-01	5.447395e-01
1.065422617717537e-07	3.903599e-01	4.645576e-01	5.441322e-01
1.066346903431823e-07	3.908376e-01	4.645690e-01	5.434918e-01
1.067271189146110e-07	3.913156e-01	4.645797e-01	5.428183e-01
1.068195474860397e-07	3.917941e-01	4.645898e-01	5.421118e-01
1.069119760574684e-07	3.922731e-01	4.645992e-01	5.413722e-01
1.070044046288970e-07	3.927525e-01	4.646081e-01	5.405995e-01
1.070968332003257e-07	3.932323e-01	4.646162e-01	5.397938e-01
1.071505474860401e-07	3.935113e-01	4.646208e-01	5.393137e-01
1.072042617717544e-07	3.937903e-01	4.646252e-01	5.388264e-01
1.072579760574688e-07	3.940695e-01	4.646295e-01	5.383321e-01
1.073116903431831e-07	3.943487e-01	4.646336e-01	5.378306e-01
1.073654046288975e-07	3.946280e-01	4.646375e-01	5.373221e-01
1.074191189146118e-07	3.949074e-01	4.646413e-01	5.368064e-01
1.074728332003262e-07	3.951869e-01	4.646449e-01	5.362837e-01
1.074738332003262e-07	3.951921e-01	4.646450e-01	5.362739e-01
1.076155474860406e-07	3.959299e-01	4.646538e-01	5.348534e-01
1.077572617717550e-07	3.966680e-01	4.646619e-01	5.334317e-01
1.078989760574695e-07	3.974064e-01	4.646694e-01	5.320087e-01
1.080406903431839e-07	3.981450e-01	4.646761e-01	5.305843e-01
1.081824046288984e-07	3.988839e-01	4.646822e-01	5.291587e-01
1.083241189146128e-07	3.996231e-01	4.646876e-01	5.277318e-01
1.084658332003273e-07	4.003625e-01	4.646923e-01	5.263036e-01
1.084978332003273e-07	4.005294e-01	4.646933e-01	5.259888e-01
1.086378332003275e-07	4.012600e-01	4.646974e-01	5.246218e-01
1.087778332003276e-07	4.019905e-01	4.647012e-01	5.232878e-01
1.089178332003278e-07	4.027210e-01	4.647047e-01	5.219869e-01
1.090578332003279e-07	4.034515e-01	4.647078e-01	5.207191e-01
1.091978332003281e-07	4.041821e-01	4.647106e-01	5.194844e-01
1.093378332003283e-07	4.049126e-01	4.647131e-01	5.182827e-01
1.094778332003284e-07	4.056432e-01	4.647152e-01	5.171140e-01
1.095218332003285e-07	4.058727e-01	4.647159e-01	5.167550e-01
1.096659760574715e-07	4.066248e-01	4.647178e-01	5.156069e-01
1.098101189146145e-07	4.073768e-01	4.647196e-01	5.144912e-01
1.099542617717575e-07	4.081287e-01	4.647212e-01	5.134079e-01
1.100984046289006e-07	4.088805e-01	4.647226e-01	5.123569e-01
1.102425474860436e-07	4.096322e-01	4.647238e-01	5.113383e-01
1.103866903431866e-07	4.103838e-01	4.647249e-01	5.103520e-01
1.105308332003296e-07	4.111354e-01	4.647259e-01	5.093980e-01
1.105458332003296e-07	4.112136e-01	4.647260e-01	5.092999e-01
1.106919760574727e-07	4.119754e-01	4.647268e-01	5.083621e-01
1.108381189146157e-07	4.127372e-01	4.647276e-01	5.074432e-01
1.109842617717587e-07	4.134989e-01	4.647283e-01	5.065432e-01
1.111304046289017e-07	4.142605e-01	4.647289e-01	5.056620e-01
1.112765474860447e-07	4.150220e-01	4.647294e-01	5.047998e-01
1.114226903431878e-07	4.157834e-01	4.647299e-01	5.039565e-01
1.115688332003308e-07	4.165447e-01	4.647303e-01	5.031321e-01
1.115698332003308e-07	4.165500e-01	4.647303e-01	5.031264e-01
1.115948332003308e-07	4.166802e-01	4.647303e-01	5.029859e-01
1.116198332003309e-07	4.168104e-01	4.647304e-01	5.028457e-01
1.116448332003309e-07	4.169406e-01	4.647304e-01	5.027058e-01
1.116698332003309e-07	4.170709e-01	4.647305e-01	5.025662e-01
1.116948332003309e-07	4.172011e-01	4.647306e-01	5.024270e-01
1.117198332003310e-07	4.173313e-01	4.647306e-01	5.022881e-01
1.117448332003310e-07	4.174615e-01	4.647307e-01	5.021496e-01
1.117575474860453e-07	4.175277e-01	4.647307e-01	5.020792e-01
1.117702617717596e-07	4.175938e-01	4.647307e-01	5.020089e-01
1.117829760574739e-07	4.176597e-01	4.647308e-01	5.019387e-01
1.117956903431882e-07	4.177254e-01	4.647308e-01	5.018686e-01
1.118084046289025e-07	4.177910e-01	4.647308e-01	5.017985e-01
1.118211189146168e-07	4.178565e-01	4.647308e-01	5.017286e-01
1.118338332003311e-07	4.179218e-01	4.647308e-01	5.016587e-01
1.118632617717597e-07	4.180720e-01	4.647308e-01	5.014972e-01
1.118926903431883e-07	4.182204e-01	4.647308e-01	5.013360e-01
1.119221189146169e-07	4.183669e-01	4.647308e-01	5.011752e-01
1.119515474860455e-07	4.185115e-01	4.647306e-01	5.010147e-01
1.119809760574741e-07	4.186543e-01	4.647304e-01	5.008546e-01
1.120104046289027e-07	4.187952e-01	4.647302e-01	5.006949e-01
1.120398332003313e-07	4.189342e-01	4.647299e-01	5.005354e-01
1.120621189146171e-07	4.190378e-01	4.647296e-01	5.004149e-01
1.120844046289028e-07	4.191404e-01	4.647292e-01	5.002945e-01
1.121066903431886e-07	4.192419e-01	4.647287e-01	5.001743e-01
1.121289760574743e-07	4.193422e-01	4.647282e-01	5.000543e-01
1.121512617717600e-07	4.194414e-01	4.647277e-01	4.999344e-01
1.121735474860458e-07	4.195396e-01	4.647271e-01	4.998146e-01
1.121958332003315e-07	4.196366e-01	4.647264e-01	4.996950e-01
1.122238332003315e-07	4.197569e-01	4.647254e-01	4.995450e-01
1.122518332003316e-07	4.198760e-01	4.647243e-01	4.993952e-01
1.122798332003316e-07	4.199939e-01	4.647232e-01	4.992456e-01
1.123078332003316e-07	4.201106e-01	4.647219e-01	4.990962e-01
1.123358332003317e-07	4.202262e-01	4.647205e-01	4.989470e-01
1.123638332003317e-07	4.203405e-01	4.647190e-01	4.987980e-01
1.123918332003317e-07	4.204536e-01	4.647174e-01	4.986492e-01
1.124205474860460e-07	4.205687e-01	4.647157e-01	4.984968e-01
1.124492617717604e-07	4.206835e-01	4.647139e-01	4.983445e-01
1.124779760574747e-07	4.207978e-01	4.647120e-01	4.981924e-01
1.125066903431890e-07	4.209118e-01	4.647101e-01	4.980405e-01
1.125354046289033e-07	4.210254e-01	4.647082e-01	4.978887e-01
1.125641189146176e-07	4.211386e-01	4.647061e-01	4.977371e-01
1.125928332003320e-07	4.212514e-01	4.647040e-01	4.975857e-01
1.125938332003320e-07	4.212553e-01	4.647039e-01	4.975804e-01
1.126562617717606e-07	4.214993e-01	4.646990e-01	4.972517e-01
1.127186903431892e-07	4.217471e-01	4.646945e-01	4.969234e-01
1.127811189146179e-07	4.219986e-01	4.646903e-01	4.965955e-01
1.128435474860465e-07	4.222539e-01	4.646865e-01	4.962681e-01
1.129059760574752e-07	4.225129e-01	4.646831e-01	4.959411e-01
1.129684046289038e-07	4.227756e-01	4.646800e-01	4.956145e-01
1.130308332003325e-07	4.230421e-01	4.646773e-01	4.952883e-01
1.130519760574753e-07	4.231344e-01	4.646766e-01	4.951779e-01
1.130731189146182e-07	4.232275e-01	4.646761e-01	4.950674e-01
1.130942617717611e-07	4.233213e-01	4.646757e-01	4.949570e-01
1.131154046289040e-07	4.234159e-01	4.646754e-01	4.948466e-01
1.131365474860469e-07	4.235112e-01	4.646752e-01	4.947363e-01
1.131576903431897e-07	4.236073e-01	4.646751e-01	4.946259e-01
1.131788332003326e-07	4.237041e-01	4.646751e-01	4.945156e-01
1.132051189146184e-07	4.238257e-01	4.646753e-01	4.943784e-01
1.132314046289041e-07	4.239485e-01	4.646756e-01	4.942413e-01
1.132576903431899e-07	4.240726e-01	4.646762e-01	4.941042e-01
1.132839760574756e-07	4.241979e-01	4.646770e-01	4.939671e-01
1.133102617717613e-07	4.243245e-01	4.646780e-01	4.938300e-01
1.133365474860471e-07	4.244524e-01	4.646793e-01	4.936929e-01
1.133628332003328e-07	4.245816e-01	4.646807e-01	4.935558e-01
1.133991189146186e-07	4.247620e-01	4.646830e-01	4.933666e-01
1.134354046289043e-07	4.249449e-01	4.646858e-01	4.931774e-01
1.134716903431901e-07	4.251300e-01	4.646890e-01	4.929882e-01
1.135079760574758e-07	4.253175e-01	4.646926e-01	4.927989e-01
1.135442617717616e-07	4.255074e-01	4.646967e-01	4.926096e-01
1.135805474860474e-07	4.256996e-01	4.647013e-01	4.924203e-01
1.136168332003331e-07	4.258941e-01	4.647063e-01	4.922310e-01
1.136178332003331e-07	4.258995e-01	4.647065e-01	4.922258e-01
1.136799760574760e-07	4.262386e-01	4.647162e-01	4.919016e-01
1.137421189146190e-07	4.265829e-01	4.647271e-01	4.915771e-01
1.138042617717619e-07	4.269324e-01	4.647393e-01	4.912525e-01
1.138664046289048e-07	4.272872e-01	4.647527e-01	4.909277e-01
1.139285474860478e-07	4.276472e-01	4.647672e-01	4.906027e-01
1.139906903431907e-07	4.280124e-01	4.647830e-01	4.902775e-01
1.140528332003336e-07	4.283828e-01	4.648000e-01	4.899521e-01
1.141368332003337e-07	4.288906e-01	4.648249e-01	4.895119e-01
1.142208332003338e-07	4.294019e-01	4.648509e-01	4.890711e-01
1.143048332003339e-07	4.299166e-01	4.648779e-01	4.886298e-01
1.143888332003340e-07	4.304347e-01	4.649059e-01	4.881879e-01
1.144728332003341e-07	4.309563e-01	4.649350e-01	4.877455e-01
1.145568332003342e-07	4.314812e-01	4.649652e-01	4.873025e-01
1.146408332003343e-07	4.320095e-01	4.649964e-01	4.868590e-01
1.146418332003343e-07	4.320158e-01	4.649968e-01	4.868537e-01
1.146859760574772e-07	4.322926e-01	4.650130e-01	4.866203e-01
1.147301189146201e-07	4.325691e-01	4.650292e-01	4.863868e-01
1.147742617717630e-07	4.328453e-01	4.650453e-01	4.861531e-01
1.148184046289059e-07	4.331211e-01	4.650612e-01	4.859193e-01
1.148625474860488e-07	4.333967e-01	4.650772e-01	4.856852e-01
1.149066903431917e-07	4.336720e-01	4.650930e-01	4.854510e-01
1.149508332003346e-07	4.339469e-01	4.651088e-01	4.852166e-01
1.149688332003347e-07	4.340588e-01	4.651151e-01	4.851210e-01
1.149868332003347e-07	4.341705e-01	4.651212e-01	4.850253e-01
1.150048332003347e-07	4.342822e-01	4.651271e-01	4.849296e-01
1.150228332003347e-07	4.343936e-01	4.651326e-01	4.848339e-01
1.150408332003347e-07	4.345050e-01	4.651379e-01	4.847381e-01
1.150588332003348e-07	4.346163e-01	4.651429e-01	4.846424e-01
1.150768332003348e-07	4.347274e-01	4.651477e-01	4.845465e-01
1.150919760574776e-07	4.348208e-01	4.651513e-01	4.844659e-01
1.151071189146205e-07	4.349141e-01	4.651546e-01	4.843853e-01
1.151222617717634e-07	4.350072e-01	4.651574e-01	4.843046e-01
1.151374046289063e-07	4.351003e-01	4.651600e-01	4.842239e-01
1.151525474860491e-07	4.351933e-01	4.651622e-01	4.841432e-01
1.151676903431920e-07	4.352861e-01	4.651640e-01	4.840625e-01
1.151828332003349e-07	4.353789e-01	4.651654e-01	4.839818e-01
1.151898332003349e-07	4.354217e-01	4.651660e-01	4.839444e-01
1.151968332003349e-07	4.354645e-01	4.651664e-01	4.839071e-01
1.152038332003349e-07	4.355073e-01	4.651667e-01	4.838697e-01
1.152108332003349e-07	4.355501e-01	4.651670e-01	4.838324e-01
1.152178332003349e-07	4.355928e-01	4.651672e-01	4.837950e-01
1.152248332003349e-07	4.356355e-01	4.651672e-01	4.837577e-01
1.152318332003350e-07	4.356782e-01	4.651672e-01	4.837203e-01
1.152438332003350e-07	4.357513e-01	4.651670e-01	4.836563e-01
1.152558332003350e-07	4.358244e-01	4.651665e-01	4.835922e-01
1.152678332003350e-07	4.358973e-01	4.651657e-01	4.835281e-01
1.152798332003350e-07	4.359702e-01	4.651646e-01	4.834640e-01
1.152918332003350e-07	4.360430e-01	4.651633e-01	4.833999e-01
1.153038332003350e-07	4.361158e-01	4.651617e-01	4.833358e-01
1.153158332003350e-07	4.361884e-01	4.651599e-01	4.832717e-01
1.153421189146208e-07	4.363473e-01	4.651547e-01	4.831311e-01
1.153684046289065e-07	4.365058e-01	4.651484e-01	4.829905e-01
1.153946903431923e-07	4.366639e-01	4.651407e-01	4.828499e-01
1.154209760574780e-07	4.368217e-01	4.651318e-01	4.827092e-01
1.154472617717638e-07	4.369790e-01	4.651217e-01	4.825684e-01
1.154735474860495e-07	4.371359e-01	4.651103e-01	4.824275e-01
1.154998332003353e-07	4.372925e-01	4.650976e-01	4.822866e-01
1.155234046289067e-07	4.374325e-01	4.650853e-01	4.821602e-01
1.155469760574782e-07	4.375722e-01	4.650722e-01	4.820338e-01
1.155705474860496e-07	4.377116e-01	4.650582e-01	4.819073e-01
1.155941189146211e-07	4.378506e-01	4.650435e-01	4.817807e-01
1.156176903431925e-07	4.379893e-01	4.650280e-01	4.816541e-01
1.156412617717640e-07	4.381277e-01	4.650117e-01	4.815275e-01
1.156648332003354e-07	4.382658e-01	4.649945e-01	4.814008e-01
1.156658332003354e-07	4.382717e-01	4.649938e-01	4.813954e-01
1.157386903431927e-07	4.386963e-01	4.649343e-01	4.810035e-01
1.158115474860499e-07	4.391179e-01	4.648725e-01	4.806111e-01
1.158844046289071e-07	4.395367e-01	4.648084e-01	4.802183e-01
1.159572617717643e-07	4.399525e-01	4.647421e-01	4.798251e-01
1.160301189146216e-07	4.403654e-01	4.646735e-01	4.794314e-01
1.161029760574788e-07	4.407754e-01	4.646026e-01	4.790373e-01
1.161758332003360e-07	4.411825e-01	4.645295e-01	4.786428e-01
1.162349760574789e-07	4.415110e-01	4.644724e-01	4.783222e-01
1.162941189146219e-07	4.418378e-01	4.644174e-01	4.780014e-01
1.163532617717648e-07	4.421629e-01	4.643645e-01	4.776803e-01
1.164124046289077e-07	4.424863e-01	4.643135e-01	4.773590e-01
1.164715474860506e-07	4.428080e-01	4.642647e-01	4.770374e-01
1.165306903431936e-07	4.431280e-01	4.642178e-01	4.767155e-01
1.165898332003365e-07	4.434463e-01	4.641730e-01	4.763934e-01
1.166898332003366e-07	4.439808e-01	4.641048e-01	4.758483e-01
1.167449760574795e-07	4.442735e-01	4.640709e-01	4.755474e-01
1.168001189146224e-07	4.445647e-01	4.640397e-01	4.752463e-01
1.168552617717654e-07	4.448545e-01	4.640112e-01	4.749450e-01
1.169104046289083e-07	4.451427e-01	4.639853e-01	4.746436e-01
1.169655474860512e-07	4.454295e-01	4.639622e-01	4.743419e-01
1.170206903431941e-07	4.457147e-01	4.639417e-01	4.740401e-01
1.170758332003370e-07	4.459985e-01	4.639240e-01	4.737381e-01
1.171221189146228e-07	4.462355e-01	4.639111e-01	4.734844e-01
1.171684046289086e-07	4.464713e-01	4.638999e-01	4.732307e-01
1.172146903431943e-07	4.467060e-01	4.638904e-01	4.729768e-01
1.172609760574801e-07	4.469395e-01	4.638824e-01	4.727228e-01
1.173072617717659e-07	4.471719e-01	4.638761e-01	4.724687e-01
1.173535474860516e-07	4.474031e-01	4.638715e-01	4.722144e-01
1.173998332003374e-07	4.476331e-01	4.638684e-01	4.719601e-01
1.174319760574803e-07	4.477921e-01	4.638671e-01	4.717834e-01
1.174641189146232e-07	4.479505e-01	4.638663e-01	4.716066e-01
1.174962617717661e-07	4.481083e-01	4.638662e-01	4.714298e-01
1.175284046289090e-07	4.482654e-01	4.638667e-01	4.712530e-01
1.175605474860519e-07	4.484219e-01	4.638677e-01	4.710761e-01
1.175926903431948e-07	4.485778e-01	4.638693e-01	4.708992e-01
1.176248332003377e-07	4.487331e-01	4.638715e-01	4.707222e-01
1.176374046289091e-07	4.487937e-01	4.638725e-01	4.706529e-01
1.176499760574805e-07	4.488541e-01	4.638736e-01	4.705837e-01
1.176625474860520e-07	4.489145e-01	4.638747e-01	4.705144e-01
1.176751189146234e-07	4.489747e-01	4.638759e-01	4.704452e-01
1.176876903431949e-07	4.490349e-01	4.638772e-01	4.703759e-01
1.177002617717663e-07	4.490949e-01	4.638785e-01	4.703067e-01
1.177128332003378e-07	4.491549e-01	4.638799e-01	4.702374e-01
1.177138332003378e-07	4.491596e-01	4.638801e-01	4.702319e-01
1.177899760574807e-07	4.495207e-01	4.638908e-01	4.698121e-01
1.178661189146237e-07	4.498777e-01	4.639028e-01	4.693921e-01
1.179422617717666e-07	4.502305e-01	4.639160e-01	4.689718e-01
1.180184046289095e-07	4.505792e-01	4.639305e-01	4.685513e-01
1.180945474860525e-07	4.509237e-01	4.639463e-01	4.681306e-01
1.181706903431954e-07	4.512642e-01	4.639633e-01	4.677097e-01
1.182468332003384e-07	4.516004e-01	4.639815e-01	4.672885e-01
1.183168332003384e-07	4.519056e-01	4.639982e-01	4.669011e-01
1.183868332003385e-07	4.522067e-01	4.640145e-01	4.665136e-01
1.184568332003386e-07	4.525037e-01	4.640303e-01	4.661259e-01
1.185268332003387e-07	4.527968e-01	4.640456e-01	4.657380e-01
1.185968332003388e-07	4.530858e-01	4.640605e-01	4.653500e-01
1.186668332003388e-07	4.533708e-01	4.640749e-01	4.649619e-01
1.187368332003389e-07	4.536518e-01	4.640889e-01	4.645736e-01
1.187378332003389e-07	4.536558e-01	4.640892e-01	4.645680e-01
1.187972617717676e-07	4.538909e-01	4.641001e-01	4.642383e-01
1.188566903431962e-07	4.541229e-01	4.641102e-01	4.639084e-01
1.189161189146248e-07	4.543518e-01	4.641193e-01	4.635785e-01
1.189755474860535e-07	4.545775e-01	4.641277e-01	4.632484e-01
1.190349760574821e-07	4.548001e-01	4.641351e-01	4.629183e-01
1.190944046289108e-07	4.550196e-01	4.641416e-01	4.625881e-01
1.191538332003394e-07	4.552360e-01	4.641473e-01	4.622578e-01
1.191924046289109e-07	4.553747e-01	4.641504e-01	4.620434e-01
1.192309760574823e-07	4.555121e-01	4.641530e-01	4.618289e-01
1.192695474860538e-07	4.556481e-01	4.641552e-01	4.616145e-01
1.193081189146253e-07	4.557827e-01	4.641570e-01	4.613999e-01
1.193466903431968e-07	4.559160e-01	4.641583e-01	4.611854e-01
1.193852617717682e-07	4.560480e-01	4.641592e-01	4.609708e-01
1.194238332003397e-07	4.561786e-01	4.641596e-01	4.607562e-01
1.196308332003399e-07	4.568563e-01	4.641541e-01	4.596040e-01
1.197618332003401e-07	4.572651e-01	4.641439e-01	4.588744e-01
1.198594046289116e-07	4.575592e-01	4.641327e-01	4.583307e-01
1.199569760574832e-07	4.578450e-01	4.641192e-01	4.577870e-01
1.200545474860547e-07	4.581224e-01	4.641031e-01	4.572431e-01
1.201521189146262e-07	4.583915e-01	4.640847e-01	4.566991e-01
1.202496903431978e-07	4.586521e-01	4.640638e-01	4.561549e-01
1.203472617717693e-07	4.589044e-01	4.640405e-01	4.556106e-01
1.204448332003409e-07	4.591483e-01	4.640148e-01	4.550662e-01
1.204934046289124e-07	4.592668e-01	4.640014e-01	4.547952e-01
1.205419760574838e-07	4.593834e-01	4.639876e-01	4.545241e-01
1.205905474860553e-07	4.594980e-01	4.639733e-01	4.542530e-01
1.206391189146268e-07	4.596107e-01	4.639587e-01	4.539819e-01
1.206876903431983e-07	4.597214e-01	4.639436e-01	4.537108e-01
1.207362617717698e-07	4.598303e-01	4.639282e-01	4.534396e-01
1.207848332003412e-07	4.599372e-01	4.639123e-01	4.531684e-01
1.207858332003412e-07	4.599394e-01	4.639119e-01	4.531628e-01
1.208925474860557e-07	4.601671e-01	4.638755e-01	4.525571e-01
1.209992617717701e-07	4.603866e-01	4.638380e-01	4.519612e-01
1.211059760574845e-07	4.605977e-01	4.637996e-01	4.513750e-01
1.212126903431989e-07	4.608005e-01	4.637603e-01	4.507985e-01
1.213194046289133e-07	4.609949e-01	4.637200e-01	4.502318e-01
1.214261189146277e-07	4.611810e-01	4.636787e-01	4.496748e-01
1.215328332003421e-07	4.613588e-01	4.636365e-01	4.491276e-01
1.215722617717707e-07	4.614227e-01	4.636209e-01	4.489339e-01
1.216116903431993e-07	4.614857e-01	4.636053e-01	4.487426e-01
1.216511189146279e-07	4.615476e-01	4.635898e-01	4.485538e-01
1.216905474860566e-07	4.616085e-01	4.635742e-01	4.483674e-01
1.217299760574852e-07	4.616685e-01	4.635586e-01	4.481834e-01
1.217694046289138e-07	4.617274e-01	4.635430e-01	4.480019e-01
1.218088332003424e-07	4.617854e-01	4.635273e-01	4.478228e-01
1.218098332003424e-07	4.617869e-01	4.635269e-01	4.478183e-01
1.219399760574854e-07	4.619705e-01	4.634750e-01	4.472568e-01
1.220701189146284e-07	4.621451e-01	4.634239e-01	4.466947e-01
1.222002617717714e-07	4.623107e-01	4.633736e-01	4.461319e-01
1.223304046289144e-07	4.624674e-01	4.633241e-01	4.455685e-01
1.224605474860574e-07	4.626150e-01	4.632754e-01	4.450045e-01
1.225906903432004e-07	4.627536e-01	4.632275e-01	4.444398e-01
1.227208332003434e-07	4.628833e-01	4.631804e-01	4.438745e-01
1.228338332003436e-07	4.629904e-01	4.631409e-01	4.433539e-01
1.229512617717723e-07	4.630953e-01	4.631009e-01	4.427950e-01
1.230686903432010e-07	4.631952e-01	4.630621e-01	4.422152e-01
1.231861189146297e-07	4.632899e-01	4.630247e-01	4.416147e-01
1.233035474860584e-07	4.633795e-01	4.629885e-01	4.409933e-01
1.234209760574871e-07	4.634640e-01	4.629535e-01	4.403511e-01
1.235384046289158e-07	4.635435e-01	4.629199e-01	4.396882e-01
1.236558332003445e-07	4.636178e-01	4.628875e-01	4.390044e-01
1.238578332003447e-07	4.637368e-01	4.628350e-01	4.377885e-01
1.239382617717734e-07	4.637807e-01	4.628152e-01	4.372915e-01
1.240186903432021e-07	4.638230e-01	4.627960e-01	4.367883e-01
1.240991189146307e-07	4.638637e-01	4.627774e-01	4.362790e-01
1.241795474860594e-07	4.639027e-01	4.627594e-01	4.357635e-01
1.242599760574880e-07	4.639401e-01	4.627420e-01	4.352419e-01
1.243404046289167e-07	4.639759e-01	4.627252e-01	4.347142e-01
1.244208332003454e-07	4.640101e-01	4.627090e-01	4.341802e-01
1.244865474860597e-07	4.640369e-01	4.626962e-01	4.337357e-01
1.245522617717741e-07	4.640630e-01	4.626837e-01	4.332858e-01
1.246179760574884e-07	4.640882e-01	4.626716e-01	4.328303e-01
1.246836903432028e-07	4.641125e-01	4.626599e-01	4.323694e-01
1.247494046289172e-07	4.641359e-01	4.626485e-01	4.319030e-01
1.248151189146315e-07	4.641585e-01	4.626375e-01	4.314311e-01
1.248808332003459e-07	4.641803e-01	4.626268e-01	4.309537e-01
1.248818332003459e-07	4.641806e-01	4.626267e-01	4.309465e-01
1.250125474860603e-07	4.642213e-01	4.626066e-01	4.299676e-01
1.251432617717747e-07	4.642596e-01	4.625877e-01	4.290105e-01
1.252739760574892e-07	4.642954e-01	4.625699e-01	4.280754e-01
1.254046903432036e-07	4.643288e-01	4.625533e-01	4.271621e-01
1.255354046289181e-07	4.643598e-01	4.625378e-01	4.262707e-01
1.256661189146325e-07	4.643884e-01	4.625235e-01	4.254011e-01
1.257968332003469e-07	4.644145e-01	4.625104e-01	4.245534e-01
1.259058332003471e-07	4.644351e-01	4.625000e-01	4.239032e-01
1.260049760574900e-07	4.644527e-01	4.624913e-01	4.233428e-01
1.261041189146330e-07	4.644694e-01	4.624829e-01	4.228165e-01
1.262032617717760e-07	4.644852e-01	4.624750e-01	4.223243e-01
1.263024046289189e-07	4.645002e-01	4.624676e-01	4.218663e-01
1.264015474860619e-07	4.645143e-01	4.624606e-01	4.214424e-01
1.265006903432049e-07	4.645275e-01	4.624541e-01	4.210527e-01
1.265998332003478e-07	4.645399e-01	4.624481e-01	4.206970e-01
1.266468332003479e-07	4.645455e-01	4.624453e-01	4.205407e-01
1.266938332003479e-07	4.645510e-01	4.624426e-01	4.203916e-01
1.267408332003480e-07	4.645564e-01	4.624400e-01	4.202498e-01
1.267878332003481e-07	4.645616e-01	4.624375e-01	4.201152e-01
1.268348332003481e-07	4.645666e-01	4.624350e-01	4.199878e-01
1.268818332003482e-07	4.645716e-01	4.624327e-01	4.198676e-01
1.269288332003482e-07	4.645763e-01	4.624304e-01	4.197546e-01
1.269298332003482e-07	4.645764e-01	4.624304e-01	4.197522e-01
1.270738332003484e-07	4.645900e-01	4.624239e-01	4.194591e-01
1.272178332003485e-07	4.646027e-01	4.624179e-01	4.192137e-01
1.273618332003487e-07	4.646144e-01	4.624125e-01	4.190159e-01
1.275058332003489e-07	4.646252e-01	4.624076e-01	4.188659e-01
1.276498332003490e-07	4.646350e-01	4.624032e-01	4.187636e-01
1.277938332003492e-07	4.646439e-01	4.623994e-01	4.187089e-01
1.279378332003494e-07	4.646518e-01	4.623960e-01	4.187020e-01
1.279538332003494e-07	4.646527e-01	4.623956e-01	4.187019e-01
1.280135474860637e-07	4.646558e-01	4.623943e-01	4.187057e-01
1.280732617717781e-07	4.646588e-01	4.623931e-01	4.187138e-01
1.281329760574924e-07	4.646616e-01	4.623919e-01	4.187262e-01
1.281926903432068e-07	4.646644e-01	4.623908e-01	4.187429e-01
1.282524046289212e-07	4.646671e-01	4.623897e-01	4.187639e-01
1.283121189146355e-07	4.646697e-01	4.623887e-01	4.187892e-01
1.283718332003499e-07	4.646722e-01	4.623877e-01	4.188188e-01
1.284582617717785e-07	4.646756e-01	4.623864e-01	4.188681e-01
1.285446903432072e-07	4.646789e-01	4.623852e-01	4.189221e-01
1.286311189146359e-07	4.646819e-01	4.623840e-01	4.189808e-01
1.287175474860645e-07	4.646849e-01	4.623830e-01	4.190441e-01
1.288039760574932e-07	4.646876e-01	4.623820e-01	4.191121e-01
1.288904046289219e-07	4.646902e-01	4.623811e-01	4.191847e-01
1.289768332003505e-07	4.646926e-01	4.623803e-01	4.192621e-01
1.289778332003505e-07	4.646927e-01	4.623803e-01	4.192629e-01
1.290966903432078e-07	4.646958e-01	4.623793e-01	4.193738e-01
1.292155474860651e-07	4.646987e-01	4.623784e-01	4.194861e-01
1.293344046289224e-07	4.647014e-01	4.623776e-01	4.195998e-01
1.294532617717796e-07	4.647039e-01	4.623769e-01	4.197149e-01
1.295721189146369e-07	4.647062e-01	4.623763e-01	4.198314e-01
1.296909760574942e-07	4.647083e-01	4.623758e-01	4.199493e-01
1.298098332003515e-07	4.647103e-01	4.623753e-01	4.200687e-01
1.300018332003517e-07	4.647131e-01	4.623747e-01	4.202554e-01
1.300042617717803e-07	4.647132e-01	4.623747e-01	4.202577e-01
1.300066903432089e-07	4.647132e-01	4.623747e-01	4.202601e-01
1.300091189146374e-07	4.647132e-01	4.623747e-01	4.202624e-01
1.300115474860660e-07	4.647133e-01	4.623747e-01	4.202647e-01
1.300139760574946e-07	4.647133e-01	4.623747e-01	4.202671e-01
1.300164046289232e-07	4.647133e-01	4.623747e-01	4.202694e-01
1.300188332003517e-07	4.647134e-01	4.623747e-01	4.202717e-01
1.300218332003517e-07	4.647134e-01	4.623747e-01	4.202746e-01
1.300248332003517e-07	4.647134e-01	4.623747e-01	4.202775e-01
1.300278332003517e-07	4.647135e-01	4.623747e-01	4.202803e-01
1.300308332003517e-07	4.647135e-01	4.623747e-01	4.202832e-01
1.300338332003517e-07	4.647135e-01	4.623747e-01	4.202861e-01
1.300368332003517e-07	4.647136e-01	4.623747e-01	4.202890e-01
1.300398332003517e-07	4.647136e-01	4.623747e-01	4.202918e-01
1.300428332003517e-07	4.647137e-01	4.623747e-01	4.202947e-01
1.300458332003517e-07	4.647137e-01	4.623748e-01	4.202975e-01
1.300509760574946e-07	4.647138e-01	4.623748e-01	4.203024e-01
1.300561189146375e-07	4.647139e-01	4.623748e-01	4.203073e-01
1.300612617717803e-07	4.647139e-01	4.623749e-01	4.203123e-01
1.300664046289232e-07	4.647140e-01	4.623750e-01	4.203171e-01
1.300715474860661e-07	4.647141e-01	4.623750e-01	4.203220e-01
1.300766903432089e-07	4.647141e-01	4.623751e-01	4.203269e-01
1.300818332003518e-07	4.647142e-01	4.623752e-01	4.203318e-01
1.300899760574947e-07	4.647143e-01	4.623754e-01	4.203395e-01
1.300981189146375e-07	4.647144e-01	4.623757e-01	4.203472e-01
1.301062617717804e-07	4.647145e-01	4.623759e-01	4.203549e-01
1.301144046289233e-07	4.647146e-01	4.623763e-01	4.203626e-01
1.301225474860661e-07	4.647147e-01	4.623767e-01	4.203703e-01
1.301306903432090e-07	4.647148e-01	4.623772e-01	4.203780e-01
1.301388332003519e-07	4.647149e-01	4.623777e-01	4.203856e-01
1.301515474860662e-07	4.647151e-01	4.623786e-01	4.203976e-01
1.301642617717804e-07	4.647153e-01	4.623797e-01	4.204095e-01
1.301769760574948e-07	4.647154e-01	4.623809e-01	4.204213e-01
1.301896903432091e-07	4.647156e-01	4.623824e-01	4.204332e-01
1.302024046289234e-07	4.647157e-01	4.623840e-01	4.204450e-01
1.302151189146376e-07	4.647158e-01	4.623858e-01	4.204568e-01
1.302278332003520e-07	4.647160e-01	4.623878e-01	4.204686e-01
1.302481189146377e-07	4.647162e-01	4.623913e-01	4.204873e-01
1.302684046289234e-07	4.647164e-01	4.623954e-01	4.205059e-01
1.302886903432092e-07	4.647166e-01	4.624000e-01	4.205244e-01
1.303089760574949e-07	4.647168e-01	4.624050e-01	4.205429e-01
1.303292617717806e-07	4.647170e-01	4.624105e-01	4.205612e-01
1.303495474860664e-07	4.647172e-01	4.624165e-01	4.205795e-01
1.303698332003521e-07	4.647173e-01	4.624229e-01	4.205977e-01
1.304151189146379e-07	4.647177e-01	4.624396e-01	4.206381e-01
1.304604046289237e-07	4.647178e-01	4.624576e-01	4.206779e-01
1.305056903432094e-07	4.647179e-01	4.624769e-01	4.207174e-01
1.305509760574952e-07	4.647177e-01	4.624975e-01	4.207563e-01
1.305962617717809e-07	4.647174e-01	4.625195e-01	4.207948e-01
1.306415474860667e-07	4.647170e-01	4.625427e-01	4.208327e-01
1.306868332003525e-07	4.647164e-01	4.625673e-01	4.208703e-01
1.307199760574954e-07	4.647158e-01	4.625852e-01	4.208974e-01
1.307531189146383e-07	4.647150e-01	4.626028e-01	4.209242e-01
1.307862617717811e-07	4.647142e-01	4.626203e-01	4.209508e-01
1.308194046289241e-07	4.647131e-01	4.626375e-01	4.209771e-01
1.308525474860670e-07	4.647120e-01	4.626546e-01	4.210032e-01
1.308856903432098e-07	4.647107e-01	4.626714e-01	4.210289e-01
1.309188332003527e-07	4.647093e-01	4.626880e-01	4.210544e-01
1.309339760574956e-07	4.647086e-01	4.626953e-01	4.210659e-01
1.309491189146385e-07	4.647079e-01	4.627025e-01	4.210774e-01
1.309642617717814e-07	4.647071e-01	4.627095e-01	4.210888e-01
1.309794046289242e-07	4.647064e-01	4.627165e-01	4.211002e-01
1.309945474860671e-07	4.647055e-01	4.627233e-01	4.211115e-01
1.310096903432100e-07	4.647047e-01	4.627300e-01	4.211228e-01
1.310248332003529e-07	4.647039e-01	4.627365e-01	4.211340e-01
1.310258332003529e-07	4.647038e-01	4.627369e-01	4.211347e-01
1.310631189146386e-07	4.647015e-01	4.627524e-01	4.211620e-01
1.311004046289244e-07	4.646991e-01	4.627668e-01	4.211889e-01
1.311376903432101e-07	4.646966e-01	4.627801e-01	4.212155e-01
1.311749760574959e-07	4.646939e-01	4.627922e-01	4.212417e-01
1.312122617717816e-07	4.646911e-01	4.628032e-01	4.212676e-01
1.312495474860674e-07	4.646881e-01	4.628131e-01	4.212930e-01
1.312868332003532e-07	4.646851e-01	4.628218e-01	4.213182e-01
1.313148332003532e-07	4.646827e-01	4.628275e-01	4.213368e-01
1.313428332003532e-07	4.646803e-01	4.628325e-01	4.213552e-01
1.313708332003533e-07	4.646779e-01	4.628368e-01	4.213735e-01
1.313988332003533e-07	4.646755e-01	4.628404e-01	4.213915e-01
1.314268332003533e-07	4.646731e-01	4.628432e-01	4.214093e-01
1.314548332003533e-07	4.646707e-01	4.628454e-01	4.214270e-01
1.314828332003534e-07	4.646682e-01	4.628469e-01	4.214444e-01
1.314995474860677e-07	4.646668e-01	4.628474e-01	4.214547e-01
1.315162617717820e-07	4.646653e-01	4.628477e-01	4.214650e-01
1.315329760574963e-07	4.646639e-01	4.628478e-01	4.214751e-01
1.315496903432106e-07	4.646625e-01	4.628476e-01	4.214852e-01
1.315664046289249e-07	4.646611e-01	4.628472e-01	4.214953e-01
1.315831189146392e-07	4.646597e-01	4.628466e-01	4.215052e-01
1.315998332003535e-07	4.646583e-01	4.628457e-01	4.215151e-01
1.316464046289250e-07	4.646545e-01	4.628418e-01	4.215423e-01
1.316929760574965e-07	4.646511e-01	4.628364e-01	4.215689e-01
1.317395474860680e-07	4.646480e-01	4.628296e-01	4.215951e-01
1.317861189146394e-07	4.646453e-01	4.628211e-01	4.216207e-01
1.318326903432109e-07	4.646429e-01	4.628112e-01	4.216458e-01
1.318792617717824e-07	4.646409e-01	4.627998e-01	4.216703e-01
1.319258332003539e-07	4.646393e-01	4.627868e-01	4.216944e-01
1.319434046289253e-07	4.646388e-01	4.627816e-01	4.217033e-01
1.319609760574968e-07	4.646385e-01	4.627763e-01	4.217122e-01
1.319785474860682e-07	4.646382e-01	4.627709e-01	4.217210e-01
1.319961189146397e-07	4.646380e-01	4.627653e-01	4.217297e-01
1.320136903432111e-07	4.646380e-01	4.627595e-01	4.217383e-01
1.320312617717826e-07	4.646380e-01	4.627536e-01	4.217469e-01
1.320488332003540e-07	4.646381e-01	4.627475e-01	4.217555e-01
1.320498332003540e-07	4.646381e-01	4.627472e-01	4.217559e-01
1.320912617717826e-07	4.646386e-01	4.627322e-01	4.217757e-01
1.321326903432113e-07	4.646398e-01	4.627166e-01	4.217951e-01
1.321741189146399e-07	4.646417e-01	4.627005e-01	4.218142e-01
1.322155474860685e-07	4.646443e-01	4.626838e-01	4.218328e-01
1.322569760574971e-07	4.646475e-01	4.626666e-01	4.218511e-01
1.322984046289257e-07	4.646513e-01	4.626489e-01	4.218691e-01
1.323398332003543e-07	4.646558e-01	4.626305e-01	4.218866e-01
1.324025474860687e-07	4.646641e-01	4.626020e-01	4.219125e-01
1.324652617717831e-07	4.646743e-01	4.625733e-01	4.219376e-01
1.325279760574974e-07	4.646866e-01	4.625442e-01	4.219620e-01
1.325906903432118e-07	4.647008e-01	4.625150e-01	4.219856e-01
1.326534046289261e-07	4.647171e-01	4.624854e-01	4.220085e-01
1.327161189146405e-07	4.647353e-01	4.624556e-01	4.220306e-01
1.327788332003548e-07	4.647556e-01	4.624255e-01	4.220519e-01
1.328208332003549e-07	4.647704e-01	4.624056e-01	4.220659e-01
1.328628332003549e-07	4.647862e-01	4.623858e-01	4.220795e-01
1.329048332003550e-07	4.648030e-01	4.623662e-01	4.220928e-01
1.329468332003550e-07	4.648208e-01	4.623466e-01	4.221059e-01
1.329888332003551e-07	4.648396e-01	4.623272e-01	4.221186e-01
1.330308332003551e-07	4.648593e-01	4.623080e-01	4.221311e-01
1.330728332003552e-07	4.648800e-01	4.622888e-01	4.221432e-01
1.330738332003552e-07	4.648805e-01	4.622883e-01	4.221435e-01
1.332268332003554e-07	4.649641e-01	4.622205e-01	4.221855e-01
1.332288332003554e-07	4.649653e-01	4.622186e-01	4.221860e-01
1.332315474860697e-07	4.649669e-01	4.622177e-01	4.221868e-01
1.332342617717839e-07	4.649685e-01	4.622167e-01	4.221875e-01
1.332369760574982e-07	4.649701e-01	4.622157e-01	4.221882e-01
1.332396903432125e-07	4.649717e-01	4.622146e-01	4.221889e-01
1.332424046289268e-07	4.649733e-01	4.622134e-01	4.221896e-01
1.332451189146411e-07	4.649750e-01	4.622122e-01	4.221903e-01
1.332478332003554e-07	4.649766e-01	4.622109e-01	4.221910e-01
1.332672617717840e-07	4.649883e-01	4.622025e-01	4.221960e-01
1.332866903432126e-07	4.650006e-01	4.621940e-01	4.222010e-01
1.333061189146412e-07	4.650137e-01	4.621857e-01	4.222059e-01
1.333255474860698e-07	4.650274e-01	4.621773e-01	4.222108e-01
1.333449760574983e-07	4.650418e-01	4.621690e-01	4.222156e-01
1.333644046289270e-07	4.650569e-01	4.621608e-01	4.222203e-01
1.333838332003555e-07	4.650726e-01	4.621525e-01	4.222251e-01
1.334105474860699e-07	4.650960e-01	4.621413e-01	4.222314e-01
1.334372617717842e-07	4.651213e-01	4.621302e-01	4.222377e-01
1.334639760574985e-07	4.651486e-01	4.621192e-01	4.222439e-01
1.334906903432128e-07	4.651779e-01	4.621083e-01	4.222500e-01
1.335174046289271e-07	4.652091e-01	4.620976e-01	4.222560e-01
1.335441189146414e-07	4.652423e-01	4.620869e-01	4.222619e-01
1.335708332003557e-07	4.652775e-01	4.620763e-01	4.222678e-01
1.336181189146415e-07	4.653460e-01	4.620580e-01	4.222778e-01
1.336654046289273e-07	4.654193e-01	4.620400e-01	4.222876e-01
1.337126903432131e-07	4.654975e-01	4.620224e-01	4.222972e-01
1.337599760574988e-07	4.655806e-01	4.620050e-01	4.223065e-01
1.338072617717846e-07	4.656685e-01	4.619881e-01	4.223155e-01
1.338545474860704e-07	4.657613e-01	4.619714e-01	4.223243e-01
1.339018332003561e-07	4.658590e-01	4.619551e-01	4.223328e-01
1.339296903432133e-07	4.659174e-01	4.619456e-01	4.223377e-01
1.339575474860705e-07	4.659765e-01	4.619361e-01	4.223426e-01
1.339854046289277e-07	4.660361e-01	4.619266e-01	4.223473e-01
1.340132617717848e-07	4.660963e-01	4.619171e-01	4.223520e-01
1.340411189146420e-07	4.661570e-01	4.619076e-01	4.223566e-01
1.340689760574992e-07	4.662184e-01	4.618982e-01	4.223611e-01
1.340968332003563e-07	4.662803e-01	4.618888e-01	4.223655e-01
1.340978332003563e-07	4.662825e-01	4.618884e-01	4.223657e-01
1.341602617717850e-07	4.664233e-01	4.618675e-01	4.223754e-01
1.342226903432136e-07	4.665610e-01	4.618458e-01	4.223847e-01
1.342851189146423e-07	4.666956e-01	4.618231e-01	4.223937e-01
1.343475474860709e-07	4.668270e-01	4.617995e-01	4.224023e-01
1.344099760574996e-07	4.669553e-01	4.617750e-01	4.224106e-01
1.344724046289282e-07	4.670804e-01	4.617497e-01	4.224186e-01
1.345348332003568e-07	4.672025e-01	4.617234e-01	4.224262e-01
1.345935474860712e-07	4.673103e-01	4.616971e-01	4.224331e-01
1.346522617717855e-07	4.674119e-01	4.616690e-01	4.224398e-01
1.347109760574999e-07	4.675074e-01	4.616392e-01	4.224462e-01
1.347696903432143e-07	4.675967e-01	4.616075e-01	4.224525e-01
1.348284046289286e-07	4.676798e-01	4.615741e-01	4.224584e-01
1.348871189146429e-07	4.677567e-01	4.615389e-01	4.224642e-01
1.349458332003573e-07	4.678274e-01	4.615020e-01	4.224697e-01
1.351218332003575e-07	4.680000e-01	4.613780e-01	4.224850e-01
1.351789760575004e-07	4.680434e-01	4.613335e-01	4.224896e-01
1.352361189146433e-07	4.680818e-01	4.612871e-01	4.224940e-01
1.352932617717863e-07	4.681151e-01	4.612386e-01	4.224983e-01
1.353504046289292e-07	4.681434e-01	4.611882e-01	4.225024e-01
1.354075474860721e-07	4.681666e-01	4.611357e-01	4.225064e-01
1.354646903432150e-07	4.681848e-01	4.610812e-01	4.225102e-01
1.355218332003580e-07	4.681980e-01	4.610248e-01	4.225138e-01
1.355742617717866e-07	4.682064e-01	4.609712e-01	4.225171e-01
1.356266903432152e-07	4.682122e-01	4.609163e-01	4.225202e-01
1.356791189146438e-07	4.682153e-01	4.608600e-01	4.225232e-01
1.357315474860725e-07	4.682158e-01	4.608022e-01	4.225261e-01
1.357839760575011e-07	4.682135e-01	4.607431e-01	4.225289e-01
1.358364046289298e-07	4.682086e-01	4.606825e-01	4.225316e-01
1.358888332003584e-07	4.682011e-01	4.606206e-01	4.225341e-01
1.359254046289299e-07	4.681949e-01	4.605767e-01	4.225359e-01
1.359619760575013e-07	4.681880e-01	4.605323e-01	4.225376e-01
1.359985474860728e-07	4.681805e-01	4.604874e-01	4.225393e-01
1.360351189146442e-07	4.681722e-01	4.604421e-01	4.225409e-01
1.360716903432157e-07	4.681633e-01	4.603962e-01	4.225425e-01
1.361082617717872e-07	4.681538e-01	4.603499e-01	4.225440e-01
1.361448332003587e-07	4.681435e-01	4.603030e-01	4.225455e-01
1.361458332003587e-07	4.681433e-01	4.603017e-01	4.225456e-01
1.362079760575016e-07	4.681245e-01	4.602210e-01	4.225480e-01
1.362701189146445e-07	4.681054e-01	4.601395e-01	4.225503e-01
1.363322617717874e-07	4.680859e-01	4.600572e-01	4.225526e-01
1.363944046289304e-07	4.680660e-01	4.599741e-01	4.225548e-01
1.364565474860733e-07	4.680458e-01	4.598903e-01	4.225568e-01
1.365186903432162e-07	4.680253e-01	4.598057e-01	4.225588e-01
1.365808332003592e-07	4.680044e-01	4.597204e-01	4.225606e-01
1.366416903432164e-07	4.679845e-01	4.596365e-01	4.225624e-01
1.367025474860736e-07	4.679655e-01	4.595527e-01	4.225640e-01
1.367634046289308e-07	4.679474e-01	4.594688e-01	4.225656e-01
1.368242617717880e-07	4.679301e-01	4.593850e-01	4.225672e-01
1.368851189146452e-07	4.679136e-01	4.593011e-01	4.225686e-01
1.369459760575024e-07	4.678980e-01	4.592173e-01	4.225700e-01
1.370068332003596e-07	4.678833e-01	4.591334e-01	4.225714e-01
1.370299760575025e-07	4.678780e-01	4.591017e-01	4.225718e-01
1.370531189146454e-07	4.678730e-01	4.590700e-01	4.225723e-01
1.370762617717883e-07	4.678682e-01	4.590384e-01	4.225728e-01
1.370994046289312e-07	4.678635e-01	4.590069e-01	4.225733e-01
1.371225474860741e-07	4.678590e-01	4.589754e-01	4.225737e-01
1.371456903432169e-07	4.678547e-01	4.589439e-01	4.225742e-01
1.371688332003598e-07	4.678505e-01	4.589126e-01	4.225746e-01
1.371698332003598e-07	4.678504e-01	4.589112e-01	4.225746e-01
1.372191189146456e-07	4.678422e-01	4.588446e-01	4.225755e-01
1.372684046289314e-07	4.678349e-01	4.587784e-01	4.225764e-01
1.373176903432171e-07	4.678284e-01	4.587126e-01	4.225772e-01
1.373669760575029e-07	4.678229e-01	4.586473e-01	4.225781e-01
1.374162617717887e-07	4.678182e-01	4.585824e-01	4.225788e-01
1.374655474860745e-07	4.678145e-01	4.585180e-01	4.225796e-01
1.375148332003602e-07	4.678116e-01	4.584540e-01	4.225803e-01
1.375422617717888e-07	4.678104e-01	4.584187e-01	4.225807e-01
1.375696903432174e-07	4.678094e-01	4.583835e-01	4.225811e-01
1.375971189146460e-07	4.678087e-01	4.583485e-01	4.225815e-01
1.376245474860746e-07	4.678082e-01	4.583137e-01	4.225818e-01
1.376519760575032e-07	4.678081e-01	4.582790e-01	4.225822e-01
1.376794046289318e-07	4.678081e-01	4.582445e-01	4.225825e-01
1.377068332003604e-07	4.678085e-01	4.582102e-01	4.225829e-01
1.377639760575034e-07	4.678101e-01	4.581393e-01	4.225835e-01
1.378211189146463e-07	4.678127e-01	4.580693e-01	4.225842e-01
1.378782617717892e-07	4.678162e-01	4.580002e-01	4.225848e-01
1.379354046289321e-07	4.678207e-01	4.579319e-01	4.225854e-01
1.379925474860751e-07	4.678262e-01	4.578645e-01	4.225860e-01
1.380496903432180e-07	4.678326e-01	4.577980e-01	4.225865e-01
1.381068332003609e-07	4.678400e-01	4.577323e-01	4.225870e-01
1.381938332003610e-07	4.678527e-01	4.576341e-01	4.225878e-01
1.383311189146469e-07	4.678778e-01	4.574839e-01	4.225888e-01
1.384684046289327e-07	4.679048e-01	4.573384e-01	4.225898e-01
1.386056903432186e-07	4.679339e-01	4.571977e-01	4.225906e-01
1.387429760575045e-07	4.679649e-01	4.570618e-01	4.225914e-01
1.388802617717903e-07	4.679979e-01	4.569306e-01	4.225920e-01
1.390175474860762e-07	4.680329e-01	4.568043e-01	4.225926e-01
1.391548332003621e-07	4.680699e-01	4.566827e-01	4.225931e-01
1.391636903432192e-07	4.680722e-01	4.566750e-01	4.225932e-01
1.391725474860764e-07	4.680744e-01	4.566673e-01	4.225932e-01
1.391814046289335e-07	4.680767e-01	4.566596e-01	4.225932e-01
1.391902617717907e-07	4.680790e-01	4.566519e-01	4.225933e-01
1.391991189146478e-07	4.680813e-01	4.566442e-01	4.225933e-01
1.392079760575050e-07	4.680836e-01	4.566365e-01	4.225933e-01
1.392168332003621e-07	4.680859e-01	4.566289e-01	4.225934e-01
1.392178332003621e-07	4.680861e-01	4.566281e-01	4.225934e-01
1.392345474860765e-07	4.680904e-01	4.566137e-01	4.225934e-01
1.392512617717907e-07	4.680947e-01	4.565993e-01	4.225935e-01
1.392679760575051e-07	4.680990e-01	4.565851e-01	4.225937e-01
1.392846903432194e-07	4.681033e-01	4.565709e-01	4.225940e-01
1.393014046289337e-07	4.681076e-01	4.565567e-01	4.225943e-01
1.393181189146480e-07	4.681119e-01	4.565426e-01	4.225946e-01
1.393348332003623e-07	4.681161e-01	4.565285e-01	4.225950e-01
1.393555474860766e-07	4.681214e-01	4.565112e-01	4.225957e-01
1.393762617717909e-07	4.681267e-01	4.564939e-01	4.225965e-01
1.393969760575052e-07	4.681319e-01	4.564767e-01	4.225976e-01
1.394176903432195e-07	4.681371e-01	4.564596e-01	4.225990e-01
1.394384046289338e-07	4.681423e-01	4.564426e-01	4.226006e-01
1.394591189146481e-07	4.681475e-01	4.564256e-01	4.226024e-01
1.394798332003624e-07	4.681527e-01	4.564087e-01	4.226045e-01
1.395024046289339e-07	4.681583e-01	4.563904e-01	4.226071e-01
1.395249760575054e-07	4.681638e-01	4.563721e-01	4.226102e-01
1.395475474860768e-07	4.681694e-01	4.563540e-01	4.226136e-01
1.395701189146483e-07	4.681748e-01	4.563359e-01	4.226174e-01
1.395926903432197e-07	4.681803e-01	4.563179e-01	4.226217e-01
1.396152617717912e-07	4.681857e-01	4.562999e-01	4.226263e-01
1.396378332003626e-07	4.681911e-01	4.562821e-01	4.226314e-01
1.396681189146484e-07	4.681983e-01	4.562583e-01	4.226389e-01
1.396984046289341e-07	4.682054e-01	4.562346e-01	4.226471e-01
1.397286903432199e-07	4.682124e-01	4.562110e-01	4.226558e-01
1.397589760575056e-07	4.682193e-01	4.561875e-01	4.226652e-01
1.397892617717914e-07	4.682262e-01	4.561642e-01	4.226751e-01
1.398195474860771e-07	4.682329e-01	4.561409e-01	4.226857e-01
1.398498332003629e-07	4.682396e-01	4.561178e-01	4.226968e-01
1.399056903432201e-07	4.682517e-01	4.560755e-01	4.227195e-01
1.399615474860773e-07	4.682635e-01	4.560335e-01	4.227417e-01
1.400174046289345e-07	4.682749e-01	4.559918e-01	4.227634e-01
1.400732617717917e-07	4.682860e-01	4.559503e-01	4.227847e-01
1.401291189146489e-07	4.682967e-01	4.559092e-01	4.228054e-01
1.401849760575061e-07	4.683071e-01	4.558683e-01	4.228256e-01
1.402408332003633e-07	4.683172e-01	4.558277e-01	4.228454e-01
1.402418332003633e-07	4.683173e-01	4.558270e-01	4.228457e-01
1.402736903432205e-07	4.683229e-01	4.558040e-01	4.228553e-01
1.403055474860777e-07	4.683283e-01	4.557810e-01	4.228639e-01
1.403374046289349e-07	4.683336e-01	4.557580e-01	4.228713e-01
1.403692617717920e-07	4.683388e-01	4.557351e-01	4.228778e-01
1.404011189146492e-07	4.683438e-01	4.557123e-01	4.228831e-01
1.404329760575064e-07	4.683488e-01	4.556895e-01	4.228874e-01
1.404648332003636e-07	4.683535e-01	4.556668e-01	4.228906e-01
1.404869760575064e-07	4.683568e-01	4.556510e-01	4.228920e-01
1.405091189146493e-07	4.683600e-01	4.556352e-01	4.228927e-01
1.405312617717922e-07	4.683631e-01	4.556195e-01	4.228927e-01
1.405534046289351e-07	4.683662e-01	4.556037e-01	4.228920e-01
1.405755474860780e-07	4.683692e-01	4.555880e-01	4.228906e-01
1.405976903432209e-07	4.683722e-01	4.555723e-01	4.228885e-01
1.406198332003637e-07	4.683751e-01	4.555566e-01	4.228857e-01
1.406565474860781e-07	4.683797e-01	4.555307e-01	4.228794e-01
1.406932617717924e-07	4.683842e-01	4.555047e-01	4.228710e-01
1.407299760575067e-07	4.683885e-01	4.554788e-01	4.228605e-01
1.407666903432211e-07	4.683927e-01	4.554529e-01	4.228478e-01
1.408034046289354e-07	4.683967e-01	4.554270e-01	4.228330e-01
1.408401189146497e-07	4.684005e-01	4.554011e-01	4.228161e-01
1.408768332003640e-07	4.684042e-01	4.553753e-01	4.227970e-01
1.409322617717927e-07	4.684094e-01	4.553362e-01	4.227638e-01
1.409876903432213e-07	4.684142e-01	4.552971e-01	4.227260e-01
1.410431189146499e-07	4.684187e-01	4.552580e-01	4.226837e-01
1.410985474860786e-07	4.684228e-01	4.552188e-01	4.226368e-01
1.411539760575072e-07	4.684266e-01	4.551796e-01	4.225855e-01
1.412094046289358e-07	4.684300e-01	4.551403e-01	4.225296e-01
1.412648332003645e-07	4.684330e-01	4.551010e-01	4.224691e-01
1.412658332003645e-07	4.684331e-01	4.551003e-01	4.224680e-01
1.413521189146503e-07	4.684371e-01	4.550389e-01	4.223644e-01
1.414384046289361e-07	4.684404e-01	4.549772e-01	4.222547e-01
1.415246903432219e-07	4.684430e-01	4.549150e-01	4.221389e-01
1.416109760575077e-07	4.684448e-01	4.548526e-01	4.220169e-01
1.416972617717935e-07	4.684460e-01	4.547897e-01	4.218889e-01
1.417835474860794e-07	4.684464e-01	4.547265e-01	4.217547e-01
1.418698332003652e-07	4.684462e-01	4.546629e-01	4.216144e-01
1.419296903432224e-07	4.684456e-01	4.546184e-01	4.215164e-01
1.419895474860796e-07	4.684449e-01	4.545737e-01	4.214181e-01
1.420494046289368e-07	4.684439e-01	4.545288e-01	4.213194e-01
1.421092617717940e-07	4.684426e-01	4.544835e-01	4.212202e-01
1.421691189146512e-07	4.684410e-01	4.544381e-01	4.211207e-01
1.422289760575084e-07	4.684393e-01	4.543923e-01	4.210208e-01
1.422888332003656e-07	4.684372e-01	4.543463e-01	4.209205e-01
1.422898332003656e-07	4.684372e-01	4.543455e-01	4.209188e-01
1.423234046289371e-07	4.684360e-01	4.543196e-01	4.208631e-01
1.423569760575086e-07	4.684347e-01	4.542936e-01	4.208075e-01
1.423905474860800e-07	4.684333e-01	4.542675e-01	4.207521e-01
1.424241189146515e-07	4.684319e-01	4.542412e-01	4.206969e-01
1.424576903432230e-07	4.684305e-01	4.542149e-01	4.206419e-01
1.424912617717944e-07	4.684289e-01	4.541885e-01	4.205870e-01
1.425248332003659e-07	4.684273e-01	4.541621e-01	4.205322e-01
1.425846903432231e-07	4.684243e-01	4.541146e-01	4.204359e-01
1.426445474860803e-07	4.684212e-01	4.540669e-01	4.203369e-01
1.427044046289375e-07	4.684180e-01	4.540188e-01	4.202352e-01
1.427642617717947e-07	4.684146e-01	4.539704e-01	4.201309e-01
1.428241189146519e-07	4.684110e-01	4.539217e-01	4.200240e-01
1.428839760575092e-07	4.684074e-01	4.538727e-01	4.199143e-01
1.429438332003664e-07	4.684035e-01	4.538234e-01	4.198021e-01
1.429965474860807e-07	4.684001e-01	4.537797e-01	4.196981e-01
1.430492617717951e-07	4.683966e-01	4.537358e-01	4.195911e-01
1.431019760575094e-07	4.683930e-01	4.536916e-01	4.194809e-01
1.431546903432238e-07	4.683894e-01	4.536472e-01	4.193676e-01
1.432074046289381e-07	4.683857e-01	4.536025e-01	4.192512e-01
1.432601189146524e-07	4.683819e-01	4.535576e-01	4.191316e-01
1.433128332003668e-07	4.683781e-01	4.535125e-01	4.190090e-01
1.433138332003668e-07	4.683780e-01	4.535116e-01	4.190066e-01
1.434261189146526e-07	4.683697e-01	4.534146e-01	4.187288e-01
1.435384046289385e-07	4.683613e-01	4.533165e-01	4.184547e-01
1.436506903432243e-07	4.683528e-01	4.532173e-01	4.181844e-01
1.437629760575102e-07	4.683443e-01	4.531171e-01	4.179179e-01
1.438752617717960e-07	4.683357e-01	4.530158e-01	4.176551e-01
1.439875474860819e-07	4.683271e-01	4.529134e-01	4.173961e-01
1.440998332003677e-07	4.683184e-01	4.528099e-01	4.171409e-01
1.441336903432249e-07	4.683158e-01	4.527785e-01	4.170698e-01
1.441675474860821e-07	4.683132e-01	4.527471e-01	4.170005e-01
1.442014046289392e-07	4.683107e-01	4.527155e-01	4.169329e-01
1.442352617717964e-07	4.683081e-01	4.526839e-01	4.168670e-01
1.442691189146536e-07	4.683056e-01	4.526521e-01	4.168028e-01
1.443029760575108e-07	4.683030e-01	4.526203e-01	4.167402e-01
1.443368332003680e-07	4.683005e-01	4.525884e-01	4.166794e-01
1.443378332003680e-07	4.683004e-01	4.525874e-01	4.166777e-01
1.444075474860823e-07	4.682952e-01	4.525214e-01	4.165586e-01
1.444772617717967e-07	4.682900e-01	4.524550e-01	4.164481e-01
1.445469760575110e-07	4.682850e-01	4.523883e-01	4.163460e-01
1.446166903432254e-07	4.682799e-01	4.523212e-01	4.162524e-01
1.446864046289398e-07	4.682749e-01	4.522538e-01	4.161674e-01
1.447561189146541e-07	4.682700e-01	4.521860e-01	4.160908e-01
1.448258332003685e-07	4.682652e-01	4.521179e-01	4.160228e-01
1.448894046289400e-07	4.682608e-01	4.520555e-01	4.159686e-01
1.449529760575115e-07	4.682565e-01	4.519928e-01	4.159206e-01
1.450165474860830e-07	4.682523e-01	4.519299e-01	4.158789e-01
1.450801189146545e-07	4.682481e-01	4.518667e-01	4.158434e-01
1.451436903432260e-07	4.682440e-01	4.518032e-01	4.158142e-01
1.452072617717975e-07	4.682399e-01	4.517395e-01	4.157911e-01
1.452708332003690e-07	4.682359e-01	4.516755e-01	4.157743e-01
1.452836903432262e-07	4.682351e-01	4.516626e-01	4.157715e-01
1.452965474860833e-07	4.682344e-01	4.516496e-01	4.157688e-01
1.453094046289405e-07	4.682336e-01	4.516366e-01	4.157664e-01
1.453222617717976e-07	4.682328e-01	4.516236e-01	4.157641e-01
1.453351189146548e-07	4.682320e-01	4.516106e-01	4.157621e-01
1.453479760575120e-07	4.682312e-01	4.515976e-01	4.157603e-01
1.453608332003691e-07	4.682304e-01	4.515846e-01	4.157586e-01
1.453618332003691e-07	4.682304e-01	4.515836e-01	4.157585e-01
1.454414046289406e-07	4.682256e-01	4.515027e-01	4.157545e-01
1.455209760575121e-07	4.682209e-01	4.514215e-01	4.157558e-01
1.456005474860837e-07	4.682164e-01	4.513400e-01	4.157624e-01
1.456801189146552e-07	4.682120e-01	4.512582e-01	4.157744e-01
1.457596903432267e-07	4.682077e-01	4.511760e-01	4.157918e-01
1.458392617717982e-07	4.682035e-01	4.510934e-01	4.158145e-01
1.459188332003697e-07	4.681994e-01	4.510105e-01	4.158425e-01
1.459854046289413e-07	4.681961e-01	4.509410e-01	4.158679e-01
1.460519760575128e-07	4.681928e-01	4.508712e-01	4.158944e-01
1.461185474860843e-07	4.681896e-01	4.508012e-01	4.159219e-01
1.461851189146558e-07	4.681865e-01	4.507311e-01	4.159506e-01
1.462516903432273e-07	4.681835e-01	4.506607e-01	4.159803e-01
1.463182617717988e-07	4.681806e-01	4.505901e-01	4.160112e-01
1.463848332003703e-07	4.681777e-01	4.505194e-01	4.160431e-01
1.463858332003703e-07	4.681776e-01	4.505183e-01	4.160435e-01
1.464656903432275e-07	4.681743e-01	4.504332e-01	4.160819e-01
1.465455474860848e-07	4.681711e-01	4.503478e-01	4.161192e-01
1.466254046289420e-07	4.681679e-01	4.502622e-01	4.161554e-01
1.467052617717992e-07	4.681649e-01	4.501764e-01	4.161905e-01
1.467851189146564e-07	4.681620e-01	4.500903e-01	4.162246e-01
1.468649760575137e-07	4.681592e-01	4.500040e-01	4.162575e-01
1.469448332003709e-07	4.681564e-01	4.499175e-01	4.162894e-01
1.470111189146567e-07	4.681542e-01	4.498455e-01	4.163139e-01
1.470774046289425e-07	4.681521e-01	4.497734e-01	4.163367e-01
1.471436903432283e-07	4.681500e-01	4.497012e-01	4.163579e-01
1.472099760575141e-07	4.681480e-01	4.496288e-01	4.163774e-01
1.472762617717998e-07	4.681461e-01	4.495563e-01	4.163952e-01
1.473425474860857e-07	4.681442e-01	4.494837e-01	4.164114e-01
1.474088332003714e-07	4.681424e-01	4.494109e-01	4.164259e-01
1.474098332003714e-07	4.681424e-01	4.494098e-01	4.164261e-01
1.474702617718001e-07	4.681407e-01	4.493433e-01	4.164375e-01
1.475306903432287e-07	4.681392e-01	4.492768e-01	4.164474e-01
1.475911189146574e-07	4.681377e-01	4.492102e-01	4.164557e-01
1.476515474860860e-07	4.681362e-01	4.491435e-01	4.164625e-01
1.477119760575146e-07	4.681347e-01	4.490767e-01	4.164677e-01
1.477724046289433e-07	4.681334e-01	4.490098e-01	4.164714e-01
1.478328332003719e-07	4.681320e-01	4.489428e-01	4.164735e-01
1.478895474860863e-07	4.681308e-01	4.488799e-01	4.164741e-01
1.479462617718006e-07	4.681296e-01	4.488169e-01	4.164733e-01
1.480029760575150e-07	4.681284e-01	4.487538e-01	4.164714e-01
1.480596903432293e-07	4.681273e-01	4.486907e-01	4.164681e-01
1.481164046289437e-07	4.681262e-01	4.486275e-01	4.164636e-01
1.481731189146580e-07	4.681252e-01	4.485642e-01	4.164579e-01
1.482298332003724e-07	4.681242e-01	4.485009e-01	4.164508e-01
1.483068332003725e-07	4.681228e-01	4.484148e-01	4.164395e-01
1.483126903432296e-07	4.681227e-01	4.484083e-01	4.164386e-01
1.483185474860868e-07	4.681226e-01	4.484017e-01	4.164376e-01
1.483244046289439e-07	4.681225e-01	4.483952e-01	4.164367e-01
1.483302617718010e-07	4.681224e-01	4.483886e-01	4.164357e-01
1.483361189146582e-07	4.681222e-01	4.483821e-01	4.164347e-01
1.483419760575153e-07	4.681221e-01	4.483755e-01	4.164337e-01
1.483478332003725e-07	4.681219e-01	4.483689e-01	4.164327e-01
1.483555474860868e-07	4.681216e-01	4.483603e-01	4.164313e-01
1.483632617718011e-07	4.681213e-01	4.483517e-01	4.164299e-01
1.483709760575154e-07	4.681209e-01	4.483430e-01	4.164286e-01
1.483786903432297e-07	4.681205e-01	4.483344e-01	4.164271e-01
1.483864046289440e-07	4.681199e-01	4.483257e-01	4.164257e-01
1.483941189146583e-07	4.681194e-01	4.483171e-01	4.164243e-01
1.484018332003726e-07	4.681187e-01	4.483084e-01	4.164228e-01
1.484062617718011e-07	4.681183e-01	4.483035e-01	4.164219e-01
1.484106903432297e-07	4.681179e-01	4.482985e-01	4.164211e-01
1.484151189146583e-07	4.681174e-01	4.482935e-01	4.164202e-01
1.484195474860869e-07	4.681170e-01	4.482886e-01	4.164193e-01
1.484239760575154e-07	4.681164e-01	4.482836e-01	4.164184e-01
1.484284046289440e-07	4.681159e-01	4.482786e-01	4.164176e-01
1.484328332003726e-07	4.681153e-01	4.482737e-01	4.164167e-01
1.484338332003726e-07	4.681152e-01	4.482726e-01	4.164165e-01
1.484474046289441e-07	4.681132e-01	4.482573e-01	4.164137e-01
1.484609760575155e-07	4.681109e-01	4.482421e-01	4.164108e-01
1.484745474860869e-07	4.681083e-01	4.482268e-01	4.164080e-01
1.484881189146584e-07	4.681054e-01	4.482115e-01	4.164050e-01
1.485016903432298e-07	4.681021e-01	4.481963e-01	4.164020e-01
1.485152617718013e-07	4.680986e-01	4.481810e-01	4.163989e-01
1.485288332003727e-07	4.680947e-01	4.481657e-01	4.163958e-01
1.485504046289442e-07	4.680877e-01	4.481413e-01	4.163907e-01
1.485719760575156e-07	4.680800e-01	4.481169e-01	4.163855e-01
1.485935474860871e-07	4.680714e-01	4.480925e-01	4.163802e-01
1.486151189146585e-07	4.680620e-01	4.480680e-01	4.163747e-01
1.486366903432300e-07	4.680519e-01	4.480435e-01	4.163691e-01
1.486582617718014e-07	4.680409e-01	4.480189e-01	4.163634e-01
1.486798332003729e-07	4.680292e-01	4.479943e-01	4.163575e-01
1.487401189146587e-07	4.679900e-01	4.479251e-01	4.163403e-01
1.488004046289445e-07	4.679497e-01	4.478557e-01	4.163224e-01
1.488606903432302e-07	4.679083e-01	4.477862e-01	4.163036e-01
1.489209760575160e-07	4.678658e-01	4.477164e-01	4.162840e-01
1.489812617718018e-07	4.678222e-01	4.476464e-01	4.162637e-01
1.490415474860876e-07	4.677776e-01	4.475762e-01	4.162425e-01
1.491018332003734e-07	4.677319e-01	4.475058e-01	4.162206e-01
1.491361189146591e-07	4.677085e-01	4.474658e-01	4.162079e-01
1.491704046289449e-07	4.676866e-01	4.474260e-01	4.161950e-01
1.492046903432306e-07	4.676662e-01	4.473863e-01	4.161820e-01
1.492389760575164e-07	4.676472e-01	4.473466e-01	4.161688e-01
1.492732617718021e-07	4.676297e-01	4.473071e-01	4.161554e-01
1.493075474860879e-07	4.676137e-01	4.472676e-01	4.161418e-01
1.493418332003736e-07	4.675991e-01	4.472283e-01	4.161280e-01
1.493582617718022e-07	4.675928e-01	4.472095e-01	4.161214e-01
1.493746903432308e-07	4.675870e-01	4.471907e-01	4.161148e-01
1.493911189146594e-07	4.675817e-01	4.471720e-01	4.161081e-01
1.494075474860880e-07	4.675768e-01	4.471533e-01	4.161014e-01
1.494239760575166e-07	4.675723e-01	4.471347e-01	4.160946e-01
1.494404046289452e-07	4.675683e-01	4.471161e-01	4.160879e-01
1.494568332003738e-07	4.675647e-01	4.470976e-01	4.160810e-01
1.494578332003738e-07	4.675645e-01	4.470964e-01	4.160806e-01
1.494744046289452e-07	4.675614e-01	4.470778e-01	4.160737e-01
1.494909760575167e-07	4.675588e-01	4.470592e-01	4.160668e-01
1.495075474860881e-07	4.675566e-01	4.470406e-01	4.160599e-01
1.495241189146595e-07	4.675549e-01	4.470221e-01	4.160529e-01
1.495406903432310e-07	4.675537e-01	4.470036e-01	4.160460e-01
1.495572617718024e-07	4.675529e-01	4.469852e-01	4.160389e-01
1.495738332003739e-07	4.675527e-01	4.469668e-01	4.160319e-01
1.495905474860882e-07	4.675529e-01	4.469483e-01	4.160248e-01
1.496072617718025e-07	4.675535e-01	4.469299e-01	4.160177e-01
1.496239760575168e-07	4.675547e-01	4.469115e-01	4.160105e-01
1.496406903432311e-07	4.675563e-01	4.468932e-01	4.160033e-01
1.496574046289454e-07	4.675584e-01	4.468749e-01	4.159962e-01
1.496741189146597e-07	4.675610e-01	4.468567e-01	4.159890e-01
1.496908332003740e-07	4.675640e-01	4.468385e-01	4.159817e-01
1.497312617718026e-07	4.675735e-01	4.467948e-01	4.159642e-01
1.497716903432313e-07	4.675853e-01	4.467513e-01	4.159466e-01
1.498121189146599e-07	4.675995e-01	4.467082e-01	4.159289e-01
1.498525474860885e-07	4.676160e-01	4.466653e-01	4.159112e-01
1.498929760575171e-07	4.676349e-01	4.466227e-01	4.158935e-01
1.499334046289457e-07	4.676561e-01	4.465804e-01	4.158757e-01
1.499738332003743e-07	4.676797e-01	4.465384e-01	4.158578e-01
1.500462617718030e-07	4.677283e-01	4.464639e-01	4.158257e-01
1.501186903432317e-07	4.677801e-01	4.463897e-01	4.157938e-01
1.501911189146603e-07	4.678350e-01	4.463158e-01	4.157619e-01
1.502635474860890e-07	4.678931e-01	4.462422e-01	4.157302e-01
1.503359760575176e-07	4.679544e-01	4.461687e-01	4.156986e-01
1.504084046289463e-07	4.680189e-01	4.460956e-01	4.156672e-01
1.504808332003749e-07	4.680866e-01	4.460227e-01	4.156359e-01
1.504818332003749e-07	4.680875e-01	4.460217e-01	4.156354e-01
1.505512617718036e-07	4.681519e-01	4.459515e-01	4.156057e-01
1.506206903432322e-07	4.682145e-01	4.458805e-01	4.155763e-01
1.506901189146609e-07	4.682753e-01	4.458088e-01	4.155473e-01
1.507595474860895e-07	4.683343e-01	4.457364e-01	4.155186e-01
1.508289760575182e-07	4.683915e-01	4.456633e-01	4.154903e-01
1.508984046289468e-07	4.684470e-01	4.455894e-01	4.154623e-01
1.509678332003755e-07	4.685006e-01	4.455149e-01	4.154347e-01
1.510281189146612e-07	4.685437e-01	4.454490e-01	4.154111e-01
1.510884046289470e-07	4.685838e-01	4.453823e-01	4.153878e-01
1.511486903432328e-07	4.686207e-01	4.453145e-01	4.153649e-01
1.512089760575186e-07	4.686546e-01	4.452458e-01	4.153424e-01
1.512692617718044e-07	4.686854e-01	4.451762e-01	4.153202e-01
1.513295474860902e-07	4.687132e-01	4.451056e-01	4.152984e-01
1.513898332003760e-07	4.687378e-01	4.450340e-01	4.152769e-01
1.515058332003761e-07	4.687752e-01	4.448932e-01	4.152367e-01
1.515138332003761e-07	4.687773e-01	4.448833e-01	4.152339e-01
1.515158332003761e-07	4.687778e-01	4.448809e-01	4.152333e-01
1.515178332003761e-07	4.687783e-01	4.448783e-01	4.152326e-01
1.515195474860904e-07	4.687787e-01	4.448762e-01	4.152320e-01
1.515212617718047e-07	4.687792e-01	4.448741e-01	4.152314e-01
1.515229760575190e-07	4.687796e-01	4.448720e-01	4.152308e-01
1.515246903432333e-07	4.687800e-01	4.448699e-01	4.152303e-01
1.515264046289475e-07	4.687805e-01	4.448678e-01	4.152297e-01
1.515281189146618e-07	4.687809e-01	4.448657e-01	4.152291e-01
1.515298332003761e-07	4.687813e-01	4.448635e-01	4.152285e-01
1.515578332003761e-07	4.687878e-01	4.448289e-01	4.152191e-01
1.515858332003762e-07	4.687936e-01	4.447934e-01	4.152097e-01
1.516138332003762e-07	4.687986e-01	4.447569e-01	4.152005e-01
1.516418332003762e-07	4.688029e-01	4.447197e-01	4.151913e-01
1.516698332003763e-07	4.688064e-01	4.446815e-01	4.151822e-01
1.516978332003763e-07	4.688093e-01	4.446425e-01	4.151732e-01
1.517258332003763e-07	4.688114e-01	4.446025e-01	4.151643e-01
1.517502617718049e-07	4.688126e-01	4.445666e-01	4.151566e-01
1.517746903432335e-07	4.688133e-01	4.445297e-01	4.151490e-01
1.517991189146621e-07	4.688136e-01	4.444920e-01	4.151414e-01
1.518235474860907e-07	4.688133e-01	4.444535e-01	4.151339e-01
1.518479760575193e-07	4.688124e-01	4.444141e-01	4.151265e-01
1.518724046289479e-07	4.688111e-01	4.443739e-01	4.151191e-01
1.518968332003765e-07	4.688092e-01	4.443329e-01	4.151118e-01
1.519824046289481e-07	4.687980e-01	4.441785e-01	4.150867e-01
1.520679760575196e-07	4.687821e-01	4.440220e-01	4.150624e-01
1.521535474860911e-07	4.687617e-01	4.438632e-01	4.150389e-01
1.522391189146626e-07	4.687367e-01	4.437022e-01	4.150162e-01
1.523246903432342e-07	4.687071e-01	4.435389e-01	4.149943e-01
1.524102617718057e-07	4.686730e-01	4.433735e-01	4.149732e-01
1.524958332003772e-07	4.686342e-01	4.432058e-01	4.149528e-01
1.525298332003772e-07	4.686183e-01	4.431421e-01	4.149449e-01
1.526011189146630e-07	4.685832e-01	4.430101e-01	4.149288e-01
1.526724046289488e-07	4.685461e-01	4.428823e-01	4.149132e-01
1.527436903432346e-07	4.685071e-01	4.427589e-01	4.148981e-01
1.528149760575204e-07	4.684663e-01	4.426397e-01	4.148835e-01
1.528862617718062e-07	4.684235e-01	4.425248e-01	4.148694e-01
1.529575474860920e-07	4.683788e-01	4.424141e-01	4.148557e-01
1.530288332003778e-07	4.683322e-01	4.423077e-01	4.148426e-01
1.531036903432350e-07	4.682816e-01	4.422020e-01	4.148293e-01
1.531785474860923e-07	4.682287e-01	4.421005e-01	4.148165e-01
1.532534046289495e-07	4.681735e-01	4.420033e-01	4.148041e-01
1.533282617718067e-07	4.681161e-01	4.419104e-01	4.147922e-01
1.534031189146639e-07	4.680564e-01	4.418218e-01	4.147808e-01
1.534779760575212e-07	4.679943e-01	4.417375e-01	4.147699e-01
1.535528332003784e-07	4.679300e-01	4.416575e-01	4.147594e-01
1.535538332003784e-07	4.679292e-01	4.416564e-01	4.147593e-01
1.536568332003785e-07	4.678365e-01	4.415523e-01	4.147456e-01
1.537598332003786e-07	4.677380e-01	4.414517e-01	4.147327e-01
1.538628332003788e-07	4.676336e-01	4.413546e-01	4.147204e-01
1.539658332003789e-07	4.675234e-01	4.412611e-01	4.147089e-01
1.540688332003790e-07	4.674073e-01	4.411711e-01	4.146980e-01
1.541718332003791e-07	4.672853e-01	4.410846e-01	4.146878e-01
1.542748332003792e-07	4.671574e-01	4.410016e-01	4.146784e-01
1.543179760575221e-07	4.671017e-01	4.409667e-01	4.146746e-01
1.543611189146650e-07	4.670449e-01	4.409321e-01	4.146709e-01
1.544042617718079e-07	4.669870e-01	4.408977e-01	4.146673e-01
1.544474046289509e-07	4.669280e-01	4.408635e-01	4.146638e-01
1.544905474860938e-07	4.668679e-01	4.408295e-01	4.146604e-01
1.545336903432367e-07	4.668066e-01	4.407957e-01	4.146571e-01
1.545768332003796e-07	4.667442e-01	4.407622e-01	4.146539e-01
1.545778332003796e-07	4.667427e-01	4.407614e-01	4.146538e-01
1.547041189146654e-07	4.665525e-01	4.406636e-01	4.146450e-01
1.548304046289513e-07	4.663541e-01	4.405676e-01	4.146368e-01
1.549566903432371e-07	4.661476e-01	4.404732e-01	4.146293e-01
1.550829760575230e-07	4.659330e-01	4.403805e-01	4.146223e-01
1.552092617718088e-07	4.657103e-01	4.402894e-01	4.146160e-01
1.553355474860947e-07	4.654794e-01	4.402001e-01	4.146103e-01
1.554618332003806e-07	4.652404e-01	4.401124e-01	4.146053e-01
1.556018332003807e-07	4.649700e-01	4.400191e-01	4.146001e-01
1.557378332003809e-07	4.646988e-01	4.399312e-01	4.145957e-01
1.558738332003810e-07	4.644250e-01	4.398482e-01	4.145916e-01
1.560098332003812e-07	4.641484e-01	4.397702e-01	4.145880e-01
1.561458332003813e-07	4.638691e-01	4.396972e-01	4.145847e-01
1.562818332003815e-07	4.635871e-01	4.396291e-01	4.145818e-01
1.564178332003817e-07	4.633023e-01	4.395659e-01	4.145793e-01
1.565538332003818e-07	4.630148e-01	4.395078e-01	4.145772e-01
1.566258332003819e-07	4.628639e-01	4.394797e-01	4.145761e-01
1.567314046289534e-07	4.626423e-01	4.394416e-01	4.145748e-01
1.568369760575250e-07	4.624222e-01	4.394069e-01	4.145735e-01
1.569425474860965e-07	4.622036e-01	4.393757e-01	4.145724e-01
1.570481189146681e-07	4.619865e-01	4.393479e-01	4.145713e-01
1.571536903432396e-07	4.617710e-01	4.393236e-01	4.145704e-01
1.572592617718112e-07	4.615569e-01	4.393027e-01	4.145696e-01
1.573648332003827e-07	4.613444e-01	4.392853e-01	4.145689e-01
1.573776903432399e-07	4.613188e-01	4.392834e-01	4.145689e-01
1.573905474860970e-07	4.612932e-01	4.392815e-01	4.145688e-01
1.574034046289542e-07	4.612676e-01	4.392797e-01	4.145687e-01
1.574162617718113e-07	4.612420e-01	4.392779e-01	4.145687e-01
1.574291189146685e-07	4.612165e-01	4.392762e-01	4.145686e-01
1.574419760575257e-07	4.611911e-01	4.392745e-01	4.145685e-01
1.574548332003828e-07	4.611656e-01	4.392729e-01	4.145684e-01
1.574638332003828e-07	4.611478e-01	4.392718e-01	4.145684e-01
1.574728332003828e-07	4.611301e-01	4.392707e-01	4.145683e-01
1.574818332003829e-07	4.611123e-01	4.392696e-01	4.145683e-01
1.574908332003829e-07	4.610946e-01	4.392685e-01	4.145683e-01
1.574998332003829e-07	4.610769e-01	4.392675e-01	4.145682e-01
1.575088332003829e-07	4.610592e-01	4.392665e-01	4.145682e-01
1.575178332003829e-07	4.610416e-01	4.392655e-01	4.145682e-01
1.575324046289544e-07	4.610130e-01	4.392640e-01	4.145682e-01
1.575469760575258e-07	4.609845e-01	4.392625e-01	4.145683e-01
1.575615474860972e-07	4.609560e-01	4.392611e-01	4.145685e-01
1.575761189146687e-07	4.609276e-01	4.392597e-01	4.145687e-01
1.575906903432401e-07	4.608992e-01	4.392584e-01	4.145691e-01
1.576052617718116e-07	4.608709e-01	4.392571e-01	4.145695e-01
1.576198332003830e-07	4.608427e-01	4.392559e-01	4.145700e-01
1.576239760575259e-07	4.608346e-01	4.392556e-01	4.145702e-01
1.576281189146687e-07	4.608266e-01	4.392552e-01	4.145704e-01
1.576322617718116e-07	4.608186e-01	4.392549e-01	4.145706e-01
1.576364046289545e-07	4.608106e-01	4.392546e-01	4.145709e-01
1.576405474860973e-07	4.608026e-01	4.392543e-01	4.145711e-01
1.576446903432402e-07	4.607946e-01	4.392540e-01	4.145714e-01
1.576488332003830e-07	4.607866e-01	4.392537e-01	4.145716e-01
1.576498332003830e-07	4.607846e-01	4.392536e-01	4.145717e-01
1.576676903432402e-07	4.607502e-01	4.392523e-01	4.145730e-01
1.576855474860974e-07	4.607159e-01	4.392512e-01	4.145746e-01
1.577034046289546e-07	4.606816e-01	4.392501e-01	4.145766e-01
1.577212617718117e-07	4.606474e-01	4.392490e-01	4.145790e-01
1.577391189146689e-07	4.606133e-01	4.392481e-01	4.145817e-01
1.577569760575260e-07	4.605793e-01	4.392472e-01	4.145848e-01
1.577748332003832e-07	4.605454e-01	4.392464e-01	4.145883e-01
1.577965474860975e-07	4.605042e-01	4.392456e-01	4.145931e-01
1.578182617718118e-07	4.604632e-01	4.392449e-01	4.145986e-01
1.578399760575261e-07	4.604223e-01	4.392442e-01	4.146048e-01
1.578616903432404e-07	4.603815e-01	4.392437e-01	4.146116e-01
1.578834046289548e-07	4.603408e-01	4.392433e-01	4.146191e-01
1.579051189146690e-07	4.603003e-01	4.392430e-01	4.146273e-01
1.579268332003834e-07	4.602599e-01	4.392429e-01	4.146361e-01
1.579581189146691e-07	4.602019e-01	4.392428e-01	4.146503e-01
1.579894046289549e-07	4.601442e-01	4.392429e-01	4.146656e-01
1.580206903432406e-07	4.600868e-01	4.392433e-01	4.146819e-01
1.580519760575264e-07	4.600296e-01	4.392438e-01	4.146993e-01
1.580832617718121e-07	4.599727e-01	4.392445e-01	4.147178e-01
1.581145474860979e-07	4.599161e-01	4.392455e-01	4.147374e-01
1.581458332003836e-07	4.598597e-01	4.392467e-01	4.147580e-01
1.581998332003837e-07	4.597631e-01	4.392491e-01	4.147966e-01
1.582538332003837e-07	4.596674e-01	4.392521e-01	4.148344e-01
1.583078332003838e-07	4.595724e-01	4.392555e-01	4.148713e-01
1.583618332003839e-07	4.594783e-01	4.392595e-01	4.149075e-01
1.584158332003839e-07	4.593851e-01	4.392639e-01	4.149429e-01
1.584698332003840e-07	4.592927e-01	4.392689e-01	4.149776e-01
1.585238332003840e-07	4.592011e-01	4.392743e-01	4.150114e-01
1.585451189146698e-07	4.591652e-01	4.392765e-01	4.150232e-01
1.585664046289555e-07	4.591295e-01	4.392788e-01	4.150344e-01
1.585876903432413e-07	4.590939e-01	4.392812e-01	4.150449e-01
1.586089760575270e-07	4.590584e-01	4.392836e-01	4.150549e-01
1.586302617718127e-07	4.590230e-01	4.392860e-01	4.150642e-01
1.586515474860985e-07	4.589878e-01	4.392886e-01	4.150729e-01
1.586728332003842e-07	4.589527e-01	4.392912e-01	4.150810e-01
1.586738332003842e-07	4.589511e-01	4.392913e-01	4.150814e-01
1.586984046289557e-07	4.589107e-01	4.392944e-01	4.150897e-01
1.587229760575271e-07	4.588705e-01	4.392975e-01	4.150971e-01
1.587475474860986e-07	4.588305e-01	4.393007e-01	4.151034e-01
1.587721189146700e-07	4.587907e-01	4.393040e-01	4.151087e-01
1.587966903432415e-07	4.587510e-01	4.393073e-01	4.151129e-01
1.588212617718129e-07	4.587115e-01	4.393107e-01	4.151161e-01
1.588458332003844e-07	4.586722e-01	4.393142e-01	4.151183e-01
1.589768332003846e-07	4.584653e-01	4.393337e-01	4.151111e-01
1.590111189146703e-07	4.584119e-01	4.393391e-01	4.151040e-01
1.590454046289561e-07	4.583589e-01	4.393445e-01	4.150949e-01
1.590796903432418e-07	4.583061e-01	4.393500e-01	4.150839e-01
1.591139760575276e-07	4.582537e-01	4.393557e-01	4.150710e-01
1.591482617718133e-07	4.582015e-01	4.393614e-01	4.150561e-01
1.591825474860991e-07	4.581497e-01	4.393671e-01	4.150393e-01
1.592168332003848e-07	4.580982e-01	4.393730e-01	4.150206e-01
1.592854046289563e-07	4.579961e-01	4.393850e-01	4.149763e-01
1.593539760575278e-07	4.578952e-01	4.393971e-01	4.149282e-01
1.594225474860994e-07	4.577953e-01	4.394094e-01	4.148766e-01
1.594911189146708e-07	4.576966e-01	4.394219e-01	4.148212e-01
1.595596903432424e-07	4.575990e-01	4.394345e-01	4.147622e-01
1.596282617718139e-07	4.575025e-01	4.394473e-01	4.146996e-01
1.596968332003854e-07	4.574072e-01	4.394602e-01	4.146333e-01
1.596978332003854e-07	4.574058e-01	4.394604e-01	4.146323e-01
1.597646903432426e-07	4.573138e-01	4.394730e-01	4.145678e-01
1.598315474860998e-07	4.572228e-01	4.394857e-01	4.145058e-01
1.598984046289570e-07	4.571326e-01	4.394983e-01	4.144466e-01
1.599652617718142e-07	4.570433e-01	4.395109e-01	4.143899e-01
1.600321189146715e-07	4.569549e-01	4.395234e-01	4.143360e-01
1.600989760575287e-07	4.568674e-01	4.395360e-01	4.142846e-01
1.601658332003859e-07	4.567808e-01	4.395485e-01	4.142359e-01
1.602125474861002e-07	4.567207e-01	4.395572e-01	4.142058e-01
1.602592617718146e-07	4.566610e-01	4.395658e-01	4.141787e-01
1.603059760575289e-07	4.566017e-01	4.395743e-01	4.141547e-01
1.603526903432433e-07	4.565427e-01	4.395828e-01	4.141338e-01
1.603994046289576e-07	4.564841e-01	4.395913e-01	4.141159e-01
1.604461189146719e-07	4.564258e-01	4.395997e-01	4.141011e-01
1.604928332003863e-07	4.563679e-01	4.396080e-01	4.140894e-01
1.605162617718149e-07	4.563390e-01	4.396121e-01	4.140849e-01
1.605396903432435e-07	4.563101e-01	4.396163e-01	4.140814e-01
1.605631189146721e-07	4.562814e-01	4.396204e-01	4.140788e-01
1.605865474861007e-07	4.562527e-01	4.396244e-01	4.140771e-01
1.606099760575293e-07	4.562241e-01	4.396285e-01	4.140763e-01
1.606334046289579e-07	4.561956e-01	4.396325e-01	4.140764e-01
1.606568332003865e-07	4.561671e-01	4.396365e-01	4.140775e-01
1.606578332003865e-07	4.561659e-01	4.396367e-01	4.140776e-01
1.606588332003865e-07	4.561647e-01	4.396369e-01	4.140776e-01
1.606598332003865e-07	4.561635e-01	4.396371e-01	4.140776e-01
1.606608332003865e-07	4.561623e-01	4.396372e-01	4.140777e-01
1.606628332003865e-07	4.561599e-01	4.396376e-01	4.140779e-01
1.606638332003865e-07	4.561586e-01	4.396378e-01	4.140780e-01
1.607208332003865e-07	4.560898e-01	4.396474e-01	4.140851e-01
1.607218332003865e-07	4.560886e-01	4.396476e-01	4.140853e-01
1.607678332003866e-07	4.560333e-01	4.396553e-01	4.140958e-01
1.608138332003866e-07	4.559784e-01	4.396629e-01	4.141089e-01
1.608598332003867e-07	4.559236e-01	4.396704e-01	4.141247e-01
1.609058332003867e-07	4.558692e-01	4.396778e-01	4.141431e-01
1.609518332003868e-07	4.558150e-01	4.396851e-01	4.141642e-01
1.609978332003868e-07	4.557610e-01	4.396923e-01	4.141879e-01
1.610438332003869e-07	4.557073e-01	4.396995e-01	4.142143e-01
1.610825474861012e-07	4.556623e-01	4.397054e-01	4.142376e-01
1.611212617718155e-07	4.556174e-01	4.397112e-01	4.142621e-01
1.611599760575299e-07	4.555726e-01	4.397170e-01	4.142880e-01
1.611986903432442e-07	4.555280e-01	4.397227e-01	4.143152e-01
1.612374046289586e-07	4.554836e-01	4.397283e-01	4.143437e-01
1.612761189146729e-07	4.554393e-01	4.397338e-01	4.143735e-01
1.613148332003872e-07	4.553951e-01	4.397392e-01	4.144047e-01
1.613762617718158e-07	4.553253e-01	4.397477e-01	4.144562e-01
1.614376903432445e-07	4.552558e-01	4.397560e-01	4.145132e-01
1.614991189146731e-07	4.551866e-01	4.397641e-01	4.145756e-01
1.615605474861018e-07	4.551176e-01	4.397720e-01	4.146434e-01
1.616219760575304e-07	4.550489e-01	4.397797e-01	4.147167e-01
1.616834046289591e-07	4.549805e-01	4.397872e-01	4.147954e-01
1.617448332003877e-07	4.549124e-01	4.397945e-01	4.148795e-01
1.617458332003877e-07	4.549113e-01	4.397946e-01	4.148810e-01
1.618128332003878e-07	4.548373e-01	4.398024e-01	4.149817e-01
1.618798332003878e-07	4.547635e-01	4.398098e-01	4.150921e-01
1.619468332003879e-07	4.546899e-01	4.398171e-01	4.152121e-01
1.620138332003880e-07	4.546165e-01	4.398241e-01	4.153416e-01
1.620808332003881e-07	4.545433e-01	4.398309e-01	4.154808e-01
1.621478332003881e-07	4.544703e-01	4.398375e-01	4.156295e-01
1.622148332003882e-07	4.543976e-01	4.398438e-01	4.157878e-01
1.622939760575312e-07	4.543119e-01	4.398510e-01	4.159896e-01
1.623731189146741e-07	4.542263e-01	4.398579e-01	4.162029e-01
1.624522617718171e-07	4.541409e-01	4.398645e-01	4.164278e-01
1.625314046289600e-07	4.540557e-01	4.398709e-01	4.166642e-01
1.626105474861030e-07	4.539706e-01	4.398769e-01	4.169121e-01
1.626896903432459e-07	4.538856e-01	4.398826e-01	4.171716e-01
1.627688332003889e-07	4.538009e-01	4.398881e-01	4.174427e-01
1.627698332003889e-07	4.537998e-01	4.398881e-01	4.174462e-01
1.629125474861033e-07	4.536472e-01	4.398972e-01	4.179662e-01
1.630552617718177e-07	4.534947e-01	4.399056e-01	4.184929e-01
1.631979760575322e-07	4.533422e-01	4.399132e-01	4.190262e-01
1.633406903432466e-07	4.531897e-01	4.399202e-01	4.195663e-01
1.634834046289611e-07	4.530373e-01	4.399264e-01	4.201131e-01
1.636261189146755e-07	4.528849e-01	4.399319e-01	4.206665e-01
1.637688332003900e-07	4.527326e-01	4.399367e-01	4.212266e-01
1.637938332003900e-07	4.527058e-01	4.399375e-01	4.213216e-01
1.639269760575330e-07	4.525634e-01	4.399414e-01	4.218244e-01
1.640601189146760e-07	4.524208e-01	4.399449e-01	4.223128e-01
1.641932617718190e-07	4.522779e-01	4.399480e-01	4.227870e-01
1.643264046289621e-07	4.521348e-01	4.399508e-01	4.232469e-01
1.644595474861051e-07	4.519915e-01	4.399532e-01	4.236925e-01
1.645926903432481e-07	4.518480e-01	4.399553e-01	4.241238e-01
1.647258332003911e-07	4.517042e-01	4.399569e-01	4.245408e-01
1.648178332003912e-07	4.516046e-01	4.399579e-01	4.248185e-01
1.649399760575342e-07	4.514722e-01	4.399591e-01	4.251742e-01
1.650621189146772e-07	4.513396e-01	4.399601e-01	4.255188e-01
1.651842617718202e-07	4.512067e-01	4.399610e-01	4.258522e-01
1.653064046289632e-07	4.510735e-01	4.399616e-01	4.261744e-01
1.654285474861062e-07	4.509401e-01	4.399622e-01	4.264854e-01
1.655506903432492e-07	4.508065e-01	4.399625e-01	4.267853e-01
1.656728332003921e-07	4.506725e-01	4.399627e-01	4.270740e-01
1.656968332003922e-07	4.506462e-01	4.399627e-01	4.271300e-01
1.657208332003922e-07	4.506198e-01	4.399628e-01	4.271856e-01
1.657448332003922e-07	4.505935e-01	4.399628e-01	4.272410e-01
1.657688332003923e-07	4.505671e-01	4.399628e-01	4.272960e-01
1.657928332003923e-07	4.505407e-01	4.399628e-01	4.273507e-01
1.658168332003923e-07	4.505143e-01	4.399628e-01	4.274051e-01
1.658408332003923e-07	4.504879e-01	4.399629e-01	4.274592e-01
1.658418332003923e-07	4.504868e-01	4.399629e-01	4.274614e-01
1.659492617718210e-07	4.503685e-01	4.399629e-01	4.276988e-01
1.660566903432497e-07	4.502500e-01	4.399628e-01	4.279317e-01
1.661641189146784e-07	4.501313e-01	4.399627e-01	4.281602e-01
1.662715474861071e-07	4.500124e-01	4.399625e-01	4.283844e-01
1.663789760575358e-07	4.498934e-01	4.399623e-01	4.286041e-01
1.664864046289645e-07	4.497741e-01	4.399621e-01	4.288193e-01
1.665938332003932e-07	4.496547e-01	4.399618e-01	4.290302e-01
1.665968332003932e-07	4.496514e-01	4.399618e-01	4.290361e-01
1.665998332003932e-07	4.496480e-01	4.399618e-01	4.290420e-01
1.666028332003932e-07	4.496447e-01	4.399618e-01	4.290478e-01
1.666058332003932e-07	4.496413e-01	4.399618e-01	4.290537e-01
1.666088332003932e-07	4.496380e-01	4.399618e-01	4.290595e-01
1.666118332003932e-07	4.496347e-01	4.399618e-01	4.290654e-01
1.666148332003932e-07	4.496313e-01	4.399619e-01	4.290713e-01
1.666178332003932e-07	4.496280e-01	4.399619e-01	4.290771e-01
1.666208332003932e-07	4.496247e-01	4.399619e-01	4.290830e-01
1.666255474861075e-07	4.496194e-01	4.399619e-01	4.290922e-01
1.666302617718218e-07	4.496142e-01	4.399619e-01	4.291014e-01
1.666349760575361e-07	4.496089e-01	4.399619e-01	4.291105e-01
1.666396903432504e-07	4.496037e-01	4.399620e-01	4.291197e-01
1.666444046289647e-07	4.495984e-01	4.399621e-01	4.291289e-01
1.666491189146790e-07	4.495932e-01	4.399621e-01	4.291380e-01
1.666538332003933e-07	4.495879e-01	4.399622e-01	4.291472e-01
1.666611189146790e-07	4.495798e-01	4.399624e-01	4.291614e-01
1.666684046289647e-07	4.495717e-01	4.399625e-01	4.291755e-01
1.666756903432504e-07	4.495636e-01	4.399627e-01	4.291896e-01
1.666829760575361e-07	4.495555e-01	4.399630e-01	4.292037e-01
1.666902617718219e-07	4.495474e-01	4.399633e-01	4.292178e-01
1.666975474861076e-07	4.495392e-01	4.399636e-01	4.292319e-01
1.667048332003933e-07	4.495311e-01	4.399639e-01	4.292459e-01
1.667161189146790e-07	4.495185e-01	4.399646e-01	4.292677e-01
1.667274046289648e-07	4.495060e-01	4.399653e-01	4.292895e-01
1.667386903432505e-07	4.494934e-01	4.399662e-01	4.293112e-01
1.667499760575362e-07	4.494808e-01	4.399672e-01	4.293328e-01
1.667612617718219e-07	4.494682e-01	4.399683e-01	4.293545e-01
1.667725474861077e-07	4.494556e-01	4.399696e-01	4.293761e-01
1.667838332003934e-07	4.494430e-01	4.399709e-01	4.293977e-01
1.667954046289649e-07	4.494301e-01	4.399724e-01	4.294198e-01
1.668069760575363e-07	4.494172e-01	4.399740e-01	4.294419e-01
1.668185474861077e-07	4.494043e-01	4.399758e-01	4.294640e-01
1.668301189146792e-07	4.493914e-01	4.399777e-01	4.294860e-01
1.668416903432506e-07	4.493784e-01	4.399797e-01	4.295080e-01
1.668532617718220e-07	4.493655e-01	4.399818e-01	4.295299e-01
1.668648332003935e-07	4.493526e-01	4.399841e-01	4.295519e-01
1.668658332003935e-07	4.493514e-01	4.399843e-01	4.295538e-01
1.668962617718221e-07	4.493174e-01	4.399910e-01	4.296113e-01
1.669266903432507e-07	4.492833e-01	4.399983e-01	4.296687e-01
1.669571189146793e-07	4.492491e-01	4.400061e-01	4.297259e-01
1.669875474861079e-07	4.492149e-01	4.400145e-01	4.297830e-01
1.670179760575365e-07	4.491807e-01	4.400234e-01	4.298399e-01
1.670484046289651e-07	4.491463e-01	4.400328e-01	4.298966e-01
1.670788332003937e-07	4.491119e-01	4.400428e-01	4.299532e-01
1.671151189146795e-07	4.490708e-01	4.400551e-01	4.300205e-01
1.671514046289653e-07	4.490296e-01	4.400671e-01	4.300876e-01
1.671876903432510e-07	4.489882e-01	4.400788e-01	4.301545e-01
1.672239760575368e-07	4.489466e-01	4.400903e-01	4.302212e-01
1.672602617718225e-07	4.489049e-01	4.401016e-01	4.302877e-01
1.672965474861083e-07	4.488630e-01	4.401126e-01	4.303541e-01
1.673328332003940e-07	4.488210e-01	4.401233e-01	4.304202e-01
1.673609760575369e-07	4.487883e-01	4.401310e-01	4.304715e-01
1.673891189146798e-07	4.487555e-01	4.401381e-01	4.305226e-01
1.674172617718227e-07	4.487227e-01	4.401447e-01	4.305737e-01
1.674454046289656e-07	4.486897e-01	4.401507e-01	4.306246e-01
1.674735474861085e-07	4.486566e-01	4.401562e-01	4.306755e-01
1.675016903432514e-07	4.486234e-01	4.401611e-01	4.307263e-01
1.675298332003943e-07	4.485902e-01	4.401654e-01	4.307770e-01
1.675495474861086e-07	4.485668e-01	4.401680e-01	4.308125e-01
1.675692617718229e-07	4.485435e-01	4.401703e-01	4.308480e-01
1.675889760575372e-07	4.485201e-01	4.401722e-01	4.308834e-01
1.676086903432515e-07	4.484966e-01	4.401738e-01	4.309187e-01
1.676284046289658e-07	4.484732e-01	4.401751e-01	4.309541e-01
1.676481189146801e-07	4.484496e-01	4.401760e-01	4.309894e-01
1.676678332003944e-07	4.484261e-01	4.401767e-01	4.310246e-01
1.676791189146801e-07	4.484126e-01	4.401769e-01	4.310448e-01
1.676904046289659e-07	4.483991e-01	4.401770e-01	4.310650e-01
1.677016903432516e-07	4.483856e-01	4.401769e-01	4.310851e-01
1.677129760575373e-07	4.483721e-01	4.401768e-01	4.311053e-01
1.677242617718230e-07	4.483586e-01	4.401765e-01	4.311254e-01
1.677355474861088e-07	4.483451e-01	4.401762e-01	4.311455e-01
1.677468332003945e-07	4.483316e-01	4.401757e-01	4.311656e-01
1.677671189146802e-07	4.483073e-01	4.401746e-01	4.312017e-01
1.677874046289660e-07	4.482830e-01	4.401731e-01	4.312378e-01
1.678076903432517e-07	4.482587e-01	4.401714e-01	4.312739e-01
1.678279760575374e-07	4.482344e-01	4.401692e-01	4.313099e-01
1.678482617718232e-07	4.482101e-01	4.401668e-01	4.313459e-01
1.678685474861089e-07	4.481858e-01	4.401640e-01	4.313819e-01
1.678888332003947e-07	4.481615e-01	4.401609e-01	4.314178e-01
1.678898332003947e-07	4.481603e-01	4.401607e-01	4.314196e-01
1.679489760575376e-07	4.480893e-01	4.401493e-01	4.315242e-01
1.680081189146805e-07	4.480188e-01	4.401360e-01	4.316285e-01
1.680672617718234e-07	4.479488e-01	4.401209e-01	4.317327e-01
1.681264046289664e-07	4.478793e-01	4.401040e-01	4.318366e-01
1.681855474861093e-07	4.478103e-01	4.400853e-01	4.319404e-01
1.682446903432522e-07	4.477418e-01	4.400647e-01	4.320439e-01
1.683038332003951e-07	4.476739e-01	4.400424e-01	4.321471e-01
1.683692617718238e-07	4.475997e-01	4.400165e-01	4.322612e-01
1.684346903432524e-07	4.475270e-01	4.399907e-01	4.323750e-01
1.685001189146811e-07	4.474556e-01	4.399649e-01	4.324886e-01
1.685655474861097e-07	4.473856e-01	4.399391e-01	4.326019e-01
1.686309760575384e-07	4.473169e-01	4.399134e-01	4.327150e-01
1.686964046289670e-07	4.472497e-01	4.398876e-01	4.328278e-01
1.687618332003956e-07	4.471838e-01	4.398619e-01	4.329405e-01
1.687834046289671e-07	4.471624e-01	4.398538e-01	4.329775e-01
1.688049760575386e-07	4.471413e-01	4.398458e-01	4.330146e-01
1.688265474861100e-07	4.471203e-01	4.398380e-01	4.330516e-01
1.688481189146815e-07	4.470995e-01	4.398302e-01	4.330886e-01
1.688696903432529e-07	4.470788e-01	4.398226e-01	4.331256e-01
1.688912617718244e-07	4.470583e-01	4.398152e-01	4.331625e-01
1.689128332003958e-07	4.470380e-01	4.398078e-01	4.331995e-01
1.689138332003958e-07	4.470371e-01	4.398075e-01	4.332012e-01
1.689691189146816e-07	4.469859e-01	4.397892e-01	4.332957e-01
1.690244046289674e-07	4.469357e-01	4.397721e-01	4.333900e-01
1.690796903432532e-07	4.468866e-01	4.397561e-01	4.334842e-01
1.691349760575389e-07	4.468384e-01	4.397412e-01	4.335782e-01
1.691902617718247e-07	4.467913e-01	4.397274e-01	4.336720e-01
1.692455474861105e-07	4.467452e-01	4.397148e-01	4.337656e-01
1.693008332003963e-07	4.467001e-01	4.397033e-01	4.338590e-01
1.693501189146820e-07	4.466606e-01	4.396942e-01	4.339422e-01
1.693994046289678e-07	4.466217e-01	4.396860e-01	4.340251e-01
1.694486903432536e-07	4.465833e-01	4.396787e-01	4.341079e-01
1.694979760575393e-07	4.465454e-01	4.396723e-01	4.341906e-01
1.695472617718251e-07	4.465080e-01	4.396669e-01	4.342731e-01
1.695965474861109e-07	4.464712e-01	4.396623e-01	4.343555e-01
1.696458332003967e-07	4.464349e-01	4.396587e-01	4.344377e-01
1.696679760575395e-07	4.464186e-01	4.396574e-01	4.344745e-01
1.696901189146824e-07	4.464024e-01	4.396562e-01	4.345114e-01
1.697122617718253e-07	4.463863e-01	4.396551e-01	4.345482e-01
1.697344046289682e-07	4.463702e-01	4.396543e-01	4.345849e-01
1.697565474861111e-07	4.463541e-01	4.396535e-01	4.346217e-01
1.697786903432539e-07	4.463381e-01	4.396530e-01	4.346584e-01
1.698008332003968e-07	4.463221e-01	4.396526e-01	4.346950e-01
1.698018332003968e-07	4.463214e-01	4.396526e-01	4.346967e-01
1.698028332003968e-07	4.463207e-01	4.396529e-01	4.346983e-01
1.698038332003968e-07	4.463200e-01	4.396527e-01	4.347000e-01
1.698048332003968e-07	4.463193e-01	4.396521e-01	4.347017e-01
1.698058332003968e-07	4.463185e-01	4.396521e-01	4.347033e-01
1.698068332003968e-07	4.463178e-01	4.396527e-01	4.347050e-01
1.698078332003968e-07	4.463171e-01	4.396526e-01	4.347066e-01
1.698088332003968e-07	4.463164e-01	4.396524e-01	4.347083e-01
1.698098332003968e-07	4.463157e-01	4.396525e-01	4.347099e-01
1.698118332003968e-07	4.463142e-01	4.396524e-01	4.347132e-01
1.698266903432540e-07	4.463035e-01	4.396523e-01	4.347378e-01
1.698415474861112e-07	4.462929e-01	4.396522e-01	4.347624e-01
1.698564046289683e-07	4.462826e-01	4.396522e-01	4.347869e-01
1.698712617718255e-07	4.462725e-01	4.396522e-01	4.348114e-01
1.698861189146826e-07	4.462625e-01	4.396524e-01	4.348359e-01
1.699009760575398e-07	4.462528e-01	4.396525e-01	4.348604e-01
1.699158332003970e-07	4.462433e-01	4.396528e-01	4.348849e-01
1.699378332003970e-07	4.462300e-01	4.396532e-01	4.349211e-01
1.699569760575399e-07	4.462189e-01	4.396537e-01	4.349526e-01
1.699761189146827e-07	4.462086e-01	4.396544e-01	4.349840e-01
1.699952617718256e-07	4.461988e-01	4.396551e-01	4.350155e-01
1.700144046289685e-07	4.461897e-01	4.396559e-01	4.350469e-01
1.700335474861114e-07	4.461813e-01	4.396569e-01	4.350782e-01
1.700526903432543e-07	4.461735e-01	4.396579e-01	4.351096e-01
1.700718332003971e-07	4.461664e-01	4.396591e-01	4.351409e-01
1.700912617718257e-07	4.461599e-01	4.396604e-01	4.351727e-01
1.701106903432543e-07	4.461539e-01	4.396617e-01	4.352044e-01
1.701301189146829e-07	4.461486e-01	4.396632e-01	4.352361e-01
1.701495474861115e-07	4.461438e-01	4.396648e-01	4.352678e-01
1.701689760575401e-07	4.461396e-01	4.396665e-01	4.352994e-01
1.701884046289687e-07	4.461360e-01	4.396683e-01	4.353310e-01
1.702078332003973e-07	4.461329e-01	4.396701e-01	4.353626e-01
1.702294046289688e-07	4.461301e-01	4.396724e-01	4.353976e-01
1.702509760575402e-07	4.461277e-01	4.396747e-01	4.354327e-01
1.702725474861117e-07	4.461256e-01	4.396771e-01	4.354676e-01
1.702941189146831e-07	4.461239e-01	4.396796e-01	4.355026e-01
1.703156903432546e-07	4.461226e-01	4.396822e-01	4.355375e-01
1.703372617718260e-07	4.461216e-01	4.396849e-01	4.355723e-01
1.703588332003975e-07	4.461209e-01	4.396876e-01	4.356071e-01
1.703779760575403e-07	4.461205e-01	4.396902e-01	4.356380e-01
1.703971189146832e-07	4.461199e-01	4.396928e-01	4.356688e-01
1.704162617718261e-07	4.461194e-01	4.396954e-01	4.356997e-01
1.704354046289690e-07	4.461188e-01	4.396981e-01	4.357304e-01
1.704545474861119e-07	4.461182e-01	4.397008e-01	4.357612e-01
1.704736903432547e-07	4.461175e-01	4.397036e-01	4.357919e-01
1.704928332003976e-07	4.461168e-01	4.397064e-01	4.358226e-01
1.705118332003976e-07	4.461159e-01	4.397092e-01	4.358531e-01
1.705308332003977e-07	4.461147e-01	4.397120e-01	4.358835e-01
1.705498332003977e-07	4.461131e-01	4.397149e-01	4.359139e-01
1.705688332003977e-07	4.461113e-01	4.397177e-01	4.359442e-01
1.705878332003977e-07	4.461091e-01	4.397206e-01	4.359745e-01
1.706068332003977e-07	4.461067e-01	4.397234e-01	4.360048e-01
1.706258332003978e-07	4.461039e-01	4.397263e-01	4.360351e-01
1.706518332003978e-07	4.460995e-01	4.397302e-01	4.360764e-01
1.706778332003978e-07	4.460940e-01	4.397341e-01	4.361178e-01
1.707038332003979e-07	4.460876e-01	4.397379e-01	4.361590e-01
1.707298332003979e-07	4.460800e-01	4.397417e-01	4.362002e-01
1.707558332003979e-07	4.460715e-01	4.397454e-01	4.362414e-01
1.707818332003979e-07	4.460619e-01	4.397491e-01	4.362825e-01
1.708078332003980e-07	4.460514e-01	4.397527e-01	4.363235e-01
1.708296903432551e-07	4.460415e-01	4.397556e-01	4.363580e-01
1.708515474861123e-07	4.460306e-01	4.397584e-01	4.363924e-01
1.708734046289695e-07	4.460189e-01	4.397612e-01	4.364268e-01
1.708952617718266e-07	4.460062e-01	4.397639e-01	4.364611e-01
1.709171189146838e-07	4.459926e-01	4.397664e-01	4.364954e-01
1.709389760575410e-07	4.459781e-01	4.397689e-01	4.365297e-01
1.709608332003981e-07	4.459626e-01	4.397714e-01	4.365639e-01
1.709618332003981e-07	4.459619e-01	4.397714e-01	4.365655e-01
1.709965474861125e-07	4.459352e-01	4.397751e-01	4.366197e-01
1.710312617718268e-07	4.459061e-01	4.397784e-01	4.366739e-01
1.710659760575411e-07	4.458745e-01	4.397814e-01	4.367280e-01
1.711006903432554e-07	4.458404e-01	4.397840e-01	4.367820e-01
1.711354046289698e-07	4.458038e-01	4.397864e-01	4.368359e-01
1.711701189146841e-07	4.457648e-01	4.397885e-01	4.368896e-01
1.712048332003984e-07	4.457233e-01	4.397902e-01	4.369433e-01
1.712271189146842e-07	4.456953e-01	4.397912e-01	4.369777e-01
1.712494046289699e-07	4.456665e-01	4.397920e-01	4.370121e-01
1.712716903432556e-07	4.456367e-01	4.397926e-01	4.370464e-01
1.712939760575414e-07	4.456060e-01	4.397931e-01	4.370807e-01
1.713162617718271e-07	4.455743e-01	4.397935e-01	4.371150e-01
1.713385474861129e-07	4.455418e-01	4.397938e-01	4.371492e-01
1.713608332003986e-07	4.455082e-01	4.397939e-01	4.371834e-01
1.713814046289701e-07	4.454765e-01	4.397939e-01	4.372148e-01
1.714019760575415e-07	4.454441e-01	4.397937e-01	4.372463e-01
1.714225474861130e-07	4.454110e-01	4.397935e-01	4.372777e-01
1.714431189146844e-07	4.453773e-01	4.397932e-01	4.373091e-01
1.714636903432559e-07	4.453428e-01	4.397927e-01	4.373405e-01
1.714842617718273e-07	4.453077e-01	4.397922e-01	4.373718e-01
1.715048332003988e-07	4.452719e-01	4.397915e-01	4.374031e-01
1.715486903432560e-07	4.451931e-01	4.397897e-01	4.374698e-01
1.715925474861132e-07	4.451122e-01	4.397874e-01	4.375362e-01
1.716364046289703e-07	4.450292e-01	4.397849e-01	4.376025e-01
1.716802617718275e-07	4.449440e-01	4.397819e-01	4.376687e-01
1.717241189146847e-07	4.448567e-01	4.397786e-01	4.377346e-01
1.717679760575419e-07	4.447674e-01	4.397750e-01	4.378005e-01
1.718118332003991e-07	4.446759e-01	4.397709e-01	4.378662e-01
1.718365474861134e-07	4.446239e-01	4.397686e-01	4.379031e-01
1.718612617718277e-07	4.445715e-01	4.397662e-01	4.379400e-01
1.718859760575420e-07	4.445189e-01	4.397637e-01	4.379769e-01
1.719106903432564e-07	4.444659e-01	4.397612e-01	4.380137e-01
1.719354046289707e-07	4.444126e-01	4.397586e-01	4.380504e-01
1.719601189146850e-07	4.443590e-01	4.397560e-01	4.380871e-01
1.719848332003993e-07	4.443051e-01	4.397533e-01	4.381238e-01
1.719858332003993e-07	4.443029e-01	4.397532e-01	4.381253e-01
1.720518332003994e-07	4.441568e-01	4.397456e-01	4.382230e-01
1.721178332003995e-07	4.440113e-01	4.397383e-01	4.383203e-01
1.721838332003995e-07	4.438662e-01	4.397311e-01	4.384173e-01
1.722498332003996e-07	4.437216e-01	4.397242e-01	4.385140e-01
1.723158332003997e-07	4.435775e-01	4.397175e-01	4.386104e-01
1.723818332003998e-07	4.434339e-01	4.397111e-01	4.387064e-01
1.724478332003998e-07	4.432908e-01	4.397048e-01	4.388022e-01
1.724916903432570e-07	4.431974e-01	4.397011e-01	4.388656e-01
1.725355474861142e-07	4.431052e-01	4.396978e-01	4.389289e-01
1.725794046289714e-07	4.430143e-01	4.396948e-01	4.389921e-01
1.726232617718286e-07	4.429245e-01	4.396921e-01	4.390551e-01
1.726671189146858e-07	4.428360e-01	4.396898e-01	4.391180e-01
1.727109760575430e-07	4.427487e-01	4.396879e-01	4.391808e-01
1.727548332004002e-07	4.426626e-01	4.396863e-01	4.392434e-01
1.727774046289716e-07	4.426190e-01	4.396856e-01	4.392756e-01
1.727999760575431e-07	4.425757e-01	4.396851e-01	4.393078e-01
1.728225474861145e-07	4.425329e-01	4.396847e-01	4.393399e-01
1.728451189146860e-07	4.424904e-01	4.396844e-01	4.393720e-01
1.728676903432575e-07	4.424484e-01	4.396842e-01	4.394040e-01
1.728902617718289e-07	4.424068e-01	4.396841e-01	4.394360e-01
1.729128332004004e-07	4.423656e-01	4.396842e-01	4.394680e-01
1.729265474861147e-07	4.423408e-01	4.396842e-01	4.394874e-01
1.729402617718289e-07	4.423161e-01	4.396844e-01	4.395069e-01
1.729539760575433e-07	4.422916e-01	4.396845e-01	4.395263e-01
1.729676903432576e-07	4.422672e-01	4.396847e-01	4.395456e-01
1.729814046289719e-07	4.422431e-01	4.396850e-01	4.395650e-01
1.729951189146862e-07	4.422190e-01	4.396853e-01	4.395844e-01
1.730088332004005e-07	4.421951e-01	4.396856e-01	4.396037e-01
1.730098332004005e-07	4.421934e-01	4.396857e-01	4.396051e-01
1.730559760575434e-07	4.421143e-01	4.396872e-01	4.396701e-01
1.731021189146863e-07	4.420371e-01	4.396892e-01	4.397350e-01
1.731482617718292e-07	4.419618e-01	4.396917e-01	4.397997e-01
1.731944046289721e-07	4.418883e-01	4.396948e-01	4.398643e-01
1.732405474861150e-07	4.418167e-01	4.396983e-01	4.399288e-01
1.732866903432579e-07	4.417469e-01	4.397023e-01	4.399931e-01
1.733328332004008e-07	4.416790e-01	4.397068e-01	4.400574e-01
1.734125474861152e-07	4.415665e-01	4.397160e-01	4.401680e-01
1.734922617718296e-07	4.414589e-01	4.397262e-01	4.402783e-01
1.735719760575440e-07	4.413564e-01	4.397377e-01	4.403882e-01
1.736516903432583e-07	4.412589e-01	4.397502e-01	4.404978e-01
1.737314046289727e-07	4.411664e-01	4.397639e-01	4.406071e-01
1.738111189146871e-07	4.410790e-01	4.397787e-01	4.407160e-01
1.738908332004015e-07	4.409965e-01	4.397947e-01	4.408246e-01
1.739111189146872e-07	4.409762e-01	4.397988e-01	4.408522e-01
1.739314046289730e-07	4.409561e-01	4.398030e-01	4.408797e-01
1.739516903432587e-07	4.409362e-01	4.398072e-01	4.409073e-01
1.739719760575444e-07	4.409167e-01	4.398115e-01	4.409348e-01
1.739922617718301e-07	4.408974e-01	4.398158e-01	4.409623e-01
1.740125474861159e-07	4.408784e-01	4.398201e-01	4.409898e-01
1.740328332004016e-07	4.408596e-01	4.398245e-01	4.410173e-01
1.740338332004016e-07	4.408587e-01	4.398248e-01	4.410186e-01
1.741589760575446e-07	4.407505e-01	4.398537e-01	4.411875e-01
1.742841189146876e-07	4.406495e-01	4.398823e-01	4.413558e-01
1.744092617718306e-07	4.405556e-01	4.399107e-01	4.415235e-01
1.745344046289736e-07	4.404689e-01	4.399388e-01	4.416905e-01
1.746595474861166e-07	4.403893e-01	4.399667e-01	4.418569e-01
1.747846903432596e-07	4.403169e-01	4.399944e-01	4.420226e-01
1.749098332004026e-07	4.402516e-01	4.400218e-01	4.421877e-01
1.750578332004028e-07	4.401787e-01	4.400508e-01	4.423823e-01
1.751435474861172e-07	4.401396e-01	4.400665e-01	4.424946e-01
1.752292617718315e-07	4.401021e-01	4.400810e-01	4.426068e-01
1.753149760575459e-07	4.400662e-01	4.400944e-01	4.427187e-01
1.754006903432603e-07	4.400320e-01	4.401066e-01	4.428304e-01
1.754864046289747e-07	4.399994e-01	4.401176e-01	4.429419e-01
1.755721189146891e-07	4.399685e-01	4.401274e-01	4.430532e-01
1.756578332004035e-07	4.399391e-01	4.401361e-01	4.431643e-01
1.757029760575464e-07	4.399241e-01	4.401400e-01	4.432223e-01
1.757481189146893e-07	4.399095e-01	4.401436e-01	4.432807e-01
1.757932617718322e-07	4.398951e-01	4.401469e-01	4.433392e-01
1.758384046289751e-07	4.398811e-01	4.401497e-01	4.433980e-01
1.758835474861180e-07	4.398675e-01	4.401522e-01	4.434570e-01
1.759286903432609e-07	4.398542e-01	4.401542e-01	4.435163e-01
1.759738332004038e-07	4.398412e-01	4.401560e-01	4.435757e-01
1.760818332004039e-07	4.398114e-01	4.401585e-01	4.437231e-01
1.761195474861183e-07	4.398015e-01	4.401589e-01	4.437762e-01
1.761572617718326e-07	4.397917e-01	4.401591e-01	4.438300e-01
1.761949760575469e-07	4.397821e-01	4.401589e-01	4.438844e-01
1.762326903432613e-07	4.397728e-01	4.401586e-01	4.439396e-01
1.762704046289756e-07	4.397636e-01	4.401579e-01	4.439955e-01
1.763081189146899e-07	4.397547e-01	4.401570e-01	4.440520e-01
1.763458332004042e-07	4.397459e-01	4.401559e-01	4.441092e-01
1.764191189146900e-07	4.397295e-01	4.401529e-01	4.442235e-01
1.764924046289759e-07	4.397137e-01	4.401491e-01	4.443355e-01
1.765656903432616e-07	4.396987e-01	4.401444e-01	4.444452e-01
1.766389760575474e-07	4.396844e-01	4.401389e-01	4.445527e-01
1.767122617718332e-07	4.396708e-01	4.401325e-01	4.446579e-01
1.767855474861190e-07	4.396579e-01	4.401252e-01	4.447609e-01
1.768588332004048e-07	4.396457e-01	4.401171e-01	4.448617e-01
1.768939760575477e-07	4.396401e-01	4.401130e-01	4.449071e-01
1.769291189146906e-07	4.396346e-01	4.401087e-01	4.449513e-01
1.769642617718335e-07	4.396293e-01	4.401043e-01	4.449942e-01
1.769994046289764e-07	4.396242e-01	4.400997e-01	4.450358e-01
1.770345474861193e-07	4.396192e-01	4.400949e-01	4.450761e-01
1.770696903432622e-07	4.396143e-01	4.400900e-01	4.451151e-01
1.771048332004051e-07	4.396096e-01	4.400849e-01	4.451528e-01
1.771058332004051e-07	4.396095e-01	4.400847e-01	4.451538e-01
1.771671189146909e-07	4.396016e-01	4.400755e-01	4.452156e-01
1.772284046289767e-07	4.395943e-01	4.400658e-01	4.452740e-01
1.772896903432625e-07	4.395873e-01	4.400558e-01	4.453289e-01
1.773509760575482e-07	4.395808e-01	4.400454e-01	4.453803e-01
1.774122617718340e-07	4.395748e-01	4.400347e-01	4.454282e-01
1.774735474861198e-07	4.395691e-01	4.400235e-01	4.454726e-01
1.775348332004056e-07	4.395639e-01	4.400120e-01	4.455135e-01
1.776185474861200e-07	4.395576e-01	4.399958e-01	4.455641e-01
1.777022617718343e-07	4.395519e-01	4.399792e-01	4.456132e-01
1.777859760575487e-07	4.395470e-01	4.399622e-01	4.456611e-01
1.778696903432631e-07	4.395428e-01	4.399448e-01	4.457075e-01
1.779534046289775e-07	4.395393e-01	4.399270e-01	4.457525e-01
1.780371189146919e-07	4.395365e-01	4.399089e-01	4.457962e-01
1.781208332004063e-07	4.395345e-01	4.398903e-01	4.458384e-01
1.781298332004063e-07	4.395343e-01	4.398883e-01	4.458433e-01
1.781971189146921e-07	4.395332e-01	4.398733e-01	4.458796e-01
1.782644046289779e-07	4.395324e-01	4.398583e-01	4.459179e-01
1.783316903432636e-07	4.395321e-01	4.398432e-01	4.459581e-01
1.783989760575494e-07	4.395321e-01	4.398280e-01	4.460003e-01
1.784662617718352e-07	4.395325e-01	4.398128e-01	4.460444e-01
1.785335474861210e-07	4.395333e-01	4.397975e-01	4.460905e-01
1.786008332004068e-07	4.395345e-01	4.397821e-01	4.461385e-01
1.786504046289783e-07	4.395356e-01	4.397709e-01	4.461758e-01
1.786999760575498e-07	4.395368e-01	4.397597e-01	4.462145e-01
1.787495474861213e-07	4.395382e-01	4.397485e-01	4.462547e-01
1.787991189146927e-07	4.395398e-01	4.397373e-01	4.462963e-01
1.788486903432642e-07	4.395415e-01	4.397262e-01	4.463393e-01
1.788982617718357e-07	4.395434e-01	4.397151e-01	4.463838e-01
1.789478332004072e-07	4.395455e-01	4.397040e-01	4.464297e-01
1.789771189146929e-07	4.395468e-01	4.396975e-01	4.464578e-01
1.790064046289787e-07	4.395482e-01	4.396911e-01	4.464860e-01
1.790356903432644e-07	4.395495e-01	4.396846e-01	4.465145e-01
1.790649760575502e-07	4.395510e-01	4.396782e-01	4.465431e-01
1.790942617718359e-07	4.395525e-01	4.396718e-01	4.465718e-01
1.791235474861217e-07	4.395540e-01	4.396654e-01	4.466008e-01
1.791528332004074e-07	4.395556e-01	4.396590e-01	4.466299e-01
1.791538332004074e-07	4.395556e-01	4.396588e-01	4.466309e-01
1.791856903432646e-07	4.395574e-01	4.396519e-01	4.466622e-01
1.792175474861218e-07	4.395592e-01	4.396451e-01	4.466926e-01
1.792494046289790e-07	4.395611e-01	4.396383e-01	4.467223e-01
1.792812617718361e-07	4.395630e-01	4.396315e-01	4.467512e-01
1.793131189146933e-07	4.395650e-01	4.396248e-01	4.467793e-01
1.793449760575505e-07	4.395670e-01	4.396181e-01	4.468065e-01
1.793768332004077e-07	4.395690e-01	4.396114e-01	4.468330e-01
1.794099760575506e-07	4.395712e-01	4.396045e-01	4.468591e-01
1.794431189146935e-07	4.395734e-01	4.395977e-01	4.468842e-01
1.794762617718364e-07	4.395757e-01	4.395909e-01	4.469084e-01
1.795094046289793e-07	4.395780e-01	4.395842e-01	4.469318e-01
1.795425474861222e-07	4.395804e-01	4.395775e-01	4.469541e-01
1.795756903432651e-07	4.395828e-01	4.395708e-01	4.469756e-01
1.796088332004079e-07	4.395852e-01	4.395642e-01	4.469962e-01
1.796694046289795e-07	4.395898e-01	4.395523e-01	4.470304e-01
1.797299760575509e-07	4.395944e-01	4.395405e-01	4.470663e-01
1.797905474861224e-07	4.395992e-01	4.395290e-01	4.471038e-01
1.798511189146939e-07	4.396040e-01	4.395176e-01	4.471431e-01
1.799116903432654e-07	4.396090e-01	4.395064e-01	4.471840e-01
1.799722617718369e-07	4.396140e-01	4.394954e-01	4.472266e-01
1.800328332004084e-07	4.396191e-01	4.394846e-01	4.472709e-01
1.800534046289799e-07	4.396209e-01	4.394810e-01	4.472878e-01
1.800739760575513e-07	4.396226e-01	4.394774e-01	4.473053e-01
1.800945474861228e-07	4.396244e-01	4.394738e-01	4.473235e-01
1.801151189146942e-07	4.396262e-01	4.394702e-01	4.473424e-01
1.801356903432657e-07	4.396280e-01	4.394667e-01	4.473618e-01
1.801562617718371e-07	4.396297e-01	4.394632e-01	4.473819e-01
1.801768332004086e-07	4.396315e-01	4.394597e-01	4.474027e-01
1.801778332004086e-07	4.396316e-01	4.394595e-01	4.474038e-01
1.802266903432658e-07	4.396359e-01	4.394513e-01	4.474561e-01
1.802755474861230e-07	4.396402e-01	4.394433e-01	4.475129e-01
1.803244046289802e-07	4.396445e-01	4.394354e-01	4.475740e-01
1.803732617718374e-07	4.396488e-01	4.394276e-01	4.476396e-01
1.804221189146946e-07	4.396532e-01	4.394200e-01	4.477097e-01
1.804709760575518e-07	4.396576e-01	4.394125e-01	4.477841e-01
1.805198332004090e-07	4.396620e-01	4.394051e-01	4.478630e-01
1.805965474861234e-07	4.396689e-01	4.393938e-01	4.479982e-01
1.806732617718377e-07	4.396758e-01	4.393829e-01	4.481405e-01
1.807499760575521e-07	4.396827e-01	4.393722e-01	4.482900e-01
1.808266903432665e-07	4.396896e-01	4.393619e-01	4.484467e-01
1.809034046289809e-07	4.396964e-01	4.393519e-01	4.486105e-01
1.809801189146952e-07	4.397033e-01	4.393423e-01	4.487815e-01
1.810568332004096e-07	4.397101e-01	4.393330e-01	4.489597e-01
1.810774046289811e-07	4.397119e-01	4.393306e-01	4.490072e-01
1.810979760575525e-07	4.397137e-01	4.393281e-01	4.490549e-01
1.811185474861240e-07	4.397156e-01	4.393257e-01	4.491026e-01
1.811391189146954e-07	4.397174e-01	4.393234e-01	4.491504e-01
1.811596903432669e-07	4.397192e-01	4.393210e-01	4.491984e-01
1.811802617718383e-07	4.397210e-01	4.393187e-01	4.492464e-01
1.812008332004098e-07	4.397227e-01	4.393164e-01	4.492945e-01
1.812018332004098e-07	4.397228e-01	4.393163e-01	4.492968e-01
1.812892617718384e-07	4.397304e-01	4.393067e-01	4.495048e-01
1.813766903432671e-07	4.397379e-01	4.392976e-01	4.497066e-01
1.814641189146958e-07	4.397452e-01	4.392889e-01	4.499023e-01
1.815515474861244e-07	4.397525e-01	4.392805e-01	4.500917e-01
1.816389760575531e-07	4.397596e-01	4.392725e-01	4.502749e-01
1.817264046289818e-07	4.397666e-01	4.392649e-01	4.504520e-01
1.818138332004104e-07	4.397735e-01	4.392577e-01	4.506228e-01
1.818725474861248e-07	4.397780e-01	4.392531e-01	4.507295e-01
1.819312617718391e-07	4.397825e-01	4.392485e-01	4.508305e-01
1.819899760575535e-07	4.397869e-01	4.392442e-01	4.509259e-01
1.820486903432679e-07	4.397912e-01	4.392400e-01	4.510156e-01
1.821074046289822e-07	4.397955e-01	4.392359e-01	4.510997e-01
1.821661189146966e-07	4.397997e-01	4.392320e-01	4.511782e-01
1.822248332004109e-07	4.398038e-01	4.392283e-01	4.512510e-01
1.822258332004109e-07	4.398039e-01	4.392282e-01	4.512522e-01
1.822909760575538e-07	4.398084e-01	4.392242e-01	4.513252e-01
1.823561189146968e-07	4.398129e-01	4.392204e-01	4.513910e-01
1.824212617718397e-07	4.398172e-01	4.392167e-01	4.514494e-01
1.824864046289827e-07	4.398214e-01	4.392131e-01	4.515004e-01
1.825515474861256e-07	4.398256e-01	4.392098e-01	4.515442e-01
1.826166903432685e-07	4.398296e-01	4.392066e-01	4.515806e-01
1.826818332004114e-07	4.398336e-01	4.392035e-01	4.516096e-01
1.827221189146972e-07	4.398360e-01	4.392017e-01	4.516242e-01
1.827624046289830e-07	4.398384e-01	4.391999e-01	4.516362e-01
1.828026903432687e-07	4.398407e-01	4.391982e-01	4.516458e-01
1.828429760575545e-07	4.398430e-01	4.391965e-01	4.516530e-01
1.828832617718402e-07	4.398453e-01	4.391949e-01	4.516577e-01
1.829235474861260e-07	4.398476e-01	4.391934e-01	4.516600e-01
1.829638332004118e-07	4.398498e-01	4.391918e-01	4.516598e-01
1.830045474861261e-07	4.398519e-01	4.391904e-01	4.516572e-01
1.830452617718404e-07	4.398541e-01	4.391889e-01	4.516527e-01
1.830859760575547e-07	4.398562e-01	4.391875e-01	4.516460e-01
1.831266903432691e-07	4.398583e-01	4.391862e-01	4.516374e-01
1.831674046289834e-07	4.398604e-01	4.391849e-01	4.516266e-01
1.832081189146977e-07	4.398624e-01	4.391836e-01	4.516138e-01
1.832488332004121e-07	4.398644e-01	4.391824e-01	4.515990e-01
1.832498332004121e-07	4.398645e-01	4.391824e-01	4.515986e-01
1.833709760575551e-07	4.398702e-01	4.391791e-01	4.515398e-01
1.834921189146981e-07	4.398756e-01	4.391761e-01	4.514719e-01
1.836132617718410e-07	4.398808e-01	4.391734e-01	4.513948e-01
1.837344046289841e-07	4.398856e-01	4.391711e-01	4.513085e-01
1.838555474861271e-07	4.398903e-01	4.391690e-01	4.512130e-01
1.839766903432700e-07	4.398946e-01	4.391672e-01	4.511084e-01
1.840978332004130e-07	4.398987e-01	4.391657e-01	4.509947e-01
1.841228332004131e-07	4.398995e-01	4.391654e-01	4.509717e-01
1.841478332004131e-07	4.399003e-01	4.391652e-01	4.509486e-01
1.841728332004131e-07	4.399011e-01	4.391649e-01	4.509254e-01
1.841978332004132e-07	4.399019e-01	4.391646e-01	4.509021e-01
1.842228332004132e-07	4.399026e-01	4.391644e-01	4.508787e-01
1.842478332004132e-07	4.399034e-01	4.391641e-01	4.508552e-01
1.842728332004132e-07	4.399042e-01	4.391639e-01	4.508317e-01
1.842738332004132e-07	4.399042e-01	4.391639e-01	4.508307e-01
1.843608332004133e-07	4.399067e-01	4.391632e-01	4.507476e-01
1.844478332004134e-07	4.399091e-01	4.391626e-01	4.506654e-01
1.845348332004135e-07	4.399114e-01	4.391620e-01	4.505840e-01
1.846218332004136e-07	4.399136e-01	4.391616e-01	4.505035e-01
1.847088332004137e-07	4.399158e-01	4.391612e-01	4.504238e-01
1.847958332004138e-07	4.399178e-01	4.391609e-01	4.503450e-01
1.848828332004139e-07	4.399197e-01	4.391607e-01	4.502670e-01
1.848879760575568e-07	4.399198e-01	4.391607e-01	4.502625e-01
1.848931189146996e-07	4.399199e-01	4.391607e-01	4.502580e-01
1.848982617718425e-07	4.399200e-01	4.391607e-01	4.502535e-01
1.849034046289854e-07	4.399200e-01	4.391607e-01	4.502490e-01
1.849085474861283e-07	4.399201e-01	4.391607e-01	4.502446e-01
1.849136903432711e-07	4.399202e-01	4.391606e-01	4.502401e-01
1.849188332004140e-07	4.399202e-01	4.391606e-01	4.502356e-01
1.849232617718425e-07	4.399203e-01	4.391606e-01	4.502318e-01
1.849276903432711e-07	4.399203e-01	4.391606e-01	4.502280e-01
1.849321189146997e-07	4.399203e-01	4.391606e-01	4.502242e-01
1.849365474861283e-07	4.399203e-01	4.391606e-01	4.502203e-01
1.849409760575568e-07	4.399203e-01	4.391606e-01	4.502165e-01
1.849454046289854e-07	4.399202e-01	4.391606e-01	4.502127e-01
1.849498332004140e-07	4.399201e-01	4.391606e-01	4.502089e-01
1.849566903432712e-07	4.399200e-01	4.391605e-01	4.502030e-01
1.849635474861283e-07	4.399198e-01	4.391605e-01	4.501972e-01
1.849704046289855e-07	4.399196e-01	4.391605e-01	4.501913e-01
1.849772617718426e-07	4.399193e-01	4.391605e-01	4.501855e-01
1.849841189146998e-07	4.399189e-01	4.391605e-01	4.501797e-01
1.849909760575569e-07	4.399185e-01	4.391605e-01	4.501738e-01
1.849978332004141e-07	4.399180e-01	4.391604e-01	4.501680e-01
1.850086903432712e-07	4.399171e-01	4.391604e-01	4.501589e-01
1.850195474861284e-07	4.399160e-01	4.391604e-01	4.501498e-01
1.850304046289855e-07	4.399148e-01	4.391603e-01	4.501407e-01
1.850412617718427e-07	4.399134e-01	4.391603e-01	4.501316e-01
1.850521189146998e-07	4.399118e-01	4.391602e-01	4.501226e-01
1.850629760575570e-07	4.399100e-01	4.391601e-01	4.501137e-01
1.850738332004141e-07	4.399081e-01	4.391600e-01	4.501047e-01
1.850889760575570e-07	4.399051e-01	4.391599e-01	4.500923e-01
1.851041189146999e-07	4.399017e-01	4.391598e-01	4.500800e-01
1.851192617718428e-07	4.398981e-01	4.391596e-01	4.500677e-01
1.851344046289857e-07	4.398941e-01	4.391595e-01	4.500556e-01
1.851495474861285e-07	4.398898e-01	4.391593e-01	4.500435e-01
1.851646903432714e-07	4.398851e-01	4.391590e-01	4.500314e-01
1.851798332004143e-07	4.398802e-01	4.391588e-01	4.500195e-01
1.851965474861286e-07	4.398743e-01	4.391585e-01	4.500064e-01
1.852132617718429e-07	4.398682e-01	4.391582e-01	4.499934e-01
1.852299760575572e-07	4.398618e-01	4.391579e-01	4.499804e-01
1.852466903432715e-07	4.398552e-01	4.391575e-01	4.499676e-01
1.852634046289858e-07	4.398483e-01	4.391571e-01	4.499549e-01
1.852801189147001e-07	4.398412e-01	4.391567e-01	4.499423e-01
1.852968332004144e-07	4.398338e-01	4.391563e-01	4.499298e-01
1.852978332004144e-07	4.398334e-01	4.391563e-01	4.499290e-01
1.853249760575573e-07	4.398208e-01	4.391555e-01	4.499089e-01
1.853521189147002e-07	4.398083e-01	4.391548e-01	4.498891e-01
1.853792617718431e-07	4.397957e-01	4.391540e-01	4.498695e-01
1.854064046289860e-07	4.397832e-01	4.391533e-01	4.498502e-01
1.854335474861288e-07	4.397707e-01	4.391525e-01	4.498312e-01
1.854606903432717e-07	4.397581e-01	4.391517e-01	4.498125e-01
1.854878332004146e-07	4.397455e-01	4.391509e-01	4.497940e-01
1.855126903432718e-07	4.397345e-01	4.391502e-01	4.497773e-01
1.855375474861290e-07	4.397240e-01	4.391496e-01	4.497609e-01
1.855624046289861e-07	4.397141e-01	4.391491e-01	4.497447e-01
1.855872617718433e-07	4.397048e-01	4.391486e-01	4.497287e-01
1.856121189147005e-07	4.396960e-01	4.391482e-01	4.497130e-01
1.856369760575576e-07	4.396878e-01	4.391479e-01	4.496975e-01
1.856618332004148e-07	4.396802e-01	4.391476e-01	4.496823e-01
1.856775474861291e-07	4.396759e-01	4.391475e-01	4.496728e-01
1.856932617718434e-07	4.396718e-01	4.391474e-01	4.496634e-01
1.857089760575577e-07	4.396681e-01	4.391474e-01	4.496540e-01
1.857246903432720e-07	4.396648e-01	4.391475e-01	4.496448e-01
1.857404046289863e-07	4.396618e-01	4.391475e-01	4.496357e-01
1.857561189147006e-07	4.396591e-01	4.391477e-01	4.496267e-01
1.857718332004149e-07	4.396568e-01	4.391478e-01	4.496177e-01
1.857848332004150e-07	4.396551e-01	4.391480e-01	4.496104e-01
1.857978332004150e-07	4.396537e-01	4.391483e-01	4.496032e-01
1.858108332004150e-07	4.396525e-01	4.391485e-01	4.495960e-01
1.858238332004150e-07	4.396516e-01	4.391488e-01	4.495889e-01
1.858368332004150e-07	4.396510e-01	4.391492e-01	4.495818e-01
1.858498332004150e-07	4.396506e-01	4.391495e-01	4.495748e-01
1.858628332004150e-07	4.396505e-01	4.391499e-01	4.495679e-01
1.858768332004151e-07	4.396507e-01	4.391504e-01	4.495605e-01
1.858908332004151e-07	4.396511e-01	4.391510e-01	4.495532e-01
1.859048332004151e-07	4.396518e-01	4.391515e-01	4.495460e-01
1.859188332004151e-07	4.396529e-01	4.391522e-01	4.495388e-01
1.859328332004151e-07	4.396542e-01	4.391528e-01	4.495317e-01
1.859468332004151e-07	4.396559e-01	4.391535e-01	4.495247e-01
1.859608332004152e-07	4.396578e-01	4.391543e-01	4.495178e-01
1.859914046289866e-07	4.396632e-01	4.391561e-01	4.495029e-01
1.860219760575581e-07	4.396698e-01	4.391581e-01	4.494884e-01
1.860525474861295e-07	4.396777e-01	4.391603e-01	4.494742e-01
1.860831189147010e-07	4.396869e-01	4.391627e-01	4.494604e-01
1.861136903432725e-07	4.396974e-01	4.391653e-01	4.494469e-01
1.861442617718439e-07	4.397091e-01	4.391681e-01	4.494337e-01
1.861748332004154e-07	4.397221e-01	4.391710e-01	4.494210e-01
1.861956903432726e-07	4.397315e-01	4.391731e-01	4.494124e-01
1.862165474861297e-07	4.397414e-01	4.391753e-01	4.494041e-01
1.862374046289869e-07	4.397518e-01	4.391775e-01	4.493958e-01
1.862582617718440e-07	4.397625e-01	4.391797e-01	4.493878e-01
1.862791189147012e-07	4.397738e-01	4.391820e-01	4.493799e-01
1.862999760575584e-07	4.397854e-01	4.391843e-01	4.493721e-01
1.863208332004156e-07	4.397975e-01	4.391867e-01	4.493645e-01
1.863218332004156e-07	4.397980e-01	4.391868e-01	4.493642e-01
1.863839760575585e-07	4.398374e-01	4.391945e-01	4.493425e-01
1.864461189147014e-07	4.398777e-01	4.392018e-01	4.493221e-01
1.865082617718443e-07	4.399190e-01	4.392088e-01	4.493028e-01
1.865704046289873e-07	4.399611e-01	4.392155e-01	4.492849e-01
1.866325474861302e-07	4.400042e-01	4.392218e-01	4.492681e-01
1.866946903432731e-07	4.400482e-01	4.392279e-01	4.492526e-01
1.867568332004161e-07	4.400931e-01	4.392336e-01	4.492383e-01
1.867878332004161e-07	4.401145e-01	4.392360e-01	4.492315e-01
1.868188332004161e-07	4.401355e-01	4.392381e-01	4.492251e-01
1.868498332004162e-07	4.401560e-01	4.392400e-01	4.492188e-01
1.868808332004162e-07	4.401760e-01	4.392415e-01	4.492128e-01
1.869118332004162e-07	4.401955e-01	4.392429e-01	4.492071e-01
1.869428332004163e-07	4.402146e-01	4.392439e-01	4.492017e-01
1.869738332004163e-07	4.402332e-01	4.392447e-01	4.491965e-01
1.869948332004163e-07	4.402454e-01	4.392451e-01	4.491931e-01
1.870158332004163e-07	4.402572e-01	4.392453e-01	4.491898e-01
1.870368332004164e-07	4.402687e-01	4.392453e-01	4.491866e-01
1.870578332004164e-07	4.402799e-01	4.392453e-01	4.491835e-01
1.870788332004164e-07	4.402908e-01	4.392450e-01	4.491806e-01
1.870998332004164e-07	4.403013e-01	4.392446e-01	4.491777e-01
1.871208332004165e-07	4.403115e-01	4.392441e-01	4.491749e-01
1.871528332004165e-07	4.403263e-01	4.392430e-01	4.491709e-01
1.871848332004165e-07	4.403402e-01	4.392415e-01	4.491671e-01
1.872168332004166e-07	4.403531e-01	4.392397e-01	4.491636e-01
1.872488332004166e-07	4.403651e-01	4.392375e-01	4.491602e-01
1.872808332004166e-07	4.403762e-01	4.392350e-01	4.491571e-01
1.873128332004167e-07	4.403864e-01	4.392321e-01	4.491541e-01
1.873448332004167e-07	4.403956e-01	4.392288e-01	4.491514e-01
1.873458332004167e-07	4.403958e-01	4.392287e-01	4.491513e-01
1.873792617718453e-07	4.404043e-01	4.392249e-01	4.491487e-01
1.874126903432739e-07	4.404117e-01	4.392208e-01	4.491463e-01
1.874461189147025e-07	4.404180e-01	4.392162e-01	4.491441e-01
1.874795474861312e-07	4.404233e-01	4.392114e-01	4.491421e-01
1.875129760575598e-07	4.404275e-01	4.392061e-01	4.491402e-01
1.875464046289884e-07	4.404306e-01	4.392005e-01	4.491386e-01
1.875798332004170e-07	4.404326e-01	4.391946e-01	4.491372e-01
1.875991189147027e-07	4.404333e-01	4.391910e-01	4.491364e-01
1.876184046289885e-07	4.404336e-01	4.391874e-01	4.491357e-01
1.876376903432742e-07	4.404336e-01	4.391836e-01	4.491350e-01
1.876569760575599e-07	4.404332e-01	4.391798e-01	4.491344e-01
1.876762617718457e-07	4.404325e-01	4.391758e-01	4.491339e-01
1.876955474861314e-07	4.404315e-01	4.391718e-01	4.491334e-01
1.877148332004171e-07	4.404301e-01	4.391676e-01	4.491330e-01
1.877679760575601e-07	4.404243e-01	4.391556e-01	4.491321e-01
1.878211189147030e-07	4.404164e-01	4.391433e-01	4.491316e-01
1.878742617718459e-07	4.404062e-01	4.391305e-01	4.491314e-01
1.879274046289888e-07	4.403939e-01	4.391174e-01	4.491315e-01
1.879805474861317e-07	4.403795e-01	4.391039e-01	4.491319e-01
1.880336903432746e-07	4.403628e-01	4.390900e-01	4.491327e-01
1.880868332004176e-07	4.403440e-01	4.390757e-01	4.491337e-01
1.880898332004176e-07	4.403429e-01	4.390748e-01	4.491338e-01
1.880918332004176e-07	4.403422e-01	4.390744e-01	4.491338e-01
1.880938332004176e-07	4.403414e-01	4.390738e-01	4.491339e-01
1.881092617718461e-07	4.403357e-01	4.390697e-01	4.491342e-01
1.881246903432748e-07	4.403297e-01	4.390655e-01	4.491346e-01
1.881401189147033e-07	4.403237e-01	4.390611e-01	4.491350e-01
1.881555474861319e-07	4.403175e-01	4.390567e-01	4.491355e-01
1.881709760575605e-07	4.403111e-01	4.390521e-01	4.491359e-01
1.881864046289891e-07	4.403047e-01	4.390474e-01	4.491364e-01
1.882018332004177e-07	4.402981e-01	4.390427e-01	4.491368e-01
1.882219760575606e-07	4.402892e-01	4.390360e-01	4.491375e-01
1.882421189147034e-07	4.402802e-01	4.390291e-01	4.491382e-01
1.882622617718463e-07	4.402710e-01	4.390218e-01	4.491389e-01
1.882824046289892e-07	4.402616e-01	4.390141e-01	4.491396e-01
1.883025474861321e-07	4.402521e-01	4.390061e-01	4.491404e-01
1.883226903432750e-07	4.402423e-01	4.389977e-01	4.491412e-01
1.883428332004179e-07	4.402324e-01	4.389890e-01	4.491420e-01
1.883698332004179e-07	4.402189e-01	4.389768e-01	4.491432e-01
1.884305474861322e-07	4.401870e-01	4.389452e-01	4.491460e-01
1.884912617718466e-07	4.401546e-01	4.389137e-01	4.491489e-01
1.885519760575609e-07	4.401216e-01	4.388822e-01	4.491521e-01
1.886126903432753e-07	4.400882e-01	4.388506e-01	4.491554e-01
1.886734046289897e-07	4.400542e-01	4.388191e-01	4.491588e-01
1.887341189147040e-07	4.400198e-01	4.387875e-01	4.491624e-01
1.887948332004184e-07	4.399848e-01	4.387559e-01	4.491662e-01
1.888274046289898e-07	4.399663e-01	4.387410e-01	4.491683e-01
1.888599760575613e-07	4.399479e-01	4.387271e-01	4.491703e-01
1.888925474861328e-07	4.399297e-01	4.387143e-01	4.491724e-01
1.889251189147042e-07	4.399115e-01	4.387025e-01	4.491745e-01
1.889576903432757e-07	4.398935e-01	4.386918e-01	4.491766e-01
1.889902617718471e-07	4.398756e-01	4.386821e-01	4.491788e-01
1.890228332004186e-07	4.398578e-01	4.386735e-01	4.491810e-01
1.890459760575615e-07	4.398453e-01	4.386682e-01	4.491825e-01
1.890691189147044e-07	4.398328e-01	4.386636e-01	4.491840e-01
1.890922617718473e-07	4.398205e-01	4.386596e-01	4.491856e-01
1.891154046289902e-07	4.398082e-01	4.386563e-01	4.491872e-01
1.891385474861330e-07	4.397960e-01	4.386536e-01	4.491887e-01
1.891616903432759e-07	4.397839e-01	4.386516e-01	4.491903e-01
1.891848332004188e-07	4.397720e-01	4.386503e-01	4.491919e-01
1.891974046289903e-07	4.397655e-01	4.386498e-01	4.491927e-01
1.892099760575617e-07	4.397590e-01	4.386496e-01	4.491936e-01
1.892225474861331e-07	4.397526e-01	4.386495e-01	4.491945e-01
1.892351189147046e-07	4.397462e-01	4.386497e-01	4.491953e-01
1.892476903432760e-07	4.397399e-01	4.386500e-01	4.491962e-01
1.892602617718475e-07	4.397335e-01	4.386505e-01	4.491970e-01
1.892728332004189e-07	4.397272e-01	4.386513e-01	4.491979e-01
1.892899760575618e-07	4.397186e-01	4.386526e-01	4.491991e-01
1.893071189147047e-07	4.397101e-01	4.386543e-01	4.492002e-01
1.893242617718475e-07	4.397016e-01	4.386563e-01	4.492014e-01
1.893414046289904e-07	4.396932e-01	4.386586e-01	4.492026e-01
1.893585474861333e-07	4.396848e-01	4.386613e-01	4.492037e-01
1.893756903432762e-07	4.396764e-01	4.386644e-01	4.492049e-01
1.893928332004190e-07	4.396681e-01	4.386678e-01	4.492061e-01
1.893938332004190e-07	4.396677e-01	4.386680e-01	4.492061e-01
1.894525474861334e-07	4.396397e-01	4.386829e-01	4.492101e-01
1.895112617718477e-07	4.396121e-01	4.387009e-01	4.492141e-01
1.895699760575621e-07	4.395846e-01	4.387220e-01	4.492180e-01
1.896286903432765e-07	4.395574e-01	4.387462e-01	4.492219e-01
1.896874046289908e-07	4.395304e-01	4.387736e-01	4.492257e-01
1.897461189147052e-07	4.395037e-01	4.388040e-01	4.492295e-01
1.898048332004195e-07	4.394772e-01	4.388376e-01	4.492333e-01
1.898859760575625e-07	4.394406e-01	4.388881e-01	4.492384e-01
1.899671189147054e-07	4.394033e-01	4.389404e-01	4.492433e-01
1.900482617718483e-07	4.393653e-01	4.389944e-01	4.492481e-01
1.901294046289913e-07	4.393265e-01	4.390501e-01	4.492528e-01
1.902105474861343e-07	4.392871e-01	4.391075e-01	4.492573e-01
1.902916903432772e-07	4.392469e-01	4.391667e-01	4.492616e-01
1.903728332004202e-07	4.392060e-01	4.392275e-01	4.492659e-01
1.904178332004202e-07	4.391827e-01	4.392604e-01	4.492681e-01
1.904984046289917e-07	4.391399e-01	4.393194e-01	4.492721e-01
1.905789760575632e-07	4.390962e-01	4.393771e-01	4.492758e-01
1.906595474861348e-07	4.390514e-01	4.394335e-01	4.492794e-01
1.907401189147063e-07	4.390057e-01	4.394885e-01	4.492829e-01
1.908206903432778e-07	4.389590e-01	4.395422e-01	4.492862e-01
1.909012617718493e-07	4.389113e-01	4.395945e-01	4.492893e-01
1.909818332004208e-07	4.388627e-01	4.396455e-01	4.492922e-01
1.910474046289924e-07	4.388226e-01	4.396853e-01	4.492944e-01
1.911129760575638e-07	4.387824e-01	4.397239e-01	4.492966e-01
1.911785474861354e-07	4.387421e-01	4.397614e-01	4.492987e-01
1.912441189147068e-07	4.387017e-01	4.397977e-01	4.493006e-01
1.913096903432784e-07	4.386612e-01	4.398328e-01	4.493025e-01
1.913752617718499e-07	4.386207e-01	4.398667e-01	4.493042e-01
1.914408332004214e-07	4.385801e-01	4.398995e-01	4.493059e-01
1.914418332004214e-07	4.385794e-01	4.399000e-01	4.493059e-01
1.915632617718501e-07	4.385040e-01	4.399571e-01	4.493087e-01
1.916846903432788e-07	4.384317e-01	4.400118e-01	4.493112e-01
1.918061189147075e-07	4.383623e-01	4.400640e-01	4.493134e-01
1.919275474861362e-07	4.382960e-01	4.401139e-01	4.493153e-01
1.920489760575649e-07	4.382327e-01	4.401612e-01	4.493170e-01
1.921704046289936e-07	4.381725e-01	4.402062e-01	4.493183e-01
1.922918332004223e-07	4.381153e-01	4.402487e-01	4.493194e-01
1.924658332004225e-07	4.380433e-01	4.403088e-01	4.493206e-01
1.925522617718512e-07	4.380113e-01	4.403377e-01	4.493211e-01
1.926386903432799e-07	4.379819e-01	4.403665e-01	4.493214e-01
1.927251189147085e-07	4.379552e-01	4.403950e-01	4.493217e-01
1.928115474861372e-07	4.379312e-01	4.404233e-01	4.493219e-01
1.928979760575659e-07	4.379098e-01	4.404515e-01	4.493220e-01
1.929844046289946e-07	4.378911e-01	4.404793e-01	4.493221e-01
1.930708332004232e-07	4.378751e-01	4.405070e-01	4.493220e-01
1.931305474861376e-07	4.378656e-01	4.405262e-01	4.493219e-01
1.931902617718519e-07	4.378573e-01	4.405453e-01	4.493219e-01
1.932499760575663e-07	4.378501e-01	4.405645e-01	4.493217e-01
1.933096903432806e-07	4.378442e-01	4.405836e-01	4.493216e-01
1.933694046289950e-07	4.378394e-01	4.406027e-01	4.493214e-01
1.934291189147093e-07	4.378358e-01	4.406218e-01	4.493212e-01
1.934888332004237e-07	4.378333e-01	4.406408e-01	4.493210e-01
1.934898332004237e-07	4.378333e-01	4.406412e-01	4.493210e-01
1.935368332004237e-07	4.378321e-01	4.406562e-01	4.493208e-01
1.935838332004238e-07	4.378316e-01	4.406712e-01	4.493206e-01
1.936308332004238e-07	4.378316e-01	4.406862e-01	4.493204e-01
1.936778332004239e-07	4.378323e-01	4.407012e-01	4.493201e-01
1.937248332004240e-07	4.378335e-01	4.407162e-01	4.493199e-01
1.937718332004240e-07	4.378354e-01	4.407312e-01	4.493197e-01
1.938188332004241e-07	4.378378e-01	4.407462e-01	4.493194e-01
1.938489760575669e-07	4.378396e-01	4.407558e-01	4.493193e-01
1.938791189147098e-07	4.378417e-01	4.407655e-01	4.493191e-01
1.939092617718527e-07	4.378439e-01	4.407751e-01	4.493189e-01
1.939394046289956e-07	4.378464e-01	4.407847e-01	4.493187e-01
1.939695474861385e-07	4.378490e-01	4.407943e-01	4.493186e-01
1.939996903432814e-07	4.378518e-01	4.408038e-01	4.493184e-01
1.940298332004243e-07	4.378549e-01	4.408134e-01	4.493182e-01
1.940389760575672e-07	4.378558e-01	4.408163e-01	4.493181e-01
1.940481189147100e-07	4.378568e-01	4.408193e-01	4.493181e-01
1.940572617718529e-07	4.378578e-01	4.408222e-01	4.493180e-01
1.940664046289958e-07	4.378588e-01	4.408251e-01	4.493180e-01
1.940755474861386e-07	4.378598e-01	4.408280e-01	4.493179e-01
1.940846903432815e-07	4.378609e-01	4.408309e-01	4.493179e-01
1.940938332004244e-07	4.378619e-01	4.408338e-01	4.493179e-01
1.941168332004244e-07	4.378646e-01	4.408411e-01	4.493178e-01
1.941398332004244e-07	4.378674e-01	4.408484e-01	4.493179e-01
1.941628332004245e-07	4.378703e-01	4.408557e-01	4.493184e-01
1.941858332004245e-07	4.378733e-01	4.408630e-01	4.493191e-01
1.942088332004245e-07	4.378764e-01	4.408702e-01	4.493201e-01
1.942318332004245e-07	4.378796e-01	4.408775e-01	4.493213e-01
1.942548332004246e-07	4.378828e-01	4.408848e-01	4.493228e-01
1.942718332004246e-07	4.378853e-01	4.408902e-01	4.493244e-01
1.942888332004246e-07	4.378878e-01	4.408955e-01	4.493261e-01
1.943058332004246e-07	4.378903e-01	4.409009e-01	4.493282e-01
1.943228332004246e-07	4.378929e-01	4.409063e-01	4.493306e-01
1.943398332004247e-07	4.378956e-01	4.409116e-01	4.493332e-01
1.943568332004247e-07	4.378982e-01	4.409170e-01	4.493362e-01
1.943738332004247e-07	4.379009e-01	4.409223e-01	4.493394e-01
1.943936903432819e-07	4.379041e-01	4.409286e-01	4.493436e-01
1.944135474861390e-07	4.379074e-01	4.409348e-01	4.493482e-01
1.944334046289962e-07	4.379107e-01	4.409411e-01	4.493532e-01
1.944532617718533e-07	4.379141e-01	4.409473e-01	4.493587e-01
1.944731189147105e-07	4.379174e-01	4.409535e-01	4.493645e-01
1.944929760575677e-07	4.379209e-01	4.409598e-01	4.493707e-01
1.945128332004248e-07	4.379244e-01	4.409660e-01	4.493773e-01
1.945138332004249e-07	4.379245e-01	4.409663e-01	4.493776e-01
1.945515474861392e-07	4.379313e-01	4.409781e-01	4.493916e-01
1.945892617718535e-07	4.379381e-01	4.409899e-01	4.494061e-01
1.946269760575678e-07	4.379451e-01	4.410017e-01	4.494210e-01
1.946646903432822e-07	4.379522e-01	4.410134e-01	4.494364e-01
1.947024046289965e-07	4.379594e-01	4.410251e-01	4.494523e-01
1.947401189147108e-07	4.379667e-01	4.410368e-01	4.494687e-01
1.947778332004251e-07	4.379741e-01	4.410485e-01	4.494855e-01
1.948108332004252e-07	4.379806e-01	4.410587e-01	4.494998e-01
1.948438332004252e-07	4.379872e-01	4.410689e-01	4.495132e-01
1.948768332004253e-07	4.379938e-01	4.410790e-01	4.495257e-01
1.949098332004253e-07	4.380005e-01	4.410892e-01	4.495374e-01
1.949428332004253e-07	4.380072e-01	4.410993e-01	4.495483e-01
1.949758332004254e-07	4.380139e-01	4.411094e-01	4.495583e-01
1.950088332004254e-07	4.380206e-01	4.411195e-01	4.495675e-01
1.950304046289969e-07	4.380251e-01	4.411260e-01	4.495727e-01
1.950519760575683e-07	4.380295e-01	4.411326e-01	4.495772e-01
1.950735474861398e-07	4.380339e-01	4.411392e-01	4.495811e-01
1.950951189147112e-07	4.380383e-01	4.411457e-01	4.495844e-01
1.951166903432827e-07	4.380428e-01	4.411523e-01	4.495870e-01
1.951382617718541e-07	4.380472e-01	4.411588e-01	4.495890e-01
1.951598332004256e-07	4.380516e-01	4.411654e-01	4.495904e-01
1.951755474861399e-07	4.380549e-01	4.411702e-01	4.495909e-01
1.951912617718542e-07	4.380581e-01	4.411749e-01	4.495911e-01
1.952069760575685e-07	4.380613e-01	4.411797e-01	4.495909e-01
1.952226903432828e-07	4.380645e-01	4.411844e-01	4.495903e-01
1.952384046289971e-07	4.380677e-01	4.411892e-01	4.495893e-01
1.952541189147114e-07	4.380709e-01	4.411939e-01	4.495880e-01
1.952698332004257e-07	4.380741e-01	4.411986e-01	4.495863e-01
1.952982617718543e-07	4.380799e-01	4.412072e-01	4.495822e-01
1.953266903432829e-07	4.380857e-01	4.412157e-01	4.495769e-01
1.953551189147115e-07	4.380914e-01	4.412242e-01	4.495705e-01
1.953835474861401e-07	4.380971e-01	4.412328e-01	4.495628e-01
1.954119760575687e-07	4.381028e-01	4.412413e-01	4.495540e-01
1.954404046289973e-07	4.381084e-01	4.412498e-01	4.495441e-01
1.954688332004259e-07	4.381140e-01	4.412583e-01	4.495329e-01
1.955378332004260e-07	4.381275e-01	4.412788e-01	4.495017e-01
1.956328332004261e-07	4.381458e-01	4.413069e-01	4.494435e-01
1.957278332004262e-07	4.381634e-01	4.413350e-01	4.493830e-01
1.958228332004263e-07	4.381802e-01	4.413629e-01	4.493201e-01
1.959178332004264e-07	4.381963e-01	4.413908e-01	4.492549e-01
1.960128332004265e-07	4.382117e-01	4.414186e-01	4.491873e-01
1.961078332004267e-07	4.382264e-01	4.414462e-01	4.491173e-01
1.962028332004268e-07	4.382404e-01	4.414738e-01	4.490450e-01
1.962511189147125e-07	4.382471e-01	4.414879e-01	4.490129e-01
1.962994046289983e-07	4.382536e-01	4.415019e-01	4.489830e-01
1.963476903432841e-07	4.382598e-01	4.415159e-01	4.489554e-01
1.963959760575698e-07	4.382658e-01	4.415299e-01	4.489299e-01
1.964442617718556e-07	4.382716e-01	4.415439e-01	4.489066e-01
1.964925474861414e-07	4.382771e-01	4.415579e-01	4.488855e-01
1.965408332004271e-07	4.382824e-01	4.415719e-01	4.488665e-01
1.965618332004272e-07	4.382846e-01	4.415780e-01	4.488594e-01
1.965951189147129e-07	4.382880e-01	4.415876e-01	4.488490e-01
1.966284046289987e-07	4.382913e-01	4.415973e-01	4.488400e-01
1.966616903432844e-07	4.382945e-01	4.416069e-01	4.488324e-01
1.966949760575702e-07	4.382976e-01	4.416166e-01	4.488262e-01
1.967282617718559e-07	4.383006e-01	4.416263e-01	4.488214e-01
1.967615474861417e-07	4.383034e-01	4.416359e-01	4.488179e-01
1.967948332004274e-07	4.383061e-01	4.416456e-01	4.488159e-01
1.968194046289989e-07	4.383081e-01	4.416527e-01	4.488154e-01
1.968439760575703e-07	4.383100e-01	4.416599e-01	4.488156e-01
1.968685474861418e-07	4.383118e-01	4.416670e-01	4.488166e-01
1.968931189147133e-07	4.383135e-01	4.416742e-01	4.488184e-01
1.969176903432847e-07	4.383152e-01	4.416813e-01	4.488209e-01
1.969422617718562e-07	4.383168e-01	4.416885e-01	4.488242e-01
1.969668332004276e-07	4.383184e-01	4.416956e-01	4.488283e-01
1.970049760575705e-07	4.383207e-01	4.417067e-01	4.488362e-01
1.970431189147134e-07	4.383228e-01	4.417179e-01	4.488458e-01
1.970812617718563e-07	4.383248e-01	4.417290e-01	4.488572e-01
1.971194046289992e-07	4.383267e-01	4.417402e-01	4.488703e-01
1.971575474861421e-07	4.383284e-01	4.417513e-01	4.488851e-01
1.971956903432850e-07	4.383300e-01	4.417625e-01	4.489016e-01
1.972338332004279e-07	4.383314e-01	4.417737e-01	4.489198e-01
1.972348332004279e-07	4.383315e-01	4.417740e-01	4.489203e-01
1.972368332004279e-07	4.383315e-01	4.417745e-01	4.489212e-01
1.972388332004279e-07	4.383316e-01	4.417751e-01	4.489223e-01
1.972418332004279e-07	4.383317e-01	4.417760e-01	4.489238e-01
1.972908332004280e-07	4.383333e-01	4.417904e-01	4.489507e-01
1.973398332004281e-07	4.383347e-01	4.418048e-01	4.489789e-01
1.973888332004281e-07	4.383358e-01	4.418193e-01	4.490086e-01
1.974378332004282e-07	4.383367e-01	4.418337e-01	4.490396e-01
1.974868332004282e-07	4.383374e-01	4.418482e-01	4.490719e-01
1.975358332004283e-07	4.383379e-01	4.418627e-01	4.491057e-01
1.975848332004283e-07	4.383381e-01	4.418773e-01	4.491408e-01
1.975858332004283e-07	4.383382e-01	4.418776e-01	4.491414e-01
1.976252617718569e-07	4.383382e-01	4.418893e-01	4.491692e-01
1.976646903432856e-07	4.383381e-01	4.419010e-01	4.491970e-01
1.977041189147142e-07	4.383379e-01	4.419128e-01	4.492249e-01
1.977435474861428e-07	4.383376e-01	4.419246e-01	4.492528e-01
1.977829760575714e-07	4.383372e-01	4.419364e-01	4.492809e-01
1.978224046290000e-07	4.383366e-01	4.419482e-01	4.493091e-01
1.978618332004286e-07	4.383359e-01	4.419601e-01	4.493373e-01
1.979311189147144e-07	4.383344e-01	4.419809e-01	4.493864e-01
1.980004046290002e-07	4.383326e-01	4.420018e-01	4.494382e-01
1.980696903432860e-07	4.383304e-01	4.420228e-01	4.494927e-01
1.981389760575718e-07	4.383280e-01	4.420438e-01	4.495498e-01
1.982082617718576e-07	4.383252e-01	4.420650e-01	4.496097e-01
1.982775474861434e-07	4.383221e-01	4.420861e-01	4.496722e-01
1.983468332004292e-07	4.383187e-01	4.421073e-01	4.497374e-01
1.983842617718578e-07	4.383168e-01	4.421188e-01	4.497750e-01
1.984216903432864e-07	4.383148e-01	4.421303e-01	4.498138e-01
1.984591189147150e-07	4.383127e-01	4.421419e-01	4.498539e-01
1.984965474861437e-07	4.383106e-01	4.421534e-01	4.498952e-01
1.985339760575723e-07	4.383084e-01	4.421650e-01	4.499378e-01
1.985714046290009e-07	4.383061e-01	4.421766e-01	4.499816e-01
1.986088332004295e-07	4.383038e-01	4.421882e-01	4.500266e-01
1.986098332004295e-07	4.383037e-01	4.421885e-01	4.500278e-01
1.986981189147153e-07	4.382979e-01	4.422159e-01	4.501412e-01
1.987864046290011e-07	4.382918e-01	4.422434e-01	4.502582e-01
1.988746903432869e-07	4.382855e-01	4.422710e-01	4.503787e-01
1.989629760575727e-07	4.382790e-01	4.422986e-01	4.505028e-01
1.990512617718586e-07	4.382722e-01	4.423264e-01	4.506305e-01
1.991395474861444e-07	4.382651e-01	4.423542e-01	4.507617e-01
1.992278332004302e-07	4.382578e-01	4.423821e-01	4.508965e-01
1.992856903432874e-07	4.382530e-01	4.424004e-01	4.509837e-01
1.993435474861446e-07	4.382481e-01	4.424187e-01	4.510696e-01
1.994014046290018e-07	4.382432e-01	4.424370e-01	4.511543e-01
1.994592617718590e-07	4.382382e-01	4.424554e-01	4.512379e-01
1.995171189147162e-07	4.382332e-01	4.424738e-01	4.513202e-01
1.995749760575734e-07	4.382282e-01	4.424922e-01	4.514014e-01
1.996328332004307e-07	4.382230e-01	4.425106e-01	4.514813e-01
1.996338332004307e-07	4.382229e-01	4.425109e-01	4.514827e-01
1.997134046290022e-07	4.382159e-01	4.425363e-01	4.515890e-01
1.997929760575737e-07	4.382088e-01	4.425617e-01	4.516903e-01
1.998725474861452e-07	4.382017e-01	4.425871e-01	4.517866e-01
1.999521189147167e-07	4.381946e-01	4.426125e-01	4.518777e-01
2.000316903432883e-07	4.381875e-01	4.426379e-01	4.519639e-01
2.001112617718598e-07	4.381804e-01	4.426633e-01	4.520449e-01
2.001908332004313e-07	4.381733e-01	4.426887e-01	4.521210e-01
2.002574046290028e-07	4.381674e-01	4.427100e-01	4.521798e-01
2.003239760575743e-07	4.381616e-01	4.427313e-01	4.522350e-01
2.003905474861458e-07	4.381557e-01	4.427525e-01	4.522865e-01
2.004571189147173e-07	4.381500e-01	4.427738e-01	4.523345e-01
2.005236903432888e-07	4.381442e-01	4.427950e-01	4.523789e-01
2.005902617718603e-07	4.381385e-01	4.428162e-01	4.524197e-01
2.006568332004318e-07	4.381329e-01	4.428374e-01	4.524568e-01
2.006578332004318e-07	4.381328e-01	4.428378e-01	4.524574e-01
2.007761189147177e-07	4.381229e-01	4.428754e-01	4.525136e-01
2.008944046290035e-07	4.381132e-01	4.429130e-01	4.525632e-01
2.010126903432894e-07	4.381038e-01	4.429505e-01	4.526059e-01
2.011309760575752e-07	4.380946e-01	4.429878e-01	4.526420e-01
2.012492617718610e-07	4.380857e-01	4.430251e-01	4.526712e-01
2.013675474861469e-07	4.380769e-01	4.430623e-01	4.526938e-01
2.014858332004328e-07	4.380684e-01	4.430994e-01	4.527095e-01
2.015136903432899e-07	4.380665e-01	4.431081e-01	4.527132e-01
2.015415474861471e-07	4.380646e-01	4.431168e-01	4.527167e-01
2.015694046290043e-07	4.380626e-01	4.431255e-01	4.527201e-01
2.015972617718614e-07	4.380607e-01	4.431342e-01	4.527233e-01
2.016251189147186e-07	4.380588e-01	4.431429e-01	4.527263e-01
2.016529760575758e-07	4.380570e-01	4.431516e-01	4.527292e-01
2.016808332004330e-07	4.380551e-01	4.431603e-01	4.527319e-01
2.016818332004330e-07	4.380550e-01	4.431606e-01	4.527320e-01
2.017414046290045e-07	4.380511e-01	4.431791e-01	4.527372e-01
2.018009760575760e-07	4.380473e-01	4.431976e-01	4.527420e-01
2.018605474861475e-07	4.380435e-01	4.432160e-01	4.527465e-01
2.019201189147190e-07	4.380398e-01	4.432344e-01	4.527507e-01
2.019796903432905e-07	4.380362e-01	4.432528e-01	4.527545e-01
2.020392617718619e-07	4.380326e-01	4.432711e-01	4.527579e-01
2.020988332004335e-07	4.380291e-01	4.432894e-01	4.527610e-01
2.021609760575764e-07	4.380255e-01	4.433084e-01	4.527641e-01
2.022231189147193e-07	4.380221e-01	4.433274e-01	4.527671e-01
2.022852617718622e-07	4.380187e-01	4.433464e-01	4.527702e-01
2.023474046290052e-07	4.380153e-01	4.433653e-01	4.527732e-01
2.024095474861481e-07	4.380121e-01	4.433842e-01	4.527761e-01
2.024716903432910e-07	4.380089e-01	4.434030e-01	4.527790e-01
2.025338332004339e-07	4.380058e-01	4.434218e-01	4.527819e-01
2.027058332004341e-07	4.379976e-01	4.434735e-01	4.527903e-01
2.027736903432914e-07	4.379945e-01	4.434938e-01	4.527938e-01
2.028415474861486e-07	4.379916e-01	4.435141e-01	4.527973e-01
2.029094046290058e-07	4.379887e-01	4.435343e-01	4.528010e-01
2.029772617718630e-07	4.379858e-01	4.435545e-01	4.528047e-01
2.030451189147202e-07	4.379831e-01	4.435746e-01	4.528085e-01
2.031129760575775e-07	4.379805e-01	4.435947e-01	4.528123e-01
2.031808332004347e-07	4.379779e-01	4.436147e-01	4.528163e-01
2.031958332004347e-07	4.379773e-01	4.436191e-01	4.528171e-01
2.032108332004347e-07	4.379768e-01	4.436237e-01	4.528180e-01
2.032258332004347e-07	4.379762e-01	4.436283e-01	4.528189e-01
2.032408332004347e-07	4.379757e-01	4.436331e-01	4.528198e-01
2.032558332004348e-07	4.379751e-01	4.436380e-01	4.528206e-01
2.032708332004348e-07	4.379746e-01	4.436430e-01	4.528215e-01
2.032858332004348e-07	4.379740e-01	4.436481e-01	4.528224e-01
2.033071189147205e-07	4.379733e-01	4.436557e-01	4.528236e-01
2.033284046290063e-07	4.379725e-01	4.436637e-01	4.528249e-01
2.033496903432920e-07	4.379718e-01	4.436720e-01	4.528261e-01
2.033709760575777e-07	4.379710e-01	4.436806e-01	4.528274e-01
2.033922617718635e-07	4.379703e-01	4.436896e-01	4.528286e-01
2.034135474861492e-07	4.379695e-01	4.436990e-01	4.528298e-01
2.034348332004350e-07	4.379688e-01	4.437086e-01	4.528311e-01
2.034762617718636e-07	4.379673e-01	4.437289e-01	4.528335e-01
2.035176903432922e-07	4.379657e-01	4.437493e-01	4.528358e-01
2.035591189147208e-07	4.379641e-01	4.437700e-01	4.528382e-01
2.036005474861494e-07	4.379623e-01	4.437909e-01	4.528405e-01
2.036419760575781e-07	4.379605e-01	4.438120e-01	4.528428e-01
2.036834046290067e-07	4.379586e-01	4.438334e-01	4.528450e-01
2.037248332004353e-07	4.379565e-01	4.438550e-01	4.528473e-01
2.037298332004353e-07	4.379563e-01	4.438575e-01	4.528475e-01
2.037635474861496e-07	4.379545e-01	4.438742e-01	4.528493e-01
2.037972617718639e-07	4.379526e-01	4.438902e-01	4.528510e-01
2.038309760575783e-07	4.379506e-01	4.439055e-01	4.528527e-01
2.038646903432926e-07	4.379485e-01	4.439201e-01	4.528543e-01
2.038984046290069e-07	4.379463e-01	4.439340e-01	4.528559e-01
2.039321189147212e-07	4.379440e-01	4.439471e-01	4.528575e-01
2.039658332004356e-07	4.379417e-01	4.439595e-01	4.528590e-01
2.039968332004356e-07	4.379394e-01	4.439700e-01	4.528603e-01
2.040278332004356e-07	4.379371e-01	4.439798e-01	4.528616e-01
2.040588332004357e-07	4.379348e-01	4.439887e-01	4.528629e-01
2.040898332004357e-07	4.379325e-01	4.439969e-01	4.528641e-01
2.041208332004357e-07	4.379302e-01	4.440043e-01	4.528652e-01
2.041518332004358e-07	4.379278e-01	4.440110e-01	4.528664e-01
2.041828332004358e-07	4.379255e-01	4.440168e-01	4.528674e-01
2.042108332004358e-07	4.379233e-01	4.440215e-01	4.528683e-01
2.042388332004359e-07	4.379212e-01	4.440256e-01	4.528692e-01
2.042668332004359e-07	4.379192e-01	4.440292e-01	4.528700e-01
2.042948332004359e-07	4.379173e-01	4.440322e-01	4.528708e-01
2.043228332004360e-07	4.379154e-01	4.440348e-01	4.528715e-01
2.043508332004360e-07	4.379135e-01	4.440368e-01	4.528722e-01
2.043788332004360e-07	4.379117e-01	4.440384e-01	4.528728e-01
2.043975474861504e-07	4.379106e-01	4.440392e-01	4.528732e-01
2.044162617718646e-07	4.379096e-01	4.440398e-01	4.528736e-01
2.044349760575790e-07	4.379086e-01	4.440403e-01	4.528739e-01
2.044536903432933e-07	4.379076e-01	4.440407e-01	4.528743e-01
2.044724046290076e-07	4.379067e-01	4.440409e-01	4.528746e-01
2.044911189147219e-07	4.379059e-01	4.440409e-01	4.528748e-01
2.045098332004362e-07	4.379051e-01	4.440408e-01	4.528751e-01
2.045349760575791e-07	4.379041e-01	4.440405e-01	4.528754e-01
2.045601189147219e-07	4.379033e-01	4.440400e-01	4.528757e-01
2.045852617718648e-07	4.379026e-01	4.440394e-01	4.528759e-01
2.046104046290077e-07	4.379021e-01	4.440387e-01	4.528761e-01
2.046355474861506e-07	4.379017e-01	4.440378e-01	4.528762e-01
2.046606903432935e-07	4.379015e-01	4.440368e-01	4.528763e-01
2.046858332004364e-07	4.379014e-01	4.440357e-01	4.528763e-01
2.046954046290078e-07	4.379014e-01	4.440353e-01	4.528763e-01
2.047049760575793e-07	4.379015e-01	4.440349e-01	4.528763e-01
2.047145474861507e-07	4.379015e-01	4.440345e-01	4.528763e-01
2.047241189147221e-07	4.379016e-01	4.440340e-01	4.528763e-01
2.047336903432936e-07	4.379017e-01	4.440336e-01	4.528763e-01
2.047432617718650e-07	4.379018e-01	4.440332e-01	4.528762e-01
2.047528332004365e-07	4.379020e-01	4.440328e-01	4.528762e-01
2.047538332004365e-07	4.379020e-01	4.440327e-01	4.528762e-01
2.047788332004365e-07	4.379025e-01	4.440316e-01	4.528761e-01
2.048038332004365e-07	4.379033e-01	4.440305e-01	4.528759e-01
2.048288332004365e-07	4.379042e-01	4.440295e-01	4.528757e-01
2.048538332004366e-07	4.379052e-01	4.440287e-01	4.528754e-01
2.048788332004366e-07	4.379065e-01	4.440279e-01	4.528751e-01
2.049038332004366e-07	4.379079e-01	4.440272e-01	4.528748e-01
2.049288332004367e-07	4.379095e-01	4.440265e-01	4.528744e-01
2.049422617718652e-07	4.379105e-01	4.440263e-01	4.528741e-01
2.049556903432938e-07	4.379115e-01	4.440260e-01	4.528739e-01
2.049691189147224e-07	4.379125e-01	4.440259e-01	4.528736e-01
2.049825474861510e-07	4.379136e-01	4.440258e-01	4.528734e-01
2.049959760575796e-07	4.379148e-01	4.440257e-01	4.528731e-01
2.050094046290082e-07	4.379160e-01	4.440257e-01	4.528728e-01
2.050228332004368e-07	4.379173e-01	4.440257e-01	4.528725e-01
2.050425474861511e-07	4.379192e-01	4.440259e-01	4.528720e-01
2.050622617718654e-07	4.379213e-01	4.440262e-01	4.528715e-01
2.050819760575797e-07	4.379234e-01	4.440266e-01	4.528709e-01
2.051016903432940e-07	4.379257e-01	4.440272e-01	4.528704e-01
2.051214046290083e-07	4.379281e-01	4.440279e-01	4.528698e-01
2.051411189147226e-07	4.379306e-01	4.440287e-01	4.528692e-01
2.051608332004369e-07	4.379331e-01	4.440297e-01	4.528685e-01
2.051941189147227e-07	4.379378e-01	4.440318e-01	4.528674e-01
2.052274046290084e-07	4.379427e-01	4.440343e-01	4.528661e-01
2.052606903432942e-07	4.379478e-01	4.440373e-01	4.528648e-01
2.052939760575799e-07	4.379532e-01	4.440409e-01	4.528634e-01
2.053272617718657e-07	4.379588e-01	4.440449e-01	4.528619e-01
2.053605474861514e-07	4.379647e-01	4.440494e-01	4.528604e-01
2.053938332004372e-07	4.379708e-01	4.440544e-01	4.528587e-01
2.054462617718658e-07	4.379809e-01	4.440634e-01	4.528560e-01
2.054986903432945e-07	4.379913e-01	4.440737e-01	4.528531e-01
2.055511189147231e-07	4.380019e-01	4.440851e-01	4.528501e-01
2.056035474861517e-07	4.380127e-01	4.440978e-01	4.528468e-01
2.056559760575803e-07	4.380238e-01	4.441117e-01	4.528434e-01
2.057084046290090e-07	4.380350e-01	4.441269e-01	4.528398e-01
2.057608332004376e-07	4.380465e-01	4.441432e-01	4.528361e-01
2.057778332004376e-07	4.380502e-01	4.441487e-01	4.528348e-01
2.058472617718663e-07	4.380654e-01	4.441728e-01	4.528295e-01
2.059166903432949e-07	4.380800e-01	4.441982e-01	4.528240e-01
2.059861189147236e-07	4.380938e-01	4.442248e-01	4.528183e-01
2.060555474861522e-07	4.381069e-01	4.442528e-01	4.528123e-01
2.061249760575809e-07	4.381193e-01	4.442820e-01	4.528061e-01
2.061944046290095e-07	4.381310e-01	4.443126e-01	4.527996e-01
2.062638332004382e-07	4.381420e-01	4.443445e-01	4.527930e-01
2.062802617718668e-07	4.381444e-01	4.443520e-01	4.527914e-01
2.062966903432954e-07	4.381467e-01	4.443596e-01	4.527898e-01
2.063131189147239e-07	4.381489e-01	4.443672e-01	4.527882e-01
2.063295474861525e-07	4.381510e-01	4.443749e-01	4.527865e-01
2.063459760575811e-07	4.381530e-01	4.443827e-01	4.527849e-01
2.063624046290097e-07	4.381550e-01	4.443905e-01	4.527832e-01
2.063788332004383e-07	4.381570e-01	4.443983e-01	4.527816e-01
2.063808332004383e-07	4.381572e-01	4.443987e-01	4.527814e-01
2.063818332004383e-07	4.381573e-01	4.443991e-01	4.527813e-01
2.063839760575812e-07	4.381575e-01	4.444003e-01	4.527811e-01
2.063861189147240e-07	4.381578e-01	4.444014e-01	4.527808e-01
2.063882617718669e-07	4.381580e-01	4.444025e-01	4.527806e-01
2.063904046290098e-07	4.381583e-01	4.444036e-01	4.527804e-01
2.063925474861526e-07	4.381585e-01	4.444046e-01	4.527802e-01
2.063946903432955e-07	4.381588e-01	4.444056e-01	4.527800e-01
2.063968332004383e-07	4.381590e-01	4.444066e-01	4.527798e-01
2.064064046290098e-07	4.381600e-01	4.444111e-01	4.527788e-01
2.064159760575812e-07	4.381611e-01	4.444157e-01	4.527778e-01
2.064255474861527e-07	4.381622e-01	4.444202e-01	4.527768e-01
2.064351189147241e-07	4.381634e-01	4.444248e-01	4.527759e-01
2.064446903432955e-07	4.381646e-01	4.444293e-01	4.527749e-01
2.064542617718669e-07	4.381659e-01	4.444339e-01	4.527739e-01
2.064638332004384e-07	4.381672e-01	4.444385e-01	4.527729e-01
2.064758332004384e-07	4.381689e-01	4.444442e-01	4.527716e-01
2.064878332004384e-07	4.381708e-01	4.444500e-01	4.527704e-01
2.064998332004384e-07	4.381729e-01	4.444558e-01	4.527692e-01
2.065118332004385e-07	4.381751e-01	4.444616e-01	4.527679e-01
2.065238332004385e-07	4.381774e-01	4.444674e-01	4.527667e-01
2.065358332004385e-07	4.381799e-01	4.444732e-01	4.527654e-01
2.065478332004385e-07	4.381826e-01	4.444790e-01	4.527641e-01
2.065652617718671e-07	4.381868e-01	4.444875e-01	4.527623e-01
2.065826903432957e-07	4.381914e-01	4.444960e-01	4.527604e-01
2.066001189147243e-07	4.381963e-01	4.445045e-01	4.527585e-01
2.066175474861529e-07	4.382015e-01	4.445130e-01	4.527567e-01
2.066349760575814e-07	4.382071e-01	4.445216e-01	4.527548e-01
2.066524046290101e-07	4.382130e-01	4.445302e-01	4.527529e-01
2.066698332004386e-07	4.382193e-01	4.445388e-01	4.527510e-01
2.066885474861529e-07	4.382264e-01	4.445481e-01	4.527490e-01
2.067072617718672e-07	4.382337e-01	4.445574e-01	4.527469e-01
2.067259760575816e-07	4.382412e-01	4.445667e-01	4.527449e-01
2.067446903432959e-07	4.382489e-01	4.445760e-01	4.527428e-01
2.067634046290102e-07	4.382569e-01	4.445853e-01	4.527408e-01
2.067821189147245e-07	4.382650e-01	4.445947e-01	4.527387e-01
2.068008332004388e-07	4.382734e-01	4.446040e-01	4.527366e-01
2.068018332004388e-07	4.382738e-01	4.446045e-01	4.527365e-01
2.068359760575817e-07	4.382897e-01	4.446216e-01	4.527327e-01
2.068701189147246e-07	4.383049e-01	4.446386e-01	4.527289e-01
2.069042617718675e-07	4.383196e-01	4.446555e-01	4.527251e-01
2.069384046290104e-07	4.383338e-01	4.446722e-01	4.527213e-01
2.069725474861533e-07	4.383474e-01	4.446887e-01	4.527174e-01
2.070066903432962e-07	4.383604e-01	4.447052e-01	4.527135e-01
2.070408332004391e-07	4.383728e-01	4.447215e-01	4.527096e-01
2.070629760575819e-07	4.383800e-01	4.447319e-01	4.527071e-01
2.070851189147248e-07	4.383864e-01	4.447422e-01	4.527046e-01
2.071072617718677e-07	4.383922e-01	4.447523e-01	4.527021e-01
2.071294046290106e-07	4.383974e-01	4.447623e-01	4.526996e-01
2.071515474861535e-07	4.384018e-01	4.447721e-01	4.526971e-01
2.071736903432964e-07	4.384056e-01	4.447819e-01	4.526945e-01
2.071958332004392e-07	4.384087e-01	4.447914e-01	4.526920e-01
2.072066903432964e-07	4.384099e-01	4.447961e-01	4.526908e-01
2.072175474861535e-07	4.384109e-01	4.448006e-01	4.526895e-01
2.072284046290107e-07	4.384117e-01	4.448052e-01	4.526883e-01
2.072392617718678e-07	4.384123e-01	4.448097e-01	4.526871e-01
2.072501189147250e-07	4.384127e-01	4.448141e-01	4.526858e-01
2.072609760575822e-07	4.384130e-01	4.448186e-01	4.526846e-01
2.072718332004393e-07	4.384130e-01	4.448229e-01	4.526833e-01
2.072865474861536e-07	4.384127e-01	4.448288e-01	4.526817e-01
2.073012617718679e-07	4.384121e-01	4.448346e-01	4.526800e-01
2.073159760575822e-07	4.384110e-01	4.448402e-01	4.526783e-01
2.073306903432965e-07	4.384096e-01	4.448458e-01	4.526766e-01
2.073454046290108e-07	4.384078e-01	4.448514e-01	4.526749e-01
2.073601189147251e-07	4.384057e-01	4.448568e-01	4.526733e-01
2.073748332004394e-07	4.384031e-01	4.448622e-01	4.526716e-01
2.074045474861538e-07	4.383968e-01	4.448727e-01	4.526682e-01
2.074342617718681e-07	4.383889e-01	4.448829e-01	4.526649e-01
2.074639760575824e-07	4.383797e-01	4.448927e-01	4.526615e-01
2.074936903432967e-07	4.383689e-01	4.449022e-01	4.526581e-01
2.075234046290110e-07	4.383567e-01	4.449113e-01	4.526548e-01
2.075531189147253e-07	4.383430e-01	4.449201e-01	4.526514e-01
2.075828332004397e-07	4.383279e-01	4.449286e-01	4.526481e-01
2.076174046290111e-07	4.383084e-01	4.449379e-01	4.526442e-01
2.076519760575826e-07	4.382876e-01	4.449469e-01	4.526404e-01
2.076865474861541e-07	4.382653e-01	4.449556e-01	4.526365e-01
2.077211189147255e-07	4.382416e-01	4.449638e-01	4.526327e-01
2.077556903432970e-07	4.382164e-01	4.449718e-01	4.526289e-01
2.077902617718685e-07	4.381898e-01	4.449793e-01	4.526252e-01
2.078248332004399e-07	4.381618e-01	4.449865e-01	4.526214e-01
2.078258332004399e-07	4.381610e-01	4.449867e-01	4.526213e-01
2.078986903432972e-07	4.380965e-01	4.450003e-01	4.526134e-01
2.079715474861544e-07	4.380315e-01	4.450138e-01	4.526056e-01
2.080444046290116e-07	4.379660e-01	4.450272e-01	4.525980e-01
2.081172617718688e-07	4.378999e-01	4.450404e-01	4.525905e-01
2.081901189147261e-07	4.378333e-01	4.450535e-01	4.525831e-01
2.082629760575833e-07	4.377662e-01	4.450664e-01	4.525758e-01
2.083358332004405e-07	4.376986e-01	4.450792e-01	4.525686e-01
2.083892617718691e-07	4.376522e-01	4.450895e-01	4.525634e-01
2.084426903432978e-07	4.376084e-01	4.451005e-01	4.525583e-01
2.084961189147264e-07	4.375671e-01	4.451121e-01	4.525533e-01
2.085495474861551e-07	4.375284e-01	4.451245e-01	4.525484e-01
2.086029760575837e-07	4.374923e-01	4.451375e-01	4.525436e-01
2.086564046290123e-07	4.374587e-01	4.451512e-01	4.525388e-01
2.087098332004409e-07	4.374276e-01	4.451657e-01	4.525341e-01
2.087296903432981e-07	4.374171e-01	4.451713e-01	4.525324e-01
2.087495474861553e-07	4.374070e-01	4.451770e-01	4.525307e-01
2.087694046290125e-07	4.373974e-01	4.451828e-01	4.525290e-01
2.087892617718696e-07	4.373882e-01	4.451888e-01	4.525273e-01
2.088091189147268e-07	4.373795e-01	4.451949e-01	4.525257e-01
2.088289760575839e-07	4.373713e-01	4.452011e-01	4.525240e-01
2.088488332004411e-07	4.373636e-01	4.452074e-01	4.525224e-01
2.088498332004411e-07	4.373632e-01	4.452077e-01	4.525223e-01
2.088859760575840e-07	4.373503e-01	4.452196e-01	4.525193e-01
2.089221189147269e-07	4.373391e-01	4.452318e-01	4.525164e-01
2.089582617718698e-07	4.373295e-01	4.452444e-01	4.525135e-01
2.089944046290127e-07	4.373215e-01	4.452573e-01	4.525107e-01
2.090305474861556e-07	4.373151e-01	4.452706e-01	4.525079e-01
2.090666903432985e-07	4.373103e-01	4.452843e-01	4.525051e-01
2.091028332004414e-07	4.373071e-01	4.452983e-01	4.525024e-01
2.091228332004414e-07	4.373060e-01	4.453062e-01	4.525009e-01
2.091428332004414e-07	4.373055e-01	4.453142e-01	4.524995e-01
2.091628332004415e-07	4.373054e-01	4.453223e-01	4.524980e-01
2.091828332004415e-07	4.373057e-01	4.453305e-01	4.524966e-01
2.092028332004415e-07	4.373066e-01	4.453388e-01	4.524951e-01
2.092228332004415e-07	4.373079e-01	4.453472e-01	4.524937e-01
2.092428332004416e-07	4.373097e-01	4.453557e-01	4.524923e-01
2.092978332004416e-07	4.373174e-01	4.453795e-01	4.524885e-01
2.093528332004417e-07	4.373283e-01	4.454038e-01	4.524848e-01
2.094078332004417e-07	4.373422e-01	4.454284e-01	4.524811e-01
2.094628332004418e-07	4.373593e-01	4.454534e-01	4.524776e-01
2.095178332004419e-07	4.373796e-01	4.454788e-01	4.524742e-01
2.095728332004419e-07	4.374030e-01	4.455046e-01	4.524709e-01
2.096278332004420e-07	4.374296e-01	4.455307e-01	4.524676e-01
2.096628332004420e-07	4.374478e-01	4.455473e-01	4.524656e-01
2.096978332004421e-07	4.374669e-01	4.455639e-01	4.524636e-01
2.097328332004421e-07	4.374870e-01	4.455804e-01	4.524617e-01
2.097678332004421e-07	4.375081e-01	4.455969e-01	4.524598e-01
2.098028332004422e-07	4.375301e-01	4.456134e-01	4.524579e-01
2.098378332004422e-07	4.375530e-01	4.456298e-01	4.524561e-01
2.098728332004423e-07	4.375768e-01	4.456462e-01	4.524543e-01
2.098738332004423e-07	4.375775e-01	4.456466e-01	4.524543e-01
2.099656903432995e-07	4.376453e-01	4.456896e-01	4.524498e-01
2.100575474861568e-07	4.377163e-01	4.457308e-01	4.524455e-01
2.101494046290140e-07	4.377905e-01	4.457701e-01	4.524415e-01
2.102412617718712e-07	4.378679e-01	4.458075e-01	4.524376e-01
2.103331189147285e-07	4.379485e-01	4.458430e-01	4.524341e-01
2.104249760575857e-07	4.380323e-01	4.458767e-01	4.524307e-01
2.105168332004430e-07	4.381194e-01	4.459085e-01	4.524276e-01
2.105711189147288e-07	4.381706e-01	4.459257e-01	4.524259e-01
2.106254046290146e-07	4.382220e-01	4.459419e-01	4.524242e-01
2.106796903433003e-07	4.382735e-01	4.459570e-01	4.524226e-01
2.107339760575861e-07	4.383251e-01	4.459712e-01	4.524211e-01
2.107882617718719e-07	4.383769e-01	4.459843e-01	4.524196e-01
2.108425474861577e-07	4.384287e-01	4.459964e-01	4.524182e-01
2.108968332004434e-07	4.384806e-01	4.460075e-01	4.524169e-01
2.108978332004434e-07	4.384815e-01	4.460077e-01	4.524168e-01
2.109561189147292e-07	4.385370e-01	4.460183e-01	4.524155e-01
2.110144046290150e-07	4.385921e-01	4.460277e-01	4.524142e-01
2.110726903433008e-07	4.386468e-01	4.460358e-01	4.524130e-01
2.111309760575865e-07	4.387011e-01	4.460428e-01	4.524119e-01
2.111892617718723e-07	4.387550e-01	4.460485e-01	4.524108e-01
2.112475474861581e-07	4.388085e-01	4.460530e-01	4.524098e-01
2.113058332004439e-07	4.388616e-01	4.460563e-01	4.524089e-01
2.113344046290154e-07	4.388874e-01	4.460575e-01	4.524084e-01
2.113629760575868e-07	4.389130e-01	4.460584e-01	4.524080e-01
2.113915474861583e-07	4.389385e-01	4.460591e-01	4.524076e-01
2.114201189147297e-07	4.389638e-01	4.460594e-01	4.524072e-01
2.114486903433012e-07	4.389890e-01	4.460596e-01	4.524068e-01
2.114772617718726e-07	4.390141e-01	4.460594e-01	4.524064e-01
2.115058332004441e-07	4.390390e-01	4.460590e-01	4.524061e-01
2.115651189147299e-07	4.390902e-01	4.460572e-01	4.524054e-01
2.116244046290157e-07	4.391406e-01	4.460545e-01	4.524048e-01
2.116836903433015e-07	4.391904e-01	4.460508e-01	4.524042e-01
2.117429760575872e-07	4.392395e-01	4.460461e-01	4.524036e-01
2.118022617718730e-07	4.392878e-01	4.460405e-01	4.524032e-01
2.118615474861588e-07	4.393355e-01	4.460339e-01	4.524028e-01
2.119208332004446e-07	4.393825e-01	4.460264e-01	4.524024e-01
2.119218332004446e-07	4.393833e-01	4.460262e-01	4.524024e-01
2.119782617718732e-07	4.394273e-01	4.460183e-01	4.524021e-01
2.120346903433019e-07	4.394706e-01	4.460098e-01	4.524018e-01
2.120911189147305e-07	4.395134e-01	4.460007e-01	4.524016e-01
2.121475474861591e-07	4.395555e-01	4.459910e-01	4.524014e-01
2.122039760575878e-07	4.395971e-01	4.459807e-01	4.524012e-01
2.122604046290164e-07	4.396380e-01	4.459698e-01	4.524011e-01
2.123168332004450e-07	4.396783e-01	4.459584e-01	4.524010e-01
2.123259760575879e-07	4.396848e-01	4.459565e-01	4.524010e-01
2.123351189147308e-07	4.396912e-01	4.459546e-01	4.524010e-01
2.123442617718736e-07	4.396977e-01	4.459527e-01	4.524010e-01
2.123534046290165e-07	4.397041e-01	4.459508e-01	4.524010e-01
2.123625474861594e-07	4.397105e-01	4.459489e-01	4.524010e-01
2.123716903433022e-07	4.397169e-01	4.459470e-01	4.524010e-01
2.123808332004451e-07	4.397233e-01	4.459450e-01	4.524010e-01
2.123992617718737e-07	4.397362e-01	4.459411e-01	4.524011e-01
2.124176903433023e-07	4.397489e-01	4.459371e-01	4.524013e-01
2.124361189147309e-07	4.397617e-01	4.459330e-01	4.524016e-01
2.124545474861595e-07	4.397743e-01	4.459290e-01	4.524020e-01
2.124729760575881e-07	4.397869e-01	4.459249e-01	4.524026e-01
2.124914046290167e-07	4.397994e-01	4.459208e-01	4.524033e-01
2.125098332004453e-07	4.398119e-01	4.459166e-01	4.524041e-01
2.125249760575881e-07	4.398221e-01	4.459131e-01	4.524050e-01
2.125401189147310e-07	4.398323e-01	4.459097e-01	4.524061e-01
2.125552617718739e-07	4.398424e-01	4.459062e-01	4.524072e-01
2.125704046290168e-07	4.398525e-01	4.459027e-01	4.524086e-01
2.125855474861596e-07	4.398626e-01	4.458992e-01	4.524101e-01
2.126006903433025e-07	4.398726e-01	4.458956e-01	4.524117e-01
2.126158332004454e-07	4.398826e-01	4.458921e-01	4.524135e-01
2.126356903433025e-07	4.398956e-01	4.458874e-01	4.524162e-01
2.126555474861597e-07	4.399086e-01	4.458826e-01	4.524191e-01
2.126754046290169e-07	4.399215e-01	4.458779e-01	4.524222e-01
2.126952617718740e-07	4.399344e-01	4.458731e-01	4.524255e-01
2.127151189147312e-07	4.399471e-01	4.458684e-01	4.524290e-01
2.127349760575884e-07	4.399599e-01	4.458635e-01	4.524328e-01
2.127548332004455e-07	4.399725e-01	4.458587e-01	4.524367e-01
2.127819760575884e-07	4.399898e-01	4.458521e-01	4.524426e-01
2.128091189147313e-07	4.400069e-01	4.458454e-01	4.524484e-01
2.128362617718742e-07	4.400239e-01	4.458388e-01	4.524542e-01
2.128634046290171e-07	4.400408e-01	4.458321e-01	4.524600e-01
2.128905474861600e-07	4.400576e-01	4.458254e-01	4.524657e-01
2.129176903433029e-07	4.400743e-01	4.458187e-01	4.524715e-01
2.129448332004457e-07	4.400909e-01	4.458120e-01	4.524773e-01
2.129458332004458e-07	4.400916e-01	4.458117e-01	4.524775e-01
2.129692617718743e-07	4.401058e-01	4.458059e-01	4.524821e-01
2.129926903433030e-07	4.401200e-01	4.458001e-01	4.524864e-01
2.130161189147315e-07	4.401341e-01	4.457943e-01	4.524902e-01
2.130395474861602e-07	4.401481e-01	4.457885e-01	4.524937e-01
2.130629760575887e-07	4.401621e-01	4.457827e-01	4.524968e-01
2.130864046290173e-07	4.401760e-01	4.457769e-01	4.524995e-01
2.131098332004459e-07	4.401898e-01	4.457711e-01	4.525018e-01
2.131241189147317e-07	4.401982e-01	4.457675e-01	4.525029e-01
2.131384046290174e-07	4.402066e-01	4.457640e-01	4.525037e-01
2.131526903433031e-07	4.402149e-01	4.457605e-01	4.525044e-01
2.131669760575889e-07	4.402233e-01	4.457570e-01	4.525048e-01
2.131812617718746e-07	4.402316e-01	4.457535e-01	4.525050e-01
2.131955474861603e-07	4.402398e-01	4.457500e-01	4.525051e-01
2.132098332004461e-07	4.402481e-01	4.457465e-01	4.525048e-01
2.132285474861604e-07	4.402589e-01	4.457420e-01	4.525042e-01
2.132472617718747e-07	4.402696e-01	4.457374e-01	4.525032e-01
2.132659760575890e-07	4.402803e-01	4.457329e-01	4.525017e-01
2.132846903433033e-07	4.402910e-01	4.457284e-01	4.524999e-01
2.133034046290176e-07	4.403016e-01	4.457239e-01	4.524976e-01
2.133221189147319e-07	4.403122e-01	4.457194e-01	4.524950e-01
2.133408332004462e-07	4.403227e-01	4.457149e-01	4.524919e-01
2.133706903433034e-07	4.403395e-01	4.457078e-01	4.524861e-01
2.134005474861606e-07	4.403561e-01	4.457008e-01	4.524793e-01
2.134304046290177e-07	4.403727e-01	4.456938e-01	4.524717e-01
2.134602617718749e-07	4.403892e-01	4.456869e-01	4.524632e-01
2.134901189147321e-07	4.404055e-01	4.456800e-01	4.524538e-01
2.135199760575893e-07	4.404218e-01	4.456732e-01	4.524435e-01
2.135498332004464e-07	4.404380e-01	4.456665e-01	4.524322e-01
2.136096903433037e-07	4.404703e-01	4.456531e-01	4.524064e-01
2.136695474861609e-07	4.405022e-01	4.456401e-01	4.523799e-01
2.137294046290181e-07	4.405338e-01	4.456273e-01	4.523527e-01
2.137892617718753e-07	4.405651e-01	4.456149e-01	4.523249e-01
2.138491189147325e-07	4.405961e-01	4.456029e-01	4.522964e-01
2.139089760575897e-07	4.406268e-01	4.455911e-01	4.522672e-01
2.139688332004469e-07	4.406572e-01	4.455797e-01	4.522373e-01
2.139698332004469e-07	4.406577e-01	4.455796e-01	4.522368e-01
2.140094046290184e-07	4.406777e-01	4.455722e-01	4.522186e-01
2.140489760575899e-07	4.406975e-01	4.455651e-01	4.522015e-01
2.140885474861613e-07	4.407173e-01	4.455581e-01	4.521854e-01
2.141281189147328e-07	4.407369e-01	4.455513e-01	4.521704e-01
2.141676903433043e-07	4.407564e-01	4.455446e-01	4.521565e-01
2.142072617718757e-07	4.407758e-01	4.455381e-01	4.521437e-01
2.142468332004472e-07	4.407951e-01	4.455318e-01	4.521319e-01
2.142768332004473e-07	4.408096e-01	4.455271e-01	4.521241e-01
2.143068332004473e-07	4.408241e-01	4.455226e-01	4.521172e-01
2.143368332004473e-07	4.408385e-01	4.455181e-01	4.521111e-01
2.143668332004474e-07	4.408529e-01	4.455137e-01	4.521059e-01
2.143968332004474e-07	4.408672e-01	4.455094e-01	4.521016e-01
2.144268332004474e-07	4.408814e-01	4.455053e-01	4.520981e-01
2.144568332004475e-07	4.408956e-01	4.455012e-01	4.520955e-01
2.144818332004475e-07	4.409074e-01	4.454979e-01	4.520941e-01
2.145068332004475e-07	4.409192e-01	4.454946e-01	4.520933e-01
2.145318332004475e-07	4.409309e-01	4.454914e-01	4.520930e-01
2.145568332004476e-07	4.409425e-01	4.454883e-01	4.520934e-01
2.145818332004476e-07	4.409542e-01	4.454853e-01	4.520944e-01
2.146068332004476e-07	4.409658e-01	4.454823e-01	4.520960e-01
2.146318332004477e-07	4.409773e-01	4.454794e-01	4.520982e-01
2.146735474861620e-07	4.409965e-01	4.454747e-01	4.521033e-01
2.147152617718763e-07	4.410156e-01	4.454702e-01	4.521097e-01
2.147569760575907e-07	4.410346e-01	4.454659e-01	4.521175e-01
2.147986903433050e-07	4.410535e-01	4.454617e-01	4.521265e-01
2.148404046290193e-07	4.410723e-01	4.454578e-01	4.521369e-01
2.148821189147337e-07	4.410910e-01	4.454540e-01	4.521487e-01
2.149238332004480e-07	4.411096e-01	4.454504e-01	4.521617e-01
2.149938332004481e-07	4.411406e-01	4.454448e-01	4.521854e-01
2.150691189147339e-07	4.411736e-01	4.454393e-01	4.522150e-01
2.151444046290197e-07	4.412063e-01	4.454343e-01	4.522450e-01
2.152196903433055e-07	4.412387e-01	4.454298e-01	4.522753e-01
2.152949760575913e-07	4.412709e-01	4.454258e-01	4.523060e-01
2.153702617718771e-07	4.413028e-01	4.454224e-01	4.523371e-01
2.154455474861629e-07	4.413343e-01	4.454194e-01	4.523685e-01
2.155208332004487e-07	4.413656e-01	4.454169e-01	4.524002e-01
2.155228332004487e-07	4.413664e-01	4.454169e-01	4.524010e-01
2.155238332004487e-07	4.413668e-01	4.454168e-01	4.524013e-01
2.155248332004487e-07	4.413672e-01	4.454168e-01	4.524017e-01
2.155529760575916e-07	4.413789e-01	4.454160e-01	4.524129e-01
2.155811189147344e-07	4.413904e-01	4.454152e-01	4.524234e-01
2.156092617718773e-07	4.414020e-01	4.454145e-01	4.524334e-01
2.156374046290202e-07	4.414135e-01	4.454139e-01	4.524428e-01
2.156655474861631e-07	4.414250e-01	4.454133e-01	4.524516e-01
2.156936903433060e-07	4.414364e-01	4.454128e-01	4.524599e-01
2.157218332004489e-07	4.414478e-01	4.454123e-01	4.524676e-01
2.157388332004489e-07	4.414546e-01	4.454120e-01	4.524717e-01
2.157558332004489e-07	4.414615e-01	4.454118e-01	4.524753e-01
2.157728332004490e-07	4.414683e-01	4.454115e-01	4.524785e-01
2.157898332004490e-07	4.414751e-01	4.454113e-01	4.524813e-01
2.158068332004490e-07	4.414819e-01	4.454111e-01	4.524836e-01
2.158238332004490e-07	4.414887e-01	4.454110e-01	4.524855e-01
2.158408332004490e-07	4.414955e-01	4.454108e-01	4.524870e-01
2.158544046290205e-07	4.415009e-01	4.454107e-01	4.524878e-01
2.158679760575919e-07	4.415063e-01	4.454106e-01	4.524884e-01
2.158815474861634e-07	4.415117e-01	4.454105e-01	4.524886e-01
2.158951189147348e-07	4.415171e-01	4.454104e-01	4.524884e-01
2.159086903433063e-07	4.415225e-01	4.454104e-01	4.524880e-01
2.159222617718777e-07	4.415278e-01	4.454103e-01	4.524873e-01
2.159358332004491e-07	4.415332e-01	4.454103e-01	4.524863e-01
2.159474046290206e-07	4.415377e-01	4.454102e-01	4.524851e-01
2.159589760575920e-07	4.415423e-01	4.454102e-01	4.524838e-01
2.159705474861635e-07	4.415469e-01	4.454102e-01	4.524822e-01
2.159821189147349e-07	4.415514e-01	4.454102e-01	4.524804e-01
2.159936903433064e-07	4.415559e-01	4.454102e-01	4.524784e-01
2.160052617718778e-07	4.415605e-01	4.454102e-01	4.524762e-01
2.160168332004492e-07	4.415650e-01	4.454102e-01	4.524738e-01
2.160178332004492e-07	4.415654e-01	4.454102e-01	4.524736e-01
2.160485474861636e-07	4.415773e-01	4.454103e-01	4.524659e-01
2.160792617718779e-07	4.415893e-01	4.454104e-01	4.524570e-01
2.161099760575922e-07	4.416012e-01	4.454105e-01	4.524472e-01
2.161406903433065e-07	4.416130e-01	4.454107e-01	4.524362e-01
2.161714046290208e-07	4.416249e-01	4.454110e-01	4.524243e-01
2.162021189147351e-07	4.416366e-01	4.454113e-01	4.524112e-01
2.162328332004495e-07	4.416484e-01	4.454117e-01	4.523971e-01
2.162738332004495e-07	4.416640e-01	4.454122e-01	4.523770e-01
2.163148332004496e-07	4.416795e-01	4.454127e-01	4.523569e-01
2.163558332004496e-07	4.416950e-01	4.454134e-01	4.523369e-01
2.163968332004497e-07	4.417104e-01	4.454141e-01	4.523168e-01
2.164378332004497e-07	4.417258e-01	4.454148e-01	4.522967e-01
2.164788332004498e-07	4.417411e-01	4.454156e-01	4.522767e-01
2.165198332004498e-07	4.417563e-01	4.454165e-01	4.522566e-01
2.165512617718784e-07	4.417679e-01	4.454172e-01	4.522423e-01
2.165826903433070e-07	4.417795e-01	4.454179e-01	4.522287e-01
2.166141189147356e-07	4.417910e-01	4.454187e-01	4.522159e-01
2.166455474861642e-07	4.418025e-01	4.454195e-01	4.522040e-01
2.166769760575928e-07	4.418140e-01	4.454203e-01	4.521928e-01
2.167084046290215e-07	4.418254e-01	4.454211e-01	4.521824e-01
2.167398332004501e-07	4.418368e-01	4.454219e-01	4.521728e-01
2.167665474861644e-07	4.418465e-01	4.454227e-01	4.521655e-01
2.167932617718787e-07	4.418561e-01	4.454234e-01	4.521588e-01
2.168199760575930e-07	4.418657e-01	4.454242e-01	4.521529e-01
2.168466903433073e-07	4.418753e-01	4.454250e-01	4.521477e-01
2.168734046290216e-07	4.418849e-01	4.454258e-01	4.521431e-01
2.169001189147359e-07	4.418944e-01	4.454266e-01	4.521392e-01
2.169268332004503e-07	4.419039e-01	4.454274e-01	4.521360e-01
2.169431189147360e-07	4.419097e-01	4.454279e-01	4.521344e-01
2.169594046290217e-07	4.419155e-01	4.454284e-01	4.521330e-01
2.169756903433075e-07	4.419213e-01	4.454289e-01	4.521318e-01
2.169919760575932e-07	4.419271e-01	4.454294e-01	4.521309e-01
2.170082617718789e-07	4.419328e-01	4.454299e-01	4.521302e-01
2.170245474861647e-07	4.419386e-01	4.454304e-01	4.521296e-01
2.170408332004504e-07	4.419443e-01	4.454309e-01	4.521294e-01
2.170418332004504e-07	4.419447e-01	4.454310e-01	4.521294e-01
2.170655474861647e-07	4.419530e-01	4.454317e-01	4.521294e-01
2.170892617718790e-07	4.419613e-01	4.454325e-01	4.521297e-01
2.171129760575933e-07	4.419696e-01	4.454333e-01	4.521304e-01
2.171366903433076e-07	4.419779e-01	4.454340e-01	4.521314e-01
2.171604046290220e-07	4.419862e-01	4.454348e-01	4.521327e-01
2.171841189147363e-07	4.419944e-01	4.454356e-01	4.521344e-01
2.172078332004506e-07	4.420027e-01	4.454364e-01	4.521364e-01
2.172616903433078e-07	4.420213e-01	4.454382e-01	4.521425e-01
2.173155474861650e-07	4.420399e-01	4.454400e-01	4.521485e-01
2.173694046290222e-07	4.420583e-01	4.454418e-01	4.521544e-01
2.174232617718794e-07	4.420767e-01	4.454436e-01	4.521602e-01
2.174771189147366e-07	4.420950e-01	4.454454e-01	4.521659e-01
2.175309760575938e-07	4.421133e-01	4.454472e-01	4.521715e-01
2.175848332004510e-07	4.421314e-01	4.454491e-01	4.521770e-01
2.176098332004510e-07	4.421398e-01	4.454499e-01	4.521787e-01
2.176348332004511e-07	4.421482e-01	4.454507e-01	4.521801e-01
2.176598332004511e-07	4.421566e-01	4.454516e-01	4.521810e-01
2.176848332004511e-07	4.421649e-01	4.454524e-01	4.521815e-01
2.177098332004512e-07	4.421733e-01	4.454532e-01	4.521817e-01
2.177348332004512e-07	4.421816e-01	4.454540e-01	4.521814e-01
2.177598332004512e-07	4.421899e-01	4.454548e-01	4.521807e-01
2.177912617718798e-07	4.422003e-01	4.454559e-01	4.521792e-01
2.178226903433084e-07	4.422107e-01	4.454569e-01	4.521767e-01
2.178541189147370e-07	4.422211e-01	4.454579e-01	4.521733e-01
2.178855474861656e-07	4.422315e-01	4.454589e-01	4.521689e-01
2.179169760575942e-07	4.422418e-01	4.454599e-01	4.521637e-01
2.179484046290229e-07	4.422521e-01	4.454608e-01	4.521574e-01
2.179798332004515e-07	4.422624e-01	4.454618e-01	4.521503e-01
2.180658332004516e-07	4.422905e-01	4.454644e-01	4.521250e-01
2.181186903433088e-07	4.423076e-01	4.454660e-01	4.521054e-01
2.181715474861660e-07	4.423248e-01	4.454675e-01	4.520825e-01
2.182244046290232e-07	4.423418e-01	4.454690e-01	4.520564e-01
2.182772617718804e-07	4.423588e-01	4.454705e-01	4.520270e-01
2.183301189147376e-07	4.423758e-01	4.454719e-01	4.519945e-01
2.183829760575948e-07	4.423927e-01	4.454733e-01	4.519586e-01
2.184358332004520e-07	4.424095e-01	4.454746e-01	4.519195e-01
2.185291189147378e-07	4.424391e-01	4.454769e-01	4.518411e-01
2.186224046290236e-07	4.424686e-01	4.454791e-01	4.517552e-01
2.187156903433094e-07	4.424979e-01	4.454811e-01	4.516619e-01
2.188089760575953e-07	4.425272e-01	4.454830e-01	4.515610e-01
2.189022617718811e-07	4.425563e-01	4.454848e-01	4.514526e-01
2.189955474861669e-07	4.425852e-01	4.454864e-01	4.513368e-01
2.190888332004527e-07	4.426140e-01	4.454879e-01	4.512134e-01
2.190898332004527e-07	4.426143e-01	4.454879e-01	4.512121e-01
2.192116903433100e-07	4.426518e-01	4.454896e-01	4.510426e-01
2.193335474861673e-07	4.426892e-01	4.454912e-01	4.508719e-01
2.194554046290246e-07	4.427264e-01	4.454925e-01	4.506999e-01
2.195772617718818e-07	4.427634e-01	4.454936e-01	4.505267e-01
2.196991189147391e-07	4.428002e-01	4.454945e-01	4.503523e-01
2.198209760575964e-07	4.428369e-01	4.454951e-01	4.501766e-01
2.199428332004537e-07	4.428735e-01	4.454956e-01	4.499997e-01
2.201128332004539e-07	4.429243e-01	4.454960e-01	4.497647e-01
2.201138332004539e-07	4.429246e-01	4.454960e-01	4.497633e-01
2.202331189147397e-07	4.429600e-01	4.454960e-01	4.496034e-01
2.203524046290256e-07	4.429954e-01	4.454959e-01	4.494496e-01
2.204716903433114e-07	4.430307e-01	4.454957e-01	4.493017e-01
2.205909760575973e-07	4.430658e-01	4.454953e-01	4.491598e-01
2.207102617718831e-07	4.431008e-01	4.454948e-01	4.490239e-01
2.208295474861690e-07	4.431358e-01	4.454942e-01	4.488941e-01
2.209488332004548e-07	4.431706e-01	4.454935e-01	4.487702e-01
2.211378332004550e-07	4.432255e-01	4.454921e-01	4.485867e-01
2.211846903433122e-07	4.432391e-01	4.454918e-01	4.485435e-01
2.212315474861694e-07	4.432527e-01	4.454914e-01	4.485011e-01
2.212784046290266e-07	4.432663e-01	4.454910e-01	4.484595e-01
2.213252617718838e-07	4.432798e-01	4.454906e-01	4.484187e-01
2.213721189147410e-07	4.432933e-01	4.454902e-01	4.483788e-01
2.214189760575982e-07	4.433068e-01	4.454898e-01	4.483396e-01
2.214658332004554e-07	4.433203e-01	4.454894e-01	4.483013e-01
2.214776903433126e-07	4.433238e-01	4.454893e-01	4.482917e-01
2.214895474861697e-07	4.433271e-01	4.454892e-01	4.482821e-01
2.215014046290269e-07	4.433303e-01	4.454890e-01	4.482726e-01
2.215132617718840e-07	4.433335e-01	4.454889e-01	4.482632e-01
2.215251189147412e-07	4.433365e-01	4.454888e-01	4.482537e-01
2.215369760575983e-07	4.433394e-01	4.454887e-01	4.482444e-01
2.215488332004555e-07	4.433422e-01	4.454885e-01	4.482350e-01
2.215608332004555e-07	4.433449e-01	4.454884e-01	4.482256e-01
2.215728332004555e-07	4.433474e-01	4.454883e-01	4.482163e-01
2.215848332004555e-07	4.433497e-01	4.454881e-01	4.482070e-01
2.215968332004556e-07	4.433518e-01	4.454880e-01	4.481977e-01
2.216088332004556e-07	4.433537e-01	4.454878e-01	4.481885e-01
2.216208332004556e-07	4.433555e-01	4.454877e-01	4.481793e-01
2.216328332004556e-07	4.433571e-01	4.454875e-01	4.481702e-01
2.216435474861699e-07	4.433583e-01	4.454873e-01	4.481621e-01
2.216542617718842e-07	4.433594e-01	4.454871e-01	4.481540e-01
2.216649760575985e-07	4.433604e-01	4.454870e-01	4.481460e-01
2.216756903433128e-07	4.433612e-01	4.454868e-01	4.481380e-01
2.216864046290271e-07	4.433619e-01	4.454866e-01	4.481300e-01
2.216971189147414e-07	4.433625e-01	4.454864e-01	4.481220e-01
2.217078332004557e-07	4.433630e-01	4.454862e-01	4.481141e-01
2.217151189147414e-07	4.433632e-01	4.454860e-01	4.481087e-01
2.217224046290271e-07	4.433634e-01	4.454859e-01	4.481034e-01
2.217296903433129e-07	4.433635e-01	4.454857e-01	4.480980e-01
2.217369760575986e-07	4.433636e-01	4.454856e-01	4.480927e-01
2.217442617718843e-07	4.433636e-01	4.454854e-01	4.480874e-01
2.217515474861700e-07	4.433636e-01	4.454852e-01	4.480821e-01
2.217588332004557e-07	4.433635e-01	4.454851e-01	4.480768e-01
2.217809760575986e-07	4.433630e-01	4.454845e-01	4.480609e-01
2.218031189147415e-07	4.433622e-01	4.454839e-01	4.480451e-01
2.218252617718844e-07	4.433614e-01	4.454833e-01	4.480294e-01
2.218474046290273e-07	4.433604e-01	4.454827e-01	4.480138e-01
2.218695474861702e-07	4.433592e-01	4.454821e-01	4.479983e-01
2.218916903433130e-07	4.433580e-01	4.454814e-01	4.479830e-01
2.219138332004559e-07	4.433565e-01	4.454807e-01	4.479678e-01
2.219269760575988e-07	4.433558e-01	4.454803e-01	4.479588e-01
2.219401189147417e-07	4.433551e-01	4.454799e-01	4.479499e-01
2.219532617718845e-07	4.433546e-01	4.454796e-01	4.479410e-01
2.219664046290274e-07	4.433541e-01	4.454792e-01	4.479321e-01
2.219795474861703e-07	4.433536e-01	4.454788e-01	4.479233e-01
2.219926903433132e-07	4.433533e-01	4.454784e-01	4.479145e-01
2.220058332004560e-07	4.433530e-01	4.454780e-01	4.479057e-01
2.220142617718846e-07	4.433529e-01	4.454778e-01	4.479002e-01
2.220226903433132e-07	4.433529e-01	4.454776e-01	4.478946e-01
2.220311189147418e-07	4.433529e-01	4.454774e-01	4.478890e-01
2.220395474861704e-07	4.433530e-01	4.454771e-01	4.478835e-01
2.220479760575989e-07	4.433531e-01	4.454769e-01	4.478779e-01
2.220564046290275e-07	4.433533e-01	4.454767e-01	4.478724e-01
2.220648332004561e-07	4.433536e-01	4.454765e-01	4.478669e-01
2.220785474861704e-07	4.433541e-01	4.454762e-01	4.478580e-01
2.220922617718847e-07	4.433549e-01	4.454759e-01	4.478491e-01
2.221059760575990e-07	4.433558e-01	4.454756e-01	4.478403e-01
2.221196903433133e-07	4.433570e-01	4.454754e-01	4.478315e-01
2.221334046290276e-07	4.433583e-01	4.454751e-01	4.478227e-01
2.221471189147419e-07	4.433599e-01	4.454749e-01	4.478139e-01
2.221608332004562e-07	4.433617e-01	4.454747e-01	4.478052e-01
2.221618332004562e-07	4.433618e-01	4.454747e-01	4.478046e-01
2.221754046290277e-07	4.433639e-01	4.454746e-01	4.477960e-01
2.221889760575991e-07	4.433661e-01	4.454744e-01	4.477875e-01
2.222025474861705e-07	4.433686e-01	4.454743e-01	4.477790e-01
2.222161189147420e-07	4.433714e-01	4.454743e-01	4.477705e-01
2.222296903433134e-07	4.433743e-01	4.454742e-01	4.477620e-01
2.222432617718849e-07	4.433776e-01	4.454742e-01	4.477536e-01
2.222568332004563e-07	4.433810e-01	4.454742e-01	4.477452e-01
2.222726903433135e-07	4.433854e-01	4.454743e-01	4.477354e-01
2.222885474861706e-07	4.433901e-01	4.454744e-01	4.477257e-01
2.223044046290278e-07	4.433952e-01	4.454745e-01	4.477160e-01
2.223202617718849e-07	4.434006e-01	4.454747e-01	4.477064e-01
2.223361189147421e-07	4.434063e-01	4.454749e-01	4.476968e-01
2.223519760575993e-07	4.434124e-01	4.454752e-01	4.476872e-01
2.223678332004564e-07	4.434188e-01	4.454755e-01	4.476777e-01
2.223918332004565e-07	4.434293e-01	4.454760e-01	4.476633e-01
2.224158332004565e-07	4.434404e-01	4.454767e-01	4.476490e-01
2.224398332004565e-07	4.434522e-01	4.454774e-01	4.476348e-01
2.224638332004565e-07	4.434648e-01	4.454782e-01	4.476207e-01
2.224878332004566e-07	4.434780e-01	4.454791e-01	4.476066e-01
2.225118332004566e-07	4.434919e-01	4.454801e-01	4.475926e-01
2.225358332004566e-07	4.435066e-01	4.454812e-01	4.475787e-01
2.225764046290281e-07	4.435331e-01	4.454833e-01	4.475554e-01
2.226169760575996e-07	4.435607e-01	4.454855e-01	4.475322e-01
2.226575474861711e-07	4.435894e-01	4.454877e-01	4.475091e-01
2.226981189147425e-07	4.436191e-01	4.454900e-01	4.474862e-01
2.227386903433140e-07	4.436500e-01	4.454924e-01	4.474635e-01
2.227792617718855e-07	4.436821e-01	4.454949e-01	4.474410e-01
2.228198332004569e-07	4.437152e-01	4.454974e-01	4.474185e-01
2.228569760575998e-07	4.437457e-01	4.454997e-01	4.473981e-01
2.228941189147427e-07	4.437762e-01	4.455018e-01	4.473778e-01
2.229312617718856e-07	4.438065e-01	4.455038e-01	4.473576e-01
2.229684046290286e-07	4.438366e-01	4.455055e-01	4.473375e-01
2.230055474861715e-07	4.438667e-01	4.455072e-01	4.473174e-01
2.230426903433143e-07	4.438965e-01	4.455086e-01	4.472975e-01
2.230798332004572e-07	4.439262e-01	4.455099e-01	4.472776e-01
2.230948332004573e-07	4.439380e-01	4.455104e-01	4.472696e-01
2.231098332004573e-07	4.439496e-01	4.455108e-01	4.472616e-01
2.231248332004573e-07	4.439610e-01	4.455111e-01	4.472536e-01
2.231398332004573e-07	4.439724e-01	4.455114e-01	4.472456e-01
2.231548332004573e-07	4.439837e-01	4.455116e-01	4.472376e-01
2.231698332004573e-07	4.439948e-01	4.455118e-01	4.472297e-01
2.231848332004574e-07	4.440058e-01	4.455120e-01	4.472218e-01
2.231858332004574e-07	4.440065e-01	4.455120e-01	4.472212e-01
2.232021189147431e-07	4.440183e-01	4.455121e-01	4.472126e-01
2.232184046290288e-07	4.440299e-01	4.455121e-01	4.472040e-01
2.232346903433146e-07	4.440413e-01	4.455121e-01	4.471954e-01
2.232509760576003e-07	4.440525e-01	4.455120e-01	4.471869e-01
2.232672617718860e-07	4.440635e-01	4.455119e-01	4.471783e-01
2.232835474861718e-07	4.440743e-01	4.455117e-01	4.471698e-01
2.232998332004575e-07	4.440850e-01	4.455114e-01	4.471612e-01
2.233281189147432e-07	4.441029e-01	4.455108e-01	4.471464e-01
2.233564046290290e-07	4.441202e-01	4.455099e-01	4.471316e-01
2.233846903433147e-07	4.441368e-01	4.455088e-01	4.471169e-01
2.234129760576005e-07	4.441526e-01	4.455076e-01	4.471022e-01
2.234412617718862e-07	4.441678e-01	4.455061e-01	4.470875e-01
2.234695474861720e-07	4.441822e-01	4.455045e-01	4.470728e-01
2.234978332004577e-07	4.441959e-01	4.455026e-01	4.470582e-01
2.235396903433149e-07	4.442147e-01	4.454994e-01	4.470366e-01
2.235815474861721e-07	4.442319e-01	4.454958e-01	4.470150e-01
2.236234046290293e-07	4.442474e-01	4.454918e-01	4.469935e-01
2.236652617718865e-07	4.442613e-01	4.454874e-01	4.469720e-01
2.237071189147437e-07	4.442735e-01	4.454826e-01	4.469506e-01
2.237489760576009e-07	4.442840e-01	4.454775e-01	4.469292e-01
2.237908332004580e-07	4.442929e-01	4.454719e-01	4.469079e-01
2.238218332004581e-07	4.442984e-01	4.454676e-01	4.468921e-01
2.238528332004581e-07	4.443032e-01	4.454632e-01	4.468764e-01
2.238838332004582e-07	4.443072e-01	4.454586e-01	4.468607e-01
2.239148332004582e-07	4.443104e-01	4.454539e-01	4.468450e-01
2.239458332004582e-07	4.443128e-01	4.454491e-01	4.468293e-01
2.239768332004583e-07	4.443145e-01	4.454442e-01	4.468137e-01
2.240078332004583e-07	4.443153e-01	4.454391e-01	4.467981e-01
2.240295474861726e-07	4.443155e-01	4.454356e-01	4.467872e-01
2.240512617718869e-07	4.443155e-01	4.454320e-01	4.467762e-01
2.240729760576012e-07	4.443151e-01	4.454284e-01	4.467653e-01
2.240946903433155e-07	4.443144e-01	4.454248e-01	4.467544e-01
2.241164046290299e-07	4.443134e-01	4.454211e-01	4.467436e-01
2.241381189147441e-07	4.443122e-01	4.454175e-01	4.467327e-01
2.241598332004585e-07	4.443106e-01	4.454138e-01	4.467219e-01
2.241668332004585e-07	4.443100e-01	4.454126e-01	4.467184e-01
2.241738332004585e-07	4.443095e-01	4.454114e-01	4.467149e-01
2.241808332004585e-07	4.443089e-01	4.454102e-01	4.467114e-01
2.241878332004585e-07	4.443082e-01	4.454090e-01	4.467079e-01
2.241948332004585e-07	4.443076e-01	4.454079e-01	4.467044e-01
2.242018332004585e-07	4.443069e-01	4.454067e-01	4.467009e-01
2.242088332004585e-07	4.443062e-01	4.454055e-01	4.466974e-01
2.242098332004585e-07	4.443061e-01	4.454053e-01	4.466969e-01
2.242729760576014e-07	4.442979e-01	4.453945e-01	4.466655e-01
2.243361189147444e-07	4.442888e-01	4.453842e-01	4.466342e-01
2.243992617718873e-07	4.442788e-01	4.453743e-01	4.466030e-01
2.244624046290302e-07	4.442677e-01	4.453650e-01	4.465720e-01
2.245255474861732e-07	4.442557e-01	4.453561e-01	4.465411e-01
2.245886903433161e-07	4.442427e-01	4.453477e-01	4.465103e-01
2.246518332004590e-07	4.442288e-01	4.453399e-01	4.464796e-01
2.246658332004590e-07	4.442258e-01	4.453383e-01	4.464729e-01
2.246678332004590e-07	4.442254e-01	4.453380e-01	4.464719e-01
2.246698332004590e-07	4.442250e-01	4.453378e-01	4.464709e-01
2.246718332004590e-07	4.442245e-01	4.453377e-01	4.464699e-01
2.246768332004591e-07	4.442235e-01	4.453371e-01	4.464675e-01
2.246818332004591e-07	4.442224e-01	4.453365e-01	4.464651e-01
2.246868332004591e-07	4.442214e-01	4.453359e-01	4.464627e-01
2.246918332004591e-07	4.442203e-01	4.453353e-01	4.464603e-01
2.246968332004591e-07	4.442193e-01	4.453348e-01	4.464579e-01
2.247018332004591e-07	4.442182e-01	4.453342e-01	4.464554e-01
2.247068332004591e-07	4.442171e-01	4.453337e-01	4.464530e-01
2.247181189147448e-07	4.442148e-01	4.453324e-01	4.464476e-01
2.247294046290306e-07	4.442124e-01	4.453311e-01	4.464421e-01
2.247406903433163e-07	4.442100e-01	4.453297e-01	4.464367e-01
2.247519760576020e-07	4.442077e-01	4.453283e-01	4.464313e-01
2.247632617718877e-07	4.442053e-01	4.453269e-01	4.464259e-01
2.247745474861735e-07	4.442030e-01	4.453254e-01	4.464204e-01
2.247858332004592e-07	4.442007e-01	4.453238e-01	4.464150e-01
2.248011189147449e-07	4.441976e-01	4.453216e-01	4.464077e-01
2.248164046290307e-07	4.441945e-01	4.453193e-01	4.464004e-01
2.248316903433164e-07	4.441914e-01	4.453168e-01	4.463931e-01
2.248469760576021e-07	4.441884e-01	4.453142e-01	4.463858e-01
2.248622617718878e-07	4.441855e-01	4.453115e-01	4.463785e-01
2.248775474861736e-07	4.441825e-01	4.453086e-01	4.463712e-01
2.248928332004593e-07	4.441796e-01	4.453056e-01	4.463640e-01
2.249215474861736e-07	4.441742e-01	4.452996e-01	4.463503e-01
2.249502617718879e-07	4.441691e-01	4.452933e-01	4.463367e-01
2.249789760576022e-07	4.441642e-01	4.452869e-01	4.463232e-01
2.250076903433166e-07	4.441596e-01	4.452804e-01	4.463096e-01
2.250364046290309e-07	4.441552e-01	4.452737e-01	4.462962e-01
2.250651189147452e-07	4.441510e-01	4.452668e-01	4.462827e-01
2.250938332004595e-07	4.441471e-01	4.452598e-01	4.462693e-01
2.251136903433167e-07	4.441446e-01	4.452551e-01	4.462601e-01
2.251335474861739e-07	4.441423e-01	4.452506e-01	4.462508e-01
2.251534046290310e-07	4.441401e-01	4.452462e-01	4.462416e-01
2.251732617718882e-07	4.441380e-01	4.452421e-01	4.462324e-01
2.251931189147453e-07	4.441362e-01	4.452380e-01	4.462232e-01
2.252129760576025e-07	4.441345e-01	4.452342e-01	4.462141e-01
2.252328332004597e-07	4.441330e-01	4.452305e-01	4.462049e-01
2.252338332004597e-07	4.441329e-01	4.452303e-01	4.462045e-01
2.252542617718883e-07	4.441315e-01	4.452268e-01	4.461951e-01
2.252746903433169e-07	4.441303e-01	4.452236e-01	4.461857e-01
2.252951189147455e-07	4.441293e-01	4.452208e-01	4.461764e-01
2.253155474861741e-07	4.441285e-01	4.452183e-01	4.461670e-01
2.253359760576027e-07	4.441279e-01	4.452161e-01	4.461577e-01
2.253564046290313e-07	4.441275e-01	4.452142e-01	4.461485e-01
2.253768332004598e-07	4.441273e-01	4.452127e-01	4.461392e-01
2.253866903433170e-07	4.441272e-01	4.452122e-01	4.461347e-01
2.253965474861742e-07	4.441272e-01	4.452117e-01	4.461303e-01
2.254064046290313e-07	4.441273e-01	4.452113e-01	4.461258e-01
2.254162617718885e-07	4.441274e-01	4.452110e-01	4.461214e-01
2.254261189147456e-07	4.441275e-01	4.452108e-01	4.461169e-01
2.254359760576028e-07	4.441277e-01	4.452107e-01	4.461125e-01
2.254458332004599e-07	4.441279e-01	4.452107e-01	4.461081e-01
2.254596903433171e-07	4.441284e-01	4.452108e-01	4.461019e-01
2.254735474861742e-07	4.441289e-01	4.452112e-01	4.460957e-01
2.254874046290314e-07	4.441295e-01	4.452117e-01	4.460895e-01
2.255012617718885e-07	4.441301e-01	4.452125e-01	4.460833e-01
2.255151189147457e-07	4.441309e-01	4.452134e-01	4.460771e-01
2.255289760576029e-07	4.441317e-01	4.452145e-01	4.460709e-01
2.255428332004600e-07	4.441327e-01	4.452159e-01	4.460648e-01
2.255706903433172e-07	4.441348e-01	4.452191e-01	4.460524e-01
2.255985474861744e-07	4.441373e-01	4.452232e-01	4.460401e-01
2.256264046290316e-07	4.441401e-01	4.452280e-01	4.460279e-01
2.256542617718887e-07	4.441431e-01	4.452335e-01	4.460157e-01
2.256821189147459e-07	4.441465e-01	4.452398e-01	4.460035e-01
2.257099760576031e-07	4.441502e-01	4.452469e-01	4.459914e-01
2.257378332004603e-07	4.441542e-01	4.452547e-01	4.459793e-01
2.258119760576032e-07	4.441667e-01	4.452803e-01	4.459473e-01
2.258861189147461e-07	4.441801e-01	4.453084e-01	4.459157e-01
2.259602617718891e-07	4.441943e-01	4.453389e-01	4.458844e-01
2.260344046290320e-07	4.442094e-01	4.453719e-01	4.458534e-01
2.261085474861750e-07	4.442253e-01	4.454074e-01	4.458228e-01
2.261826903433179e-07	4.442421e-01	4.454452e-01	4.457925e-01
2.262568332004608e-07	4.442598e-01	4.454856e-01	4.457625e-01
2.262578332004608e-07	4.442600e-01	4.454861e-01	4.457621e-01
2.263122617718895e-07	4.442726e-01	4.455149e-01	4.457403e-01
2.263666903433181e-07	4.442849e-01	4.455429e-01	4.457187e-01
2.264211189147467e-07	4.442971e-01	4.455701e-01	4.456973e-01
2.264755474861754e-07	4.443090e-01	4.455965e-01	4.456760e-01
2.265299760576040e-07	4.443206e-01	4.456222e-01	4.456549e-01
2.265844046290327e-07	4.443320e-01	4.456470e-01	4.456341e-01
2.266388332004613e-07	4.443432e-01	4.456711e-01	4.456134e-01
2.266886903433185e-07	4.443531e-01	4.456916e-01	4.455945e-01
2.267385474861757e-07	4.443627e-01	4.457108e-01	4.455759e-01
2.267884046290329e-07	4.443720e-01	4.457287e-01	4.455574e-01
2.268382617718901e-07	4.443811e-01	4.457452e-01	4.455390e-01
2.268881189147473e-07	4.443899e-01	4.457603e-01	4.455207e-01
2.269379760576045e-07	4.443985e-01	4.457741e-01	4.455027e-01
2.269878332004617e-07	4.444068e-01	4.457865e-01	4.454847e-01
2.270296903433189e-07	4.444137e-01	4.457957e-01	4.454698e-01
2.270715474861761e-07	4.444205e-01	4.458040e-01	4.454549e-01
2.271134046290333e-07	4.444272e-01	4.458112e-01	4.454402e-01
2.271552617718904e-07	4.444339e-01	4.458174e-01	4.454255e-01
2.271971189147476e-07	4.444406e-01	4.458227e-01	4.454110e-01
2.272389760576048e-07	4.444473e-01	4.458270e-01	4.453965e-01
2.272808332004620e-07	4.444539e-01	4.458303e-01	4.453821e-01
2.272818332004620e-07	4.444540e-01	4.458303e-01	4.453818e-01
2.273032617718906e-07	4.444575e-01	4.458316e-01	4.453745e-01
2.273246903433192e-07	4.444609e-01	4.458327e-01	4.453672e-01
2.273461189147478e-07	4.444644e-01	4.458336e-01	4.453599e-01
2.273675474861764e-07	4.444679e-01	4.458342e-01	4.453527e-01
2.273889760576050e-07	4.444714e-01	4.458347e-01	4.453455e-01
2.274104046290336e-07	4.444750e-01	4.458348e-01	4.453383e-01
2.274318332004622e-07	4.444786e-01	4.458348e-01	4.453311e-01
2.274826903433194e-07	4.444872e-01	4.458337e-01	4.453142e-01
2.275335474861766e-07	4.444962e-01	4.458317e-01	4.452974e-01
2.275844046290338e-07	4.445055e-01	4.458287e-01	4.452807e-01
2.276352617718910e-07	4.445153e-01	4.458247e-01	4.452642e-01
2.276861189147482e-07	4.445254e-01	4.458198e-01	4.452478e-01
2.277369760576054e-07	4.445359e-01	4.458140e-01	4.452315e-01
2.277878332004626e-07	4.445468e-01	4.458071e-01	4.452153e-01
2.278616903433198e-07	4.445635e-01	4.457957e-01	4.451920e-01
2.279355474861770e-07	4.445816e-01	4.457836e-01	4.451690e-01
2.280094046290343e-07	4.446010e-01	4.457707e-01	4.451462e-01
2.280832617718915e-07	4.446218e-01	4.457571e-01	4.451236e-01
2.281571189147487e-07	4.446439e-01	4.457427e-01	4.451013e-01
2.282309760576059e-07	4.446673e-01	4.457276e-01	4.450791e-01
2.283048332004632e-07	4.446921e-01	4.457117e-01	4.450572e-01
2.283058332004632e-07	4.446924e-01	4.457115e-01	4.450569e-01
2.283791189147490e-07	4.447186e-01	4.456958e-01	4.450354e-01
2.284524046290348e-07	4.447461e-01	4.456805e-01	4.450140e-01
2.285256903433206e-07	4.447747e-01	4.456655e-01	4.449928e-01
2.285989760576064e-07	4.448046e-01	4.456509e-01	4.449717e-01
2.286722617718921e-07	4.448357e-01	4.456367e-01	4.449509e-01
2.287455474861780e-07	4.448681e-01	4.456227e-01	4.449301e-01
2.288188332004637e-07	4.449016e-01	4.456092e-01	4.449096e-01
2.288891189147495e-07	4.449348e-01	4.455970e-01	4.448900e-01
2.289594046290353e-07	4.449685e-01	4.455856e-01	4.448706e-01
2.290296903433211e-07	4.450027e-01	4.455749e-01	4.448513e-01
2.290999760576069e-07	4.450375e-01	4.455649e-01	4.448320e-01
2.291702617718927e-07	4.450727e-01	4.455558e-01	4.448129e-01
2.292405474861785e-07	4.451085e-01	4.455474e-01	4.447939e-01
2.293108332004643e-07	4.451447e-01	4.455397e-01	4.447750e-01
2.293298332004643e-07	4.451545e-01	4.455378e-01	4.447699e-01
2.293938332004644e-07	4.451876e-01	4.455318e-01	4.447528e-01
2.294578332004645e-07	4.452206e-01	4.455265e-01	4.447358e-01
2.295218332004645e-07	4.452533e-01	4.455219e-01	4.447188e-01
2.295858332004646e-07	4.452857e-01	4.455179e-01	4.447019e-01
2.296498332004647e-07	4.453180e-01	4.455145e-01	4.446850e-01
2.297138332004648e-07	4.453500e-01	4.455118e-01	4.446683e-01
2.297778332004648e-07	4.453819e-01	4.455097e-01	4.446515e-01
2.298441189147506e-07	4.454143e-01	4.455083e-01	4.446343e-01
2.299104046290364e-07	4.454460e-01	4.455074e-01	4.446170e-01
2.299766903433222e-07	4.454768e-01	4.455070e-01	4.445998e-01
2.300429760576080e-07	4.455069e-01	4.455072e-01	4.445827e-01
2.301092617718938e-07	4.455361e-01	4.455080e-01	4.445656e-01
2.301755474861796e-07	4.455646e-01	4.455093e-01	4.445485e-01
2.302418332004654e-07	4.455923e-01	4.455113e-01	4.445315e-01
2.302576903433225e-07	4.455988e-01	4.455118e-01	4.445274e-01
2.302735474861797e-07	4.456051e-01	4.455123e-01	4.445233e-01
2.302894046290369e-07	4.456115e-01	4.455128e-01	4.445193e-01
2.303052617718940e-07	4.456177e-01	4.455134e-01	4.445152e-01
2.303211189147512e-07	4.456239e-01	4.455140e-01	4.445111e-01
2.303369760576083e-07	4.456301e-01	4.455147e-01	4.445071e-01
2.303528332004655e-07	4.456362e-01	4.455153e-01	4.445030e-01
2.303538332004655e-07	4.456366e-01	4.455154e-01	4.445027e-01
2.303939760576084e-07	4.456517e-01	4.455172e-01	4.444925e-01
2.304341189147513e-07	4.456664e-01	4.455191e-01	4.444822e-01
2.304742617718942e-07	4.456807e-01	4.455211e-01	4.444720e-01
2.305144046290371e-07	4.456946e-01	4.455233e-01	4.444617e-01
2.305545474861800e-07	4.457080e-01	4.455256e-01	4.444515e-01
2.305946903433229e-07	4.457210e-01	4.455281e-01	4.444412e-01
2.306348332004658e-07	4.457336e-01	4.455307e-01	4.444310e-01
2.306641189147515e-07	4.457425e-01	4.455326e-01	4.444234e-01
2.306934046290373e-07	4.457512e-01	4.455346e-01	4.444161e-01
2.307226903433231e-07	4.457596e-01	4.455367e-01	4.444092e-01
2.307519760576088e-07	4.457678e-01	4.455388e-01	4.444027e-01
2.307812617718945e-07	4.457757e-01	4.455409e-01	4.443965e-01
2.308105474861803e-07	4.457834e-01	4.455431e-01	4.443907e-01
2.308398332004660e-07	4.457909e-01	4.455454e-01	4.443852e-01
2.308562617718946e-07	4.457949e-01	4.455467e-01	4.443826e-01
2.308726903433232e-07	4.457989e-01	4.455479e-01	4.443802e-01
2.308891189147518e-07	4.458028e-01	4.455492e-01	4.443779e-01
2.309055474861804e-07	4.458067e-01	4.455506e-01	4.443759e-01
2.309219760576090e-07	4.458104e-01	4.455519e-01	4.443742e-01
2.309384046290376e-07	4.458141e-01	4.455532e-01	4.443726e-01
2.309548332004662e-07	4.458177e-01	4.455546e-01	4.443713e-01
2.309686903433233e-07	4.458207e-01	4.455557e-01	4.443704e-01
2.309825474861805e-07	4.458236e-01	4.455569e-01	4.443696e-01
2.309964046290377e-07	4.458265e-01	4.455581e-01	4.443689e-01
2.310102617718948e-07	4.458293e-01	4.455593e-01	4.443684e-01
2.310241189147520e-07	4.458321e-01	4.455604e-01	4.443680e-01
2.310379760576091e-07	4.458348e-01	4.455616e-01	4.443677e-01
2.310518332004663e-07	4.458375e-01	4.455628e-01	4.443676e-01
2.310681189147520e-07	4.458405e-01	4.455642e-01	4.443677e-01
2.310844046290378e-07	4.458435e-01	4.455656e-01	4.443678e-01
2.311006903433235e-07	4.458464e-01	4.455671e-01	4.443680e-01
2.311169760576092e-07	4.458492e-01	4.455685e-01	4.443684e-01
2.311332617718949e-07	4.458520e-01	4.455699e-01	4.443688e-01
2.311495474861807e-07	4.458547e-01	4.455714e-01	4.443693e-01
2.311658332004664e-07	4.458573e-01	4.455729e-01	4.443700e-01
2.311906903433236e-07	4.458611e-01	4.455751e-01	4.443711e-01
2.312155474861808e-07	4.458647e-01	4.455774e-01	4.443721e-01
2.312404046290379e-07	4.458682e-01	4.455796e-01	4.443730e-01
2.312652617718951e-07	4.458715e-01	4.455819e-01	4.443737e-01
2.312901189147523e-07	4.458747e-01	4.455842e-01	4.443742e-01
2.313149760576094e-07	4.458777e-01	4.455865e-01	4.443746e-01
2.313398332004666e-07	4.458805e-01	4.455889e-01	4.443749e-01
2.313451189147523e-07	4.458810e-01	4.455893e-01	4.443749e-01
2.313504046290381e-07	4.458816e-01	4.455898e-01	4.443748e-01
2.313556903433238e-07	4.458822e-01	4.455903e-01	4.443748e-01
2.313609760576095e-07	4.458827e-01	4.455908e-01	4.443747e-01
2.313662617718952e-07	4.458833e-01	4.455913e-01	4.443746e-01
2.313715474861809e-07	4.458838e-01	4.455918e-01	4.443745e-01
2.313768332004666e-07	4.458843e-01	4.455923e-01	4.443743e-01
2.313778332004667e-07	4.458844e-01	4.455924e-01	4.443743e-01
2.313972617718952e-07	4.458863e-01	4.455943e-01	4.443736e-01
2.314166903433238e-07	4.458881e-01	4.455961e-01	4.443726e-01
2.314361189147524e-07	4.458898e-01	4.455979e-01	4.443712e-01
2.314555474861810e-07	4.458914e-01	4.455998e-01	4.443695e-01
2.314749760576096e-07	4.458929e-01	4.456016e-01	4.443674e-01
2.314944046290382e-07	4.458943e-01	4.456035e-01	4.443649e-01
2.315138332004668e-07	4.458956e-01	4.456053e-01	4.443621e-01
2.315398332004668e-07	4.458971e-01	4.456078e-01	4.443576e-01
2.315658332004669e-07	4.458985e-01	4.456103e-01	4.443523e-01
2.315918332004669e-07	4.458998e-01	4.456128e-01	4.443462e-01
2.316178332004669e-07	4.459009e-01	4.456153e-01	4.443392e-01
2.316438332004670e-07	4.459018e-01	4.456178e-01	4.443314e-01
2.316698332004670e-07	4.459025e-01	4.456203e-01	4.443227e-01
2.316958332004670e-07	4.459031e-01	4.456228e-01	4.443132e-01
2.317329760576099e-07	4.459037e-01	4.456264e-01	4.442979e-01
2.317701189147528e-07	4.459040e-01	4.456299e-01	4.442810e-01
2.318072617718957e-07	4.459039e-01	4.456335e-01	4.442626e-01
2.318444046290386e-07	4.459036e-01	4.456370e-01	4.442426e-01
2.318815474861815e-07	4.459030e-01	4.456406e-01	4.442210e-01
2.319186903433244e-07	4.459020e-01	4.456441e-01	4.441978e-01
2.319558332004673e-07	4.459008e-01	4.456476e-01	4.441731e-01
2.320194046290388e-07	4.458980e-01	4.456536e-01	4.441266e-01
2.320829760576103e-07	4.458945e-01	4.456596e-01	4.440790e-01
2.321465474861818e-07	4.458904e-01	4.456655e-01	4.440304e-01
2.322101189147533e-07	4.458856e-01	4.456713e-01	4.439807e-01
2.322736903433248e-07	4.458801e-01	4.456771e-01	4.439300e-01
2.323372617718963e-07	4.458739e-01	4.456828e-01	4.438783e-01
2.324008332004678e-07	4.458671e-01	4.456884e-01	4.438255e-01
2.324018332004678e-07	4.458670e-01	4.456885e-01	4.438246e-01
2.324522617718964e-07	4.458613e-01	4.456929e-01	4.437847e-01
2.325026903433251e-07	4.458552e-01	4.456972e-01	4.437465e-01
2.325531189147537e-07	4.458489e-01	4.457015e-01	4.437103e-01
2.326035474861823e-07	4.458423e-01	4.457058e-01	4.436759e-01
2.326539760576110e-07	4.458354e-01	4.457100e-01	4.436433e-01
2.327044046290396e-07	4.458283e-01	4.457141e-01	4.436126e-01
2.327548332004682e-07	4.458208e-01	4.457181e-01	4.435838e-01
2.327966903433254e-07	4.458145e-01	4.457215e-01	4.435621e-01
2.328385474861826e-07	4.458081e-01	4.457248e-01	4.435423e-01
2.328804046290398e-07	4.458016e-01	4.457280e-01	4.435244e-01
2.329222617718970e-07	4.457950e-01	4.457312e-01	4.435083e-01
2.329641189147542e-07	4.457882e-01	4.457344e-01	4.434941e-01
2.330059760576114e-07	4.457814e-01	4.457375e-01	4.434817e-01
2.330478332004685e-07	4.457744e-01	4.457406e-01	4.434713e-01
2.330786903433257e-07	4.457692e-01	4.457428e-01	4.434648e-01
2.331095474861829e-07	4.457640e-01	4.457450e-01	4.434593e-01
2.331404046290401e-07	4.457588e-01	4.457472e-01	4.434548e-01
2.331712617718972e-07	4.457535e-01	4.457494e-01	4.434513e-01
2.332021189147544e-07	4.457482e-01	4.457515e-01	4.434488e-01
2.332329760576116e-07	4.457429e-01	4.457536e-01	4.434472e-01
2.332638332004688e-07	4.457376e-01	4.457557e-01	4.434465e-01
2.332868332004688e-07	4.457336e-01	4.457573e-01	4.434467e-01
2.333098332004688e-07	4.457296e-01	4.457588e-01	4.434473e-01
2.333328332004689e-07	4.457256e-01	4.457603e-01	4.434483e-01
2.333558332004689e-07	4.457216e-01	4.457618e-01	4.434498e-01
2.333788332004689e-07	4.457175e-01	4.457633e-01	4.434517e-01
2.334018332004689e-07	4.457135e-01	4.457648e-01	4.434541e-01
2.334248332004690e-07	4.457095e-01	4.457662e-01	4.434570e-01
2.334258332004690e-07	4.457093e-01	4.457663e-01	4.434571e-01
2.334806903433262e-07	4.456996e-01	4.457698e-01	4.434661e-01
2.335355474861834e-07	4.456901e-01	4.457731e-01	4.434767e-01
2.335904046290406e-07	4.456805e-01	4.457764e-01	4.434888e-01
2.336452617718978e-07	4.456710e-01	4.457796e-01	4.435026e-01
2.337001189147550e-07	4.456615e-01	4.457827e-01	4.435181e-01
2.337549760576122e-07	4.456521e-01	4.457858e-01	4.435351e-01
2.338098332004694e-07	4.456427e-01	4.457887e-01	4.435538e-01
2.338108332004694e-07	4.456425e-01	4.457888e-01	4.435541e-01
2.338118332004694e-07	4.456424e-01	4.457888e-01	4.435543e-01
2.338128332004694e-07	4.456422e-01	4.457889e-01	4.435547e-01
2.338138332004694e-07	4.456420e-01	4.457889e-01	4.435552e-01
2.338148332004694e-07	4.456418e-01	4.457890e-01	4.435555e-01
2.338174046290409e-07	4.456414e-01	4.457891e-01	4.435563e-01
2.338199760576123e-07	4.456410e-01	4.457893e-01	4.435572e-01
2.338225474861837e-07	4.456405e-01	4.457894e-01	4.435581e-01
2.338251189147551e-07	4.456401e-01	4.457896e-01	4.435590e-01
2.338276903433266e-07	4.456397e-01	4.457897e-01	4.435598e-01
2.338302617718980e-07	4.456392e-01	4.457898e-01	4.435607e-01
2.338328332004694e-07	4.456388e-01	4.457900e-01	4.435616e-01
2.338639760576123e-07	4.456335e-01	4.457916e-01	4.435728e-01
2.338951189147552e-07	4.456283e-01	4.457932e-01	4.435837e-01
2.339262617718981e-07	4.456231e-01	4.457948e-01	4.435944e-01
2.339574046290410e-07	4.456180e-01	4.457963e-01	4.436049e-01
2.339885474861839e-07	4.456129e-01	4.457979e-01	4.436152e-01
2.340196903433268e-07	4.456078e-01	4.457994e-01	4.436252e-01
2.340508332004697e-07	4.456028e-01	4.458009e-01	4.436350e-01
2.340712617718983e-07	4.455995e-01	4.458019e-01	4.436409e-01
2.340916903433269e-07	4.455963e-01	4.458028e-01	4.436465e-01
2.341121189147555e-07	4.455930e-01	4.458038e-01	4.436518e-01
2.341325474861841e-07	4.455898e-01	4.458047e-01	4.436568e-01
2.341529760576127e-07	4.455866e-01	4.458056e-01	4.436615e-01
2.341734046290413e-07	4.455835e-01	4.458066e-01	4.436658e-01
2.341938332004698e-07	4.455803e-01	4.458075e-01	4.436699e-01
2.342178332004699e-07	4.455766e-01	4.458085e-01	4.436743e-01
2.342418332004699e-07	4.455730e-01	4.458096e-01	4.436783e-01
2.342658332004699e-07	4.455693e-01	4.458106e-01	4.436821e-01
2.342898332004700e-07	4.455658e-01	4.458116e-01	4.436856e-01
2.343138332004700e-07	4.455622e-01	4.458126e-01	4.436888e-01
2.343378332004700e-07	4.455587e-01	4.458136e-01	4.436918e-01
2.343618332004700e-07	4.455552e-01	4.458146e-01	4.436945e-01
2.343742617718986e-07	4.455534e-01	4.458151e-01	4.436959e-01
2.343866903433272e-07	4.455516e-01	4.458156e-01	4.436972e-01
2.343991189147558e-07	4.455498e-01	4.458161e-01	4.436986e-01
2.344115474861844e-07	4.455481e-01	4.458166e-01	4.436999e-01
2.344239760576130e-07	4.455463e-01	4.458170e-01	4.437013e-01
2.344364046290416e-07	4.455446e-01	4.458175e-01	4.437026e-01
2.344488332004701e-07	4.455428e-01	4.458180e-01	4.437040e-01
2.344498332004701e-07	4.455427e-01	4.458180e-01	4.437041e-01
2.344746903433273e-07	4.455392e-01	4.458190e-01	4.437067e-01
2.344995474861845e-07	4.455358e-01	4.458199e-01	4.437096e-01
2.345244046290417e-07	4.455324e-01	4.458208e-01	4.437127e-01
2.345492617718988e-07	4.455291e-01	4.458217e-01	4.437161e-01
2.345741189147560e-07	4.455258e-01	4.458226e-01	4.437197e-01
2.345989760576132e-07	4.455225e-01	4.458235e-01	4.437235e-01
2.346238332004703e-07	4.455193e-01	4.458244e-01	4.437276e-01
2.346496903433275e-07	4.455160e-01	4.458252e-01	4.437322e-01
2.346755474861847e-07	4.455128e-01	4.458261e-01	4.437373e-01
2.347014046290419e-07	4.455095e-01	4.458270e-01	4.437429e-01
2.347272617718990e-07	4.455064e-01	4.458278e-01	4.437490e-01
2.347531189147562e-07	4.455032e-01	4.458286e-01	4.437555e-01
2.347789760576134e-07	4.455001e-01	4.458295e-01	4.437624e-01
2.348048332004705e-07	4.454971e-01	4.458303e-01	4.437698e-01
2.348385474861849e-07	4.454932e-01	4.458313e-01	4.437804e-01
2.348722617718992e-07	4.454894e-01	4.458323e-01	4.437916e-01
2.349059760576135e-07	4.454856e-01	4.458333e-01	4.438034e-01
2.349396903433278e-07	4.454819e-01	4.458342e-01	4.438159e-01
2.349734046290422e-07	4.454783e-01	4.458352e-01	4.438290e-01
2.350071189147565e-07	4.454748e-01	4.458361e-01	4.438428e-01
2.350408332004708e-07	4.454714e-01	4.458370e-01	4.438572e-01
2.351025474861852e-07	4.454653e-01	4.458385e-01	4.438858e-01
2.351642617718995e-07	4.454594e-01	4.458400e-01	4.439134e-01
2.352259760576139e-07	4.454538e-01	4.458415e-01	4.439400e-01
2.352876903433282e-07	4.454484e-01	4.458429e-01	4.439657e-01
2.353494046290426e-07	4.454433e-01	4.458442e-01	4.439904e-01
2.354111189147569e-07	4.454385e-01	4.458454e-01	4.440141e-01
2.354728332004713e-07	4.454339e-01	4.458466e-01	4.440368e-01
2.354738332004713e-07	4.454338e-01	4.458466e-01	4.440371e-01
2.355052617718999e-07	4.454316e-01	4.458472e-01	4.440468e-01
2.355366903433285e-07	4.454294e-01	4.458477e-01	4.440555e-01
2.355681189147571e-07	4.454273e-01	4.458483e-01	4.440632e-01
2.355995474861857e-07	4.454252e-01	4.458488e-01	4.440698e-01
2.356309760576143e-07	4.454232e-01	4.458493e-01	4.440755e-01
2.356624046290429e-07	4.454213e-01	4.458498e-01	4.440801e-01
2.356938332004715e-07	4.454194e-01	4.458503e-01	4.440838e-01
2.357179760576144e-07	4.454180e-01	4.458507e-01	4.440857e-01
2.357421189147573e-07	4.454166e-01	4.458510e-01	4.440869e-01
2.357662617719002e-07	4.454153e-01	4.458514e-01	4.440874e-01
2.357904046290431e-07	4.454140e-01	4.458517e-01	4.440871e-01
2.358145474861860e-07	4.454127e-01	4.458520e-01	4.440862e-01
2.358386903433289e-07	4.454115e-01	4.458524e-01	4.440845e-01
2.358628332004717e-07	4.454103e-01	4.458527e-01	4.440821e-01
2.358979760576146e-07	4.454086e-01	4.458531e-01	4.440772e-01
2.359331189147575e-07	4.454070e-01	4.458535e-01	4.440708e-01
2.359682617719004e-07	4.454055e-01	4.458540e-01	4.440628e-01
2.360034046290433e-07	4.454040e-01	4.458544e-01	4.440534e-01
2.360385474861862e-07	4.454026e-01	4.458547e-01	4.440424e-01
2.360736903433291e-07	4.454012e-01	4.458551e-01	4.440299e-01
2.361088332004720e-07	4.453999e-01	4.458555e-01	4.440159e-01
2.361642617719006e-07	4.453980e-01	4.458560e-01	4.439904e-01
2.362196903433293e-07	4.453963e-01	4.458565e-01	4.439621e-01
2.362751189147579e-07	4.453947e-01	4.458569e-01	4.439312e-01
2.363305474861866e-07	4.453932e-01	4.458573e-01	4.438975e-01
2.363859760576152e-07	4.453919e-01	4.458577e-01	4.438612e-01
2.364414046290438e-07	4.453907e-01	4.458581e-01	4.438221e-01
2.364968332004725e-07	4.453897e-01	4.458584e-01	4.437803e-01
2.364978332004725e-07	4.453897e-01	4.458584e-01	4.437796e-01
2.365846903433297e-07	4.453883e-01	4.458589e-01	4.437090e-01
2.366715474861869e-07	4.453873e-01	4.458593e-01	4.436382e-01
2.367584046290442e-07	4.453864e-01	4.458597e-01	4.435671e-01
2.368452617719014e-07	4.453859e-01	4.458600e-01	4.434956e-01
2.369321189147587e-07	4.453855e-01	4.458602e-01	4.434239e-01
2.370189760576159e-07	4.453855e-01	4.458604e-01	4.433518e-01
2.371058332004731e-07	4.453856e-01	4.458605e-01	4.432794e-01
2.371651189147589e-07	4.453859e-01	4.458606e-01	4.432331e-01
2.372244046290447e-07	4.453862e-01	4.458606e-01	4.431888e-01
2.372836903433305e-07	4.453865e-01	4.458607e-01	4.431466e-01
2.373429760576163e-07	4.453870e-01	4.458607e-01	4.431065e-01
2.374022617719020e-07	4.453875e-01	4.458607e-01	4.430684e-01
2.374615474861878e-07	4.453881e-01	4.458607e-01	4.430325e-01
2.375208332004736e-07	4.453888e-01	4.458607e-01	4.429986e-01
2.375218332004736e-07	4.453889e-01	4.458607e-01	4.429981e-01
2.375816903433308e-07	4.453896e-01	4.458607e-01	4.429668e-01
2.376415474861880e-07	4.453904e-01	4.458606e-01	4.429382e-01
2.377014046290453e-07	4.453912e-01	4.458606e-01	4.429123e-01
2.377612617719024e-07	4.453921e-01	4.458605e-01	4.428891e-01
2.378211189147597e-07	4.453931e-01	4.458604e-01	4.428685e-01
2.378809760576169e-07	4.453941e-01	4.458604e-01	4.428507e-01
2.379408332004741e-07	4.453951e-01	4.458603e-01	4.428355e-01
2.379882617719027e-07	4.453959e-01	4.458602e-01	4.428254e-01
2.380356903433313e-07	4.453968e-01	4.458602e-01	4.428169e-01
2.380831189147600e-07	4.453977e-01	4.458601e-01	4.428099e-01
2.381305474861886e-07	4.453985e-01	4.458600e-01	4.428044e-01
2.381779760576172e-07	4.453994e-01	4.458600e-01	4.428004e-01
2.382254046290459e-07	4.454004e-01	4.458599e-01	4.427980e-01
2.382728332004745e-07	4.454013e-01	4.458598e-01	4.427971e-01
2.383116903433312e-07	4.454021e-01	4.458598e-01	4.427973e-01
2.383505474861879e-07	4.454028e-01	4.458597e-01	4.427984e-01
2.383894046290446e-07	4.454036e-01	4.458596e-01	4.428002e-01
2.384282617719013e-07	4.454044e-01	4.458596e-01	4.428029e-01
2.384671189147580e-07	4.454052e-01	4.458595e-01	4.428064e-01
2.385059760576148e-07	4.454060e-01	4.458595e-01	4.428106e-01
2.385448332004714e-07	4.454068e-01	4.458594e-01	4.428157e-01
2.385458332004714e-07	4.454068e-01	4.458594e-01	4.428158e-01
2.386492617718974e-07	4.454090e-01	4.458592e-01	4.428339e-01
2.387526903433233e-07	4.454111e-01	4.458591e-01	4.428546e-01
2.388561189147493e-07	4.454132e-01	4.458590e-01	4.428780e-01
2.389595474861752e-07	4.454153e-01	4.458588e-01	4.429040e-01
2.390629760576012e-07	4.454173e-01	4.458587e-01	4.429326e-01
2.391664046290271e-07	4.454194e-01	4.458587e-01	4.429638e-01
2.392698332004531e-07	4.454214e-01	4.458586e-01	4.429977e-01
2.393125474861663e-07	4.454222e-01	4.458586e-01	4.430113e-01
2.393552617718795e-07	4.454230e-01	4.458586e-01	4.430250e-01
2.393979760575927e-07	4.454238e-01	4.458585e-01	4.430387e-01
2.394406903433059e-07	4.454246e-01	4.458585e-01	4.430523e-01
2.394834046290191e-07	4.454254e-01	4.458585e-01	4.430660e-01
2.395261189147323e-07	4.454262e-01	4.458585e-01	4.430797e-01
2.395688332004455e-07	4.454269e-01	4.458585e-01	4.430934e-01
2.395698332004455e-07	4.454269e-01	4.458585e-01	4.430937e-01
2.395949760575877e-07	4.454274e-01	4.458585e-01	4.431017e-01
2.396201189147299e-07	4.454278e-01	4.458585e-01	4.431096e-01
2.396452617718721e-07	4.454282e-01	4.458585e-01	4.431175e-01
2.396704046290144e-07	4.454287e-01	4.458585e-01	4.431253e-01
2.396955474861566e-07	4.454291e-01	4.458586e-01	4.431331e-01
2.397206903432988e-07	4.454295e-01	4.458586e-01	4.431409e-01
2.397458332004410e-07	4.454300e-01	4.458586e-01	4.431486e-01
2.397488332004409e-07	4.454300e-01	4.458586e-01	4.431495e-01
2.397518332004409e-07	4.454300e-01	4.458586e-01	4.431504e-01
2.397548332004408e-07	4.454301e-01	4.458586e-01	4.431513e-01
2.397578332004407e-07	4.454301e-01	4.458586e-01	4.431522e-01
2.397608332004406e-07	4.454302e-01	4.458586e-01	4.431531e-01
2.397648332004405e-07	4.454303e-01	4.458586e-01	4.431543e-01
2.397688332004404e-07	4.454303e-01	4.458587e-01	4.431555e-01
2.397728332004403e-07	4.454304e-01	4.458587e-01	4.431567e-01
2.397768332004402e-07	4.454305e-01	4.458587e-01	4.431579e-01
2.397808332004401e-07	4.454305e-01	4.458588e-01	4.431591e-01
2.397848332004400e-07	4.454306e-01	4.458588e-01	4.431603e-01
2.397888332004399e-07	4.454307e-01	4.458589e-01	4.431615e-01
2.397945474861541e-07	4.454307e-01	4.458589e-01	4.431633e-01
2.398002617718682e-07	4.454308e-01	4.458590e-01	4.431650e-01
2.398059760575823e-07	4.454309e-01	4.458591e-01	4.431667e-01
2.398116903432965e-07	4.454310e-01	4.458592e-01	4.431684e-01
2.398174046290106e-07	4.454311e-01	4.458594e-01	4.431701e-01
2.398231189147248e-07	4.454312e-01	4.458595e-01	4.431717e-01
2.398288332004389e-07	4.454313e-01	4.458597e-01	4.431734e-01
2.398374046290101e-07	4.454314e-01	4.458600e-01	4.431760e-01
2.398459760575813e-07	4.454316e-01	4.458603e-01	4.431785e-01
2.398545474861525e-07	4.454317e-01	4.458607e-01	4.431810e-01
2.398631189147238e-07	4.454318e-01	4.458611e-01	4.431835e-01
2.398716903432950e-07	4.454320e-01	4.458616e-01	4.431860e-01
2.398802617718662e-07	4.454321e-01	4.458622e-01	4.431885e-01
2.398888332004374e-07	4.454322e-01	4.458627e-01	4.431909e-01
2.399028332004370e-07	4.454325e-01	4.458638e-01	4.431949e-01
2.399168332004367e-07	4.454327e-01	4.458650e-01	4.431989e-01
2.399308332004363e-07	4.454329e-01	4.458663e-01	4.432029e-01
2.399448332004360e-07	4.454331e-01	4.458677e-01	4.432068e-01
2.399588332004356e-07	4.454332e-01	4.458692e-01	4.432107e-01
2.399728332004353e-07	4.454334e-01	4.458709e-01	4.432146e-01
2.399868332004349e-07	4.454336e-01	4.458726e-01	4.432185e-01
2.400126903432914e-07	4.454339e-01	4.458763e-01	4.432255e-01
2.400385474861479e-07	4.454342e-01	4.458801e-01	4.432325e-01
2.400644046290044e-07	4.454344e-01	4.458839e-01	4.432393e-01
2.400902617718609e-07	4.454346e-01	4.458879e-01	4.432460e-01
2.401161189147173e-07	4.454348e-01	4.458921e-01	4.432526e-01
2.401419760575738e-07	4.454349e-01	4.458963e-01	4.432592e-01
2.401678332004303e-07	4.454349e-01	4.459006e-01	4.432656e-01
2.401856903432870e-07	4.454349e-01	4.459035e-01	4.432699e-01
2.402035474861437e-07	4.454349e-01	4.459063e-01	4.432743e-01
2.402214046290004e-07	4.454348e-01	4.459090e-01	4.432785e-01
2.402392617718571e-07	4.454347e-01	4.459116e-01	4.432827e-01
2.402571189147138e-07	4.454346e-01	4.459140e-01	4.432868e-01
2.402749760575705e-07	4.454344e-01	4.459164e-01	4.432909e-01
2.402928332004272e-07	4.454342e-01	4.459187e-01	4.432950e-01
2.403111189147124e-07	4.454340e-01	4.459208e-01	4.432990e-01
2.403294046289977e-07	4.454338e-01	4.459228e-01	4.433031e-01
2.403476903432829e-07	4.454335e-01	4.459245e-01	4.433070e-01
2.403659760575682e-07	4.454332e-01	4.459261e-01	4.433109e-01
2.403842617718534e-07	4.454328e-01	4.459275e-01	4.433148e-01
2.404025474861387e-07	4.454325e-01	4.459287e-01	4.433185e-01
2.404208332004239e-07	4.454321e-01	4.459297e-01	4.433223e-01
2.404314046289951e-07	4.454318e-01	4.459301e-01	4.433244e-01
2.404419760575662e-07	4.454316e-01	4.459305e-01	4.433265e-01
2.404525474861374e-07	4.454313e-01	4.459309e-01	4.433286e-01
2.404631189147086e-07	4.454310e-01	4.459311e-01	4.433306e-01
2.404736903432797e-07	4.454308e-01	4.459313e-01	4.433327e-01
2.404842617718509e-07	4.454305e-01	4.459314e-01	4.433347e-01
2.404948332004220e-07	4.454302e-01	4.459314e-01	4.433367e-01
2.405079760575646e-07	4.454298e-01	4.459313e-01	4.433392e-01
2.405211189147071e-07	4.454295e-01	4.459311e-01	4.433416e-01
2.405342617718496e-07	4.454291e-01	4.459307e-01	4.433440e-01
2.405474046289921e-07	4.454287e-01	4.459303e-01	4.433464e-01
2.405605474861347e-07	4.454283e-01	4.459298e-01	4.433487e-01
2.405736903432772e-07	4.454279e-01	4.459291e-01	4.433510e-01
2.405868332004197e-07	4.454275e-01	4.459283e-01	4.433533e-01
2.405938332004195e-07	4.454273e-01	4.459278e-01	4.433545e-01
2.406218332004188e-07	4.454264e-01	4.459256e-01	4.433592e-01
2.406498332004181e-07	4.454255e-01	4.459229e-01	4.433638e-01
2.406778332004174e-07	4.454247e-01	4.459198e-01	4.433682e-01
2.407058332004167e-07	4.454239e-01	4.459163e-01	4.433725e-01
2.407338332004160e-07	4.454232e-01	4.459123e-01	4.433767e-01
2.407618332004153e-07	4.454225e-01	4.459078e-01	4.433807e-01
2.407898332004146e-07	4.454218e-01	4.459029e-01	4.433846e-01
2.408135474861282e-07	4.454213e-01	4.458985e-01	4.433878e-01
2.408372617718419e-07	4.454208e-01	4.458939e-01	4.433909e-01
2.408609760575556e-07	4.454205e-01	4.458892e-01	4.433939e-01
2.408846903432693e-07	4.454202e-01	4.458842e-01	4.433968e-01
2.409084046289830e-07	4.454200e-01	4.458791e-01	4.433996e-01
2.409321189146967e-07	4.454199e-01	4.458737e-01	4.434024e-01
2.409558332004104e-07	4.454199e-01	4.458682e-01	4.434050e-01
2.409776903432669e-07	4.454200e-01	4.458631e-01	4.434074e-01
2.409995474861235e-07	4.454202e-01	4.458579e-01	4.434097e-01
2.410214046289801e-07	4.454204e-01	4.458526e-01	4.434119e-01
2.410432617718367e-07	4.454208e-01	4.458473e-01	4.434140e-01
2.410651189146933e-07	4.454212e-01	4.458420e-01	4.434161e-01
2.410869760575499e-07	4.454218e-01	4.458366e-01	4.434181e-01
2.411088332004065e-07	4.454224e-01	4.458311e-01	4.434200e-01
2.411398332004057e-07	4.454236e-01	4.458234e-01	4.434226e-01
2.411708332004049e-07	4.454249e-01	4.458159e-01	4.434251e-01
2.412018332004041e-07	4.454265e-01	4.458084e-01	4.434274e-01
2.412328332004033e-07	4.454283e-01	4.458012e-01	4.434296e-01
2.412638332004026e-07	4.454303e-01	4.457940e-01	4.434317e-01
2.412948332004018e-07	4.454326e-01	4.457871e-01	4.434337e-01
2.413258332004010e-07	4.454351e-01	4.457802e-01	4.434355e-01
2.413642617718286e-07	4.454385e-01	4.457721e-01	4.434376e-01
2.414026903432562e-07	4.454423e-01	4.457646e-01	4.434395e-01
2.414411189146838e-07	4.454463e-01	4.457576e-01	4.434413e-01
2.414795474861114e-07	4.454506e-01	4.457511e-01	4.434429e-01
2.415179760575390e-07	4.454552e-01	4.457452e-01	4.434444e-01
2.415564046289666e-07	4.454601e-01	4.457398e-01	4.434456e-01
2.415948332003942e-07	4.454653e-01	4.457350e-01	4.434468e-01
2.416178332003936e-07	4.454684e-01	4.457324e-01	4.434474e-01
2.416449760575358e-07	4.454723e-01	4.457297e-01	4.434480e-01
2.416721189146779e-07	4.454762e-01	4.457274e-01	4.434486e-01
2.416992617718201e-07	4.454802e-01	4.457253e-01	4.434491e-01
2.417264046289623e-07	4.454843e-01	4.457237e-01	4.434496e-01
2.417535474861044e-07	4.454884e-01	4.457223e-01	4.434500e-01
2.417806903432466e-07	4.454926e-01	4.457213e-01	4.434504e-01
2.418078332003888e-07	4.454968e-01	4.457206e-01	4.434506e-01
2.418249760575312e-07	4.454995e-01	4.457203e-01	4.434508e-01
2.418421189146736e-07	4.455021e-01	4.457202e-01	4.434509e-01
2.418592617718160e-07	4.455048e-01	4.457202e-01	4.434510e-01
2.418764046289585e-07	4.455075e-01	4.457203e-01	4.434511e-01
2.418935474861009e-07	4.455102e-01	4.457206e-01	4.434512e-01
2.419106903432433e-07	4.455128e-01	4.457210e-01	4.434512e-01
2.419278332003857e-07	4.455155e-01	4.457215e-01	4.434513e-01
2.419668332003847e-07	4.455216e-01	4.457232e-01	4.434513e-01
2.420058332003838e-07	4.455275e-01	4.457255e-01	4.434512e-01
2.420448332003828e-07	4.455332e-01	4.457284e-01	4.434510e-01
2.420838332003818e-07	4.455387e-01	4.457319e-01	4.434508e-01
2.421228332003808e-07	4.455440e-01	4.457360e-01	4.434505e-01
2.421618332003798e-07	4.455492e-01	4.457406e-01	4.434501e-01
2.422008332003788e-07	4.455542e-01	4.457458e-01	4.434496e-01
2.422428332003778e-07	4.455592e-01	4.457520e-01	4.434490e-01
2.422848332003767e-07	4.455637e-01	4.457587e-01	4.434484e-01
2.423268332003756e-07	4.455679e-01	4.457657e-01	4.434477e-01
2.423688332003746e-07	4.455715e-01	4.457732e-01	4.434470e-01
2.424108332003735e-07	4.455748e-01	4.457811e-01	4.434463e-01
2.424528332003724e-07	4.455775e-01	4.457895e-01	4.434454e-01
2.424948332003714e-07	4.455799e-01	4.457982e-01	4.434446e-01
2.425156903432280e-07	4.455808e-01	4.458027e-01	4.434441e-01
2.425365474860846e-07	4.455816e-01	4.458071e-01	4.434437e-01
2.425574046289412e-07	4.455823e-01	4.458116e-01	4.434433e-01
2.425782617717978e-07	4.455829e-01	4.458162e-01	4.434428e-01
2.425991189146544e-07	4.455833e-01	4.458208e-01	4.434423e-01
2.426199760575111e-07	4.455835e-01	4.458255e-01	4.434419e-01
2.426408332003677e-07	4.455837e-01	4.458303e-01	4.434414e-01
2.426418332003676e-07	4.455837e-01	4.458305e-01	4.434414e-01
2.426664046289384e-07	4.455836e-01	4.458361e-01	4.434408e-01
2.426909760575093e-07	4.455834e-01	4.458417e-01	4.434403e-01
2.427155474860801e-07	4.455830e-01	4.458474e-01	4.434397e-01
2.427401189146509e-07	4.455824e-01	4.458530e-01	4.434391e-01
2.427646903432217e-07	4.455816e-01	4.458587e-01	4.434386e-01
2.427892617717925e-07	4.455806e-01	4.458644e-01	4.434380e-01
2.428138332003633e-07	4.455794e-01	4.458701e-01	4.434374e-01
2.428338332003628e-07	4.455783e-01	4.458747e-01	4.434370e-01
2.428538332003623e-07	4.455770e-01	4.458794e-01	4.434365e-01
2.428738332003618e-07	4.455757e-01	4.458840e-01	4.434360e-01
2.428938332003613e-07	4.455742e-01	4.458886e-01	4.434356e-01
2.429138332003608e-07	4.455726e-01	4.458931e-01	4.434351e-01
2.429338332003602e-07	4.455709e-01	4.458977e-01	4.434346e-01
2.429538332003597e-07	4.455690e-01	4.459022e-01	4.434342e-01
2.429548332003597e-07	4.455689e-01	4.459026e-01	4.434341e-01
2.429568332003597e-07	4.455687e-01	4.459027e-01	4.434341e-01
2.429578332003596e-07	4.455686e-01	4.459027e-01	4.434341e-01
2.429588332003596e-07	4.455685e-01	4.459033e-01	4.434341e-01
2.429598332003596e-07	4.455684e-01	4.459037e-01	4.434340e-01
2.429632617717881e-07	4.455681e-01	4.459044e-01	4.434340e-01
2.429666903432166e-07	4.455678e-01	4.459051e-01	4.434339e-01
2.429701189146450e-07	4.455674e-01	4.459059e-01	4.434338e-01
2.429735474860735e-07	4.455671e-01	4.459066e-01	4.434337e-01
2.429769760575020e-07	4.455667e-01	4.459074e-01	4.434336e-01
2.429804046289305e-07	4.455664e-01	4.459081e-01	4.434336e-01
2.429838332003590e-07	4.455661e-01	4.459089e-01	4.434335e-01
2.429921189146445e-07	4.455653e-01	4.459108e-01	4.434333e-01
2.430004046289300e-07	4.455645e-01	4.459126e-01	4.434331e-01
2.430086903432155e-07	4.455637e-01	4.459144e-01	4.434329e-01
2.430169760575010e-07	4.455630e-01	4.459163e-01	4.434327e-01
2.430252617717865e-07	4.455624e-01	4.459181e-01	4.434326e-01
2.430335474860720e-07	4.455617e-01	4.459199e-01	4.434324e-01
2.430418332003575e-07	4.455611e-01	4.459217e-01	4.434322e-01
2.430491189146430e-07	4.455606e-01	4.459233e-01	4.434320e-01
2.430564046289286e-07	4.455602e-01	4.459249e-01	4.434319e-01
2.430636903432141e-07	4.455598e-01	4.459264e-01	4.434317e-01
2.430709760574996e-07	4.455595e-01	4.459280e-01	4.434315e-01
2.430782617717852e-07	4.455592e-01	4.459296e-01	4.434314e-01
2.430855474860707e-07	4.455590e-01	4.459312e-01	4.434312e-01
2.430928332003562e-07	4.455588e-01	4.459327e-01	4.434311e-01
2.430991189146418e-07	4.455587e-01	4.459341e-01	4.434309e-01
2.431054046289273e-07	4.455586e-01	4.459354e-01	4.434308e-01
2.431116903432129e-07	4.455586e-01	4.459367e-01	4.434306e-01
2.431179760574984e-07	4.455586e-01	4.459381e-01	4.434305e-01
2.431242617717840e-07	4.455586e-01	4.459394e-01	4.434304e-01
2.431305474860695e-07	4.455587e-01	4.459407e-01	4.434302e-01
2.431368332003551e-07	4.455588e-01	4.459420e-01	4.434301e-01
2.431464046289263e-07	4.455591e-01	4.459440e-01	4.434299e-01
2.431559760574975e-07	4.455594e-01	4.459460e-01	4.434297e-01
2.431655474860687e-07	4.455599e-01	4.459480e-01	4.434295e-01
2.431751189146398e-07	4.455604e-01	4.459500e-01	4.434293e-01
2.431846903432110e-07	4.455610e-01	4.459520e-01	4.434291e-01
2.431942617717822e-07	4.455617e-01	4.459540e-01	4.434289e-01
2.432038332003534e-07	4.455625e-01	4.459559e-01	4.434287e-01
2.432229760574958e-07	4.455644e-01	4.459598e-01	4.434283e-01
2.432421189146381e-07	4.455664e-01	4.459637e-01	4.434279e-01
2.432612617717805e-07	4.455687e-01	4.459675e-01	4.434275e-01
2.432804046289229e-07	4.455711e-01	4.459713e-01	4.434272e-01
2.432995474860653e-07	4.455737e-01	4.459750e-01	4.434268e-01
2.433186903432076e-07	4.455764e-01	4.459787e-01	4.434264e-01
2.433378332003500e-07	4.455793e-01	4.459824e-01	4.434261e-01
2.433601189146352e-07	4.455829e-01	4.459866e-01	4.434257e-01
2.433824046289203e-07	4.455862e-01	4.459906e-01	4.434253e-01
2.434046903432055e-07	4.455894e-01	4.459946e-01	4.434249e-01
2.434269760574906e-07	4.455924e-01	4.459985e-01	4.434245e-01
2.434492617717758e-07	4.455952e-01	4.460023e-01	4.434241e-01
2.434715474860609e-07	4.455979e-01	4.460060e-01	4.434238e-01
2.434938332003461e-07	4.456004e-01	4.460095e-01	4.434234e-01
2.435068332003457e-07	4.456016e-01	4.460115e-01	4.434232e-01
2.435198332003454e-07	4.456027e-01	4.460135e-01	4.434230e-01
2.435328332003451e-07	4.456036e-01	4.460154e-01	4.434228e-01
2.435458332003447e-07	4.456043e-01	4.460173e-01	4.434226e-01
2.435588332003444e-07	4.456049e-01	4.460191e-01	4.434224e-01
2.435718332003441e-07	4.456054e-01	4.460209e-01	4.434222e-01
2.435848332003437e-07	4.456057e-01	4.460226e-01	4.434220e-01
2.435926903432007e-07	4.456057e-01	4.460236e-01	4.434219e-01
2.436005474860576e-07	4.456058e-01	4.460246e-01	4.434218e-01
2.436084046289146e-07	4.456057e-01	4.460256e-01	4.434217e-01
2.436162617717715e-07	4.456056e-01	4.460265e-01	4.434216e-01
2.436241189146285e-07	4.456053e-01	4.460274e-01	4.434215e-01
2.436319760574854e-07	4.456051e-01	4.460283e-01	4.434214e-01
2.436398332003424e-07	4.456047e-01	4.460292e-01	4.434213e-01
2.436658332003417e-07	4.456030e-01	4.460320e-01	4.434209e-01
2.436851189146269e-07	4.456012e-01	4.460339e-01	4.434207e-01
2.437044046289121e-07	4.455989e-01	4.460356e-01	4.434204e-01
2.437236903431974e-07	4.455961e-01	4.460372e-01	4.434202e-01
2.437429760574826e-07	4.455928e-01	4.460387e-01	4.434200e-01
2.437622617717678e-07	4.455890e-01	4.460400e-01	4.434198e-01
2.437815474860531e-07	4.455847e-01	4.460411e-01	4.434196e-01
2.438008332003383e-07	4.455799e-01	4.460422e-01	4.434194e-01
2.438179760574807e-07	4.455752e-01	4.460429e-01	4.434192e-01
2.438351189146231e-07	4.455702e-01	4.460436e-01	4.434191e-01
2.438522617717655e-07	4.455647e-01	4.460442e-01	4.434189e-01
2.438694046289080e-07	4.455589e-01	4.460446e-01	4.434188e-01
2.438865474860504e-07	4.455527e-01	4.460449e-01	4.434186e-01
2.439036903431928e-07	4.455461e-01	4.460451e-01	4.434185e-01
2.439208332003352e-07	4.455392e-01	4.460452e-01	4.434183e-01
2.439371189146205e-07	4.455322e-01	4.460452e-01	4.434182e-01
2.439534046289058e-07	4.455250e-01	4.460450e-01	4.434181e-01
2.439696903431911e-07	4.455175e-01	4.460448e-01	4.434180e-01
2.439859760574764e-07	4.455097e-01	4.460445e-01	4.434179e-01
2.440022617717617e-07	4.455016e-01	4.460441e-01	4.434178e-01
2.440185474860470e-07	4.454933e-01	4.460436e-01	4.434177e-01
2.440348332003323e-07	4.454846e-01	4.460430e-01	4.434176e-01
2.440724046289028e-07	4.454634e-01	4.460412e-01	4.434174e-01
2.441099760574733e-07	4.454414e-01	4.460390e-01	4.434172e-01
2.441475474860438e-07	4.454187e-01	4.460365e-01	4.434171e-01
2.441851189146143e-07	4.453952e-01	4.460336e-01	4.434170e-01
2.442226903431847e-07	4.453710e-01	4.460304e-01	4.434169e-01
2.442602617717552e-07	4.453460e-01	4.460268e-01	4.434168e-01
2.442978332003257e-07	4.453202e-01	4.460229e-01	4.434168e-01
2.443489760574672e-07	4.452846e-01	4.460171e-01	4.434168e-01
2.444001189146088e-07	4.452501e-01	4.460112e-01	4.434168e-01
2.444512617717504e-07	4.452167e-01	4.460053e-01	4.434169e-01
2.445024046288919e-07	4.451844e-01	4.459993e-01	4.434170e-01
2.445535474860335e-07	4.451531e-01	4.459932e-01	4.434171e-01
2.446046903431751e-07	4.451230e-01	4.459871e-01	4.434173e-01
2.446558332003166e-07	4.450940e-01	4.459810e-01	4.434175e-01
2.446898332003158e-07	4.450765e-01	4.459772e-01	4.434177e-01
2.447271189146005e-07	4.450584e-01	4.459731e-01	4.434179e-01
2.447644046288853e-07	4.450418e-01	4.459692e-01	4.434181e-01
2.448016903431701e-07	4.450268e-01	4.459656e-01	4.434184e-01
2.448389760574548e-07	4.450132e-01	4.459622e-01	4.434186e-01
2.448762617717396e-07	4.450012e-01	4.459590e-01	4.434189e-01
2.449135474860244e-07	4.449908e-01	4.459560e-01	4.434192e-01
2.449508332003091e-07	4.449818e-01	4.459532e-01	4.434195e-01
2.449738332003086e-07	4.449773e-01	4.459517e-01	4.434196e-01
2.449968332003080e-07	4.449733e-01	4.459502e-01	4.434198e-01
2.450198332003074e-07	4.449700e-01	4.459489e-01	4.434200e-01
2.450428332003068e-07	4.449674e-01	4.459476e-01	4.434202e-01
2.450658332003062e-07	4.449654e-01	4.459464e-01	4.434204e-01
2.450888332003056e-07	4.449641e-01	4.459454e-01	4.434206e-01
2.451118332003051e-07	4.449634e-01	4.459444e-01	4.434208e-01
2.451259760574476e-07	4.449633e-01	4.459439e-01	4.434210e-01
2.451401189145901e-07	4.449635e-01	4.459433e-01	4.434211e-01
2.451542617717326e-07	4.449639e-01	4.459429e-01	4.434212e-01
2.451684046288751e-07	4.449646e-01	4.459424e-01	4.434214e-01
2.451825474860176e-07	4.449654e-01	4.459420e-01	4.434215e-01
2.451966903431601e-07	4.449666e-01	4.459416e-01	4.434216e-01
2.452108332003026e-07	4.449680e-01	4.459413e-01	4.434218e-01
2.452329760574448e-07	4.449706e-01	4.459408e-01	4.434220e-01
2.452551189145871e-07	4.449739e-01	4.459405e-01	4.434222e-01
2.452772617717294e-07	4.449776e-01	4.459401e-01	4.434224e-01
2.452994046288717e-07	4.449820e-01	4.459399e-01	4.434227e-01
2.453215474860140e-07	4.449869e-01	4.459397e-01	4.434229e-01
2.453436903431563e-07	4.449924e-01	4.459396e-01	4.434231e-01
2.453658332002986e-07	4.449985e-01	4.459396e-01	4.434233e-01
2.453929760574408e-07	4.450067e-01	4.459397e-01	4.434236e-01
2.454201189145830e-07	4.450156e-01	4.459398e-01	4.434239e-01
2.454472617717251e-07	4.450252e-01	4.459400e-01	4.434242e-01
2.454744046288673e-07	4.450355e-01	4.459402e-01	4.434245e-01
2.455015474860095e-07	4.450466e-01	4.459406e-01	4.434248e-01
2.455286903431516e-07	4.450584e-01	4.459409e-01	4.434251e-01
2.455558332002938e-07	4.450710e-01	4.459414e-01	4.434254e-01
2.455782617717218e-07	4.450818e-01	4.459418e-01	4.434256e-01
2.456006903431498e-07	4.450930e-01	4.459422e-01	4.434259e-01
2.456231189145778e-07	4.451047e-01	4.459426e-01	4.434261e-01
2.456455474860058e-07	4.451167e-01	4.459430e-01	4.434263e-01
2.456679760574338e-07	4.451291e-01	4.459434e-01	4.434266e-01
2.456904046288618e-07	4.451419e-01	4.459439e-01	4.434268e-01
2.457128332002898e-07	4.451550e-01	4.459443e-01	4.434271e-01
2.457138332002898e-07	4.451556e-01	4.459443e-01	4.434271e-01
2.457486903431461e-07	4.451769e-01	4.459450e-01	4.434275e-01
2.457835474860023e-07	4.451987e-01	4.459457e-01	4.434278e-01
2.458184046288586e-07	4.452212e-01	4.459462e-01	4.434282e-01
2.458532617717148e-07	4.452443e-01	4.459466e-01	4.434286e-01
2.458881189145711e-07	4.452680e-01	4.459470e-01	4.434290e-01
2.459229760574274e-07	4.452923e-01	4.459473e-01	4.434293e-01
2.459578332002836e-07	4.453173e-01	4.459475e-01	4.434297e-01
2.459801189145688e-07	4.453334e-01	4.459475e-01	4.434299e-01
2.460024046288539e-07	4.453496e-01	4.459475e-01	4.434301e-01
2.460246903431391e-07	4.453659e-01	4.459474e-01	4.434303e-01
2.460469760574242e-07	4.453824e-01	4.459473e-01	4.434306e-01
2.460692617717094e-07	4.453989e-01	4.459470e-01	4.434308e-01
2.460915474859945e-07	4.454156e-01	4.459467e-01	4.434310e-01
2.461138332002797e-07	4.454325e-01	4.459464e-01	4.434312e-01
2.461509760574216e-07	4.454607e-01	4.459456e-01	4.434316e-01
2.461881189145635e-07	4.454889e-01	4.459445e-01	4.434319e-01
2.462252617717054e-07	4.455172e-01	4.459432e-01	4.434323e-01
2.462624046288473e-07	4.455454e-01	4.459416e-01	4.434326e-01
2.462995474859893e-07	4.455736e-01	4.459397e-01	4.434329e-01
2.463366903431312e-07	4.456018e-01	4.459376e-01	4.434333e-01
2.463738332002731e-07	4.456301e-01	4.459352e-01	4.434336e-01
2.464256903431289e-07	4.456692e-01	4.459314e-01	4.434340e-01
2.464775474859847e-07	4.457076e-01	4.459269e-01	4.434344e-01
2.465294046288406e-07	4.457452e-01	4.459218e-01	4.434348e-01
2.465812617716964e-07	4.457822e-01	4.459160e-01	4.434351e-01
2.466331189145522e-07	4.458183e-01	4.459097e-01	4.434355e-01
2.466849760574081e-07	4.458538e-01	4.459027e-01	4.434358e-01
2.467368332002639e-07	4.458885e-01	4.458951e-01	4.434361e-01
2.467378332002639e-07	4.458891e-01	4.458950e-01	4.434361e-01
2.468146903431191e-07	4.459385e-01	4.458824e-01	4.434365e-01
2.468915474859743e-07	4.459852e-01	4.458687e-01	4.434368e-01
2.469684046288295e-07	4.460292e-01	4.458539e-01	4.434371e-01
2.470452617716846e-07	4.460704e-01	4.458379e-01	4.434374e-01
2.471221189145398e-07	4.461090e-01	4.458209e-01	4.434376e-01
2.471989760573950e-07	4.461448e-01	4.458026e-01	4.434378e-01
2.472758332002502e-07	4.461780e-01	4.457833e-01	4.434379e-01
2.473451189145342e-07	4.462051e-01	4.457652e-01	4.434379e-01
2.474144046288182e-07	4.462302e-01	4.457467e-01	4.434379e-01
2.474836903431021e-07	4.462531e-01	4.457278e-01	4.434379e-01
2.475529760573861e-07	4.462739e-01	4.457086e-01	4.434378e-01
2.476222617716700e-07	4.462926e-01	4.456891e-01	4.434377e-01
2.476915474859540e-07	4.463092e-01	4.456691e-01	4.434376e-01
2.477608332002379e-07	4.463236e-01	4.456489e-01	4.434374e-01
2.477618332002379e-07	4.463238e-01	4.456486e-01	4.434374e-01
2.478602617716640e-07	4.463406e-01	4.456195e-01	4.434370e-01
2.479586903430901e-07	4.463546e-01	4.455911e-01	4.434366e-01
2.480571189145162e-07	4.463659e-01	4.455632e-01	4.434361e-01
2.481555474859422e-07	4.463744e-01	4.455360e-01	4.434355e-01
2.482539760573683e-07	4.463802e-01	4.455093e-01	4.434349e-01
2.483524046287944e-07	4.463832e-01	4.454833e-01	4.434342e-01
2.484508332002205e-07	4.463834e-01	4.454578e-01	4.434335e-01
2.484969760573622e-07	4.463832e-01	4.454465e-01	4.434331e-01
2.485431189145038e-07	4.463827e-01	4.454354e-01	4.434327e-01
2.485892617716455e-07	4.463818e-01	4.454246e-01	4.434323e-01
2.486354046287872e-07	4.463807e-01	4.454140e-01	4.434319e-01
2.486815474859289e-07	4.463793e-01	4.454038e-01	4.434315e-01
2.487276903430706e-07	4.463776e-01	4.453938e-01	4.434311e-01
2.487738332002123e-07	4.463755e-01	4.453841e-01	4.434306e-01
2.487858332002120e-07	4.463750e-01	4.453816e-01	4.434305e-01
2.488015474859259e-07	4.463743e-01	4.453784e-01	4.434303e-01
2.488172617716398e-07	4.463735e-01	4.453753e-01	4.434302e-01
2.488329760573536e-07	4.463728e-01	4.453721e-01	4.434300e-01
2.488486903430675e-07	4.463720e-01	4.453690e-01	4.434299e-01
2.488644046287814e-07	4.463711e-01	4.453660e-01	4.434297e-01
2.488801189144953e-07	4.463703e-01	4.453629e-01	4.434295e-01
2.488958332002092e-07	4.463694e-01	4.453599e-01	4.434294e-01
2.489061189144946e-07	4.463689e-01	4.453580e-01	4.434293e-01
2.489164046287801e-07	4.463683e-01	4.453561e-01	4.434292e-01
2.489266903430656e-07	4.463677e-01	4.453542e-01	4.434291e-01
2.489369760573510e-07	4.463671e-01	4.453523e-01	4.434290e-01
2.489472617716365e-07	4.463665e-01	4.453504e-01	4.434289e-01
2.489575474859219e-07	4.463659e-01	4.453486e-01	4.434289e-01
2.489678332002074e-07	4.463653e-01	4.453467e-01	4.434288e-01
2.489826903430641e-07	4.463644e-01	4.453441e-01	4.434287e-01
2.489975474859209e-07	4.463635e-01	4.453415e-01	4.434288e-01
2.490124046287777e-07	4.463625e-01	4.453389e-01	4.434288e-01
2.490272617716344e-07	4.463616e-01	4.453364e-01	4.434290e-01
2.490421189144912e-07	4.463607e-01	4.453338e-01	4.434292e-01
2.490569760573480e-07	4.463597e-01	4.453314e-01	4.434295e-01
2.490718332002047e-07	4.463587e-01	4.453289e-01	4.434299e-01
2.490856903430615e-07	4.463578e-01	4.453267e-01	4.434304e-01
2.490995474859183e-07	4.463569e-01	4.453245e-01	4.434310e-01
2.491134046287751e-07	4.463560e-01	4.453223e-01	4.434317e-01
2.491272617716319e-07	4.463551e-01	4.453201e-01	4.434324e-01
2.491411189144887e-07	4.463541e-01	4.453180e-01	4.434333e-01
2.491549760573455e-07	4.463532e-01	4.453158e-01	4.434343e-01
2.491688332002023e-07	4.463522e-01	4.453138e-01	4.434354e-01
2.491869760573447e-07	4.463510e-01	4.453111e-01	4.434370e-01
2.492051189144871e-07	4.463497e-01	4.453084e-01	4.434388e-01
2.492232617716295e-07	4.463484e-01	4.453058e-01	4.434407e-01
2.492414046287719e-07	4.463472e-01	4.453032e-01	4.434428e-01
2.492595474859143e-07	4.463459e-01	4.453007e-01	4.434450e-01
2.492776903430567e-07	4.463446e-01	4.452983e-01	4.434473e-01
2.492958332001991e-07	4.463433e-01	4.452959e-01	4.434498e-01
2.493306903430553e-07	4.463408e-01	4.452914e-01	4.434551e-01
2.493655474859116e-07	4.463384e-01	4.452870e-01	4.434602e-01
2.494004046287678e-07	4.463359e-01	4.452828e-01	4.434650e-01
2.494352617716241e-07	4.463334e-01	4.452788e-01	4.434696e-01
2.494701189144804e-07	4.463309e-01	4.452749e-01	4.434740e-01
2.495049760573366e-07	4.463285e-01	4.452712e-01	4.434780e-01
2.495398332001929e-07	4.463260e-01	4.452676e-01	4.434819e-01
2.495559760573353e-07	4.463249e-01	4.452660e-01	4.434833e-01
2.495721189144778e-07	4.463237e-01	4.452644e-01	4.434844e-01
2.495882617716202e-07	4.463226e-01	4.452629e-01	4.434854e-01
2.496044046287627e-07	4.463215e-01	4.452614e-01	4.434861e-01
2.496205474859051e-07	4.463204e-01	4.452599e-01	4.434867e-01
2.496366903430476e-07	4.463193e-01	4.452584e-01	4.434871e-01
2.496528332001900e-07	4.463182e-01	4.452570e-01	4.434872e-01
2.496685474859039e-07	4.463171e-01	4.452556e-01	4.434871e-01
2.496842617716178e-07	4.463160e-01	4.452543e-01	4.434868e-01
2.496999760573317e-07	4.463150e-01	4.452530e-01	4.434862e-01
2.497156903430456e-07	4.463139e-01	4.452517e-01	4.434854e-01
2.497314046287594e-07	4.463129e-01	4.452505e-01	4.434844e-01
2.497471189144733e-07	4.463119e-01	4.452492e-01	4.434831e-01
2.497628332001872e-07	4.463108e-01	4.452480e-01	4.434816e-01
2.498098332001860e-07	4.463078e-01	4.452446e-01	4.434757e-01
2.498378332001853e-07	4.463060e-01	4.452427e-01	4.434711e-01
2.498658332001846e-07	4.463043e-01	4.452408e-01	4.434658e-01
2.498938332001839e-07	4.463026e-01	4.452390e-01	4.434599e-01
2.499218332001832e-07	4.463009e-01	4.452373e-01	4.434534e-01
2.499498332001825e-07	4.462992e-01	4.452356e-01	4.434462e-01
2.499778332001818e-07	4.462976e-01	4.452340e-01	4.434384e-01
2.500058332001811e-07	4.462960e-01	4.452324e-01	4.434299e-01
2.500651189144653e-07	4.462927e-01	4.452294e-01	4.434092e-01
2.501244046287495e-07	4.462895e-01	4.452266e-01	4.433883e-01
2.501836903430337e-07	4.462865e-01	4.452240e-01	4.433673e-01
2.502429760573179e-07	4.462836e-01	4.452216e-01	4.433461e-01
2.503022617716021e-07	4.462809e-01	4.452194e-01	4.433248e-01
2.503615474858863e-07	4.462783e-01	4.452173e-01	4.433033e-01
2.504208332001706e-07	4.462758e-01	4.452155e-01	4.432817e-01
2.504542617715983e-07	4.462745e-01	4.452145e-01	4.432709e-01
2.504876903430260e-07	4.462732e-01	4.452135e-01	4.432609e-01
2.505211189144537e-07	4.462720e-01	4.452126e-01	4.432516e-01
2.505545474858815e-07	4.462708e-01	4.452117e-01	4.432431e-01
2.505879760573092e-07	4.462696e-01	4.452108e-01	4.432354e-01
2.506214046287369e-07	4.462685e-01	4.452099e-01	4.432285e-01
2.506548332001646e-07	4.462675e-01	4.452091e-01	4.432223e-01
2.506794046287354e-07	4.462667e-01	4.452085e-01	4.432185e-01
2.507039760573062e-07	4.462660e-01	4.452079e-01	4.432151e-01
2.507285474858770e-07	4.462652e-01	4.452073e-01	4.432123e-01
2.507531189144478e-07	4.462645e-01	4.452067e-01	4.432100e-01
2.507776903430187e-07	4.462639e-01	4.452061e-01	4.432083e-01
2.508022617715895e-07	4.462632e-01	4.452055e-01	4.432070e-01
2.508268332001603e-07	4.462626e-01	4.452049e-01	4.432063e-01
2.508338332001601e-07	4.462624e-01	4.452048e-01	4.432062e-01
2.508568332001595e-07	4.462618e-01	4.452042e-01	4.432061e-01
2.508798332001589e-07	4.462613e-01	4.452037e-01	4.432065e-01
2.509028332001583e-07	4.462607e-01	4.452031e-01	4.432074e-01
2.509258332001578e-07	4.462602e-01	4.452025e-01	4.432087e-01
2.509488332001572e-07	4.462597e-01	4.452020e-01	4.432104e-01
2.509718332001566e-07	4.462592e-01	4.452014e-01	4.432125e-01
2.509948332001560e-07	4.462588e-01	4.452008e-01	4.432151e-01
2.510418332001548e-07	4.462578e-01	4.451997e-01	4.432220e-01
2.510888332001536e-07	4.462570e-01	4.451984e-01	4.432301e-01
2.511358332001524e-07	4.462562e-01	4.451971e-01	4.432395e-01
2.511828332001512e-07	4.462554e-01	4.451958e-01	4.432502e-01
2.512298332001501e-07	4.462547e-01	4.451944e-01	4.432622e-01
2.512768332001489e-07	4.462540e-01	4.451930e-01	4.432755e-01
2.513238332001477e-07	4.462534e-01	4.451915e-01	4.432900e-01
2.513895474858603e-07	4.462527e-01	4.451893e-01	4.433121e-01
2.514552617715729e-07	4.462520e-01	4.451869e-01	4.433342e-01
2.515209760572855e-07	4.462514e-01	4.451844e-01	4.433565e-01
2.515866903429982e-07	4.462508e-01	4.451817e-01	4.433788e-01
2.516524046287108e-07	4.462503e-01	4.451788e-01	4.434013e-01
2.517181189144234e-07	4.462498e-01	4.451757e-01	4.434238e-01
2.517838332001360e-07	4.462494e-01	4.451724e-01	4.434465e-01
2.518578332001341e-07	4.462490e-01	4.451685e-01	4.434696e-01
2.518919760572761e-07	4.462489e-01	4.451666e-01	4.434798e-01
2.519261189144181e-07	4.462487e-01	4.451646e-01	4.434895e-01
2.519602617715601e-07	4.462485e-01	4.451626e-01	4.434987e-01
2.519944046287021e-07	4.462484e-01	4.451606e-01	4.435074e-01
2.520285474858441e-07	4.462482e-01	4.451584e-01	4.435157e-01
2.520626903429861e-07	4.462481e-01	4.451563e-01	4.435235e-01
2.520968332001281e-07	4.462480e-01	4.451540e-01	4.435308e-01
2.520988332001280e-07	4.462480e-01	4.451539e-01	4.435312e-01
2.520998332001280e-07	4.462479e-01	4.451538e-01	4.435314e-01
2.521008332001280e-07	4.462479e-01	4.451538e-01	4.435316e-01
2.521018332001280e-07	4.462479e-01	4.451537e-01	4.435319e-01
2.521028332001279e-07	4.462479e-01	4.451536e-01	4.435321e-01
2.521038332001279e-07	4.462479e-01	4.451536e-01	4.435322e-01
2.521048332001279e-07	4.462479e-01	4.451535e-01	4.435324e-01
2.521266903429845e-07	4.462478e-01	4.451520e-01	4.435368e-01
2.521485474858411e-07	4.462478e-01	4.451505e-01	4.435408e-01
2.521704046286977e-07	4.462477e-01	4.451490e-01	4.435445e-01
2.521922617715542e-07	4.462476e-01	4.451475e-01	4.435478e-01
2.522141189144108e-07	4.462475e-01	4.451459e-01	4.435508e-01
2.522359760572674e-07	4.462474e-01	4.451443e-01	4.435535e-01
2.522578332001240e-07	4.462474e-01	4.451427e-01	4.435558e-01
2.522702617715523e-07	4.462473e-01	4.451418e-01	4.435569e-01
2.522826903429805e-07	4.462473e-01	4.451408e-01	4.435577e-01
2.522951189144088e-07	4.462472e-01	4.451399e-01	4.435584e-01
2.523075474858370e-07	4.462472e-01	4.451389e-01	4.435590e-01
2.523199760572653e-07	4.462472e-01	4.451380e-01	4.435593e-01
2.523324046286936e-07	4.462471e-01	4.451370e-01	4.435595e-01
2.523448332001218e-07	4.462471e-01	4.451360e-01	4.435594e-01
2.523582617715500e-07	4.462470e-01	4.451350e-01	4.435592e-01
2.523716903429783e-07	4.462470e-01	4.451339e-01	4.435587e-01
2.523851189144065e-07	4.462469e-01	4.451328e-01	4.435579e-01
2.523985474858347e-07	4.462469e-01	4.451317e-01	4.435570e-01
2.524119760572630e-07	4.462468e-01	4.451306e-01	4.435557e-01
2.524254046286912e-07	4.462468e-01	4.451295e-01	4.435543e-01
2.524388332001194e-07	4.462467e-01	4.451284e-01	4.435526e-01
2.524595474858332e-07	4.462467e-01	4.451267e-01	4.435494e-01
2.524802617715469e-07	4.462466e-01	4.451250e-01	4.435458e-01
2.525009760572607e-07	4.462465e-01	4.451232e-01	4.435416e-01
2.525216903429745e-07	4.462465e-01	4.451214e-01	4.435370e-01
2.525424046286882e-07	4.462464e-01	4.451196e-01	4.435318e-01
2.525631189144020e-07	4.462463e-01	4.451178e-01	4.435261e-01
2.525838332001158e-07	4.462462e-01	4.451159e-01	4.435199e-01
2.526262617715432e-07	4.462461e-01	4.451121e-01	4.435053e-01
2.526686903429707e-07	4.462459e-01	4.451081e-01	4.434901e-01
2.527111189143982e-07	4.462457e-01	4.451041e-01	4.434744e-01
2.527535474858257e-07	4.462456e-01	4.451000e-01	4.434582e-01
2.527959760572532e-07	4.462454e-01	4.450959e-01	4.434415e-01
2.528384046286807e-07	4.462452e-01	4.450917e-01	4.434243e-01
2.528808332001082e-07	4.462450e-01	4.450874e-01	4.434066e-01
2.528818332001082e-07	4.462450e-01	4.450873e-01	4.434063e-01
2.529105474858218e-07	4.462449e-01	4.450843e-01	4.433951e-01
2.529392617715353e-07	4.462447e-01	4.450813e-01	4.433845e-01
2.529679760572489e-07	4.462446e-01	4.450783e-01	4.433746e-01
2.529966903429624e-07	4.462444e-01	4.450753e-01	4.433652e-01
2.530254046286760e-07	4.462443e-01	4.450722e-01	4.433565e-01
2.530541189143896e-07	4.462441e-01	4.450692e-01	4.433483e-01
2.530828332001031e-07	4.462440e-01	4.450660e-01	4.433407e-01
2.531056903429597e-07	4.462438e-01	4.450635e-01	4.433354e-01
2.531285474858162e-07	4.462437e-01	4.450610e-01	4.433306e-01
2.531514046286728e-07	4.462436e-01	4.450585e-01	4.433263e-01
2.531742617715294e-07	4.462434e-01	4.450559e-01	4.433226e-01
2.531971189143859e-07	4.462433e-01	4.450533e-01	4.433194e-01
2.532199760572425e-07	4.462431e-01	4.450507e-01	4.433168e-01
2.532428332000991e-07	4.462430e-01	4.450481e-01	4.433147e-01
2.532615474858129e-07	4.462429e-01	4.450460e-01	4.433134e-01
2.532802617715267e-07	4.462428e-01	4.450439e-01	4.433124e-01
2.532989760572405e-07	4.462426e-01	4.450417e-01	4.433119e-01
2.533176903429543e-07	4.462425e-01	4.450395e-01	4.433116e-01
2.533364046286681e-07	4.462424e-01	4.450373e-01	4.433117e-01
2.533551189143819e-07	4.462423e-01	4.450352e-01	4.433122e-01
2.533738332000957e-07	4.462421e-01	4.450330e-01	4.433130e-01
2.534021189143807e-07	4.462419e-01	4.450296e-01	4.433149e-01
2.534304046286657e-07	4.462417e-01	4.450263e-01	4.433174e-01
2.534586903429507e-07	4.462415e-01	4.450229e-01	4.433205e-01
2.534869760572357e-07	4.462413e-01	4.450195e-01	4.433242e-01
2.535152617715207e-07	4.462411e-01	4.450161e-01	4.433285e-01
2.535435474858057e-07	4.462408e-01	4.450126e-01	4.433333e-01
2.535718332000907e-07	4.462406e-01	4.450092e-01	4.433387e-01
2.536194046286609e-07	4.462402e-01	4.450034e-01	4.433492e-01
2.536669760572312e-07	4.462398e-01	4.449975e-01	4.433598e-01
2.537145474858014e-07	4.462394e-01	4.449916e-01	4.433705e-01
2.537621189143716e-07	4.462390e-01	4.449857e-01	4.433814e-01
2.538096903429418e-07	4.462385e-01	4.449798e-01	4.433924e-01
2.538572617715121e-07	4.462381e-01	4.449738e-01	4.434036e-01
2.539048332000823e-07	4.462376e-01	4.449678e-01	4.434148e-01
2.539058332000823e-07	4.462376e-01	4.449677e-01	4.434150e-01
2.539385474857957e-07	4.462373e-01	4.449635e-01	4.434220e-01
2.539712617715092e-07	4.462369e-01	4.449594e-01	4.434284e-01
2.540039760572226e-07	4.462366e-01	4.449552e-01	4.434340e-01
2.540366903429361e-07	4.462363e-01	4.449510e-01	4.434391e-01
2.540694046286495e-07	4.462359e-01	4.449469e-01	4.434435e-01
2.541021189143630e-07	4.462356e-01	4.449427e-01	4.434473e-01
2.541348332000765e-07	4.462352e-01	4.449385e-01	4.434504e-01
2.541609760572187e-07	4.462350e-01	4.449352e-01	4.434522e-01
2.541871189143608e-07	4.462347e-01	4.449318e-01	4.434534e-01
2.542132617715030e-07	4.462344e-01	4.449285e-01	4.434539e-01
2.542394046286452e-07	4.462341e-01	4.449251e-01	4.434539e-01
2.542655474857874e-07	4.462338e-01	4.449218e-01	4.434532e-01
2.542916903429296e-07	4.462335e-01	4.449185e-01	4.434520e-01
2.543178332000718e-07	4.462332e-01	4.449151e-01	4.434501e-01
2.543525474857852e-07	4.462328e-01	4.449107e-01	4.434465e-01
2.543872617714986e-07	4.462324e-01	4.449062e-01	4.434417e-01
2.544219760572120e-07	4.462320e-01	4.449018e-01	4.434357e-01
2.544566903429254e-07	4.462315e-01	4.448974e-01	4.434284e-01
2.544914046286389e-07	4.462311e-01	4.448930e-01	4.434200e-01
2.545261189143523e-07	4.462307e-01	4.448886e-01	4.434103e-01
2.545608332000657e-07	4.462303e-01	4.448842e-01	4.433993e-01
2.546134046286358e-07	4.462296e-01	4.448775e-01	4.433802e-01
2.546659760572059e-07	4.462289e-01	4.448709e-01	4.433586e-01
2.547185474857760e-07	4.462283e-01	4.448643e-01	4.433345e-01
2.547711189143461e-07	4.462276e-01	4.448577e-01	4.433079e-01
2.548236903429161e-07	4.462269e-01	4.448512e-01	4.432789e-01
2.548762617714862e-07	4.462262e-01	4.448447e-01	4.432473e-01
2.549288332000563e-07	4.462255e-01	4.448382e-01	4.432133e-01
2.549298332000563e-07	4.462255e-01	4.448381e-01	4.432127e-01
2.550455474857677e-07	4.462240e-01	4.448239e-01	4.431270e-01
2.551612617714790e-07	4.462224e-01	4.448100e-01	4.430380e-01
2.552769760571904e-07	4.462208e-01	4.447964e-01	4.429459e-01
2.553926903429017e-07	4.462192e-01	4.447830e-01	4.428505e-01
2.555084046286131e-07	4.462176e-01	4.447698e-01	4.427519e-01
2.556241189143244e-07	4.462160e-01	4.447569e-01	4.426501e-01
2.557398332000358e-07	4.462144e-01	4.447443e-01	4.425451e-01
2.557702617714636e-07	4.462140e-01	4.447410e-01	4.425189e-01
2.558006903428914e-07	4.462136e-01	4.447377e-01	4.424930e-01
2.558311189143192e-07	4.462132e-01	4.447345e-01	4.424674e-01
2.558615474857470e-07	4.462127e-01	4.447313e-01	4.424420e-01
2.558919760571748e-07	4.462123e-01	4.447281e-01	4.424168e-01
2.559224046286026e-07	4.462119e-01	4.447249e-01	4.423919e-01
2.559528332000304e-07	4.462115e-01	4.447218e-01	4.423673e-01
2.559538332000304e-07	4.462115e-01	4.447217e-01	4.423665e-01
2.560379760571711e-07	4.462103e-01	4.447131e-01	4.422997e-01
2.561221189143118e-07	4.462091e-01	4.447046e-01	4.422362e-01
2.562062617714525e-07	4.462080e-01	4.446963e-01	4.421759e-01
2.562904046285933e-07	4.462069e-01	4.446882e-01	4.421188e-01
2.563745474857340e-07	4.462057e-01	4.446802e-01	4.420650e-01
2.564586903428747e-07	4.462046e-01	4.446724e-01	4.420143e-01
2.565428332000154e-07	4.462035e-01	4.446647e-01	4.419670e-01
2.566048332000139e-07	4.462027e-01	4.446592e-01	4.419346e-01
2.566668332000123e-07	4.462019e-01	4.446537e-01	4.419041e-01
2.567288332000107e-07	4.462011e-01	4.446483e-01	4.418755e-01
2.567908332000092e-07	4.462003e-01	4.446430e-01	4.418487e-01
2.568528332000076e-07	4.461995e-01	4.446378e-01	4.418238e-01
2.569148332000060e-07	4.461987e-01	4.446326e-01	4.418007e-01
2.569768332000045e-07	4.461980e-01	4.446275e-01	4.417795e-01
2.569778332000044e-07	4.461979e-01	4.446274e-01	4.417792e-01
2.571161189142866e-07	4.461962e-01	4.446164e-01	4.417397e-01
2.572544046285688e-07	4.461946e-01	4.446057e-01	4.417063e-01
2.573926903428511e-07	4.461930e-01	4.445954e-01	4.416790e-01
2.575309760571333e-07	4.461914e-01	4.445853e-01	4.416578e-01
2.576692617714155e-07	4.461899e-01	4.445756e-01	4.416428e-01
2.578075474856977e-07	4.461885e-01	4.445661e-01	4.416339e-01
2.579458331999799e-07	4.461870e-01	4.445570e-01	4.416310e-01
2.580018331999785e-07	4.461865e-01	4.445534e-01	4.416303e-01
2.580348331999776e-07	4.461862e-01	4.445513e-01	4.416301e-01
2.580392617714061e-07	4.461861e-01	4.445510e-01	4.416301e-01
2.580436903428346e-07	4.461861e-01	4.445507e-01	4.416301e-01
2.580481189142630e-07	4.461860e-01	4.445504e-01	4.416301e-01
2.580525474856915e-07	4.461859e-01	4.445501e-01	4.416301e-01
2.580569760571199e-07	4.461859e-01	4.445499e-01	4.416301e-01
2.580614046285484e-07	4.461858e-01	4.445496e-01	4.416301e-01
2.580658331999769e-07	4.461857e-01	4.445493e-01	4.416301e-01
2.580715474856910e-07	4.461856e-01	4.445489e-01	4.416301e-01
2.580772617714051e-07	4.461855e-01	4.445486e-01	4.416301e-01
2.580829760571193e-07	4.461853e-01	4.445482e-01	4.416301e-01
2.580886903428334e-07	4.461852e-01	4.445478e-01	4.416302e-01
2.580944046285476e-07	4.461850e-01	4.445475e-01	4.416302e-01
2.581001189142617e-07	4.461847e-01	4.445471e-01	4.416303e-01
2.581058331999758e-07	4.461845e-01	4.445467e-01	4.416303e-01
2.581139760571185e-07	4.461840e-01	4.445462e-01	4.416304e-01
2.581221189142611e-07	4.461836e-01	4.445457e-01	4.416305e-01
2.581302617714038e-07	4.461830e-01	4.445452e-01	4.416306e-01
2.581384046285465e-07	4.461824e-01	4.445446e-01	4.416307e-01
2.581465474856891e-07	4.461817e-01	4.445441e-01	4.416308e-01
2.581546903428318e-07	4.461809e-01	4.445436e-01	4.416309e-01
2.581628331999744e-07	4.461801e-01	4.445431e-01	4.416310e-01
2.581754046285455e-07	4.461786e-01	4.445422e-01	4.416313e-01
2.581879760571166e-07	4.461770e-01	4.445414e-01	4.416315e-01
2.582005474856877e-07	4.461752e-01	4.445406e-01	4.416318e-01
2.582131189142588e-07	4.461733e-01	4.445398e-01	4.416321e-01
2.582256903428300e-07	4.461712e-01	4.445389e-01	4.416325e-01
2.582382617714011e-07	4.461689e-01	4.445381e-01	4.416328e-01
2.582508331999722e-07	4.461665e-01	4.445372e-01	4.416332e-01
2.582791189142572e-07	4.461603e-01	4.445353e-01	4.416341e-01
2.583074046285422e-07	4.461537e-01	4.445333e-01	4.416351e-01
2.583356903428272e-07	4.461470e-01	4.445313e-01	4.416361e-01
2.583639760571122e-07	4.461400e-01	4.445292e-01	4.416373e-01
2.583922617713972e-07	4.461328e-01	4.445272e-01	4.416386e-01
2.584205474856822e-07	4.461253e-01	4.445251e-01	4.416399e-01
2.584488331999672e-07	4.461176e-01	4.445231e-01	4.416414e-01
2.584696903428238e-07	4.461122e-01	4.445216e-01	4.416425e-01
2.584905474856804e-07	4.461072e-01	4.445201e-01	4.416437e-01
2.585114046285370e-07	4.461024e-01	4.445186e-01	4.416449e-01
2.585322617713936e-07	4.460979e-01	4.445172e-01	4.416461e-01
2.585531189142502e-07	4.460938e-01	4.445157e-01	4.416474e-01
2.585739760571068e-07	4.460899e-01	4.445144e-01	4.416487e-01
2.585948331999635e-07	4.460864e-01	4.445130e-01	4.416500e-01
2.586095474856774e-07	4.460842e-01	4.445121e-01	4.416510e-01
2.586242617713913e-07	4.460822e-01	4.445112e-01	4.416520e-01
2.586389760571052e-07	4.460805e-01	4.445103e-01	4.416530e-01
2.586536903428191e-07	4.460791e-01	4.445094e-01	4.416540e-01
2.586684046285330e-07	4.460778e-01	4.445086e-01	4.416550e-01
2.586831189142469e-07	4.460769e-01	4.445078e-01	4.416561e-01
2.586978331999608e-07	4.460761e-01	4.445070e-01	4.416571e-01
2.587084046285320e-07	4.460758e-01	4.445065e-01	4.416579e-01
2.587189760571032e-07	4.460756e-01	4.445059e-01	4.416587e-01
2.587295474856743e-07	4.460755e-01	4.445054e-01	4.416595e-01
2.587401189142455e-07	4.460755e-01	4.445049e-01	4.416603e-01
2.587506903428167e-07	4.460757e-01	4.445045e-01	4.416611e-01
2.587612617713878e-07	4.460761e-01	4.445040e-01	4.416619e-01
2.587718331999590e-07	4.460765e-01	4.445035e-01	4.416627e-01
2.587898331999585e-07	4.460777e-01	4.445028e-01	4.416641e-01
2.588078331999581e-07	4.460792e-01	4.445022e-01	4.416655e-01
2.588258331999576e-07	4.460812e-01	4.445015e-01	4.416670e-01
2.588438331999572e-07	4.460835e-01	4.445010e-01	4.416684e-01
2.588618331999567e-07	4.460862e-01	4.445004e-01	4.416699e-01
2.588798331999562e-07	4.460893e-01	4.444999e-01	4.416714e-01
2.588978331999558e-07	4.460928e-01	4.444995e-01	4.416729e-01
2.589159760570982e-07	4.460967e-01	4.444990e-01	4.416744e-01
2.589341189142406e-07	4.461009e-01	4.444987e-01	4.416760e-01
2.589522617713830e-07	4.461054e-01	4.444983e-01	4.416776e-01
2.589704046285254e-07	4.461103e-01	4.444980e-01	4.416791e-01
2.589885474856678e-07	4.461154e-01	4.444978e-01	4.416807e-01
2.590066903428102e-07	4.461209e-01	4.444976e-01	4.416824e-01
2.590248331999526e-07	4.461267e-01	4.444974e-01	4.416840e-01
2.590258331999525e-07	4.461270e-01	4.444973e-01	4.416841e-01
2.590504046285233e-07	4.461354e-01	4.444971e-01	4.416863e-01
2.590749760570942e-07	4.461441e-01	4.444970e-01	4.416885e-01
2.590995474856650e-07	4.461530e-01	4.444968e-01	4.416908e-01
2.591241189142358e-07	4.461624e-01	4.444967e-01	4.416931e-01
2.591486903428066e-07	4.461720e-01	4.444965e-01	4.416954e-01
2.591732617713774e-07	4.461820e-01	4.444964e-01	4.416977e-01
2.591978331999482e-07	4.461922e-01	4.444963e-01	4.417001e-01
2.592239760570904e-07	4.462033e-01	4.444962e-01	4.417026e-01
2.592501189142326e-07	4.462144e-01	4.444961e-01	4.417052e-01
2.592762617713748e-07	4.462255e-01	4.444959e-01	4.417077e-01
2.593024046285170e-07	4.462365e-01	4.444957e-01	4.417103e-01
2.593285474856592e-07	4.462475e-01	4.444954e-01	4.417129e-01
2.593546903428013e-07	4.462585e-01	4.444950e-01	4.417155e-01
2.593808331999435e-07	4.462695e-01	4.444947e-01	4.417181e-01
2.594071189142286e-07	4.462803e-01	4.444942e-01	4.417208e-01
2.594334046285136e-07	4.462908e-01	4.444936e-01	4.417235e-01
2.594596903427987e-07	4.463008e-01	4.444929e-01	4.417262e-01
2.594859760570837e-07	4.463106e-01	4.444921e-01	4.417289e-01
2.595122617713688e-07	4.463199e-01	4.444912e-01	4.417316e-01
2.595385474856538e-07	4.463289e-01	4.444901e-01	4.417343e-01
2.595648331999389e-07	4.463376e-01	4.444890e-01	4.417371e-01
2.595954046285095e-07	4.463470e-01	4.444875e-01	4.417403e-01
2.596259760570802e-07	4.463556e-01	4.444858e-01	4.417435e-01
2.596565474856508e-07	4.463634e-01	4.444839e-01	4.417468e-01
2.596871189142215e-07	4.463705e-01	4.444819e-01	4.417500e-01
2.597176903427922e-07	4.463767e-01	4.444796e-01	4.417533e-01
2.597482617713628e-07	4.463822e-01	4.444771e-01	4.417566e-01
2.597788331999335e-07	4.463869e-01	4.444745e-01	4.417599e-01
2.597981189142187e-07	4.463893e-01	4.444727e-01	4.417620e-01
2.598174046285039e-07	4.463915e-01	4.444708e-01	4.417641e-01
2.598366903427891e-07	4.463932e-01	4.444689e-01	4.417662e-01
2.598559760570744e-07	4.463946e-01	4.444669e-01	4.417683e-01
2.598752617713596e-07	4.463957e-01	4.444649e-01	4.417704e-01
2.598945474856448e-07	4.463964e-01	4.444627e-01	4.417726e-01
2.599138331999300e-07	4.463968e-01	4.444605e-01	4.417747e-01
2.599274046285011e-07	4.463968e-01	4.444589e-01	4.417762e-01
2.599409760570722e-07	4.463967e-01	4.444573e-01	4.417777e-01
2.599545474856433e-07	4.463964e-01	4.444556e-01	4.417792e-01
2.599681189142144e-07	4.463959e-01	4.444539e-01	4.417807e-01
2.599816903427855e-07	4.463953e-01	4.444522e-01	4.417822e-01
2.599952617713565e-07	4.463945e-01	4.444505e-01	4.417837e-01
2.600088331999276e-07	4.463935e-01	4.444487e-01	4.417852e-01
2.600498331999266e-07	4.463896e-01	4.444431e-01	4.417898e-01
2.600906903427827e-07	4.463840e-01	4.444373e-01	4.417944e-01
2.601315474856388e-07	4.463772e-01	4.444314e-01	4.417991e-01
2.601724046284949e-07	4.463692e-01	4.444253e-01	4.418037e-01
2.602132617713510e-07	4.463600e-01	4.444191e-01	4.418083e-01
2.602541189142071e-07	4.463497e-01	4.444128e-01	4.418130e-01
2.602949760570632e-07	4.463381e-01	4.444064e-01	4.418177e-01
2.603358331999193e-07	4.463252e-01	4.443998e-01	4.418224e-01
2.603969760570607e-07	4.463039e-01	4.443899e-01	4.418295e-01
2.604581189142020e-07	4.462817e-01	4.443803e-01	4.418367e-01
2.605192617713433e-07	4.462586e-01	4.443711e-01	4.418438e-01
2.605804046284846e-07	4.462346e-01	4.443622e-01	4.418510e-01
2.606415474856259e-07	4.462097e-01	4.443537e-01	4.418582e-01
2.607026903427672e-07	4.461839e-01	4.443455e-01	4.418655e-01
2.607638331999085e-07	4.461573e-01	4.443377e-01	4.418728e-01
2.608075474856217e-07	4.461387e-01	4.443327e-01	4.418780e-01
2.608512617713349e-07	4.461205e-01	4.443280e-01	4.418833e-01
2.608949760570480e-07	4.461028e-01	4.443237e-01	4.418886e-01
2.609386903427612e-07	4.460855e-01	4.443199e-01	4.418938e-01
2.609824046284744e-07	4.460686e-01	4.443164e-01	4.418991e-01
2.610261189141876e-07	4.460521e-01	4.443133e-01	4.419044e-01
2.610698331999008e-07	4.460361e-01	4.443106e-01	4.419097e-01
2.610738331999007e-07	4.460347e-01	4.443104e-01	4.419102e-01
2.610978331999000e-07	4.460263e-01	4.443091e-01	4.419131e-01
2.611218331998994e-07	4.460182e-01	4.443080e-01	4.419160e-01
2.611458331998988e-07	4.460102e-01	4.443069e-01	4.419190e-01
2.611698331998982e-07	4.460026e-01	4.443061e-01	4.419219e-01
2.611938331998976e-07	4.459952e-01	4.443053e-01	4.419248e-01
2.612178331998970e-07	4.459880e-01	4.443047e-01	4.419277e-01
2.612418331998964e-07	4.459811e-01	4.443042e-01	4.419307e-01
2.612438331998963e-07	4.459805e-01	4.443041e-01	4.419309e-01
2.612448331998963e-07	4.459802e-01	4.443043e-01	4.419311e-01
2.612458331998963e-07	4.459799e-01	4.443042e-01	4.419312e-01
2.612468331998963e-07	4.459796e-01	4.443039e-01	4.419313e-01
2.612478331998962e-07	4.459794e-01	4.443040e-01	4.419314e-01
2.612498331998962e-07	4.459788e-01	4.443040e-01	4.419317e-01
2.612508331998962e-07	4.459785e-01	4.443040e-01	4.419318e-01
2.612548331998961e-07	4.459774e-01	4.443039e-01	4.419323e-01
2.612588331998960e-07	4.459763e-01	4.443039e-01	4.419328e-01
2.612628331998959e-07	4.459752e-01	4.443038e-01	4.419332e-01
2.612668331998958e-07	4.459741e-01	4.443037e-01	4.419337e-01
2.612708331998957e-07	4.459730e-01	4.443036e-01	4.419342e-01
2.612748331998956e-07	4.459720e-01	4.443036e-01	4.419347e-01
2.612788331998955e-07	4.459709e-01	4.443035e-01	4.419352e-01
2.612848331998953e-07	4.459693e-01	4.443034e-01	4.419359e-01
2.612908331998952e-07	4.459677e-01	4.443033e-01	4.419367e-01
2.612968331998950e-07	4.459662e-01	4.443031e-01	4.419374e-01
2.613028331998948e-07	4.459646e-01	4.443030e-01	4.419381e-01
2.613088331998947e-07	4.459631e-01	4.443029e-01	4.419389e-01
2.613148331998945e-07	4.459616e-01	4.443027e-01	4.419396e-01
2.613208331998944e-07	4.459602e-01	4.443026e-01	4.419403e-01
2.613288331998942e-07	4.459582e-01	4.443023e-01	4.419413e-01
2.613368331998940e-07	4.459563e-01	4.443021e-01	4.419423e-01
2.613448331998938e-07	4.459544e-01	4.443018e-01	4.419433e-01
2.613528331998936e-07	4.459526e-01	4.443014e-01	4.419443e-01
2.613608331998934e-07	4.459508e-01	4.443011e-01	4.419452e-01
2.613688331998932e-07	4.459490e-01	4.443007e-01	4.419462e-01
2.613768331998930e-07	4.459472e-01	4.443004e-01	4.419472e-01
2.613886903427498e-07	4.459447e-01	4.442997e-01	4.419486e-01
2.614005474856067e-07	4.459422e-01	4.442990e-01	4.419501e-01
2.614124046284635e-07	4.459398e-01	4.442982e-01	4.419515e-01
2.614242617713203e-07	4.459375e-01	4.442974e-01	4.419530e-01
2.614361189141772e-07	4.459353e-01	4.442965e-01	4.419544e-01
2.614479760570340e-07	4.459331e-01	4.442955e-01	4.419559e-01
2.614598331998909e-07	4.459310e-01	4.442945e-01	4.419573e-01
2.614928331998900e-07	4.459256e-01	4.442911e-01	4.419614e-01
2.615258331998892e-07	4.459207e-01	4.442877e-01	4.419654e-01
2.615588331998884e-07	4.459165e-01	4.442842e-01	4.419694e-01
2.615918331998875e-07	4.459130e-01	4.442807e-01	4.419735e-01
2.616248331998867e-07	4.459100e-01	4.442772e-01	4.419775e-01
2.616578331998859e-07	4.459077e-01	4.442737e-01	4.419815e-01
2.616908331998850e-07	4.459060e-01	4.442701e-01	4.419855e-01
2.617078331998846e-07	4.459054e-01	4.442685e-01	4.419876e-01
2.617248331998842e-07	4.459050e-01	4.442671e-01	4.419897e-01
2.617418331998837e-07	4.459047e-01	4.442658e-01	4.419917e-01
2.617588331998833e-07	4.459046e-01	4.442646e-01	4.419938e-01
2.617758331998829e-07	4.459046e-01	4.442636e-01	4.419958e-01
2.617928331998824e-07	4.459048e-01	4.442627e-01	4.419979e-01
2.618098331998820e-07	4.459052e-01	4.442620e-01	4.419999e-01
2.618189760570246e-07	4.459055e-01	4.442617e-01	4.420010e-01
2.618281189141673e-07	4.459058e-01	4.442614e-01	4.420022e-01
2.618372617713099e-07	4.459061e-01	4.442612e-01	4.420033e-01
2.618464046284525e-07	4.459065e-01	4.442610e-01	4.420044e-01
2.618555474855951e-07	4.459070e-01	4.442609e-01	4.420055e-01
2.618646903427378e-07	4.459075e-01	4.442609e-01	4.420066e-01
2.618738331998804e-07	4.459080e-01	4.442609e-01	4.420077e-01
2.618858331998801e-07	4.459088e-01	4.442610e-01	4.420091e-01
2.618978331998798e-07	4.459097e-01	4.442611e-01	4.420106e-01
2.619098331998795e-07	4.459106e-01	4.442614e-01	4.420120e-01
2.619218331998792e-07	4.459116e-01	4.442618e-01	4.420134e-01
2.619338331998789e-07	4.459126e-01	4.442623e-01	4.420149e-01
2.619458331998786e-07	4.459137e-01	4.442629e-01	4.420163e-01
2.619578331998783e-07	4.459150e-01	4.442636e-01	4.420178e-01
2.619776903427349e-07	4.459171e-01	4.442650e-01	4.420201e-01
2.619975474855915e-07	4.459194e-01	4.442666e-01	4.420225e-01
2.620174046284482e-07	4.459219e-01	4.442686e-01	4.420249e-01
2.620372617713048e-07	4.459245e-01	4.442708e-01	4.420272e-01
2.620571189141615e-07	4.459273e-01	4.442732e-01	4.420296e-01
2.620769760570181e-07	4.459303e-01	4.442760e-01	4.420319e-01
2.620968331998747e-07	4.459334e-01	4.442790e-01	4.420343e-01
2.620978331998747e-07	4.459336e-01	4.442792e-01	4.420344e-01
2.621365474855880e-07	4.459402e-01	4.442860e-01	4.420390e-01
2.621752617713013e-07	4.459471e-01	4.442936e-01	4.420436e-01
2.622139760570146e-07	4.459543e-01	4.443019e-01	4.420481e-01
2.622526903427279e-07	4.459618e-01	4.443108e-01	4.420526e-01
2.622914046284412e-07	4.459696e-01	4.443205e-01	4.420571e-01
2.623301189141545e-07	4.459777e-01	4.443309e-01	4.420615e-01
2.623688331998678e-07	4.459861e-01	4.443420e-01	4.420660e-01
2.624171189141523e-07	4.459967e-01	4.443566e-01	4.420715e-01
2.624654046284368e-07	4.460071e-01	4.443711e-01	4.420770e-01
2.625136903427213e-07	4.460173e-01	4.443856e-01	4.420824e-01
2.625619760570058e-07	4.460273e-01	4.444000e-01	4.420878e-01
2.626102617712903e-07	4.460370e-01	4.444144e-01	4.420931e-01
2.626585474855748e-07	4.460466e-01	4.444287e-01	4.420984e-01
2.627068331998593e-07	4.460559e-01	4.444430e-01	4.421036e-01
2.627472617712868e-07	4.460631e-01	4.444542e-01	4.421080e-01
2.627876903427144e-07	4.460700e-01	4.444647e-01	4.421123e-01
2.628281189141419e-07	4.460765e-01	4.444745e-01	4.421166e-01
2.628685474855695e-07	4.460825e-01	4.444837e-01	4.421208e-01
2.629089760569970e-07	4.460881e-01	4.444921e-01	4.421250e-01
2.629494046284246e-07	4.460933e-01	4.444998e-01	4.421292e-01
2.629898331998521e-07	4.460980e-01	4.445068e-01	4.421333e-01
2.630085474855659e-07	4.461001e-01	4.445097e-01	4.421352e-01
2.630272617712797e-07	4.461020e-01	4.445124e-01	4.421371e-01
2.630459760569935e-07	4.461039e-01	4.445148e-01	4.421390e-01
2.630646903427074e-07	4.461056e-01	4.445171e-01	4.421409e-01
2.630834046284212e-07	4.461073e-01	4.445192e-01	4.421427e-01
2.631021189141350e-07	4.461089e-01	4.445211e-01	4.421446e-01
2.631208331998488e-07	4.461104e-01	4.445227e-01	4.421464e-01
2.631218331998488e-07	4.461104e-01	4.445228e-01	4.421465e-01
2.631414046284197e-07	4.461119e-01	4.445243e-01	4.421484e-01
2.631609760569906e-07	4.461132e-01	4.445256e-01	4.421503e-01
2.631805474855616e-07	4.461145e-01	4.445267e-01	4.421522e-01
2.632001189141325e-07	4.461157e-01	4.445275e-01	4.421541e-01
2.632196903427034e-07	4.461168e-01	4.445281e-01	4.421560e-01
2.632392617712744e-07	4.461178e-01	4.445284e-01	4.421579e-01
2.632588331998453e-07	4.461187e-01	4.445285e-01	4.421597e-01
2.632802617712733e-07	4.461195e-01	4.445284e-01	4.421617e-01
2.633016903427013e-07	4.461203e-01	4.445280e-01	4.421638e-01
2.633231189141294e-07	4.461211e-01	4.445273e-01	4.421658e-01
2.633445474855574e-07	4.461217e-01	4.445263e-01	4.421677e-01
2.633659760569854e-07	4.461223e-01	4.445251e-01	4.421697e-01
2.633874046284135e-07	4.461227e-01	4.445236e-01	4.421717e-01
2.634088331998415e-07	4.461231e-01	4.445218e-01	4.421736e-01
2.634568331998403e-07	4.461236e-01	4.445167e-01	4.421779e-01
2.635048331998391e-07	4.461239e-01	4.445104e-01	4.421821e-01
2.635528331998378e-07	4.461241e-01	4.445030e-01	4.421863e-01
2.636008331998366e-07	4.461241e-01	4.444944e-01	4.421904e-01
2.636488331998354e-07	4.461240e-01	4.444847e-01	4.421945e-01
2.636968331998342e-07	4.461236e-01	4.444738e-01	4.421984e-01
2.637448331998330e-07	4.461232e-01	4.444618e-01	4.422023e-01
2.637708331998323e-07	4.461229e-01	4.444550e-01	4.422044e-01
2.637968331998317e-07	4.461228e-01	4.444479e-01	4.422065e-01
2.638228331998310e-07	4.461226e-01	4.444405e-01	4.422086e-01
2.638488331998303e-07	4.461225e-01	4.444330e-01	4.422106e-01
2.638748331998297e-07	4.461224e-01	4.444252e-01	4.422126e-01
2.639008331998290e-07	4.461223e-01	4.444172e-01	4.422146e-01
2.639268331998284e-07	4.461223e-01	4.444090e-01	4.422165e-01
2.639508331998278e-07	4.461223e-01	4.444012e-01	4.422183e-01
2.639748331998272e-07	4.461223e-01	4.443933e-01	4.422201e-01
2.639988331998265e-07	4.461224e-01	4.443853e-01	4.422219e-01
2.640228331998259e-07	4.461226e-01	4.443772e-01	4.422236e-01
2.640468331998253e-07	4.461229e-01	4.443689e-01	4.422253e-01
2.640708331998247e-07	4.461231e-01	4.443605e-01	4.422270e-01
2.640948331998241e-07	4.461235e-01	4.443520e-01	4.422287e-01
2.641458331998228e-07	4.461245e-01	4.443337e-01	4.422323e-01
2.641809760569648e-07	4.461254e-01	4.443209e-01	4.422347e-01
2.642161189141068e-07	4.461264e-01	4.443080e-01	4.422370e-01
2.642512617712487e-07	4.461276e-01	4.442950e-01	4.422394e-01
2.642864046283907e-07	4.461290e-01	4.442820e-01	4.422416e-01
2.643215474855327e-07	4.461305e-01	4.442689e-01	4.422439e-01
2.643566903426746e-07	4.461322e-01	4.442558e-01	4.422461e-01
2.643918331998166e-07	4.461341e-01	4.442427e-01	4.422483e-01
2.644398331998154e-07	4.461370e-01	4.442247e-01	4.422512e-01
2.644878331998142e-07	4.461402e-01	4.442071e-01	4.422541e-01
2.645358331998129e-07	4.461437e-01	4.441897e-01	4.422568e-01
2.645838331998117e-07	4.461474e-01	4.441727e-01	4.422596e-01
2.646318331998105e-07	4.461515e-01	4.441559e-01	4.422622e-01
2.646798331998093e-07	4.461558e-01	4.441394e-01	4.422648e-01
2.647278331998081e-07	4.461604e-01	4.441232e-01	4.422673e-01
2.647908331998065e-07	4.461669e-01	4.441026e-01	4.422705e-01
2.648538331998049e-07	4.461735e-01	4.440830e-01	4.422736e-01
2.649168331998033e-07	4.461802e-01	4.440644e-01	4.422767e-01
2.649798331998017e-07	4.461870e-01	4.440469e-01	4.422796e-01
2.650428331998001e-07	4.461940e-01	4.440303e-01	4.422824e-01
2.651058331997985e-07	4.462010e-01	4.440148e-01	4.422850e-01
2.651688331997969e-07	4.462082e-01	4.440002e-01	4.422876e-01
2.651698331997969e-07	4.462083e-01	4.440000e-01	4.422877e-01
2.652342617712238e-07	4.462155e-01	4.439865e-01	4.422902e-01
2.652986903426508e-07	4.462222e-01	4.439741e-01	4.422927e-01
2.653631189140777e-07	4.462285e-01	4.439630e-01	4.422950e-01
2.654275474855046e-07	4.462342e-01	4.439530e-01	4.422973e-01
2.654919760569316e-07	4.462395e-01	4.439443e-01	4.422995e-01
2.655564046283585e-07	4.462443e-01	4.439367e-01	4.423016e-01
2.656208331997854e-07	4.462487e-01	4.439303e-01	4.423036e-01
2.656592617712130e-07	4.462508e-01	4.439271e-01	4.423047e-01
2.656976903426406e-07	4.462526e-01	4.439242e-01	4.423058e-01
2.657361189140682e-07	4.462542e-01	4.439217e-01	4.423069e-01
2.657745474854958e-07	4.462554e-01	4.439196e-01	4.423080e-01
2.658129760569234e-07	4.462563e-01	4.439179e-01	4.423090e-01
2.658514046283510e-07	4.462569e-01	4.439165e-01	4.423100e-01
2.658898331997786e-07	4.462572e-01	4.439155e-01	4.423110e-01
2.659235474854921e-07	4.462571e-01	4.439150e-01	4.423118e-01
2.659572617712055e-07	4.462568e-01	4.439146e-01	4.423127e-01
2.659909760569189e-07	4.462562e-01	4.439145e-01	4.423135e-01
2.660246903426324e-07	4.462553e-01	4.439147e-01	4.423142e-01
2.660584046283458e-07	4.462541e-01	4.439151e-01	4.423150e-01
2.660921189140592e-07	4.462526e-01	4.439157e-01	4.423157e-01
2.661258331997727e-07	4.462508e-01	4.439166e-01	4.423164e-01
2.661354046283438e-07	4.462503e-01	4.439168e-01	4.423167e-01
2.661449760569150e-07	4.462497e-01	4.439172e-01	4.423169e-01
2.661545474854862e-07	4.462491e-01	4.439175e-01	4.423171e-01
2.661641189140574e-07	4.462484e-01	4.439178e-01	4.423173e-01
2.661736903426286e-07	4.462478e-01	4.439181e-01	4.423175e-01
2.661832617711998e-07	4.462471e-01	4.439185e-01	4.423177e-01
2.661928331997710e-07	4.462464e-01	4.439189e-01	4.423178e-01
2.661938331997709e-07	4.462463e-01	4.439189e-01	4.423178e-01
2.662599760569121e-07	4.462407e-01	4.439222e-01	4.423191e-01
2.663261189140533e-07	4.462340e-01	4.439260e-01	4.423204e-01
2.663922617711945e-07	4.462261e-01	4.439303e-01	4.423215e-01
2.664584046283357e-07	4.462170e-01	4.439353e-01	4.423227e-01
2.665245474854768e-07	4.462067e-01	4.439408e-01	4.423237e-01
2.665906903426180e-07	4.461953e-01	4.439469e-01	4.423247e-01
2.666568331997592e-07	4.461828e-01	4.439536e-01	4.423256e-01
2.667315474854716e-07	4.461671e-01	4.439616e-01	4.423266e-01
2.668062617711840e-07	4.461503e-01	4.439698e-01	4.423276e-01
2.668809760568964e-07	4.461323e-01	4.439783e-01	4.423285e-01
2.669556903426088e-07	4.461131e-01	4.439871e-01	4.423293e-01
2.670304046283212e-07	4.460927e-01	4.439961e-01	4.423301e-01
2.671051189140336e-07	4.460711e-01	4.440053e-01	4.423308e-01
2.671798331997460e-07	4.460483e-01	4.440148e-01	4.423315e-01
2.671851189140315e-07	4.460467e-01	4.440155e-01	4.423315e-01
2.671904046283171e-07	4.460450e-01	4.440161e-01	4.423316e-01
2.671956903426027e-07	4.460434e-01	4.440168e-01	4.423316e-01
2.672009760568883e-07	4.460417e-01	4.440175e-01	4.423317e-01
2.672062617711739e-07	4.460401e-01	4.440181e-01	4.423317e-01
2.672115474854594e-07	4.460384e-01	4.440188e-01	4.423318e-01
2.672168331997450e-07	4.460368e-01	4.440195e-01	4.423319e-01
2.672178331997450e-07	4.460365e-01	4.440196e-01	4.423319e-01
2.672369760568874e-07	4.460304e-01	4.440220e-01	4.423320e-01
2.672561189140297e-07	4.460243e-01	4.440244e-01	4.423323e-01
2.672752617711721e-07	4.460181e-01	4.440268e-01	4.423327e-01
2.672944046283145e-07	4.460119e-01	4.440292e-01	4.423333e-01
2.673135474854568e-07	4.460056e-01	4.440316e-01	4.423340e-01
2.673326903425992e-07	4.459993e-01	4.440340e-01	4.423349e-01
2.673518331997416e-07	4.459929e-01	4.440364e-01	4.423359e-01
2.673655474854555e-07	4.459884e-01	4.440381e-01	4.423369e-01
2.673792617711695e-07	4.459837e-01	4.440399e-01	4.423379e-01
2.673929760568834e-07	4.459791e-01	4.440416e-01	4.423391e-01
2.674066903425973e-07	4.459744e-01	4.440433e-01	4.423405e-01
2.674204046283113e-07	4.459697e-01	4.440450e-01	4.423420e-01
2.674341189140252e-07	4.459650e-01	4.440467e-01	4.423436e-01
2.674478331997392e-07	4.459603e-01	4.440484e-01	4.423454e-01
2.674659760568816e-07	4.459540e-01	4.440507e-01	4.423480e-01
2.674841189140240e-07	4.459477e-01	4.440529e-01	4.423508e-01
2.675022617711664e-07	4.459414e-01	4.440552e-01	4.423538e-01
2.675204046283088e-07	4.459350e-01	4.440574e-01	4.423570e-01
2.675385474854511e-07	4.459286e-01	4.440596e-01	4.423604e-01
2.675566903425935e-07	4.459221e-01	4.440618e-01	4.423640e-01
2.675748331997359e-07	4.459156e-01	4.440640e-01	4.423678e-01
2.676084046283065e-07	4.459036e-01	4.440681e-01	4.423755e-01
2.676419760568771e-07	4.458914e-01	4.440721e-01	4.423830e-01
2.676755474854477e-07	4.458792e-01	4.440761e-01	4.423903e-01
2.677091189140183e-07	4.458670e-01	4.440800e-01	4.423972e-01
2.677426903425888e-07	4.458547e-01	4.440839e-01	4.424040e-01
2.677762617711594e-07	4.458423e-01	4.440877e-01	4.424104e-01
2.678098331997300e-07	4.458298e-01	4.440916e-01	4.424167e-01
2.678271189140153e-07	4.458234e-01	4.440935e-01	4.424193e-01
2.678444046283005e-07	4.458170e-01	4.440954e-01	4.424217e-01
2.678616903425858e-07	4.458106e-01	4.440974e-01	4.424238e-01
2.678789760568711e-07	4.458041e-01	4.440993e-01	4.424255e-01
2.678962617711564e-07	4.457977e-01	4.441012e-01	4.424270e-01
2.679135474854416e-07	4.457912e-01	4.441030e-01	4.424282e-01
2.679308331997269e-07	4.457848e-01	4.441049e-01	4.424292e-01
2.679448331997266e-07	4.457795e-01	4.441064e-01	4.424296e-01
2.679588331997262e-07	4.457743e-01	4.441079e-01	4.424299e-01
2.679728331997259e-07	4.457691e-01	4.441094e-01	4.424299e-01
2.679868331997255e-07	4.457639e-01	4.441109e-01	4.424296e-01
2.680008331997251e-07	4.457586e-01	4.441123e-01	4.424292e-01
2.680148331997248e-07	4.457534e-01	4.441138e-01	4.424285e-01
2.680288331997244e-07	4.457482e-01	4.441152e-01	4.424276e-01
2.680498331997239e-07	4.457403e-01	4.441174e-01	4.424258e-01
2.680708331997234e-07	4.457325e-01	4.441195e-01	4.424234e-01
2.680918331997228e-07	4.457247e-01	4.441216e-01	4.424206e-01
2.681128331997223e-07	4.457169e-01	4.441237e-01	4.424173e-01
2.681338331997218e-07	4.457091e-01	4.441257e-01	4.424135e-01
2.681548331997212e-07	4.457013e-01	4.441278e-01	4.424092e-01
2.681758331997207e-07	4.456935e-01	4.441298e-01	4.424044e-01
2.681851189140062e-07	4.456901e-01	4.441307e-01	4.424021e-01
2.681944046282917e-07	4.456866e-01	4.441316e-01	4.423998e-01
2.682036903425772e-07	4.456832e-01	4.441324e-01	4.423974e-01
2.682129760568626e-07	4.456798e-01	4.441333e-01	4.423949e-01
2.682222617711481e-07	4.456763e-01	4.441342e-01	4.423923e-01
2.682315474854336e-07	4.456729e-01	4.441350e-01	4.423897e-01
2.682408331997191e-07	4.456695e-01	4.441359e-01	4.423870e-01
2.682418331997190e-07	4.456691e-01	4.441360e-01	4.423867e-01
2.682985474854319e-07	4.456483e-01	4.441411e-01	4.423671e-01
2.683552617711447e-07	4.456277e-01	4.441461e-01	4.423470e-01
2.684119760568576e-07	4.456074e-01	4.441509e-01	4.423264e-01
2.684686903425704e-07	4.455873e-01	4.441555e-01	4.423054e-01
2.685254046282833e-07	4.455674e-01	4.441599e-01	4.422839e-01
2.685821189139961e-07	4.455477e-01	4.441642e-01	4.422619e-01
2.686388331997090e-07	4.455283e-01	4.441683e-01	4.422395e-01
2.686712617711367e-07	4.455173e-01	4.441706e-01	4.422280e-01
2.687036903425645e-07	4.455065e-01	4.441728e-01	4.422173e-01
2.687361189139922e-07	4.454957e-01	4.441749e-01	4.422073e-01
2.687685474854200e-07	4.454851e-01	4.441770e-01	4.421980e-01
2.688009760568477e-07	4.454746e-01	4.441791e-01	4.421895e-01
2.688334046282755e-07	4.454642e-01	4.441811e-01	4.421818e-01
2.688658331997032e-07	4.454539e-01	4.441831e-01	4.421748e-01
2.688908331997026e-07	4.454461e-01	4.441845e-01	4.421701e-01
2.689158331997020e-07	4.454383e-01	4.441860e-01	4.421660e-01
2.689408331997013e-07	4.454306e-01	4.441874e-01	4.421624e-01
2.689658331997007e-07	4.454230e-01	4.441887e-01	4.421595e-01
2.689908331997001e-07	4.454154e-01	4.441901e-01	4.421571e-01
2.690158331996994e-07	4.454079e-01	4.441914e-01	4.421553e-01
2.690408331996988e-07	4.454005e-01	4.441927e-01	4.421540e-01
2.690615474854126e-07	4.453945e-01	4.441937e-01	4.421535e-01
2.690822617711263e-07	4.453884e-01	4.441948e-01	4.421533e-01
2.691029760568401e-07	4.453825e-01	4.441958e-01	4.421535e-01
2.691236903425538e-07	4.453765e-01	4.441968e-01	4.421541e-01
2.691444046282676e-07	4.453707e-01	4.441977e-01	4.421550e-01
2.691651189139814e-07	4.453649e-01	4.441987e-01	4.421564e-01
2.691858331996951e-07	4.453591e-01	4.441996e-01	4.421581e-01
2.691971189139806e-07	4.453560e-01	4.442001e-01	4.421592e-01
2.692084046282660e-07	4.453529e-01	4.442006e-01	4.421604e-01
2.692196903425514e-07	4.453498e-01	4.442011e-01	4.421617e-01
2.692309760568368e-07	4.453468e-01	4.442016e-01	4.421631e-01
2.692422617711223e-07	4.453437e-01	4.442021e-01	4.421646e-01
2.692535474854077e-07	4.453407e-01	4.442025e-01	4.421662e-01
2.692648331996931e-07	4.453377e-01	4.442030e-01	4.421679e-01
2.692658331996931e-07	4.453374e-01	4.442030e-01	4.421681e-01
2.693522617711195e-07	4.453149e-01	4.442064e-01	4.421866e-01
2.694386903425459e-07	4.452933e-01	4.442096e-01	4.422074e-01
2.695251189139722e-07	4.452727e-01	4.442125e-01	4.422305e-01
2.696115474853986e-07	4.452530e-01	4.442151e-01	4.422560e-01
2.696979760568250e-07	4.452342e-01	4.442175e-01	4.422838e-01
2.697844046282514e-07	4.452164e-01	4.442197e-01	4.423139e-01
2.698708331996778e-07	4.451996e-01	4.442216e-01	4.423463e-01
2.699216903425336e-07	4.451901e-01	4.442226e-01	4.423639e-01
2.699725474853895e-07	4.451809e-01	4.442236e-01	4.423808e-01
2.700234046282453e-07	4.451720e-01	4.442245e-01	4.423970e-01
2.700742617711012e-07	4.451633e-01	4.442254e-01	4.424124e-01
2.701251189139570e-07	4.451550e-01	4.442262e-01	4.424272e-01
2.701759760568129e-07	4.451469e-01	4.442270e-01	4.424412e-01
2.702268331996688e-07	4.451391e-01	4.442277e-01	4.424545e-01
2.702898331996672e-07	4.451298e-01	4.442285e-01	4.424694e-01
2.703848331996647e-07	4.451165e-01	4.442296e-01	4.424888e-01
2.703858331996647e-07	4.451163e-01	4.442296e-01	4.424890e-01
2.703868331996647e-07	4.451162e-01	4.442296e-01	4.424892e-01
2.703878331996647e-07	4.451161e-01	4.442296e-01	4.424893e-01
2.703888331996646e-07	4.451159e-01	4.442296e-01	4.424894e-01
2.703898331996646e-07	4.451158e-01	4.442296e-01	4.424897e-01
2.703908331996646e-07	4.451157e-01	4.442296e-01	4.424899e-01
2.703918331996646e-07	4.451155e-01	4.442296e-01	4.424900e-01
2.703944046282359e-07	4.451152e-01	4.442297e-01	4.424905e-01
2.703969760568073e-07	4.451148e-01	4.442297e-01	4.424910e-01
2.703995474853787e-07	4.451145e-01	4.442297e-01	4.424914e-01
2.704021189139500e-07	4.451141e-01	4.442297e-01	4.424919e-01
2.704046903425214e-07	4.451138e-01	4.442298e-01	4.424923e-01
2.704072617710928e-07	4.451135e-01	4.442298e-01	4.424928e-01
2.704098331996641e-07	4.451131e-01	4.442298e-01	4.424932e-01
2.704342617710921e-07	4.451099e-01	4.442301e-01	4.424974e-01
2.704586903425200e-07	4.451067e-01	4.442303e-01	4.425013e-01
2.704831189139480e-07	4.451036e-01	4.442306e-01	4.425047e-01
2.705075474853759e-07	4.451005e-01	4.442308e-01	4.425076e-01
2.705319760568039e-07	4.450975e-01	4.442310e-01	4.425102e-01
2.705564046282318e-07	4.450945e-01	4.442312e-01	4.425124e-01
2.705808331996598e-07	4.450916e-01	4.442314e-01	4.425141e-01
2.705918331996595e-07	4.450903e-01	4.442315e-01	4.425147e-01
2.706028331996592e-07	4.450890e-01	4.442316e-01	4.425152e-01
2.706138331996589e-07	4.450877e-01	4.442317e-01	4.425155e-01
2.706248331996587e-07	4.450865e-01	4.442318e-01	4.425157e-01
2.706358331996584e-07	4.450852e-01	4.442318e-01	4.425159e-01
2.706468331996581e-07	4.450839e-01	4.442319e-01	4.425159e-01
2.706578331996578e-07	4.450827e-01	4.442320e-01	4.425158e-01
2.706718331996575e-07	4.450811e-01	4.442321e-01	4.425155e-01
2.706858331996571e-07	4.450796e-01	4.442322e-01	4.425150e-01
2.706998331996568e-07	4.450780e-01	4.442323e-01	4.425144e-01
2.707138331996564e-07	4.450765e-01	4.442324e-01	4.425135e-01
2.707278331996561e-07	4.450750e-01	4.442325e-01	4.425126e-01
2.707418331996557e-07	4.450735e-01	4.442326e-01	4.425114e-01
2.707558331996553e-07	4.450720e-01	4.442327e-01	4.425101e-01
2.707845474853689e-07	4.450690e-01	4.442328e-01	4.425067e-01
2.708132617710825e-07	4.450661e-01	4.442330e-01	4.425031e-01
2.708419760567960e-07	4.450632e-01	4.442332e-01	4.424992e-01
2.708706903425096e-07	4.450603e-01	4.442333e-01	4.424950e-01
2.708994046282231e-07	4.450575e-01	4.442335e-01	4.424906e-01
2.709281189139367e-07	4.450548e-01	4.442336e-01	4.424858e-01
2.709568331996503e-07	4.450521e-01	4.442338e-01	4.424808e-01
2.709801189139354e-07	4.450500e-01	4.442339e-01	4.424769e-01
2.710034046282205e-07	4.450479e-01	4.442340e-01	4.424732e-01
2.710266903425056e-07	4.450458e-01	4.442341e-01	4.424697e-01
2.710499760567908e-07	4.450437e-01	4.442342e-01	4.424665e-01
2.710732617710759e-07	4.450417e-01	4.442343e-01	4.424634e-01
2.710965474853610e-07	4.450397e-01	4.442344e-01	4.424606e-01
2.711198331996461e-07	4.450378e-01	4.442344e-01	4.424581e-01
2.711362617710743e-07	4.450364e-01	4.442345e-01	4.424565e-01
2.711526903425024e-07	4.450350e-01	4.442345e-01	4.424552e-01
2.711691189139306e-07	4.450337e-01	4.442346e-01	4.424540e-01
2.711855474853587e-07	4.450323e-01	4.442347e-01	4.424531e-01
2.712019760567869e-07	4.450310e-01	4.442347e-01	4.424524e-01
2.712184046282151e-07	4.450297e-01	4.442348e-01	4.424519e-01
2.712348331996432e-07	4.450284e-01	4.442348e-01	4.424516e-01
2.712459760567858e-07	4.450275e-01	4.442349e-01	4.424515e-01
2.712571189139284e-07	4.450266e-01	4.442349e-01	4.424516e-01
2.712682617710709e-07	4.450258e-01	4.442350e-01	4.424517e-01
2.712794046282135e-07	4.450249e-01	4.442350e-01	4.424520e-01
2.712905474853561e-07	4.450240e-01	4.442350e-01	4.424524e-01
2.713016903424987e-07	4.450232e-01	4.442351e-01	4.424528e-01
2.713128331996412e-07	4.450223e-01	4.442351e-01	4.424534e-01
2.713138331996412e-07	4.450223e-01	4.442351e-01	4.424535e-01
2.713362617710692e-07	4.450206e-01	4.442351e-01	4.424550e-01
2.713586903424972e-07	4.450189e-01	4.442352e-01	4.424570e-01
2.713811189139252e-07	4.450172e-01	4.442353e-01	4.424594e-01
2.714035474853532e-07	4.450156e-01	4.442353e-01	4.424622e-01
2.714259760567812e-07	4.450139e-01	4.442354e-01	4.424654e-01
2.714484046282092e-07	4.450123e-01	4.442354e-01	4.424690e-01
2.714708331996372e-07	4.450108e-01	4.442355e-01	4.424730e-01
2.715369760567784e-07	4.450062e-01	4.442357e-01	4.424884e-01
2.716031189139196e-07	4.450017e-01	4.442358e-01	4.425045e-01
2.716692617710608e-07	4.449972e-01	4.442360e-01	4.425213e-01
2.717354046282020e-07	4.449929e-01	4.442361e-01	4.425388e-01
2.718015474853431e-07	4.449886e-01	4.442363e-01	4.425569e-01
2.718676903424843e-07	4.449844e-01	4.442364e-01	4.425758e-01
2.719338331996255e-07	4.449804e-01	4.442365e-01	4.425953e-01
2.719662617710533e-07	4.449784e-01	4.442366e-01	4.426035e-01
2.719986903424810e-07	4.449764e-01	4.442367e-01	4.426112e-01
2.720311189139088e-07	4.449744e-01	4.442367e-01	4.426183e-01
2.720635474853365e-07	4.449724e-01	4.442368e-01	4.426248e-01
2.720959760567643e-07	4.449704e-01	4.442369e-01	4.426307e-01
2.721284046281920e-07	4.449684e-01	4.442369e-01	4.426361e-01
2.721608331996198e-07	4.449665e-01	4.442370e-01	4.426409e-01
2.721854046281906e-07	4.449650e-01	4.442371e-01	4.426440e-01
2.722099760567614e-07	4.449635e-01	4.442371e-01	4.426467e-01
2.722345474853322e-07	4.449620e-01	4.442372e-01	4.426490e-01
2.722591189139030e-07	4.449605e-01	4.442372e-01	4.426508e-01
2.722836903424738e-07	4.449590e-01	4.442373e-01	4.426523e-01
2.723082617710446e-07	4.449575e-01	4.442373e-01	4.426533e-01
2.723328331996154e-07	4.449560e-01	4.442374e-01	4.426539e-01
2.723378331996153e-07	4.449557e-01	4.442374e-01	4.426540e-01
2.723608331996147e-07	4.449543e-01	4.442374e-01	4.426540e-01
2.723838331996141e-07	4.449529e-01	4.442375e-01	4.426538e-01
2.724068331996135e-07	4.449515e-01	4.442376e-01	4.426532e-01
2.724298331996129e-07	4.449501e-01	4.442376e-01	4.426522e-01
2.724528331996124e-07	4.449487e-01	4.442377e-01	4.426510e-01
2.724758331996118e-07	4.449473e-01	4.442377e-01	4.426493e-01
2.724988331996112e-07	4.449459e-01	4.442378e-01	4.426474e-01
2.725446903424672e-07	4.449431e-01	4.442379e-01	4.426423e-01
2.725905474853232e-07	4.449403e-01	4.442380e-01	4.426363e-01
2.726364046281791e-07	4.449375e-01	4.442381e-01	4.426295e-01
2.726822617710351e-07	4.449346e-01	4.442382e-01	4.426217e-01
2.727281189138911e-07	4.449317e-01	4.442384e-01	4.426131e-01
2.727739760567471e-07	4.449289e-01	4.442385e-01	4.426037e-01
2.728198331996031e-07	4.449260e-01	4.442386e-01	4.425933e-01
2.728786903424587e-07	4.449222e-01	4.442388e-01	4.425792e-01
2.729375474853144e-07	4.449184e-01	4.442390e-01	4.425653e-01
2.729964046281700e-07	4.449145e-01	4.442391e-01	4.425515e-01
2.730552617710257e-07	4.449107e-01	4.442393e-01	4.425380e-01
2.731141189138813e-07	4.449068e-01	4.442395e-01	4.425247e-01
2.731729760567370e-07	4.449028e-01	4.442397e-01	4.425116e-01
2.732318331995926e-07	4.448988e-01	4.442399e-01	4.424987e-01
2.732502617710207e-07	4.448976e-01	4.442399e-01	4.424950e-01
2.732686903424488e-07	4.448963e-01	4.442400e-01	4.424915e-01
2.732871189138769e-07	4.448950e-01	4.442400e-01	4.424880e-01
2.733055474853050e-07	4.448938e-01	4.442401e-01	4.424847e-01
2.733239760567331e-07	4.448925e-01	4.442402e-01	4.424815e-01
2.733424046281612e-07	4.448912e-01	4.442402e-01	4.424785e-01
2.733608331995893e-07	4.448899e-01	4.442403e-01	4.424755e-01
2.733618331995893e-07	4.448898e-01	4.442403e-01	4.424753e-01
2.733989760567312e-07	4.448872e-01	4.442404e-01	4.424698e-01
2.734361189138732e-07	4.448846e-01	4.442405e-01	4.424648e-01
2.734732617710151e-07	4.448820e-01	4.442406e-01	4.424606e-01
2.735104046281570e-07	4.448793e-01	4.442407e-01	4.424569e-01
2.735475474852989e-07	4.448767e-01	4.442409e-01	4.424539e-01
2.735846903424408e-07	4.448740e-01	4.442410e-01	4.424516e-01
2.736218331995827e-07	4.448713e-01	4.442411e-01	4.424498e-01
2.736531189138677e-07	4.448690e-01	4.442412e-01	4.424490e-01
2.736844046281526e-07	4.448667e-01	4.442413e-01	4.424486e-01
2.737156903424375e-07	4.448644e-01	4.442414e-01	4.424488e-01
2.737469760567224e-07	4.448621e-01	4.442415e-01	4.424495e-01
2.737782617710073e-07	4.448598e-01	4.442416e-01	4.424506e-01
2.738095474852923e-07	4.448574e-01	4.442417e-01	4.424523e-01
2.738408331995772e-07	4.448551e-01	4.442418e-01	4.424545e-01
2.738951189138615e-07	4.448510e-01	4.442420e-01	4.424597e-01
2.739494046281459e-07	4.448468e-01	4.442422e-01	4.424662e-01
2.740036903424302e-07	4.448427e-01	4.442424e-01	4.424741e-01
2.740579760567145e-07	4.448385e-01	4.442425e-01	4.424834e-01
2.741122617709989e-07	4.448343e-01	4.442427e-01	4.424941e-01
2.741665474852832e-07	4.448300e-01	4.442429e-01	4.425062e-01
2.742208331995676e-07	4.448258e-01	4.442430e-01	4.425197e-01
2.742442617709955e-07	4.448239e-01	4.442431e-01	4.425258e-01
2.742676903424235e-07	4.448221e-01	4.442432e-01	4.425321e-01
2.742911189138515e-07	4.448202e-01	4.442432e-01	4.425386e-01
2.743145474852795e-07	4.448183e-01	4.442433e-01	4.425453e-01
2.743379760567074e-07	4.448165e-01	4.442434e-01	4.425522e-01
2.743614046281354e-07	4.448146e-01	4.442435e-01	4.425594e-01
2.743848331995634e-07	4.448127e-01	4.442435e-01	4.425667e-01
2.743858331995634e-07	4.448127e-01	4.442435e-01	4.425670e-01
2.744928331995607e-07	4.448040e-01	4.442438e-01	4.426038e-01
2.745998331995580e-07	4.447954e-01	4.442441e-01	4.426423e-01
2.747068331995552e-07	4.447867e-01	4.442443e-01	4.426822e-01
2.748138331995525e-07	4.447779e-01	4.442446e-01	4.427237e-01
2.749208331995498e-07	4.447692e-01	4.442448e-01	4.427668e-01
2.750278331995471e-07	4.447604e-01	4.442450e-01	4.428114e-01
2.751348331995444e-07	4.447515e-01	4.442452e-01	4.428576e-01
2.751739760566863e-07	4.447483e-01	4.442453e-01	4.428740e-01
2.752131189138281e-07	4.447451e-01	4.442454e-01	4.428904e-01
2.752522617709700e-07	4.447418e-01	4.442454e-01	4.429067e-01
2.752914046281119e-07	4.447386e-01	4.442455e-01	4.429229e-01
2.753305474852537e-07	4.447354e-01	4.442455e-01	4.429390e-01
2.753696903423956e-07	4.447322e-01	4.442456e-01	4.429551e-01
2.754088331995375e-07	4.447289e-01	4.442456e-01	4.429711e-01
2.754098331995374e-07	4.447289e-01	4.442456e-01	4.429716e-01
2.755174046281061e-07	4.447200e-01	4.442457e-01	4.430150e-01
2.756249760566748e-07	4.447112e-01	4.442458e-01	4.430573e-01
2.757325474852435e-07	4.447025e-01	4.442459e-01	4.430984e-01
2.758401189138122e-07	4.446938e-01	4.442459e-01	4.431384e-01
2.759476903423810e-07	4.446851e-01	4.442459e-01	4.431772e-01
2.760552617709497e-07	4.446765e-01	4.442459e-01	4.432148e-01
2.761628331995184e-07	4.446680e-01	4.442459e-01	4.432513e-01
2.761856903423749e-07	4.446662e-01	4.442459e-01	4.432590e-01
2.762085474852315e-07	4.446643e-01	4.442458e-01	4.432665e-01
2.762314046280880e-07	4.446625e-01	4.442458e-01	4.432740e-01
2.762542617709446e-07	4.446607e-01	4.442458e-01	4.432815e-01
2.762771189138012e-07	4.446590e-01	4.442458e-01	4.432889e-01
2.762999760566577e-07	4.446572e-01	4.442458e-01	4.432963e-01
2.763228331995143e-07	4.446554e-01	4.442458e-01	4.433036e-01
2.763258331995142e-07	4.446552e-01	4.442458e-01	4.433046e-01
2.763288331995142e-07	4.446549e-01	4.442458e-01	4.433055e-01
2.763318331995141e-07	4.446547e-01	4.442458e-01	4.433065e-01
2.763348331995140e-07	4.446545e-01	4.442458e-01	4.433074e-01
2.763378331995139e-07	4.446542e-01	4.442458e-01	4.433084e-01
2.763408331995138e-07	4.446540e-01	4.442458e-01	4.433094e-01
2.763446903423709e-07	4.446537e-01	4.442458e-01	4.433106e-01
2.763485474852279e-07	4.446534e-01	4.442459e-01	4.433118e-01
2.763524046280850e-07	4.446531e-01	4.442459e-01	4.433130e-01
2.763562617709420e-07	4.446528e-01	4.442459e-01	4.433142e-01
2.763601189137991e-07	4.446525e-01	4.442460e-01	4.433155e-01
2.763639760566561e-07	4.446522e-01	4.442460e-01	4.433167e-01
2.763678331995132e-07	4.446519e-01	4.442460e-01	4.433179e-01
2.763734046280845e-07	4.446515e-01	4.442461e-01	4.433197e-01
2.763789760566557e-07	4.446510e-01	4.442462e-01	4.433214e-01
2.763845474852270e-07	4.446506e-01	4.442463e-01	4.433232e-01
2.763901189137983e-07	4.446502e-01	4.442464e-01	4.433249e-01
2.763956903423696e-07	4.446497e-01	4.442465e-01	4.433267e-01
2.764012617709409e-07	4.446493e-01	4.442466e-01	4.433284e-01
2.764068331995122e-07	4.446489e-01	4.442468e-01	4.433302e-01
2.764105474852264e-07	4.446486e-01	4.442469e-01	4.433314e-01
2.764142617709406e-07	4.446483e-01	4.442470e-01	4.433325e-01
2.764179760566548e-07	4.446480e-01	4.442471e-01	4.433337e-01
2.764216903423689e-07	4.446477e-01	4.442473e-01	4.433348e-01
2.764254046280831e-07	4.446474e-01	4.442474e-01	4.433360e-01
2.764291189137973e-07	4.446471e-01	4.442476e-01	4.433371e-01
2.764328331995115e-07	4.446468e-01	4.442478e-01	4.433383e-01
2.764338331995115e-07	4.446468e-01	4.442478e-01	4.433386e-01
2.764445474852255e-07	4.446459e-01	4.442483e-01	4.433419e-01
2.764552617709395e-07	4.446451e-01	4.442489e-01	4.433453e-01
2.764659760566535e-07	4.446443e-01	4.442495e-01	4.433486e-01
2.764766903423675e-07	4.446434e-01	4.442502e-01	4.433519e-01
2.764874046280816e-07	4.446426e-01	4.442510e-01	4.433552e-01
2.764981189137956e-07	4.446418e-01	4.442518e-01	4.433585e-01
2.765088331995096e-07	4.446409e-01	4.442527e-01	4.433618e-01
2.765425474852230e-07	4.446383e-01	4.442562e-01	4.433720e-01
2.765762617709365e-07	4.446356e-01	4.442599e-01	4.433822e-01
2.766099760566499e-07	4.446329e-01	4.442636e-01	4.433924e-01
2.766436903423633e-07	4.446301e-01	4.442674e-01	4.434024e-01
2.766774046280767e-07	4.446273e-01	4.442713e-01	4.434124e-01
2.767111189137902e-07	4.446244e-01	4.442753e-01	4.434224e-01
2.767448331995036e-07	4.446214e-01	4.442794e-01	4.434323e-01
2.767619760566460e-07	4.446199e-01	4.442812e-01	4.434373e-01
2.767791189137885e-07	4.446183e-01	4.442829e-01	4.434423e-01
2.767962617709309e-07	4.446167e-01	4.442844e-01	4.434473e-01
2.768134046280733e-07	4.446151e-01	4.442858e-01	4.434522e-01
2.768305474852157e-07	4.446135e-01	4.442871e-01	4.434572e-01
2.768476903423581e-07	4.446118e-01	4.442883e-01	4.434622e-01
2.768648331995006e-07	4.446101e-01	4.442893e-01	4.434671e-01
2.768762617709289e-07	4.446090e-01	4.442898e-01	4.434704e-01
2.768876903423571e-07	4.446079e-01	4.442903e-01	4.434736e-01
2.768991189137854e-07	4.446068e-01	4.442907e-01	4.434769e-01
2.769105474852137e-07	4.446056e-01	4.442911e-01	4.434802e-01
2.769219760566420e-07	4.446044e-01	4.442913e-01	4.434835e-01
2.769334046280703e-07	4.446033e-01	4.442915e-01	4.434867e-01
2.769448331994985e-07	4.446021e-01	4.442916e-01	4.434900e-01
2.769529760566412e-07	4.446013e-01	4.442916e-01	4.434923e-01
2.769611189137838e-07	4.446004e-01	4.442916e-01	4.434946e-01
2.769692617709265e-07	4.445996e-01	4.442916e-01	4.434969e-01
2.769774046280691e-07	4.445987e-01	4.442914e-01	4.434992e-01
2.769855474852118e-07	4.445979e-01	4.442913e-01	4.435015e-01
2.769936903423545e-07	4.445970e-01	4.442911e-01	4.435039e-01
2.770018331994971e-07	4.445962e-01	4.442908e-01	4.435062e-01
2.770202617709252e-07	4.445942e-01	4.442902e-01	4.435114e-01
2.770386903423533e-07	4.445923e-01	4.442893e-01	4.435166e-01
2.770571189137814e-07	4.445903e-01	4.442882e-01	4.435218e-01
2.770755474852095e-07	4.445884e-01	4.442869e-01	4.435270e-01
2.770939760566376e-07	4.445865e-01	4.442854e-01	4.435322e-01
2.771124046280657e-07	4.445845e-01	4.442836e-01	4.435373e-01
2.771308331994938e-07	4.445826e-01	4.442817e-01	4.435425e-01
2.771698331994928e-07	4.445785e-01	4.442769e-01	4.435534e-01
2.772088331994919e-07	4.445746e-01	4.442715e-01	4.435643e-01
2.772478331994909e-07	4.445708e-01	4.442656e-01	4.435751e-01
2.772868331994899e-07	4.445672e-01	4.442592e-01	4.435860e-01
2.773258331994889e-07	4.445638e-01	4.442523e-01	4.435968e-01
2.773648331994879e-07	4.445606e-01	4.442448e-01	4.436076e-01
2.774038331994869e-07	4.445575e-01	4.442368e-01	4.436184e-01
2.774114046280582e-07	4.445570e-01	4.442353e-01	4.436204e-01
2.774189760566294e-07	4.445565e-01	4.442338e-01	4.436225e-01
2.774265474852006e-07	4.445559e-01	4.442323e-01	4.436246e-01
2.774341189137719e-07	4.445554e-01	4.442307e-01	4.436267e-01
2.774416903423431e-07	4.445549e-01	4.442292e-01	4.436288e-01
2.774492617709143e-07	4.445544e-01	4.442276e-01	4.436309e-01
2.774568331994856e-07	4.445539e-01	4.442260e-01	4.436330e-01
2.774578331994855e-07	4.445539e-01	4.442258e-01	4.436333e-01
2.774845474851992e-07	4.445522e-01	4.442203e-01	4.436406e-01
2.775112617709128e-07	4.445508e-01	4.442148e-01	4.436480e-01
2.775379760566264e-07	4.445495e-01	4.442094e-01	4.436553e-01
2.775646903423400e-07	4.445484e-01	4.442041e-01	4.436626e-01
2.775914046280536e-07	4.445474e-01	4.441988e-01	4.436700e-01
2.776181189137672e-07	4.445465e-01	4.441937e-01	4.436773e-01
2.776448331994808e-07	4.445459e-01	4.441886e-01	4.436847e-01
2.776618331994804e-07	4.445455e-01	4.441854e-01	4.436893e-01
2.776788331994799e-07	4.445452e-01	4.441824e-01	4.436940e-01
2.776958331994795e-07	4.445450e-01	4.441795e-01	4.436986e-01
2.777128331994791e-07	4.445449e-01	4.441766e-01	4.437033e-01
2.777298331994787e-07	4.445448e-01	4.441738e-01	4.437079e-01
2.777468331994782e-07	4.445447e-01	4.441711e-01	4.437126e-01
2.777638331994778e-07	4.445448e-01	4.441685e-01	4.437172e-01
2.777864046280487e-07	4.445449e-01	4.441652e-01	4.437234e-01
2.778089760566195e-07	4.445452e-01	4.441621e-01	4.437296e-01
2.778315474851904e-07	4.445455e-01	4.441592e-01	4.437357e-01
2.778541189137612e-07	4.445459e-01	4.441565e-01	4.437419e-01
2.778766903423321e-07	4.445464e-01	4.441540e-01	4.437480e-01
2.778992617709029e-07	4.445470e-01	4.441518e-01	4.437542e-01
2.779218331994738e-07	4.445477e-01	4.441497e-01	4.437603e-01
2.779442617709018e-07	4.445485e-01	4.441479e-01	4.437664e-01
2.779666903423298e-07	4.445493e-01	4.441463e-01	4.437725e-01
2.779891189137578e-07	4.445501e-01	4.441449e-01	4.437786e-01
2.780115474851858e-07	4.445511e-01	4.441438e-01	4.437847e-01
2.780339760566138e-07	4.445520e-01	4.441429e-01	4.437908e-01
2.780564046280418e-07	4.445531e-01	4.441422e-01	4.437968e-01
2.780788331994698e-07	4.445541e-01	4.441417e-01	4.438029e-01
2.780932617708980e-07	4.445548e-01	4.441416e-01	4.438068e-01
2.781076903423262e-07	4.445555e-01	4.441415e-01	4.438106e-01
2.781221189137544e-07	4.445562e-01	4.441415e-01	4.438145e-01
2.781365474851826e-07	4.445570e-01	4.441416e-01	4.438184e-01
2.781509760566108e-07	4.445577e-01	4.441418e-01	4.438223e-01
2.781654046280391e-07	4.445584e-01	4.441421e-01	4.438262e-01
2.781798331994673e-07	4.445591e-01	4.441425e-01	4.438301e-01
2.782119760566093e-07	4.445608e-01	4.441438e-01	4.438387e-01
2.782441189137513e-07	4.445624e-01	4.441454e-01	4.438473e-01
2.782762617708934e-07	4.445639e-01	4.441474e-01	4.438559e-01
2.783084046280354e-07	4.445653e-01	4.441499e-01	4.438644e-01
2.783405474851775e-07	4.445667e-01	4.441527e-01	4.438729e-01
2.783726903423195e-07	4.445679e-01	4.441560e-01	4.438814e-01
2.784048331994616e-07	4.445691e-01	4.441596e-01	4.438899e-01
2.784156903423184e-07	4.445694e-01	4.441609e-01	4.438928e-01
2.784265474851753e-07	4.445698e-01	4.441622e-01	4.438956e-01
2.784374046280322e-07	4.445701e-01	4.441636e-01	4.438985e-01
2.784482617708890e-07	4.445704e-01	4.441650e-01	4.439013e-01
2.784591189137459e-07	4.445706e-01	4.441664e-01	4.439042e-01
2.784699760566028e-07	4.445709e-01	4.441679e-01	4.439070e-01
2.784808331994596e-07	4.445711e-01	4.441694e-01	4.439099e-01
2.784818331994596e-07	4.445711e-01	4.441695e-01	4.439101e-01
2.785052617708876e-07	4.445716e-01	4.441729e-01	4.439162e-01
2.785286903423156e-07	4.445719e-01	4.441764e-01	4.439223e-01
2.785521189137435e-07	4.445720e-01	4.441800e-01	4.439284e-01
2.785755474851715e-07	4.445721e-01	4.441838e-01	4.439344e-01
2.785989760565995e-07	4.445720e-01	4.441876e-01	4.439405e-01
2.786224046280275e-07	4.445719e-01	4.441916e-01	4.439465e-01
2.786458331994554e-07	4.445716e-01	4.441957e-01	4.439525e-01
2.786754046280261e-07	4.445710e-01	4.442010e-01	4.439600e-01
2.787049760565968e-07	4.445701e-01	4.442064e-01	4.439675e-01
2.787345474851675e-07	4.445691e-01	4.442118e-01	4.439750e-01
2.787641189137382e-07	4.445677e-01	4.442173e-01	4.439824e-01
2.787936903423088e-07	4.445662e-01	4.442229e-01	4.439898e-01
2.788232617708795e-07	4.445644e-01	4.442286e-01	4.439972e-01
2.788528331994502e-07	4.445623e-01	4.442343e-01	4.440045e-01
2.788958331994491e-07	4.445588e-01	4.442427e-01	4.440150e-01
2.789388331994480e-07	4.445548e-01	4.442509e-01	4.440255e-01
2.789818331994469e-07	4.445503e-01	4.442589e-01	4.440358e-01
2.790248331994458e-07	4.445452e-01	4.442669e-01	4.440461e-01
2.790678331994448e-07	4.445397e-01	4.442746e-01	4.440562e-01
2.791108331994437e-07	4.445335e-01	4.442822e-01	4.440663e-01
2.791538331994426e-07	4.445269e-01	4.442897e-01	4.440762e-01
2.792021189137271e-07	4.445188e-01	4.442977e-01	4.440873e-01
2.792504046280116e-07	4.445103e-01	4.443051e-01	4.440982e-01
2.792986903422961e-07	4.445013e-01	4.443121e-01	4.441089e-01
2.793469760565805e-07	4.444918e-01	4.443185e-01	4.441194e-01
2.793952617708650e-07	4.444818e-01	4.443245e-01	4.441298e-01
2.794435474851495e-07	4.444715e-01	4.443299e-01	4.441401e-01
2.794918331994340e-07	4.444606e-01	4.443348e-01	4.441502e-01
2.795058331994337e-07	4.444574e-01	4.443361e-01	4.441531e-01
2.795298331994331e-07	4.444520e-01	4.443382e-01	4.441580e-01
2.795328331994330e-07	4.444513e-01	4.443384e-01	4.441586e-01
2.795348331994329e-07	4.444508e-01	4.443384e-01	4.441590e-01
2.795358331994329e-07	4.444506e-01	4.443389e-01	4.441592e-01
2.795378331994328e-07	4.444501e-01	4.443388e-01	4.441596e-01
2.795485474851469e-07	4.444476e-01	4.443397e-01	4.441618e-01
2.795592617708609e-07	4.444452e-01	4.443405e-01	4.441640e-01
2.795699760565749e-07	4.444428e-01	4.443414e-01	4.441661e-01
2.795806903422889e-07	4.444405e-01	4.443421e-01	4.441683e-01
2.795914046280029e-07	4.444382e-01	4.443429e-01	4.441704e-01
2.796021189137169e-07	4.444360e-01	4.443436e-01	4.441725e-01
2.796128331994309e-07	4.444339e-01	4.443443e-01	4.441747e-01
2.796238331994307e-07	4.444318e-01	4.443450e-01	4.441768e-01
2.796348331994304e-07	4.444299e-01	4.443456e-01	4.441790e-01
2.796458331994301e-07	4.444281e-01	4.443462e-01	4.441811e-01
2.796568331994298e-07	4.444264e-01	4.443468e-01	4.441833e-01
2.796678331994296e-07	4.444249e-01	4.443474e-01	4.441854e-01
2.796788331994293e-07	4.444234e-01	4.443479e-01	4.441875e-01
2.796898331994290e-07	4.444221e-01	4.443485e-01	4.441897e-01
2.797005474851430e-07	4.444210e-01	4.443489e-01	4.441917e-01
2.797112617708570e-07	4.444200e-01	4.443494e-01	4.441938e-01
2.797219760565710e-07	4.444191e-01	4.443498e-01	4.441958e-01
2.797326903422851e-07	4.444183e-01	4.443502e-01	4.441978e-01
2.797434046279991e-07	4.444176e-01	4.443506e-01	4.441998e-01
2.797541189137131e-07	4.444170e-01	4.443510e-01	4.442019e-01
2.797648331994271e-07	4.444165e-01	4.443513e-01	4.442039e-01
2.797735474851412e-07	4.444162e-01	4.443515e-01	4.442055e-01
2.797822617708552e-07	4.444159e-01	4.443518e-01	4.442071e-01
2.797909760565693e-07	4.444157e-01	4.443520e-01	4.442087e-01
2.797996903422834e-07	4.444156e-01	4.443522e-01	4.442103e-01
2.798084046279974e-07	4.444155e-01	4.443524e-01	4.442119e-01
2.798171189137115e-07	4.444154e-01	4.443526e-01	4.442135e-01
2.798258331994256e-07	4.444155e-01	4.443527e-01	4.442150e-01
2.798401189137109e-07	4.444156e-01	4.443530e-01	4.442176e-01
2.798544046279963e-07	4.444157e-01	4.443532e-01	4.442202e-01
2.798686903422816e-07	4.444159e-01	4.443533e-01	4.442227e-01
2.798829760565670e-07	4.444161e-01	4.443534e-01	4.442253e-01
2.798972617708523e-07	4.444164e-01	4.443534e-01	4.442278e-01
2.799115474851377e-07	4.444167e-01	4.443534e-01	4.442303e-01
2.799258331994230e-07	4.444171e-01	4.443534e-01	4.442327e-01
2.799359760565656e-07	4.444174e-01	4.443533e-01	4.442345e-01
2.799461189137082e-07	4.444176e-01	4.443533e-01	4.442362e-01
2.799562617708508e-07	4.444177e-01	4.443532e-01	4.442379e-01
2.799664046279934e-07	4.444179e-01	4.443530e-01	4.442397e-01
2.799765474851360e-07	4.444180e-01	4.443529e-01	4.442414e-01
2.799866903422786e-07	4.444181e-01	4.443527e-01	4.442431e-01
2.799968331994212e-07	4.444181e-01	4.443525e-01	4.442448e-01
2.800051189137067e-07	4.444181e-01	4.443523e-01	4.442462e-01
2.800134046279922e-07	4.444181e-01	4.443521e-01	4.442476e-01
2.800216903422777e-07	4.444180e-01	4.443518e-01	4.442489e-01
2.800299760565632e-07	4.444179e-01	4.443516e-01	4.442503e-01
2.800382617708487e-07	4.444178e-01	4.443513e-01	4.442517e-01
2.800465474851342e-07	4.444176e-01	4.443510e-01	4.442530e-01
2.800548331994198e-07	4.444174e-01	4.443507e-01	4.442544e-01
2.800682617708480e-07	4.444169e-01	4.443502e-01	4.442565e-01
2.800816903422762e-07	4.444163e-01	4.443496e-01	4.442587e-01
2.800951189137044e-07	4.444155e-01	4.443490e-01	4.442608e-01
2.801085474851327e-07	4.444146e-01	4.443483e-01	4.442630e-01
2.801219760565609e-07	4.444135e-01	4.443476e-01	4.442651e-01
2.801354046279891e-07	4.444123e-01	4.443468e-01	4.442672e-01
2.801488331994174e-07	4.444109e-01	4.443459e-01	4.442693e-01
2.801681189137026e-07	4.444086e-01	4.443446e-01	4.442722e-01
2.801874046279878e-07	4.444060e-01	4.443432e-01	4.442752e-01
2.802066903422730e-07	4.444029e-01	4.443417e-01	4.442781e-01
2.802259760565583e-07	4.443995e-01	4.443401e-01	4.442809e-01
2.802452617708435e-07	4.443957e-01	4.443383e-01	4.442838e-01
2.802645474851287e-07	4.443915e-01	4.443364e-01	4.442866e-01
2.802838331994139e-07	4.443870e-01	4.443344e-01	4.442894e-01
2.803126903422704e-07	4.443793e-01	4.443313e-01	4.442935e-01
2.803415474851268e-07	4.443710e-01	4.443279e-01	4.442975e-01
2.803704046279832e-07	4.443619e-01	4.443243e-01	4.443015e-01
2.803992617708396e-07	4.443521e-01	4.443206e-01	4.443054e-01
2.804281189136960e-07	4.443416e-01	4.443166e-01	4.443092e-01
2.804569760565524e-07	4.443303e-01	4.443124e-01	4.443130e-01
2.804858331994088e-07	4.443184e-01	4.443080e-01	4.443167e-01
2.805298331994077e-07	4.442993e-01	4.443010e-01	4.443221e-01
2.805852617708349e-07	4.442726e-01	4.442915e-01	4.443288e-01
2.806406903422621e-07	4.442462e-01	4.442821e-01	4.443353e-01
2.806961189136892e-07	4.442202e-01	4.442726e-01	4.443415e-01
2.807515474851164e-07	4.441945e-01	4.442632e-01	4.443475e-01
2.808069760565436e-07	4.441692e-01	4.442538e-01	4.443533e-01
2.808624046279707e-07	4.441441e-01	4.442445e-01	4.443588e-01
2.809178331993979e-07	4.441195e-01	4.442351e-01	4.443641e-01
2.809511189136828e-07	4.441062e-01	4.442300e-01	4.443671e-01
2.809844046279676e-07	4.440940e-01	4.442250e-01	4.443701e-01
2.810176903422525e-07	4.440827e-01	4.442203e-01	4.443730e-01
2.810509760565374e-07	4.440725e-01	4.442159e-01	4.443759e-01
2.810842617708222e-07	4.440632e-01	4.442117e-01	4.443786e-01
2.811175474851071e-07	4.440549e-01	4.442078e-01	4.443813e-01
2.811508331993920e-07	4.440477e-01	4.442041e-01	4.443839e-01
2.811725474851057e-07	4.440437e-01	4.442018e-01	4.443856e-01
2.811942617708195e-07	4.440402e-01	4.441997e-01	4.443872e-01
2.812159760565332e-07	4.440372e-01	4.441978e-01	4.443888e-01
2.812376903422469e-07	4.440347e-01	4.441960e-01	4.443904e-01
2.812594046279607e-07	4.440328e-01	4.441943e-01	4.443919e-01
2.812811189136744e-07	4.440314e-01	4.441927e-01	4.443934e-01
2.813028331993881e-07	4.440305e-01	4.441913e-01	4.443949e-01
2.813148331993878e-07	4.440303e-01	4.441906e-01	4.443957e-01
2.813268331993875e-07	4.440302e-01	4.441899e-01	4.443965e-01
2.813388331993872e-07	4.440303e-01	4.441893e-01	4.443973e-01
2.813508331993869e-07	4.440305e-01	4.441887e-01	4.443980e-01
2.813628331993866e-07	4.440309e-01	4.441881e-01	4.443988e-01
2.813748331993863e-07	4.440315e-01	4.441876e-01	4.443996e-01
2.813868331993860e-07	4.440323e-01	4.441871e-01	4.444003e-01
2.814069760565284e-07	4.440339e-01	4.441864e-01	4.444016e-01
2.814271189136707e-07	4.440359e-01	4.441858e-01	4.444028e-01
2.814472617708130e-07	4.440384e-01	4.441853e-01	4.444040e-01
2.814674046279554e-07	4.440413e-01	4.441850e-01	4.444052e-01
2.814875474850977e-07	4.440447e-01	4.441847e-01	4.444063e-01
2.815076903422401e-07	4.440485e-01	4.441846e-01	4.444075e-01
2.815278331993824e-07	4.440527e-01	4.441845e-01	4.444086e-01
2.815314046279538e-07	4.440535e-01	4.441845e-01	4.444088e-01
2.815349760565251e-07	4.440543e-01	4.441845e-01	4.444089e-01
2.815385474850964e-07	4.440551e-01	4.441845e-01	4.444091e-01
2.815421189136678e-07	4.440559e-01	4.441845e-01	4.444093e-01
2.815456903422391e-07	4.440568e-01	4.441845e-01	4.444095e-01
2.815492617708105e-07	4.440577e-01	4.441845e-01	4.444097e-01
2.815528331993818e-07	4.440585e-01	4.441846e-01	4.444099e-01
2.815538331993818e-07	4.440588e-01	4.441846e-01	4.444100e-01
2.815835474850953e-07	4.440666e-01	4.441849e-01	4.444115e-01
2.816132617708088e-07	4.440752e-01	4.441854e-01	4.444130e-01
2.816429760565224e-07	4.440846e-01	4.441861e-01	4.444145e-01
2.816726903422359e-07	4.440947e-01	4.441869e-01	4.444159e-01
2.817024046279494e-07	4.441056e-01	4.441879e-01	4.444173e-01
2.817321189136630e-07	4.441173e-01	4.441891e-01	4.444186e-01
2.817618331993765e-07	4.441297e-01	4.441904e-01	4.444199e-01
2.818235474850892e-07	4.441583e-01	4.441938e-01	4.444224e-01
2.818852617708019e-07	4.441882e-01	4.441974e-01	4.444247e-01
2.819469760565147e-07	4.442195e-01	4.442011e-01	4.444270e-01
2.820086903422274e-07	4.442520e-01	4.442050e-01	4.444290e-01
2.820704046279401e-07	4.442859e-01	4.442090e-01	4.444310e-01
2.821321189136528e-07	4.443211e-01	4.442131e-01	4.444327e-01
2.821938331993656e-07	4.443576e-01	4.442174e-01	4.444344e-01
2.822321189136503e-07	4.443799e-01	4.442198e-01	4.444353e-01
2.822704046279350e-07	4.444018e-01	4.442220e-01	4.444363e-01
2.823086903422198e-07	4.444235e-01	4.442241e-01	4.444371e-01
2.823469760565045e-07	4.444448e-01	4.442260e-01	4.444380e-01
2.823852617707893e-07	4.444658e-01	4.442277e-01	4.444388e-01
2.824235474850740e-07	4.444866e-01	4.442293e-01	4.444395e-01
2.824618331993588e-07	4.445070e-01	4.442307e-01	4.444403e-01
2.824782617707869e-07	4.445156e-01	4.442312e-01	4.444406e-01
2.824946903422151e-07	4.445240e-01	4.442317e-01	4.444409e-01
2.825111189136432e-07	4.445323e-01	4.442321e-01	4.444412e-01
2.825275474850714e-07	4.445405e-01	4.442325e-01	4.444415e-01
2.825439760564995e-07	4.445486e-01	4.442329e-01	4.444417e-01
2.825604046279277e-07	4.445565e-01	4.442332e-01	4.444420e-01
2.825768331993559e-07	4.445644e-01	4.442334e-01	4.444423e-01
2.825778331993558e-07	4.445648e-01	4.442334e-01	4.444423e-01
2.826026903422123e-07	4.445765e-01	4.442337e-01	4.444427e-01
2.826275474850689e-07	4.445877e-01	4.442339e-01	4.444431e-01
2.826524046279254e-07	4.445987e-01	4.442340e-01	4.444434e-01
2.826772617707819e-07	4.446093e-01	4.442340e-01	4.444438e-01
2.827021189136384e-07	4.446195e-01	4.442339e-01	4.444442e-01
2.827269760564949e-07	4.446294e-01	4.442336e-01	4.444445e-01
2.827518331993514e-07	4.446390e-01	4.442333e-01	4.444448e-01
2.827879760564934e-07	4.446522e-01	4.442326e-01	4.444453e-01
2.828241189136353e-07	4.446646e-01	4.442316e-01	4.444457e-01
2.828602617707772e-07	4.446761e-01	4.442305e-01	4.444462e-01
2.828964046279192e-07	4.446868e-01	4.442291e-01	4.444466e-01
2.829325474850611e-07	4.446966e-01	4.442274e-01	4.444470e-01
2.829686903422031e-07	4.447056e-01	4.442256e-01	4.444474e-01
2.830048331993450e-07	4.447137e-01	4.442235e-01	4.444478e-01
2.830421189136298e-07	4.447211e-01	4.442211e-01	4.444482e-01
2.830794046279145e-07	4.447276e-01	4.442186e-01	4.444486e-01
2.831166903421993e-07	4.447331e-01	4.442158e-01	4.444489e-01
2.831539760564841e-07	4.447377e-01	4.442129e-01	4.444493e-01
2.831912617707689e-07	4.447414e-01	4.442098e-01	4.444497e-01
2.832285474850536e-07	4.447441e-01	4.442065e-01	4.444500e-01
2.832658331993384e-07	4.447460e-01	4.442030e-01	4.444504e-01
2.832894046279092e-07	4.447466e-01	4.442007e-01	4.444506e-01
2.833129760564801e-07	4.447470e-01	4.441983e-01	4.444508e-01
2.833365474850509e-07	4.447470e-01	4.441959e-01	4.444510e-01
2.833601189136217e-07	4.447467e-01	4.441935e-01	4.444513e-01
2.833836903421926e-07	4.447460e-01	4.441910e-01	4.444515e-01
2.834072617707634e-07	4.447450e-01	4.441885e-01	4.444517e-01
2.834308331993342e-07	4.447437e-01	4.441859e-01	4.444519e-01
2.834551189136193e-07	4.447419e-01	4.441832e-01	4.444522e-01
2.834794046279044e-07	4.447399e-01	4.441805e-01	4.444524e-01
2.835036903421895e-07	4.447375e-01	4.441778e-01	4.444526e-01
2.835279760564746e-07	4.447349e-01	4.441750e-01	4.444529e-01
2.835522617707597e-07	4.447319e-01	4.441722e-01	4.444531e-01
2.835765474850448e-07	4.447286e-01	4.441693e-01	4.444533e-01
2.836008331993299e-07	4.447249e-01	4.441665e-01	4.444536e-01
2.836018331993299e-07	4.447248e-01	4.441664e-01	4.444536e-01
2.836785474850422e-07	4.447108e-01	4.441570e-01	4.444543e-01
2.837552617707546e-07	4.446949e-01	4.441479e-01	4.444552e-01
2.838319760564669e-07	4.446771e-01	4.441390e-01	4.444560e-01
2.839086903421793e-07	4.446573e-01	4.441303e-01	4.444570e-01
2.839854046278916e-07	4.446357e-01	4.441219e-01	4.444579e-01
2.840621189136039e-07	4.446121e-01	4.441136e-01	4.444589e-01
2.841388331993163e-07	4.445866e-01	4.441055e-01	4.444600e-01
2.841995474850290e-07	4.445660e-01	4.440996e-01	4.444609e-01
2.842602617707418e-07	4.445451e-01	4.440941e-01	4.444619e-01
2.843209760564545e-07	4.445242e-01	4.440890e-01	4.444629e-01
2.843816903421673e-07	4.445030e-01	4.440843e-01	4.444639e-01
2.844424046278800e-07	4.444816e-01	4.440799e-01	4.444650e-01
2.845031189135928e-07	4.444601e-01	4.440759e-01	4.444662e-01
2.845638331993055e-07	4.444383e-01	4.440724e-01	4.444673e-01
2.846258331993039e-07	4.444166e-01	4.440692e-01	4.444686e-01
2.846726903421599e-07	4.444003e-01	4.440671e-01	4.444696e-01
2.847195474850159e-07	4.443843e-01	4.440652e-01	4.444707e-01
2.847664046278718e-07	4.443685e-01	4.440636e-01	4.444717e-01
2.848132617707278e-07	4.443530e-01	4.440623e-01	4.444728e-01
2.848601189135837e-07	4.443378e-01	4.440612e-01	4.444740e-01
2.849069760564397e-07	4.443229e-01	4.440603e-01	4.444751e-01
2.849538331992956e-07	4.443083e-01	4.440597e-01	4.444763e-01
2.849942617707232e-07	4.442960e-01	4.440594e-01	4.444774e-01
2.850346903421507e-07	4.442840e-01	4.440592e-01	4.444785e-01
2.850751189135783e-07	4.442723e-01	4.440591e-01	4.444796e-01
2.851155474850058e-07	4.442610e-01	4.440592e-01	4.444807e-01
2.851559760564334e-07	4.442499e-01	4.440595e-01	4.444819e-01
2.851964046278609e-07	4.442392e-01	4.440599e-01	4.444831e-01
2.852368331992885e-07	4.442288e-01	4.440605e-01	4.444843e-01
2.852706903421447e-07	4.442204e-01	4.440611e-01	4.444853e-01
2.853045474850010e-07	4.442122e-01	4.440618e-01	4.444864e-01
2.853384046278573e-07	4.442043e-01	4.440625e-01	4.444874e-01
2.853722617707136e-07	4.441967e-01	4.440633e-01	4.444885e-01
2.854061189135699e-07	4.441892e-01	4.440642e-01	4.444896e-01
2.854399760564262e-07	4.441821e-01	4.440652e-01	4.444908e-01
2.854738331992825e-07	4.441752e-01	4.440662e-01	4.444919e-01
2.854871189135678e-07	4.441725e-01	4.440667e-01	4.444924e-01
2.855004046278532e-07	4.441699e-01	4.440671e-01	4.444928e-01
2.855136903421386e-07	4.441673e-01	4.440675e-01	4.444933e-01
2.855269760564240e-07	4.441648e-01	4.440680e-01	4.444938e-01
2.855402617707093e-07	4.441623e-01	4.440684e-01	4.444944e-01
2.855535474849947e-07	4.441599e-01	4.440689e-01	4.444949e-01
2.855668331992801e-07	4.441575e-01	4.440694e-01	4.444955e-01
2.855785474849941e-07	4.441554e-01	4.440698e-01	4.444960e-01
2.855902617707081e-07	4.441533e-01	4.440702e-01	4.444966e-01
2.856019760564221e-07	4.441513e-01	4.440707e-01	4.444973e-01
2.856136903421361e-07	4.441493e-01	4.440711e-01	4.444980e-01
2.856254046278500e-07	4.441473e-01	4.440715e-01	4.444987e-01
2.856371189135640e-07	4.441454e-01	4.440720e-01	4.444995e-01
2.856488331992780e-07	4.441435e-01	4.440725e-01	4.445004e-01
2.856498331992780e-07	4.441433e-01	4.440725e-01	4.445004e-01
2.856658331992776e-07	4.441408e-01	4.440731e-01	4.445017e-01
2.856818331992772e-07	4.441383e-01	4.440738e-01	4.445031e-01
2.856978331992768e-07	4.441358e-01	4.440744e-01	4.445047e-01
2.857138331992764e-07	4.441334e-01	4.440751e-01	4.445063e-01
2.857298331992760e-07	4.441311e-01	4.440757e-01	4.445080e-01
2.857458331992756e-07	4.441288e-01	4.440764e-01	4.445099e-01
2.857618331992752e-07	4.441266e-01	4.440771e-01	4.445119e-01
2.857856903421317e-07	4.441234e-01	4.440781e-01	4.445151e-01
2.858095474849882e-07	4.441203e-01	4.440792e-01	4.445185e-01
2.858334046278448e-07	4.441173e-01	4.440802e-01	4.445220e-01
2.858572617707013e-07	4.441145e-01	4.440812e-01	4.445256e-01
2.858811189135579e-07	4.441117e-01	4.440823e-01	4.445292e-01
2.859049760564144e-07	4.441091e-01	4.440833e-01	4.445330e-01
2.859288331992709e-07	4.441066e-01	4.440844e-01	4.445369e-01
2.859532617706989e-07	4.441041e-01	4.440855e-01	4.445409e-01
2.859776903421268e-07	4.441018e-01	4.440866e-01	4.445445e-01
2.860021189135548e-07	4.440996e-01	4.440877e-01	4.445480e-01
2.860265474849827e-07	4.440975e-01	4.440888e-01	4.445512e-01
2.860509760564107e-07	4.440955e-01	4.440898e-01	4.445542e-01
2.860754046278386e-07	4.440936e-01	4.440909e-01	4.445570e-01
2.860998331992666e-07	4.440918e-01	4.440920e-01	4.445595e-01
2.861159760564090e-07	4.440907e-01	4.440927e-01	4.445609e-01
2.861321189135515e-07	4.440896e-01	4.440934e-01	4.445621e-01
2.861482617706939e-07	4.440886e-01	4.440941e-01	4.445631e-01
2.861644046278364e-07	4.440876e-01	4.440948e-01	4.445640e-01
2.861805474849788e-07	4.440867e-01	4.440955e-01	4.445646e-01
2.861966903421213e-07	4.440858e-01	4.440962e-01	4.445650e-01
2.862128331992637e-07	4.440850e-01	4.440969e-01	4.445653e-01
2.862276903421205e-07	4.440842e-01	4.440975e-01	4.445653e-01
2.862425474849773e-07	4.440835e-01	4.440981e-01	4.445652e-01
2.862574046278340e-07	4.440829e-01	4.440987e-01	4.445648e-01
2.862722617706908e-07	4.440822e-01	4.440993e-01	4.445643e-01
2.862871189135476e-07	4.440817e-01	4.440999e-01	4.445637e-01
2.863019760564043e-07	4.440811e-01	4.441005e-01	4.445628e-01
2.863168331992611e-07	4.440806e-01	4.441011e-01	4.445618e-01
2.863408331992605e-07	4.440798e-01	4.441020e-01	4.445597e-01
2.863648331992599e-07	4.440791e-01	4.441029e-01	4.445573e-01
2.863888331992593e-07	4.440785e-01	4.441038e-01	4.445544e-01
2.864128331992587e-07	4.440780e-01	4.441047e-01	4.445512e-01
2.864368331992581e-07	4.440775e-01	4.441055e-01	4.445476e-01
2.864608331992574e-07	4.440772e-01	4.441064e-01	4.445437e-01
2.864848331992568e-07	4.440769e-01	4.441072e-01	4.445393e-01
2.865116903421133e-07	4.440766e-01	4.441081e-01	4.445341e-01
2.865385474849698e-07	4.440765e-01	4.441089e-01	4.445287e-01
2.865654046278262e-07	4.440764e-01	4.441097e-01	4.445231e-01
2.865922617706827e-07	4.440765e-01	4.441105e-01	4.445174e-01
2.866191189135392e-07	4.440766e-01	4.441113e-01	4.445115e-01
2.866459760563956e-07	4.440768e-01	4.441120e-01	4.445055e-01
2.866728331992521e-07	4.440771e-01	4.441127e-01	4.444992e-01
2.866738331992521e-07	4.440771e-01	4.441127e-01	4.444990e-01
2.867081189135369e-07	4.440776e-01	4.441135e-01	4.444910e-01
2.867424046278217e-07	4.440781e-01	4.441143e-01	4.444834e-01
2.867766903421066e-07	4.440788e-01	4.441150e-01	4.444762e-01
2.868109760563914e-07	4.440796e-01	4.441157e-01	4.444694e-01
2.868452617706763e-07	4.440805e-01	4.441162e-01	4.444630e-01
2.868795474849611e-07	4.440816e-01	4.441168e-01	4.444569e-01
2.869138331992460e-07	4.440827e-01	4.441172e-01	4.444513e-01
2.869378331992454e-07	4.440835e-01	4.441175e-01	4.444479e-01
2.869618331992448e-07	4.440844e-01	4.441178e-01	4.444448e-01
2.869858331992441e-07	4.440853e-01	4.441180e-01	4.444422e-01
2.870098331992435e-07	4.440862e-01	4.441182e-01	4.444399e-01
2.870338331992429e-07	4.440872e-01	4.441184e-01	4.444381e-01
2.870578331992423e-07	4.440882e-01	4.441185e-01	4.444366e-01
2.870818331992417e-07	4.440892e-01	4.441186e-01	4.444355e-01
2.871016903420984e-07	4.440901e-01	4.441187e-01	4.444350e-01
2.871215474849550e-07	4.440910e-01	4.441187e-01	4.444348e-01
2.871414046278116e-07	4.440920e-01	4.441187e-01	4.444349e-01
2.871612617706683e-07	4.440929e-01	4.441187e-01	4.444353e-01
2.871811189135249e-07	4.440939e-01	4.441187e-01	4.444360e-01
2.872009760563816e-07	4.440949e-01	4.441186e-01	4.444370e-01
2.872208331992382e-07	4.440959e-01	4.441186e-01	4.444383e-01
2.872528331992374e-07	4.440975e-01	4.441184e-01	4.444411e-01
2.872848331992366e-07	4.440992e-01	4.441182e-01	4.444447e-01
2.873168331992358e-07	4.441010e-01	4.441179e-01	4.444490e-01
2.873488331992350e-07	4.441027e-01	4.441176e-01	4.444539e-01
2.873808331992341e-07	4.441045e-01	4.441173e-01	4.444597e-01
2.874128331992333e-07	4.441063e-01	4.441168e-01	4.444661e-01
2.874448331992325e-07	4.441082e-01	4.441164e-01	4.444733e-01
2.874808331992316e-07	4.441103e-01	4.441158e-01	4.444821e-01
2.875168331992307e-07	4.441124e-01	4.441151e-01	4.444915e-01
2.875528331992298e-07	4.441145e-01	4.441144e-01	4.445015e-01
2.875888331992289e-07	4.441167e-01	4.441136e-01	4.445120e-01
2.876248331992280e-07	4.441188e-01	4.441128e-01	4.445231e-01
2.876608331992270e-07	4.441210e-01	4.441119e-01	4.445347e-01
2.876968331992261e-07	4.441232e-01	4.441110e-01	4.445469e-01
2.876978331992261e-07	4.441232e-01	4.441109e-01	4.445472e-01
2.877572617706532e-07	4.441269e-01	4.441092e-01	4.445684e-01
2.878166903420802e-07	4.441305e-01	4.441074e-01	4.445893e-01
2.878761189135073e-07	4.441341e-01	4.441055e-01	4.446102e-01
2.879355474849344e-07	4.441376e-01	4.441035e-01	4.446308e-01
2.879949760563614e-07	4.441411e-01	4.441013e-01	4.446513e-01
2.880544046277885e-07	4.441446e-01	4.440991e-01	4.446716e-01
2.881138331992156e-07	4.441480e-01	4.440967e-01	4.446918e-01
2.881618331992144e-07	4.441508e-01	4.440947e-01	4.447070e-01
2.882098331992131e-07	4.441535e-01	4.440927e-01	4.447213e-01
2.882578331992119e-07	4.441561e-01	4.440906e-01	4.447348e-01
2.883058331992107e-07	4.441587e-01	4.440885e-01	4.447473e-01
2.883538331992095e-07	4.441612e-01	4.440864e-01	4.447589e-01
2.884018331992083e-07	4.441637e-01	4.440842e-01	4.447696e-01
2.884498331992071e-07	4.441661e-01	4.440820e-01	4.447795e-01
2.884816903420634e-07	4.441677e-01	4.440805e-01	4.447853e-01
2.885135474849197e-07	4.441693e-01	4.440791e-01	4.447908e-01
2.885454046277761e-07	4.441708e-01	4.440776e-01	4.447957e-01
2.885772617706324e-07	4.441723e-01	4.440761e-01	4.448002e-01
2.886091189134887e-07	4.441738e-01	4.440746e-01	4.448043e-01
2.886409760563451e-07	4.441752e-01	4.440731e-01	4.448079e-01
2.886728331992014e-07	4.441766e-01	4.440716e-01	4.448110e-01
2.886738331992014e-07	4.441767e-01	4.440716e-01	4.448111e-01
2.886748331992014e-07	4.441767e-01	4.440715e-01	4.448112e-01
2.886758331992013e-07	4.441768e-01	4.440715e-01	4.448112e-01
2.886768331992013e-07	4.441768e-01	4.440714e-01	4.448113e-01
2.886778331992013e-07	4.441769e-01	4.440714e-01	4.448115e-01
2.886788331992013e-07	4.441769e-01	4.440713e-01	4.448116e-01
2.886798331992012e-07	4.441769e-01	4.440713e-01	4.448116e-01
2.886818331992012e-07	4.441770e-01	4.440712e-01	4.448118e-01
2.886874046277725e-07	4.441773e-01	4.440709e-01	4.448123e-01
2.886929760563438e-07	4.441775e-01	4.440706e-01	4.448128e-01
2.886985474849150e-07	4.441778e-01	4.440704e-01	4.448132e-01
2.887041189134863e-07	4.441780e-01	4.440701e-01	4.448137e-01
2.887096903420576e-07	4.441783e-01	4.440699e-01	4.448141e-01
2.887152617706289e-07	4.441785e-01	4.440696e-01	4.448145e-01
2.887208331992002e-07	4.441787e-01	4.440694e-01	4.448149e-01
2.887218331992002e-07	4.441788e-01	4.440693e-01	4.448150e-01
2.887382617706283e-07	4.441795e-01	4.440685e-01	4.448160e-01
2.887546903420565e-07	4.441802e-01	4.440678e-01	4.448169e-01
2.887711189134846e-07	4.441809e-01	4.440670e-01	4.448176e-01
2.887875474849128e-07	4.441815e-01	4.440662e-01	4.448180e-01
2.888039760563409e-07	4.441822e-01	4.440655e-01	4.448183e-01
2.888204046277691e-07	4.441829e-01	4.440647e-01	4.448183e-01
2.888368331991973e-07	4.441835e-01	4.440639e-01	4.448181e-01
2.888489760563398e-07	4.441840e-01	4.440634e-01	4.448178e-01
2.888611189134824e-07	4.441845e-01	4.440628e-01	4.448173e-01
2.888732617706249e-07	4.441850e-01	4.440622e-01	4.448166e-01
2.888854046277674e-07	4.441854e-01	4.440617e-01	4.448158e-01
2.888975474849100e-07	4.441859e-01	4.440611e-01	4.448148e-01
2.889096903420525e-07	4.441864e-01	4.440606e-01	4.448137e-01
2.889218331991951e-07	4.441868e-01	4.440600e-01	4.448124e-01
2.889385474849090e-07	4.441874e-01	4.440592e-01	4.448103e-01
2.889552617706228e-07	4.441881e-01	4.440585e-01	4.448079e-01
2.889719760563367e-07	4.441887e-01	4.440577e-01	4.448052e-01
2.889886903420505e-07	4.441893e-01	4.440570e-01	4.448022e-01
2.890054046277644e-07	4.441899e-01	4.440562e-01	4.447990e-01
2.890221189134783e-07	4.441904e-01	4.440555e-01	4.447954e-01
2.890388331991921e-07	4.441910e-01	4.440547e-01	4.447916e-01
2.890795474849054e-07	4.441924e-01	4.440529e-01	4.447805e-01
2.891202617706186e-07	4.441937e-01	4.440511e-01	4.447693e-01
2.891609760563319e-07	4.441950e-01	4.440494e-01	4.447580e-01
2.892016903420452e-07	4.441963e-01	4.440477e-01	4.447466e-01
2.892424046277584e-07	4.441975e-01	4.440460e-01	4.447350e-01
2.892831189134717e-07	4.441986e-01	4.440443e-01	4.447234e-01
2.893238331991849e-07	4.441997e-01	4.440427e-01	4.447116e-01
2.893445474848987e-07	4.442003e-01	4.440418e-01	4.447065e-01
2.893652617706124e-07	4.442008e-01	4.440410e-01	4.447017e-01
2.893859760563262e-07	4.442014e-01	4.440402e-01	4.446973e-01
2.894066903420400e-07	4.442019e-01	4.440394e-01	4.446933e-01
2.894274046277537e-07	4.442024e-01	4.440386e-01	4.446897e-01
2.894481189134675e-07	4.442029e-01	4.440379e-01	4.446865e-01
2.894688331991812e-07	4.442034e-01	4.440371e-01	4.446837e-01
2.894841189134666e-07	4.442038e-01	4.440365e-01	4.446819e-01
2.894994046277519e-07	4.442041e-01	4.440360e-01	4.446804e-01
2.895146903420372e-07	4.442045e-01	4.440354e-01	4.446792e-01
2.895299760563225e-07	4.442048e-01	4.440349e-01	4.446782e-01
2.895452617706079e-07	4.442052e-01	4.440344e-01	4.446775e-01
2.895605474848932e-07	4.442055e-01	4.440338e-01	4.446770e-01
2.895758331991785e-07	4.442058e-01	4.440333e-01	4.446768e-01
2.895916903420353e-07	4.442062e-01	4.440328e-01	4.446769e-01
2.896075474848920e-07	4.442065e-01	4.440322e-01	4.446773e-01
2.896234046277488e-07	4.442068e-01	4.440317e-01	4.446778e-01
2.896392617706055e-07	4.442071e-01	4.440312e-01	4.446787e-01
2.896551189134622e-07	4.442075e-01	4.440307e-01	4.446798e-01
2.896709760563190e-07	4.442078e-01	4.440302e-01	4.446812e-01
2.896868331991757e-07	4.442081e-01	4.440297e-01	4.446829e-01
2.896951189134612e-07	4.442082e-01	4.440294e-01	4.446838e-01
2.897034046277467e-07	4.442084e-01	4.440291e-01	4.446848e-01
2.897116903420322e-07	4.442085e-01	4.440289e-01	4.446859e-01
2.897199760563177e-07	4.442087e-01	4.440286e-01	4.446870e-01
2.897282617706032e-07	4.442088e-01	4.440284e-01	4.446882e-01
2.897365474848887e-07	4.442090e-01	4.440281e-01	4.446895e-01
2.897448331991742e-07	4.442091e-01	4.440279e-01	4.446908e-01
2.897458331991742e-07	4.442092e-01	4.440278e-01	4.446909e-01
2.898011189134585e-07	4.442101e-01	4.440262e-01	4.447023e-01
2.898564046277428e-07	4.442110e-01	4.440247e-01	4.447143e-01
2.899116903420272e-07	4.442118e-01	4.440233e-01	4.447269e-01
2.899669760563115e-07	4.442127e-01	4.440219e-01	4.447401e-01
2.900222617705958e-07	4.442134e-01	4.440206e-01	4.447539e-01
2.900775474848801e-07	4.442141e-01	4.440194e-01	4.447683e-01
2.901328331991644e-07	4.442148e-01	4.440183e-01	4.447832e-01
2.901618331991637e-07	4.442151e-01	4.440178e-01	4.447901e-01
2.901908331991629e-07	4.442154e-01	4.440172e-01	4.447964e-01
2.902198331991622e-07	4.442157e-01	4.440167e-01	4.448022e-01
2.902488331991615e-07	4.442160e-01	4.440163e-01	4.448075e-01
2.902778331991607e-07	4.442163e-01	4.440158e-01	4.448123e-01
2.903068331991600e-07	4.442166e-01	4.440154e-01	4.448166e-01
2.903358331991593e-07	4.442168e-01	4.440150e-01	4.448204e-01
2.903564046277302e-07	4.442170e-01	4.440147e-01	4.448226e-01
2.903769760563011e-07	4.442172e-01	4.440144e-01	4.448245e-01
2.903975474848720e-07	4.442174e-01	4.440142e-01	4.448261e-01
2.904181189134429e-07	4.442176e-01	4.440139e-01	4.448273e-01
2.904386903420138e-07	4.442177e-01	4.440137e-01	4.448281e-01
2.904592617705847e-07	4.442179e-01	4.440135e-01	4.448287e-01
2.904798331991556e-07	4.442180e-01	4.440133e-01	4.448288e-01
2.905024046277265e-07	4.442182e-01	4.440131e-01	4.448286e-01
2.905249760562973e-07	4.442184e-01	4.440129e-01	4.448279e-01
2.905475474848682e-07	4.442185e-01	4.440127e-01	4.448269e-01
2.905701189134391e-07	4.442187e-01	4.440125e-01	4.448253e-01
2.905926903420099e-07	4.442188e-01	4.440123e-01	4.448234e-01
2.906152617705808e-07	4.442190e-01	4.440122e-01	4.448210e-01
2.906378331991516e-07	4.442191e-01	4.440120e-01	4.448182e-01
2.906565474848654e-07	4.442192e-01	4.440119e-01	4.448156e-01
2.906752617705792e-07	4.442193e-01	4.440118e-01	4.448127e-01
2.906939760562931e-07	4.442194e-01	4.440118e-01	4.448096e-01
2.907126903420069e-07	4.442196e-01	4.440117e-01	4.448062e-01
2.907314046277207e-07	4.442197e-01	4.440116e-01	4.448025e-01
2.907501189134345e-07	4.442198e-01	4.440116e-01	4.447986e-01
2.907688331991483e-07	4.442199e-01	4.440115e-01	4.447944e-01
2.907698331991483e-07	4.442199e-01	4.440115e-01	4.447941e-01
2.908576903420032e-07	4.442203e-01	4.440114e-01	4.447690e-01
2.909455474848581e-07	4.442207e-01	4.440114e-01	4.447421e-01
2.910334046277130e-07	4.442210e-01	4.440116e-01	4.447134e-01
2.911212617705679e-07	4.442213e-01	4.440120e-01	4.446828e-01
2.912091189134229e-07	4.442216e-01	4.440125e-01	4.446505e-01
2.912969760562778e-07	4.442219e-01	4.440131e-01	4.446163e-01
2.913848331991327e-07	4.442221e-01	4.440140e-01	4.445803e-01
2.914371189134171e-07	4.442223e-01	4.440145e-01	4.445606e-01
2.914894046277015e-07	4.442224e-01	4.440151e-01	4.445418e-01
2.915416903419859e-07	4.442225e-01	4.440157e-01	4.445240e-01
2.915939760562703e-07	4.442227e-01	4.440163e-01	4.445071e-01
2.916462617705546e-07	4.442228e-01	4.440170e-01	4.444911e-01
2.916985474848390e-07	4.442229e-01	4.440177e-01	4.444760e-01
2.917508331991234e-07	4.442230e-01	4.440184e-01	4.444618e-01
2.917938331991223e-07	4.442231e-01	4.440190e-01	4.444512e-01
2.918402617705497e-07	4.442232e-01	4.440197e-01	4.444407e-01
2.918866903419771e-07	4.442234e-01	4.440205e-01	4.444312e-01
2.919331189134045e-07	4.442235e-01	4.440212e-01	4.444227e-01
2.919795474848319e-07	4.442236e-01	4.440219e-01	4.444151e-01
2.920259760562593e-07	4.442237e-01	4.440227e-01	4.444086e-01
2.920724046276867e-07	4.442238e-01	4.440235e-01	4.444030e-01
2.921188331991141e-07	4.442239e-01	4.440243e-01	4.443984e-01
2.921572617705417e-07	4.442240e-01	4.440249e-01	4.443954e-01
2.921956903419693e-07	4.442241e-01	4.440256e-01	4.443930e-01
2.922341189133969e-07	4.442242e-01	4.440263e-01	4.443911e-01
2.922725474848245e-07	4.442243e-01	4.440270e-01	4.443898e-01
2.923109760562521e-07	4.442244e-01	4.440276e-01	4.443891e-01
2.923494046276797e-07	4.442245e-01	4.440283e-01	4.443891e-01
2.923878331991073e-07	4.442246e-01	4.440290e-01	4.443896e-01
2.924491189133914e-07	4.442247e-01	4.440301e-01	4.443916e-01
2.925104046276756e-07	4.442249e-01	4.440312e-01	4.443945e-01
2.925716903419598e-07	4.442250e-01	4.440324e-01	4.443983e-01
2.926329760562439e-07	4.442252e-01	4.440335e-01	4.444031e-01
2.926942617705281e-07	4.442254e-01	4.440346e-01	4.444088e-01
2.927555474848123e-07	4.442256e-01	4.440357e-01	4.444153e-01
2.928168331990964e-07	4.442258e-01	4.440368e-01	4.444228e-01
2.928178331990964e-07	4.442258e-01	4.440368e-01	4.444230e-01
2.928909760562374e-07	4.442260e-01	4.440381e-01	4.444326e-01
2.929641189133784e-07	4.442262e-01	4.440394e-01	4.444425e-01
2.930372617705194e-07	4.442264e-01	4.440407e-01	4.444526e-01
2.931104046276604e-07	4.442266e-01	4.440419e-01	4.444628e-01
2.931835474848014e-07	4.442269e-01	4.440431e-01	4.444733e-01
2.932566903419424e-07	4.442271e-01	4.440443e-01	4.444840e-01
2.933298331990834e-07	4.442274e-01	4.440455e-01	4.444948e-01
2.933992617705102e-07	4.442276e-01	4.440466e-01	4.445047e-01
2.934686903419370e-07	4.442278e-01	4.440476e-01	4.445141e-01
2.935381189133639e-07	4.442281e-01	4.440486e-01	4.445231e-01
2.936075474847907e-07	4.442283e-01	4.440496e-01	4.445317e-01
2.936769760562175e-07	4.442285e-01	4.440506e-01	4.445399e-01
2.937464046276443e-07	4.442288e-01	4.440515e-01	4.445476e-01
2.938158331990711e-07	4.442290e-01	4.440524e-01	4.445549e-01
2.938418331990704e-07	4.442291e-01	4.440528e-01	4.445575e-01
2.939158331990686e-07	4.442294e-01	4.440536e-01	4.445643e-01
2.939898331990667e-07	4.442296e-01	4.440545e-01	4.445705e-01
2.940638331990648e-07	4.442299e-01	4.440553e-01	4.445761e-01
2.941378331990629e-07	4.442301e-01	4.440561e-01	4.445811e-01
2.942118331990611e-07	4.442304e-01	4.440568e-01	4.445855e-01
2.942858331990592e-07	4.442306e-01	4.440575e-01	4.445893e-01
2.943598331990573e-07	4.442308e-01	4.440582e-01	4.445924e-01
2.943955474847707e-07	4.442309e-01	4.440585e-01	4.445938e-01
2.944312617704841e-07	4.442311e-01	4.440588e-01	4.445950e-01
2.944669760561975e-07	4.442312e-01	4.440591e-01	4.445962e-01
2.945026903419108e-07	4.442313e-01	4.440593e-01	4.445972e-01
2.945384046276242e-07	4.442314e-01	4.440596e-01	4.445981e-01
2.945741189133376e-07	4.442315e-01	4.440599e-01	4.445989e-01
2.946098331990510e-07	4.442316e-01	4.440601e-01	4.445996e-01
2.946128331990509e-07	4.442316e-01	4.440601e-01	4.445996e-01
2.946158331990508e-07	4.442316e-01	4.440601e-01	4.445997e-01
2.946188331990508e-07	4.442316e-01	4.440602e-01	4.445997e-01
2.946218331990507e-07	4.442317e-01	4.440602e-01	4.445998e-01
2.946248331990506e-07	4.442317e-01	4.440602e-01	4.445998e-01
2.946278331990505e-07	4.442317e-01	4.440602e-01	4.445999e-01
2.946308331990505e-07	4.442317e-01	4.440602e-01	4.446000e-01
2.946338331990504e-07	4.442317e-01	4.440603e-01	4.446000e-01
2.946378331990503e-07	4.442316e-01	4.440603e-01	4.446001e-01
2.946418331990502e-07	4.442316e-01	4.440603e-01	4.446001e-01
2.946458331990501e-07	4.442316e-01	4.440603e-01	4.446002e-01
2.946498331990500e-07	4.442315e-01	4.440604e-01	4.446003e-01
2.946538331990499e-07	4.442315e-01	4.440604e-01	4.446003e-01
2.946578331990498e-07	4.442315e-01	4.440604e-01	4.446004e-01
2.946618331990497e-07	4.442314e-01	4.440604e-01	4.446004e-01
2.946676903419067e-07	4.442313e-01	4.440605e-01	4.446005e-01
2.946735474847637e-07	4.442311e-01	4.440605e-01	4.446006e-01
2.946794046276207e-07	4.442309e-01	4.440605e-01	4.446007e-01
2.946852617704776e-07	4.442307e-01	4.440606e-01	4.446008e-01
2.946911189133346e-07	4.442305e-01	4.440606e-01	4.446008e-01
2.946969760561916e-07	4.442302e-01	4.440606e-01	4.446009e-01
2.947028331990486e-07	4.442299e-01	4.440607e-01	4.446010e-01
2.947118331990484e-07	4.442294e-01	4.440607e-01	4.446011e-01
2.947208331990482e-07	4.442288e-01	4.440607e-01	4.446012e-01
2.947298331990479e-07	4.442281e-01	4.440608e-01	4.446013e-01
2.947388331990477e-07	4.442274e-01	4.440608e-01	4.446014e-01
2.947478331990475e-07	4.442266e-01	4.440608e-01	4.446015e-01
2.947568331990473e-07	4.442257e-01	4.440608e-01	4.446015e-01
2.947658331990470e-07	4.442247e-01	4.440608e-01	4.446016e-01
2.947754046276182e-07	4.442235e-01	4.440609e-01	4.446017e-01
2.947849760561894e-07	4.442223e-01	4.440609e-01	4.446018e-01
2.947945474847606e-07	4.442211e-01	4.440609e-01	4.446018e-01
2.948041189133318e-07	4.442197e-01	4.440609e-01	4.446019e-01
2.948136903419030e-07	4.442183e-01	4.440608e-01	4.446019e-01
2.948232617704742e-07	4.442168e-01	4.440608e-01	4.446020e-01
2.948328331990453e-07	4.442152e-01	4.440608e-01	4.446020e-01
2.948374046276167e-07	4.442145e-01	4.440608e-01	4.446021e-01
2.948419760561880e-07	4.442137e-01	4.440607e-01	4.446021e-01
2.948465474847593e-07	4.442129e-01	4.440607e-01	4.446021e-01
2.948511189133306e-07	4.442121e-01	4.440607e-01	4.446021e-01
2.948556903419019e-07	4.442113e-01	4.440607e-01	4.446022e-01
2.948602617704732e-07	4.442105e-01	4.440607e-01	4.446022e-01
2.948648331990445e-07	4.442097e-01	4.440607e-01	4.446022e-01
2.948658331990445e-07	4.442095e-01	4.440607e-01	4.446022e-01
2.948809760561870e-07	4.442066e-01	4.440606e-01	4.446022e-01
2.948961189133294e-07	4.442038e-01	4.440605e-01	4.446022e-01
2.949112617704719e-07	4.442009e-01	4.440604e-01	4.446023e-01
2.949264046276144e-07	4.441980e-01	4.440603e-01	4.446023e-01
2.949415474847569e-07	4.441950e-01	4.440602e-01	4.446023e-01
2.949566903418993e-07	4.441921e-01	4.440601e-01	4.446023e-01
2.949718331990418e-07	4.441892e-01	4.440599e-01	4.446023e-01
2.949895474847557e-07	4.441858e-01	4.440598e-01	4.446022e-01
2.950072617704695e-07	4.441826e-01	4.440597e-01	4.446022e-01
2.950249760561833e-07	4.441796e-01	4.440596e-01	4.446021e-01
2.950426903418972e-07	4.441769e-01	4.440595e-01	4.446021e-01
2.950604046276110e-07	4.441742e-01	4.440594e-01	4.446020e-01
2.950781189133248e-07	4.441718e-01	4.440594e-01	4.446019e-01
2.950958331990387e-07	4.441696e-01	4.440593e-01	4.446018e-01
2.951078331990384e-07	4.441683e-01	4.440593e-01	4.446018e-01
2.951198331990381e-07	4.441671e-01	4.440594e-01	4.446017e-01
2.951318331990378e-07	4.441661e-01	4.440594e-01	4.446016e-01
2.951438331990375e-07	4.441652e-01	4.440594e-01	4.446015e-01
2.951558331990372e-07	4.441645e-01	4.440595e-01	4.446015e-01
2.951678331990369e-07	4.441639e-01	4.440596e-01	4.446014e-01
2.951798331990365e-07	4.441634e-01	4.440597e-01	4.446013e-01
2.951892617704649e-07	4.441632e-01	4.440598e-01	4.446012e-01
2.951986903418932e-07	4.441630e-01	4.440599e-01	4.446012e-01
2.952081189133215e-07	4.441630e-01	4.440600e-01	4.446011e-01
2.952175474847499e-07	4.441630e-01	4.440601e-01	4.446010e-01
2.952269760561782e-07	4.441632e-01	4.440602e-01	4.446010e-01
2.952364046276065e-07	4.441634e-01	4.440604e-01	4.446009e-01
2.952458331990349e-07	4.441638e-01	4.440605e-01	4.446008e-01
2.952615474847488e-07	4.441646e-01	4.440608e-01	4.446007e-01
2.952772617704626e-07	4.441657e-01	4.440612e-01	4.446005e-01
2.952929760561765e-07	4.441671e-01	4.440615e-01	4.446004e-01
2.953086903418904e-07	4.441687e-01	4.440619e-01	4.446003e-01
2.953244046276043e-07	4.441706e-01	4.440624e-01	4.446001e-01
2.953401189133182e-07	4.441728e-01	4.440628e-01	4.446000e-01
2.953558331990321e-07	4.441752e-01	4.440633e-01	4.445999e-01
2.953822617704600e-07	4.441801e-01	4.440642e-01	4.445996e-01
2.954086903418879e-07	4.441854e-01	4.440652e-01	4.445994e-01
2.954351189133158e-07	4.441914e-01	4.440662e-01	4.445992e-01
2.954615474847437e-07	4.441979e-01	4.440673e-01	4.445989e-01
2.954879760561716e-07	4.442049e-01	4.440684e-01	4.445987e-01
2.955144046275995e-07	4.442126e-01	4.440695e-01	4.445985e-01
2.955408331990274e-07	4.442208e-01	4.440708e-01	4.445983e-01
2.955748331990265e-07	4.442320e-01	4.440724e-01	4.445980e-01
2.956088331990257e-07	4.442434e-01	4.440739e-01	4.445977e-01
2.956428331990248e-07	4.442549e-01	4.440753e-01	4.445975e-01
2.956768331990240e-07	4.442665e-01	4.440767e-01	4.445973e-01
2.957108331990231e-07	4.442783e-01	4.440779e-01	4.445970e-01
2.957448331990222e-07	4.442903e-01	4.440791e-01	4.445968e-01
2.957788331990214e-07	4.443024e-01	4.440802e-01	4.445967e-01
2.957945474847353e-07	4.443078e-01	4.440806e-01	4.445966e-01
2.958102617704491e-07	4.443130e-01	4.440810e-01	4.445965e-01
2.958259760561630e-07	4.443182e-01	4.440813e-01	4.445965e-01
2.958416903418769e-07	4.443233e-01	4.440816e-01	4.445964e-01
2.958574046275908e-07	4.443282e-01	4.440818e-01	4.445964e-01
2.958731189133047e-07	4.443331e-01	4.440820e-01	4.445963e-01
2.958888331990186e-07	4.443378e-01	4.440822e-01	4.445963e-01
2.958898331990186e-07	4.443381e-01	4.440822e-01	4.445963e-01
2.959045474847325e-07	4.443424e-01	4.440823e-01	4.445963e-01
2.959192617704464e-07	4.443466e-01	4.440824e-01	4.445962e-01
2.959339760561603e-07	4.443506e-01	4.440824e-01	4.445962e-01
2.959486903418742e-07	4.443545e-01	4.440823e-01	4.445962e-01
2.959634046275881e-07	4.443582e-01	4.440822e-01	4.445962e-01
2.959781189133020e-07	4.443618e-01	4.440821e-01	4.445962e-01
2.959928331990159e-07	4.443653e-01	4.440819e-01	4.445962e-01
2.960148331990154e-07	4.443702e-01	4.440816e-01	4.445962e-01
2.960368331990148e-07	4.443746e-01	4.440811e-01	4.445962e-01
2.960588331990143e-07	4.443787e-01	4.440805e-01	4.445962e-01
2.960808331990137e-07	4.443823e-01	4.440799e-01	4.445963e-01
2.961028331990132e-07	4.443855e-01	4.440791e-01	4.445963e-01
2.961248331990126e-07	4.443883e-01	4.440782e-01	4.445964e-01
2.961468331990120e-07	4.443907e-01	4.440772e-01	4.445965e-01
2.961621189132974e-07	4.443921e-01	4.440765e-01	4.445966e-01
2.961774046275827e-07	4.443933e-01	4.440757e-01	4.445967e-01
2.961926903418680e-07	4.443943e-01	4.440749e-01	4.445968e-01
2.962079760561534e-07	4.443951e-01	4.440740e-01	4.445968e-01
2.962232617704387e-07	4.443956e-01	4.440731e-01	4.445969e-01
2.962385474847240e-07	4.443959e-01	4.440721e-01	4.445970e-01
2.962538331990093e-07	4.443960e-01	4.440711e-01	4.445972e-01
2.962701189132946e-07	4.443959e-01	4.440700e-01	4.445973e-01
2.962864046275799e-07	4.443956e-01	4.440688e-01	4.445974e-01
2.963026903418652e-07	4.443950e-01	4.440676e-01	4.445975e-01
2.963189760561505e-07	4.443941e-01	4.440664e-01	4.445977e-01
2.963352617704358e-07	4.443931e-01	4.440652e-01	4.445978e-01
2.963515474847211e-07	4.443918e-01	4.440639e-01	4.445980e-01
2.963678331990064e-07	4.443902e-01	4.440625e-01	4.445982e-01
2.964026903418627e-07	4.443860e-01	4.440595e-01	4.445986e-01
2.964375474847190e-07	4.443810e-01	4.440565e-01	4.445990e-01
2.964724046275752e-07	4.443751e-01	4.440534e-01	4.445994e-01
2.965072617704315e-07	4.443683e-01	4.440503e-01	4.445999e-01
2.965421189132877e-07	4.443606e-01	4.440471e-01	4.446005e-01
2.965769760561440e-07	4.443521e-01	4.440439e-01	4.446010e-01
2.966118331990003e-07	4.443427e-01	4.440407e-01	4.446016e-01
2.966529760561421e-07	4.443306e-01	4.440369e-01	4.446023e-01
2.966941189132839e-07	4.443180e-01	4.440333e-01	4.446031e-01
2.967352617704257e-07	4.443048e-01	4.440299e-01	4.446039e-01
2.967764046275675e-07	4.442912e-01	4.440267e-01	4.446048e-01
2.968175474847093e-07	4.442770e-01	4.440237e-01	4.446057e-01
2.968586903418512e-07	4.442623e-01	4.440210e-01	4.446066e-01
2.968998331989930e-07	4.442470e-01	4.440184e-01	4.446076e-01
2.969138331989926e-07	4.442419e-01	4.440176e-01	4.446079e-01
2.969409760561348e-07	4.442319e-01	4.440162e-01	4.446086e-01
2.969681189132770e-07	4.442219e-01	4.440150e-01	4.446093e-01
2.969952617704191e-07	4.442120e-01	4.440138e-01	4.446100e-01
2.970224046275613e-07	4.442022e-01	4.440129e-01	4.446107e-01
2.970495474847035e-07	4.441925e-01	4.440121e-01	4.446114e-01
2.970766903418456e-07	4.441828e-01	4.440115e-01	4.446121e-01
2.971038331989878e-07	4.441732e-01	4.440110e-01	4.446129e-01
2.971244046275587e-07	4.441660e-01	4.440108e-01	4.446134e-01
2.971449760561296e-07	4.441590e-01	4.440106e-01	4.446140e-01
2.971655474847005e-07	4.441521e-01	4.440105e-01	4.446146e-01
2.971861189132714e-07	4.441454e-01	4.440106e-01	4.446152e-01
2.972066903418423e-07	4.441387e-01	4.440107e-01	4.446158e-01
2.972272617704132e-07	4.441322e-01	4.440110e-01	4.446164e-01
2.972478331989842e-07	4.441259e-01	4.440113e-01	4.446170e-01
2.972798331989833e-07	4.441163e-01	4.440121e-01	4.446180e-01
2.973118331989825e-07	4.441072e-01	4.440130e-01	4.446189e-01
2.973438331989817e-07	4.440986e-01	4.440142e-01	4.446199e-01
2.973758331989809e-07	4.440904e-01	4.440156e-01	4.446209e-01
2.974078331989801e-07	4.440828e-01	4.440172e-01	4.446219e-01
2.974398331989793e-07	4.440756e-01	4.440190e-01	4.446229e-01
2.974718331989785e-07	4.440689e-01	4.440210e-01	4.446239e-01
2.975065474846919e-07	4.440623e-01	4.440235e-01	4.446250e-01
2.975412617704053e-07	4.440564e-01	4.440261e-01	4.446261e-01
2.975759760561187e-07	4.440511e-01	4.440289e-01	4.446272e-01
2.976106903418321e-07	4.440465e-01	4.440319e-01	4.446283e-01
2.976454046275455e-07	4.440426e-01	4.440351e-01	4.446294e-01
2.976801189132589e-07	4.440394e-01	4.440384e-01	4.446305e-01
2.977148331989723e-07	4.440369e-01	4.440419e-01	4.446317e-01
2.977294046275434e-07	4.440360e-01	4.440434e-01	4.446321e-01
2.977439760561144e-07	4.440353e-01	4.440449e-01	4.446326e-01
2.977585474846855e-07	4.440347e-01	4.440464e-01	4.446331e-01
2.977731189132566e-07	4.440342e-01	4.440480e-01	4.446335e-01
2.977876903418276e-07	4.440338e-01	4.440496e-01	4.446340e-01
2.978022617703987e-07	4.440335e-01	4.440511e-01	4.446345e-01
2.978168331989697e-07	4.440334e-01	4.440528e-01	4.446349e-01
2.978178331989697e-07	4.440334e-01	4.440528e-01	4.446350e-01
2.978198331989697e-07	4.440333e-01	4.440530e-01	4.446351e-01
2.978208331989696e-07	4.440333e-01	4.440534e-01	4.446351e-01
2.978218331989696e-07	4.440333e-01	4.440535e-01	4.446351e-01
2.978228331989696e-07	4.440333e-01	4.440533e-01	4.446352e-01
2.978238331989696e-07	4.440333e-01	4.440534e-01	4.446352e-01
2.978248331989695e-07	4.440333e-01	4.440537e-01	4.446352e-01
2.978258331989695e-07	4.440333e-01	4.440537e-01	4.446352e-01
2.978268331989695e-07	4.440333e-01	4.440538e-01	4.446353e-01
2.978286903418266e-07	4.440333e-01	4.440540e-01	4.446353e-01
2.978305474846837e-07	4.440333e-01	4.440542e-01	4.446354e-01
2.978324046275408e-07	4.440333e-01	4.440544e-01	4.446355e-01
2.978342617703979e-07	4.440333e-01	4.440546e-01	4.446355e-01
2.978361189132550e-07	4.440333e-01	4.440548e-01	4.446356e-01
2.978379760561121e-07	4.440333e-01	4.440550e-01	4.446356e-01
2.978398331989692e-07	4.440334e-01	4.440552e-01	4.446357e-01
2.978492617703975e-07	4.440334e-01	4.440562e-01	4.446360e-01
2.978586903418258e-07	4.440336e-01	4.440572e-01	4.446363e-01
2.978681189132542e-07	4.440337e-01	4.440582e-01	4.446366e-01
2.978775474846825e-07	4.440339e-01	4.440591e-01	4.446369e-01
2.978869760561108e-07	4.440342e-01	4.440600e-01	4.446372e-01
2.978964046275391e-07	4.440345e-01	4.440608e-01	4.446375e-01
2.979058331989675e-07	4.440349e-01	4.440617e-01	4.446378e-01
2.979368331989667e-07	4.440364e-01	4.440640e-01	4.446388e-01
2.979378331989667e-07	4.440365e-01	4.440641e-01	4.446388e-01
2.979475474846807e-07	4.440370e-01	4.440647e-01	4.446391e-01
2.979572617703947e-07	4.440377e-01	4.440652e-01	4.446394e-01
2.979669760561088e-07	4.440383e-01	4.440658e-01	4.446397e-01
2.979766903418228e-07	4.440391e-01	4.440662e-01	4.446400e-01
2.979864046275369e-07	4.440398e-01	4.440666e-01	4.446404e-01
2.979961189132509e-07	4.440406e-01	4.440670e-01	4.446407e-01
2.980058331989649e-07	4.440415e-01	4.440672e-01	4.446410e-01
2.980142617703933e-07	4.440423e-01	4.440675e-01	4.446412e-01
2.980226903418217e-07	4.440431e-01	4.440676e-01	4.446415e-01
2.980311189132500e-07	4.440439e-01	4.440678e-01	4.446418e-01
2.980395474846784e-07	4.440448e-01	4.440679e-01	4.446420e-01
2.980479760561067e-07	4.440457e-01	4.440680e-01	4.446423e-01
2.980564046275351e-07	4.440467e-01	4.440681e-01	4.446425e-01
2.980648331989635e-07	4.440477e-01	4.440681e-01	4.446428e-01
2.980839760561058e-07	4.440501e-01	4.440680e-01	4.446434e-01
2.981031189132482e-07	4.440526e-01	4.440679e-01	4.446440e-01
2.981222617703906e-07	4.440553e-01	4.440677e-01	4.446446e-01
2.981414046275329e-07	4.440582e-01	4.440675e-01	4.446452e-01
2.981605474846753e-07	4.440612e-01	4.440672e-01	4.446457e-01
2.981796903418177e-07	4.440644e-01	4.440669e-01	4.446463e-01
2.981988331989601e-07	4.440677e-01	4.440665e-01	4.446469e-01
2.982091189132455e-07	4.440696e-01	4.440663e-01	4.446472e-01
2.982194046275310e-07	4.440715e-01	4.440661e-01	4.446475e-01
2.982296903418164e-07	4.440734e-01	4.440660e-01	4.446478e-01
2.982399760561019e-07	4.440754e-01	4.440659e-01	4.446481e-01
2.982502617703873e-07	4.440775e-01	4.440658e-01	4.446484e-01
2.982605474846728e-07	4.440795e-01	4.440657e-01	4.446487e-01
2.982708331989582e-07	4.440816e-01	4.440657e-01	4.446490e-01
2.982784046275295e-07	4.440832e-01	4.440657e-01	4.446492e-01
2.982859760561007e-07	4.440848e-01	4.440657e-01	4.446495e-01
2.982935474846719e-07	4.440864e-01	4.440657e-01	4.446497e-01
2.983011189132432e-07	4.440881e-01	4.440657e-01	4.446499e-01
2.983086903418144e-07	4.440898e-01	4.440658e-01	4.446501e-01
2.983162617703857e-07	4.440914e-01	4.440659e-01	4.446503e-01
2.983238331989569e-07	4.440931e-01	4.440660e-01	4.446506e-01
2.983362617703851e-07	4.440960e-01	4.440661e-01	4.446509e-01
2.983486903418134e-07	4.440989e-01	4.440664e-01	4.446513e-01
2.983611189132417e-07	4.441018e-01	4.440667e-01	4.446516e-01
2.983735474846699e-07	4.441048e-01	4.440671e-01	4.446520e-01
2.983859760560982e-07	4.441078e-01	4.440676e-01	4.446523e-01
2.983984046275264e-07	4.441109e-01	4.440681e-01	4.446527e-01
2.984108331989547e-07	4.441140e-01	4.440687e-01	4.446530e-01
2.984294046275256e-07	4.441188e-01	4.440697e-01	4.446535e-01
2.984479760560966e-07	4.441236e-01	4.440709e-01	4.446540e-01
2.984665474846676e-07	4.441285e-01	4.440722e-01	4.446545e-01
2.984851189132385e-07	4.441334e-01	4.440737e-01	4.446550e-01
2.985036903418095e-07	4.441385e-01	4.440754e-01	4.446555e-01
2.985222617703804e-07	4.441436e-01	4.440772e-01	4.446560e-01
2.985408331989514e-07	4.441487e-01	4.440793e-01	4.446565e-01
2.985705474846649e-07	4.441571e-01	4.440828e-01	4.446573e-01
2.986002617703785e-07	4.441655e-01	4.440867e-01	4.446580e-01
2.986299760560920e-07	4.441739e-01	4.440909e-01	4.446588e-01
2.986596903418055e-07	4.441823e-01	4.440954e-01	4.446595e-01
2.986894046275191e-07	4.441906e-01	4.441001e-01	4.446602e-01
2.987191189132326e-07	4.441990e-01	4.441052e-01	4.446609e-01
2.987488331989461e-07	4.442074e-01	4.441106e-01	4.446616e-01
2.987791189132311e-07	4.442158e-01	4.441163e-01	4.446623e-01
2.988094046275160e-07	4.442240e-01	4.441220e-01	4.446630e-01
2.988396903418010e-07	4.442320e-01	4.441277e-01	4.446637e-01
2.988699760560859e-07	4.442398e-01	4.441334e-01	4.446643e-01
2.989002617703709e-07	4.442474e-01	4.441391e-01	4.446650e-01
2.989305474846558e-07	4.442547e-01	4.441449e-01	4.446656e-01
2.989608331989408e-07	4.442618e-01	4.441506e-01	4.446662e-01
2.989618331989407e-07	4.442621e-01	4.441508e-01	4.446662e-01
2.989962617703684e-07	4.442698e-01	4.441572e-01	4.446669e-01
2.990306903417961e-07	4.442770e-01	4.441632e-01	4.446676e-01
2.990651189132238e-07	4.442838e-01	4.441688e-01	4.446682e-01
2.990995474846515e-07	4.442901e-01	4.441740e-01	4.446688e-01
2.991339760560792e-07	4.442960e-01	4.441789e-01	4.446695e-01
2.991684046275069e-07	4.443013e-01	4.441834e-01	4.446700e-01
2.992028331989346e-07	4.443063e-01	4.441875e-01	4.446706e-01
2.992264046275055e-07	4.443093e-01	4.441900e-01	4.446710e-01
2.992499760560763e-07	4.443121e-01	4.441921e-01	4.446714e-01
2.992735474846471e-07	4.443147e-01	4.441940e-01	4.446717e-01
2.992971189132179e-07	4.443170e-01	4.441957e-01	4.446721e-01
2.993206903417888e-07	4.443191e-01	4.441970e-01	4.446724e-01
2.993442617703596e-07	4.443209e-01	4.441981e-01	4.446728e-01
2.993678331989304e-07	4.443225e-01	4.441988e-01	4.446731e-01
2.993841189132157e-07	4.443235e-01	4.441992e-01	4.446733e-01
2.994004046275010e-07	4.443244e-01	4.441994e-01	4.446735e-01
2.994166903417863e-07	4.443252e-01	4.441995e-01	4.446738e-01
2.994329760560716e-07	4.443258e-01	4.441994e-01	4.446740e-01
2.994492617703569e-07	4.443264e-01	4.441992e-01	4.446742e-01
2.994655474846422e-07	4.443268e-01	4.441988e-01	4.446744e-01
2.994818331989276e-07	4.443272e-01	4.441983e-01	4.446746e-01
2.995034046274984e-07	4.443275e-01	4.441974e-01	4.446749e-01
2.995249760560693e-07	4.443276e-01	4.441963e-01	4.446751e-01
2.995465474846402e-07	4.443276e-01	4.441949e-01	4.446754e-01
2.995681189132111e-07	4.443275e-01	4.441932e-01	4.446756e-01
2.995896903417820e-07	4.443272e-01	4.441913e-01	4.446759e-01
2.996112617703528e-07	4.443267e-01	4.441892e-01	4.446761e-01
2.996328331989237e-07	4.443261e-01	4.441868e-01	4.446763e-01
2.996789760560654e-07	4.443242e-01	4.441807e-01	4.446768e-01
2.997251189132071e-07	4.443219e-01	4.441738e-01	4.446772e-01
2.997712617703488e-07	4.443193e-01	4.441660e-01	4.446776e-01
2.998174046274905e-07	4.443163e-01	4.441574e-01	4.446780e-01
2.998635474846322e-07	4.443129e-01	4.441479e-01	4.446783e-01
2.999096903417739e-07	4.443092e-01	4.441375e-01	4.446787e-01
2.999558331989155e-07	4.443051e-01	4.441263e-01	4.446790e-01
2.999858331989148e-07	4.443025e-01	4.441188e-01	4.446792e-01
3.000288331989137e-07	4.442986e-01	4.441074e-01	4.446794e-01
3.000718331989126e-07	4.442948e-01	4.440959e-01	4.446797e-01
3.001148331989115e-07	4.442911e-01	4.440841e-01	4.446799e-01
3.001578331989104e-07	4.442874e-01	4.440722e-01	4.446801e-01
3.002008331989093e-07	4.442839e-01	4.440600e-01	4.446802e-01
3.002438331989082e-07	4.442804e-01	4.440476e-01	4.446804e-01
3.002868331989072e-07	4.442770e-01	4.440350e-01	4.446805e-01
3.003215474846206e-07	4.442745e-01	4.440249e-01	4.446806e-01
3.003562617703340e-07	4.442722e-01	4.440150e-01	4.446807e-01
3.003909760560474e-07	4.442701e-01	4.440052e-01	4.446808e-01
3.004256903417608e-07	4.442681e-01	4.439955e-01	4.446809e-01
3.004604046274742e-07	4.442664e-01	4.439860e-01	4.446810e-01
3.004951189131876e-07	4.442648e-01	4.439766e-01	4.446810e-01
3.005298331989010e-07	4.442633e-01	4.439674e-01	4.446811e-01
3.005561189131860e-07	4.442624e-01	4.439606e-01	4.446811e-01
3.005824046274711e-07	4.442616e-01	4.439539e-01	4.446811e-01
3.006086903417561e-07	4.442610e-01	4.439475e-01	4.446812e-01
3.006349760560412e-07	4.442604e-01	4.439412e-01	4.446812e-01
3.006612617703262e-07	4.442599e-01	4.439351e-01	4.446812e-01
3.006875474846113e-07	4.442596e-01	4.439292e-01	4.446812e-01
3.007138331988963e-07	4.442594e-01	4.439235e-01	4.446812e-01
3.007355474846101e-07	4.442593e-01	4.439189e-01	4.446812e-01
3.007572617703238e-07	4.442593e-01	4.439145e-01	4.446812e-01
3.007789760560375e-07	4.442594e-01	4.439102e-01	4.446812e-01
3.008006903417513e-07	4.442595e-01	4.439061e-01	4.446812e-01
3.008224046274650e-07	4.442597e-01	4.439022e-01	4.446812e-01
3.008441189131788e-07	4.442600e-01	4.438984e-01	4.446812e-01
3.008658331988925e-07	4.442604e-01	4.438947e-01	4.446812e-01
3.008862617703205e-07	4.442607e-01	4.438915e-01	4.446812e-01
3.009066903417486e-07	4.442612e-01	4.438884e-01	4.446812e-01
3.009271189131766e-07	4.442617e-01	4.438854e-01	4.446812e-01
3.009475474846047e-07	4.442622e-01	4.438826e-01	4.446812e-01
3.009679760560328e-07	4.442628e-01	4.438800e-01	4.446812e-01
3.009884046274608e-07	4.442634e-01	4.438775e-01	4.446812e-01
3.010088331988889e-07	4.442641e-01	4.438752e-01	4.446811e-01
3.010098331988888e-07	4.442642e-01	4.438750e-01	4.446811e-01
3.010439760560308e-07	4.442654e-01	4.438715e-01	4.446811e-01
3.010781189131728e-07	4.442668e-01	4.438684e-01	4.446811e-01
3.011122617703148e-07	4.442682e-01	4.438658e-01	4.446810e-01
3.011464046274568e-07	4.442696e-01	4.438636e-01	4.446810e-01
3.011805474845988e-07	4.442711e-01	4.438619e-01	4.446809e-01
3.012146903417408e-07	4.442727e-01	4.438606e-01	4.446809e-01
3.012488331988828e-07	4.442744e-01	4.438597e-01	4.446808e-01
3.012699760560251e-07	4.442754e-01	4.438594e-01	4.446808e-01
3.012911189131674e-07	4.442764e-01	4.438593e-01	4.446808e-01
3.013122617703097e-07	4.442774e-01	4.438593e-01	4.446808e-01
3.013334046274521e-07	4.442784e-01	4.438595e-01	4.446807e-01
3.013545474845944e-07	4.442794e-01	4.438598e-01	4.446807e-01
3.013756903417367e-07	4.442804e-01	4.438604e-01	4.446807e-01
3.013968331988790e-07	4.442814e-01	4.438610e-01	4.446806e-01
3.014414046274493e-07	4.442835e-01	4.438630e-01	4.446806e-01
3.014859760560196e-07	4.442853e-01	4.438656e-01	4.446805e-01
3.015305474845899e-07	4.442870e-01	4.438688e-01	4.446804e-01
3.015751189131602e-07	4.442885e-01	4.438726e-01	4.446803e-01
3.016196903417305e-07	4.442898e-01	4.438771e-01	4.446803e-01
3.016642617703008e-07	4.442909e-01	4.438821e-01	4.446802e-01
3.017088331988711e-07	4.442918e-01	4.438878e-01	4.446801e-01
3.017404046274418e-07	4.442923e-01	4.438921e-01	4.446801e-01
3.017719760560124e-07	4.442925e-01	4.438966e-01	4.446800e-01
3.018035474845830e-07	4.442926e-01	4.439013e-01	4.446800e-01
3.018351189131536e-07	4.442926e-01	4.439062e-01	4.446799e-01
3.018666903417243e-07	4.442924e-01	4.439113e-01	4.446799e-01
3.018982617702949e-07	4.442920e-01	4.439167e-01	4.446798e-01
3.019298331988655e-07	4.442914e-01	4.439223e-01	4.446798e-01
3.019445474845794e-07	4.442911e-01	4.439249e-01	4.446797e-01
3.019592617702934e-07	4.442907e-01	4.439276e-01	4.446797e-01
3.019739760560073e-07	4.442903e-01	4.439303e-01	4.446797e-01
3.019886903417212e-07	4.442898e-01	4.439330e-01	4.446797e-01
3.020034046274351e-07	4.442893e-01	4.439358e-01	4.446797e-01
3.020181189131490e-07	4.442888e-01	4.439386e-01	4.446797e-01
3.020328331988629e-07	4.442882e-01	4.439414e-01	4.446796e-01
3.020338331988629e-07	4.442881e-01	4.439416e-01	4.446796e-01
3.020828331988617e-07	4.442858e-01	4.439514e-01	4.446796e-01
3.021318331988604e-07	4.442830e-01	4.439613e-01	4.446795e-01
3.021808331988592e-07	4.442797e-01	4.439713e-01	4.446795e-01
3.022298331988579e-07	4.442759e-01	4.439816e-01	4.446794e-01
3.022788331988567e-07	4.442715e-01	4.439920e-01	4.446794e-01
3.023278331988554e-07	4.442667e-01	4.440025e-01	4.446793e-01
3.023768331988542e-07	4.442613e-01	4.440132e-01	4.446793e-01
3.024511189131380e-07	4.442521e-01	4.440296e-01	4.446793e-01
3.025254046274219e-07	4.442419e-01	4.440456e-01	4.446792e-01
3.025996903417057e-07	4.442307e-01	4.440613e-01	4.446792e-01
3.026739760559895e-07	4.442185e-01	4.440766e-01	4.446792e-01
3.027482617702734e-07	4.442054e-01	4.440916e-01	4.446792e-01
3.028225474845572e-07	4.441912e-01	4.441063e-01	4.446792e-01
3.028968331988410e-07	4.441761e-01	4.441206e-01	4.446792e-01
3.029196903416976e-07	4.441714e-01	4.441248e-01	4.446792e-01
3.029425474845542e-07	4.441666e-01	4.441290e-01	4.446792e-01
3.029654046274107e-07	4.441617e-01	4.441330e-01	4.446793e-01
3.029882617702673e-07	4.441568e-01	4.441371e-01	4.446793e-01
3.030111189131238e-07	4.441518e-01	4.441410e-01	4.446793e-01
3.030339760559804e-07	4.441468e-01	4.441449e-01	4.446793e-01
3.030568331988370e-07	4.441417e-01	4.441487e-01	4.446793e-01
3.030578331988370e-07	4.441415e-01	4.441489e-01	4.446793e-01
3.031315474845494e-07	4.441245e-01	4.441608e-01	4.446794e-01
3.032052617702618e-07	4.441075e-01	4.441719e-01	4.446795e-01
3.032789760559742e-07	4.440902e-01	4.441822e-01	4.446795e-01
3.033526903416866e-07	4.440728e-01	4.441918e-01	4.446796e-01
3.034264046273990e-07	4.440553e-01	4.442006e-01	4.446797e-01
3.035001189131115e-07	4.440376e-01	4.442086e-01	4.446798e-01
3.035738331988239e-07	4.440198e-01	4.442158e-01	4.446799e-01
3.035998331988232e-07	4.440136e-01	4.442181e-01	4.446800e-01
3.036258331988226e-07	4.440074e-01	4.442204e-01	4.446800e-01
3.036518331988219e-07	4.440013e-01	4.442226e-01	4.446801e-01
3.036778331988212e-07	4.439953e-01	4.442246e-01	4.446802e-01
3.037038331988206e-07	4.439892e-01	4.442266e-01	4.446802e-01
3.037298331988199e-07	4.439833e-01	4.442285e-01	4.446803e-01
3.037558331988193e-07	4.439773e-01	4.442303e-01	4.446803e-01
3.037639760559619e-07	4.439754e-01	4.442309e-01	4.446803e-01
3.037721189131046e-07	4.439736e-01	4.442314e-01	4.446803e-01
3.037802617702472e-07	4.439717e-01	4.442320e-01	4.446803e-01
3.037884046273899e-07	4.439699e-01	4.442325e-01	4.446804e-01
3.037965474845325e-07	4.439681e-01	4.442330e-01	4.446804e-01
3.038046903416752e-07	4.439662e-01	4.442335e-01	4.446805e-01
3.038128331988178e-07	4.439644e-01	4.442340e-01	4.446805e-01
3.038278331988174e-07	4.439611e-01	4.442349e-01	4.446806e-01
3.038428331988171e-07	4.439578e-01	4.442358e-01	4.446808e-01
3.038578331988167e-07	4.439544e-01	4.442366e-01	4.446810e-01
3.038728331988163e-07	4.439512e-01	4.442374e-01	4.446814e-01
3.038878331988159e-07	4.439479e-01	4.442382e-01	4.446818e-01
3.039028331988155e-07	4.439446e-01	4.442390e-01	4.446824e-01
3.039178331988152e-07	4.439414e-01	4.442397e-01	4.446830e-01
3.039306903416720e-07	4.439387e-01	4.442403e-01	4.446836e-01
3.039435474845288e-07	4.439359e-01	4.442409e-01	4.446844e-01
3.039564046273856e-07	4.439332e-01	4.442415e-01	4.446853e-01
3.039692617702424e-07	4.439305e-01	4.442420e-01	4.446862e-01
3.039821189130992e-07	4.439279e-01	4.442426e-01	4.446873e-01
3.039949760559561e-07	4.439252e-01	4.442431e-01	4.446885e-01
3.040078331988129e-07	4.439225e-01	4.442436e-01	4.446898e-01
3.040182617702412e-07	4.439204e-01	4.442440e-01	4.446909e-01
3.040286903416695e-07	4.439183e-01	4.442444e-01	4.446921e-01
3.040391189130978e-07	4.439162e-01	4.442447e-01	4.446933e-01
3.040495474845261e-07	4.439141e-01	4.442451e-01	4.446946e-01
3.040599760559544e-07	4.439120e-01	4.442454e-01	4.446960e-01
3.040704046273827e-07	4.439100e-01	4.442458e-01	4.446974e-01
3.040808331988110e-07	4.439079e-01	4.442461e-01	4.446989e-01
3.040818331988110e-07	4.439077e-01	4.442461e-01	4.446990e-01
3.041176903416672e-07	4.439007e-01	4.442472e-01	4.447050e-01
3.041535474845235e-07	4.438939e-01	4.442481e-01	4.447108e-01
3.041894046273797e-07	4.438873e-01	4.442489e-01	4.447165e-01
3.042252617702359e-07	4.438809e-01	4.442496e-01	4.447219e-01
3.042611189130922e-07	4.438746e-01	4.442502e-01	4.447272e-01
3.042969760559484e-07	4.438685e-01	4.442506e-01	4.447323e-01
3.043328331988046e-07	4.438626e-01	4.442510e-01	4.447372e-01
3.043481189130900e-07	4.438601e-01	4.442511e-01	4.447388e-01
3.043634046273753e-07	4.438577e-01	4.442512e-01	4.447402e-01
3.043786903416606e-07	4.438553e-01	4.442513e-01	4.447414e-01
3.043939760559460e-07	4.438529e-01	4.442514e-01	4.447424e-01
3.044092617702313e-07	4.438506e-01	4.442515e-01	4.447432e-01
3.044245474845166e-07	4.438483e-01	4.442515e-01	4.447438e-01
3.044398331988019e-07	4.438460e-01	4.442516e-01	4.447442e-01
3.044524046273730e-07	4.438442e-01	4.442516e-01	4.447444e-01
3.044649760559442e-07	4.438424e-01	4.442516e-01	4.447443e-01
3.044775474845153e-07	4.438406e-01	4.442516e-01	4.447441e-01
3.044901189130864e-07	4.438389e-01	4.442516e-01	4.447438e-01
3.045026903416575e-07	4.438371e-01	4.442516e-01	4.447433e-01
3.045152617702286e-07	4.438354e-01	4.442516e-01	4.447426e-01
3.045278331987997e-07	4.438337e-01	4.442515e-01	4.447417e-01
3.045481189130849e-07	4.438310e-01	4.442515e-01	4.447400e-01
3.045684046273701e-07	4.438284e-01	4.442514e-01	4.447379e-01
3.045886903416553e-07	4.438259e-01	4.442513e-01	4.447353e-01
3.046089760559405e-07	4.438234e-01	4.442511e-01	4.447324e-01
3.046292617702257e-07	4.438210e-01	4.442510e-01	4.447290e-01
3.046495474845109e-07	4.438187e-01	4.442509e-01	4.447253e-01
3.046698331987961e-07	4.438164e-01	4.442507e-01	4.447211e-01
3.047128331987950e-07	4.438117e-01	4.442503e-01	4.447106e-01
3.047558331987939e-07	4.438074e-01	4.442498e-01	4.446994e-01
3.047988331987928e-07	4.438033e-01	4.442493e-01	4.446875e-01
3.048418331987918e-07	4.437995e-01	4.442488e-01	4.446749e-01
3.048848331987907e-07	4.437960e-01	4.442482e-01	4.446616e-01
3.049278331987896e-07	4.437928e-01	4.442476e-01	4.446477e-01
3.049708331987885e-07	4.437899e-01	4.442469e-01	4.446330e-01
3.049899760559309e-07	4.437887e-01	4.442467e-01	4.446268e-01
3.050091189130732e-07	4.437875e-01	4.442464e-01	4.446207e-01
3.050282617702156e-07	4.437864e-01	4.442461e-01	4.446148e-01
3.050474046273580e-07	4.437853e-01	4.442458e-01	4.446090e-01
3.050665474845003e-07	4.437843e-01	4.442455e-01	4.446033e-01
3.050856903416427e-07	4.437834e-01	4.442452e-01	4.445977e-01
3.051048331987851e-07	4.437824e-01	4.442450e-01	4.445923e-01
3.051058331987851e-07	4.437824e-01	4.442450e-01	4.445920e-01
3.051341189130701e-07	4.437812e-01	4.442445e-01	4.445843e-01
3.051624046273551e-07	4.437801e-01	4.442441e-01	4.445773e-01
3.051906903416401e-07	4.437790e-01	4.442437e-01	4.445708e-01
3.052189760559251e-07	4.437781e-01	4.442433e-01	4.445649e-01
3.052472617702101e-07	4.437773e-01	4.442429e-01	4.445595e-01
3.052755474844950e-07	4.437766e-01	4.442425e-01	4.445548e-01
3.053038331987800e-07	4.437760e-01	4.442421e-01	4.445506e-01
3.053244046273510e-07	4.437757e-01	4.442419e-01	4.445481e-01
3.053449760559219e-07	4.437754e-01	4.442416e-01	4.445459e-01
3.053655474844928e-07	4.437751e-01	4.442414e-01	4.445441e-01
3.053861189130637e-07	4.437749e-01	4.442412e-01	4.445427e-01
3.054066903416346e-07	4.437747e-01	4.442409e-01	4.445417e-01
3.054272617702055e-07	4.437746e-01	4.442407e-01	4.445411e-01
3.054478331987764e-07	4.437746e-01	4.442405e-01	4.445408e-01
3.054696903416330e-07	4.437745e-01	4.442403e-01	4.445410e-01
3.054915474844896e-07	4.437746e-01	4.442401e-01	4.445415e-01
3.055134046273462e-07	4.437747e-01	4.442399e-01	4.445425e-01
3.055352617702028e-07	4.437748e-01	4.442398e-01	4.445439e-01
3.055571189130593e-07	4.437750e-01	4.442396e-01	4.445457e-01
3.055789760559159e-07	4.437753e-01	4.442395e-01	4.445479e-01
3.056008331987725e-07	4.437756e-01	4.442393e-01	4.445505e-01
3.056466903416285e-07	4.437764e-01	4.442391e-01	4.445574e-01
3.056925474844845e-07	4.437774e-01	4.442390e-01	4.445656e-01
3.057384046273405e-07	4.437785e-01	4.442389e-01	4.445749e-01
3.057842617701964e-07	4.437798e-01	4.442389e-01	4.445854e-01
3.058301189130524e-07	4.437813e-01	4.442390e-01	4.445971e-01
3.058759760559084e-07	4.437830e-01	4.442391e-01	4.446099e-01
3.059218331987644e-07	4.437849e-01	4.442393e-01	4.446239e-01
3.059514046273351e-07	4.437862e-01	4.442395e-01	4.446331e-01
3.059809760559057e-07	4.437875e-01	4.442398e-01	4.446424e-01
3.060105474844764e-07	4.437889e-01	4.442400e-01	4.446518e-01
3.060401189130471e-07	4.437903e-01	4.442403e-01	4.446613e-01
3.060696903416178e-07	4.437918e-01	4.442406e-01	4.446709e-01
3.060992617701885e-07	4.437933e-01	4.442410e-01	4.446805e-01
3.061288331987591e-07	4.437949e-01	4.442414e-01	4.446903e-01
3.061298331987591e-07	4.437949e-01	4.442414e-01	4.446907e-01
3.061779760559008e-07	4.437976e-01	4.442421e-01	4.447067e-01
3.062261189130424e-07	4.438004e-01	4.442429e-01	4.447220e-01
3.062742617701840e-07	4.438032e-01	4.442438e-01	4.447368e-01
3.063224046273257e-07	4.438061e-01	4.442448e-01	4.447510e-01
3.063705474844673e-07	4.438091e-01	4.442458e-01	4.447646e-01
3.064186903416089e-07	4.438122e-01	4.442470e-01	4.447776e-01
3.064668331987506e-07	4.438154e-01	4.442483e-01	4.447900e-01
3.065085474844638e-07	4.438181e-01	4.442494e-01	4.447998e-01
3.065502617701770e-07	4.438209e-01	4.442506e-01	4.448088e-01
3.065919760558903e-07	4.438237e-01	4.442519e-01	4.448170e-01
3.066336903416035e-07	4.438265e-01	4.442532e-01	4.448243e-01
3.066754046273167e-07	4.438293e-01	4.442546e-01	4.448309e-01
3.067171189130300e-07	4.438322e-01	4.442560e-01	4.448366e-01
3.067588331987432e-07	4.438350e-01	4.442576e-01	4.448415e-01
3.067876903415996e-07	4.438370e-01	4.442586e-01	4.448444e-01
3.068165474844560e-07	4.438390e-01	4.442597e-01	4.448468e-01
3.068454046273124e-07	4.438409e-01	4.442608e-01	4.448489e-01
3.068742617701688e-07	4.438429e-01	4.442620e-01	4.448506e-01
3.069031189130252e-07	4.438448e-01	4.442631e-01	4.448519e-01
3.069319760558817e-07	4.438468e-01	4.442643e-01	4.448527e-01
3.069608331987381e-07	4.438487e-01	4.442655e-01	4.448532e-01
3.069618331987380e-07	4.438488e-01	4.442656e-01	4.448533e-01
3.069628331987380e-07	4.438488e-01	4.442656e-01	4.448533e-01
3.069638331987380e-07	4.438489e-01	4.442657e-01	4.448532e-01
3.069648331987380e-07	4.438490e-01	4.442657e-01	4.448532e-01
3.069658331987379e-07	4.438491e-01	4.442658e-01	4.448533e-01
3.069668331987379e-07	4.438491e-01	4.442658e-01	4.448534e-01
3.069678331987379e-07	4.438492e-01	4.442658e-01	4.448533e-01
3.069688331987379e-07	4.438493e-01	4.442659e-01	4.448532e-01
3.069698331987378e-07	4.438493e-01	4.442659e-01	4.448533e-01
3.069708331987378e-07	4.438494e-01	4.442660e-01	4.448533e-01
3.069728331987378e-07	4.438495e-01	4.442661e-01	4.448533e-01
3.069836903415946e-07	4.438503e-01	4.442665e-01	4.448534e-01
3.069945474844515e-07	4.438510e-01	4.442670e-01	4.448533e-01
3.070054046273084e-07	4.438517e-01	4.442675e-01	4.448533e-01
3.070162617701652e-07	4.438524e-01	4.442679e-01	4.448531e-01
3.070271189130221e-07	4.438531e-01	4.442684e-01	4.448529e-01
3.070379760558790e-07	4.438539e-01	4.442689e-01	4.448526e-01
3.070488331987358e-07	4.438546e-01	4.442694e-01	4.448523e-01
3.070636903415926e-07	4.438555e-01	4.442700e-01	4.448517e-01
3.070785474844494e-07	4.438565e-01	4.442707e-01	4.448510e-01
3.070934046273061e-07	4.438575e-01	4.442714e-01	4.448501e-01
3.071082617701629e-07	4.438585e-01	4.442721e-01	4.448491e-01
3.071231189130197e-07	4.438594e-01	4.442727e-01	4.448479e-01
3.071379760558764e-07	4.438604e-01	4.442734e-01	4.448465e-01
3.071528331987332e-07	4.438613e-01	4.442741e-01	4.448450e-01
3.071538331987332e-07	4.438614e-01	4.442742e-01	4.448449e-01
3.071715474844470e-07	4.438625e-01	4.442750e-01	4.448429e-01
3.071892617701608e-07	4.438637e-01	4.442758e-01	4.448405e-01
3.072069760558747e-07	4.438648e-01	4.442767e-01	4.448380e-01
3.072246903415885e-07	4.438659e-01	4.442775e-01	4.448351e-01
3.072424046273024e-07	4.438670e-01	4.442784e-01	4.448321e-01
3.072601189130162e-07	4.438681e-01	4.442793e-01	4.448288e-01
3.072778331987300e-07	4.438692e-01	4.442801e-01	4.448252e-01
3.073232617701575e-07	4.438719e-01	4.442824e-01	4.448143e-01
3.073686903415849e-07	4.438747e-01	4.442847e-01	4.448033e-01
3.074141189130123e-07	4.438773e-01	4.442870e-01	4.447921e-01
3.074595474844397e-07	4.438799e-01	4.442893e-01	4.447809e-01
3.075049760558671e-07	4.438824e-01	4.442917e-01	4.447694e-01
3.075504046272946e-07	4.438849e-01	4.442941e-01	4.447579e-01
3.075958331987220e-07	4.438873e-01	4.442965e-01	4.447462e-01
3.076181189130071e-07	4.438885e-01	4.442977e-01	4.447412e-01
3.076404046272923e-07	4.438896e-01	4.442989e-01	4.447366e-01
3.076626903415774e-07	4.438908e-01	4.443001e-01	4.447323e-01
3.076849760558626e-07	4.438919e-01	4.443013e-01	4.447284e-01
3.077072617701477e-07	4.438930e-01	4.443025e-01	4.447248e-01
3.077295474844329e-07	4.438941e-01	4.443037e-01	4.447216e-01
3.077518331987180e-07	4.438952e-01	4.443049e-01	4.447187e-01
3.077699760558604e-07	4.438960e-01	4.443059e-01	4.447166e-01
3.077881189130028e-07	4.438969e-01	4.443069e-01	4.447149e-01
3.078062617701452e-07	4.438977e-01	4.443078e-01	4.447133e-01
3.078244046272876e-07	4.438985e-01	4.443088e-01	4.447121e-01
3.078425474844300e-07	4.438993e-01	4.443098e-01	4.447111e-01
3.078606903415724e-07	4.439001e-01	4.443108e-01	4.447103e-01
3.078788331987148e-07	4.439009e-01	4.443118e-01	4.447098e-01
3.078959760558572e-07	4.439017e-01	4.443127e-01	4.447096e-01
3.079131189129997e-07	4.439024e-01	4.443137e-01	4.447095e-01
3.079302617701421e-07	4.439031e-01	4.443146e-01	4.447097e-01
3.079474046272845e-07	4.439038e-01	4.443155e-01	4.447100e-01
3.079645474844269e-07	4.439045e-01	4.443165e-01	4.447105e-01
3.079816903415693e-07	4.439052e-01	4.443174e-01	4.447112e-01
3.079988331987118e-07	4.439059e-01	4.443184e-01	4.447121e-01
3.080242617701397e-07	4.439069e-01	4.443197e-01	4.447137e-01
3.080496903415676e-07	4.439079e-01	4.443211e-01	4.447156e-01
3.080751189129955e-07	4.439088e-01	4.443225e-01	4.447177e-01
3.081005474844235e-07	4.439098e-01	4.443239e-01	4.447199e-01
3.081259760558514e-07	4.439107e-01	4.443253e-01	4.447224e-01
3.081514046272793e-07	4.439116e-01	4.443266e-01	4.447251e-01
3.081768331987073e-07	4.439124e-01	4.443280e-01	4.447280e-01
3.081778331987072e-07	4.439125e-01	4.443281e-01	4.447281e-01
3.082085474844207e-07	4.439135e-01	4.443297e-01	4.447317e-01
3.082392617701342e-07	4.439145e-01	4.443314e-01	4.447351e-01
3.082699760558478e-07	4.439155e-01	4.443330e-01	4.447385e-01
3.083006903415613e-07	4.439164e-01	4.443346e-01	4.447416e-01
3.083314046272748e-07	4.439173e-01	4.443363e-01	4.447446e-01
3.083621189129883e-07	4.439182e-01	4.443379e-01	4.447475e-01
3.083928331987018e-07	4.439191e-01	4.443395e-01	4.447502e-01
3.084144046272727e-07	4.439196e-01	4.443406e-01	4.447519e-01
3.084359760558435e-07	4.439202e-01	4.443417e-01	4.447533e-01
3.084575474844144e-07	4.439208e-01	4.443429e-01	4.447545e-01
3.084791189129853e-07	4.439213e-01	4.443440e-01	4.447555e-01
3.085006903415562e-07	4.439218e-01	4.443451e-01	4.447563e-01
3.085222617701271e-07	4.439223e-01	4.443462e-01	4.447568e-01
3.085438331986980e-07	4.439228e-01	4.443473e-01	4.447571e-01
3.085635474844117e-07	4.439233e-01	4.443483e-01	4.447572e-01
3.085832617701255e-07	4.439238e-01	4.443493e-01	4.447571e-01
3.086029760558393e-07	4.439242e-01	4.443503e-01	4.447567e-01
3.086226903415531e-07	4.439246e-01	4.443513e-01	4.447561e-01
3.086424046272669e-07	4.439250e-01	4.443523e-01	4.447553e-01
3.086621189129807e-07	4.439254e-01	4.443532e-01	4.447543e-01
3.086818331986945e-07	4.439258e-01	4.443542e-01	4.447530e-01
3.087124046272651e-07	4.439264e-01	4.443557e-01	4.447506e-01
3.087429760558358e-07	4.439270e-01	4.443572e-01	4.447477e-01
3.087735474844064e-07	4.439275e-01	4.443586e-01	4.447442e-01
3.088041189129771e-07	4.439280e-01	4.443601e-01	4.447403e-01
3.088346903415477e-07	4.439285e-01	4.443615e-01	4.447359e-01
3.088652617701184e-07	4.439290e-01	4.443630e-01	4.447310e-01
3.088958331986890e-07	4.439294e-01	4.443644e-01	4.447256e-01
3.089394046272594e-07	4.439301e-01	4.443664e-01	4.447170e-01
3.089829760558297e-07	4.439306e-01	4.443684e-01	4.447079e-01
3.090265474844000e-07	4.439312e-01	4.443703e-01	4.446983e-01
3.090701189129703e-07	4.439317e-01	4.443722e-01	4.446882e-01
3.091136903415407e-07	4.439322e-01	4.443741e-01	4.446776e-01
3.091572617701110e-07	4.439326e-01	4.443759e-01	4.446666e-01
3.092008331986813e-07	4.439330e-01	4.443777e-01	4.446550e-01
3.092018331986813e-07	4.439331e-01	4.443778e-01	4.446547e-01
3.092542617701085e-07	4.439335e-01	4.443799e-01	4.446406e-01
3.093066903415358e-07	4.439339e-01	4.443820e-01	4.446270e-01
3.093591189129630e-07	4.439343e-01	4.443840e-01	4.446139e-01
3.094115474843903e-07	4.439347e-01	4.443860e-01	4.446013e-01
3.094639760558175e-07	4.439350e-01	4.443880e-01	4.445893e-01
3.095164046272447e-07	4.439353e-01	4.443899e-01	4.445778e-01
3.095688331986720e-07	4.439356e-01	4.443917e-01	4.445668e-01
3.096069760558139e-07	4.439358e-01	4.443930e-01	4.445597e-01
3.096451189129558e-07	4.439359e-01	4.443943e-01	4.445532e-01
3.096832617700977e-07	4.439361e-01	4.443956e-01	4.445475e-01
3.097214046272396e-07	4.439362e-01	4.443968e-01	4.445424e-01
3.097595474843814e-07	4.439364e-01	4.443981e-01	4.445381e-01
3.097976903415233e-07	4.439365e-01	4.443992e-01	4.445344e-01
3.098358331986652e-07	4.439367e-01	4.444004e-01	4.445314e-01
3.098688331986644e-07	4.439368e-01	4.444014e-01	4.445295e-01
3.099018331986636e-07	4.439369e-01	4.444024e-01	4.445282e-01
3.099348331986627e-07	4.439370e-01	4.444033e-01	4.445275e-01
3.099678331986619e-07	4.439371e-01	4.444043e-01	4.445274e-01
3.100008331986610e-07	4.439372e-01	4.444052e-01	4.445278e-01
3.100338331986602e-07	4.439373e-01	4.444061e-01	4.445289e-01
3.100668331986594e-07	4.439374e-01	4.444069e-01	4.445305e-01
3.100894046272302e-07	4.439374e-01	4.444075e-01	4.445320e-01
3.101119760558011e-07	4.439375e-01	4.444081e-01	4.445337e-01
3.101345474843719e-07	4.439375e-01	4.444087e-01	4.445357e-01
3.101571189129428e-07	4.439376e-01	4.444093e-01	4.445380e-01
3.101796903415137e-07	4.439377e-01	4.444098e-01	4.445405e-01
3.102022617700845e-07	4.439377e-01	4.444104e-01	4.445433e-01
3.102248331986554e-07	4.439378e-01	4.444109e-01	4.445463e-01
3.102258331986553e-07	4.439378e-01	4.444109e-01	4.445465e-01
3.103196903415101e-07	4.439380e-01	4.444131e-01	4.445629e-01
3.104135474843649e-07	4.439383e-01	4.444151e-01	4.445822e-01
3.105074046272196e-07	4.439386e-01	4.444171e-01	4.446043e-01
3.106012617700744e-07	4.439389e-01	4.444189e-01	4.446292e-01
3.106951189129292e-07	4.439393e-01	4.444206e-01	4.446569e-01
3.107889760557839e-07	4.439397e-01	4.444221e-01	4.446875e-01
3.108828331986387e-07	4.439401e-01	4.444236e-01	4.447208e-01
3.109351189129231e-07	4.439403e-01	4.444243e-01	4.447394e-01
3.109874046272075e-07	4.439406e-01	4.444251e-01	4.447582e-01
3.110396903414919e-07	4.439409e-01	4.444258e-01	4.447770e-01
3.110919760557763e-07	4.439412e-01	4.444265e-01	4.447960e-01
3.111442617700606e-07	4.439415e-01	4.444271e-01	4.448151e-01
3.111965474843450e-07	4.439419e-01	4.444277e-01	4.448344e-01
3.112488331986294e-07	4.439422e-01	4.444284e-01	4.448538e-01
3.112498331986294e-07	4.439422e-01	4.444284e-01	4.448541e-01
3.113391189129129e-07	4.439428e-01	4.444293e-01	4.448870e-01
3.114284046271963e-07	4.439435e-01	4.444302e-01	4.449192e-01
3.115176903414798e-07	4.439442e-01	4.444311e-01	4.449504e-01
3.116069760557632e-07	4.439450e-01	4.444319e-01	4.449809e-01
3.116962617700467e-07	4.439458e-01	4.444327e-01	4.450106e-01
3.117855474843301e-07	4.439467e-01	4.444334e-01	4.450394e-01
3.118748331986136e-07	4.439476e-01	4.444340e-01	4.450674e-01
3.119316903414693e-07	4.439481e-01	4.444344e-01	4.450845e-01
3.119885474843250e-07	4.439487e-01	4.444348e-01	4.451011e-01
3.120454046271807e-07	4.439494e-01	4.444352e-01	4.451172e-01
3.121022617700364e-07	4.439500e-01	4.444356e-01	4.451329e-01
3.121591189128921e-07	4.439506e-01	4.444359e-01	4.451481e-01
3.122159760557478e-07	4.439513e-01	4.444363e-01	4.451629e-01
3.122728331986035e-07	4.439519e-01	4.444366e-01	4.451772e-01
3.122738331986035e-07	4.439520e-01	4.444366e-01	4.451774e-01
3.123631189128869e-07	4.439530e-01	4.444371e-01	4.451989e-01
3.124524046271704e-07	4.439541e-01	4.444376e-01	4.452193e-01
3.125416903414538e-07	4.439552e-01	4.444381e-01	4.452388e-01
3.126309760557373e-07	4.439564e-01	4.444386e-01	4.452572e-01
3.127202617700207e-07	4.439575e-01	4.444390e-01	4.452746e-01
3.128095474843042e-07	4.439587e-01	4.444395e-01	4.452911e-01
3.128988331985876e-07	4.439598e-01	4.444400e-01	4.453065e-01
3.129028331985875e-07	4.439599e-01	4.444400e-01	4.453072e-01
3.129068331985874e-07	4.439599e-01	4.444400e-01	4.453078e-01
3.129108331985873e-07	4.439600e-01	4.444401e-01	4.453085e-01
3.129148331985872e-07	4.439600e-01	4.444401e-01	4.453092e-01
3.129188331985871e-07	4.439601e-01	4.444402e-01	4.453098e-01
3.129228331985870e-07	4.439601e-01	4.444402e-01	4.453105e-01
3.129268331985869e-07	4.439602e-01	4.444402e-01	4.453112e-01
3.129318331985868e-07	4.439603e-01	4.444403e-01	4.453120e-01
3.129368331985867e-07	4.439603e-01	4.444404e-01	4.453128e-01
3.129418331985865e-07	4.439604e-01	4.444404e-01	4.453136e-01
3.129468331985864e-07	4.439605e-01	4.444405e-01	4.453145e-01
3.129518331985863e-07	4.439605e-01	4.444406e-01	4.453153e-01
3.129568331985862e-07	4.439606e-01	4.444407e-01	4.453161e-01
3.129618331985860e-07	4.439607e-01	4.444408e-01	4.453169e-01
3.129691189128716e-07	4.439608e-01	4.444410e-01	4.453181e-01
3.129764046271571e-07	4.439609e-01	4.444412e-01	4.453192e-01
3.129836903414426e-07	4.439609e-01	4.444415e-01	4.453204e-01
3.129909760557281e-07	4.439610e-01	4.444418e-01	4.453215e-01
3.129982617700137e-07	4.439611e-01	4.444420e-01	4.453227e-01
3.130055474842992e-07	4.439612e-01	4.444424e-01	4.453238e-01
3.130128331985847e-07	4.439613e-01	4.444427e-01	4.453250e-01
3.130244046271559e-07	4.439615e-01	4.444433e-01	4.453268e-01
3.130359760557270e-07	4.439616e-01	4.444440e-01	4.453285e-01
3.130475474842981e-07	4.439618e-01	4.444447e-01	4.453303e-01
3.130591189128693e-07	4.439619e-01	4.444455e-01	4.453321e-01
3.130706903414404e-07	4.439620e-01	4.444464e-01	4.453338e-01
3.130822617700115e-07	4.439622e-01	4.444473e-01	4.453355e-01
3.130938331985827e-07	4.439623e-01	4.444483e-01	4.453372e-01
3.131162617700107e-07	4.439625e-01	4.444504e-01	4.453405e-01
3.131386903414387e-07	4.439628e-01	4.444526e-01	4.453437e-01
3.131611189128667e-07	4.439630e-01	4.444547e-01	4.453469e-01
3.131835474842947e-07	4.439631e-01	4.444569e-01	4.453500e-01
3.132059760557227e-07	4.439633e-01	4.444592e-01	4.453530e-01
3.132284046271507e-07	4.439634e-01	4.444615e-01	4.453560e-01
3.132508331985787e-07	4.439635e-01	4.444638e-01	4.453590e-01
3.132574046271500e-07	4.439635e-01	4.444644e-01	4.453599e-01
3.132639760557212e-07	4.439635e-01	4.444650e-01	4.453607e-01
3.132705474842925e-07	4.439636e-01	4.444656e-01	4.453616e-01
3.132771189128638e-07	4.439636e-01	4.444662e-01	4.453624e-01
3.132836903414350e-07	4.439636e-01	4.444668e-01	4.453632e-01
3.132902617700063e-07	4.439636e-01	4.444673e-01	4.453640e-01
3.132968331985775e-07	4.439636e-01	4.444679e-01	4.453649e-01
3.132978331985775e-07	4.439636e-01	4.444680e-01	4.453650e-01
3.133124046271486e-07	4.439635e-01	4.444691e-01	4.453668e-01
3.133269760557196e-07	4.439635e-01	4.444702e-01	4.453686e-01
3.133415474842907e-07	4.439635e-01	4.444712e-01	4.453704e-01
3.133561189128617e-07	4.439634e-01	4.444721e-01	4.453721e-01
3.133706903414328e-07	4.439633e-01	4.444728e-01	4.453739e-01
3.133852617700039e-07	4.439632e-01	4.444735e-01	4.453756e-01
3.133998331985749e-07	4.439631e-01	4.444741e-01	4.453773e-01
3.134088331985747e-07	4.439631e-01	4.444744e-01	4.453783e-01
3.134178331985745e-07	4.439630e-01	4.444746e-01	4.453793e-01
3.134268331985742e-07	4.439629e-01	4.444748e-01	4.453803e-01
3.134358331985740e-07	4.439628e-01	4.444750e-01	4.453813e-01
3.134448331985738e-07	4.439627e-01	4.444751e-01	4.453823e-01
3.134538331985736e-07	4.439626e-01	4.444752e-01	4.453833e-01
3.134628331985733e-07	4.439625e-01	4.444752e-01	4.453843e-01
3.134729760557159e-07	4.439624e-01	4.444751e-01	4.453854e-01
3.134831189128585e-07	4.439623e-01	4.444750e-01	4.453865e-01
3.134932617700011e-07	4.439622e-01	4.444749e-01	4.453875e-01
3.135034046271437e-07	4.439620e-01	4.444747e-01	4.453886e-01
3.135135474842863e-07	4.439619e-01	4.444744e-01	4.453897e-01
3.135236903414289e-07	4.439618e-01	4.444741e-01	4.453907e-01
3.135338331985715e-07	4.439617e-01	4.444737e-01	4.453917e-01
3.135536903414282e-07	4.439614e-01	4.444727e-01	4.453937e-01
3.135735474842848e-07	4.439611e-01	4.444715e-01	4.453957e-01
3.135934046271415e-07	4.439608e-01	4.444702e-01	4.453976e-01
3.136132617699981e-07	4.439606e-01	4.444686e-01	4.453994e-01
3.136331189128547e-07	4.439603e-01	4.444668e-01	4.454013e-01
3.136529760557114e-07	4.439601e-01	4.444649e-01	4.454030e-01
3.136728331985680e-07	4.439599e-01	4.444627e-01	4.454048e-01
3.136932617699961e-07	4.439597e-01	4.444603e-01	4.454065e-01
3.137136903414241e-07	4.439595e-01	4.444577e-01	4.454082e-01
3.137341189128522e-07	4.439594e-01	4.444551e-01	4.454099e-01
3.137545474842802e-07	4.439593e-01	4.444523e-01	4.454115e-01
3.137749760557083e-07	4.439593e-01	4.444494e-01	4.454131e-01
3.137954046271363e-07	4.439593e-01	4.444464e-01	4.454147e-01
3.138158331985644e-07	4.439593e-01	4.444433e-01	4.454162e-01
3.138361189128496e-07	4.439594e-01	4.444401e-01	4.454176e-01
3.138564046271348e-07	4.439596e-01	4.444369e-01	4.454190e-01
3.138766903414200e-07	4.439598e-01	4.444337e-01	4.454203e-01
3.138969760557052e-07	4.439601e-01	4.444304e-01	4.454217e-01
3.139172617699904e-07	4.439605e-01	4.444272e-01	4.454229e-01
3.139375474842756e-07	4.439610e-01	4.444239e-01	4.454242e-01
3.139578331985608e-07	4.439615e-01	4.444206e-01	4.454253e-01
3.139838331985601e-07	4.439623e-01	4.444165e-01	4.454268e-01
3.140098331985595e-07	4.439632e-01	4.444125e-01	4.454282e-01
3.140358331985588e-07	4.439642e-01	4.444086e-01	4.454295e-01
3.140618331985582e-07	4.439654e-01	4.444049e-01	4.454307e-01
3.140878331985575e-07	4.439667e-01	4.444013e-01	4.454319e-01
3.141138331985568e-07	4.439681e-01	4.443979e-01	4.454330e-01
3.141398331985562e-07	4.439696e-01	4.443946e-01	4.454340e-01
3.141651189128413e-07	4.439713e-01	4.443917e-01	4.454349e-01
3.141904046271263e-07	4.439730e-01	4.443890e-01	4.454358e-01
3.142156903414114e-07	4.439748e-01	4.443866e-01	4.454366e-01
3.142409760556965e-07	4.439767e-01	4.443844e-01	4.454373e-01
3.142662617699815e-07	4.439787e-01	4.443825e-01	4.454380e-01
3.142915474842666e-07	4.439808e-01	4.443808e-01	4.454386e-01
3.143168331985517e-07	4.439830e-01	4.443794e-01	4.454391e-01
3.143218331985516e-07	4.439835e-01	4.443792e-01	4.454392e-01
3.143368331985512e-07	4.439848e-01	4.443785e-01	4.454395e-01
3.143518331985508e-07	4.439862e-01	4.443780e-01	4.454397e-01
3.143668331985504e-07	4.439876e-01	4.443775e-01	4.454399e-01
3.143818331985500e-07	4.439890e-01	4.443772e-01	4.454401e-01
3.143968331985497e-07	4.439904e-01	4.443769e-01	4.454403e-01
3.144118331985493e-07	4.439918e-01	4.443768e-01	4.454405e-01
3.144268331985489e-07	4.439933e-01	4.443767e-01	4.454406e-01
3.144435474842628e-07	4.439949e-01	4.443768e-01	4.454407e-01
3.144602617699766e-07	4.439966e-01	4.443770e-01	4.454408e-01
3.144769760556905e-07	4.439982e-01	4.443773e-01	4.454408e-01
3.144936903414044e-07	4.439998e-01	4.443778e-01	4.454409e-01
3.145104046271182e-07	4.440015e-01	4.443783e-01	4.454409e-01
3.145271189128321e-07	4.440031e-01	4.443790e-01	4.454408e-01
3.145438331985459e-07	4.440048e-01	4.443798e-01	4.454408e-01
3.145782617699736e-07	4.440082e-01	4.443819e-01	4.454406e-01
3.146126903414013e-07	4.440115e-01	4.443845e-01	4.454402e-01
3.146471189128290e-07	4.440147e-01	4.443874e-01	4.454398e-01
3.146815474842567e-07	4.440177e-01	4.443908e-01	4.454392e-01
3.147159760556844e-07	4.440206e-01	4.443946e-01	4.454385e-01
3.147504046271121e-07	4.440234e-01	4.443988e-01	4.454376e-01
3.147848331985398e-07	4.440261e-01	4.444035e-01	4.454367e-01
3.148156903413962e-07	4.440283e-01	4.444080e-01	4.454357e-01
3.148465474842526e-07	4.440302e-01	4.444126e-01	4.454347e-01
3.148774046271089e-07	4.440320e-01	4.444174e-01	4.454336e-01
3.149082617699653e-07	4.440336e-01	4.444224e-01	4.454324e-01
3.149391189128216e-07	4.440349e-01	4.444275e-01	4.454311e-01
3.149699760556780e-07	4.440360e-01	4.444328e-01	4.454296e-01
3.150008331985344e-07	4.440370e-01	4.444383e-01	4.454281e-01
3.150185474842482e-07	4.440374e-01	4.444415e-01	4.454272e-01
3.150362617699620e-07	4.440377e-01	4.444447e-01	4.454263e-01
3.150539760556759e-07	4.440379e-01	4.444479e-01	4.454253e-01
3.150716903413897e-07	4.440381e-01	4.444511e-01	4.454244e-01
3.150894046271035e-07	4.440381e-01	4.444543e-01	4.454233e-01
3.151071189128174e-07	4.440381e-01	4.444575e-01	4.454223e-01
3.151248331985312e-07	4.440380e-01	4.444607e-01	4.454212e-01
3.151504046271020e-07	4.440377e-01	4.444654e-01	4.454196e-01
3.151759760556728e-07	4.440373e-01	4.444701e-01	4.454180e-01
3.152015474842436e-07	4.440366e-01	4.444747e-01	4.454163e-01
3.152271189128143e-07	4.440358e-01	4.444792e-01	4.454145e-01
3.152526903413851e-07	4.440348e-01	4.444837e-01	4.454127e-01
3.152782617699559e-07	4.440336e-01	4.444881e-01	4.454108e-01
3.153038331985267e-07	4.440323e-01	4.444925e-01	4.454089e-01
3.153458331985256e-07	4.440297e-01	4.444994e-01	4.454056e-01
3.153888331985245e-07	4.440266e-01	4.445062e-01	4.454021e-01
3.154318331985234e-07	4.440231e-01	4.445127e-01	4.453984e-01
3.154748331985224e-07	4.440192e-01	4.445187e-01	4.453946e-01
3.155178331985213e-07	4.440150e-01	4.445243e-01	4.453907e-01
3.155608331985202e-07	4.440104e-01	4.445295e-01	4.453867e-01
3.156038331985191e-07	4.440055e-01	4.445342e-01	4.453825e-01
3.156468331985180e-07	4.440002e-01	4.445386e-01	4.453782e-01
3.156798331985172e-07	4.439960e-01	4.445415e-01	4.453748e-01
3.157128331985163e-07	4.439917e-01	4.445441e-01	4.453714e-01
3.157458331985155e-07	4.439874e-01	4.445464e-01	4.453679e-01
3.157788331985147e-07	4.439830e-01	4.445484e-01	4.453643e-01
3.158118331985138e-07	4.439785e-01	4.445500e-01	4.453607e-01
3.158448331985130e-07	4.439740e-01	4.445514e-01	4.453570e-01
3.158778331985121e-07	4.439693e-01	4.445525e-01	4.453533e-01
3.158958331985117e-07	4.439668e-01	4.445529e-01	4.453512e-01
3.159138331985112e-07	4.439644e-01	4.445532e-01	4.453492e-01
3.159318331985108e-07	4.439619e-01	4.445535e-01	4.453471e-01
3.159498331985103e-07	4.439594e-01	4.445537e-01	4.453450e-01
3.159678331985099e-07	4.439569e-01	4.445538e-01	4.453429e-01
3.159858331985094e-07	4.439545e-01	4.445538e-01	4.453407e-01
3.160038331985090e-07	4.439520e-01	4.445537e-01	4.453386e-01
3.160184046270800e-07	4.439501e-01	4.445535e-01	4.453369e-01
3.160329760556511e-07	4.439481e-01	4.445533e-01	4.453351e-01
3.160475474842221e-07	4.439462e-01	4.445531e-01	4.453334e-01
3.160621189127932e-07	4.439443e-01	4.445528e-01	4.453316e-01
3.160766903413642e-07	4.439424e-01	4.445525e-01	4.453298e-01
3.160912617699353e-07	4.439406e-01	4.445521e-01	4.453280e-01
3.161058331985064e-07	4.439387e-01	4.445516e-01	4.453262e-01
3.161068331985063e-07	4.439386e-01	4.445517e-01	4.453261e-01
3.161078331985063e-07	4.439384e-01	4.445517e-01	4.453260e-01
3.161088331985063e-07	4.439383e-01	4.445515e-01	4.453259e-01
3.161098331985063e-07	4.439382e-01	4.445511e-01	4.453257e-01
3.161108331985062e-07	4.439381e-01	4.445512e-01	4.453256e-01
3.161118331985062e-07	4.439380e-01	4.445515e-01	4.453255e-01
3.161138331985062e-07	4.439377e-01	4.445513e-01	4.453252e-01
3.161219760556488e-07	4.439367e-01	4.445510e-01	4.453242e-01
3.161301189127915e-07	4.439357e-01	4.445507e-01	4.453232e-01
3.161382617699341e-07	4.439347e-01	4.445504e-01	4.453222e-01
3.161464046270768e-07	4.439338e-01	4.445501e-01	4.453212e-01
3.161545474842194e-07	4.439330e-01	4.445497e-01	4.453202e-01
3.161626903413621e-07	4.439322e-01	4.445494e-01	4.453192e-01
3.161708331985047e-07	4.439314e-01	4.445490e-01	4.453181e-01
3.161782617699331e-07	4.439308e-01	4.445486e-01	4.453172e-01
3.161856903413615e-07	4.439302e-01	4.445483e-01	4.453163e-01
3.161931189127899e-07	4.439296e-01	4.445479e-01	4.453154e-01
3.162005474842183e-07	4.439292e-01	4.445475e-01	4.453144e-01
3.162079760556466e-07	4.439288e-01	4.445471e-01	4.453135e-01
3.162154046270750e-07	4.439284e-01	4.445467e-01	4.453125e-01
3.162228331985034e-07	4.439281e-01	4.445463e-01	4.453116e-01
3.162276903413604e-07	4.439280e-01	4.445460e-01	4.453110e-01
3.162325474842174e-07	4.439278e-01	4.445457e-01	4.453104e-01
3.162374046270745e-07	4.439277e-01	4.445454e-01	4.453097e-01
3.162422617699315e-07	4.439276e-01	4.445451e-01	4.453091e-01
3.162471189127885e-07	4.439276e-01	4.445448e-01	4.453085e-01
3.162519760556455e-07	4.439276e-01	4.445445e-01	4.453079e-01
3.162568331985025e-07	4.439276e-01	4.445443e-01	4.453073e-01
3.162638331985024e-07	4.439276e-01	4.445438e-01	4.453064e-01
3.162708331985022e-07	4.439277e-01	4.445434e-01	4.453055e-01
3.162778331985020e-07	4.439279e-01	4.445429e-01	4.453046e-01
3.162848331985018e-07	4.439281e-01	4.445424e-01	4.453037e-01
3.162918331985017e-07	4.439284e-01	4.445420e-01	4.453028e-01
3.162988331985015e-07	4.439287e-01	4.445415e-01	4.453019e-01
3.163058331985013e-07	4.439290e-01	4.445411e-01	4.453010e-01
3.163148331985011e-07	4.439296e-01	4.445404e-01	4.452998e-01
3.163238331985008e-07	4.439302e-01	4.445398e-01	4.452987e-01
3.163328331985006e-07	4.439308e-01	4.445392e-01	4.452975e-01
3.163418331985004e-07	4.439316e-01	4.445385e-01	4.452964e-01
3.163508331985002e-07	4.439324e-01	4.445379e-01	4.452952e-01
3.163598331984999e-07	4.439332e-01	4.445372e-01	4.452940e-01
3.163688331984997e-07	4.439341e-01	4.445366e-01	4.452929e-01
3.163698331984997e-07	4.439342e-01	4.445365e-01	4.452927e-01
3.163924046270705e-07	4.439369e-01	4.445348e-01	4.452898e-01
3.164149760556414e-07	4.439396e-01	4.445330e-01	4.452869e-01
3.164375474842122e-07	4.439424e-01	4.445311e-01	4.452839e-01
3.164601189127831e-07	4.439452e-01	4.445292e-01	4.452810e-01
3.164826903413540e-07	4.439480e-01	4.445273e-01	4.452780e-01
3.165052617699248e-07	4.439509e-01	4.445252e-01	4.452750e-01
3.165278331984957e-07	4.439539e-01	4.445232e-01	4.452721e-01
3.165428331984953e-07	4.439557e-01	4.445217e-01	4.452701e-01
3.165578331984949e-07	4.439573e-01	4.445202e-01	4.452681e-01
3.165728331984945e-07	4.439588e-01	4.445187e-01	4.452661e-01
3.165878331984942e-07	4.439603e-01	4.445172e-01	4.452642e-01
3.166028331984938e-07	4.439615e-01	4.445156e-01	4.452622e-01
3.166178331984934e-07	4.439627e-01	4.445140e-01	4.452602e-01
3.166328331984930e-07	4.439637e-01	4.445124e-01	4.452582e-01
3.166426903413499e-07	4.439643e-01	4.445113e-01	4.452569e-01
3.166525474842068e-07	4.439648e-01	4.445101e-01	4.452556e-01
3.166624046270637e-07	4.439652e-01	4.445090e-01	4.452543e-01
3.166722617699206e-07	4.439655e-01	4.445079e-01	4.452530e-01
3.166821189127775e-07	4.439657e-01	4.445067e-01	4.452517e-01
3.166919760556344e-07	4.439659e-01	4.445055e-01	4.452504e-01
3.167018331984913e-07	4.439660e-01	4.445043e-01	4.452491e-01
3.167099760556339e-07	4.439660e-01	4.445033e-01	4.452480e-01
3.167181189127766e-07	4.439660e-01	4.445023e-01	4.452469e-01
3.167262617699192e-07	4.439659e-01	4.445013e-01	4.452459e-01
3.167344046270619e-07	4.439657e-01	4.445002e-01	4.452448e-01
3.167425474842045e-07	4.439655e-01	4.444992e-01	4.452437e-01
3.167506903413472e-07	4.439652e-01	4.444981e-01	4.452426e-01
3.167588331984898e-07	4.439649e-01	4.444970e-01	4.452416e-01
3.167749760556323e-07	4.439640e-01	4.444949e-01	4.452394e-01
3.167911189127747e-07	4.439629e-01	4.444927e-01	4.452373e-01
3.168072617699172e-07	4.439616e-01	4.444905e-01	4.452352e-01
3.168234046270596e-07	4.439601e-01	4.444883e-01	4.452331e-01
3.168395474842021e-07	4.439584e-01	4.444860e-01	4.452309e-01
3.168556903413445e-07	4.439564e-01	4.444837e-01	4.452288e-01
3.168718331984870e-07	4.439543e-01	4.444814e-01	4.452267e-01
3.169004046270577e-07	4.439498e-01	4.444772e-01	4.452230e-01
3.169289760556284e-07	4.439450e-01	4.444729e-01	4.452193e-01
3.169575474841991e-07	4.439397e-01	4.444687e-01	4.452156e-01
3.169861189127698e-07	4.439339e-01	4.444645e-01	4.452119e-01
3.170146903413405e-07	4.439278e-01	4.444603e-01	4.452082e-01
3.170432617699112e-07	4.439212e-01	4.444561e-01	4.452045e-01
3.170718331984819e-07	4.439143e-01	4.444519e-01	4.452009e-01
3.171096903413381e-07	4.439046e-01	4.444464e-01	4.451960e-01
3.171475474841943e-07	4.438952e-01	4.444412e-01	4.451913e-01
3.171854046270504e-07	4.438860e-01	4.444363e-01	4.451865e-01
3.172232617699066e-07	4.438772e-01	4.444317e-01	4.451818e-01
3.172611189127628e-07	4.438686e-01	4.444274e-01	4.451772e-01
3.172989760556190e-07	4.438603e-01	4.444235e-01	4.451725e-01
3.173368331984752e-07	4.438523e-01	4.444198e-01	4.451679e-01
3.173448331984750e-07	4.438508e-01	4.444191e-01	4.451670e-01
3.173528331984748e-07	4.438493e-01	4.444184e-01	4.451660e-01
3.173608331984746e-07	4.438479e-01	4.444178e-01	4.451650e-01
3.173688331984744e-07	4.438465e-01	4.444171e-01	4.451641e-01
3.173768331984742e-07	4.438451e-01	4.444165e-01	4.451631e-01
3.173848331984740e-07	4.438438e-01	4.444159e-01	4.451622e-01
3.173928331984738e-07	4.438425e-01	4.444154e-01	4.451613e-01
3.173938331984737e-07	4.438424e-01	4.444153e-01	4.451611e-01
3.174145474841875e-07	4.438392e-01	4.444139e-01	4.451587e-01
3.174352617699013e-07	4.438365e-01	4.444127e-01	4.451562e-01
3.174559760556150e-07	4.438340e-01	4.444116e-01	4.451538e-01
3.174766903413288e-07	4.438319e-01	4.444107e-01	4.451514e-01
3.174974046270425e-07	4.438302e-01	4.444099e-01	4.451490e-01
3.175181189127563e-07	4.438288e-01	4.444093e-01	4.451466e-01
3.175388331984701e-07	4.438277e-01	4.444089e-01	4.451443e-01
3.175534046270411e-07	4.438272e-01	4.444086e-01	4.451426e-01
3.175679760556122e-07	4.438269e-01	4.444085e-01	4.451410e-01
3.175825474841832e-07	4.438268e-01	4.444084e-01	4.451394e-01
3.175971189127543e-07	4.438269e-01	4.444084e-01	4.451377e-01
3.176116903413254e-07	4.438272e-01	4.444085e-01	4.451361e-01
3.176262617698964e-07	4.438276e-01	4.444086e-01	4.451345e-01
3.176408331984675e-07	4.438283e-01	4.444088e-01	4.451329e-01
3.176646903413240e-07	4.438299e-01	4.444094e-01	4.451303e-01
3.176885474841806e-07	4.438319e-01	4.444101e-01	4.451277e-01
3.177124046270371e-07	4.438345e-01	4.444110e-01	4.451251e-01
3.177362617698936e-07	4.438376e-01	4.444121e-01	4.451226e-01
3.177601189127502e-07	4.438413e-01	4.444133e-01	4.451201e-01
3.177839760556067e-07	4.438455e-01	4.444148e-01	4.451176e-01
3.178078331984632e-07	4.438502e-01	4.444164e-01	4.451152e-01
3.178491189127479e-07	4.438597e-01	4.444197e-01	4.451110e-01
3.178904046270326e-07	4.438704e-01	4.444233e-01	4.451068e-01
3.179316903413173e-07	4.438824e-01	4.444272e-01	4.451028e-01
3.179729760556019e-07	4.438955e-01	4.444314e-01	4.450988e-01
3.180142617698866e-07	4.439099e-01	4.444359e-01	4.450949e-01
3.180555474841713e-07	4.439254e-01	4.444407e-01	4.450911e-01
3.180968331984559e-07	4.439422e-01	4.444458e-01	4.450873e-01
3.181425474841691e-07	4.439618e-01	4.444516e-01	4.450833e-01
3.181882617698822e-07	4.439819e-01	4.444574e-01	4.450793e-01
3.182339760555953e-07	4.440023e-01	4.444630e-01	4.450755e-01
3.182796903413084e-07	4.440231e-01	4.444686e-01	4.450717e-01
3.183254046270216e-07	4.440444e-01	4.444742e-01	4.450681e-01
3.183711189127347e-07	4.440660e-01	4.444796e-01	4.450645e-01
3.184168331984478e-07	4.440880e-01	4.444850e-01	4.450611e-01
3.184178331984478e-07	4.440884e-01	4.444852e-01	4.450610e-01
3.184562617698754e-07	4.441066e-01	4.444894e-01	4.450582e-01
3.184946903413030e-07	4.441243e-01	4.444934e-01	4.450554e-01
3.185331189127306e-07	4.441416e-01	4.444971e-01	4.450527e-01
3.185715474841582e-07	4.441584e-01	4.445006e-01	4.450501e-01
3.186099760555858e-07	4.441747e-01	4.445037e-01	4.450476e-01
3.186484046270134e-07	4.441906e-01	4.445067e-01	4.450451e-01
3.186868331984410e-07	4.442061e-01	4.445093e-01	4.450427e-01
3.187166903412974e-07	4.442175e-01	4.445112e-01	4.450408e-01
3.187465474841537e-07	4.442283e-01	4.445128e-01	4.450391e-01
3.187764046270101e-07	4.442387e-01	4.445142e-01	4.450373e-01
3.188062617698665e-07	4.442485e-01	4.445155e-01	4.450356e-01
3.188361189127229e-07	4.442578e-01	4.445165e-01	4.450339e-01
3.188659760555793e-07	4.442666e-01	4.445174e-01	4.450323e-01
3.188958331984357e-07	4.442749e-01	4.445180e-01	4.450307e-01
3.189184046270065e-07	4.442807e-01	4.445184e-01	4.450295e-01
3.189409760555774e-07	4.442862e-01	4.445187e-01	4.450284e-01
3.189635474841483e-07	4.442914e-01	4.445188e-01	4.450272e-01
3.189861189127191e-07	4.442961e-01	4.445189e-01	4.450261e-01
3.190086903412900e-07	4.443006e-01	4.445189e-01	4.450250e-01
3.190312617698608e-07	4.443046e-01	4.445187e-01	4.450240e-01
3.190538331984317e-07	4.443084e-01	4.445185e-01	4.450229e-01
3.190816903412881e-07	4.443125e-01	4.445180e-01	4.450216e-01
3.191095474841446e-07	4.443160e-01	4.445175e-01	4.450204e-01
3.191374046270010e-07	4.443190e-01	4.445168e-01	4.450192e-01
3.191652617698574e-07	4.443214e-01	4.445160e-01	4.450180e-01
3.191931189127139e-07	4.443233e-01	4.445150e-01	4.450169e-01
3.192209760555703e-07	4.443246e-01	4.445140e-01	4.450158e-01
3.192488331984267e-07	4.443254e-01	4.445128e-01	4.450147e-01
3.192656903412835e-07	4.443256e-01	4.445120e-01	4.450141e-01
3.192825474841402e-07	4.443256e-01	4.445113e-01	4.450135e-01
3.192994046269969e-07	4.443254e-01	4.445104e-01	4.450128e-01
3.193162617698536e-07	4.443251e-01	4.445096e-01	4.450122e-01
3.193331189127103e-07	4.443245e-01	4.445087e-01	4.450116e-01
3.193499760555670e-07	4.443238e-01	4.445078e-01	4.450111e-01
3.193668331984237e-07	4.443228e-01	4.445068e-01	4.450105e-01
3.193774046269949e-07	4.443221e-01	4.445062e-01	4.450101e-01
3.193879760555661e-07	4.443214e-01	4.445056e-01	4.450098e-01
3.193985474841372e-07	4.443206e-01	4.445050e-01	4.450094e-01
3.194091189127084e-07	4.443197e-01	4.445044e-01	4.450091e-01
3.194196903412796e-07	4.443187e-01	4.445037e-01	4.450088e-01
3.194302617698507e-07	4.443177e-01	4.445031e-01	4.450084e-01
3.194408331984219e-07	4.443166e-01	4.445024e-01	4.450081e-01
3.194418331984218e-07	4.443165e-01	4.445024e-01	4.450081e-01
3.195012617698489e-07	4.443086e-01	4.444984e-01	4.450063e-01
3.195606903412760e-07	4.442992e-01	4.444945e-01	4.450046e-01
3.196201189127030e-07	4.442881e-01	4.444906e-01	4.450031e-01
3.196795474841301e-07	4.442754e-01	4.444868e-01	4.450016e-01
3.197389760555572e-07	4.442611e-01	4.444830e-01	4.450003e-01
3.197984046269842e-07	4.442453e-01	4.444792e-01	4.449990e-01
3.198578331984113e-07	4.442278e-01	4.444755e-01	4.449979e-01
3.198998331984102e-07	4.442149e-01	4.444731e-01	4.449972e-01
3.199418331984092e-07	4.442018e-01	4.444709e-01	4.449965e-01
3.199838331984081e-07	4.441885e-01	4.444688e-01	4.449958e-01
3.200258331984071e-07	4.441748e-01	4.444670e-01	4.449952e-01
3.200678331984060e-07	4.441608e-01	4.444653e-01	4.449947e-01
3.201098331984049e-07	4.441466e-01	4.444638e-01	4.449941e-01
3.201518331984039e-07	4.441321e-01	4.444625e-01	4.449937e-01
3.201799760555460e-07	4.441224e-01	4.444618e-01	4.449934e-01
3.202081189126881e-07	4.441127e-01	4.444612e-01	4.449931e-01
3.202362617698303e-07	4.441030e-01	4.444606e-01	4.449928e-01
3.202644046269724e-07	4.440934e-01	4.444602e-01	4.449926e-01
3.202925474841146e-07	4.440838e-01	4.444599e-01	4.449923e-01
3.203206903412567e-07	4.440742e-01	4.444597e-01	4.449921e-01
3.203488331983989e-07	4.440646e-01	4.444596e-01	4.449919e-01
3.203654046269699e-07	4.440591e-01	4.444597e-01	4.449918e-01
3.203819760555409e-07	4.440535e-01	4.444597e-01	4.449917e-01
3.203985474841119e-07	4.440480e-01	4.444598e-01	4.449916e-01
3.204151189126829e-07	4.440426e-01	4.444599e-01	4.449914e-01
3.204316903412539e-07	4.440371e-01	4.444600e-01	4.449914e-01
3.204482617698249e-07	4.440317e-01	4.444602e-01	4.449913e-01
3.204648331983959e-07	4.440264e-01	4.444605e-01	4.449912e-01
3.204658331983959e-07	4.440261e-01	4.444605e-01	4.449912e-01
3.205084046269663e-07	4.440125e-01	4.444612e-01	4.449910e-01
3.205509760555366e-07	4.439993e-01	4.444623e-01	4.449908e-01
3.205935474841070e-07	4.439866e-01	4.444635e-01	4.449906e-01
3.206361189126773e-07	4.439742e-01	4.444650e-01	4.449905e-01
3.206786903412477e-07	4.439623e-01	4.444667e-01	4.449904e-01
3.207212617698180e-07	4.439509e-01	4.444686e-01	4.449903e-01
3.207638331983884e-07	4.439398e-01	4.444708e-01	4.449902e-01
3.208215474841012e-07	4.439257e-01	4.444741e-01	4.449902e-01
3.208792617698140e-07	4.439127e-01	4.444777e-01	4.449902e-01
3.209369760555268e-07	4.439008e-01	4.444815e-01	4.449902e-01
3.209946903412396e-07	4.438900e-01	4.444856e-01	4.449902e-01
3.210524046269525e-07	4.438803e-01	4.444900e-01	4.449903e-01
3.211101189126653e-07	4.438716e-01	4.444947e-01	4.449904e-01
3.211678331983781e-07	4.438641e-01	4.444996e-01	4.449905e-01
3.212119760555199e-07	4.438591e-01	4.445034e-01	4.449906e-01
3.212561189126616e-07	4.438548e-01	4.445073e-01	4.449907e-01
3.213002617698033e-07	4.438511e-01	4.445112e-01	4.449908e-01
3.213444046269451e-07	4.438481e-01	4.445151e-01	4.449909e-01
3.213885474840868e-07	4.438457e-01	4.445191e-01	4.449911e-01
3.214326903412286e-07	4.438439e-01	4.445231e-01	4.449912e-01
3.214768331983703e-07	4.438428e-01	4.445272e-01	4.449913e-01
3.214898331983700e-07	4.438426e-01	4.445283e-01	4.449914e-01
3.215204046269406e-07	4.438423e-01	4.445311e-01	4.449915e-01
3.215509760555113e-07	4.438423e-01	4.445338e-01	4.449916e-01
3.215815474840819e-07	4.438425e-01	4.445366e-01	4.449917e-01
3.216121189126526e-07	4.438431e-01	4.445392e-01	4.449918e-01
3.216426903412232e-07	4.438438e-01	4.445419e-01	4.449919e-01
3.216732617697939e-07	4.438449e-01	4.445445e-01	4.449920e-01
3.217038331983645e-07	4.438462e-01	4.445471e-01	4.449921e-01
3.217524046269347e-07	4.438488e-01	4.445512e-01	4.449923e-01
3.218009760555049e-07	4.438519e-01	4.445551e-01	4.449924e-01
3.218495474840751e-07	4.438556e-01	4.445589e-01	4.449926e-01
3.218981189126453e-07	4.438598e-01	4.445625e-01	4.449928e-01
3.219466903412155e-07	4.438645e-01	4.445660e-01	4.449929e-01
3.219952617697857e-07	4.438697e-01	4.445693e-01	4.449931e-01
3.220438331983559e-07	4.438754e-01	4.445724e-01	4.449933e-01
3.220522617697843e-07	4.438765e-01	4.445729e-01	4.449933e-01
3.220606903412126e-07	4.438775e-01	4.445735e-01	4.449933e-01
3.220691189126410e-07	4.438786e-01	4.445740e-01	4.449934e-01
3.220775474840694e-07	4.438796e-01	4.445745e-01	4.449934e-01
3.220859760554977e-07	4.438807e-01	4.445750e-01	4.449935e-01
3.220944046269261e-07	4.438818e-01	4.445755e-01	4.449935e-01
3.221028331983544e-07	4.438829e-01	4.445760e-01	4.449936e-01
3.221159760554970e-07	4.438846e-01	4.445767e-01	4.449937e-01
3.221291189126395e-07	4.438864e-01	4.445774e-01	4.449938e-01
3.221422617697820e-07	4.438881e-01	4.445781e-01	4.449941e-01
3.221554046269245e-07	4.438900e-01	4.445788e-01	4.449943e-01
3.221685474840670e-07	4.438918e-01	4.445795e-01	4.449946e-01
3.221816903412096e-07	4.438936e-01	4.445802e-01	4.449950e-01
3.221948331983521e-07	4.438955e-01	4.445809e-01	4.449955e-01
3.222071189126375e-07	4.438973e-01	4.445815e-01	4.449960e-01
3.222194046269229e-07	4.438991e-01	4.445821e-01	4.449965e-01
3.222316903412083e-07	4.439009e-01	4.445826e-01	4.449971e-01
3.222439760554937e-07	4.439028e-01	4.445832e-01	4.449978e-01
3.222562617697791e-07	4.439046e-01	4.445837e-01	4.449986e-01
3.222685474840645e-07	4.439065e-01	4.445843e-01	4.449995e-01
3.222808331983499e-07	4.439084e-01	4.445848e-01	4.450004e-01
3.222982617697780e-07	4.439111e-01	4.445855e-01	4.450018e-01
3.223156903412062e-07	4.439138e-01	4.445862e-01	4.450034e-01
3.223331189126343e-07	4.439166e-01	4.445868e-01	4.450049e-01
3.223505474840624e-07	4.439194e-01	4.445874e-01	4.450066e-01
3.223679760554906e-07	4.439223e-01	4.445880e-01	4.450084e-01
3.223854046269187e-07	4.439251e-01	4.445886e-01	4.450102e-01
3.224028331983468e-07	4.439280e-01	4.445891e-01	4.450121e-01
3.224185474840607e-07	4.439307e-01	4.445896e-01	4.450138e-01
3.224342617697746e-07	4.439333e-01	4.445900e-01	4.450154e-01
3.224499760554885e-07	4.439360e-01	4.445904e-01	4.450170e-01
3.224656903412024e-07	4.439386e-01	4.445908e-01	4.450185e-01
3.224814046269163e-07	4.439413e-01	4.445911e-01	4.450199e-01
3.224971189126302e-07	4.439440e-01	4.445915e-01	4.450213e-01
3.225128331983440e-07	4.439468e-01	4.445918e-01	4.450226e-01
3.225138331983440e-07	4.439470e-01	4.445918e-01	4.450227e-01
3.225282617697722e-07	4.439495e-01	4.445921e-01	4.450238e-01
3.225426903412004e-07	4.439520e-01	4.445923e-01	4.450247e-01
3.225571189126286e-07	4.439545e-01	4.445925e-01	4.450255e-01
3.225715474840568e-07	4.439571e-01	4.445927e-01	4.450262e-01
3.225859760554850e-07	4.439596e-01	4.445929e-01	4.450267e-01
3.226004046269133e-07	4.439622e-01	4.445931e-01	4.450271e-01
3.226148331983415e-07	4.439648e-01	4.445932e-01	4.450274e-01
3.226269760554840e-07	4.439669e-01	4.445933e-01	4.450275e-01
3.226391189126266e-07	4.439691e-01	4.445934e-01	4.450275e-01
3.226512617697691e-07	4.439713e-01	4.445935e-01	4.450273e-01
3.226634046269117e-07	4.439735e-01	4.445935e-01	4.450270e-01
3.226755474840542e-07	4.439757e-01	4.445936e-01	4.450266e-01
3.226876903411968e-07	4.439778e-01	4.445936e-01	4.450261e-01
3.226998331983393e-07	4.439800e-01	4.445937e-01	4.450255e-01
3.227181189126246e-07	4.439833e-01	4.445937e-01	4.450242e-01
3.227364046269098e-07	4.439867e-01	4.445936e-01	4.450228e-01
3.227546903411951e-07	4.439900e-01	4.445936e-01	4.450210e-01
3.227729760554803e-07	4.439933e-01	4.445935e-01	4.450190e-01
3.227912617697656e-07	4.439966e-01	4.445934e-01	4.450167e-01
3.228095474840508e-07	4.439999e-01	4.445932e-01	4.450142e-01
3.228278331983361e-07	4.440033e-01	4.445930e-01	4.450114e-01
3.228784046269062e-07	4.440125e-01	4.445924e-01	4.450016e-01
3.229289760554764e-07	4.440216e-01	4.445915e-01	4.449916e-01
3.229795474840465e-07	4.440306e-01	4.445905e-01	4.449813e-01
3.230301189126166e-07	4.440395e-01	4.445892e-01	4.449708e-01
3.230806903411868e-07	4.440484e-01	4.445877e-01	4.449601e-01
3.231312617697569e-07	4.440572e-01	4.445860e-01	4.449491e-01
3.231818331983271e-07	4.440659e-01	4.445842e-01	4.449379e-01
3.232056903411836e-07	4.440699e-01	4.445832e-01	4.449334e-01
3.232295474840402e-07	4.440740e-01	4.445823e-01	4.449293e-01
3.232534046268967e-07	4.440779e-01	4.445813e-01	4.449256e-01
3.232772617697532e-07	4.440819e-01	4.445802e-01	4.449222e-01
3.233011189126098e-07	4.440858e-01	4.445792e-01	4.449192e-01
3.233249760554663e-07	4.440896e-01	4.445781e-01	4.449165e-01
3.233488331983229e-07	4.440935e-01	4.445769e-01	4.449142e-01
3.233661189126081e-07	4.440962e-01	4.445761e-01	4.449128e-01
3.233834046268934e-07	4.440990e-01	4.445752e-01	4.449116e-01
3.234006903411787e-07	4.441017e-01	4.445744e-01	4.449107e-01
3.234179760554640e-07	4.441044e-01	4.445735e-01	4.449100e-01
3.234352617697492e-07	4.441071e-01	4.445726e-01	4.449096e-01
3.234525474840345e-07	4.441097e-01	4.445716e-01	4.449093e-01
3.234698331983198e-07	4.441123e-01	4.445707e-01	4.449093e-01
3.234794046268910e-07	4.441138e-01	4.445702e-01	4.449094e-01
3.234889760554622e-07	4.441152e-01	4.445697e-01	4.449096e-01
3.234985474840334e-07	4.441166e-01	4.445691e-01	4.449098e-01
3.235081189126045e-07	4.441180e-01	4.445686e-01	4.449101e-01
3.235176903411757e-07	4.441195e-01	4.445681e-01	4.449105e-01
3.235272617697469e-07	4.441209e-01	4.445675e-01	4.449109e-01
3.235368331983181e-07	4.441223e-01	4.445670e-01	4.449114e-01
3.235378331983181e-07	4.441224e-01	4.445669e-01	4.449115e-01
3.235666903411745e-07	4.441266e-01	4.445652e-01	4.449135e-01
3.235955474840309e-07	4.441308e-01	4.445636e-01	4.449160e-01
3.236244046268873e-07	4.441348e-01	4.445618e-01	4.449190e-01
3.236532617697437e-07	4.441388e-01	4.445601e-01	4.449225e-01
3.236821189126001e-07	4.441427e-01	4.445583e-01	4.449265e-01
3.237109760554565e-07	4.441466e-01	4.445565e-01	4.449310e-01
3.237398331983130e-07	4.441504e-01	4.445547e-01	4.449359e-01
3.237912617697402e-07	4.441570e-01	4.445514e-01	4.449461e-01
3.238426903411675e-07	4.441634e-01	4.445481e-01	4.449565e-01
3.238941189125948e-07	4.441696e-01	4.445447e-01	4.449671e-01
3.239455474840220e-07	4.441755e-01	4.445414e-01	4.449780e-01
3.239969760554493e-07	4.441813e-01	4.445380e-01	4.449891e-01
3.240484046268766e-07	4.441868e-01	4.445346e-01	4.450004e-01
3.240998331983038e-07	4.441921e-01	4.445311e-01	4.450120e-01
3.241349760554458e-07	4.441957e-01	4.445288e-01	4.450193e-01
3.241701189125878e-07	4.441991e-01	4.445265e-01	4.450261e-01
3.242052617697297e-07	4.442025e-01	4.445242e-01	4.450326e-01
3.242404046268717e-07	4.442057e-01	4.445219e-01	4.450386e-01
3.242755474840137e-07	4.442089e-01	4.445196e-01	4.450442e-01
3.243106903411556e-07	4.442120e-01	4.445173e-01	4.450493e-01
3.243458331982976e-07	4.442149e-01	4.445150e-01	4.450541e-01
3.243754046268683e-07	4.442174e-01	4.445132e-01	4.450575e-01
3.244049760554390e-07	4.442198e-01	4.445113e-01	4.450606e-01
3.244345474840096e-07	4.442221e-01	4.445095e-01	4.450634e-01
3.244641189125803e-07	4.442244e-01	4.445077e-01	4.450657e-01
3.244936903411510e-07	4.442266e-01	4.445059e-01	4.450676e-01
3.245232617697217e-07	4.442288e-01	4.445041e-01	4.450692e-01
3.245528331982924e-07	4.442309e-01	4.445023e-01	4.450703e-01
3.245618331982921e-07	4.442315e-01	4.445018e-01	4.450706e-01
3.245908331982914e-07	4.442335e-01	4.445001e-01	4.450712e-01
3.246198331982907e-07	4.442355e-01	4.444984e-01	4.450715e-01
3.246488331982899e-07	4.442374e-01	4.444968e-01	4.450715e-01
3.246778331982892e-07	4.442393e-01	4.444952e-01	4.450711e-01
3.247068331982885e-07	4.442411e-01	4.444936e-01	4.450704e-01
3.247358331982877e-07	4.442429e-01	4.444920e-01	4.450694e-01
3.247648331982870e-07	4.442447e-01	4.444905e-01	4.450681e-01
3.248339760554281e-07	4.442486e-01	4.444869e-01	4.450633e-01
3.249031189125692e-07	4.442524e-01	4.444835e-01	4.450578e-01
3.249722617697103e-07	4.442560e-01	4.444803e-01	4.450516e-01
3.250414046268514e-07	4.442594e-01	4.444773e-01	4.450448e-01
3.251105474839925e-07	4.442626e-01	4.444745e-01	4.450373e-01
3.251796903411336e-07	4.442657e-01	4.444718e-01	4.450292e-01
3.252488331982747e-07	4.442686e-01	4.444694e-01	4.450203e-01
3.252498331982747e-07	4.442686e-01	4.444693e-01	4.450203e-01
3.252508331982747e-07	4.442687e-01	4.444693e-01	4.450202e-01
3.252518331982746e-07	4.442687e-01	4.444693e-01	4.450200e-01
3.252528331982746e-07	4.442688e-01	4.444692e-01	4.450198e-01
3.252538331982746e-07	4.442688e-01	4.444692e-01	4.450198e-01
3.252568331982745e-07	4.442689e-01	4.444691e-01	4.450194e-01
3.252588331982745e-07	4.442690e-01	4.444690e-01	4.450192e-01
3.252768331982740e-07	4.442698e-01	4.444684e-01	4.450171e-01
3.252948331982736e-07	4.442705e-01	4.444678e-01	4.450150e-01
3.253128331982731e-07	4.442712e-01	4.444673e-01	4.450128e-01
3.253308331982726e-07	4.442719e-01	4.444667e-01	4.450106e-01
3.253488331982722e-07	4.442726e-01	4.444661e-01	4.450084e-01
3.253668331982717e-07	4.442733e-01	4.444656e-01	4.450061e-01
3.253848331982713e-07	4.442740e-01	4.444651e-01	4.450037e-01
3.254011189125566e-07	4.442746e-01	4.444646e-01	4.450015e-01
3.254174046268419e-07	4.442753e-01	4.444642e-01	4.449991e-01
3.254336903411272e-07	4.442759e-01	4.444637e-01	4.449966e-01
3.254499760554125e-07	4.442765e-01	4.444633e-01	4.449940e-01
3.254662617696978e-07	4.442771e-01	4.444629e-01	4.449913e-01
3.254825474839831e-07	4.442777e-01	4.444625e-01	4.449884e-01
3.254988331982684e-07	4.442783e-01	4.444621e-01	4.449854e-01
3.255111189125538e-07	4.442787e-01	4.444618e-01	4.449830e-01
3.255234046268392e-07	4.442791e-01	4.444615e-01	4.449806e-01
3.255356903411246e-07	4.442796e-01	4.444612e-01	4.449781e-01
3.255479760554100e-07	4.442800e-01	4.444609e-01	4.449755e-01
3.255602617696954e-07	4.442804e-01	4.444606e-01	4.449729e-01
3.255725474839808e-07	4.442809e-01	4.444604e-01	4.449702e-01
3.255848331982662e-07	4.442813e-01	4.444601e-01	4.449675e-01
3.255858331982662e-07	4.442813e-01	4.444601e-01	4.449673e-01
3.256208331982653e-07	4.442826e-01	4.444594e-01	4.449588e-01
3.256558331982644e-07	4.442838e-01	4.444587e-01	4.449507e-01
3.256908331982635e-07	4.442850e-01	4.444581e-01	4.449430e-01
3.257258331982626e-07	4.442861e-01	4.444575e-01	4.449357e-01
3.257608331982618e-07	4.442873e-01	4.444570e-01	4.449288e-01
3.257958331982609e-07	4.442884e-01	4.444565e-01	4.449223e-01
3.258308331982600e-07	4.442896e-01	4.444560e-01	4.449162e-01
3.258469760554024e-07	4.442901e-01	4.444558e-01	4.449139e-01
3.258631189125449e-07	4.442906e-01	4.444557e-01	4.449119e-01
3.258792617696873e-07	4.442912e-01	4.444555e-01	4.449102e-01
3.258954046268298e-07	4.442917e-01	4.444553e-01	4.449088e-01
3.259115474839722e-07	4.442922e-01	4.444552e-01	4.449076e-01
3.259276903411147e-07	4.442927e-01	4.444550e-01	4.449067e-01
3.259438331982571e-07	4.442932e-01	4.444549e-01	4.449060e-01
3.259565474839711e-07	4.442936e-01	4.444548e-01	4.449057e-01
3.259692617696850e-07	4.442940e-01	4.444547e-01	4.449056e-01
3.259819760553990e-07	4.442944e-01	4.444546e-01	4.449057e-01
3.259946903411130e-07	4.442948e-01	4.444545e-01	4.449060e-01
3.260074046268269e-07	4.442952e-01	4.444544e-01	4.449065e-01
3.260201189125409e-07	4.442956e-01	4.444544e-01	4.449072e-01
3.260328331982549e-07	4.442960e-01	4.444543e-01	4.449081e-01
3.260532617696829e-07	4.442967e-01	4.444542e-01	4.449099e-01
3.260736903411110e-07	4.442973e-01	4.444541e-01	4.449121e-01
3.260941189125390e-07	4.442980e-01	4.444540e-01	4.449148e-01
3.261145474839671e-07	4.442986e-01	4.444539e-01	4.449180e-01
3.261349760553951e-07	4.442993e-01	4.444539e-01	4.449216e-01
3.261554046268232e-07	4.442999e-01	4.444538e-01	4.449257e-01
3.261758331982512e-07	4.443005e-01	4.444538e-01	4.449302e-01
3.262351189125354e-07	4.443024e-01	4.444537e-01	4.449472e-01
3.262944046268197e-07	4.443043e-01	4.444538e-01	4.449648e-01
3.263536903411039e-07	4.443061e-01	4.444539e-01	4.449831e-01
3.264129760553881e-07	4.443080e-01	4.444541e-01	4.450020e-01
3.264722617696723e-07	4.443099e-01	4.444544e-01	4.450215e-01
3.265315474839565e-07	4.443118e-01	4.444548e-01	4.450416e-01
3.265908331982407e-07	4.443137e-01	4.444552e-01	4.450624e-01
3.266098331982402e-07	4.443144e-01	4.444554e-01	4.450680e-01
3.266378331982395e-07	4.443153e-01	4.444556e-01	4.450761e-01
3.266658331982388e-07	4.443162e-01	4.444558e-01	4.450835e-01
3.266938331982381e-07	4.443171e-01	4.444561e-01	4.450903e-01
3.267218331982374e-07	4.443180e-01	4.444564e-01	4.450964e-01
3.267498331982367e-07	4.443189e-01	4.444566e-01	4.451020e-01
3.267778331982360e-07	4.443198e-01	4.444569e-01	4.451068e-01
3.268058331982353e-07	4.443208e-01	4.444572e-01	4.451111e-01
3.268254046268062e-07	4.443214e-01	4.444574e-01	4.451135e-01
3.268449760553771e-07	4.443221e-01	4.444576e-01	4.451156e-01
3.268645474839481e-07	4.443227e-01	4.444579e-01	4.451173e-01
3.268841189125190e-07	4.443234e-01	4.444581e-01	4.451186e-01
3.269036903410899e-07	4.443240e-01	4.444583e-01	4.451195e-01
3.269232617696609e-07	4.443247e-01	4.444586e-01	4.451201e-01
3.269428331982318e-07	4.443254e-01	4.444588e-01	4.451202e-01
3.269651189125170e-07	4.443261e-01	4.444591e-01	4.451199e-01
3.269874046268021e-07	4.443269e-01	4.444594e-01	4.451191e-01
3.270096903410873e-07	4.443276e-01	4.444597e-01	4.451178e-01
3.270319760553724e-07	4.443284e-01	4.444599e-01	4.451160e-01
3.270542617696576e-07	4.443291e-01	4.444602e-01	4.451137e-01
3.270765474839427e-07	4.443299e-01	4.444605e-01	4.451109e-01
3.270988331982279e-07	4.443306e-01	4.444608e-01	4.451077e-01
3.271436903410839e-07	4.443322e-01	4.444615e-01	4.450995e-01
3.271885474839399e-07	4.443337e-01	4.444621e-01	4.450899e-01
3.272334046267959e-07	4.443353e-01	4.444627e-01	4.450788e-01
3.272782617696519e-07	4.443368e-01	4.444634e-01	4.450664e-01
3.273231189125079e-07	4.443384e-01	4.444640e-01	4.450526e-01
3.273679760553639e-07	4.443399e-01	4.444647e-01	4.450374e-01
3.274128331982199e-07	4.443415e-01	4.444653e-01	4.450207e-01
3.274442617696477e-07	4.443426e-01	4.444658e-01	4.450087e-01
3.274756903410754e-07	4.443437e-01	4.444663e-01	4.449964e-01
3.275071189125032e-07	4.443448e-01	4.444667e-01	4.449839e-01
3.275385474839310e-07	4.443459e-01	4.444672e-01	4.449712e-01
3.275699760553588e-07	4.443470e-01	4.444676e-01	4.449582e-01
3.276014046267865e-07	4.443481e-01	4.444681e-01	4.449450e-01
3.276328331982143e-07	4.443492e-01	4.444685e-01	4.449316e-01
3.276338331982143e-07	4.443492e-01	4.444686e-01	4.449311e-01
3.276875474839272e-07	4.443511e-01	4.444693e-01	4.449079e-01
3.277412617696401e-07	4.443529e-01	4.444701e-01	4.448852e-01
3.277949760553531e-07	4.443548e-01	4.444709e-01	4.448632e-01
3.278486903410660e-07	4.443567e-01	4.444716e-01	4.448417e-01
3.279024046267789e-07	4.443585e-01	4.444723e-01	4.448209e-01
3.279561189124918e-07	4.443604e-01	4.444731e-01	4.448007e-01
3.280098331982048e-07	4.443622e-01	4.444738e-01	4.447811e-01
3.280581189124893e-07	4.443638e-01	4.444744e-01	4.447647e-01
3.281064046267738e-07	4.443655e-01	4.444750e-01	4.447495e-01
3.281546903410582e-07	4.443671e-01	4.444756e-01	4.447354e-01
3.282029760553427e-07	4.443687e-01	4.444761e-01	4.447224e-01
3.282512617696272e-07	4.443703e-01	4.444767e-01	4.447105e-01
3.282995474839117e-07	4.443719e-01	4.444772e-01	4.446998e-01
3.283478331981962e-07	4.443735e-01	4.444778e-01	4.446901e-01
3.283915474839094e-07	4.443749e-01	4.444782e-01	4.446825e-01
3.284352617696226e-07	4.443763e-01	4.444787e-01	4.446758e-01
3.284789760553357e-07	4.443777e-01	4.444791e-01	4.446701e-01
3.285226903410489e-07	4.443791e-01	4.444795e-01	4.446653e-01
3.285664046267621e-07	4.443805e-01	4.444799e-01	4.446614e-01
3.286101189124753e-07	4.443818e-01	4.444803e-01	4.446585e-01
3.286538331981885e-07	4.443832e-01	4.444807e-01	4.446564e-01
3.286578331981884e-07	4.443833e-01	4.444807e-01	4.446563e-01
3.287058331981871e-07	4.443847e-01	4.444811e-01	4.446552e-01
3.287538331981859e-07	4.443862e-01	4.444815e-01	4.446549e-01
3.288018331981847e-07	4.443876e-01	4.444818e-01	4.446555e-01
3.288498331981835e-07	4.443890e-01	4.444822e-01	4.446569e-01
3.288978331981823e-07	4.443904e-01	4.444825e-01	4.446592e-01
3.289458331981811e-07	4.443917e-01	4.444828e-01	4.446622e-01
3.289938331981798e-07	4.443931e-01	4.444831e-01	4.446661e-01
3.290759760553206e-07	4.443953e-01	4.444835e-01	4.446747e-01
3.291581189124614e-07	4.443975e-01	4.444839e-01	4.446843e-01
3.292402617696022e-07	4.443996e-01	4.444842e-01	4.446947e-01
3.293224046267429e-07	4.444017e-01	4.444845e-01	4.447061e-01
3.294045474838837e-07	4.444037e-01	4.444848e-01	4.447184e-01
3.294866903410245e-07	4.444056e-01	4.444850e-01	4.447316e-01
3.295688331981653e-07	4.444075e-01	4.444852e-01	4.447457e-01
3.295848331981649e-07	4.444079e-01	4.444852e-01	4.447483e-01
3.296008331981645e-07	4.444082e-01	4.444852e-01	4.447510e-01
3.296168331981641e-07	4.444086e-01	4.444853e-01	4.447536e-01
3.296328331981636e-07	4.444089e-01	4.444853e-01	4.447562e-01
3.296488331981632e-07	4.444093e-01	4.444853e-01	4.447589e-01
3.296648331981628e-07	4.444096e-01	4.444853e-01	4.447615e-01
3.296808331981624e-07	4.444099e-01	4.444854e-01	4.447642e-01
3.296818331981624e-07	4.444100e-01	4.444854e-01	4.447643e-01
3.297566903410177e-07	4.444115e-01	4.444855e-01	4.447768e-01
3.298315474838729e-07	4.444131e-01	4.444855e-01	4.447887e-01
3.299064046267281e-07	4.444145e-01	4.444856e-01	4.448001e-01
3.299812617695834e-07	4.444159e-01	4.444856e-01	4.448110e-01
3.300561189124386e-07	4.444173e-01	4.444856e-01	4.448214e-01
3.301309760552939e-07	4.444186e-01	4.444855e-01	4.448312e-01
3.302058331981491e-07	4.444199e-01	4.444855e-01	4.448405e-01
3.302771189124330e-07	4.444210e-01	4.444854e-01	4.448485e-01
3.303484046267169e-07	4.444222e-01	4.444854e-01	4.448557e-01
3.304196903410009e-07	4.444232e-01	4.444853e-01	4.448620e-01
3.304909760552848e-07	4.444243e-01	4.444852e-01	4.448676e-01
3.305622617695687e-07	4.444253e-01	4.444852e-01	4.448724e-01
3.306335474838526e-07	4.444262e-01	4.444851e-01	4.448763e-01
3.307048331981365e-07	4.444271e-01	4.444849e-01	4.448795e-01
3.307058331981365e-07	4.444272e-01	4.444849e-01	4.448795e-01
3.307745474838490e-07	4.444280e-01	4.444848e-01	4.448816e-01
3.308432617695616e-07	4.444288e-01	4.444847e-01	4.448830e-01
3.309119760552741e-07	4.444296e-01	4.444846e-01	4.448836e-01
3.309806903409866e-07	4.444304e-01	4.444845e-01	4.448835e-01
3.310494046266992e-07	4.444311e-01	4.444844e-01	4.448826e-01
3.311181189124117e-07	4.444318e-01	4.444843e-01	4.448810e-01
3.311868331981243e-07	4.444325e-01	4.444842e-01	4.448786e-01
3.311905474838385e-07	4.444326e-01	4.444842e-01	4.448784e-01
3.311942617695527e-07	4.444326e-01	4.444842e-01	4.448783e-01
3.311979760552669e-07	4.444326e-01	4.444842e-01	4.448781e-01
3.312016903409810e-07	4.444327e-01	4.444842e-01	4.448780e-01
3.312054046266952e-07	4.444327e-01	4.444842e-01	4.448778e-01
3.312091189124094e-07	4.444327e-01	4.444842e-01	4.448776e-01
3.312128331981236e-07	4.444327e-01	4.444842e-01	4.448775e-01
3.312162617695521e-07	4.444327e-01	4.444842e-01	4.448773e-01
3.312196903409806e-07	4.444327e-01	4.444842e-01	4.448772e-01
3.312231189124091e-07	4.444327e-01	4.444842e-01	4.448770e-01
3.312265474838376e-07	4.444327e-01	4.444842e-01	4.448769e-01
3.312299760552660e-07	4.444327e-01	4.444842e-01	4.448767e-01
3.312334046266945e-07	4.444327e-01	4.444842e-01	4.448766e-01
3.312368331981230e-07	4.444326e-01	4.444841e-01	4.448764e-01
3.312419760552657e-07	4.444326e-01	4.444841e-01	4.448762e-01
3.312471189124085e-07	4.444325e-01	4.444841e-01	4.448759e-01
3.312522617695512e-07	4.444324e-01	4.444841e-01	4.448757e-01
3.312574046266939e-07	4.444323e-01	4.444841e-01	4.448754e-01
3.312625474838366e-07	4.444321e-01	4.444841e-01	4.448751e-01
3.312676903409794e-07	4.444320e-01	4.444841e-01	4.448749e-01
3.312728331981221e-07	4.444318e-01	4.444841e-01	4.448746e-01
3.312808331981219e-07	4.444314e-01	4.444841e-01	4.448742e-01
3.312888331981217e-07	4.444310e-01	4.444840e-01	4.448738e-01
3.312968331981215e-07	4.444306e-01	4.444840e-01	4.448733e-01
3.313048331981213e-07	4.444301e-01	4.444840e-01	4.448729e-01
3.313128331981211e-07	4.444295e-01	4.444839e-01	4.448724e-01
3.313208331981209e-07	4.444289e-01	4.444839e-01	4.448719e-01
3.313288331981207e-07	4.444283e-01	4.444839e-01	4.448715e-01
3.313406903409775e-07	4.444272e-01	4.444838e-01	4.448707e-01
3.313525474838344e-07	4.444260e-01	4.444837e-01	4.448700e-01
3.313644046266912e-07	4.444247e-01	4.444837e-01	4.448692e-01
3.313762617695481e-07	4.444233e-01	4.444836e-01	4.448685e-01
3.313881189124049e-07	4.444219e-01	4.444835e-01	4.448677e-01
3.313999760552617e-07	4.444203e-01	4.444834e-01	4.448668e-01
3.314118331981186e-07	4.444187e-01	4.444833e-01	4.448660e-01
3.314284046266896e-07	4.444163e-01	4.444832e-01	4.448648e-01
3.314449760552606e-07	4.444139e-01	4.444830e-01	4.448636e-01
3.314615474838316e-07	4.444115e-01	4.444829e-01	4.448623e-01
3.314781189124026e-07	4.444091e-01	4.444827e-01	4.448610e-01
3.314946903409736e-07	4.444067e-01	4.444826e-01	4.448596e-01
3.315112617695446e-07	4.444043e-01	4.444824e-01	4.448583e-01
3.315278331981156e-07	4.444019e-01	4.444822e-01	4.448569e-01
3.315429760552581e-07	4.443998e-01	4.444821e-01	4.448555e-01
3.315581189124006e-07	4.443978e-01	4.444820e-01	4.448542e-01
3.315732617695431e-07	4.443961e-01	4.444819e-01	4.448528e-01
3.315884046266855e-07	4.443944e-01	4.444818e-01	4.448514e-01
3.316035474838280e-07	4.443929e-01	4.444817e-01	4.448500e-01
3.316186903409705e-07	4.443916e-01	4.444816e-01	4.448485e-01
3.316338331981130e-07	4.443904e-01	4.444816e-01	4.448470e-01
3.316435474838270e-07	4.443897e-01	4.444815e-01	4.448461e-01
3.316532617695410e-07	4.443891e-01	4.444815e-01	4.448451e-01
3.316629760552551e-07	4.443887e-01	4.444815e-01	4.448441e-01
3.316726903409691e-07	4.443883e-01	4.444815e-01	4.448432e-01
3.316824046266832e-07	4.443880e-01	4.444815e-01	4.448421e-01
3.316921189123972e-07	4.443877e-01	4.444815e-01	4.448411e-01
3.317018331981112e-07	4.443876e-01	4.444816e-01	4.448401e-01
3.317056903409683e-07	4.443876e-01	4.444816e-01	4.448397e-01
3.317095474838253e-07	4.443876e-01	4.444816e-01	4.448393e-01
3.317134046266824e-07	4.443876e-01	4.444816e-01	4.448389e-01
3.317172617695394e-07	4.443876e-01	4.444817e-01	4.448384e-01
3.317211189123965e-07	4.443877e-01	4.444817e-01	4.448380e-01
3.317249760552535e-07	4.443877e-01	4.444817e-01	4.448376e-01
3.317288331981105e-07	4.443878e-01	4.444817e-01	4.448372e-01
3.317298331981105e-07	4.443878e-01	4.444817e-01	4.448371e-01
3.317421189123959e-07	4.443882e-01	4.444818e-01	4.448357e-01
3.317544046266813e-07	4.443886e-01	4.444819e-01	4.448344e-01
3.317666903409667e-07	4.443893e-01	4.444821e-01	4.448330e-01
3.317789760552521e-07	4.443901e-01	4.444822e-01	4.448316e-01
3.317912617695375e-07	4.443910e-01	4.444824e-01	4.448302e-01
3.318035474838229e-07	4.443922e-01	4.444826e-01	4.448288e-01
3.318158331981083e-07	4.443934e-01	4.444828e-01	4.448273e-01
3.318358331981078e-07	4.443959e-01	4.444832e-01	4.448250e-01
3.318558331981073e-07	4.443986e-01	4.444836e-01	4.448226e-01
3.318758331981068e-07	4.444018e-01	4.444841e-01	4.448201e-01
3.318958331981063e-07	4.444052e-01	4.444846e-01	4.448176e-01
3.319158331981058e-07	4.444090e-01	4.444851e-01	4.448151e-01
3.319358331981053e-07	4.444132e-01	4.444857e-01	4.448126e-01
3.319558331981048e-07	4.444177e-01	4.444863e-01	4.448100e-01
3.319952617695324e-07	4.444277e-01	4.444876e-01	4.448048e-01
3.320346903409599e-07	4.444381e-01	4.444890e-01	4.447995e-01
3.320741189123875e-07	4.444488e-01	4.444902e-01	4.447940e-01
3.321135474838151e-07	4.444599e-01	4.444914e-01	4.447885e-01
3.321529760552427e-07	4.444712e-01	4.444926e-01	4.447829e-01
3.321924046266702e-07	4.444828e-01	4.444937e-01	4.447771e-01
3.322318331980978e-07	4.444948e-01	4.444947e-01	4.447713e-01
3.322492617695259e-07	4.444997e-01	4.444951e-01	4.447686e-01
3.322666903409541e-07	4.445046e-01	4.444954e-01	4.447660e-01
3.322841189123822e-07	4.445092e-01	4.444957e-01	4.447634e-01
3.323015474838103e-07	4.445138e-01	4.444959e-01	4.447607e-01
3.323189760552385e-07	4.445182e-01	4.444961e-01	4.447580e-01
3.323364046266666e-07	4.445225e-01	4.444962e-01	4.447554e-01
3.323538331980947e-07	4.445267e-01	4.444963e-01	4.447527e-01
3.323665474838087e-07	4.445296e-01	4.444964e-01	4.447507e-01
3.323792617695226e-07	4.445324e-01	4.444964e-01	4.447487e-01
3.323919760552366e-07	4.445350e-01	4.444964e-01	4.447467e-01
3.324046903409506e-07	4.445376e-01	4.444963e-01	4.447447e-01
3.324174046266645e-07	4.445401e-01	4.444962e-01	4.447427e-01
3.324301189123785e-07	4.445424e-01	4.444961e-01	4.447407e-01
3.324428331980925e-07	4.445446e-01	4.444960e-01	4.447387e-01
3.324635474838062e-07	4.445480e-01	4.444957e-01	4.447354e-01
3.324842617695200e-07	4.445510e-01	4.444953e-01	4.447321e-01
3.325049760552337e-07	4.445537e-01	4.444948e-01	4.447287e-01
3.325256903409475e-07	4.445560e-01	4.444943e-01	4.447254e-01
3.325464046266613e-07	4.445580e-01	4.444937e-01	4.447220e-01
3.325671189123750e-07	4.445596e-01	4.444930e-01	4.447187e-01
3.325878331980888e-07	4.445608e-01	4.444923e-01	4.447153e-01
3.325982617695171e-07	4.445613e-01	4.444919e-01	4.447136e-01
3.326086903409454e-07	4.445616e-01	4.444914e-01	4.447119e-01
3.326191189123737e-07	4.445619e-01	4.444910e-01	4.447102e-01
3.326295474838020e-07	4.445621e-01	4.444905e-01	4.447085e-01
3.326399760552303e-07	4.445622e-01	4.444901e-01	4.447068e-01
3.326504046266586e-07	4.445622e-01	4.444896e-01	4.447050e-01
3.326608331980869e-07	4.445621e-01	4.444891e-01	4.447033e-01
3.326739760552295e-07	4.445618e-01	4.444884e-01	4.447012e-01
3.326871189123720e-07	4.445614e-01	4.444877e-01	4.446990e-01
3.327002617695145e-07	4.445608e-01	4.444870e-01	4.446968e-01
3.327134046266570e-07	4.445601e-01	4.444863e-01	4.446947e-01
3.327265474837996e-07	4.445592e-01	4.444855e-01	4.446925e-01
3.327396903409421e-07	4.445582e-01	4.444848e-01	4.446903e-01
3.327528331980846e-07	4.445571e-01	4.444840e-01	4.446881e-01
3.327538331980846e-07	4.445570e-01	4.444839e-01	4.446879e-01
3.327854046266552e-07	4.445535e-01	4.444819e-01	4.446827e-01
3.328169760552258e-07	4.445494e-01	4.444799e-01	4.446774e-01
3.328485474837965e-07	4.445446e-01	4.444778e-01	4.446722e-01
3.328801189123671e-07	4.445391e-01	4.444757e-01	4.446670e-01
3.329116903409377e-07	4.445329e-01	4.444736e-01	4.446617e-01
3.329432617695083e-07	4.445261e-01	4.444715e-01	4.446565e-01
3.329748331980790e-07	4.445186e-01	4.444693e-01	4.446512e-01
3.330115474837923e-07	4.445091e-01	4.444668e-01	4.446451e-01
3.330482617695057e-07	4.444993e-01	4.444644e-01	4.446390e-01
3.330849760552190e-07	4.444891e-01	4.444622e-01	4.446330e-01
3.331216903409324e-07	4.444785e-01	4.444601e-01	4.446270e-01
3.331584046266458e-07	4.444675e-01	4.444581e-01	4.446210e-01
3.331951189123591e-07	4.444562e-01	4.444563e-01	4.446150e-01
3.332318331980725e-07	4.444445e-01	4.444546e-01	4.446090e-01
3.332559760552147e-07	4.444369e-01	4.444537e-01	4.446051e-01
3.332801189123570e-07	4.444294e-01	4.444529e-01	4.446012e-01
3.333042617694992e-07	4.444219e-01	4.444521e-01	4.445974e-01
3.333284046266414e-07	4.444144e-01	4.444515e-01	4.445935e-01
3.333525474837837e-07	4.444070e-01	4.444510e-01	4.445897e-01
3.333766903409259e-07	4.443997e-01	4.444506e-01	4.445859e-01
3.334008331980682e-07	4.443925e-01	4.444503e-01	4.445821e-01
3.334188331980677e-07	4.443872e-01	4.444501e-01	4.445793e-01
3.334368331980673e-07	4.443820e-01	4.444500e-01	4.445765e-01
3.334548331980668e-07	4.443769e-01	4.444500e-01	4.445737e-01
3.334728331980664e-07	4.443719e-01	4.444501e-01	4.445709e-01
3.334908331980659e-07	4.443671e-01	4.444502e-01	4.445682e-01
3.335088331980654e-07	4.443623e-01	4.444504e-01	4.445654e-01
3.335268331980650e-07	4.443576e-01	4.444506e-01	4.445627e-01
3.335556903409214e-07	4.443504e-01	4.444512e-01	4.445583e-01
3.335845474837778e-07	4.443436e-01	4.444519e-01	4.445540e-01
3.336134046266342e-07	4.443372e-01	4.444528e-01	4.445497e-01
3.336422617694906e-07	4.443312e-01	4.444538e-01	4.445455e-01
3.336711189123471e-07	4.443256e-01	4.444550e-01	4.445413e-01
3.336999760552035e-07	4.443204e-01	4.444564e-01	4.445371e-01
3.337288331980599e-07	4.443156e-01	4.444579e-01	4.445330e-01
3.337778331980586e-07	4.443087e-01	4.444608e-01	4.445261e-01
3.338035474837723e-07	4.443056e-01	4.444625e-01	4.445225e-01
3.338292617694859e-07	4.443029e-01	4.444643e-01	4.445190e-01
3.338549760551995e-07	4.443005e-01	4.444661e-01	4.445154e-01
3.338806903409132e-07	4.442986e-01	4.444681e-01	4.445120e-01
3.339064046266268e-07	4.442971e-01	4.444701e-01	4.445085e-01
3.339321189123404e-07	4.442959e-01	4.444722e-01	4.445051e-01
3.339578331980541e-07	4.442951e-01	4.444744e-01	4.445018e-01
3.339745474837679e-07	4.442949e-01	4.444759e-01	4.444996e-01
3.339912617694818e-07	4.442947e-01	4.444773e-01	4.444975e-01
3.340079760551957e-07	4.442948e-01	4.444788e-01	4.444954e-01
3.340246903409095e-07	4.442950e-01	4.444803e-01	4.444933e-01
3.340414046266234e-07	4.442953e-01	4.444819e-01	4.444912e-01
3.340581189123372e-07	4.442958e-01	4.444834e-01	4.444891e-01
3.340748331980511e-07	4.442965e-01	4.444850e-01	4.444870e-01
3.341118331980502e-07	4.442986e-01	4.444885e-01	4.444825e-01
3.341488331980492e-07	4.443014e-01	4.444921e-01	4.444781e-01
3.341858331980483e-07	4.443048e-01	4.444956e-01	4.444737e-01
3.342228331980474e-07	4.443089e-01	4.444991e-01	4.444695e-01
3.342598331980464e-07	4.443136e-01	4.445026e-01	4.444653e-01
3.342968331980455e-07	4.443190e-01	4.445061e-01	4.444612e-01
3.343338331980445e-07	4.443250e-01	4.445096e-01	4.444573e-01
3.343424046266158e-07	4.443265e-01	4.445104e-01	4.444564e-01
3.343509760551870e-07	4.443280e-01	4.445111e-01	4.444555e-01
3.343595474837582e-07	4.443295e-01	4.445119e-01	4.444546e-01
3.343681189123294e-07	4.443310e-01	4.445127e-01	4.444537e-01
3.343766903409006e-07	4.443326e-01	4.445135e-01	4.444528e-01
3.343852617694718e-07	4.443342e-01	4.445142e-01	4.444519e-01
3.343938331980430e-07	4.443358e-01	4.445150e-01	4.444510e-01
3.343958331980430e-07	4.443362e-01	4.445151e-01	4.444508e-01
3.343968331980429e-07	4.443364e-01	4.445153e-01	4.444507e-01
3.343988331980429e-07	4.443368e-01	4.445153e-01	4.444505e-01
3.344008331980428e-07	4.443372e-01	4.445157e-01	4.444503e-01
3.344028331980428e-07	4.443375e-01	4.445157e-01	4.444501e-01
3.344111189123283e-07	4.443392e-01	4.445164e-01	4.444492e-01
3.344194046266138e-07	4.443408e-01	4.445171e-01	4.444484e-01
3.344276903408993e-07	4.443424e-01	4.445178e-01	4.444475e-01
3.344359760551848e-07	4.443441e-01	4.445184e-01	4.444467e-01
3.344442617694703e-07	4.443458e-01	4.445190e-01	4.444459e-01
3.344525474837558e-07	4.443475e-01	4.445196e-01	4.444451e-01
3.344608331980413e-07	4.443493e-01	4.445201e-01	4.444442e-01
3.344688331980411e-07	4.443510e-01	4.445206e-01	4.444435e-01
3.344768331980409e-07	4.443527e-01	4.445210e-01	4.444427e-01
3.344848331980407e-07	4.443544e-01	4.445214e-01	4.444419e-01
3.344928331980405e-07	4.443562e-01	4.445218e-01	4.444411e-01
3.345008331980403e-07	4.443580e-01	4.445222e-01	4.444404e-01
3.345088331980401e-07	4.443597e-01	4.445224e-01	4.444396e-01
3.345168331980399e-07	4.443615e-01	4.445227e-01	4.444388e-01
3.345231189123255e-07	4.443630e-01	4.445229e-01	4.444383e-01
3.345294046266110e-07	4.443644e-01	4.445230e-01	4.444377e-01
3.345356903408966e-07	4.443658e-01	4.445231e-01	4.444371e-01
3.345419760551821e-07	4.443673e-01	4.445232e-01	4.444365e-01
3.345482617694677e-07	4.443688e-01	4.445233e-01	4.444359e-01
3.345545474837532e-07	4.443702e-01	4.445234e-01	4.444353e-01
3.345608331980388e-07	4.443717e-01	4.445234e-01	4.444347e-01
3.345678331980386e-07	4.443734e-01	4.445234e-01	4.444341e-01
3.345748331980384e-07	4.443751e-01	4.445234e-01	4.444335e-01
3.345818331980383e-07	4.443768e-01	4.445233e-01	4.444328e-01
3.345888331980381e-07	4.443784e-01	4.445232e-01	4.444322e-01
3.345958331980379e-07	4.443801e-01	4.445231e-01	4.444316e-01
3.346028331980377e-07	4.443818e-01	4.445230e-01	4.444310e-01
3.346098331980376e-07	4.443836e-01	4.445229e-01	4.444303e-01
3.346314046266084e-07	4.443889e-01	4.445222e-01	4.444284e-01
3.346529760551793e-07	4.443944e-01	4.445214e-01	4.444266e-01
3.346745474837502e-07	4.443999e-01	4.445206e-01	4.444247e-01
3.346961189123211e-07	4.444055e-01	4.445197e-01	4.444229e-01
3.347176903408920e-07	4.444111e-01	4.445187e-01	4.444212e-01
3.347392617694628e-07	4.444168e-01	4.445177e-01	4.444194e-01
3.347608331980337e-07	4.444226e-01	4.445165e-01	4.444177e-01
3.347665474837479e-07	4.444242e-01	4.445163e-01	4.444173e-01
3.347722617694620e-07	4.444257e-01	4.445160e-01	4.444168e-01
3.347779760551762e-07	4.444273e-01	4.445157e-01	4.444164e-01
3.347836903408903e-07	4.444288e-01	4.445155e-01	4.444159e-01
3.347894046266044e-07	4.444303e-01	4.445152e-01	4.444155e-01
3.347951189123186e-07	4.444319e-01	4.445150e-01	4.444151e-01
3.348008331980327e-07	4.444335e-01	4.445148e-01	4.444146e-01
3.348018331980327e-07	4.444337e-01	4.445147e-01	4.444146e-01
3.348139760551752e-07	4.444370e-01	4.445142e-01	4.444136e-01
3.348261189123178e-07	4.444403e-01	4.445138e-01	4.444127e-01
3.348382617694603e-07	4.444437e-01	4.445134e-01	4.444118e-01
3.348504046266029e-07	4.444470e-01	4.445130e-01	4.444110e-01
3.348625474837454e-07	4.444504e-01	4.445127e-01	4.444101e-01
3.348746903408880e-07	4.444537e-01	4.445124e-01	4.444092e-01
3.348868331980305e-07	4.444571e-01	4.445122e-01	4.444083e-01
3.348941189123161e-07	4.444591e-01	4.445120e-01	4.444078e-01
3.349014046266016e-07	4.444611e-01	4.445120e-01	4.444073e-01
3.349086903408871e-07	4.444631e-01	4.445119e-01	4.444068e-01
3.349159760551727e-07	4.444651e-01	4.445118e-01	4.444063e-01
3.349232617694582e-07	4.444671e-01	4.445118e-01	4.444058e-01
3.349305474837437e-07	4.444691e-01	4.445118e-01	4.444053e-01
3.349378331980292e-07	4.444711e-01	4.445118e-01	4.444048e-01
3.349479760551718e-07	4.444739e-01	4.445119e-01	4.444042e-01
3.349581189123144e-07	4.444766e-01	4.445120e-01	4.444035e-01
3.349682617694570e-07	4.444794e-01	4.445121e-01	4.444028e-01
3.349784046265996e-07	4.444822e-01	4.445123e-01	4.444022e-01
3.349885474837422e-07	4.444849e-01	4.445125e-01	4.444015e-01
3.349986903408848e-07	4.444877e-01	4.445128e-01	4.444009e-01
3.350088331980274e-07	4.444904e-01	4.445131e-01	4.444003e-01
3.350262617694556e-07	4.444951e-01	4.445137e-01	4.443992e-01
3.350436903408837e-07	4.444997e-01	4.445145e-01	4.443981e-01
3.350611189123118e-07	4.445043e-01	4.445153e-01	4.443970e-01
3.350785474837400e-07	4.445088e-01	4.445163e-01	4.443960e-01
3.350959760551681e-07	4.445132e-01	4.445174e-01	4.443950e-01
3.351134046265962e-07	4.445176e-01	4.445186e-01	4.443940e-01
3.351308331980244e-07	4.445220e-01	4.445200e-01	4.443931e-01
3.351716903408805e-07	4.445320e-01	4.445237e-01	4.443909e-01
3.352125474837366e-07	4.445413e-01	4.445276e-01	4.443888e-01
3.352534046265927e-07	4.445501e-01	4.445317e-01	4.443868e-01
3.352942617694488e-07	4.445582e-01	4.445359e-01	4.443849e-01
3.353351189123049e-07	4.445656e-01	4.445403e-01	4.443831e-01
3.353759760551610e-07	4.445725e-01	4.445449e-01	4.443814e-01
3.354168331980171e-07	4.445787e-01	4.445497e-01	4.443798e-01
3.354442617694450e-07	4.445823e-01	4.445526e-01	4.443788e-01
3.354716903408729e-07	4.445856e-01	4.445554e-01	4.443778e-01
3.354991189123007e-07	4.445885e-01	4.445580e-01	4.443769e-01
3.355265474837286e-07	4.445910e-01	4.445604e-01	4.443760e-01
3.355539760551565e-07	4.445932e-01	4.445626e-01	4.443751e-01
3.355814046265844e-07	4.445949e-01	4.445646e-01	4.443743e-01
3.356088331980122e-07	4.445964e-01	4.445664e-01	4.443735e-01
3.356238331980119e-07	4.445970e-01	4.445672e-01	4.443731e-01
3.356388331980115e-07	4.445975e-01	4.445680e-01	4.443727e-01
3.356538331980111e-07	4.445978e-01	4.445687e-01	4.443723e-01
3.356688331980107e-07	4.445981e-01	4.445692e-01	4.443720e-01
3.356838331980103e-07	4.445983e-01	4.445697e-01	4.443716e-01
3.356988331980100e-07	4.445983e-01	4.445701e-01	4.443713e-01
3.357138331980096e-07	4.445983e-01	4.445705e-01	4.443709e-01
3.357275474837235e-07	4.445982e-01	4.445706e-01	4.443706e-01
3.357412617694375e-07	4.445979e-01	4.445707e-01	4.443703e-01
3.357549760551514e-07	4.445976e-01	4.445708e-01	4.443700e-01
3.357686903408653e-07	4.445973e-01	4.445707e-01	4.443697e-01
3.357824046265793e-07	4.445968e-01	4.445706e-01	4.443695e-01
3.357961189122932e-07	4.445962e-01	4.445703e-01	4.443692e-01
3.358098331980072e-07	4.445956e-01	4.445700e-01	4.443690e-01
3.358258331980067e-07	4.445948e-01	4.445695e-01	4.443687e-01
3.358508331980061e-07	4.445932e-01	4.445685e-01	4.443683e-01
3.358758331980055e-07	4.445915e-01	4.445673e-01	4.443679e-01
3.359008331980048e-07	4.445896e-01	4.445657e-01	4.443676e-01
3.359258331980042e-07	4.445874e-01	4.445639e-01	4.443672e-01
3.359508331980036e-07	4.445851e-01	4.445617e-01	4.443669e-01
3.359758331980029e-07	4.445825e-01	4.445593e-01	4.443667e-01
3.360008331980023e-07	4.445797e-01	4.445567e-01	4.443664e-01
3.360441189122869e-07	4.445744e-01	4.445513e-01	4.443661e-01
3.360874046265715e-07	4.445689e-01	4.445453e-01	4.443658e-01
3.361306903408562e-07	4.445632e-01	4.445387e-01	4.443656e-01
3.361739760551408e-07	4.445572e-01	4.445315e-01	4.443654e-01
3.362172617694254e-07	4.445511e-01	4.445238e-01	4.443653e-01
3.362605474837100e-07	4.445447e-01	4.445154e-01	4.443653e-01
3.363038331979946e-07	4.445381e-01	4.445065e-01	4.443654e-01
3.363466903408507e-07	4.445317e-01	4.444972e-01	4.443655e-01
3.363895474837067e-07	4.445255e-01	4.444880e-01	4.443657e-01
3.364324046265628e-07	4.445195e-01	4.444786e-01	4.443659e-01
3.364752617694189e-07	4.445138e-01	4.444691e-01	4.443662e-01
3.365181189122749e-07	4.445083e-01	4.444596e-01	4.443665e-01
3.365609760551310e-07	4.445030e-01	4.444500e-01	4.443669e-01
3.366038331979870e-07	4.444979e-01	4.444403e-01	4.443673e-01
3.366388331979861e-07	4.444941e-01	4.444326e-01	4.443677e-01
3.366738331979853e-07	4.444906e-01	4.444251e-01	4.443682e-01
3.367088331979844e-07	4.444874e-01	4.444179e-01	4.443686e-01
3.367438331979835e-07	4.444845e-01	4.444108e-01	4.443691e-01
3.367788331979826e-07	4.444818e-01	4.444041e-01	4.443696e-01
3.368138331979817e-07	4.444794e-01	4.443975e-01	4.443701e-01
3.368488331979808e-07	4.444773e-01	4.443913e-01	4.443707e-01
3.368498331979808e-07	4.444773e-01	4.443911e-01	4.443707e-01
3.368771189122658e-07	4.444759e-01	4.443864e-01	4.443711e-01
3.369044046265508e-07	4.444747e-01	4.443820e-01	4.443716e-01
3.369316903408359e-07	4.444737e-01	4.443778e-01	4.443721e-01
3.369589760551209e-07	4.444728e-01	4.443739e-01	4.443725e-01
3.369862617694059e-07	4.444721e-01	4.443702e-01	4.443730e-01
3.370135474836909e-07	4.444716e-01	4.443667e-01	4.443735e-01
3.370408331979760e-07	4.444712e-01	4.443635e-01	4.443741e-01
3.370635474836897e-07	4.444711e-01	4.443610e-01	4.443745e-01
3.370862617694034e-07	4.444710e-01	4.443587e-01	4.443749e-01
3.371089760551171e-07	4.444710e-01	4.443566e-01	4.443754e-01
3.371316903408308e-07	4.444712e-01	4.443547e-01	4.443759e-01
3.371544046265445e-07	4.444714e-01	4.443530e-01	4.443763e-01
3.371771189122582e-07	4.444718e-01	4.443515e-01	4.443768e-01
3.371998331979719e-07	4.444722e-01	4.443502e-01	4.443773e-01
3.372211189122571e-07	4.444727e-01	4.443491e-01	4.443777e-01
3.372424046265423e-07	4.444732e-01	4.443482e-01	4.443782e-01
3.372636903408275e-07	4.444739e-01	4.443474e-01	4.443786e-01
3.372849760551126e-07	4.444745e-01	4.443468e-01	4.443791e-01
3.373062617693978e-07	4.444753e-01	4.443464e-01	4.443796e-01
3.373275474836830e-07	4.444761e-01	4.443462e-01	4.443801e-01
3.373488331979682e-07	4.444769e-01	4.443462e-01	4.443806e-01
3.373738331979675e-07	4.444780e-01	4.443463e-01	4.443811e-01
3.373988331979669e-07	4.444792e-01	4.443467e-01	4.443817e-01
3.374238331979663e-07	4.444803e-01	4.443473e-01	4.443823e-01
3.374488331979656e-07	4.444815e-01	4.443481e-01	4.443828e-01
3.374738331979650e-07	4.444828e-01	4.443491e-01	4.443834e-01
3.374988331979644e-07	4.444841e-01	4.443503e-01	4.443840e-01
3.375238331979637e-07	4.444854e-01	4.443518e-01	4.443846e-01
3.375721189122482e-07	4.444881e-01	4.443553e-01	4.443857e-01
3.376204046265327e-07	4.444907e-01	4.443594e-01	4.443869e-01
3.376686903408172e-07	4.444933e-01	4.443641e-01	4.443880e-01
3.377169760551017e-07	4.444957e-01	4.443694e-01	4.443892e-01
3.377652617693862e-07	4.444980e-01	4.443754e-01	4.443903e-01
3.378135474836707e-07	4.445003e-01	4.443819e-01	4.443915e-01
3.378618331979552e-07	4.445024e-01	4.443891e-01	4.443926e-01
3.378738331979549e-07	4.445029e-01	4.443909e-01	4.443929e-01
3.379062617693826e-07	4.445041e-01	4.443960e-01	4.443937e-01
3.379386903408104e-07	4.445052e-01	4.444012e-01	4.443945e-01
3.379711189122381e-07	4.445062e-01	4.444066e-01	4.443952e-01
3.380035474836659e-07	4.445070e-01	4.444120e-01	4.443960e-01
3.380359760550936e-07	4.445077e-01	4.444177e-01	4.443967e-01
3.380684046265214e-07	4.445082e-01	4.444234e-01	4.443975e-01
3.381008331979491e-07	4.445086e-01	4.444293e-01	4.443983e-01
3.381261189122342e-07	4.445088e-01	4.444339e-01	4.443988e-01
3.381514046265193e-07	4.445089e-01	4.444386e-01	4.443994e-01
3.381766903408043e-07	4.445089e-01	4.444433e-01	4.444000e-01
3.382019760550894e-07	4.445088e-01	4.444480e-01	4.444005e-01
3.382272617693745e-07	4.445086e-01	4.444527e-01	4.444011e-01
3.382525474836595e-07	4.445083e-01	4.444574e-01	4.444017e-01
3.382778331979446e-07	4.445078e-01	4.444622e-01	4.444022e-01
3.383166903408008e-07	4.445070e-01	4.444695e-01	4.444031e-01
3.383555474836569e-07	4.445059e-01	4.444767e-01	4.444039e-01
3.383944046265131e-07	4.445045e-01	4.444839e-01	4.444048e-01
3.384332617693693e-07	4.445029e-01	4.444909e-01	4.444056e-01
3.384721189122254e-07	4.445010e-01	4.444979e-01	4.444064e-01
3.385109760550816e-07	4.444989e-01	4.445048e-01	4.444072e-01
3.385498331979377e-07	4.444966e-01	4.445116e-01	4.444080e-01
3.385994046265079e-07	4.444932e-01	4.445200e-01	4.444089e-01
3.386489760550781e-07	4.444896e-01	4.445281e-01	4.444099e-01
3.386985474836482e-07	4.444856e-01	4.445358e-01	4.444108e-01
3.387481189122184e-07	4.444814e-01	4.445432e-01	4.444117e-01
3.387976903407886e-07	4.444768e-01	4.445502e-01	4.444126e-01
3.388472617693588e-07	4.444719e-01	4.445569e-01	4.444135e-01
3.388968331979289e-07	4.444668e-01	4.445632e-01	4.444143e-01
3.388978331979289e-07	4.444667e-01	4.445633e-01	4.444143e-01
3.389509760550704e-07	4.444608e-01	4.445695e-01	4.444152e-01
3.390041189122119e-07	4.444549e-01	4.445752e-01	4.444160e-01
3.390572617693534e-07	4.444489e-01	4.445804e-01	4.444168e-01
3.391104046264950e-07	4.444428e-01	4.445851e-01	4.444176e-01
3.391635474836365e-07	4.444365e-01	4.445892e-01	4.444183e-01
3.392166903407780e-07	4.444302e-01	4.445928e-01	4.444190e-01
3.392698331979195e-07	4.444237e-01	4.445960e-01	4.444197e-01
3.393102617693470e-07	4.444188e-01	4.445980e-01	4.444202e-01
3.393506903407746e-07	4.444140e-01	4.445997e-01	4.444206e-01
3.393911189122021e-07	4.444092e-01	4.446012e-01	4.444211e-01
3.394315474836297e-07	4.444045e-01	4.446024e-01	4.444215e-01
3.394719760550572e-07	4.443999e-01	4.446033e-01	4.444219e-01
3.395124046264848e-07	4.443954e-01	4.446039e-01	4.444223e-01
3.395528331979123e-07	4.443909e-01	4.446043e-01	4.444227e-01
3.395854046264829e-07	4.443873e-01	4.446044e-01	4.444230e-01
3.396179760550535e-07	4.443839e-01	4.446044e-01	4.444232e-01
3.396505474836241e-07	4.443806e-01	4.446042e-01	4.444235e-01
3.396831189121947e-07	4.443773e-01	4.446039e-01	4.444237e-01
3.397156903407653e-07	4.443742e-01	4.446035e-01	4.444240e-01
3.397482617693359e-07	4.443712e-01	4.446029e-01	4.444242e-01
3.397808331979065e-07	4.443682e-01	4.446022e-01	4.444244e-01
3.398008331979060e-07	4.443665e-01	4.446017e-01	4.444245e-01
3.398208331979055e-07	4.443648e-01	4.446011e-01	4.444246e-01
3.398408331979050e-07	4.443631e-01	4.446005e-01	4.444248e-01
3.398608331979045e-07	4.443615e-01	4.445999e-01	4.444249e-01
3.398808331979040e-07	4.443600e-01	4.445992e-01	4.444250e-01
3.399008331979035e-07	4.443584e-01	4.445985e-01	4.444251e-01
3.399208331979030e-07	4.443570e-01	4.445978e-01	4.444251e-01
3.399218331979030e-07	4.443569e-01	4.445978e-01	4.444252e-01
3.399734046264731e-07	4.443533e-01	4.445956e-01	4.444254e-01
3.400249760550432e-07	4.443502e-01	4.445933e-01	4.444256e-01
3.400765474836133e-07	4.443473e-01	4.445908e-01	4.444257e-01
3.401281189121835e-07	4.443449e-01	4.445882e-01	4.444259e-01
3.401796903407536e-07	4.443428e-01	4.445855e-01	4.444260e-01
3.402312617693237e-07	4.443411e-01	4.445826e-01	4.444260e-01
3.402828331978938e-07	4.443397e-01	4.445795e-01	4.444261e-01
3.402901189121794e-07	4.443395e-01	4.445791e-01	4.444261e-01
3.402974046264649e-07	4.443394e-01	4.445787e-01	4.444261e-01
3.403046903407504e-07	4.443393e-01	4.445782e-01	4.444261e-01
3.403119760550359e-07	4.443391e-01	4.445778e-01	4.444261e-01
3.403192617693215e-07	4.443390e-01	4.445774e-01	4.444261e-01
3.403265474836070e-07	4.443389e-01	4.445769e-01	4.444261e-01
3.403338331978925e-07	4.443387e-01	4.445765e-01	4.444261e-01
3.403421189121780e-07	4.443386e-01	4.445760e-01	4.444261e-01
3.403504046264635e-07	4.443385e-01	4.445755e-01	4.444261e-01
3.403586903407490e-07	4.443384e-01	4.445750e-01	4.444261e-01
3.403669760550345e-07	4.443383e-01	4.445745e-01	4.444262e-01
3.403752617693201e-07	4.443382e-01	4.445740e-01	4.444262e-01
3.403835474836056e-07	4.443381e-01	4.445735e-01	4.444262e-01
3.403918331978911e-07	4.443381e-01	4.445730e-01	4.444262e-01
3.404054046264621e-07	4.443380e-01	4.445722e-01	4.444263e-01
3.404189760550332e-07	4.443379e-01	4.445713e-01	4.444264e-01
3.404325474836043e-07	4.443379e-01	4.445705e-01	4.444266e-01
3.404461189121754e-07	4.443379e-01	4.445697e-01	4.444268e-01
3.404596903407465e-07	4.443379e-01	4.445688e-01	4.444272e-01
3.404732617693176e-07	4.443380e-01	4.445680e-01	4.444275e-01
3.404868331978887e-07	4.443380e-01	4.445672e-01	4.444280e-01
3.404991189121741e-07	4.443381e-01	4.445664e-01	4.444285e-01
3.405114046264595e-07	4.443382e-01	4.445657e-01	4.444290e-01
3.405236903407449e-07	4.443383e-01	4.445650e-01	4.444297e-01
3.405359760550303e-07	4.443385e-01	4.445642e-01	4.444304e-01
3.405482617693157e-07	4.443387e-01	4.445635e-01	4.444312e-01
3.405605474836011e-07	4.443388e-01	4.445627e-01	4.444321e-01
3.405728331978865e-07	4.443390e-01	4.445620e-01	4.444331e-01
3.405895474836003e-07	4.443393e-01	4.445610e-01	4.444346e-01
3.406062617693142e-07	4.443397e-01	4.445600e-01	4.444361e-01
3.406229760550281e-07	4.443401e-01	4.445590e-01	4.444378e-01
3.406396903407419e-07	4.443405e-01	4.445580e-01	4.444396e-01
3.406564046264558e-07	4.443410e-01	4.445570e-01	4.444414e-01
3.406731189121696e-07	4.443415e-01	4.445561e-01	4.444434e-01
3.406898331978835e-07	4.443420e-01	4.445551e-01	4.444455e-01
3.407145474835972e-07	4.443428e-01	4.445537e-01	4.444487e-01
3.407392617693108e-07	4.443437e-01	4.445523e-01	4.444517e-01
3.407639760550245e-07	4.443447e-01	4.445509e-01	4.444546e-01
3.407886903407381e-07	4.443458e-01	4.445496e-01	4.444572e-01
3.408134046264518e-07	4.443469e-01	4.445483e-01	4.444598e-01
3.408381189121655e-07	4.443481e-01	4.445470e-01	4.444621e-01
3.408628331978791e-07	4.443493e-01	4.445457e-01	4.444643e-01
3.408745474835931e-07	4.443500e-01	4.445451e-01	4.444651e-01
3.408862617693071e-07	4.443506e-01	4.445445e-01	4.444658e-01
3.408979760550211e-07	4.443513e-01	4.445439e-01	4.444664e-01
3.409096903407351e-07	4.443519e-01	4.445434e-01	4.444669e-01
3.409214046264491e-07	4.443526e-01	4.445428e-01	4.444673e-01
3.409331189121631e-07	4.443533e-01	4.445422e-01	4.444676e-01
3.409448331978771e-07	4.443540e-01	4.445417e-01	4.444678e-01
3.409458331978770e-07	4.443540e-01	4.445416e-01	4.444678e-01
3.409585474835910e-07	4.443548e-01	4.445410e-01	4.444679e-01
3.409712617693050e-07	4.443556e-01	4.445405e-01	4.444678e-01
3.409839760550189e-07	4.443564e-01	4.445399e-01	4.444676e-01
3.409966903407329e-07	4.443572e-01	4.445393e-01	4.444672e-01
3.410094046264468e-07	4.443581e-01	4.445388e-01	4.444666e-01
3.410221189121608e-07	4.443589e-01	4.445382e-01	4.444660e-01
3.410348331978748e-07	4.443598e-01	4.445377e-01	4.444651e-01
3.410542617693028e-07	4.443612e-01	4.445369e-01	4.444635e-01
3.410736903407309e-07	4.443625e-01	4.445361e-01	4.444616e-01
3.410931189121590e-07	4.443639e-01	4.445354e-01	4.444594e-01
3.411125474835871e-07	4.443654e-01	4.445346e-01	4.444568e-01
3.411319760550152e-07	4.443669e-01	4.445339e-01	4.444539e-01
3.411514046264432e-07	4.443684e-01	4.445332e-01	4.444506e-01
3.411708331978713e-07	4.443699e-01	4.445325e-01	4.444471e-01
3.412138331978702e-07	4.443734e-01	4.445311e-01	4.444376e-01
3.412568331978691e-07	4.443770e-01	4.445299e-01	4.444277e-01
3.412998331978681e-07	4.443807e-01	4.445287e-01	4.444172e-01
3.413428331978670e-07	4.443844e-01	4.445277e-01	4.444062e-01
3.413858331978659e-07	4.443883e-01	4.445268e-01	4.443948e-01
3.414288331978648e-07	4.443923e-01	4.445260e-01	4.443828e-01
3.414718331978637e-07	4.443963e-01	4.445253e-01	4.443704e-01
3.415011189121487e-07	4.443991e-01	4.445249e-01	4.443624e-01
3.415304046264336e-07	4.444019e-01	4.445246e-01	4.443550e-01
3.415596903407186e-07	4.444047e-01	4.445243e-01	4.443479e-01
3.415889760550036e-07	4.444075e-01	4.445241e-01	4.443413e-01
3.416182617692886e-07	4.444104e-01	4.445240e-01	4.443352e-01
3.416475474835735e-07	4.444133e-01	4.445239e-01	4.443295e-01
3.416768331978585e-07	4.444161e-01	4.445238e-01	4.443243e-01
3.416988331978579e-07	4.444183e-01	4.445238e-01	4.443208e-01
3.417208331978574e-07	4.444204e-01	4.445238e-01	4.443178e-01
3.417428331978568e-07	4.444226e-01	4.445239e-01	4.443151e-01
3.417648331978563e-07	4.444248e-01	4.445239e-01	4.443129e-01
3.417868331978557e-07	4.444269e-01	4.445240e-01	4.443110e-01
3.418088331978552e-07	4.444291e-01	4.445242e-01	4.443096e-01
3.418308331978546e-07	4.444312e-01	4.445243e-01	4.443085e-01
3.418496903407113e-07	4.444331e-01	4.445245e-01	4.443079e-01
3.418685474835679e-07	4.444349e-01	4.445247e-01	4.443076e-01
3.418874046264246e-07	4.444367e-01	4.445249e-01	4.443077e-01
3.419062617692813e-07	4.444386e-01	4.445251e-01	4.443080e-01
3.419251189121379e-07	4.444404e-01	4.445254e-01	4.443086e-01
3.419439760549946e-07	4.444422e-01	4.445256e-01	4.443095e-01
3.419628331978513e-07	4.444440e-01	4.445259e-01	4.443107e-01
3.419698331978511e-07	4.444447e-01	4.445260e-01	4.443113e-01
3.420028331978502e-07	4.444478e-01	4.445265e-01	4.443144e-01
3.420358331978494e-07	4.444509e-01	4.445271e-01	4.443182e-01
3.420688331978486e-07	4.444540e-01	4.445278e-01	4.443226e-01
3.421018331978477e-07	4.444570e-01	4.445285e-01	4.443278e-01
3.421348331978469e-07	4.444600e-01	4.445292e-01	4.443337e-01
3.421678331978461e-07	4.444629e-01	4.445300e-01	4.443403e-01
3.422008331978452e-07	4.444659e-01	4.445308e-01	4.443476e-01
3.422584046264152e-07	4.444709e-01	4.445323e-01	4.443620e-01
3.423159760549852e-07	4.444757e-01	4.445340e-01	4.443768e-01
3.423735474835551e-07	4.444803e-01	4.445357e-01	4.443918e-01
3.424311189121251e-07	4.444848e-01	4.445375e-01	4.444072e-01
3.424886903406951e-07	4.444891e-01	4.445394e-01	4.444228e-01
3.425462617692650e-07	4.444932e-01	4.445414e-01	4.444387e-01
3.426038331978350e-07	4.444972e-01	4.445435e-01	4.444550e-01
3.426441189121197e-07	4.444998e-01	4.445449e-01	4.444655e-01
3.426844046264044e-07	4.445023e-01	4.445464e-01	4.444754e-01
3.427246903406891e-07	4.445048e-01	4.445479e-01	4.444846e-01
3.427649760549738e-07	4.445071e-01	4.445494e-01	4.444932e-01
3.428052617692585e-07	4.445093e-01	4.445509e-01	4.445012e-01
3.428455474835432e-07	4.445114e-01	4.445525e-01	4.445086e-01
3.428858331978279e-07	4.445135e-01	4.445540e-01	4.445154e-01
3.429011189121132e-07	4.445142e-01	4.445546e-01	4.445177e-01
3.429164046263985e-07	4.445149e-01	4.445552e-01	4.445199e-01
3.429316903406839e-07	4.445156e-01	4.445557e-01	4.445220e-01
3.429469760549692e-07	4.445163e-01	4.445563e-01	4.445239e-01
3.429622617692545e-07	4.445170e-01	4.445569e-01	4.445258e-01
3.429775474835398e-07	4.445177e-01	4.445575e-01	4.445275e-01
3.429928331978252e-07	4.445183e-01	4.445581e-01	4.445291e-01
3.429938331978251e-07	4.445184e-01	4.445581e-01	4.445292e-01
3.430228331978244e-07	4.445195e-01	4.445592e-01	4.445319e-01
3.430518331978237e-07	4.445207e-01	4.445603e-01	4.445342e-01
3.430808331978229e-07	4.445218e-01	4.445613e-01	4.445360e-01
3.431098331978222e-07	4.445228e-01	4.445624e-01	4.445374e-01
3.431388331978215e-07	4.445238e-01	4.445635e-01	4.445383e-01
3.431678331978207e-07	4.445247e-01	4.445645e-01	4.445388e-01
3.431968331978200e-07	4.445256e-01	4.445656e-01	4.445389e-01
3.432339760549619e-07	4.445266e-01	4.445669e-01	4.445383e-01
3.432711189121038e-07	4.445276e-01	4.445682e-01	4.445372e-01
3.433082617692457e-07	4.445285e-01	4.445694e-01	4.445354e-01
3.433454046263877e-07	4.445293e-01	4.445707e-01	4.445330e-01
3.433825474835296e-07	4.445300e-01	4.445719e-01	4.445300e-01
3.434196903406715e-07	4.445306e-01	4.445731e-01	4.445263e-01
3.434568331978134e-07	4.445312e-01	4.445743e-01	4.445221e-01
3.434682617692417e-07	4.445313e-01	4.445746e-01	4.445207e-01
3.434796903406700e-07	4.445315e-01	4.445750e-01	4.445192e-01
3.434911189120983e-07	4.445316e-01	4.445753e-01	4.445177e-01
3.435025474835265e-07	4.445318e-01	4.445757e-01	4.445162e-01
3.435139760549548e-07	4.445319e-01	4.445760e-01	4.445146e-01
3.435254046263831e-07	4.445320e-01	4.445763e-01	4.445130e-01
3.435368331978114e-07	4.445322e-01	4.445767e-01	4.445114e-01
3.435378331978114e-07	4.445322e-01	4.445767e-01	4.445112e-01
3.435388331978113e-07	4.445322e-01	4.445767e-01	4.445111e-01
3.435398331978113e-07	4.445322e-01	4.445768e-01	4.445109e-01
3.435408331978113e-07	4.445322e-01	4.445768e-01	4.445107e-01
3.435418331978113e-07	4.445322e-01	4.445768e-01	4.445106e-01
3.435438331978112e-07	4.445322e-01	4.445769e-01	4.445103e-01
3.435468331978111e-07	4.445322e-01	4.445770e-01	4.445099e-01
3.435715474835248e-07	4.445325e-01	4.445777e-01	4.445061e-01
3.435962617692384e-07	4.445326e-01	4.445784e-01	4.445021e-01
3.436209760549521e-07	4.445328e-01	4.445791e-01	4.444977e-01
3.436456903406658e-07	4.445329e-01	4.445797e-01	4.444930e-01
3.436704046263794e-07	4.445330e-01	4.445804e-01	4.444880e-01
3.436951189120931e-07	4.445331e-01	4.445810e-01	4.444826e-01
3.437198331978067e-07	4.445331e-01	4.445816e-01	4.444769e-01
3.437396903406634e-07	4.445331e-01	4.445821e-01	4.444720e-01
3.437595474835200e-07	4.445331e-01	4.445826e-01	4.444668e-01
3.437794046263767e-07	4.445331e-01	4.445831e-01	4.444614e-01
3.437992617692333e-07	4.445331e-01	4.445835e-01	4.444558e-01
3.438191189120899e-07	4.445330e-01	4.445840e-01	4.444499e-01
3.438389760549466e-07	4.445330e-01	4.445844e-01	4.444439e-01
3.438588331978032e-07	4.445329e-01	4.445848e-01	4.444377e-01
3.438814046263741e-07	4.445328e-01	4.445853e-01	4.444303e-01
3.439039760549449e-07	4.445326e-01	4.445857e-01	4.444231e-01
3.439265474835158e-07	4.445325e-01	4.445862e-01	4.444158e-01
3.439491189120866e-07	4.445323e-01	4.445866e-01	4.444087e-01
3.439716903406575e-07	4.445321e-01	4.445870e-01	4.444016e-01
3.439942617692284e-07	4.445319e-01	4.445874e-01	4.443945e-01
3.440168331977992e-07	4.445317e-01	4.445878e-01	4.443876e-01
3.440178331977992e-07	4.445317e-01	4.445878e-01	4.443873e-01
3.440394046263701e-07	4.445314e-01	4.445881e-01	4.443809e-01
3.440609760549410e-07	4.445312e-01	4.445885e-01	4.443749e-01
3.440825474835118e-07	4.445309e-01	4.445888e-01	4.443692e-01
3.441041189120827e-07	4.445306e-01	4.445891e-01	4.443639e-01
3.441256903406536e-07	4.445304e-01	4.445894e-01	4.443589e-01
3.441472617692245e-07	4.445301e-01	4.445897e-01	4.443543e-01
3.441688331977954e-07	4.445297e-01	4.445899e-01	4.443500e-01
3.441871189120806e-07	4.445295e-01	4.445902e-01	4.443468e-01
3.442054046263659e-07	4.445292e-01	4.445904e-01	4.443438e-01
3.442236903406511e-07	4.445289e-01	4.445906e-01	4.443412e-01
3.442419760549364e-07	4.445286e-01	4.445908e-01	4.443389e-01
3.442602617692216e-07	4.445283e-01	4.445909e-01	4.443369e-01
3.442785474835069e-07	4.445280e-01	4.445911e-01	4.443352e-01
3.442968331977921e-07	4.445276e-01	4.445913e-01	4.443337e-01
3.443124046263632e-07	4.445274e-01	4.445914e-01	4.443328e-01
3.443279760549342e-07	4.445271e-01	4.445915e-01	4.443320e-01
3.443435474835052e-07	4.445268e-01	4.445916e-01	4.443314e-01
3.443591189120763e-07	4.445265e-01	4.445917e-01	4.443309e-01
3.443746903406473e-07	4.445262e-01	4.445918e-01	4.443307e-01
3.443902617692183e-07	4.445259e-01	4.445919e-01	4.443306e-01
3.444058331977894e-07	4.445256e-01	4.445920e-01	4.443308e-01
3.444408331977885e-07	4.445248e-01	4.445922e-01	4.443318e-01
3.444758331977876e-07	4.445241e-01	4.445923e-01	4.443331e-01
3.445108331977867e-07	4.445234e-01	4.445924e-01	4.443346e-01
3.445458331977858e-07	4.445226e-01	4.445925e-01	4.443364e-01
3.445808331977849e-07	4.445218e-01	4.445926e-01	4.443384e-01
3.446158331977840e-07	4.445210e-01	4.445926e-01	4.443407e-01
3.446508331977832e-07	4.445202e-01	4.445926e-01	4.443433e-01
3.446701189120684e-07	4.445198e-01	4.445925e-01	4.443445e-01
3.446894046263536e-07	4.445193e-01	4.445925e-01	4.443455e-01
3.447086903406388e-07	4.445189e-01	4.445925e-01	4.443465e-01
3.447279760549241e-07	4.445184e-01	4.445924e-01	4.443473e-01
3.447472617692093e-07	4.445180e-01	4.445924e-01	4.443480e-01
3.447665474834945e-07	4.445175e-01	4.445923e-01	4.443486e-01
3.447858331977797e-07	4.445170e-01	4.445922e-01	4.443491e-01
3.448025474834936e-07	4.445166e-01	4.445922e-01	4.443494e-01
3.448192617692075e-07	4.445162e-01	4.445921e-01	4.443495e-01
3.448359760549213e-07	4.445158e-01	4.445920e-01	4.443495e-01
3.448526903406352e-07	4.445154e-01	4.445919e-01	4.443493e-01
3.448694046263490e-07	4.445150e-01	4.445918e-01	4.443490e-01
3.448861189120629e-07	4.445146e-01	4.445917e-01	4.443486e-01
3.449028331977768e-07	4.445142e-01	4.445916e-01	4.443480e-01
3.449225474834906e-07	4.445137e-01	4.445915e-01	4.443472e-01
3.449422617692043e-07	4.445133e-01	4.445913e-01	4.443461e-01
3.449619760549181e-07	4.445128e-01	4.445912e-01	4.443448e-01
3.449816903406319e-07	4.445123e-01	4.445910e-01	4.443433e-01
3.450014046263457e-07	4.445118e-01	4.445909e-01	4.443416e-01
3.450211189120595e-07	4.445114e-01	4.445907e-01	4.443397e-01
3.450408331977733e-07	4.445109e-01	4.445905e-01	4.443376e-01
3.450418331977732e-07	4.445109e-01	4.445905e-01	4.443375e-01
3.450761189120581e-07	4.445101e-01	4.445902e-01	4.443333e-01
3.451104046263429e-07	4.445092e-01	4.445898e-01	4.443287e-01
3.451446903406278e-07	4.445084e-01	4.445894e-01	4.443237e-01
3.451789760549126e-07	4.445076e-01	4.445891e-01	4.443183e-01
3.452132617691975e-07	4.445068e-01	4.445887e-01	4.443125e-01
3.452475474834823e-07	4.445060e-01	4.445882e-01	4.443064e-01
3.452818331977672e-07	4.445052e-01	4.445878e-01	4.442998e-01
3.453264046263375e-07	4.445042e-01	4.445872e-01	4.442909e-01
3.453709760549078e-07	4.445033e-01	4.445866e-01	4.442823e-01
3.454155474834781e-07	4.445023e-01	4.445859e-01	4.442739e-01
3.454601189120484e-07	4.445013e-01	4.445853e-01	4.442659e-01
3.455046903406187e-07	4.445004e-01	4.445846e-01	4.442580e-01
3.455492617691890e-07	4.444995e-01	4.445839e-01	4.442505e-01
3.455938331977593e-07	4.444986e-01	4.445831e-01	4.442433e-01
3.456235474834728e-07	4.444981e-01	4.445827e-01	4.442390e-01
3.456532617691863e-07	4.444975e-01	4.445822e-01	4.442351e-01
3.456829760548999e-07	4.444970e-01	4.445816e-01	4.442317e-01
3.457126903406134e-07	4.444964e-01	4.445811e-01	4.442287e-01
3.457424046263269e-07	4.444959e-01	4.445806e-01	4.442261e-01
3.457721189120405e-07	4.444954e-01	4.445801e-01	4.442239e-01
3.458018331977540e-07	4.444949e-01	4.445796e-01	4.442221e-01
3.458278331977533e-07	4.444944e-01	4.445791e-01	4.442210e-01
3.458538331977527e-07	4.444940e-01	4.445786e-01	4.442202e-01
3.458798331977520e-07	4.444936e-01	4.445781e-01	4.442198e-01
3.459058331977514e-07	4.444932e-01	4.445777e-01	4.442198e-01
3.459318331977507e-07	4.444928e-01	4.445772e-01	4.442201e-01
3.459578331977500e-07	4.444925e-01	4.445767e-01	4.442208e-01
3.459838331977494e-07	4.444921e-01	4.445763e-01	4.442219e-01
3.459954046263205e-07	4.444919e-01	4.445761e-01	4.442226e-01
3.460069760548917e-07	4.444918e-01	4.445758e-01	4.442232e-01
3.460185474834628e-07	4.444916e-01	4.445756e-01	4.442240e-01
3.460301189120339e-07	4.444915e-01	4.445754e-01	4.442248e-01
3.460416903406051e-07	4.444913e-01	4.445752e-01	4.442257e-01
3.460532617691762e-07	4.444911e-01	4.445750e-01	4.442267e-01
3.460648331977473e-07	4.444910e-01	4.445748e-01	4.442277e-01
3.460658331977473e-07	4.444910e-01	4.445747e-01	4.442278e-01
3.461126903406033e-07	4.444904e-01	4.445739e-01	4.442329e-01
3.461595474834592e-07	4.444899e-01	4.445730e-01	4.442388e-01
3.462064046263152e-07	4.444893e-01	4.445721e-01	4.442456e-01
3.462532617691711e-07	4.444889e-01	4.445713e-01	4.442532e-01
3.463001189120271e-07	4.444884e-01	4.445704e-01	4.442617e-01
3.463469760548830e-07	4.444880e-01	4.445696e-01	4.442711e-01
3.463938331977390e-07	4.444876e-01	4.445687e-01	4.442813e-01
3.464589760548802e-07	4.444871e-01	4.445675e-01	4.442967e-01
3.465241189120214e-07	4.444866e-01	4.445664e-01	4.443123e-01
3.465892617691626e-07	4.444863e-01	4.445653e-01	4.443280e-01
3.466544046263038e-07	4.444859e-01	4.445642e-01	4.443438e-01
3.467195474834450e-07	4.444857e-01	4.445631e-01	4.443597e-01
3.467846903405862e-07	4.444854e-01	4.445620e-01	4.443759e-01
3.468498331977274e-07	4.444853e-01	4.445610e-01	4.443921e-01
3.468839760548694e-07	4.444852e-01	4.445605e-01	4.444001e-01
3.469181189120114e-07	4.444852e-01	4.445600e-01	4.444079e-01
3.469522617691534e-07	4.444851e-01	4.445594e-01	4.444155e-01
3.469864046262954e-07	4.444851e-01	4.445589e-01	4.444228e-01
3.470205474834374e-07	4.444851e-01	4.445584e-01	4.444300e-01
3.470546903405794e-07	4.444851e-01	4.445580e-01	4.444368e-01
3.470888331977214e-07	4.444851e-01	4.445575e-01	4.444435e-01
3.470898331977214e-07	4.444851e-01	4.445575e-01	4.444437e-01
3.471402617691487e-07	4.444851e-01	4.445568e-01	4.444529e-01
3.471906903405759e-07	4.444852e-01	4.445561e-01	4.444615e-01
3.472411189120032e-07	4.444852e-01	4.445555e-01	4.444695e-01
3.472915474834305e-07	4.444853e-01	4.445549e-01	4.444768e-01
3.473419760548578e-07	4.444854e-01	4.445543e-01	4.444834e-01
3.473924046262851e-07	4.444856e-01	4.445537e-01	4.444894e-01
3.474428331977124e-07	4.444857e-01	4.445532e-01	4.444947e-01
3.474995474834253e-07	4.444859e-01	4.445526e-01	4.444998e-01
3.475562617691381e-07	4.444861e-01	4.445520e-01	4.445043e-01
3.476129760548510e-07	4.444863e-01	4.445515e-01	4.445082e-01
3.476696903405638e-07	4.444865e-01	4.445509e-01	4.445114e-01
3.477264046262767e-07	4.444868e-01	4.445505e-01	4.445140e-01
3.477831189119895e-07	4.444870e-01	4.445500e-01	4.445159e-01
3.478398331977024e-07	4.444873e-01	4.445496e-01	4.445173e-01
3.478788331977014e-07	4.444875e-01	4.445493e-01	4.445180e-01
3.479178331977004e-07	4.444877e-01	4.445491e-01	4.445185e-01
3.479568331976994e-07	4.444879e-01	4.445488e-01	4.445189e-01
3.479958331976984e-07	4.444881e-01	4.445486e-01	4.445192e-01
3.480348331976974e-07	4.444883e-01	4.445484e-01	4.445194e-01
3.480738331976964e-07	4.444885e-01	4.445481e-01	4.445194e-01
3.481128331976954e-07	4.444888e-01	4.445480e-01	4.445193e-01
3.481138331976954e-07	4.444888e-01	4.445479e-01	4.445193e-01
3.481616903405513e-07	4.444890e-01	4.445477e-01	4.445191e-01
3.482095474834073e-07	4.444893e-01	4.445475e-01	4.445188e-01
3.482574046262632e-07	4.444896e-01	4.445473e-01	4.445186e-01
3.483052617691191e-07	4.444898e-01	4.445471e-01	4.445183e-01
3.483531189119751e-07	4.444901e-01	4.445470e-01	4.445181e-01
3.484009760548310e-07	4.444904e-01	4.445468e-01	4.445178e-01
3.484488331976869e-07	4.444906e-01	4.445467e-01	4.445176e-01
3.484935474834001e-07	4.444909e-01	4.445466e-01	4.445175e-01
3.485382617691132e-07	4.444911e-01	4.445465e-01	4.445175e-01
3.485829760548264e-07	4.444914e-01	4.445464e-01	4.445176e-01
3.486276903405395e-07	4.444916e-01	4.445463e-01	4.445178e-01
3.486724046262527e-07	4.444918e-01	4.445463e-01	4.445181e-01
3.487171189119658e-07	4.444921e-01	4.445462e-01	4.445186e-01
3.487618331976790e-07	4.444923e-01	4.445462e-01	4.445191e-01
3.488154046262491e-07	4.444926e-01	4.445462e-01	4.445200e-01
3.488689760548191e-07	4.444928e-01	4.445461e-01	4.445211e-01
3.489225474833892e-07	4.444931e-01	4.445461e-01	4.445223e-01
3.489761189119593e-07	4.444933e-01	4.445461e-01	4.445237e-01
3.490296903405294e-07	4.444936e-01	4.445462e-01	4.445254e-01
3.490832617690994e-07	4.444938e-01	4.445462e-01	4.445272e-01
3.491368331976695e-07	4.444940e-01	4.445463e-01	4.445292e-01
3.491378331976695e-07	4.444940e-01	4.445463e-01	4.445292e-01
3.491859760548111e-07	4.444942e-01	4.445463e-01	4.445311e-01
3.492341189119527e-07	4.444944e-01	4.445464e-01	4.445332e-01
3.492822617690944e-07	4.444946e-01	4.445465e-01	4.445353e-01
3.493304046262360e-07	4.444948e-01	4.445465e-01	4.445375e-01
3.493785474833777e-07	4.444949e-01	4.445466e-01	4.445397e-01
3.494266903405193e-07	4.444951e-01	4.445467e-01	4.445421e-01
3.494748331976609e-07	4.444953e-01	4.445468e-01	4.445445e-01
3.494778331976609e-07	4.444953e-01	4.445468e-01	4.445446e-01
3.494808331976608e-07	4.444953e-01	4.445468e-01	4.445448e-01
3.494838331976607e-07	4.444953e-01	4.445468e-01	4.445449e-01
3.494875474833749e-07	4.444953e-01	4.445469e-01	4.445451e-01
3.494912617690891e-07	4.444953e-01	4.445469e-01	4.445453e-01
3.494949760548033e-07	4.444953e-01	4.445469e-01	4.445455e-01
3.494986903405175e-07	4.444953e-01	4.445469e-01	4.445457e-01
3.495024046262317e-07	4.444953e-01	4.445470e-01	4.445459e-01
3.495061189119459e-07	4.444954e-01	4.445470e-01	4.445461e-01
3.495098331976600e-07	4.444954e-01	4.445470e-01	4.445463e-01
3.495148331976599e-07	4.444954e-01	4.445471e-01	4.445465e-01
3.495198331976598e-07	4.444954e-01	4.445472e-01	4.445468e-01
3.495248331976597e-07	4.444954e-01	4.445472e-01	4.445470e-01
3.495298331976595e-07	4.444954e-01	4.445473e-01	4.445473e-01
3.495348331976594e-07	4.444954e-01	4.445474e-01	4.445475e-01
3.495398331976593e-07	4.444954e-01	4.445475e-01	4.445478e-01
3.495448331976592e-07	4.444955e-01	4.445476e-01	4.445480e-01
3.495522617690875e-07	4.444955e-01	4.445478e-01	4.445484e-01
3.495596903405159e-07	4.444955e-01	4.445480e-01	4.445488e-01
3.495671189119443e-07	4.444955e-01	4.445482e-01	4.445492e-01
3.495745474833727e-07	4.444955e-01	4.445485e-01	4.445495e-01
3.495819760548011e-07	4.444956e-01	4.445487e-01	4.445499e-01
3.495894046262295e-07	4.444956e-01	4.445491e-01	4.445503e-01
3.495968331976578e-07	4.444956e-01	4.445494e-01	4.445507e-01
3.496098331976575e-07	4.444956e-01	4.445500e-01	4.445513e-01
3.496228331976572e-07	4.444957e-01	4.445507e-01	4.445520e-01
3.496358331976569e-07	4.444957e-01	4.445515e-01	4.445527e-01
3.496488331976565e-07	4.444957e-01	4.445523e-01	4.445533e-01
3.496618331976562e-07	4.444957e-01	4.445532e-01	4.445540e-01
3.496748331976559e-07	4.444957e-01	4.445541e-01	4.445546e-01
3.496878331976555e-07	4.444957e-01	4.445551e-01	4.445553e-01
3.497059760547979e-07	4.444957e-01	4.445566e-01	4.445562e-01
3.497241189119403e-07	4.444956e-01	4.445580e-01	4.445571e-01
3.497422617690827e-07	4.444956e-01	4.445594e-01	4.445579e-01
3.497604046262251e-07	4.444955e-01	4.445608e-01	4.445588e-01
3.497785474833675e-07	4.444954e-01	4.445622e-01	4.445597e-01
3.497966903405099e-07	4.444953e-01	4.445635e-01	4.445606e-01
3.498148331976523e-07	4.444952e-01	4.445648e-01	4.445614e-01
3.498285474833663e-07	4.444951e-01	4.445658e-01	4.445621e-01
3.498422617690802e-07	4.444949e-01	4.445666e-01	4.445627e-01
3.498559760547941e-07	4.444948e-01	4.445674e-01	4.445633e-01
3.498696903405081e-07	4.444946e-01	4.445681e-01	4.445639e-01
3.498834046262220e-07	4.444945e-01	4.445688e-01	4.445645e-01
3.498971189119360e-07	4.444943e-01	4.445693e-01	4.445651e-01
3.499108331976499e-07	4.444941e-01	4.445698e-01	4.445657e-01
3.499198331976497e-07	4.444940e-01	4.445701e-01	4.445661e-01
3.499288331976494e-07	4.444938e-01	4.445703e-01	4.445665e-01
3.499378331976492e-07	4.444937e-01	4.445705e-01	4.445669e-01
3.499468331976490e-07	4.444935e-01	4.445707e-01	4.445672e-01
3.499558331976487e-07	4.444934e-01	4.445708e-01	4.445676e-01
3.499648331976485e-07	4.444932e-01	4.445709e-01	4.445680e-01
3.499738331976483e-07	4.444931e-01	4.445709e-01	4.445683e-01
3.499828331976481e-07	4.444929e-01	4.445709e-01	4.445687e-01
3.499918331976478e-07	4.444927e-01	4.445708e-01	4.445690e-01
3.500008331976476e-07	4.444926e-01	4.445707e-01	4.445694e-01
3.500098331976474e-07	4.444924e-01	4.445706e-01	4.445697e-01
3.500188331976472e-07	4.444922e-01	4.445704e-01	4.445701e-01
3.500278331976469e-07	4.444920e-01	4.445702e-01	4.445704e-01
3.500368331976467e-07	4.444919e-01	4.445699e-01	4.445707e-01
3.500542617690748e-07	4.444915e-01	4.445693e-01	4.445714e-01
3.500716903405030e-07	4.444911e-01	4.445685e-01	4.445720e-01
3.500891189119311e-07	4.444908e-01	4.445675e-01	4.445726e-01
3.501065474833592e-07	4.444904e-01	4.445665e-01	4.445731e-01
3.501239760547873e-07	4.444901e-01	4.445653e-01	4.445737e-01
3.501414046262155e-07	4.444897e-01	4.445639e-01	4.445742e-01
3.501588331976436e-07	4.444894e-01	4.445624e-01	4.445747e-01
3.501618331976435e-07	4.444894e-01	4.445622e-01	4.445748e-01
3.501845474833572e-07	4.444889e-01	4.445600e-01	4.445754e-01
3.502072617690710e-07	4.444886e-01	4.445577e-01	4.445760e-01
3.502299760547847e-07	4.444883e-01	4.445552e-01	4.445765e-01
3.502526903404984e-07	4.444880e-01	4.445526e-01	4.445770e-01
3.502754046262121e-07	4.444878e-01	4.445499e-01	4.445775e-01
3.502981189119258e-07	4.444876e-01	4.445470e-01	4.445779e-01
3.503208331976395e-07	4.444875e-01	4.445440e-01	4.445783e-01
3.503361189119248e-07	4.444874e-01	4.445419e-01	4.445786e-01
3.503514046262102e-07	4.444874e-01	4.445399e-01	4.445788e-01
3.503666903404955e-07	4.444875e-01	4.445378e-01	4.445790e-01
3.503819760547808e-07	4.444876e-01	4.445358e-01	4.445792e-01
3.503972617690661e-07	4.444877e-01	4.445337e-01	4.445793e-01
3.504125474833515e-07	4.444878e-01	4.445316e-01	4.445795e-01
3.504278331976368e-07	4.444880e-01	4.445296e-01	4.445796e-01
3.504491189119220e-07	4.444883e-01	4.445267e-01	4.445797e-01
3.504704046262071e-07	4.444887e-01	4.445239e-01	4.445798e-01
3.504916903404923e-07	4.444892e-01	4.445212e-01	4.445798e-01
3.505129760547775e-07	4.444898e-01	4.445185e-01	4.445798e-01
3.505342617690627e-07	4.444904e-01	4.445159e-01	4.445798e-01
3.505555474833478e-07	4.444911e-01	4.445134e-01	4.445797e-01
3.505768331976330e-07	4.444919e-01	4.445110e-01	4.445796e-01
3.506011189119181e-07	4.444929e-01	4.445084e-01	4.445794e-01
3.506254046262032e-07	4.444940e-01	4.445061e-01	4.445792e-01
3.506496903404883e-07	4.444952e-01	4.445039e-01	4.445789e-01
3.506739760547734e-07	4.444964e-01	4.445020e-01	4.445785e-01
3.506982617690585e-07	4.444978e-01	4.445002e-01	4.445781e-01
3.507225474833436e-07	4.444992e-01	4.444987e-01	4.445777e-01
3.507468331976287e-07	4.445007e-01	4.444974e-01	4.445772e-01
3.507621189119140e-07	4.445017e-01	4.444967e-01	4.445768e-01
3.507774046261994e-07	4.445027e-01	4.444961e-01	4.445764e-01
3.507926903404847e-07	4.445037e-01	4.444956e-01	4.445760e-01
3.508079760547700e-07	4.445047e-01	4.444952e-01	4.445756e-01
3.508232617690553e-07	4.445057e-01	4.444949e-01	4.445752e-01
3.508385474833407e-07	4.445068e-01	4.444947e-01	4.445747e-01
3.508538331976260e-07	4.445079e-01	4.444946e-01	4.445742e-01
3.508672617690542e-07	4.445088e-01	4.444947e-01	4.445738e-01
3.508806903404825e-07	4.445098e-01	4.444947e-01	4.445734e-01
3.508941189119107e-07	4.445107e-01	4.444949e-01	4.445729e-01
3.509075474833389e-07	4.445116e-01	4.444952e-01	4.445724e-01
3.509209760547672e-07	4.445126e-01	4.444955e-01	4.445719e-01
3.509344046261954e-07	4.445135e-01	4.444959e-01	4.445714e-01
3.509478331976236e-07	4.445145e-01	4.444963e-01	4.445708e-01
3.509752617690515e-07	4.445164e-01	4.444976e-01	4.445697e-01
3.510026903404794e-07	4.445183e-01	4.444991e-01	4.445685e-01
3.510301189119072e-07	4.445201e-01	4.445009e-01	4.445672e-01
3.510575474833351e-07	4.445219e-01	4.445030e-01	4.445659e-01
3.510849760547630e-07	4.445235e-01	4.445054e-01	4.445645e-01
3.511124046261909e-07	4.445251e-01	4.445080e-01	4.445631e-01
3.511398331976188e-07	4.445267e-01	4.445110e-01	4.445615e-01
3.511858331976176e-07	4.445289e-01	4.445163e-01	4.445589e-01
3.512101189119027e-07	4.445300e-01	4.445194e-01	4.445574e-01
3.512344046261878e-07	4.445309e-01	4.445227e-01	4.445559e-01
3.512586903404729e-07	4.445317e-01	4.445260e-01	4.445543e-01
3.512829760547580e-07	4.445324e-01	4.445295e-01	4.445528e-01
3.513072617690431e-07	4.445330e-01	4.445331e-01	4.445511e-01
3.513315474833282e-07	4.445334e-01	4.445368e-01	4.445494e-01
3.513558331976133e-07	4.445337e-01	4.445406e-01	4.445477e-01
3.513735474833271e-07	4.445339e-01	4.445434e-01	4.445464e-01
3.513912617690410e-07	4.445339e-01	4.445462e-01	4.445451e-01
3.514089760547548e-07	4.445339e-01	4.445491e-01	4.445438e-01
3.514266903404686e-07	4.445338e-01	4.445519e-01	4.445425e-01
3.514444046261825e-07	4.445336e-01	4.445548e-01	4.445411e-01
3.514621189118963e-07	4.445334e-01	4.445577e-01	4.445398e-01
3.514798331976101e-07	4.445330e-01	4.445606e-01	4.445384e-01
3.515079760547523e-07	4.445323e-01	4.445652e-01	4.445362e-01
3.515361189118944e-07	4.445314e-01	4.445698e-01	4.445339e-01
3.515642617690366e-07	4.445304e-01	4.445742e-01	4.445316e-01
3.515924046261787e-07	4.445291e-01	4.445786e-01	4.445292e-01
3.516205474833209e-07	4.445276e-01	4.445830e-01	4.445268e-01
3.516486903404630e-07	4.445260e-01	4.445872e-01	4.445244e-01
3.516768331976051e-07	4.445241e-01	4.445914e-01	4.445219e-01
3.517139760547471e-07	4.445214e-01	4.445967e-01	4.445187e-01
3.517511189118890e-07	4.445184e-01	4.446016e-01	4.445153e-01
3.517882617690309e-07	4.445152e-01	4.446062e-01	4.445120e-01
3.518254046261728e-07	4.445118e-01	4.446104e-01	4.445086e-01
3.518625474833147e-07	4.445081e-01	4.446143e-01	4.445051e-01
3.518996903404566e-07	4.445042e-01	4.446178e-01	4.445017e-01
3.519368331975986e-07	4.445000e-01	4.446210e-01	4.444982e-01
3.519631189118836e-07	4.444970e-01	4.446229e-01	4.444957e-01
3.519894046261687e-07	4.444940e-01	4.446246e-01	4.444932e-01
3.520156903404537e-07	4.444909e-01	4.446261e-01	4.444907e-01
3.520419760547388e-07	4.444878e-01	4.446274e-01	4.444882e-01
3.520682617690238e-07	4.444847e-01	4.446284e-01	4.444857e-01
3.520945474833088e-07	4.444815e-01	4.446292e-01	4.444831e-01
3.521208331975939e-07	4.444783e-01	4.446298e-01	4.444806e-01
3.521334046261650e-07	4.444768e-01	4.446300e-01	4.444794e-01
3.521459760547361e-07	4.444753e-01	4.446301e-01	4.444782e-01
3.521585474833072e-07	4.444738e-01	4.446302e-01	4.444770e-01
3.521711189118783e-07	4.444722e-01	4.446302e-01	4.444758e-01
3.521836903404494e-07	4.444707e-01	4.446302e-01	4.444746e-01
3.521962617690206e-07	4.444692e-01	4.446302e-01	4.444734e-01
3.522088331975917e-07	4.444678e-01	4.446300e-01	4.444722e-01
3.522098331975916e-07	4.444676e-01	4.446300e-01	4.444721e-01
3.522376903404481e-07	4.444643e-01	4.446296e-01	4.444694e-01
3.522655474833045e-07	4.444611e-01	4.446288e-01	4.444668e-01
3.522934046261610e-07	4.444579e-01	4.446279e-01	4.444642e-01
3.523212617690174e-07	4.444548e-01	4.446267e-01	4.444615e-01
3.523491189118738e-07	4.444519e-01	4.446253e-01	4.444589e-01
3.523769760547303e-07	4.444489e-01	4.446237e-01	4.444563e-01
3.524048331975867e-07	4.444461e-01	4.446218e-01	4.444537e-01
3.524442617690143e-07	4.444423e-01	4.446187e-01	4.444500e-01
3.524836903404418e-07	4.444388e-01	4.446153e-01	4.444464e-01
3.525231189118694e-07	4.444355e-01	4.446116e-01	4.444428e-01
3.525625474832970e-07	4.444326e-01	4.446076e-01	4.444393e-01
3.526019760547246e-07	4.444300e-01	4.446033e-01	4.444358e-01
3.526414046261521e-07	4.444277e-01	4.445986e-01	4.444324e-01
3.526808331975797e-07	4.444257e-01	4.445936e-01	4.444290e-01
3.526828331975797e-07	4.444256e-01	4.445935e-01	4.444288e-01
3.526838331975796e-07	4.444256e-01	4.445934e-01	4.444287e-01
3.526848331975796e-07	4.444256e-01	4.445932e-01	4.444287e-01
3.526858331975796e-07	4.444255e-01	4.445928e-01	4.444286e-01
3.526868331975796e-07	4.444255e-01	4.445927e-01	4.444285e-01
3.526888331975795e-07	4.444254e-01	4.445927e-01	4.444283e-01
3.526898331975795e-07	4.444253e-01	4.445925e-01	4.444282e-01
3.526951189118651e-07	4.444251e-01	4.445918e-01	4.444278e-01
3.527004046261506e-07	4.444249e-01	4.445911e-01	4.444273e-01
3.527056903404362e-07	4.444247e-01	4.445904e-01	4.444269e-01
3.527109760547218e-07	4.444245e-01	4.445897e-01	4.444264e-01
3.527162617690074e-07	4.444244e-01	4.445891e-01	4.444260e-01
3.527215474832930e-07	4.444242e-01	4.445884e-01	4.444255e-01
3.527268331975785e-07	4.444241e-01	4.445877e-01	4.444251e-01
3.527305474832927e-07	4.444241e-01	4.445872e-01	4.444248e-01
3.527342617690069e-07	4.444240e-01	4.445867e-01	4.444245e-01
3.527379760547211e-07	4.444240e-01	4.445862e-01	4.444242e-01
3.527416903404353e-07	4.444239e-01	4.445857e-01	4.444239e-01
3.527454046261495e-07	4.444239e-01	4.445852e-01	4.444236e-01
3.527491189118637e-07	4.444239e-01	4.445847e-01	4.444233e-01
3.527528331975779e-07	4.444239e-01	4.445842e-01	4.444230e-01
3.527578331975778e-07	4.444239e-01	4.445835e-01	4.444225e-01
3.527628331975776e-07	4.444240e-01	4.445828e-01	4.444221e-01
3.527678331975775e-07	4.444241e-01	4.445822e-01	4.444217e-01
3.527728331975774e-07	4.444242e-01	4.445815e-01	4.444213e-01
3.527778331975773e-07	4.444243e-01	4.445808e-01	4.444209e-01
3.527828331975771e-07	4.444245e-01	4.445801e-01	4.444205e-01
3.527878331975770e-07	4.444247e-01	4.445795e-01	4.444201e-01
3.527966903404339e-07	4.444251e-01	4.445782e-01	4.444193e-01
3.528055474832908e-07	4.444256e-01	4.445770e-01	4.444186e-01
3.528144046261478e-07	4.444262e-01	4.445758e-01	4.444179e-01
3.528232617690047e-07	4.444268e-01	4.445746e-01	4.444172e-01
3.528321189118616e-07	4.444276e-01	4.445734e-01	4.444165e-01
3.528409760547185e-07	4.444284e-01	4.445722e-01	4.444158e-01
3.528498331975754e-07	4.444293e-01	4.445710e-01	4.444151e-01
3.528694046261464e-07	4.444317e-01	4.445683e-01	4.444136e-01
3.528889760547173e-07	4.444344e-01	4.445656e-01	4.444121e-01
3.529085474832882e-07	4.444372e-01	4.445629e-01	4.444106e-01
3.529281189118592e-07	4.444403e-01	4.445602e-01	4.444091e-01
3.529476903404301e-07	4.444436e-01	4.445576e-01	4.444076e-01
3.529672617690010e-07	4.444471e-01	4.445550e-01	4.444062e-01
3.529868331975720e-07	4.444508e-01	4.445523e-01	4.444047e-01
3.530058331975715e-07	4.444544e-01	4.445498e-01	4.444033e-01
3.530248331975710e-07	4.444579e-01	4.445473e-01	4.444020e-01
3.530438331975705e-07	4.444614e-01	4.445447e-01	4.444006e-01
3.530628331975700e-07	4.444647e-01	4.445422e-01	4.443993e-01
3.530818331975695e-07	4.444679e-01	4.445397e-01	4.443980e-01
3.531008331975691e-07	4.444710e-01	4.445372e-01	4.443967e-01
3.531198331975686e-07	4.444741e-01	4.445347e-01	4.443955e-01
3.531348331975682e-07	4.444763e-01	4.445328e-01	4.443945e-01
3.531498331975678e-07	4.444783e-01	4.445308e-01	4.443935e-01
3.531648331975674e-07	4.444801e-01	4.445288e-01	4.443925e-01
3.531798331975671e-07	4.444818e-01	4.445269e-01	4.443915e-01
3.531948331975667e-07	4.444834e-01	4.445249e-01	4.443906e-01
3.532098331975663e-07	4.444847e-01	4.445230e-01	4.443897e-01
3.532248331975659e-07	4.444859e-01	4.445210e-01	4.443887e-01
3.532338331975657e-07	4.444866e-01	4.445198e-01	4.443882e-01
3.533048331975639e-07	4.444889e-01	4.445106e-01	4.443840e-01
3.533139760547065e-07	4.444889e-01	4.445095e-01	4.443835e-01
3.533231189118492e-07	4.444889e-01	4.445083e-01	4.443829e-01
3.533322617689918e-07	4.444887e-01	4.445071e-01	4.443824e-01
3.533414046261344e-07	4.444885e-01	4.445060e-01	4.443819e-01
3.533505474832770e-07	4.444883e-01	4.445048e-01	4.443814e-01
3.533596903404197e-07	4.444879e-01	4.445037e-01	4.443809e-01
3.533688331975623e-07	4.444875e-01	4.445025e-01	4.443804e-01
3.533879760547047e-07	4.444864e-01	4.445001e-01	4.443794e-01
3.534071189118470e-07	4.444850e-01	4.444978e-01	4.443784e-01
3.534262617689894e-07	4.444835e-01	4.444955e-01	4.443774e-01
3.534454046261318e-07	4.444817e-01	4.444932e-01	4.443764e-01
3.534645474832741e-07	4.444797e-01	4.444910e-01	4.443755e-01
3.534836903404165e-07	4.444774e-01	4.444888e-01	4.443745e-01
3.535028331975589e-07	4.444750e-01	4.444866e-01	4.443736e-01
3.535371189118437e-07	4.444699e-01	4.444829e-01	4.443720e-01
3.535714046261286e-07	4.444648e-01	4.444795e-01	4.443705e-01
3.536056903404134e-07	4.444597e-01	4.444764e-01	4.443690e-01
3.536399760546983e-07	4.444545e-01	4.444736e-01	4.443676e-01
3.536742617689831e-07	4.444492e-01	4.444711e-01	4.443663e-01
3.537085474832680e-07	4.444439e-01	4.444689e-01	4.443650e-01
3.537428331975528e-07	4.444385e-01	4.444670e-01	4.443637e-01
3.537604046261238e-07	4.444360e-01	4.444662e-01	4.443631e-01
3.537779760546948e-07	4.444336e-01	4.444655e-01	4.443625e-01
3.537955474832658e-07	4.444314e-01	4.444650e-01	4.443620e-01
3.538131189118367e-07	4.444294e-01	4.444645e-01	4.443614e-01
3.538306903404077e-07	4.444274e-01	4.444642e-01	4.443609e-01
3.538482617689787e-07	4.444256e-01	4.444639e-01	4.443603e-01
3.538658331975497e-07	4.444240e-01	4.444638e-01	4.443598e-01
3.538785474832636e-07	4.444229e-01	4.444638e-01	4.443594e-01
3.538912617689776e-07	4.444219e-01	4.444638e-01	4.443591e-01
3.539039760546916e-07	4.444211e-01	4.444639e-01	4.443587e-01
3.539166903404055e-07	4.444203e-01	4.444641e-01	4.443584e-01
3.539294046261195e-07	4.444197e-01	4.444643e-01	4.443580e-01
3.539421189118335e-07	4.444191e-01	4.444646e-01	4.443577e-01
3.539548331975474e-07	4.444187e-01	4.444649e-01	4.443574e-01
3.539679760546900e-07	4.444184e-01	4.444653e-01	4.443571e-01
3.539811189118325e-07	4.444182e-01	4.444658e-01	4.443568e-01
3.539942617689750e-07	4.444181e-01	4.444664e-01	4.443564e-01
3.540074046261175e-07	4.444182e-01	4.444670e-01	4.443561e-01
3.540205474832601e-07	4.444184e-01	4.444677e-01	4.443558e-01
3.540336903404026e-07	4.444187e-01	4.444684e-01	4.443556e-01
3.540468331975451e-07	4.444191e-01	4.444692e-01	4.443553e-01
3.540674046261160e-07	4.444201e-01	4.444706e-01	4.443549e-01
3.540879760546869e-07	4.444214e-01	4.444721e-01	4.443545e-01
3.541085474832578e-07	4.444230e-01	4.444737e-01	4.443541e-01
3.541291189118287e-07	4.444250e-01	4.444755e-01	4.443537e-01
3.541496903403996e-07	4.444273e-01	4.444774e-01	4.443534e-01
3.541702617689705e-07	4.444299e-01	4.444794e-01	4.443530e-01
3.541908331975415e-07	4.444328e-01	4.444816e-01	4.443527e-01
3.542002617689698e-07	4.444342e-01	4.444826e-01	4.443526e-01
3.542096903403981e-07	4.444357e-01	4.444837e-01	4.443525e-01
3.542191189118264e-07	4.444373e-01	4.444848e-01	4.443523e-01
3.542285474832548e-07	4.444389e-01	4.444859e-01	4.443522e-01
3.542379760546831e-07	4.444406e-01	4.444870e-01	4.443521e-01
3.542474046261114e-07	4.444424e-01	4.444881e-01	4.443519e-01
3.542568331975398e-07	4.444442e-01	4.444893e-01	4.443518e-01
3.542578331975398e-07	4.444444e-01	4.444894e-01	4.443518e-01
3.543005474832530e-07	4.444537e-01	4.444950e-01	4.443513e-01
3.543432617689662e-07	4.444638e-01	4.445009e-01	4.443509e-01
3.543859760546794e-07	4.444748e-01	4.445069e-01	4.443506e-01
3.544286903403926e-07	4.444866e-01	4.445130e-01	4.443503e-01
3.544714046261058e-07	4.444992e-01	4.445194e-01	4.443500e-01
3.545141189118190e-07	4.445126e-01	4.445259e-01	4.443499e-01
3.545568331975322e-07	4.445269e-01	4.445325e-01	4.443498e-01
3.546002617689597e-07	4.445418e-01	4.445392e-01	4.443497e-01
3.546436903403871e-07	4.445565e-01	4.445457e-01	4.443497e-01
3.546871189118146e-07	4.445711e-01	4.445518e-01	4.443498e-01
3.547305474832421e-07	4.445854e-01	4.445578e-01	4.443499e-01
3.547739760546695e-07	4.445996e-01	4.445634e-01	4.443500e-01
3.548174046260970e-07	4.446136e-01	4.445688e-01	4.443502e-01
3.548608331975245e-07	4.446275e-01	4.445739e-01	4.443505e-01
3.548951189118093e-07	4.446378e-01	4.445776e-01	4.443507e-01
3.549294046260942e-07	4.446476e-01	4.445811e-01	4.443509e-01
3.549636903403790e-07	4.446567e-01	4.445842e-01	4.443512e-01
3.549979760546639e-07	4.446653e-01	4.445870e-01	4.443515e-01
3.550322617689487e-07	4.446733e-01	4.445895e-01	4.443518e-01
3.550665474832336e-07	4.446807e-01	4.445918e-01	4.443521e-01
3.551008331975184e-07	4.446876e-01	4.445937e-01	4.443525e-01
3.551255474832321e-07	4.446920e-01	4.445949e-01	4.443527e-01
3.551502617689457e-07	4.446960e-01	4.445959e-01	4.443530e-01
3.551749760546594e-07	4.446997e-01	4.445968e-01	4.443533e-01
3.551996903403730e-07	4.447029e-01	4.445975e-01	4.443535e-01
3.552244046260867e-07	4.447057e-01	4.445981e-01	4.443538e-01
3.552491189118004e-07	4.447081e-01	4.445985e-01	4.443542e-01
3.552738331975140e-07	4.447102e-01	4.445987e-01	4.443545e-01
3.552818331975138e-07	4.447107e-01	4.445988e-01	4.443546e-01
3.552974046260848e-07	4.447117e-01	4.445988e-01	4.443548e-01
3.553129760546559e-07	4.447125e-01	4.445988e-01	4.443550e-01
3.553285474832269e-07	4.447131e-01	4.445988e-01	4.443552e-01
3.553441189117979e-07	4.447136e-01	4.445987e-01	4.443554e-01
3.553596903403690e-07	4.447139e-01	4.445985e-01	4.443556e-01
3.553752617689400e-07	4.447140e-01	4.445983e-01	4.443558e-01
3.553908331975110e-07	4.447140e-01	4.445980e-01	4.443560e-01
3.554144046260819e-07	4.447136e-01	4.445975e-01	4.443563e-01
3.554379760546527e-07	4.447129e-01	4.445968e-01	4.443567e-01
3.554615474832235e-07	4.447117e-01	4.445961e-01	4.443570e-01
3.554851189117944e-07	4.447103e-01	4.445952e-01	4.443573e-01
3.555086903403652e-07	4.447084e-01	4.445943e-01	4.443577e-01
3.555322617689360e-07	4.447063e-01	4.445932e-01	4.443580e-01
3.555558331975069e-07	4.447037e-01	4.445921e-01	4.443583e-01
3.556044046260771e-07	4.446972e-01	4.445893e-01	4.443591e-01
3.556529760546473e-07	4.446895e-01	4.445864e-01	4.443598e-01
3.557015474832175e-07	4.446806e-01	4.445833e-01	4.443605e-01
3.557501189117877e-07	4.446706e-01	4.445799e-01	4.443612e-01
3.557986903403579e-07	4.446594e-01	4.445764e-01	4.443620e-01
3.558472617689281e-07	4.446471e-01	4.445727e-01	4.443627e-01
3.558958331974983e-07	4.446337e-01	4.445688e-01	4.443634e-01
3.559465474832113e-07	4.446187e-01	4.445646e-01	4.443642e-01
3.559972617689243e-07	4.446034e-01	4.445606e-01	4.443650e-01
3.560479760546373e-07	4.445876e-01	4.445567e-01	4.443657e-01
3.560986903403503e-07	4.445715e-01	4.445529e-01	4.443665e-01
3.561494046260633e-07	4.445550e-01	4.445492e-01	4.443672e-01
3.562001189117763e-07	4.445380e-01	4.445456e-01	4.443679e-01
3.562508331974893e-07	4.445207e-01	4.445421e-01	4.443686e-01
3.563058331974879e-07	4.445023e-01	4.445387e-01	4.443693e-01
3.563461189117726e-07	4.444889e-01	4.445363e-01	4.443699e-01
3.563864046260573e-07	4.444757e-01	4.445342e-01	4.443704e-01
3.564266903403419e-07	4.444628e-01	4.445322e-01	4.443709e-01
3.564669760546266e-07	4.444503e-01	4.445305e-01	4.443714e-01
3.565072617689113e-07	4.444380e-01	4.445289e-01	4.443719e-01
3.565475474831960e-07	4.444260e-01	4.445275e-01	4.443724e-01
3.565878331974807e-07	4.444143e-01	4.445262e-01	4.443729e-01
3.566181189117657e-07	4.444058e-01	4.445254e-01	4.443732e-01
3.566484046260506e-07	4.443977e-01	4.445248e-01	4.443735e-01
3.566786903403356e-07	4.443898e-01	4.445242e-01	4.443738e-01
3.567089760546205e-07	4.443823e-01	4.445237e-01	4.443742e-01
3.567392617689055e-07	4.443750e-01	4.445234e-01	4.443745e-01
3.567695474831904e-07	4.443681e-01	4.445231e-01	4.443748e-01
3.567998331974754e-07	4.443614e-01	4.445230e-01	4.443751e-01
3.568269760546175e-07	4.443557e-01	4.445230e-01	4.443753e-01
3.568541189117597e-07	4.443504e-01	4.445230e-01	4.443756e-01
3.568812617689019e-07	4.443453e-01	4.445232e-01	4.443758e-01
3.569084046260440e-07	4.443405e-01	4.445234e-01	4.443761e-01
3.569355474831862e-07	4.443359e-01	4.445236e-01	4.443763e-01
3.569626903403284e-07	4.443317e-01	4.445240e-01	4.443765e-01
3.569898331974705e-07	4.443277e-01	4.445244e-01	4.443767e-01
3.570286903403267e-07	4.443226e-01	4.445251e-01	4.443770e-01
3.570675474831829e-07	4.443181e-01	4.445260e-01	4.443773e-01
3.571064046260390e-07	4.443142e-01	4.445269e-01	4.443776e-01
3.571452617688952e-07	4.443109e-01	4.445280e-01	4.443779e-01
3.571841189117513e-07	4.443083e-01	4.445291e-01	4.443781e-01
3.572229760546075e-07	4.443062e-01	4.445304e-01	4.443784e-01
3.572618331974636e-07	4.443048e-01	4.445318e-01	4.443786e-01
3.572714046260348e-07	4.443045e-01	4.445321e-01	4.443786e-01
3.572809760546060e-07	4.443043e-01	4.445325e-01	4.443787e-01
3.572905474831772e-07	4.443041e-01	4.445328e-01	4.443787e-01
3.573001189117484e-07	4.443039e-01	4.445332e-01	4.443788e-01
3.573096903403196e-07	4.443038e-01	4.445335e-01	4.443788e-01
3.573192617688908e-07	4.443037e-01	4.445339e-01	4.443789e-01
3.573288331974619e-07	4.443036e-01	4.445343e-01	4.443789e-01
3.573298331974619e-07	4.443036e-01	4.445343e-01	4.443789e-01
3.573602617688897e-07	4.443037e-01	4.445355e-01	4.443791e-01
3.573906903403175e-07	4.443041e-01	4.445367e-01	4.443792e-01
3.574211189117453e-07	4.443048e-01	4.445380e-01	4.443794e-01
3.574515474831731e-07	4.443058e-01	4.445392e-01	4.443795e-01
3.574819760546009e-07	4.443072e-01	4.445405e-01	4.443796e-01
3.575124046260287e-07	4.443089e-01	4.445418e-01	4.443797e-01
3.575428331974565e-07	4.443109e-01	4.445431e-01	4.443798e-01
3.576026903403122e-07	4.443159e-01	4.445457e-01	4.443800e-01
3.576625474831678e-07	4.443217e-01	4.445482e-01	4.443802e-01
3.577224046260234e-07	4.443284e-01	4.445506e-01	4.443803e-01
3.577822617688790e-07	4.443359e-01	4.445529e-01	4.443805e-01
3.578421189117347e-07	4.443444e-01	4.445551e-01	4.443806e-01
3.579019760545903e-07	4.443536e-01	4.445573e-01	4.443806e-01
3.579618331974459e-07	4.443638e-01	4.445593e-01	4.443807e-01
3.580082617688733e-07	4.443720e-01	4.445607e-01	4.443807e-01
3.580546903403007e-07	4.443804e-01	4.445620e-01	4.443807e-01
3.581011189117281e-07	4.443890e-01	4.445631e-01	4.443807e-01
3.581475474831555e-07	4.443978e-01	4.445641e-01	4.443807e-01
3.581939760545829e-07	4.444068e-01	4.445650e-01	4.443807e-01
3.582404046260103e-07	4.444160e-01	4.445657e-01	4.443807e-01
3.582868331974377e-07	4.444254e-01	4.445664e-01	4.443806e-01
3.583538331974360e-07	4.444390e-01	4.445670e-01	4.443806e-01
3.583904046260065e-07	4.444465e-01	4.445672e-01	4.443805e-01
3.584269760545770e-07	4.444540e-01	4.445673e-01	4.443805e-01
3.584635474831475e-07	4.444614e-01	4.445673e-01	4.443805e-01
3.585001189117180e-07	4.444688e-01	4.445673e-01	4.443804e-01
3.585366903402885e-07	4.444761e-01	4.445671e-01	4.443804e-01
3.585732617688590e-07	4.444835e-01	4.445669e-01	4.443803e-01
3.586098331974295e-07	4.444908e-01	4.445665e-01	4.443802e-01
3.586195474831435e-07	4.444927e-01	4.445664e-01	4.443802e-01
3.586292617688576e-07	4.444946e-01	4.445663e-01	4.443802e-01
3.586389760545716e-07	4.444965e-01	4.445662e-01	4.443802e-01
3.586486903402857e-07	4.444984e-01	4.445660e-01	4.443802e-01
3.586584046259997e-07	4.445003e-01	4.445659e-01	4.443802e-01
3.586681189117137e-07	4.445022e-01	4.445658e-01	4.443802e-01
3.586778331974278e-07	4.445041e-01	4.445657e-01	4.443802e-01
3.586902617688560e-07	4.445065e-01	4.445655e-01	4.443802e-01
3.587026903402843e-07	4.445088e-01	4.445653e-01	4.443803e-01
3.587151189117125e-07	4.445112e-01	4.445650e-01	4.443804e-01
3.587275474831408e-07	4.445136e-01	4.445648e-01	4.443806e-01
3.587399760545691e-07	4.445159e-01	4.445646e-01	4.443808e-01
3.587524046259973e-07	4.445183e-01	4.445643e-01	4.443811e-01
3.587648331974256e-07	4.445206e-01	4.445641e-01	4.443814e-01
3.587766903402824e-07	4.445228e-01	4.445638e-01	4.443817e-01
3.587885474831393e-07	4.445250e-01	4.445636e-01	4.443821e-01
3.588004046259961e-07	4.445271e-01	4.445633e-01	4.443826e-01
3.588122617688529e-07	4.445293e-01	4.445630e-01	4.443831e-01
3.588241189117098e-07	4.445314e-01	4.445628e-01	4.443837e-01
3.588359760545666e-07	4.445336e-01	4.445625e-01	4.443843e-01
3.588478331974235e-07	4.445357e-01	4.445622e-01	4.443851e-01
3.588651189117087e-07	4.445388e-01	4.445617e-01	4.443862e-01
3.588824046259940e-07	4.445418e-01	4.445613e-01	4.443874e-01
3.588996903402793e-07	4.445448e-01	4.445608e-01	4.443886e-01
3.589169760545646e-07	4.445478e-01	4.445603e-01	4.443899e-01
3.589342617688498e-07	4.445507e-01	4.445598e-01	4.443912e-01
3.589515474831351e-07	4.445536e-01	4.445592e-01	4.443926e-01
3.589688331974204e-07	4.445565e-01	4.445587e-01	4.443941e-01
3.589872617688485e-07	4.445595e-01	4.445581e-01	4.443956e-01
3.590056903402766e-07	4.445625e-01	4.445575e-01	4.443970e-01
3.590241189117047e-07	4.445654e-01	4.445569e-01	4.443983e-01
3.590425474831328e-07	4.445683e-01	4.445562e-01	4.443995e-01
3.590609760545609e-07	4.445712e-01	4.445556e-01	4.444005e-01
3.590794046259890e-07	4.445740e-01	4.445549e-01	4.444014e-01
3.590978331974171e-07	4.445767e-01	4.445542e-01	4.444023e-01
3.591104046259882e-07	4.445786e-01	4.445537e-01	4.444027e-01
3.591229760545593e-07	4.445804e-01	4.445532e-01	4.444030e-01
3.591355474831305e-07	4.445822e-01	4.445527e-01	4.444032e-01
3.591481189117016e-07	4.445840e-01	4.445522e-01	4.444033e-01
3.591606903402727e-07	4.445858e-01	4.445517e-01	4.444033e-01
3.591732617688438e-07	4.445876e-01	4.445512e-01	4.444032e-01
3.591858331974149e-07	4.445893e-01	4.445507e-01	4.444030e-01
3.592006903402717e-07	4.445913e-01	4.445501e-01	4.444026e-01
3.592155474831284e-07	4.445933e-01	4.445495e-01	4.444020e-01
3.592304046259852e-07	4.445953e-01	4.445488e-01	4.444013e-01
3.592452617688420e-07	4.445972e-01	4.445482e-01	4.444004e-01
3.592601189116987e-07	4.445991e-01	4.445476e-01	4.443994e-01
3.592749760545555e-07	4.446010e-01	4.445469e-01	4.443981e-01
3.592898331974123e-07	4.446028e-01	4.445463e-01	4.443968e-01
3.593022617688405e-07	4.446043e-01	4.445457e-01	4.443955e-01
3.593146903402688e-07	4.446058e-01	4.445451e-01	4.443941e-01
3.593271189116970e-07	4.446073e-01	4.445446e-01	4.443926e-01
3.593395474831253e-07	4.446088e-01	4.445440e-01	4.443911e-01
3.593519760545535e-07	4.446102e-01	4.445434e-01	4.443894e-01
3.593644046259818e-07	4.446116e-01	4.445429e-01	4.443877e-01
3.593768331974101e-07	4.446130e-01	4.445423e-01	4.443859e-01
3.593778331974100e-07	4.446131e-01	4.445422e-01	4.443857e-01
3.594202617688375e-07	4.446177e-01	4.445402e-01	4.443783e-01
3.594626903402650e-07	4.446220e-01	4.445382e-01	4.443708e-01
3.595051189116925e-07	4.446261e-01	4.445361e-01	4.443633e-01
3.595475474831200e-07	4.446300e-01	4.445340e-01	4.443558e-01
3.595899760545475e-07	4.446336e-01	4.445319e-01	4.443482e-01
3.596324046259750e-07	4.446369e-01	4.445298e-01	4.443406e-01
3.596748331974025e-07	4.446400e-01	4.445276e-01	4.443330e-01
3.596969760545448e-07	4.446416e-01	4.445265e-01	4.443295e-01
3.597191189116871e-07	4.446431e-01	4.445254e-01	4.443264e-01
3.597412617688294e-07	4.446445e-01	4.445243e-01	4.443236e-01
3.597634046259717e-07	4.446458e-01	4.445232e-01	4.443210e-01
3.597855474831140e-07	4.446471e-01	4.445220e-01	4.443187e-01
3.598076903402563e-07	4.446484e-01	4.445209e-01	4.443168e-01
3.598298331973986e-07	4.446496e-01	4.445198e-01	4.443151e-01
3.598456903402553e-07	4.446504e-01	4.445190e-01	4.443141e-01
3.598615474831121e-07	4.446512e-01	4.445182e-01	4.443133e-01
3.598774046259688e-07	4.446519e-01	4.445174e-01	4.443127e-01
3.598932617688255e-07	4.446526e-01	4.445166e-01	4.443123e-01
3.599091189116823e-07	4.446534e-01	4.445158e-01	4.443120e-01
3.599249760545390e-07	4.446540e-01	4.445151e-01	4.443120e-01
3.599408331973958e-07	4.446547e-01	4.445143e-01	4.443121e-01
3.599616903402524e-07	4.446555e-01	4.445132e-01	4.443125e-01
3.599825474831090e-07	4.446562e-01	4.445122e-01	4.443133e-01
3.600034046259656e-07	4.446570e-01	4.445112e-01	4.443143e-01
3.600242617688222e-07	4.446576e-01	4.445102e-01	4.443156e-01
3.600451189116788e-07	4.446583e-01	4.445092e-01	4.443172e-01
3.600659760545355e-07	4.446589e-01	4.445082e-01	4.443191e-01
3.600868331973921e-07	4.446594e-01	4.445072e-01	4.443213e-01
3.601316903402481e-07	4.446604e-01	4.445051e-01	4.443272e-01
3.601765474831041e-07	4.446613e-01	4.445030e-01	4.443337e-01
3.602214046259601e-07	4.446620e-01	4.445010e-01	4.443408e-01
3.602662617688161e-07	4.446626e-01	4.444990e-01	4.443486e-01
3.603111189116721e-07	4.446630e-01	4.444971e-01	4.443569e-01
3.603559760545281e-07	4.446632e-01	4.444952e-01	4.443659e-01
3.604008331973841e-07	4.446633e-01	4.444934e-01	4.443755e-01
3.604018331973841e-07	4.446633e-01	4.444934e-01	4.443757e-01
3.604388331973832e-07	4.446633e-01	4.444919e-01	4.443834e-01
3.604758331973822e-07	4.446632e-01	4.444905e-01	4.443909e-01
3.605128331973813e-07	4.446631e-01	4.444891e-01	4.443981e-01
3.605498331973803e-07	4.446629e-01	4.444877e-01	4.444051e-01
3.605868331973794e-07	4.446626e-01	4.444864e-01	4.444117e-01
3.606238331973785e-07	4.446622e-01	4.444851e-01	4.444181e-01
3.606608331973775e-07	4.446618e-01	4.444838e-01	4.444242e-01
3.606914046259482e-07	4.446614e-01	4.444829e-01	4.444288e-01
3.607219760545188e-07	4.446610e-01	4.444819e-01	4.444330e-01
3.607525474830895e-07	4.446606e-01	4.444809e-01	4.444368e-01
3.607831189116601e-07	4.446601e-01	4.444800e-01	4.444402e-01
3.608136903402308e-07	4.446596e-01	4.444791e-01	4.444432e-01
3.608442617688015e-07	4.446591e-01	4.444783e-01	4.444458e-01
3.608748331973721e-07	4.446585e-01	4.444774e-01	4.444481e-01
3.608998331973715e-07	4.446581e-01	4.444768e-01	4.444495e-01
3.609248331973708e-07	4.446576e-01	4.444761e-01	4.444508e-01
3.609498331973702e-07	4.446572e-01	4.444755e-01	4.444517e-01
3.609748331973696e-07	4.446567e-01	4.444749e-01	4.444524e-01
3.609998331973689e-07	4.446562e-01	4.444743e-01	4.444528e-01
3.610248331973683e-07	4.446556e-01	4.444737e-01	4.444530e-01
3.610498331973677e-07	4.446551e-01	4.444731e-01	4.444529e-01
3.610876903402239e-07	4.446543e-01	4.444723e-01	4.444521e-01
3.611255474830800e-07	4.446535e-01	4.444715e-01	4.444509e-01
3.611634046259362e-07	4.446528e-01	4.444708e-01	4.444493e-01
3.612012617687924e-07	4.446519e-01	4.444701e-01	4.444473e-01
3.612391189116486e-07	4.446511e-01	4.444694e-01	4.444448e-01
3.612769760545048e-07	4.446503e-01	4.444687e-01	4.444418e-01
3.613148331973610e-07	4.446495e-01	4.444681e-01	4.444384e-01
3.613305474830748e-07	4.446492e-01	4.444679e-01	4.444369e-01
3.613462617687887e-07	4.446488e-01	4.444677e-01	4.444354e-01
3.613619760545026e-07	4.446485e-01	4.444674e-01	4.444339e-01
3.613776903402165e-07	4.446482e-01	4.444672e-01	4.444323e-01
3.613934046259304e-07	4.446478e-01	4.444670e-01	4.444307e-01
3.614091189116443e-07	4.446475e-01	4.444668e-01	4.444290e-01
3.614248331973582e-07	4.446472e-01	4.444666e-01	4.444273e-01
3.614258331973581e-07	4.446472e-01	4.444666e-01	4.444271e-01
3.614764046259283e-07	4.446461e-01	4.444659e-01	4.444212e-01
3.615269760544984e-07	4.446451e-01	4.444653e-01	4.444153e-01
3.615775474830686e-07	4.446441e-01	4.444648e-01	4.444094e-01
3.616281189116387e-07	4.446432e-01	4.444643e-01	4.444035e-01
3.616786903402089e-07	4.446422e-01	4.444638e-01	4.443976e-01
3.617292617687790e-07	4.446414e-01	4.444634e-01	4.443917e-01
3.617798331973492e-07	4.446405e-01	4.444630e-01	4.443859e-01
3.618248331973480e-07	4.446398e-01	4.444627e-01	4.443810e-01
3.618258331973480e-07	4.446397e-01	4.444627e-01	4.443809e-01
3.618268331973480e-07	4.446397e-01	4.444627e-01	4.443808e-01
3.618278331973480e-07	4.446397e-01	4.444627e-01	4.443806e-01
3.618288331973479e-07	4.446397e-01	4.444627e-01	4.443805e-01
3.618298331973479e-07	4.446397e-01	4.444627e-01	4.443805e-01
3.618308331973479e-07	4.446397e-01	4.444627e-01	4.443804e-01
3.618318331973479e-07	4.446397e-01	4.444627e-01	4.443803e-01
3.618338331973478e-07	4.446396e-01	4.444627e-01	4.443800e-01
3.618521189116331e-07	4.446393e-01	4.444625e-01	4.443782e-01
3.618704046259183e-07	4.446391e-01	4.444624e-01	4.443763e-01
3.618886903402036e-07	4.446388e-01	4.444623e-01	4.443744e-01
3.619069760544888e-07	4.446385e-01	4.444622e-01	4.443725e-01
3.619252617687741e-07	4.446382e-01	4.444621e-01	4.443706e-01
3.619435474830593e-07	4.446380e-01	4.444620e-01	4.443686e-01
3.619618331973446e-07	4.446377e-01	4.444619e-01	4.443666e-01
3.619771189116299e-07	4.446375e-01	4.444618e-01	4.443649e-01
3.619924046259152e-07	4.446373e-01	4.444618e-01	4.443630e-01
3.620076903402005e-07	4.446371e-01	4.444617e-01	4.443611e-01
3.620229760544859e-07	4.446369e-01	4.444616e-01	4.443591e-01
3.620382617687712e-07	4.446367e-01	4.444615e-01	4.443569e-01
3.620535474830565e-07	4.446365e-01	4.444615e-01	4.443548e-01
3.620688331973419e-07	4.446363e-01	4.444614e-01	4.443525e-01
3.620885474830556e-07	4.446361e-01	4.444613e-01	4.443493e-01
3.621082617687694e-07	4.446359e-01	4.444612e-01	4.443461e-01
3.621279760544832e-07	4.446356e-01	4.444611e-01	4.443429e-01
3.621476903401970e-07	4.446354e-01	4.444611e-01	4.443395e-01
3.621674046259108e-07	4.446352e-01	4.444610e-01	4.443362e-01
3.621871189116246e-07	4.446350e-01	4.444609e-01	4.443327e-01
3.622068331973384e-07	4.446348e-01	4.444609e-01	4.443292e-01
3.622305474830520e-07	4.446346e-01	4.444608e-01	4.443250e-01
3.622542617687657e-07	4.446344e-01	4.444607e-01	4.443210e-01
3.622779760544794e-07	4.446341e-01	4.444606e-01	4.443173e-01
3.623016903401931e-07	4.446339e-01	4.444605e-01	4.443139e-01
3.623254046259068e-07	4.446337e-01	4.444605e-01	4.443108e-01
3.623491189116205e-07	4.446335e-01	4.444604e-01	4.443079e-01
3.623728331973342e-07	4.446333e-01	4.444603e-01	4.443053e-01
3.623836903401910e-07	4.446333e-01	4.444603e-01	4.443043e-01
3.623945474830479e-07	4.446332e-01	4.444603e-01	4.443035e-01
3.624054046259048e-07	4.446331e-01	4.444602e-01	4.443027e-01
3.624162617687616e-07	4.446330e-01	4.444602e-01	4.443020e-01
3.624271189116185e-07	4.446330e-01	4.444602e-01	4.443015e-01
3.624379760544754e-07	4.446329e-01	4.444601e-01	4.443010e-01
3.624488331973322e-07	4.446328e-01	4.444601e-01	4.443007e-01
3.624498331973322e-07	4.446328e-01	4.444601e-01	4.443007e-01
3.624622617687605e-07	4.446327e-01	4.444601e-01	4.443005e-01
3.624746903401887e-07	4.446326e-01	4.444600e-01	4.443004e-01
3.624871189116170e-07	4.446325e-01	4.444600e-01	4.443005e-01
3.624995474830452e-07	4.446325e-01	4.444600e-01	4.443007e-01
3.625119760544735e-07	4.446324e-01	4.444599e-01	4.443011e-01
3.625244046259017e-07	4.446323e-01	4.444599e-01	4.443017e-01
3.625368331973300e-07	4.446322e-01	4.444599e-01	4.443024e-01
3.625561189116152e-07	4.446321e-01	4.444598e-01	4.443039e-01
3.625754046259005e-07	4.446320e-01	4.444597e-01	4.443057e-01
3.625946903401857e-07	4.446319e-01	4.444597e-01	4.443079e-01
3.626139760544709e-07	4.446318e-01	4.444596e-01	4.443105e-01
3.626332617687561e-07	4.446317e-01	4.444596e-01	4.443133e-01
3.626525474830414e-07	4.446316e-01	4.444595e-01	4.443166e-01
3.626718331973266e-07	4.446315e-01	4.444595e-01	4.443202e-01
3.627268331973252e-07	4.446313e-01	4.444593e-01	4.443334e-01
3.627818331973238e-07	4.446311e-01	4.444591e-01	4.443471e-01
3.628368331973224e-07	4.446309e-01	4.444589e-01	4.443612e-01
3.628918331973210e-07	4.446307e-01	4.444587e-01	4.443758e-01
3.629468331973196e-07	4.446305e-01	4.444585e-01	4.443908e-01
3.630018331973182e-07	4.446304e-01	4.444583e-01	4.444063e-01
3.630568331973168e-07	4.446303e-01	4.444581e-01	4.444222e-01
3.630832617687447e-07	4.446302e-01	4.444579e-01	4.444288e-01
3.631096903401726e-07	4.446301e-01	4.444578e-01	4.444348e-01
3.631361189116005e-07	4.446301e-01	4.444577e-01	4.444404e-01
3.631625474830284e-07	4.446300e-01	4.444576e-01	4.444455e-01
3.631889760544563e-07	4.446299e-01	4.444574e-01	4.444500e-01
3.632154046258842e-07	4.446299e-01	4.444573e-01	4.444541e-01
3.632418331973121e-07	4.446298e-01	4.444572e-01	4.444577e-01
3.632611189115974e-07	4.446298e-01	4.444571e-01	4.444599e-01
3.632804046258826e-07	4.446297e-01	4.444570e-01	4.444618e-01
3.632996903401678e-07	4.446297e-01	4.444568e-01	4.444633e-01
3.633189760544530e-07	4.446296e-01	4.444567e-01	4.444646e-01
3.633382617687383e-07	4.446296e-01	4.444566e-01	4.444655e-01
3.633575474830235e-07	4.446295e-01	4.444565e-01	4.444660e-01
3.633768331973087e-07	4.446295e-01	4.444564e-01	4.444663e-01
3.633905474830227e-07	4.446294e-01	4.444563e-01	4.444663e-01
3.634042617687366e-07	4.446294e-01	4.444562e-01	4.444661e-01
3.634179760544505e-07	4.446294e-01	4.444561e-01	4.444657e-01
3.634316903401645e-07	4.446293e-01	4.444561e-01	4.444652e-01
3.634454046258784e-07	4.446293e-01	4.444560e-01	4.444645e-01
3.634591189115923e-07	4.446292e-01	4.444559e-01	4.444637e-01
3.634728331973063e-07	4.446292e-01	4.444558e-01	4.444627e-01
3.634738331973063e-07	4.446292e-01	4.444558e-01	4.444626e-01
3.635065474830197e-07	4.446291e-01	4.444556e-01	4.444595e-01
3.635392617687332e-07	4.446290e-01	4.444554e-01	4.444556e-01
3.635719760544466e-07	4.446289e-01	4.444551e-01	4.444510e-01
3.636046903401601e-07	4.446287e-01	4.444549e-01	4.444457e-01
3.636374046258735e-07	4.446286e-01	4.444547e-01	4.444397e-01
3.636701189115870e-07	4.446285e-01	4.444544e-01	4.444330e-01
3.637028331973005e-07	4.446284e-01	4.444542e-01	4.444255e-01
3.637612617687275e-07	4.446281e-01	4.444537e-01	4.444103e-01
3.638196903401546e-07	4.446278e-01	4.444532e-01	4.443947e-01
3.638781189115817e-07	4.446275e-01	4.444528e-01	4.443788e-01
3.639365474830088e-07	4.446271e-01	4.444523e-01	4.443625e-01
3.639949760544359e-07	4.446268e-01	4.444518e-01	4.443459e-01
3.640534046258630e-07	4.446264e-01	4.444513e-01	4.443290e-01
3.641118331972901e-07	4.446259e-01	4.444508e-01	4.443117e-01
3.641524046258605e-07	4.446256e-01	4.444504e-01	4.443006e-01
3.641929760544309e-07	4.446253e-01	4.444500e-01	4.442902e-01
3.642335474830013e-07	4.446250e-01	4.444496e-01	4.442804e-01
3.642741189115717e-07	4.446246e-01	4.444493e-01	4.442712e-01
3.643146903401421e-07	4.446242e-01	4.444489e-01	4.442627e-01
3.643552617687125e-07	4.446238e-01	4.444485e-01	4.442549e-01
3.643958331972829e-07	4.446234e-01	4.444481e-01	4.442477e-01
3.644978331972803e-07	4.446223e-01	4.444472e-01	4.442336e-01
3.645274046258510e-07	4.446220e-01	4.444469e-01	4.442306e-01
3.645569760544217e-07	4.446216e-01	4.444466e-01	4.442280e-01
3.645865474829924e-07	4.446213e-01	4.444463e-01	4.442259e-01
3.646161189115630e-07	4.446209e-01	4.444460e-01	4.442242e-01
3.646456903401337e-07	4.446205e-01	4.444458e-01	4.442230e-01
3.646752617687044e-07	4.446202e-01	4.444455e-01	4.442223e-01
3.647048331972751e-07	4.446198e-01	4.444452e-01	4.442221e-01
3.647398331972742e-07	4.446193e-01	4.444449e-01	4.442224e-01
3.647748331972733e-07	4.446188e-01	4.444445e-01	4.442233e-01
3.648098331972724e-07	4.446184e-01	4.444442e-01	4.442248e-01
3.648448331972715e-07	4.446179e-01	4.444439e-01	4.442268e-01
3.648798331972706e-07	4.446174e-01	4.444436e-01	4.442294e-01
3.649148331972698e-07	4.446168e-01	4.444433e-01	4.442326e-01
3.649498331972689e-07	4.446163e-01	4.444430e-01	4.442363e-01
3.650314046258382e-07	4.446151e-01	4.444422e-01	4.442477e-01
3.651129760544076e-07	4.446138e-01	4.444415e-01	4.442604e-01
3.651945474829769e-07	4.446124e-01	4.444409e-01	4.442744e-01
3.652761189115463e-07	4.446110e-01	4.444402e-01	4.442896e-01
3.653576903401157e-07	4.446096e-01	4.444396e-01	4.443062e-01
3.654392617686850e-07	4.446082e-01	4.444390e-01	4.443241e-01
3.655208331972544e-07	4.446067e-01	4.444384e-01	4.443432e-01
3.655218331972544e-07	4.446067e-01	4.444384e-01	4.443434e-01
3.655876903401098e-07	4.446054e-01	4.444380e-01	4.443585e-01
3.656535474829653e-07	4.446042e-01	4.444376e-01	4.443730e-01
3.657194046258208e-07	4.446030e-01	4.444372e-01	4.443869e-01
3.657852617686763e-07	4.446017e-01	4.444368e-01	4.444002e-01
3.658511189115317e-07	4.446005e-01	4.444365e-01	4.444131e-01
3.659169760543872e-07	4.445993e-01	4.444362e-01	4.444253e-01
3.659828331972427e-07	4.445980e-01	4.444359e-01	4.444370e-01
3.660394046258127e-07	4.445969e-01	4.444356e-01	4.444461e-01
3.660959760543827e-07	4.445958e-01	4.444354e-01	4.444544e-01
3.661525474829527e-07	4.445948e-01	4.444352e-01	4.444618e-01
3.662091189115227e-07	4.445937e-01	4.444350e-01	4.444684e-01
3.662656903400927e-07	4.445926e-01	4.444348e-01	4.444742e-01
3.663222617686627e-07	4.445916e-01	4.444347e-01	4.444791e-01
3.663788331972327e-07	4.445905e-01	4.444345e-01	4.444832e-01
3.665458331972284e-07	4.445875e-01	4.444342e-01	4.444897e-01
3.665944046257986e-07	4.445866e-01	4.444341e-01	4.444900e-01
3.666429760543688e-07	4.445858e-01	4.444341e-01	4.444898e-01
3.666915474829390e-07	4.445849e-01	4.444340e-01	4.444889e-01
3.667401189115092e-07	4.445841e-01	4.444340e-01	4.444873e-01
3.667886903400794e-07	4.445833e-01	4.444340e-01	4.444851e-01
3.668372617686496e-07	4.445825e-01	4.444340e-01	4.444823e-01
3.668858331972198e-07	4.445817e-01	4.444340e-01	4.444789e-01
3.669834046257888e-07	4.445801e-01	4.444340e-01	4.444698e-01
3.670809760543577e-07	4.445786e-01	4.444341e-01	4.444590e-01
3.671785474829267e-07	4.445771e-01	4.444341e-01	4.444466e-01
3.672761189114956e-07	4.445757e-01	4.444343e-01	4.444325e-01
3.673736903400646e-07	4.445743e-01	4.444344e-01	4.444167e-01
3.674712617686336e-07	4.445731e-01	4.444346e-01	4.443993e-01
3.675688331972025e-07	4.445718e-01	4.444348e-01	4.443801e-01
3.675698331972025e-07	4.445718e-01	4.444348e-01	4.443799e-01
3.675974046257732e-07	4.445715e-01	4.444348e-01	4.443745e-01
3.676249760543439e-07	4.445712e-01	4.444349e-01	4.443690e-01
3.676525474829147e-07	4.445709e-01	4.444350e-01	4.443634e-01
3.676801189114854e-07	4.445705e-01	4.444350e-01	4.443578e-01
3.677076903400561e-07	4.445702e-01	4.444351e-01	4.443522e-01
3.677352617686269e-07	4.445699e-01	4.444352e-01	4.443465e-01
3.677628331971976e-07	4.445696e-01	4.444352e-01	4.443407e-01
3.677668331971975e-07	4.445696e-01	4.444352e-01	4.443398e-01
3.677708331971974e-07	4.445695e-01	4.444352e-01	4.443390e-01
3.677748331971973e-07	4.445695e-01	4.444352e-01	4.443382e-01
3.677788331971972e-07	4.445694e-01	4.444352e-01	4.443373e-01
3.677828331971971e-07	4.445694e-01	4.444353e-01	4.443365e-01
3.677868331971970e-07	4.445693e-01	4.444353e-01	4.443357e-01
3.677908331971969e-07	4.445692e-01	4.444353e-01	4.443348e-01
3.677959760543396e-07	4.445691e-01	4.444353e-01	4.443337e-01
3.678011189114823e-07	4.445690e-01	4.444353e-01	4.443326e-01
3.678062617686251e-07	4.445689e-01	4.444353e-01	4.443315e-01
3.678114046257678e-07	4.445687e-01	4.444353e-01	4.443304e-01
3.678165474829105e-07	4.445686e-01	4.444353e-01	4.443294e-01
3.678216903400532e-07	4.445684e-01	4.444354e-01	4.443283e-01
3.678268331971960e-07	4.445682e-01	4.444354e-01	4.443272e-01
3.678341189114815e-07	4.445679e-01	4.444354e-01	4.443256e-01
3.678414046257670e-07	4.445676e-01	4.444354e-01	4.443241e-01
3.678486903400526e-07	4.445672e-01	4.444354e-01	4.443226e-01
3.678559760543381e-07	4.445667e-01	4.444354e-01	4.443210e-01
3.678632617686236e-07	4.445663e-01	4.444354e-01	4.443195e-01
3.678705474829092e-07	4.445658e-01	4.444354e-01	4.443179e-01
3.678778331971947e-07	4.445652e-01	4.444354e-01	4.443163e-01
3.678872617686230e-07	4.445644e-01	4.444354e-01	4.443143e-01
3.678966903400513e-07	4.445636e-01	4.444354e-01	4.443123e-01
3.679061189114797e-07	4.445627e-01	4.444354e-01	4.443103e-01
3.679155474829080e-07	4.445617e-01	4.444354e-01	4.443083e-01
3.679249760543363e-07	4.445607e-01	4.444354e-01	4.443062e-01
3.679344046257647e-07	4.445597e-01	4.444354e-01	4.443042e-01
3.679438331971930e-07	4.445585e-01	4.444354e-01	4.443022e-01
3.679555474829070e-07	4.445571e-01	4.444353e-01	4.442997e-01
3.679672617686210e-07	4.445556e-01	4.444353e-01	4.442972e-01
3.679789760543350e-07	4.445541e-01	4.444353e-01	4.442946e-01
3.679906903400490e-07	4.445525e-01	4.444352e-01	4.442921e-01
3.680024046257630e-07	4.445509e-01	4.444352e-01	4.442896e-01
3.680141189114769e-07	4.445493e-01	4.444352e-01	4.442871e-01
3.680258331971909e-07	4.445477e-01	4.444351e-01	4.442846e-01
3.680419760543334e-07	4.445454e-01	4.444351e-01	4.442811e-01
3.680581189114758e-07	4.445433e-01	4.444350e-01	4.442776e-01
3.680742617686183e-07	4.445412e-01	4.444349e-01	4.442742e-01
3.680904046257607e-07	4.445393e-01	4.444349e-01	4.442707e-01
3.681065474829032e-07	4.445374e-01	4.444348e-01	4.442673e-01
3.681226903400456e-07	4.445357e-01	4.444348e-01	4.442639e-01
3.681388331971881e-07	4.445341e-01	4.444348e-01	4.442604e-01
3.681501189114735e-07	4.445331e-01	4.444348e-01	4.442580e-01
3.681614046257589e-07	4.445322e-01	4.444348e-01	4.442556e-01
3.681726903400444e-07	4.445314e-01	4.444348e-01	4.442532e-01
3.681839760543298e-07	4.445307e-01	4.444348e-01	4.442509e-01
3.681952617686152e-07	4.445301e-01	4.444349e-01	4.442485e-01
3.682065474829006e-07	4.445297e-01	4.444349e-01	4.442461e-01
3.682178331971861e-07	4.445293e-01	4.444349e-01	4.442437e-01
3.682265474829001e-07	4.445291e-01	4.444350e-01	4.442419e-01
3.682352617686142e-07	4.445290e-01	4.444350e-01	4.442401e-01
3.682439760543283e-07	4.445289e-01	4.444351e-01	4.442383e-01
3.682526903400423e-07	4.445289e-01	4.444352e-01	4.442365e-01
3.682614046257564e-07	4.445290e-01	4.444353e-01	4.442347e-01
3.682701189114705e-07	4.445292e-01	4.444354e-01	4.442329e-01
3.682788331971845e-07	4.445294e-01	4.444354e-01	4.442311e-01
3.682919760543270e-07	4.445299e-01	4.444356e-01	4.442283e-01
3.683051189114696e-07	4.445306e-01	4.444358e-01	4.442256e-01
3.683182617686121e-07	4.445314e-01	4.444360e-01	4.442230e-01
3.683314046257546e-07	4.445324e-01	4.444362e-01	4.442203e-01
3.683445474828971e-07	4.445335e-01	4.444364e-01	4.442176e-01
3.683576903400397e-07	4.445348e-01	4.444367e-01	4.442150e-01
3.683708331971822e-07	4.445363e-01	4.444369e-01	4.442123e-01
3.683931189114673e-07	4.445392e-01	4.444374e-01	4.442079e-01
3.684154046257525e-07	4.445424e-01	4.444379e-01	4.442035e-01
3.684376903400376e-07	4.445459e-01	4.444385e-01	4.441991e-01
3.684599760543228e-07	4.445498e-01	4.444390e-01	4.441947e-01
3.684822617686079e-07	4.445540e-01	4.444397e-01	4.441905e-01
3.685045474828931e-07	4.445585e-01	4.444403e-01	4.441862e-01
3.685268331971782e-07	4.445634e-01	4.444410e-01	4.441820e-01
3.685362617686066e-07	4.445654e-01	4.444412e-01	4.441802e-01
3.685456903400349e-07	4.445675e-01	4.444415e-01	4.441785e-01
3.685551189114632e-07	4.445697e-01	4.444418e-01	4.441767e-01
3.685645474828916e-07	4.445718e-01	4.444420e-01	4.441750e-01
3.685739760543199e-07	4.445740e-01	4.444423e-01	4.441733e-01
3.685834046257482e-07	4.445762e-01	4.444426e-01	4.441715e-01
3.685928331971766e-07	4.445784e-01	4.444428e-01	4.441698e-01
3.685938331971765e-07	4.445786e-01	4.444429e-01	4.441696e-01
3.686174046257474e-07	4.445843e-01	4.444435e-01	4.441654e-01
3.686409760543182e-07	4.445899e-01	4.444442e-01	4.441612e-01
3.686645474828890e-07	4.445954e-01	4.444447e-01	4.441571e-01
3.686881189114599e-07	4.446009e-01	4.444453e-01	4.441530e-01
3.687116903400307e-07	4.446062e-01	4.444457e-01	4.441490e-01
3.687352617686015e-07	4.446115e-01	4.444462e-01	4.441451e-01
3.687588331971724e-07	4.446166e-01	4.444465e-01	4.441412e-01
3.687728331971720e-07	4.446196e-01	4.444467e-01	4.441389e-01
3.687868331971716e-07	4.446224e-01	4.444469e-01	4.441367e-01
3.688008331971713e-07	4.446251e-01	4.444470e-01	4.441345e-01
3.688148331971709e-07	4.446276e-01	4.444471e-01	4.441323e-01
3.688288331971706e-07	4.446301e-01	4.444472e-01	4.441301e-01
3.688428331971702e-07	4.446325e-01	4.444472e-01	4.441279e-01
3.688568331971699e-07	4.446348e-01	4.444472e-01	4.441258e-01
3.688714046257409e-07	4.446370e-01	4.444472e-01	4.441236e-01
3.688859760543120e-07	4.446391e-01	4.444471e-01	4.441214e-01
3.689005474828831e-07	4.446410e-01	4.444470e-01	4.441193e-01
3.689151189114541e-07	4.446427e-01	4.444469e-01	4.441172e-01
3.689296903400252e-07	4.446443e-01	4.444468e-01	4.441151e-01
3.689442617685962e-07	4.446458e-01	4.444466e-01	4.441131e-01
3.689588331971673e-07	4.446470e-01	4.444463e-01	4.441111e-01
3.689722617685955e-07	4.446481e-01	4.444461e-01	4.441092e-01
3.689856903400238e-07	4.446489e-01	4.444458e-01	4.441074e-01
3.689991189114520e-07	4.446497e-01	4.444455e-01	4.441056e-01
3.690125474828802e-07	4.446502e-01	4.444451e-01	4.441038e-01
3.690259760543084e-07	4.446507e-01	4.444448e-01	4.441021e-01
3.690394046257367e-07	4.446509e-01	4.444444e-01	4.441004e-01
3.690528331971649e-07	4.446510e-01	4.444440e-01	4.440987e-01
3.690651189114503e-07	4.446510e-01	4.444436e-01	4.440972e-01
3.690774046257357e-07	4.446509e-01	4.444432e-01	4.440957e-01
3.690896903400211e-07	4.446506e-01	4.444427e-01	4.440942e-01
3.691019760543065e-07	4.446502e-01	4.444422e-01	4.440927e-01
3.691142617685919e-07	4.446497e-01	4.444418e-01	4.440913e-01
3.691265474828773e-07	4.446490e-01	4.444413e-01	4.440898e-01
3.691388331971627e-07	4.446482e-01	4.444408e-01	4.440884e-01
3.691641189114478e-07	4.446462e-01	4.444396e-01	4.440856e-01
3.691894046257329e-07	4.446437e-01	4.444384e-01	4.440829e-01
3.692146903400180e-07	4.446408e-01	4.444372e-01	4.440802e-01
3.692399760543030e-07	4.446374e-01	4.444359e-01	4.440777e-01
3.692652617685881e-07	4.446335e-01	4.444346e-01	4.440752e-01
3.692905474828732e-07	4.446292e-01	4.444333e-01	4.440728e-01
3.693158331971582e-07	4.446244e-01	4.444319e-01	4.440705e-01
3.693535474828716e-07	4.446164e-01	4.444298e-01	4.440673e-01
3.693912617685849e-07	4.446079e-01	4.444278e-01	4.440643e-01
3.694289760542982e-07	4.445990e-01	4.444259e-01	4.440615e-01
3.694666903400116e-07	4.445896e-01	4.444240e-01	4.440588e-01
3.695044046257249e-07	4.445797e-01	4.444223e-01	4.440564e-01
3.695421189114382e-07	4.445693e-01	4.444206e-01	4.440542e-01
3.695798331971516e-07	4.445585e-01	4.444191e-01	4.440521e-01
3.696178331971506e-07	4.445477e-01	4.444177e-01	4.440503e-01
3.696396903400072e-07	4.445415e-01	4.444170e-01	4.440493e-01
3.696615474828638e-07	4.445354e-01	4.444164e-01	4.440484e-01
3.696834046257204e-07	4.445293e-01	4.444159e-01	4.440476e-01
3.697052617685770e-07	4.445233e-01	4.444155e-01	4.440468e-01
3.697271189114335e-07	4.445173e-01	4.444151e-01	4.440460e-01
3.697489760542901e-07	4.445115e-01	4.444148e-01	4.440454e-01
3.697708331971467e-07	4.445057e-01	4.444146e-01	4.440448e-01
3.697872617685749e-07	4.445014e-01	4.444145e-01	4.440444e-01
3.698036903400030e-07	4.444973e-01	4.444145e-01	4.440440e-01
3.698201189114312e-07	4.444932e-01	4.444145e-01	4.440437e-01
3.698365474828593e-07	4.444893e-01	4.444146e-01	4.440434e-01
3.698529760542875e-07	4.444854e-01	4.444147e-01	4.440431e-01
3.698694046257157e-07	4.444816e-01	4.444148e-01	4.440429e-01
3.698858331971438e-07	4.444780e-01	4.444150e-01	4.440427e-01
3.699124046257146e-07	4.444723e-01	4.444155e-01	4.440425e-01
3.699389760542853e-07	4.444670e-01	4.444160e-01	4.440423e-01
3.699655474828561e-07	4.444620e-01	4.444167e-01	4.440422e-01
3.699921189114268e-07	4.444575e-01	4.444175e-01	4.440422e-01
3.700186903399976e-07	4.444533e-01	4.444185e-01	4.440423e-01
3.700452617685683e-07	4.444494e-01	4.444195e-01	4.440425e-01
3.700718331971391e-07	4.444460e-01	4.444207e-01	4.440427e-01
3.700951189114242e-07	4.444433e-01	4.444218e-01	4.440430e-01
3.701184046257093e-07	4.444410e-01	4.444230e-01	4.440434e-01
3.701416903399945e-07	4.444390e-01	4.444242e-01	4.440438e-01
3.701649760542796e-07	4.444373e-01	4.444256e-01	4.440442e-01
3.701882617685647e-07	4.444359e-01	4.444270e-01	4.440447e-01
3.702115474828498e-07	4.444349e-01	4.444284e-01	4.440453e-01
3.702348331971350e-07	4.444342e-01	4.444299e-01	4.440460e-01
3.702505474828489e-07	4.444339e-01	4.444310e-01	4.440464e-01
3.702662617685627e-07	4.444338e-01	4.444321e-01	4.440469e-01
3.702819760542766e-07	4.444338e-01	4.444332e-01	4.440474e-01
3.702976903399905e-07	4.444339e-01	4.444343e-01	4.440479e-01
3.703134046257044e-07	4.444342e-01	4.444354e-01	4.440485e-01
3.703291189114183e-07	4.444347e-01	4.444365e-01	4.440491e-01
3.703448331971322e-07	4.444353e-01	4.444377e-01	4.440497e-01
3.703772617685599e-07	4.444370e-01	4.444401e-01	4.440510e-01
3.704096903399877e-07	4.444392e-01	4.444426e-01	4.440524e-01
3.704421189114154e-07	4.444420e-01	4.444451e-01	4.440539e-01
3.704745474828432e-07	4.444453e-01	4.444475e-01	4.440555e-01
3.705069760542709e-07	4.444491e-01	4.444500e-01	4.440571e-01
3.705394046256987e-07	4.444534e-01	4.444524e-01	4.440589e-01
3.705718331971264e-07	4.444583e-01	4.444549e-01	4.440607e-01
3.705816903399833e-07	4.444598e-01	4.444556e-01	4.440613e-01
3.705915474828402e-07	4.444614e-01	4.444564e-01	4.440619e-01
3.706014046256971e-07	4.444630e-01	4.444571e-01	4.440624e-01
3.706112617685540e-07	4.444647e-01	4.444578e-01	4.440630e-01
3.706211189114109e-07	4.444664e-01	4.444585e-01	4.440636e-01
3.706309760542678e-07	4.444681e-01	4.444592e-01	4.440642e-01
3.706408331971247e-07	4.444699e-01	4.444599e-01	4.440649e-01
3.706418331971247e-07	4.444700e-01	4.444600e-01	4.440649e-01
3.706819760542665e-07	4.444777e-01	4.444628e-01	4.440675e-01
3.707221189114083e-07	4.444857e-01	4.444654e-01	4.440702e-01
3.707622617685502e-07	4.444940e-01	4.444678e-01	4.440729e-01
3.708024046256920e-07	4.445027e-01	4.444700e-01	4.440758e-01
3.708425474828339e-07	4.445116e-01	4.444721e-01	4.440787e-01
3.708826903399757e-07	4.445209e-01	4.444740e-01	4.440817e-01
3.709228331971175e-07	4.445305e-01	4.444757e-01	4.440849e-01
3.709698331971163e-07	4.445416e-01	4.444773e-01	4.440886e-01
3.709718331971163e-07	4.445421e-01	4.444772e-01	4.440888e-01
3.709728331971163e-07	4.445423e-01	4.444774e-01	4.440888e-01
3.709748331971162e-07	4.445428e-01	4.444774e-01	4.440890e-01
3.709768331971162e-07	4.445433e-01	4.444775e-01	4.440891e-01
3.709788331971161e-07	4.445437e-01	4.444775e-01	4.440893e-01
3.709808331971161e-07	4.445442e-01	4.444776e-01	4.440895e-01
3.709859760542588e-07	4.445454e-01	4.444777e-01	4.440899e-01
3.709911189114015e-07	4.445467e-01	4.444778e-01	4.440903e-01
3.709962617685442e-07	4.445479e-01	4.444780e-01	4.440907e-01
3.710014046256870e-07	4.445491e-01	4.444781e-01	4.440911e-01
3.710065474828297e-07	4.445503e-01	4.444782e-01	4.440916e-01
3.710116903399724e-07	4.445515e-01	4.444782e-01	4.440920e-01
3.710168331971152e-07	4.445527e-01	4.444783e-01	4.440924e-01
3.710208331971150e-07	4.445537e-01	4.444784e-01	4.440927e-01
3.710248331971149e-07	4.445546e-01	4.444784e-01	4.440931e-01
3.710288331971148e-07	4.445556e-01	4.444785e-01	4.440934e-01
3.710328331971147e-07	4.445565e-01	4.444785e-01	4.440937e-01
3.710368331971146e-07	4.445575e-01	4.444785e-01	4.440940e-01
3.710408331971145e-07	4.445584e-01	4.444785e-01	4.440944e-01
3.710448331971144e-07	4.445594e-01	4.444785e-01	4.440947e-01
3.710496903399715e-07	4.445605e-01	4.444785e-01	4.440951e-01
3.710545474828285e-07	4.445616e-01	4.444785e-01	4.440955e-01
3.710594046256855e-07	4.445628e-01	4.444784e-01	4.440959e-01
3.710642617685425e-07	4.445639e-01	4.444784e-01	4.440964e-01
3.710691189113995e-07	4.445651e-01	4.444783e-01	4.440968e-01
3.710739760542566e-07	4.445662e-01	4.444782e-01	4.440972e-01
3.710788331971136e-07	4.445674e-01	4.444781e-01	4.440976e-01
3.710878331971134e-07	4.445694e-01	4.444779e-01	4.440983e-01
3.710968331971131e-07	4.445715e-01	4.444776e-01	4.440991e-01
3.711058331971129e-07	4.445736e-01	4.444773e-01	4.440999e-01
3.711148331971127e-07	4.445757e-01	4.444770e-01	4.441006e-01
3.711238331971124e-07	4.445778e-01	4.444765e-01	4.441014e-01
3.711328331971122e-07	4.445798e-01	4.444761e-01	4.441022e-01
3.711418331971120e-07	4.445819e-01	4.444756e-01	4.441029e-01
3.711671189113971e-07	4.445876e-01	4.444738e-01	4.441051e-01
3.711924046256821e-07	4.445932e-01	4.444719e-01	4.441073e-01
3.712176903399672e-07	4.445987e-01	4.444700e-01	4.441096e-01
3.712429760542523e-07	4.446041e-01	4.444679e-01	4.441118e-01
3.712682617685374e-07	4.446095e-01	4.444657e-01	4.441141e-01
3.712935474828224e-07	4.446147e-01	4.444634e-01	4.441163e-01
3.713188331971075e-07	4.446198e-01	4.444610e-01	4.441186e-01
3.713349760542499e-07	4.446230e-01	4.444596e-01	4.441201e-01
3.713511189113924e-07	4.446262e-01	4.444582e-01	4.441215e-01
3.713672617685348e-07	4.446293e-01	4.444569e-01	4.441230e-01
3.713834046256773e-07	4.446323e-01	4.444557e-01	4.441244e-01
3.713995474828197e-07	4.446353e-01	4.444545e-01	4.441259e-01
3.714156903399622e-07	4.446382e-01	4.444534e-01	4.441274e-01
3.714318331971046e-07	4.446411e-01	4.444524e-01	4.441289e-01
3.714452617685329e-07	4.446434e-01	4.444517e-01	4.441301e-01
3.714586903399611e-07	4.446457e-01	4.444510e-01	4.441313e-01
3.714721189113893e-07	4.446480e-01	4.444503e-01	4.441326e-01
3.714855474828176e-07	4.446502e-01	4.444498e-01	4.441338e-01
3.714989760542458e-07	4.446523e-01	4.444493e-01	4.441350e-01
3.715124046256740e-07	4.446544e-01	4.444489e-01	4.441363e-01
3.715258331971023e-07	4.446564e-01	4.444486e-01	4.441375e-01
3.715346903399592e-07	4.446577e-01	4.444484e-01	4.441383e-01
3.715435474828161e-07	4.446590e-01	4.444482e-01	4.441391e-01
3.715524046256730e-07	4.446603e-01	4.444481e-01	4.441400e-01
3.715612617685299e-07	4.446615e-01	4.444480e-01	4.441408e-01
3.715701189113868e-07	4.446627e-01	4.444480e-01	4.441416e-01
3.715789760542438e-07	4.446639e-01	4.444479e-01	4.441424e-01
3.715878331971007e-07	4.446650e-01	4.444479e-01	4.441432e-01
3.715988331971004e-07	4.446664e-01	4.444480e-01	4.441442e-01
3.716098331971001e-07	4.446678e-01	4.444481e-01	4.441453e-01
3.716208331970998e-07	4.446691e-01	4.444482e-01	4.441463e-01
3.716318331970996e-07	4.446703e-01	4.444484e-01	4.441473e-01
3.716428331970993e-07	4.446716e-01	4.444486e-01	4.441483e-01
3.716538331970990e-07	4.446727e-01	4.444489e-01	4.441493e-01
3.716648331970987e-07	4.446738e-01	4.444492e-01	4.441503e-01
3.716658331970987e-07	4.446739e-01	4.444492e-01	4.441504e-01
3.716909760542409e-07	4.446763e-01	4.444501e-01	4.441527e-01
3.717161189113831e-07	4.446784e-01	4.444511e-01	4.441550e-01
3.717412617685254e-07	4.446802e-01	4.444522e-01	4.441573e-01
3.717664046256676e-07	4.446817e-01	4.444534e-01	4.441596e-01
3.717915474828098e-07	4.446829e-01	4.444547e-01	4.441619e-01
3.718166903399520e-07	4.446839e-01	4.444562e-01	4.441642e-01
3.718418331970942e-07	4.446845e-01	4.444577e-01	4.441665e-01
3.718574046256653e-07	4.446848e-01	4.444587e-01	4.441679e-01
3.718729760542363e-07	4.446849e-01	4.444597e-01	4.441693e-01
3.718885474828074e-07	4.446849e-01	4.444606e-01	4.441707e-01
3.719041189113784e-07	4.446848e-01	4.444615e-01	4.441721e-01
3.719196903399494e-07	4.446845e-01	4.444625e-01	4.441735e-01
3.719352617685205e-07	4.446842e-01	4.444634e-01	4.441748e-01
3.719508331970915e-07	4.446837e-01	4.444643e-01	4.441762e-01
3.719725474828052e-07	4.446829e-01	4.444656e-01	4.441781e-01
3.719942617685190e-07	4.446818e-01	4.444667e-01	4.441801e-01
3.720159760542327e-07	4.446805e-01	4.444677e-01	4.441820e-01
3.720376903399464e-07	4.446790e-01	4.444687e-01	4.441838e-01
3.720594046256602e-07	4.446772e-01	4.444695e-01	4.441857e-01
3.720811189113739e-07	4.446753e-01	4.444703e-01	4.441876e-01
3.721028331970876e-07	4.446731e-01	4.444709e-01	4.441895e-01
3.721154046256587e-07	4.446718e-01	4.444713e-01	4.441906e-01
3.721279760542299e-07	4.446703e-01	4.444715e-01	4.441916e-01
3.721405474828010e-07	4.446689e-01	4.444717e-01	4.441927e-01
3.721531189113721e-07	4.446673e-01	4.444719e-01	4.441937e-01
3.721656903399432e-07	4.446657e-01	4.444720e-01	4.441948e-01
3.721782617685143e-07	4.446641e-01	4.444720e-01	4.441959e-01
3.721908331970854e-07	4.446623e-01	4.444720e-01	4.441969e-01
3.722054046256565e-07	4.446603e-01	4.444720e-01	4.441981e-01
3.722199760542275e-07	4.446581e-01	4.444719e-01	4.441993e-01
3.722345474827986e-07	4.446559e-01	4.444716e-01	4.442005e-01
3.722491189113696e-07	4.446536e-01	4.444714e-01	4.442017e-01
3.722636903399407e-07	4.446513e-01	4.444710e-01	4.442029e-01
3.722782617685118e-07	4.446489e-01	4.444705e-01	4.442041e-01
3.722928331970828e-07	4.446464e-01	4.444700e-01	4.442053e-01
3.723175474827965e-07	4.446421e-01	4.444690e-01	4.442073e-01
3.723422617685101e-07	4.446376e-01	4.444677e-01	4.442092e-01
3.723669760542238e-07	4.446331e-01	4.444661e-01	4.442112e-01
3.723916903399375e-07	4.446284e-01	4.444644e-01	4.442131e-01
3.724164046256511e-07	4.446236e-01	4.444625e-01	4.442150e-01
3.724411189113648e-07	4.446188e-01	4.444603e-01	4.442169e-01
3.724658331970784e-07	4.446138e-01	4.444579e-01	4.442188e-01
3.724976903399348e-07	4.446073e-01	4.444544e-01	4.442212e-01
3.725295474827911e-07	4.446008e-01	4.444507e-01	4.442235e-01
3.725614046256474e-07	4.445944e-01	4.444467e-01	4.442258e-01
3.725932617685038e-07	4.445881e-01	4.444425e-01	4.442281e-01
3.726251189113601e-07	4.445818e-01	4.444380e-01	4.442304e-01
3.726569760542165e-07	4.445755e-01	4.444332e-01	4.442326e-01
3.726888331970728e-07	4.445693e-01	4.444282e-01	4.442348e-01
3.726898331970728e-07	4.445691e-01	4.444280e-01	4.442348e-01
3.727292617685003e-07	4.445616e-01	4.444215e-01	4.442375e-01
3.727686903399279e-07	4.445546e-01	4.444148e-01	4.442401e-01
3.728081189113555e-07	4.445479e-01	4.444082e-01	4.442426e-01
3.728475474827831e-07	4.445416e-01	4.444014e-01	4.442451e-01
3.728869760542106e-07	4.445358e-01	4.443946e-01	4.442475e-01
3.729264046256382e-07	4.445303e-01	4.443878e-01	4.442499e-01
3.729658331970658e-07	4.445252e-01	4.443808e-01	4.442522e-01
3.729971189113507e-07	4.445216e-01	4.443755e-01	4.442540e-01
3.730284046256356e-07	4.445183e-01	4.443704e-01	4.442557e-01
3.730596903399205e-07	4.445154e-01	4.443654e-01	4.442575e-01
3.730909760542055e-07	4.445128e-01	4.443607e-01	4.442591e-01
3.731222617684904e-07	4.445105e-01	4.443561e-01	4.442608e-01
3.731535474827753e-07	4.445086e-01	4.443517e-01	4.442624e-01
3.731848331970602e-07	4.445070e-01	4.443474e-01	4.442640e-01
3.732056903399168e-07	4.445061e-01	4.443448e-01	4.442650e-01
3.732265474827735e-07	4.445053e-01	4.443423e-01	4.442660e-01
3.732474046256301e-07	4.445047e-01	4.443399e-01	4.442670e-01
3.732682617684867e-07	4.445043e-01	4.443377e-01	4.442680e-01
3.732891189113433e-07	4.445040e-01	4.443356e-01	4.442690e-01
3.733099760541999e-07	4.445038e-01	4.443336e-01	4.442700e-01
3.733308331970565e-07	4.445038e-01	4.443318e-01	4.442709e-01
3.733565474827702e-07	4.445039e-01	4.443298e-01	4.442721e-01
3.733822617684838e-07	4.445042e-01	4.443280e-01	4.442732e-01
3.734079760541974e-07	4.445047e-01	4.443264e-01	4.442743e-01
3.734336903399111e-07	4.445054e-01	4.443251e-01	4.442753e-01
3.734594046256247e-07	4.445062e-01	4.443240e-01	4.442764e-01
3.734851189113383e-07	4.445072e-01	4.443232e-01	4.442774e-01
3.735108331970520e-07	4.445083e-01	4.443226e-01	4.442784e-01
3.735278331970515e-07	4.445092e-01	4.443224e-01	4.442791e-01
3.735448331970511e-07	4.445101e-01	4.443222e-01	4.442798e-01
3.735618331970507e-07	4.445110e-01	4.443222e-01	4.442804e-01
3.735788331970502e-07	4.445120e-01	4.443223e-01	4.442810e-01
3.735958331970498e-07	4.445131e-01	4.443225e-01	4.442816e-01
3.736128331970494e-07	4.445142e-01	4.443228e-01	4.442822e-01
3.736298331970489e-07	4.445153e-01	4.443233e-01	4.442828e-01
3.736416903399058e-07	4.445162e-01	4.443236e-01	4.442832e-01
3.736535474827626e-07	4.445170e-01	4.443240e-01	4.442837e-01
3.736654046256195e-07	4.445179e-01	4.443245e-01	4.442841e-01
3.736772617684763e-07	4.445187e-01	4.443250e-01	4.442845e-01
3.736891189113332e-07	4.445196e-01	4.443256e-01	4.442849e-01
3.737009760541900e-07	4.445205e-01	4.443262e-01	4.442852e-01
3.737128331970468e-07	4.445215e-01	4.443269e-01	4.442856e-01
3.737138331970468e-07	4.445215e-01	4.443269e-01	4.442857e-01
3.737558331970458e-07	4.445250e-01	4.443298e-01	4.442870e-01
3.737978331970447e-07	4.445285e-01	4.443332e-01	4.442883e-01
3.738398331970436e-07	4.445320e-01	4.443371e-01	4.442895e-01
3.738818331970426e-07	4.445356e-01	4.443415e-01	4.442907e-01
3.739238331970415e-07	4.445391e-01	4.443465e-01	4.442918e-01
3.739658331970404e-07	4.445427e-01	4.443520e-01	4.442929e-01
3.740078331970394e-07	4.445462e-01	4.443580e-01	4.442939e-01
3.740479760541812e-07	4.445495e-01	4.443641e-01	4.442948e-01
3.740881189113231e-07	4.445525e-01	4.443705e-01	4.442957e-01
3.741282617684649e-07	4.445554e-01	4.443771e-01	4.442966e-01
3.741684046256067e-07	4.445581e-01	4.443839e-01	4.442974e-01
3.742085474827486e-07	4.445605e-01	4.443909e-01	4.442982e-01
3.742486903398904e-07	4.445628e-01	4.443981e-01	4.442989e-01
3.742888331970323e-07	4.445649e-01	4.444056e-01	4.442996e-01
3.743185474827458e-07	4.445662e-01	4.444111e-01	4.443001e-01
3.743482617684593e-07	4.445674e-01	4.444167e-01	4.443006e-01
3.743779760541729e-07	4.445684e-01	4.444222e-01	4.443010e-01
3.744076903398864e-07	4.445693e-01	4.444277e-01	4.443015e-01
3.744374046255999e-07	4.445700e-01	4.444332e-01	4.443019e-01
3.744671189113134e-07	4.445705e-01	4.444387e-01	4.443023e-01
3.744968331970270e-07	4.445709e-01	4.444442e-01	4.443027e-01
3.745205474827407e-07	4.445711e-01	4.444485e-01	4.443030e-01
3.745442617684544e-07	4.445712e-01	4.444527e-01	4.443033e-01
3.745679760541680e-07	4.445712e-01	4.444569e-01	4.443035e-01
3.745916903398817e-07	4.445711e-01	4.444610e-01	4.443038e-01
3.746154046255954e-07	4.445708e-01	4.444651e-01	4.443041e-01
3.746391189113091e-07	4.445705e-01	4.444691e-01	4.443043e-01
3.746628331970228e-07	4.445701e-01	4.444730e-01	4.443046e-01
3.746734046255939e-07	4.445698e-01	4.444747e-01	4.443046e-01
3.746839760541651e-07	4.445696e-01	4.444764e-01	4.443047e-01
3.746945474827363e-07	4.445693e-01	4.444781e-01	4.443048e-01
3.747051189113074e-07	4.445691e-01	4.444798e-01	4.443049e-01
3.747156903398786e-07	4.445687e-01	4.444814e-01	4.443050e-01
3.747262617684497e-07	4.445684e-01	4.444830e-01	4.443051e-01
3.747368331970209e-07	4.445681e-01	4.444847e-01	4.443052e-01
3.747378331970209e-07	4.445680e-01	4.444848e-01	4.443052e-01
3.747849760541625e-07	4.445662e-01	4.444918e-01	4.443056e-01
3.748321189113042e-07	4.445641e-01	4.444983e-01	4.443060e-01
3.748792617684459e-07	4.445617e-01	4.445042e-01	4.443063e-01
3.749264046255875e-07	4.445590e-01	4.445097e-01	4.443066e-01
3.749735474827292e-07	4.445559e-01	4.445147e-01	4.443069e-01
3.750206903398709e-07	4.445526e-01	4.445192e-01	4.443071e-01
3.750678331970125e-07	4.445490e-01	4.445232e-01	4.443074e-01
3.751025474827259e-07	4.445462e-01	4.445257e-01	4.443075e-01
3.751372617684393e-07	4.445434e-01	4.445279e-01	4.443076e-01
3.751719760541527e-07	4.445405e-01	4.445298e-01	4.443077e-01
3.752066903398661e-07	4.445375e-01	4.445315e-01	4.443079e-01
3.752414046255795e-07	4.445345e-01	4.445328e-01	4.443080e-01
3.752761189112930e-07	4.445313e-01	4.445338e-01	4.443081e-01
3.753108331970064e-07	4.445282e-01	4.445345e-01	4.443082e-01
3.753361189112914e-07	4.445258e-01	4.445348e-01	4.443082e-01
3.753614046255765e-07	4.445235e-01	4.445350e-01	4.443083e-01
3.753866903398616e-07	4.445212e-01	4.445351e-01	4.443083e-01
3.754119760541467e-07	4.445189e-01	4.445349e-01	4.443083e-01
3.754372617684317e-07	4.445166e-01	4.445347e-01	4.443084e-01
3.754625474827168e-07	4.445143e-01	4.445342e-01	4.443084e-01
3.754878331970019e-07	4.445120e-01	4.445337e-01	4.443084e-01
3.755268331970009e-07	4.445084e-01	4.445325e-01	4.443085e-01
3.755658331969999e-07	4.445050e-01	4.445310e-01	4.443085e-01
3.756048331969989e-07	4.445016e-01	4.445293e-01	4.443085e-01
3.756438331969979e-07	4.444984e-01	4.445273e-01	4.443085e-01
3.756828331969969e-07	4.444952e-01	4.445249e-01	4.443085e-01
3.757218331969959e-07	4.444922e-01	4.445223e-01	4.443085e-01
3.757608331969950e-07	4.444892e-01	4.445194e-01	4.443085e-01
3.757618331969949e-07	4.444892e-01	4.445193e-01	4.443085e-01
3.758115474827080e-07	4.444856e-01	4.445153e-01	4.443085e-01
3.758612617684210e-07	4.444823e-01	4.445110e-01	4.443085e-01
3.759109760541340e-07	4.444793e-01	4.445064e-01	4.443085e-01
3.759606903398470e-07	4.444766e-01	4.445016e-01	4.443084e-01
3.760104046255601e-07	4.444741e-01	4.444965e-01	4.443084e-01
3.760601189112731e-07	4.444720e-01	4.444912e-01	4.443084e-01
3.761098331969861e-07	4.444701e-01	4.444856e-01	4.443083e-01
3.761448331969852e-07	4.444691e-01	4.444816e-01	4.443083e-01
3.761798331969843e-07	4.444681e-01	4.444777e-01	4.443083e-01
3.762148331969835e-07	4.444674e-01	4.444737e-01	4.443082e-01
3.762498331969826e-07	4.444668e-01	4.444696e-01	4.443082e-01
3.762848331969817e-07	4.444663e-01	4.444656e-01	4.443082e-01
3.763198331969808e-07	4.444660e-01	4.444615e-01	4.443082e-01
3.763548331969799e-07	4.444659e-01	4.444575e-01	4.443081e-01
3.763914046255504e-07	4.444660e-01	4.444532e-01	4.443081e-01
3.764279760541209e-07	4.444662e-01	4.444491e-01	4.443081e-01
3.764645474826914e-07	4.444666e-01	4.444449e-01	4.443080e-01
3.765011189112619e-07	4.444672e-01	4.444409e-01	4.443080e-01
3.765376903398324e-07	4.444679e-01	4.444369e-01	4.443080e-01
3.765742617684029e-07	4.444688e-01	4.444329e-01	4.443079e-01
3.766108331969734e-07	4.444699e-01	4.444290e-01	4.443079e-01
3.766356903398299e-07	4.444707e-01	4.444265e-01	4.443079e-01
3.766605474826864e-07	4.444715e-01	4.444239e-01	4.443079e-01
3.766854046255430e-07	4.444725e-01	4.444215e-01	4.443079e-01
3.767102617683995e-07	4.444735e-01	4.444190e-01	4.443079e-01
3.767351189112560e-07	4.444746e-01	4.444167e-01	4.443078e-01
3.767599760541125e-07	4.444757e-01	4.444143e-01	4.443078e-01
3.767848331969690e-07	4.444769e-01	4.444121e-01	4.443078e-01
3.767858331969690e-07	4.444769e-01	4.444120e-01	4.443078e-01
3.768032617683971e-07	4.444778e-01	4.444104e-01	4.443078e-01
3.768206903398252e-07	4.444787e-01	4.444089e-01	4.443078e-01
3.768381189112534e-07	4.444796e-01	4.444074e-01	4.443078e-01
3.768555474826815e-07	4.444806e-01	4.444059e-01	4.443078e-01
3.768729760541096e-07	4.444816e-01	4.444045e-01	4.443078e-01
3.768904046255378e-07	4.444826e-01	4.444031e-01	4.443078e-01
3.769078331969659e-07	4.444836e-01	4.444017e-01	4.443078e-01
3.769152617683943e-07	4.444841e-01	4.444011e-01	4.443078e-01
3.769226903398227e-07	4.444845e-01	4.444006e-01	4.443078e-01
3.769301189112510e-07	4.444850e-01	4.444000e-01	4.443078e-01
3.769375474826794e-07	4.444854e-01	4.443994e-01	4.443078e-01
3.769449760541078e-07	4.444859e-01	4.443989e-01	4.443078e-01
3.769524046255362e-07	4.444863e-01	4.443983e-01	4.443079e-01
3.769598331969646e-07	4.444868e-01	4.443978e-01	4.443079e-01
3.769719760541071e-07	4.444876e-01	4.443969e-01	4.443079e-01
3.769841189112497e-07	4.444884e-01	4.443961e-01	4.443081e-01
3.769962617683922e-07	4.444892e-01	4.443952e-01	4.443082e-01
3.770084046255348e-07	4.444900e-01	4.443944e-01	4.443084e-01
3.770205474826773e-07	4.444908e-01	4.443936e-01	4.443087e-01
3.770326903398199e-07	4.444916e-01	4.443928e-01	4.443090e-01
3.770448331969624e-07	4.444924e-01	4.443921e-01	4.443094e-01
3.770559760541050e-07	4.444932e-01	4.443914e-01	4.443098e-01
3.770671189112476e-07	4.444940e-01	4.443907e-01	4.443102e-01
3.770782617683902e-07	4.444948e-01	4.443900e-01	4.443108e-01
3.770894046255327e-07	4.444956e-01	4.443893e-01	4.443114e-01
3.771005474826753e-07	4.444964e-01	4.443887e-01	4.443121e-01
3.771116903398179e-07	4.444972e-01	4.443881e-01	4.443128e-01
3.771228331969604e-07	4.444980e-01	4.443875e-01	4.443136e-01
3.771386903398172e-07	4.444991e-01	4.443867e-01	4.443149e-01
3.771545474826739e-07	4.445003e-01	4.443859e-01	4.443162e-01
3.771704046255307e-07	4.445015e-01	4.443851e-01	4.443176e-01
3.771862617683874e-07	4.445027e-01	4.443843e-01	4.443191e-01
3.772021189112442e-07	4.445039e-01	4.443836e-01	4.443207e-01
3.772179760541009e-07	4.445051e-01	4.443829e-01	4.443223e-01
3.772338331969576e-07	4.445063e-01	4.443822e-01	4.443240e-01
3.772532617683857e-07	4.445078e-01	4.443815e-01	4.443261e-01
3.772726903398138e-07	4.445093e-01	4.443807e-01	4.443281e-01
3.772921189112419e-07	4.445108e-01	4.443800e-01	4.443300e-01
3.773115474826700e-07	4.445123e-01	4.443794e-01	4.443318e-01
3.773309760540980e-07	4.445138e-01	4.443788e-01	4.443334e-01
3.773504046255261e-07	4.445154e-01	4.443782e-01	4.443349e-01
3.773698331969542e-07	4.445169e-01	4.443777e-01	4.443362e-01
3.773816903398110e-07	4.445178e-01	4.443774e-01	4.443369e-01
3.773935474826679e-07	4.445188e-01	4.443772e-01	4.443375e-01
3.774054046255247e-07	4.445197e-01	4.443769e-01	4.443379e-01
3.774172617683816e-07	4.445207e-01	4.443766e-01	4.443383e-01
3.774291189112384e-07	4.445216e-01	4.443764e-01	4.443385e-01
3.774409760540952e-07	4.445225e-01	4.443762e-01	4.443387e-01
3.774528331969521e-07	4.445235e-01	4.443760e-01	4.443387e-01
3.774655474826661e-07	4.445245e-01	4.443758e-01	4.443386e-01
3.774782617683800e-07	4.445255e-01	4.443756e-01	4.443383e-01
3.774909760540940e-07	4.445265e-01	4.443755e-01	4.443379e-01
3.775036903398079e-07	4.445275e-01	4.443753e-01	4.443374e-01
3.775164046255219e-07	4.445285e-01	4.443752e-01	4.443367e-01
3.775291189112359e-07	4.445295e-01	4.443751e-01	4.443359e-01
3.775418331969498e-07	4.445305e-01	4.443750e-01	4.443350e-01
3.775614046255208e-07	4.445320e-01	4.443749e-01	4.443332e-01
3.775809760540917e-07	4.445336e-01	4.443748e-01	4.443312e-01
3.776005474826626e-07	4.445351e-01	4.443748e-01	4.443289e-01
3.776201189112336e-07	4.445366e-01	4.443748e-01	4.443263e-01
3.776396903398045e-07	4.445381e-01	4.443748e-01	4.443235e-01
3.776592617683754e-07	4.445396e-01	4.443749e-01	4.443203e-01
3.776788331969464e-07	4.445410e-01	4.443750e-01	4.443170e-01
3.776974046255173e-07	4.445424e-01	4.443752e-01	4.443136e-01
3.777159760540883e-07	4.445438e-01	4.443753e-01	4.443101e-01
3.777345474826592e-07	4.445451e-01	4.443756e-01	4.443065e-01
3.777531189112302e-07	4.445465e-01	4.443758e-01	4.443028e-01
3.777716903398012e-07	4.445478e-01	4.443760e-01	4.442990e-01
3.777902617683721e-07	4.445491e-01	4.443763e-01	4.442951e-01
3.778088331969431e-07	4.445504e-01	4.443766e-01	4.442912e-01
3.778098331969430e-07	4.445505e-01	4.443767e-01	4.442910e-01
3.778371189112281e-07	4.445524e-01	4.443772e-01	4.442851e-01
3.778644046255131e-07	4.445542e-01	4.443778e-01	4.442794e-01
3.778916903397981e-07	4.445560e-01	4.443785e-01	4.442740e-01
3.779189760540831e-07	4.445578e-01	4.443791e-01	4.442688e-01
3.779462617683682e-07	4.445595e-01	4.443799e-01	4.442638e-01
3.779735474826532e-07	4.445612e-01	4.443807e-01	4.442591e-01
3.780008331969382e-07	4.445628e-01	4.443815e-01	4.442545e-01
3.780216903397948e-07	4.445640e-01	4.443822e-01	4.442515e-01
3.780425474826514e-07	4.445652e-01	4.443829e-01	4.442487e-01
3.780634046255080e-07	4.445664e-01	4.443837e-01	4.442462e-01
3.780842617683647e-07	4.445675e-01	4.443844e-01	4.442440e-01
3.781051189112213e-07	4.445686e-01	4.443852e-01	4.442421e-01
3.781259760540779e-07	4.445697e-01	4.443860e-01	4.442405e-01
3.781468331969345e-07	4.445707e-01	4.443868e-01	4.442392e-01
3.781649760540769e-07	4.445716e-01	4.443876e-01	4.442383e-01
3.781831189112193e-07	4.445725e-01	4.443883e-01	4.442377e-01
3.782012617683617e-07	4.445733e-01	4.443891e-01	4.442373e-01
3.782194046255041e-07	4.445741e-01	4.443899e-01	4.442372e-01
3.782375474826465e-07	4.445749e-01	4.443906e-01	4.442373e-01
3.782556903397889e-07	4.445756e-01	4.443914e-01	4.442376e-01
3.782738331969313e-07	4.445764e-01	4.443923e-01	4.442382e-01
3.783009760540735e-07	4.445774e-01	4.443935e-01	4.442396e-01
3.783281189112156e-07	4.445784e-01	4.443948e-01	4.442414e-01
3.783552617683578e-07	4.445794e-01	4.443960e-01	4.442436e-01
3.783824046255000e-07	4.445802e-01	4.443973e-01	4.442463e-01
3.784095474826421e-07	4.445811e-01	4.443986e-01	4.442494e-01
3.784366903397843e-07	4.445818e-01	4.444000e-01	4.442529e-01
3.784638331969265e-07	4.445825e-01	4.444013e-01	4.442569e-01
3.785112617683538e-07	4.445836e-01	4.444037e-01	4.442648e-01
3.785586903397812e-07	4.445845e-01	4.444061e-01	4.442731e-01
3.786061189112086e-07	4.445852e-01	4.444085e-01	4.442817e-01
3.786535474826360e-07	4.445858e-01	4.444109e-01	4.442906e-01
3.787009760540633e-07	4.445861e-01	4.444133e-01	4.442998e-01
3.787484046254907e-07	4.445863e-01	4.444157e-01	4.443094e-01
3.787958331969181e-07	4.445863e-01	4.444181e-01	4.443192e-01
3.788338331969171e-07	4.445862e-01	4.444200e-01	4.443266e-01
3.788702617683447e-07	4.445860e-01	4.444218e-01	4.443335e-01
3.789066903397724e-07	4.445857e-01	4.444236e-01	4.443401e-01
3.789431189112000e-07	4.445853e-01	4.444253e-01	4.443463e-01
3.789795474826277e-07	4.445848e-01	4.444271e-01	4.443522e-01
3.790159760540553e-07	4.445842e-01	4.444287e-01	4.443577e-01
3.790524046254830e-07	4.445836e-01	4.444304e-01	4.443628e-01
3.790888331969106e-07	4.445828e-01	4.444320e-01	4.443676e-01
3.791246903397669e-07	4.445820e-01	4.444336e-01	4.443719e-01
3.791605474826231e-07	4.445810e-01	4.444351e-01	4.443757e-01
3.791964046254793e-07	4.445801e-01	4.444366e-01	4.443790e-01
3.792322617683356e-07	4.445790e-01	4.444380e-01	4.443820e-01
3.792681189111918e-07	4.445779e-01	4.444394e-01	4.443845e-01
3.793039760540480e-07	4.445767e-01	4.444408e-01	4.443866e-01
3.793398331969043e-07	4.445754e-01	4.444421e-01	4.443882e-01
3.794116903397596e-07	4.445726e-01	4.444446e-01	4.443900e-01
3.794835474826149e-07	4.445696e-01	4.444469e-01	4.443906e-01
3.795554046254702e-07	4.445664e-01	4.444490e-01	4.443901e-01
3.796272617683256e-07	4.445631e-01	4.444509e-01	4.443884e-01
3.796991189111809e-07	4.445596e-01	4.444525e-01	4.443857e-01
3.797709760540362e-07	4.445559e-01	4.444540e-01	4.443817e-01
3.798428331968915e-07	4.445520e-01	4.444553e-01	4.443767e-01
3.798578331968912e-07	4.445512e-01	4.444556e-01	4.443756e-01
3.798942617683188e-07	4.445492e-01	4.444561e-01	4.443729e-01
3.799306903397465e-07	4.445472e-01	4.444566e-01	4.443700e-01
3.799671189111741e-07	4.445451e-01	4.444571e-01	4.443671e-01
3.800035474826018e-07	4.445431e-01	4.444575e-01	4.443640e-01
3.800399760540294e-07	4.445410e-01	4.444579e-01	4.443608e-01
3.800764046254570e-07	4.445389e-01	4.444582e-01	4.443575e-01
3.801128331968847e-07	4.445369e-01	4.444585e-01	4.443541e-01
3.801138331968847e-07	4.445368e-01	4.444585e-01	4.443540e-01
3.801148331968846e-07	4.445367e-01	4.444585e-01	4.443539e-01
3.801158331968846e-07	4.445367e-01	4.444585e-01	4.443538e-01
3.801168331968846e-07	4.445366e-01	4.444585e-01	4.443536e-01
3.801178331968846e-07	4.445366e-01	4.444585e-01	4.443536e-01
3.801198331968845e-07	4.445364e-01	4.444585e-01	4.443535e-01
3.801208331968845e-07	4.445364e-01	4.444585e-01	4.443533e-01
3.801228331968844e-07	4.445363e-01	4.444585e-01	4.443531e-01
3.801449760540267e-07	4.445350e-01	4.444587e-01	4.443511e-01
3.801671189111690e-07	4.445337e-01	4.444588e-01	4.443489e-01
3.801892617683113e-07	4.445325e-01	4.444589e-01	4.443466e-01
3.802114046254536e-07	4.445312e-01	4.444590e-01	4.443442e-01
3.802335474825959e-07	4.445299e-01	4.444591e-01	4.443416e-01
3.802556903397382e-07	4.445286e-01	4.444591e-01	4.443389e-01
3.802778331968805e-07	4.445274e-01	4.444592e-01	4.443361e-01
3.802942617683087e-07	4.445264e-01	4.444592e-01	4.443338e-01
3.803106903397368e-07	4.445255e-01	4.444592e-01	4.443314e-01
3.803271189111650e-07	4.445245e-01	4.444592e-01	4.443289e-01
3.803435474825931e-07	4.445236e-01	4.444592e-01	4.443262e-01
3.803599760540213e-07	4.445226e-01	4.444592e-01	4.443235e-01
3.803764046254494e-07	4.445217e-01	4.444592e-01	4.443207e-01
3.803928331968776e-07	4.445207e-01	4.444592e-01	4.443177e-01
3.804226903397340e-07	4.445190e-01	4.444591e-01	4.443120e-01
3.804525474825904e-07	4.445174e-01	4.444591e-01	4.443065e-01
3.804824046254468e-07	4.445157e-01	4.444590e-01	4.443011e-01
3.805122617683031e-07	4.445140e-01	4.444588e-01	4.442959e-01
3.805421189111595e-07	4.445123e-01	4.444587e-01	4.442909e-01
3.805719760540159e-07	4.445107e-01	4.444585e-01	4.442860e-01
3.806018331968723e-07	4.445090e-01	4.444584e-01	4.442813e-01
3.806184046254433e-07	4.445081e-01	4.444583e-01	4.442791e-01
3.806349760540143e-07	4.445072e-01	4.444582e-01	4.442770e-01
3.806515474825853e-07	4.445063e-01	4.444580e-01	4.442752e-01
3.806681189111563e-07	4.445054e-01	4.444579e-01	4.442735e-01
3.806846903397274e-07	4.445045e-01	4.444578e-01	4.442720e-01
3.807012617682984e-07	4.445037e-01	4.444576e-01	4.442708e-01
3.807178331968694e-07	4.445028e-01	4.444575e-01	4.442697e-01
3.807306903397262e-07	4.445021e-01	4.444574e-01	4.442690e-01
3.807435474825830e-07	4.445014e-01	4.444573e-01	4.442685e-01
3.807564046254398e-07	4.445008e-01	4.444572e-01	4.442680e-01
3.807692617682966e-07	4.445001e-01	4.444571e-01	4.442677e-01
3.807821189111535e-07	4.444994e-01	4.444569e-01	4.442676e-01
3.807949760540103e-07	4.444988e-01	4.444568e-01	4.442675e-01
3.808078331968671e-07	4.444981e-01	4.444567e-01	4.442676e-01
3.808182617682954e-07	4.444976e-01	4.444566e-01	4.442677e-01
3.808286903397237e-07	4.444970e-01	4.444565e-01	4.442680e-01
3.808391189111520e-07	4.444965e-01	4.444564e-01	4.442682e-01
3.808495474825803e-07	4.444960e-01	4.444563e-01	4.442686e-01
3.808599760540086e-07	4.444955e-01	4.444561e-01	4.442690e-01
3.808704046254369e-07	4.444949e-01	4.444560e-01	4.442695e-01
3.808808331968652e-07	4.444944e-01	4.444559e-01	4.442700e-01
3.808818331968652e-07	4.444944e-01	4.444559e-01	4.442701e-01
3.809212617682928e-07	4.444924e-01	4.444555e-01	4.442732e-01
3.809606903397204e-07	4.444905e-01	4.444550e-01	4.442765e-01
3.810001189111479e-07	4.444886e-01	4.444545e-01	4.442799e-01
3.810395474825755e-07	4.444868e-01	4.444541e-01	4.442835e-01
3.810789760540031e-07	4.444850e-01	4.444536e-01	4.442873e-01
3.811184046254306e-07	4.444832e-01	4.444531e-01	4.442913e-01
3.811578331968582e-07	4.444815e-01	4.444526e-01	4.442954e-01
3.811772617682863e-07	4.444807e-01	4.444523e-01	4.442971e-01
3.811966903397144e-07	4.444799e-01	4.444521e-01	4.442987e-01
3.812161189111425e-07	4.444791e-01	4.444518e-01	4.443000e-01
3.812355474825705e-07	4.444783e-01	4.444515e-01	4.443012e-01
3.812549760539986e-07	4.444775e-01	4.444513e-01	4.443022e-01
3.812744046254267e-07	4.444767e-01	4.444510e-01	4.443031e-01
3.812938331968548e-07	4.444759e-01	4.444508e-01	4.443038e-01
3.813108331968543e-07	4.444752e-01	4.444505e-01	4.443042e-01
3.813278331968539e-07	4.444746e-01	4.444503e-01	4.443044e-01
3.813448331968535e-07	4.444739e-01	4.444500e-01	4.443045e-01
3.813618331968531e-07	4.444733e-01	4.444498e-01	4.443044e-01
3.813788331968526e-07	4.444726e-01	4.444496e-01	4.443041e-01
3.813958331968522e-07	4.444720e-01	4.444494e-01	4.443037e-01
3.814128331968518e-07	4.444714e-01	4.444491e-01	4.443031e-01
3.814354046254226e-07	4.444706e-01	4.444488e-01	4.443020e-01
3.814579760539935e-07	4.444698e-01	4.444485e-01	4.443006e-01
3.814805474825643e-07	4.444690e-01	4.444482e-01	4.442990e-01
3.815031189111352e-07	4.444682e-01	4.444479e-01	4.442971e-01
3.815256903397060e-07	4.444674e-01	4.444476e-01	4.442949e-01
3.815482617682769e-07	4.444667e-01	4.444473e-01	4.442924e-01
3.815708331968478e-07	4.444659e-01	4.444470e-01	4.442896e-01
3.816185474825608e-07	4.444644e-01	4.444464e-01	4.442825e-01
3.816662617682739e-07	4.444630e-01	4.444457e-01	4.442751e-01
3.817139760539870e-07	4.444616e-01	4.444451e-01	4.442673e-01
3.817616903397001e-07	4.444602e-01	4.444445e-01	4.442592e-01
3.818094046254131e-07	4.444590e-01	4.444440e-01	4.442506e-01
3.818571189111262e-07	4.444577e-01	4.444434e-01	4.442417e-01
3.819048331968393e-07	4.444566e-01	4.444429e-01	4.442325e-01
3.819058331968393e-07	4.444565e-01	4.444428e-01	4.442323e-01
3.819392617682670e-07	4.444558e-01	4.444425e-01	4.442262e-01
3.819726903396947e-07	4.444550e-01	4.444421e-01	4.442205e-01
3.820061189111224e-07	4.444543e-01	4.444418e-01	4.442152e-01
3.820395474825502e-07	4.444536e-01	4.444414e-01	4.442103e-01
3.820729760539779e-07	4.444529e-01	4.444411e-01	4.442057e-01
3.821064046254056e-07	4.444522e-01	4.444407e-01	4.442015e-01
3.821398331968333e-07	4.444516e-01	4.444404e-01	4.441977e-01
3.821644046254041e-07	4.444511e-01	4.444402e-01	4.441954e-01
3.821889760539750e-07	4.444507e-01	4.444400e-01	4.441933e-01
3.822135474825458e-07	4.444503e-01	4.444398e-01	4.441916e-01
3.822381189111166e-07	4.444499e-01	4.444395e-01	4.441902e-01
3.822626903396874e-07	4.444495e-01	4.444393e-01	4.441891e-01
3.822872617682582e-07	4.444491e-01	4.444392e-01	4.441883e-01
3.823118331968290e-07	4.444487e-01	4.444390e-01	4.441878e-01
3.823349760539713e-07	4.444484e-01	4.444388e-01	4.441877e-01
3.823581189111135e-07	4.444481e-01	4.444386e-01	4.441879e-01
3.823812617682558e-07	4.444477e-01	4.444385e-01	4.441884e-01
3.824044046253981e-07	4.444474e-01	4.444383e-01	4.441892e-01
3.824275474825403e-07	4.444471e-01	4.444382e-01	4.441903e-01
3.824506903396826e-07	4.444468e-01	4.444380e-01	4.441916e-01
3.824738331968249e-07	4.444465e-01	4.444379e-01	4.441933e-01
3.825162617682524e-07	4.444460e-01	4.444376e-01	4.441972e-01
3.825586903396799e-07	4.444456e-01	4.444374e-01	4.442019e-01
3.826011189111074e-07	4.444451e-01	4.444372e-01	4.442073e-01
3.826435474825349e-07	4.444447e-01	4.444370e-01	4.442135e-01
3.826859760539624e-07	4.444443e-01	4.444368e-01	4.442205e-01
3.827284046253899e-07	4.444440e-01	4.444367e-01	4.442283e-01
3.827708331968174e-07	4.444436e-01	4.444365e-01	4.442368e-01
3.827934046253882e-07	4.444435e-01	4.444365e-01	4.442414e-01
3.828159760539591e-07	4.444433e-01	4.444364e-01	4.442462e-01
3.828385474825299e-07	4.444432e-01	4.444363e-01	4.442511e-01
3.828611189111008e-07	4.444430e-01	4.444363e-01	4.442561e-01
3.828836903396716e-07	4.444429e-01	4.444362e-01	4.442612e-01
3.829062617682425e-07	4.444427e-01	4.444362e-01	4.442664e-01
3.829288331968133e-07	4.444426e-01	4.444361e-01	4.442718e-01
3.829298331968133e-07	4.444426e-01	4.444361e-01	4.442720e-01
3.829878331968119e-07	4.444423e-01	4.444360e-01	4.442863e-01
3.830458331968104e-07	4.444420e-01	4.444360e-01	4.443005e-01
3.831038331968089e-07	4.444418e-01	4.444360e-01	4.443145e-01
3.831618331968074e-07	4.444415e-01	4.444360e-01	4.443284e-01
3.832198331968060e-07	4.444413e-01	4.444360e-01	4.443422e-01
3.832778331968045e-07	4.444412e-01	4.444360e-01	4.443558e-01
3.833358331968030e-07	4.444411e-01	4.444361e-01	4.443693e-01
3.833878331968017e-07	4.444409e-01	4.444362e-01	4.443807e-01
3.834398331968004e-07	4.444408e-01	4.444363e-01	4.443915e-01
3.834918331967991e-07	4.444408e-01	4.444363e-01	4.444016e-01
3.835438331967978e-07	4.444407e-01	4.444365e-01	4.444111e-01
3.835958331967965e-07	4.444406e-01	4.444366e-01	4.444200e-01
3.836478331967951e-07	4.444406e-01	4.444367e-01	4.444282e-01
3.836998331967938e-07	4.444405e-01	4.444369e-01	4.444359e-01
3.837359760539358e-07	4.444405e-01	4.444370e-01	4.444407e-01
3.837721189110777e-07	4.444405e-01	4.444371e-01	4.444452e-01
3.838082617682196e-07	4.444405e-01	4.444372e-01	4.444494e-01
3.838444046253616e-07	4.444405e-01	4.444374e-01	4.444533e-01
3.838805474825035e-07	4.444405e-01	4.444375e-01	4.444568e-01
3.839166903396455e-07	4.444405e-01	4.444376e-01	4.444601e-01
3.839528331967874e-07	4.444405e-01	4.444377e-01	4.444630e-01
3.839538331967874e-07	4.444405e-01	4.444377e-01	4.444630e-01
3.840486903396421e-07	4.444405e-01	4.444381e-01	4.444688e-01
3.841435474824969e-07	4.444405e-01	4.444384e-01	4.444731e-01
3.842384046253516e-07	4.444405e-01	4.444388e-01	4.444761e-01
3.843332617682063e-07	4.444405e-01	4.444391e-01	4.444777e-01
3.844281189110611e-07	4.444405e-01	4.444394e-01	4.444779e-01
3.845229760539158e-07	4.444405e-01	4.444398e-01	4.444767e-01
3.846178331967706e-07	4.444405e-01	4.444401e-01	4.444741e-01
3.846691189110550e-07	4.444405e-01	4.444403e-01	4.444727e-01
3.847204046253394e-07	4.444405e-01	4.444404e-01	4.444711e-01
3.847716903396238e-07	4.444405e-01	4.444406e-01	4.444694e-01
3.848229760539082e-07	4.444405e-01	4.444407e-01	4.444675e-01
3.848742617681926e-07	4.444405e-01	4.444409e-01	4.444655e-01
3.849255474824770e-07	4.444405e-01	4.444410e-01	4.444634e-01
3.849768331967615e-07	4.444405e-01	4.444411e-01	4.444611e-01
3.849778331967614e-07	4.444405e-01	4.444411e-01	4.444610e-01
3.850599760539022e-07	4.444405e-01	4.444413e-01	4.444572e-01
3.851421189110430e-07	4.444404e-01	4.444415e-01	4.444534e-01
3.852242617681838e-07	4.444404e-01	4.444416e-01	4.444494e-01
3.853064046253245e-07	4.444403e-01	4.444417e-01	4.444453e-01
3.853885474824653e-07	4.444403e-01	4.444418e-01	4.444411e-01
3.854706903396061e-07	4.444402e-01	4.444419e-01	4.444369e-01
3.855528331967469e-07	4.444402e-01	4.444419e-01	4.444325e-01
3.856168331967452e-07	4.444401e-01	4.444419e-01	4.444291e-01
3.856808331967436e-07	4.444401e-01	4.444419e-01	4.444256e-01
3.857448331967420e-07	4.444400e-01	4.444419e-01	4.444222e-01
3.858088331967404e-07	4.444399e-01	4.444419e-01	4.444187e-01
3.858728331967388e-07	4.444399e-01	4.444419e-01	4.444151e-01
3.859368331967371e-07	4.444398e-01	4.444418e-01	4.444116e-01
3.860008331967355e-07	4.444398e-01	4.444417e-01	4.444080e-01
3.860018331967355e-07	4.444398e-01	4.444417e-01	4.444079e-01
3.860508331967343e-07	4.444397e-01	4.444417e-01	4.444052e-01
3.860538331967342e-07	4.444397e-01	4.444417e-01	4.444050e-01
3.860568331967341e-07	4.444397e-01	4.444417e-01	4.444049e-01
3.860598331967340e-07	4.444397e-01	4.444417e-01	4.444047e-01
3.860628331967339e-07	4.444397e-01	4.444417e-01	4.444045e-01
3.860658331967339e-07	4.444397e-01	4.444417e-01	4.444044e-01
3.860688331967338e-07	4.444397e-01	4.444417e-01	4.444042e-01
3.860722617681623e-07	4.444397e-01	4.444417e-01	4.444040e-01
3.860756903395908e-07	4.444397e-01	4.444417e-01	4.444038e-01
3.860791189110192e-07	4.444397e-01	4.444417e-01	4.444036e-01
3.860825474824477e-07	4.444397e-01	4.444417e-01	4.444034e-01
3.860859760538762e-07	4.444397e-01	4.444418e-01	4.444032e-01
3.860894046253047e-07	4.444397e-01	4.444418e-01	4.444030e-01
3.860928331967332e-07	4.444397e-01	4.444418e-01	4.444028e-01
3.860976903395902e-07	4.444397e-01	4.444419e-01	4.444026e-01
3.861025474824472e-07	4.444397e-01	4.444419e-01	4.444023e-01
3.861074046253042e-07	4.444397e-01	4.444420e-01	4.444020e-01
3.861122617681613e-07	4.444396e-01	4.444420e-01	4.444017e-01
3.861171189110183e-07	4.444396e-01	4.444421e-01	4.444014e-01
3.861219760538753e-07	4.444396e-01	4.444422e-01	4.444012e-01
3.861268331967323e-07	4.444396e-01	4.444423e-01	4.444009e-01
3.861342617681607e-07	4.444396e-01	4.444425e-01	4.444005e-01
3.861416903395891e-07	4.444396e-01	4.444427e-01	4.444001e-01
3.861491189110175e-07	4.444396e-01	4.444429e-01	4.443997e-01
3.861565474824459e-07	4.444396e-01	4.444431e-01	4.443992e-01
3.861639760538742e-07	4.444396e-01	4.444434e-01	4.443988e-01
3.861714046253026e-07	4.444396e-01	4.444436e-01	4.443984e-01
3.861788331967310e-07	4.444396e-01	4.444439e-01	4.443980e-01
3.861941189110163e-07	4.444395e-01	4.444446e-01	4.443971e-01
3.862094046253017e-07	4.444395e-01	4.444454e-01	4.443962e-01
3.862246903395870e-07	4.444395e-01	4.444462e-01	4.443954e-01
3.862399760538723e-07	4.444394e-01	4.444470e-01	4.443945e-01
3.862552617681576e-07	4.444394e-01	4.444479e-01	4.443937e-01
3.862705474824430e-07	4.444393e-01	4.444488e-01	4.443928e-01
3.862858331967283e-07	4.444392e-01	4.444498e-01	4.443919e-01
3.863006903395851e-07	4.444391e-01	4.444507e-01	4.443911e-01
3.863155474824418e-07	4.444390e-01	4.444516e-01	4.443903e-01
3.863304046252986e-07	4.444389e-01	4.444525e-01	4.443894e-01
3.863452617681554e-07	4.444388e-01	4.444533e-01	4.443886e-01
3.863601189110121e-07	4.444387e-01	4.444541e-01	4.443878e-01
3.863749760538689e-07	4.444385e-01	4.444548e-01	4.443869e-01
3.863898331967257e-07	4.444384e-01	4.444555e-01	4.443861e-01
3.864004046252968e-07	4.444382e-01	4.444559e-01	4.443855e-01
3.864109760538680e-07	4.444381e-01	4.444563e-01	4.443849e-01
3.864215474824391e-07	4.444380e-01	4.444567e-01	4.443843e-01
3.864321189110103e-07	4.444378e-01	4.444570e-01	4.443837e-01
3.864426903395815e-07	4.444377e-01	4.444572e-01	4.443832e-01
3.864532617681526e-07	4.444375e-01	4.444574e-01	4.443826e-01
3.864638331967238e-07	4.444374e-01	4.444576e-01	4.443820e-01
3.864724046252950e-07	4.444373e-01	4.444577e-01	4.443815e-01
3.864809760538662e-07	4.444371e-01	4.444577e-01	4.443811e-01
3.864895474824374e-07	4.444370e-01	4.444578e-01	4.443806e-01
3.864981189110086e-07	4.444368e-01	4.444578e-01	4.443801e-01
3.865066903395798e-07	4.444367e-01	4.444577e-01	4.443796e-01
3.865152617681511e-07	4.444365e-01	4.444576e-01	4.443792e-01
3.865238331967223e-07	4.444364e-01	4.444575e-01	4.443787e-01
3.865368331967219e-07	4.444362e-01	4.444572e-01	4.443780e-01
3.865498331967216e-07	4.444359e-01	4.444569e-01	4.443773e-01
3.865628331967213e-07	4.444357e-01	4.444565e-01	4.443766e-01
3.865758331967210e-07	4.444354e-01	4.444560e-01	4.443759e-01
3.865888331967206e-07	4.444352e-01	4.444554e-01	4.443752e-01
3.866018331967203e-07	4.444349e-01	4.444548e-01	4.443745e-01
3.866148331967200e-07	4.444347e-01	4.444540e-01	4.443738e-01
3.866385474824336e-07	4.444342e-01	4.444524e-01	4.443726e-01
3.866622617681473e-07	4.444338e-01	4.444507e-01	4.443713e-01
3.866859760538610e-07	4.444334e-01	4.444487e-01	4.443701e-01
3.867096903395747e-07	4.444330e-01	4.444466e-01	4.443689e-01
3.867334046252884e-07	4.444327e-01	4.444443e-01	4.443677e-01
3.867571189110021e-07	4.444324e-01	4.444418e-01	4.443665e-01
3.867808331967158e-07	4.444322e-01	4.444391e-01	4.443653e-01
3.867975474824296e-07	4.444320e-01	4.444372e-01	4.443645e-01
3.868142617681435e-07	4.444319e-01	4.444353e-01	4.443636e-01
3.868309760538573e-07	4.444319e-01	4.444333e-01	4.443628e-01
3.868476903395712e-07	4.444319e-01	4.444313e-01	4.443620e-01
3.868644046252851e-07	4.444319e-01	4.444293e-01	4.443612e-01
3.868811189109989e-07	4.444320e-01	4.444273e-01	4.443605e-01
3.868978331967128e-07	4.444320e-01	4.444253e-01	4.443597e-01
3.869159760538552e-07	4.444322e-01	4.444231e-01	4.443589e-01
3.869341189109976e-07	4.444324e-01	4.444210e-01	4.443581e-01
3.869522617681400e-07	4.444327e-01	4.444189e-01	4.443573e-01
3.869704046252824e-07	4.444330e-01	4.444168e-01	4.443565e-01
3.869885474824248e-07	4.444334e-01	4.444148e-01	4.443557e-01
3.870066903395672e-07	4.444338e-01	4.444129e-01	4.443549e-01
3.870248331967096e-07	4.444343e-01	4.444110e-01	4.443541e-01
3.870258331967095e-07	4.444343e-01	4.444109e-01	4.443541e-01
3.870485474824233e-07	4.444350e-01	4.444086e-01	4.443532e-01
3.870712617681370e-07	4.444358e-01	4.444065e-01	4.443523e-01
3.870939760538507e-07	4.444366e-01	4.444046e-01	4.443514e-01
3.871166903395644e-07	4.444375e-01	4.444029e-01	4.443505e-01
3.871394046252781e-07	4.444385e-01	4.444013e-01	4.443497e-01
3.871621189109918e-07	4.444395e-01	4.443999e-01	4.443489e-01
3.871848331967055e-07	4.444406e-01	4.443987e-01	4.443481e-01
3.871999760538480e-07	4.444414e-01	4.443980e-01	4.443475e-01
3.872151189109905e-07	4.444422e-01	4.443974e-01	4.443470e-01
3.872302617681329e-07	4.444430e-01	4.443969e-01	4.443466e-01
3.872454046252754e-07	4.444439e-01	4.443965e-01	4.443461e-01
3.872605474824179e-07	4.444447e-01	4.443962e-01	4.443456e-01
3.872756903395604e-07	4.444456e-01	4.443960e-01	4.443451e-01
3.872908331967028e-07	4.444464e-01	4.443958e-01	4.443447e-01
3.873015474824168e-07	4.444471e-01	4.443958e-01	4.443444e-01
3.873122617681309e-07	4.444477e-01	4.443958e-01	4.443441e-01
3.873229760538449e-07	4.444483e-01	4.443959e-01	4.443438e-01
3.873336903395589e-07	4.444490e-01	4.443960e-01	4.443435e-01
3.873444046252729e-07	4.444496e-01	4.443962e-01	4.443432e-01
3.873551189109869e-07	4.444502e-01	4.443964e-01	4.443429e-01
3.873658331967009e-07	4.444509e-01	4.443966e-01	4.443426e-01
3.873889760538432e-07	4.444522e-01	4.443974e-01	4.443421e-01
3.874121189109855e-07	4.444536e-01	4.443983e-01	4.443415e-01
3.874352617681277e-07	4.444549e-01	4.443994e-01	4.443410e-01
3.874584046252700e-07	4.444562e-01	4.444008e-01	4.443406e-01
3.874815474824123e-07	4.444574e-01	4.444023e-01	4.443401e-01
3.875046903395546e-07	4.444587e-01	4.444040e-01	4.443397e-01
3.875278331966968e-07	4.444598e-01	4.444059e-01	4.443393e-01
3.875539760538390e-07	4.444611e-01	4.444083e-01	4.443389e-01
3.875801189109812e-07	4.444622e-01	4.444109e-01	4.443386e-01
3.876062617681234e-07	4.444632e-01	4.444136e-01	4.443383e-01
3.876324046252656e-07	4.444641e-01	4.444165e-01	4.443380e-01
3.876585474824078e-07	4.444649e-01	4.444195e-01	4.443378e-01
3.876846903395500e-07	4.444656e-01	4.444226e-01	4.443376e-01
3.877108331966922e-07	4.444661e-01	4.444260e-01	4.443375e-01
3.877285474824060e-07	4.444664e-01	4.444283e-01	4.443374e-01
3.877462617681199e-07	4.444666e-01	4.444306e-01	4.443374e-01
3.877639760538337e-07	4.444667e-01	4.444330e-01	4.443373e-01
3.877816903395475e-07	4.444668e-01	4.444353e-01	4.443373e-01
3.877994046252614e-07	4.444668e-01	4.444377e-01	4.443374e-01
3.878171189109752e-07	4.444667e-01	4.444401e-01	4.443374e-01
3.878348331966891e-07	4.444665e-01	4.444425e-01	4.443375e-01
3.878579760538313e-07	4.444662e-01	4.444457e-01	4.443376e-01
3.878811189109736e-07	4.444658e-01	4.444489e-01	4.443377e-01
3.879042617681159e-07	4.444652e-01	4.444520e-01	4.443379e-01
3.879274046252581e-07	4.444645e-01	4.444551e-01	4.443381e-01
3.879505474824004e-07	4.444637e-01	4.444581e-01	4.443383e-01
3.879736903395427e-07	4.444628e-01	4.444611e-01	4.443386e-01
3.879968331966849e-07	4.444617e-01	4.444641e-01	4.443389e-01
3.880498331966836e-07	4.444588e-01	4.444705e-01	4.443398e-01
3.880818331966828e-07	4.444568e-01	4.444741e-01	4.443403e-01
3.881138331966820e-07	4.444546e-01	4.444775e-01	4.443410e-01
3.881458331966812e-07	4.444522e-01	4.444806e-01	4.443417e-01
3.881778331966804e-07	4.444497e-01	4.444835e-01	4.443425e-01
3.882098331966796e-07	4.444470e-01	4.444861e-01	4.443434e-01
3.882418331966787e-07	4.444441e-01	4.444884e-01	4.443443e-01
3.882738331966779e-07	4.444411e-01	4.444904e-01	4.443453e-01
3.882956903395345e-07	4.444390e-01	4.444916e-01	4.443460e-01
3.883175474823911e-07	4.444369e-01	4.444927e-01	4.443467e-01
3.883394046252477e-07	4.444347e-01	4.444936e-01	4.443474e-01
3.883612617681043e-07	4.444325e-01	4.444943e-01	4.443482e-01
3.883831189109609e-07	4.444303e-01	4.444949e-01	4.443490e-01
3.884049760538175e-07	4.444281e-01	4.444954e-01	4.443499e-01
3.884268331966741e-07	4.444259e-01	4.444956e-01	4.443507e-01
3.884412617681023e-07	4.444244e-01	4.444958e-01	4.443513e-01
3.884556903395305e-07	4.444229e-01	4.444958e-01	4.443519e-01
3.884701189109587e-07	4.444214e-01	4.444958e-01	4.443525e-01
3.884845474823869e-07	4.444200e-01	4.444956e-01	4.443531e-01
3.884989760538151e-07	4.444185e-01	4.444955e-01	4.443538e-01
3.885134046252433e-07	4.444170e-01	4.444952e-01	4.443544e-01
3.885278331966715e-07	4.444156e-01	4.444949e-01	4.443551e-01
3.885579760538136e-07	4.444126e-01	4.444941e-01	4.443565e-01
3.885881189109557e-07	4.444097e-01	4.444929e-01	4.443579e-01
3.886182617680978e-07	4.444069e-01	4.444916e-01	4.443594e-01
3.886484046252399e-07	4.444042e-01	4.444899e-01	4.443609e-01
3.886785474823820e-07	4.444015e-01	4.444881e-01	4.443624e-01
3.887086903395241e-07	4.443990e-01	4.444859e-01	4.443640e-01
3.887388331966661e-07	4.443966e-01	4.444835e-01	4.443657e-01
3.887719760538082e-07	4.443942e-01	4.444806e-01	4.443675e-01
3.888051189109502e-07	4.443920e-01	4.444776e-01	4.443694e-01
3.888382617680922e-07	4.443900e-01	4.444743e-01	4.443713e-01
3.888714046252342e-07	4.443882e-01	4.444708e-01	4.443732e-01
3.889045474823762e-07	4.443866e-01	4.444672e-01	4.443752e-01
3.889376903395183e-07	4.443853e-01	4.444633e-01	4.443773e-01
3.889708331966603e-07	4.443842e-01	4.444593e-01	4.443793e-01
3.889854046252313e-07	4.443838e-01	4.444575e-01	4.443802e-01
3.889999760538024e-07	4.443835e-01	4.444557e-01	4.443812e-01
3.890145474823734e-07	4.443832e-01	4.444539e-01	4.443821e-01
3.890291189109445e-07	4.443829e-01	4.444521e-01	4.443830e-01
3.890436903395156e-07	4.443827e-01	4.444502e-01	4.443840e-01
3.890582617680866e-07	4.443826e-01	4.444484e-01	4.443849e-01
3.890728331966577e-07	4.443825e-01	4.444465e-01	4.443859e-01
3.890738331966577e-07	4.443825e-01	4.444464e-01	4.443859e-01
3.890939760538000e-07	4.443824e-01	4.444437e-01	4.443872e-01
3.891141189109424e-07	4.443825e-01	4.444411e-01	4.443885e-01
3.891342617680847e-07	4.443826e-01	4.444385e-01	4.443899e-01
3.891544046252270e-07	4.443829e-01	4.444359e-01	4.443912e-01
3.891745474823694e-07	4.443832e-01	4.444333e-01	4.443925e-01
3.891946903395117e-07	4.443837e-01	4.444306e-01	4.443939e-01
3.892148331966541e-07	4.443842e-01	4.444280e-01	4.443952e-01
3.892568331966530e-07	4.443856e-01	4.444227e-01	4.443981e-01
3.892588331966530e-07	4.443857e-01	4.444225e-01	4.443982e-01
3.892598331966529e-07	4.443857e-01	4.444225e-01	4.443983e-01
3.892608331966529e-07	4.443858e-01	4.444222e-01	4.443984e-01
3.892618331966529e-07	4.443858e-01	4.444219e-01	4.443984e-01
3.892628331966529e-07	4.443859e-01	4.444216e-01	4.443985e-01
3.892638331966528e-07	4.443859e-01	4.444217e-01	4.443986e-01
3.892648331966528e-07	4.443859e-01	4.444218e-01	4.443986e-01
3.892668331966528e-07	4.443860e-01	4.444214e-01	4.443988e-01
3.892731189109383e-07	4.443863e-01	4.444206e-01	4.443992e-01
3.892794046252239e-07	4.443865e-01	4.444198e-01	4.443996e-01
3.892856903395094e-07	4.443869e-01	4.444191e-01	4.444001e-01
3.892919760537950e-07	4.443872e-01	4.444183e-01	4.444005e-01
3.892982617680805e-07	4.443875e-01	4.444175e-01	4.444009e-01
3.893045474823661e-07	4.443879e-01	4.444167e-01	4.444013e-01
3.893108331966517e-07	4.443883e-01	4.444160e-01	4.444018e-01
3.893188331966515e-07	4.443889e-01	4.444150e-01	4.444023e-01
3.893268331966513e-07	4.443895e-01	4.444140e-01	4.444029e-01
3.893348331966510e-07	4.443902e-01	4.444130e-01	4.444034e-01
3.893428331966508e-07	4.443910e-01	4.444121e-01	4.444040e-01
3.893508331966506e-07	4.443918e-01	4.444111e-01	4.444045e-01
3.893588331966504e-07	4.443927e-01	4.444102e-01	4.444051e-01
3.893668331966502e-07	4.443936e-01	4.444093e-01	4.444056e-01
3.893796903395071e-07	4.443953e-01	4.444078e-01	4.444065e-01
3.893925474823639e-07	4.443971e-01	4.444064e-01	4.444074e-01
3.894054046252207e-07	4.443990e-01	4.444050e-01	4.444083e-01
3.894182617680775e-07	4.444011e-01	4.444036e-01	4.444092e-01
3.894311189109343e-07	4.444033e-01	4.444022e-01	4.444100e-01
3.894439760537911e-07	4.444057e-01	4.444009e-01	4.444109e-01
3.894568331966480e-07	4.444081e-01	4.443996e-01	4.444118e-01
3.894805474823616e-07	4.444131e-01	4.443973e-01	4.444134e-01
3.895042617680753e-07	4.444181e-01	4.443951e-01	4.444151e-01
3.895279760537890e-07	4.444231e-01	4.443930e-01	4.444167e-01
3.895516903395027e-07	4.444281e-01	4.443910e-01	4.444183e-01
3.895754046252164e-07	4.444331e-01	4.443891e-01	4.444199e-01
3.895991189109301e-07	4.444381e-01	4.443872e-01	4.444216e-01
3.896228331966438e-07	4.444431e-01	4.443855e-01	4.444232e-01
3.896389760537862e-07	4.444462e-01	4.443844e-01	4.444243e-01
3.896551189109286e-07	4.444492e-01	4.443833e-01	4.444254e-01
3.896712617680711e-07	4.444519e-01	4.443822e-01	4.444265e-01
3.896874046252135e-07	4.444545e-01	4.443812e-01	4.444276e-01
3.897035474823560e-07	4.444569e-01	4.443802e-01	4.444286e-01
3.897196903394984e-07	4.444591e-01	4.443792e-01	4.444297e-01
3.897358331966409e-07	4.444610e-01	4.443783e-01	4.444308e-01
3.897485474823549e-07	4.444624e-01	4.443776e-01	4.444316e-01
3.897612617680688e-07	4.444637e-01	4.443769e-01	4.444325e-01
3.897739760537828e-07	4.444648e-01	4.443762e-01	4.444333e-01
3.897866903394967e-07	4.444657e-01	4.443755e-01	4.444342e-01
3.897994046252107e-07	4.444665e-01	4.443749e-01	4.444350e-01
3.898121189109247e-07	4.444672e-01	4.443743e-01	4.444358e-01
3.898248331966386e-07	4.444677e-01	4.443737e-01	4.444367e-01
3.898328331966384e-07	4.444679e-01	4.443733e-01	4.444372e-01
3.898408331966382e-07	4.444681e-01	4.443729e-01	4.444377e-01
3.898488331966380e-07	4.444682e-01	4.443726e-01	4.444382e-01
3.898568331966378e-07	4.444683e-01	4.443722e-01	4.444387e-01
3.898648331966376e-07	4.444683e-01	4.443719e-01	4.444392e-01
3.898728331966374e-07	4.444683e-01	4.443715e-01	4.444398e-01
3.898808331966372e-07	4.444682e-01	4.443712e-01	4.444403e-01
3.898948331966369e-07	4.444679e-01	4.443706e-01	4.444412e-01
3.899088331966365e-07	4.444674e-01	4.443701e-01	4.444421e-01
3.899228331966362e-07	4.444668e-01	4.443696e-01	4.444429e-01
3.899368331966358e-07	4.444661e-01	4.443691e-01	4.444438e-01
3.899508331966354e-07	4.444652e-01	4.443687e-01	4.444447e-01
3.899648331966351e-07	4.444642e-01	4.443683e-01	4.444456e-01
3.899788331966347e-07	4.444631e-01	4.443679e-01	4.444464e-01
3.899956903394914e-07	4.444615e-01	4.443675e-01	4.444475e-01
3.900125474823482e-07	4.444598e-01	4.443671e-01	4.444485e-01
3.900294046252049e-07	4.444581e-01	4.443668e-01	4.444495e-01
3.900462617680616e-07	4.444561e-01	4.443665e-01	4.444505e-01
3.900631189109183e-07	4.444541e-01	4.443663e-01	4.444515e-01
3.900799760537750e-07	4.444520e-01	4.443662e-01	4.444525e-01
3.900968331966317e-07	4.444498e-01	4.443661e-01	4.444535e-01
3.900978331966317e-07	4.444496e-01	4.443661e-01	4.444536e-01
3.901129760537742e-07	4.444476e-01	4.443660e-01	4.444545e-01
3.901281189109167e-07	4.444455e-01	4.443661e-01	4.444554e-01
3.901432617680591e-07	4.444435e-01	4.443662e-01	4.444562e-01
3.901584046252016e-07	4.444414e-01	4.443663e-01	4.444571e-01
3.901735474823441e-07	4.444393e-01	4.443665e-01	4.444579e-01
3.901886903394866e-07	4.444372e-01	4.443668e-01	4.444588e-01
3.902038331966290e-07	4.444351e-01	4.443671e-01	4.444596e-01
3.902261189109142e-07	4.444321e-01	4.443676e-01	4.444608e-01
3.902484046251993e-07	4.444292e-01	4.443684e-01	4.444620e-01
3.902706903394845e-07	4.444265e-01	4.443692e-01	4.444632e-01
3.902929760537696e-07	4.444240e-01	4.443702e-01	4.444644e-01
3.903152617680548e-07	4.444217e-01	4.443713e-01	4.444656e-01
3.903375474823399e-07	4.444195e-01	4.443726e-01	4.444667e-01
3.903598331966251e-07	4.444175e-01	4.443740e-01	4.444678e-01
3.903752617680533e-07	4.444163e-01	4.443751e-01	4.444686e-01
3.903906903394814e-07	4.444153e-01	4.443762e-01	4.444694e-01
3.904061189109096e-07	4.444144e-01	4.443774e-01	4.444701e-01
3.904215474823378e-07	4.444136e-01	4.443786e-01	4.444708e-01
3.904369760537660e-07	4.444130e-01	4.443799e-01	4.444716e-01
3.904524046251942e-07	4.444125e-01	4.443813e-01	4.444723e-01
3.904678331966223e-07	4.444121e-01	4.443828e-01	4.444730e-01
3.904785474823364e-07	4.444120e-01	4.443838e-01	4.444735e-01
3.904892617680504e-07	4.444119e-01	4.443849e-01	4.444740e-01
3.904999760537644e-07	4.444119e-01	4.443860e-01	4.444745e-01
3.905106903394784e-07	4.444120e-01	4.443871e-01	4.444749e-01
3.905214046251924e-07	4.444122e-01	4.443882e-01	4.444754e-01
3.905321189109064e-07	4.444124e-01	4.443894e-01	4.444759e-01
3.905428331966204e-07	4.444127e-01	4.443906e-01	4.444763e-01
3.905619760537628e-07	4.444135e-01	4.443928e-01	4.444771e-01
3.905811189109052e-07	4.444145e-01	4.443951e-01	4.444779e-01
3.906002617680476e-07	4.444157e-01	4.443974e-01	4.444787e-01
3.906194046251899e-07	4.444172e-01	4.443998e-01	4.444795e-01
3.906385474823323e-07	4.444189e-01	4.444022e-01	4.444803e-01
3.906576903394747e-07	4.444208e-01	4.444048e-01	4.444810e-01
3.906768331966170e-07	4.444230e-01	4.444073e-01	4.444817e-01
3.907094046251877e-07	4.444273e-01	4.444119e-01	4.444829e-01
3.907419760537583e-07	4.444321e-01	4.444164e-01	4.444841e-01
3.907745474823289e-07	4.444373e-01	4.444210e-01	4.444852e-01
3.908071189108995e-07	4.444430e-01	4.444256e-01	4.444863e-01
3.908396903394701e-07	4.444492e-01	4.444302e-01	4.444873e-01
3.908722617680407e-07	4.444559e-01	4.444349e-01	4.444883e-01
3.909048331966113e-07	4.444630e-01	4.444395e-01	4.444892e-01
3.909356903394676e-07	4.444701e-01	4.444439e-01	4.444901e-01
3.909665474823240e-07	4.444771e-01	4.444481e-01	4.444909e-01
3.909974046251804e-07	4.444842e-01	4.444521e-01	4.444916e-01
3.910282617680367e-07	4.444914e-01	4.444560e-01	4.444924e-01
3.910591189108931e-07	4.444986e-01	4.444597e-01	4.444931e-01
3.910899760537494e-07	4.445058e-01	4.444633e-01	4.444937e-01
3.911208331966058e-07	4.445131e-01	4.444668e-01	4.444943e-01
3.911218331966058e-07	4.445133e-01	4.444669e-01	4.444944e-01
3.911534046251764e-07	4.445206e-01	4.444702e-01	4.444950e-01
3.911849760537470e-07	4.445275e-01	4.444732e-01	4.444955e-01
3.912165474823177e-07	4.445341e-01	4.444759e-01	4.444960e-01
3.912481189108883e-07	4.445404e-01	4.444784e-01	4.444965e-01
3.912796903394589e-07	4.445463e-01	4.444806e-01	4.444969e-01
3.913112617680295e-07	4.445519e-01	4.444826e-01	4.444973e-01
3.913428331966002e-07	4.445572e-01	4.444843e-01	4.444976e-01
3.913644046251711e-07	4.445604e-01	4.444853e-01	4.444979e-01
3.913859760537419e-07	4.445634e-01	4.444862e-01	4.444981e-01
3.914075474823128e-07	4.445662e-01	4.444869e-01	4.444982e-01
3.914291189108837e-07	4.445687e-01	4.444875e-01	4.444984e-01
3.914506903394546e-07	4.445709e-01	4.444879e-01	4.444986e-01
3.914722617680255e-07	4.445729e-01	4.444882e-01	4.444987e-01
3.914938331965963e-07	4.445747e-01	4.444884e-01	4.444988e-01
3.915094046251674e-07	4.445757e-01	4.444885e-01	4.444989e-01
3.915249760537384e-07	4.445767e-01	4.444885e-01	4.444990e-01
3.915405474823095e-07	4.445774e-01	4.444884e-01	4.444990e-01
3.915561189108805e-07	4.445780e-01	4.444882e-01	4.444991e-01
3.915716903394515e-07	4.445785e-01	4.444880e-01	4.444991e-01
3.915872617680226e-07	4.445788e-01	4.444878e-01	4.444991e-01
3.916028331965936e-07	4.445790e-01	4.444874e-01	4.444992e-01
3.916179760537361e-07	4.445790e-01	4.444870e-01	4.444992e-01
3.916331189108785e-07	4.445789e-01	4.444866e-01	4.444992e-01
3.916482617680210e-07	4.445786e-01	4.444861e-01	4.444992e-01
3.916634046251635e-07	4.445781e-01	4.444855e-01	4.444992e-01
3.916785474823060e-07	4.445776e-01	4.444849e-01	4.444992e-01
3.916936903394484e-07	4.445769e-01	4.444843e-01	4.444992e-01
3.917088331965909e-07	4.445760e-01	4.444836e-01	4.444991e-01
3.917408331965901e-07	4.445737e-01	4.444819e-01	4.444990e-01
3.917728331965893e-07	4.445708e-01	4.444800e-01	4.444989e-01
3.918048331965885e-07	4.445673e-01	4.444780e-01	4.444988e-01
3.918368331965877e-07	4.445632e-01	4.444759e-01	4.444986e-01
3.918688331965868e-07	4.445586e-01	4.444735e-01	4.444984e-01
3.919008331965860e-07	4.445533e-01	4.444710e-01	4.444981e-01
3.919328331965852e-07	4.445475e-01	4.444684e-01	4.444979e-01
3.919631189108702e-07	4.445416e-01	4.444658e-01	4.444976e-01
3.919934046251551e-07	4.445353e-01	4.444631e-01	4.444973e-01
3.920236903394401e-07	4.445286e-01	4.444604e-01	4.444970e-01
3.920539760537250e-07	4.445216e-01	4.444577e-01	4.444967e-01
3.920842617680100e-07	4.445142e-01	4.444549e-01	4.444963e-01
3.921145474822949e-07	4.445065e-01	4.444520e-01	4.444959e-01
3.921448331965799e-07	4.444984e-01	4.444492e-01	4.444955e-01
3.921458331965798e-07	4.444982e-01	4.444491e-01	4.444955e-01
3.921928331965786e-07	4.444850e-01	4.444446e-01	4.444948e-01
3.922398331965774e-07	4.444716e-01	4.444402e-01	4.444941e-01
3.922868331965763e-07	4.444581e-01	4.444361e-01	4.444934e-01
3.923338331965751e-07	4.444443e-01	4.444321e-01	4.444926e-01
3.923808331965739e-07	4.444304e-01	4.444282e-01	4.444917e-01
3.924278331965727e-07	4.444164e-01	4.444245e-01	4.444909e-01
3.924748331965715e-07	4.444021e-01	4.444210e-01	4.444900e-01
3.925124046251420e-07	4.443910e-01	4.444184e-01	4.444892e-01
3.925499760537124e-07	4.443802e-01	4.444160e-01	4.444885e-01
3.925875474822829e-07	4.443697e-01	4.444138e-01	4.444877e-01
3.926251189108534e-07	4.443595e-01	4.444118e-01	4.444869e-01
3.926626903394239e-07	4.443496e-01	4.444101e-01	4.444861e-01
3.927002617679944e-07	4.443400e-01	4.444085e-01	4.444853e-01
3.927378331965648e-07	4.443308e-01	4.444072e-01	4.444845e-01
3.927651189108499e-07	4.443244e-01	4.444063e-01	4.444839e-01
3.927924046251349e-07	4.443183e-01	4.444056e-01	4.444832e-01
3.928196903394199e-07	4.443124e-01	4.444050e-01	4.444826e-01
3.928469760537049e-07	4.443069e-01	4.444045e-01	4.444820e-01
3.928742617679899e-07	4.443016e-01	4.444041e-01	4.444814e-01
3.929015474822750e-07	4.442966e-01	4.444039e-01	4.444807e-01
3.929288331965600e-07	4.442918e-01	4.444037e-01	4.444801e-01
3.929521189108451e-07	4.442880e-01	4.444037e-01	4.444795e-01
3.929754046251302e-07	4.442845e-01	4.444038e-01	4.444790e-01
3.929986903394154e-07	4.442812e-01	4.444039e-01	4.444785e-01
3.930219760537005e-07	4.442781e-01	4.444041e-01	4.444779e-01
3.930452617679856e-07	4.442753e-01	4.444044e-01	4.444774e-01
3.930685474822707e-07	4.442727e-01	4.444047e-01	4.444768e-01
3.930918331965559e-07	4.442703e-01	4.444051e-01	4.444763e-01
3.931028331965556e-07	4.442692e-01	4.444054e-01	4.444760e-01
3.931138331965553e-07	4.442683e-01	4.444056e-01	4.444757e-01
3.931248331965550e-07	4.442673e-01	4.444058e-01	4.444755e-01
3.931358331965547e-07	4.442665e-01	4.444061e-01	4.444752e-01
3.931468331965545e-07	4.442656e-01	4.444064e-01	4.444750e-01
3.931578331965542e-07	4.442649e-01	4.444067e-01	4.444747e-01
3.931688331965539e-07	4.442641e-01	4.444070e-01	4.444745e-01
3.931698331965539e-07	4.442641e-01	4.444070e-01	4.444744e-01
3.931916903394105e-07	4.442628e-01	4.444077e-01	4.444739e-01
3.932135474822671e-07	4.442618e-01	4.444084e-01	4.444734e-01
3.932354046251237e-07	4.442610e-01	4.444092e-01	4.444729e-01
3.932572617679802e-07	4.442604e-01	4.444100e-01	4.444724e-01
3.932791189108368e-07	4.442600e-01	4.444108e-01	4.444718e-01
3.933009760536934e-07	4.442598e-01	4.444117e-01	4.444713e-01
3.933228331965500e-07	4.442598e-01	4.444127e-01	4.444708e-01
3.933534046251207e-07	4.442601e-01	4.444141e-01	4.444701e-01
3.933839760536913e-07	4.442609e-01	4.444155e-01	4.444694e-01
3.934145474822620e-07	4.442619e-01	4.444171e-01	4.444687e-01
3.934451189108326e-07	4.442634e-01	4.444186e-01	4.444680e-01
3.934756903394033e-07	4.442652e-01	4.444202e-01	4.444673e-01
3.935062617679739e-07	4.442674e-01	4.444219e-01	4.444666e-01
3.935368331965446e-07	4.442700e-01	4.444236e-01	4.444659e-01
3.936006903394001e-07	4.442766e-01	4.444274e-01	4.444645e-01
3.936645474822556e-07	4.442842e-01	4.444312e-01	4.444631e-01
3.937284046251112e-07	4.442928e-01	4.444348e-01	4.444617e-01
3.937922617679667e-07	4.443024e-01	4.444385e-01	4.444604e-01
3.938561189108222e-07	4.443129e-01	4.444421e-01	4.444591e-01
3.939199760536777e-07	4.443245e-01	4.444456e-01	4.444579e-01
3.939838331965333e-07	4.443370e-01	4.444490e-01	4.444567e-01
3.940136903393896e-07	4.443429e-01	4.444505e-01	4.444561e-01
3.940435474822460e-07	4.443488e-01	4.444520e-01	4.444556e-01
3.940734046251024e-07	4.443548e-01	4.444534e-01	4.444551e-01
3.941032617679588e-07	4.443609e-01	4.444547e-01	4.444545e-01
3.941331189108152e-07	4.443671e-01	4.444560e-01	4.444540e-01
3.941629760536716e-07	4.443733e-01	4.444572e-01	4.444535e-01
3.941928331965280e-07	4.443795e-01	4.444584e-01	4.444530e-01
3.941938331965279e-07	4.443797e-01	4.444584e-01	4.444530e-01
3.942374046250983e-07	4.443889e-01	4.444600e-01	4.444523e-01
3.942809760536686e-07	4.443980e-01	4.444614e-01	4.444516e-01
3.943245474822389e-07	4.444070e-01	4.444627e-01	4.444509e-01
3.943681189108092e-07	4.444159e-01	4.444638e-01	4.444503e-01
3.944116903393796e-07	4.444247e-01	4.444648e-01	4.444496e-01
3.944552617679499e-07	4.444334e-01	4.444656e-01	4.444490e-01
3.944988331965202e-07	4.444420e-01	4.444662e-01	4.444485e-01
3.945299760536623e-07	4.444480e-01	4.444666e-01	4.444481e-01
3.945611189108044e-07	4.444539e-01	4.444668e-01	4.444477e-01
3.945922617679464e-07	4.444596e-01	4.444670e-01	4.444473e-01
3.946234046250885e-07	4.444652e-01	4.444671e-01	4.444470e-01
3.946545474822306e-07	4.444707e-01	4.444672e-01	4.444466e-01
3.946856903393726e-07	4.444760e-01	4.444671e-01	4.444463e-01
3.947168331965147e-07	4.444812e-01	4.444670e-01	4.444459e-01
3.947665474822277e-07	4.444891e-01	4.444666e-01	4.444454e-01
3.948162617679407e-07	4.444966e-01	4.444660e-01	4.444450e-01
3.948659760536538e-07	4.445037e-01	4.444653e-01	4.444445e-01
3.949156903393668e-07	4.445102e-01	4.444644e-01	4.444441e-01
3.949654046250798e-07	4.445163e-01	4.444633e-01	4.444437e-01
3.950151189107928e-07	4.445220e-01	4.444620e-01	4.444433e-01
3.950648331965059e-07	4.445271e-01	4.444606e-01	4.444430e-01
3.950836903393625e-07	4.445290e-01	4.444600e-01	4.444429e-01
3.951025474822192e-07	4.445307e-01	4.444594e-01	4.444428e-01
3.951214046250759e-07	4.445324e-01	4.444588e-01	4.444427e-01
3.951402617679325e-07	4.445340e-01	4.444582e-01	4.444425e-01
3.951591189107892e-07	4.445356e-01	4.444575e-01	4.444424e-01
3.951779760536459e-07	4.445371e-01	4.444568e-01	4.444424e-01
3.951968331965025e-07	4.445385e-01	4.444562e-01	4.444423e-01
3.952178331965020e-07	4.445399e-01	4.444554e-01	4.444422e-01
3.952334046250730e-07	4.445410e-01	4.444548e-01	4.444421e-01
3.952489760536441e-07	4.445420e-01	4.444542e-01	4.444421e-01
3.952645474822151e-07	4.445429e-01	4.444535e-01	4.444421e-01
3.952801189107861e-07	4.445438e-01	4.444529e-01	4.444422e-01
3.952956903393572e-07	4.445447e-01	4.444523e-01	4.444423e-01
3.953112617679282e-07	4.445455e-01	4.444517e-01	4.444425e-01
3.953268331964992e-07	4.445463e-01	4.444510e-01	4.444427e-01
3.953381189107847e-07	4.445468e-01	4.444505e-01	4.444429e-01
3.953494046250701e-07	4.445473e-01	4.444500e-01	4.444432e-01
3.953606903393555e-07	4.445478e-01	4.444496e-01	4.444436e-01
3.953719760536409e-07	4.445482e-01	4.444491e-01	4.444439e-01
3.953832617679264e-07	4.445487e-01	4.444486e-01	4.444443e-01
3.953945474822118e-07	4.445491e-01	4.444481e-01	4.444448e-01
3.954058331964972e-07	4.445494e-01	4.444475e-01	4.444453e-01
3.954219760536397e-07	4.445499e-01	4.444468e-01	4.444462e-01
3.954381189107821e-07	4.445504e-01	4.444461e-01	4.444471e-01
3.954542617679246e-07	4.445508e-01	4.444454e-01	4.444480e-01
3.954704046250670e-07	4.445512e-01	4.444446e-01	4.444490e-01
3.954865474822095e-07	4.445515e-01	4.444439e-01	4.444500e-01
3.955026903393519e-07	4.445518e-01	4.444431e-01	4.444510e-01
3.955188331964944e-07	4.445521e-01	4.444424e-01	4.444521e-01
3.955366903393511e-07	4.445523e-01	4.444415e-01	4.444533e-01
3.955545474822078e-07	4.445524e-01	4.444407e-01	4.444544e-01
3.955724046250644e-07	4.445526e-01	4.444398e-01	4.444554e-01
3.955902617679211e-07	4.445526e-01	4.444390e-01	4.444564e-01
3.956081189107778e-07	4.445526e-01	4.444381e-01	4.444572e-01
3.956259760536345e-07	4.445526e-01	4.444372e-01	4.444579e-01
3.956438331964912e-07	4.445525e-01	4.444364e-01	4.444586e-01
3.956565474822052e-07	4.445524e-01	4.444357e-01	4.444589e-01
3.956692617679191e-07	4.445523e-01	4.444351e-01	4.444591e-01
3.956819760536331e-07	4.445522e-01	4.444345e-01	4.444593e-01
3.956946903393471e-07	4.445520e-01	4.444339e-01	4.444593e-01
3.957074046250610e-07	4.445518e-01	4.444333e-01	4.444593e-01
3.957201189107750e-07	4.445516e-01	4.444326e-01	4.444591e-01
3.957328331964889e-07	4.445514e-01	4.444320e-01	4.444589e-01
3.957476903393457e-07	4.445511e-01	4.444313e-01	4.444585e-01
3.957625474822025e-07	4.445508e-01	4.444306e-01	4.444579e-01
3.957774046250592e-07	4.445505e-01	4.444298e-01	4.444572e-01
3.957922617679160e-07	4.445501e-01	4.444291e-01	4.444563e-01
3.958071189107728e-07	4.445497e-01	4.444284e-01	4.444553e-01
3.958219760536295e-07	4.445493e-01	4.444276e-01	4.444542e-01
3.958368331964863e-07	4.445488e-01	4.444269e-01	4.444529e-01
3.958602617679143e-07	4.445480e-01	4.444258e-01	4.444506e-01
3.958836903393423e-07	4.445472e-01	4.444247e-01	4.444480e-01
3.959071189107702e-07	4.445464e-01	4.444235e-01	4.444452e-01
3.959305474821982e-07	4.445454e-01	4.444224e-01	4.444422e-01
3.959539760536262e-07	4.445444e-01	4.444213e-01	4.444390e-01
3.959774046250542e-07	4.445434e-01	4.444202e-01	4.444356e-01
3.960008331964822e-07	4.445423e-01	4.444191e-01	4.444320e-01
3.960298331964814e-07	4.445409e-01	4.444178e-01	4.444274e-01
3.960588331964807e-07	4.445394e-01	4.444165e-01	4.444229e-01
3.960878331964800e-07	4.445379e-01	4.444151e-01	4.444185e-01
3.961168331964792e-07	4.445363e-01	4.444139e-01	4.444144e-01
3.961458331964785e-07	4.445346e-01	4.444126e-01	4.444104e-01
3.961748331964778e-07	4.445329e-01	4.444113e-01	4.444065e-01
3.962038331964770e-07	4.445311e-01	4.444101e-01	4.444028e-01
3.962418331964761e-07	4.445288e-01	4.444085e-01	4.443988e-01
3.962599760536185e-07	4.445276e-01	4.444078e-01	4.443971e-01
3.962781189107608e-07	4.445265e-01	4.444070e-01	4.443957e-01
3.962962617679032e-07	4.445253e-01	4.444063e-01	4.443944e-01
3.963144046250456e-07	4.445241e-01	4.444056e-01	4.443934e-01
3.963325474821880e-07	4.445229e-01	4.444049e-01	4.443925e-01
3.963506903393304e-07	4.445217e-01	4.444042e-01	4.443919e-01
3.963688331964728e-07	4.445205e-01	4.444036e-01	4.443915e-01
3.963845474821867e-07	4.445194e-01	4.444030e-01	4.443913e-01
3.964002617679006e-07	4.445184e-01	4.444024e-01	4.443913e-01
3.964159760536145e-07	4.445173e-01	4.444018e-01	4.443914e-01
3.964316903393284e-07	4.445162e-01	4.444013e-01	4.443918e-01
3.964474046250423e-07	4.445152e-01	4.444007e-01	4.443922e-01
3.964631189107562e-07	4.445141e-01	4.444002e-01	4.443929e-01
3.964788331964700e-07	4.445130e-01	4.443997e-01	4.443937e-01
3.965054046250408e-07	4.445112e-01	4.443988e-01	4.443955e-01
3.965319760536116e-07	4.445093e-01	4.443979e-01	4.443976e-01
3.965585474821823e-07	4.445075e-01	4.443971e-01	4.444002e-01
3.965851189107531e-07	4.445056e-01	4.443963e-01	4.444031e-01
3.966116903393238e-07	4.445038e-01	4.443955e-01	4.444063e-01
3.966382617678946e-07	4.445020e-01	4.443948e-01	4.444100e-01
3.966648331964653e-07	4.445001e-01	4.443941e-01	4.444140e-01
3.967116903393213e-07	4.444969e-01	4.443928e-01	4.444220e-01
3.967585474821772e-07	4.444938e-01	4.443917e-01	4.444302e-01
3.968054046250332e-07	4.444907e-01	4.443906e-01	4.444385e-01
3.968522617678892e-07	4.444876e-01	4.443897e-01	4.444469e-01
3.968991189107451e-07	4.444847e-01	4.443888e-01	4.444554e-01
3.969459760536011e-07	4.444818e-01	4.443879e-01	4.444641e-01
3.969928331964570e-07	4.444789e-01	4.443872e-01	4.444728e-01
3.970242617678848e-07	4.444771e-01	4.443867e-01	4.444782e-01
3.970556903393126e-07	4.444753e-01	4.443863e-01	4.444832e-01
3.970871189107404e-07	4.444735e-01	4.443859e-01	4.444879e-01
3.971185474821681e-07	4.444718e-01	4.443855e-01	4.444923e-01
3.971499760535959e-07	4.444702e-01	4.443852e-01	4.444963e-01
3.971814046250237e-07	4.444685e-01	4.443849e-01	4.444999e-01
3.972128331964515e-07	4.444669e-01	4.443846e-01	4.445032e-01
3.972658331964501e-07	4.444644e-01	4.443842e-01	4.445077e-01
3.972905474821638e-07	4.444633e-01	4.443841e-01	4.445094e-01
3.973152617678774e-07	4.444621e-01	4.443840e-01	4.445109e-01
3.973399760535911e-07	4.444611e-01	4.443839e-01	4.445120e-01
3.973646903393047e-07	4.444600e-01	4.443838e-01	4.445129e-01
3.973894046250184e-07	4.444590e-01	4.443837e-01	4.445135e-01
3.974141189107321e-07	4.444580e-01	4.443836e-01	4.445139e-01
3.974388331964457e-07	4.444571e-01	4.443835e-01	4.445140e-01
3.974705474821592e-07	4.444559e-01	4.443835e-01	4.445137e-01
3.975022617678727e-07	4.444547e-01	4.443835e-01	4.445131e-01
3.975339760535862e-07	4.444536e-01	4.443835e-01	4.445121e-01
3.975656903392997e-07	4.444526e-01	4.443835e-01	4.445108e-01
3.975974046250131e-07	4.444516e-01	4.443835e-01	4.445091e-01
3.976291189107266e-07	4.444507e-01	4.443836e-01	4.445071e-01
3.976608331964401e-07	4.444498e-01	4.443837e-01	4.445048e-01
3.977188331964386e-07	4.444484e-01	4.443839e-01	4.444996e-01
3.977768331964372e-07	4.444471e-01	4.443842e-01	4.444940e-01
3.978348331964357e-07	4.444459e-01	4.443845e-01	4.444882e-01
3.978928331964342e-07	4.444448e-01	4.443849e-01	4.444820e-01
3.979508331964328e-07	4.444440e-01	4.443853e-01	4.444755e-01
3.980088331964313e-07	4.444432e-01	4.443857e-01	4.444687e-01
3.980668331964298e-07	4.444426e-01	4.443862e-01	4.444616e-01
3.980985474821433e-07	4.444423e-01	4.443865e-01	4.444579e-01
3.981302617678568e-07	4.444421e-01	4.443868e-01	4.444544e-01
3.981619760535703e-07	4.444418e-01	4.443871e-01	4.444509e-01
3.981936903392837e-07	4.444416e-01	4.443874e-01	4.444476e-01
3.982254046249972e-07	4.444415e-01	4.443877e-01	4.444443e-01
3.982571189107107e-07	4.444414e-01	4.443880e-01	4.444412e-01
3.982888331964242e-07	4.444413e-01	4.443884e-01	4.444381e-01
3.982898331964242e-07	4.444413e-01	4.443884e-01	4.444380e-01
3.983056903392809e-07	4.444412e-01	4.443885e-01	4.444366e-01
3.983215474821376e-07	4.444412e-01	4.443887e-01	4.444352e-01
3.983374046249944e-07	4.444412e-01	4.443889e-01	4.444338e-01
3.983532617678511e-07	4.444411e-01	4.443890e-01	4.444325e-01
3.983691189107079e-07	4.444411e-01	4.443892e-01	4.444312e-01
3.983849760535646e-07	4.444411e-01	4.443894e-01	4.444300e-01
3.984008331964214e-07	4.444411e-01	4.443896e-01	4.444287e-01
3.984018331964213e-07	4.444411e-01	4.443896e-01	4.444287e-01
3.984028331964213e-07	4.444411e-01	4.443896e-01	4.444286e-01
3.984038331964213e-07	4.444411e-01	4.443896e-01	4.444285e-01
3.984048331964213e-07	4.444411e-01	4.443896e-01	4.444284e-01
3.984058331964212e-07	4.444411e-01	4.443896e-01	4.444284e-01
3.984068331964212e-07	4.444411e-01	4.443896e-01	4.444283e-01
3.984088331964212e-07	4.444411e-01	4.443896e-01	4.444281e-01
3.984108331964211e-07	4.444411e-01	4.443896e-01	4.444280e-01
3.984128331964210e-07	4.444411e-01	4.443897e-01	4.444278e-01
3.984241189107065e-07	4.444411e-01	4.443898e-01	4.444270e-01
3.984354046249919e-07	4.444411e-01	4.443899e-01	4.444262e-01
3.984466903392773e-07	4.444411e-01	4.443900e-01	4.444254e-01
3.984579760535628e-07	4.444411e-01	4.443902e-01	4.444246e-01
3.984692617678482e-07	4.444412e-01	4.443903e-01	4.444238e-01
3.984805474821336e-07	4.444412e-01	4.443904e-01	4.444230e-01
3.984918331964190e-07	4.444412e-01	4.443905e-01	4.444222e-01
3.985048331964187e-07	4.444412e-01	4.443907e-01	4.444213e-01
3.985178331964184e-07	4.444412e-01	4.443908e-01	4.444203e-01
3.985308331964181e-07	4.444412e-01	4.443909e-01	4.444193e-01
3.985438331964177e-07	4.444413e-01	4.443911e-01	4.444182e-01
3.985568331964174e-07	4.444413e-01	4.443912e-01	4.444171e-01
3.985698331964171e-07	4.444414e-01	4.443914e-01	4.444159e-01
3.985828331964167e-07	4.444414e-01	4.443915e-01	4.444146e-01
3.985972617678449e-07	4.444415e-01	4.443917e-01	4.444132e-01
3.986116903392732e-07	4.444415e-01	4.443918e-01	4.444117e-01
3.986261189107014e-07	4.444416e-01	4.443920e-01	4.444101e-01
3.986405474821296e-07	4.444416e-01	4.443922e-01	4.444085e-01
3.986549760535578e-07	4.444417e-01	4.443923e-01	4.444068e-01
3.986694046249860e-07	4.444417e-01	4.443925e-01	4.444050e-01
3.986838331964142e-07	4.444418e-01	4.443926e-01	4.444032e-01
3.987086903392707e-07	4.444419e-01	4.443929e-01	4.443999e-01
3.987335474821272e-07	4.444420e-01	4.443932e-01	4.443968e-01
3.987584046249837e-07	4.444421e-01	4.443934e-01	4.443939e-01
3.987832617678402e-07	4.444422e-01	4.443937e-01	4.443912e-01
3.988081189106967e-07	4.444424e-01	4.443940e-01	4.443887e-01
3.988329760535533e-07	4.444425e-01	4.443942e-01	4.443864e-01
3.988578331964098e-07	4.444426e-01	4.443945e-01	4.443843e-01
3.988698331964095e-07	4.444427e-01	4.443946e-01	4.443836e-01
3.988818331964092e-07	4.444428e-01	4.443948e-01	4.443829e-01
3.988938331964089e-07	4.444428e-01	4.443949e-01	4.443824e-01
3.989058331964086e-07	4.444429e-01	4.443950e-01	4.443820e-01
3.989178331964083e-07	4.444430e-01	4.443951e-01	4.443817e-01
3.989298331964080e-07	4.444430e-01	4.443952e-01	4.443815e-01
3.989418331964076e-07	4.444431e-01	4.443954e-01	4.443815e-01
3.989545474821216e-07	4.444432e-01	4.443955e-01	4.443816e-01
3.989672617678356e-07	4.444433e-01	4.443956e-01	4.443819e-01
3.989799760535495e-07	4.444433e-01	4.443958e-01	4.443823e-01
3.989926903392635e-07	4.444434e-01	4.443959e-01	4.443829e-01
3.990054046249775e-07	4.444435e-01	4.443960e-01	4.443837e-01
3.990181189106914e-07	4.444435e-01	4.443962e-01	4.443846e-01
3.990308331964054e-07	4.444436e-01	4.443963e-01	4.443856e-01
3.990505474821192e-07	4.444437e-01	4.443965e-01	4.443876e-01
3.990702617678330e-07	4.444438e-01	4.443967e-01	4.443899e-01
3.990899760535468e-07	4.444439e-01	4.443968e-01	4.443925e-01
3.991096903392605e-07	4.444441e-01	4.443970e-01	4.443955e-01
3.991294046249743e-07	4.444442e-01	4.443972e-01	4.443987e-01
3.991491189106881e-07	4.444443e-01	4.443974e-01	4.444023e-01
3.991688331964019e-07	4.444444e-01	4.443976e-01	4.444062e-01
3.991894046249728e-07	4.444445e-01	4.443978e-01	4.444106e-01
3.992099760535437e-07	4.444446e-01	4.443980e-01	4.444150e-01
3.992305474821146e-07	4.444447e-01	4.443982e-01	4.444197e-01
3.992511189106855e-07	4.444448e-01	4.443983e-01	4.444244e-01
3.992716903392564e-07	4.444449e-01	4.443985e-01	4.444293e-01
3.992922617678273e-07	4.444450e-01	4.443987e-01	4.444344e-01
3.993128331963982e-07	4.444451e-01	4.443989e-01	4.444396e-01
3.993138331963982e-07	4.444451e-01	4.443989e-01	4.444398e-01
3.993421189106832e-07	4.444452e-01	4.443992e-01	4.444470e-01
3.993704046249682e-07	4.444453e-01	4.443994e-01	4.444540e-01
3.993986903392532e-07	4.444454e-01	4.443996e-01	4.444607e-01
3.994269760535382e-07	4.444455e-01	4.443999e-01	4.444672e-01
3.994552617678232e-07	4.444456e-01	4.444001e-01	4.444735e-01
3.994835474821082e-07	4.444457e-01	4.444003e-01	4.444795e-01
3.995118331963932e-07	4.444458e-01	4.444005e-01	4.444853e-01
3.995342617678212e-07	4.444458e-01	4.444007e-01	4.444895e-01
3.995566903392492e-07	4.444459e-01	4.444009e-01	4.444933e-01
3.995791189106772e-07	4.444459e-01	4.444010e-01	4.444967e-01
3.996015474821052e-07	4.444460e-01	4.444012e-01	4.444998e-01
3.996239760535332e-07	4.444460e-01	4.444014e-01	4.445026e-01
3.996464046249612e-07	4.444460e-01	4.444015e-01	4.445050e-01
3.996688331963892e-07	4.444460e-01	4.444017e-01	4.445071e-01
3.996864046249602e-07	4.444460e-01	4.444018e-01	4.445085e-01
3.997039760535312e-07	4.444461e-01	4.444019e-01	4.445096e-01
3.997215474821022e-07	4.444461e-01	4.444020e-01	4.445105e-01
3.997391189106732e-07	4.444461e-01	4.444021e-01	4.445112e-01
3.997566903392441e-07	4.444461e-01	4.444022e-01	4.445116e-01
3.997742617678151e-07	4.444460e-01	4.444023e-01	4.445118e-01
3.997918331963861e-07	4.444460e-01	4.444025e-01	4.445118e-01
3.998155474820998e-07	4.444460e-01	4.444026e-01	4.445114e-01
3.998392617678135e-07	4.444460e-01	4.444027e-01	4.445107e-01
3.998629760535272e-07	4.444460e-01	4.444029e-01	4.445097e-01
3.998866903392409e-07	4.444459e-01	4.444030e-01	4.445083e-01
3.999104046249545e-07	4.444459e-01	4.444032e-01	4.445067e-01
3.999341189106682e-07	4.444458e-01	4.444033e-01	4.445046e-01
3.999578331963819e-07	4.444457e-01	4.444034e-01	4.445023e-01
3.999998331963808e-07	4.444456e-01	4.444036e-01	4.444976e-01
4.000000000000000e-07	4.444456e-01	4.444036e-01	4.444976e-01
