time	V(n001)	V(n002)	V(n003)
0.000000000000000e+00	0.000000e+00	0.000000e+00	0.000000e+00
2.000000000000000e-09	-2.592297e-20	0.000000e+00	0.000000e+00
2.020000000000000e-09	8.169492e-06	0.000000e+00	0.000000e+00
2.060000000000000e-09	4.044859e-05	0.000000e+00	0.000000e+00
2.116675643282271e-09	1.394003e-04	0.000000e+00	0.000000e+00
2.177143942683218e-09	3.107140e-04	0.000000e+00	0.000000e+00
2.298080541485110e-09	8.413682e-04	0.000000e+00	0.000000e+00
2.498080541485111e-09	2.209370e-03	0.000000e+00	0.000000e+00
2.698080541485111e-09	4.106890e-03	0.000000e+00	0.000000e+00
2.898080541485111e-09	6.445684e-03	0.000000e+00	0.000000e+00
3.098080541485111e-09	9.152213e-03	0.000000e+00	0.000000e+00
3.298080541485111e-09	1.216520e-02	0.000000e+00	0.000000e+00
3.498080541485111e-09	1.543356e-02	0.000000e+00	0.000000e+00
3.698080541485111e-09	1.891476e-02	0.000000e+00	0.000000e+00
3.898080541485112e-09	2.257331e-02	0.000000e+00	0.000000e+00
4.098080541485112e-09	2.637966e-02	0.000000e+00	0.000000e+00
4.498080541485112e-09	3.434134e-02	0.000000e+00	0.000000e+00
4.898080541485112e-09	4.264804e-02	0.000000e+00	0.000000e+00
5.498080541485113e-09	5.553348e-02	0.000000e+00	0.000000e+00
5.926651970056541e-09	6.499272e-02	0.000000e+00	0.000000e+00
6.355223398627971e-09	7.449970e-02	0.000000e+00	0.000000e+00
6.783794827199400e-09	8.405441e-02	0.000000e+00	0.000000e+00
7.212366255770828e-09	9.365686e-02	0.000000e+00	0.000000e+00
7.640937684342257e-09	1.033071e-01	0.000000e+00	0.000000e+00
8.069509112913687e-09	1.130050e-01	0.000000e+00	0.000000e+00
8.498080541485115e-09	1.227506e-01	0.000000e+00	0.000000e+00
1.989808054148508e-08	3.817746e-01	3.985005e-23	0.000000e+00
2.009808054148508e-08	3.863200e-01	4.754324e-08	0.000000e+00
2.029808054148508e-08	3.908655e-01	3.565467e-06	0.000000e+00
2.046375184434231e-08	3.946307e-01	1.712055e-05	0.000000e+00
2.054938820791523e-08	3.965770e-01	3.634241e-05	0.000000e+00
2.062800429389744e-08	3.983637e-01	6.719372e-05	0.000000e+00
2.073069713257430e-08	4.006976e-01	1.268625e-04	0.000000e+00
2.084247196226797e-08	4.032380e-01	2.243231e-04	0.000000e+00
2.094613977718690e-08	4.055941e-01	3.617356e-04	0.000000e+00
2.110993216009731e-08	4.093166e-01	6.884390e-04	0.000000e+00
2.127959411900575e-08	4.131726e-01	1.181956e-03	0.000000e+00
2.147959411900575e-08	4.177181e-01	1.967309e-03	0.000000e+00
2.167959411900575e-08	4.222635e-01	2.961384e-03	0.000000e+00
2.187959411900575e-08	4.268090e-01	4.176014e-03	0.000000e+00
2.207959411900575e-08	4.313544e-01	5.610467e-03	0.000000e+00
2.227959411900574e-08	4.358999e-01	7.260195e-03	0.000000e+00
2.247959411900574e-08	4.404453e-01	9.117767e-03	0.000000e+00
2.267959411900574e-08	4.449908e-01	1.117362e-02	0.000000e+00
2.287959411900574e-08	4.495362e-01	1.341666e-02	0.000000e+00
2.307959411900574e-08	4.540817e-01	1.583479e-02	0.000000e+00
2.327959411900574e-08	4.586271e-01	1.841525e-02	0.000000e+00
2.347959411900574e-08	4.631726e-01	2.114497e-02	0.000000e+00
2.380000000000000e-08	4.704545e-01	2.578483e-02	0.000000e+00
2.400000000000000e-08	4.750000e-01	2.882782e-02	0.000000e+00
2.406000000000000e-08	4.763232e-01	2.973857e-02	0.000000e+00
2.414000000000000e-08	4.779845e-01	3.094156e-02	0.000000e+00
2.430000000000000e-08	4.809693e-01	3.343907e-02	0.000000e+00
2.450000000000000e-08	4.841408e-01	3.671861e-02	0.000000e+00
2.470000000000000e-08	4.867837e-01	4.010174e-02	0.000000e+00
2.489999999999999e-08	4.889862e-01	4.354616e-02	0.000000e+00
2.509999999999999e-08	4.908216e-01	4.704173e-02	0.000000e+00
2.529999999999999e-08	4.923512e-01	5.057891e-02	0.000000e+00
2.549999999999999e-08	4.936258e-01	5.414874e-02	0.000000e+00
2.569999999999999e-08	4.946881e-01	5.774286e-02	0.000000e+00
2.589999999999999e-08	4.955733e-01	6.135345e-02	0.000000e+00
2.609999999999999e-08	4.963110e-01	6.497328e-02	0.000000e+00
2.629999999999998e-08	4.969258e-01	6.859565e-02	0.000000e+00
2.649999999999998e-08	4.974381e-01	7.221437e-02	0.000000e+00
2.669999999999998e-08	4.978650e-01	7.582374e-02	0.000000e+00
2.689999999999998e-08	4.982208e-01	7.941854e-02	0.000000e+00
2.709999999999998e-08	4.985173e-01	8.299401e-02	0.000000e+00
2.729999999999998e-08	4.987644e-01	8.654581e-02	0.000000e+00
2.749999999999997e-08	4.989703e-01	9.006996e-02	0.000000e+00
2.769999999999997e-08	4.991419e-01	9.356291e-02	0.000000e+00
2.789999999999997e-08	4.992849e-01	9.702142e-02	0.000000e+00
2.809999999999997e-08	4.994041e-01	1.004426e-01	0.000000e+00
2.829999999999997e-08	4.995034e-01	1.038239e-01	0.000000e+00
2.849999999999997e-08	4.995861e-01	1.071630e-01	0.000000e+00
2.869999999999997e-08	4.996551e-01	1.104579e-01	0.000000e+00
2.889999999999996e-08	4.997126e-01	1.137068e-01	0.000000e+00
2.909999999999996e-08	4.997605e-01	1.169081e-01	0.000000e+00
2.929999999999996e-08	4.998004e-01	1.200607e-01	0.000000e+00
2.949999999999996e-08	4.998337e-01	1.231632e-01	0.000000e+00
2.969999999999996e-08	4.998614e-01	1.262148e-01	0.000000e+00
2.989999999999996e-08	4.998845e-01	1.292147e-01	0.000000e+00
3.009999999999996e-08	4.999037e-01	1.321624e-01	0.000000e+00
3.029999999999996e-08	4.999198e-01	1.350573e-01	0.000000e+00
3.049999999999996e-08	4.999332e-01	1.378991e-01	0.000000e+00
3.069999999999996e-08	4.999443e-01	1.406876e-01	0.000000e+00
3.089999999999997e-08	4.999536e-01	1.434228e-01	0.000000e+00
3.109999999999997e-08	4.999613e-01	1.461045e-01	0.000000e+00
3.129999999999997e-08	4.999678e-01	1.487330e-01	0.000000e+00
3.149999999999997e-08	4.999731e-01	1.513084e-01	0.000000e+00
3.169999999999997e-08	4.999776e-01	1.538309e-01	0.000000e+00
3.189999999999997e-08	4.999813e-01	1.563010e-01	0.000000e+00
3.209999999999998e-08	4.999844e-01	1.587189e-01	0.000000e+00
3.229999999999998e-08	4.999870e-01	1.610852e-01	0.000000e+00
3.249999999999998e-08	4.999892e-01	1.634004e-01	0.000000e+00
3.269999999999998e-08	4.999910e-01	1.656650e-01	0.000000e+00
3.289999999999998e-08	4.999925e-01	1.678796e-01	0.000000e+00
3.309999999999999e-08	4.999937e-01	1.700448e-01	0.000000e+00
3.329999999999999e-08	4.999948e-01	1.721614e-01	0.000000e+00
3.349999999999999e-08	4.999956e-01	1.742299e-01	0.000000e+00
3.369999999999999e-08	4.999964e-01	1.762512e-01	0.000000e+00
3.389999999999999e-08	4.999970e-01	1.782259e-01	0.000000e+00
3.409999999999999e-08	4.999975e-01	1.801547e-01	0.000000e+00
3.430000000000000e-08	4.999979e-01	1.820386e-01	0.000000e+00
3.470000000000000e-08	4.999985e-01	1.856743e-01	0.000000e+00
3.510000000000000e-08	4.999990e-01	1.891393e-01	0.000000e+00
3.570000000000001e-08	4.999994e-01	1.940309e-01	0.000000e+00
3.630000000000001e-08	4.999997e-01	1.985746e-01	0.000000e+00
3.655714285714287e-08	4.999997e-01	2.004167e-01	0.000000e+00
3.681428571428573e-08	4.999998e-01	2.022047e-01	0.000000e+00
3.707142857142860e-08	4.999998e-01	2.039385e-01	0.000000e+00
3.732857142857145e-08	4.999999e-01	2.056181e-01	0.000000e+00
3.758571428571431e-08	4.999999e-01	2.072435e-01	0.000000e+00
3.784285714285717e-08	4.999999e-01	2.088147e-01	0.000000e+00
3.810000000000003e-08	4.999999e-01	2.103318e-01	0.000000e+00
3.830000000000003e-08	4.999999e-01	2.114811e-01	0.000000e+00
3.850000000000003e-08	4.999998e-01	2.126016e-01	0.000000e+00
3.870000000000004e-08	4.999851e-01	2.136941e-01	0.000000e+00
3.890000000000004e-08	4.998958e-01	2.147592e-01	0.000000e+00
3.910000000000004e-08	4.996776e-01	2.157976e-01	0.000000e+00
3.930000000000004e-08	4.993263e-01	2.168100e-01	0.000000e+00
3.950000000000004e-08	4.986937e-01	2.177970e-01	0.000000e+00
3.970000000000004e-08	4.977556e-01	2.187592e-01	0.000000e+00
3.990000000000005e-08	4.966365e-01	2.196972e-01	0.000000e+00
4.010000000000005e-08	4.953465e-01	2.206117e-01	0.000000e+00
4.030000000000005e-08	4.939127e-01	2.215033e-01	0.000000e+00
4.050000000000005e-08	4.923640e-01	2.223726e-01	0.000000e+00
4.070000000000005e-08	4.907289e-01	2.232200e-01	0.000000e+00
4.090000000000006e-08	4.890341e-01	2.240463e-01	0.000000e+00
4.110000000000006e-08	4.873042e-01	2.248518e-01	0.000000e+00
4.130000000000006e-08	4.855605e-01	2.256373e-01	0.000000e+00
4.150000000000006e-08	4.838214e-01	2.264031e-01	0.000000e+00
4.170000000000006e-08	4.821023e-01	2.271499e-01	0.000000e+00
4.190000000000006e-08	4.804155e-01	2.278781e-01	0.000000e+00
4.210000000000007e-08	4.787706e-01	2.285881e-01	0.000000e+00
4.230000000000007e-08	4.771956e-01	2.292751e-01	0.000000e+00
4.250000000000007e-08	4.758889e-01	2.299163e-01	0.000000e+00
4.270000000000007e-08	4.745146e-01	2.304678e-01	0.000000e+00
4.290000000000007e-08	4.729459e-01	2.308803e-01	0.000000e+00
4.310000000000007e-08	4.715063e-01	2.311144e-01	0.000000e+00
4.350000000000008e-08	4.688305e-01	2.309484e-01	0.000000e+00
4.390000000000008e-08	4.663894e-01	2.298596e-01	0.000000e+00
4.410000000000008e-08	4.652420e-01	2.289636e-01	0.000000e+00
4.430000000000009e-08	4.641353e-01	2.278390e-01	0.000000e+00
4.450000000000009e-08	4.630631e-01	2.264939e-01	0.000000e+00
4.470000000000009e-08	4.620193e-01	2.249385e-01	0.000000e+00
4.490000000000009e-08	4.609980e-01	2.231843e-01	0.000000e+00
4.510000000000009e-08	4.599933e-01	2.212438e-01	0.000000e+00
4.530000000000009e-08	4.589995e-01	2.191304e-01	0.000000e+00
4.550000000000010e-08	4.580112e-01	2.168573e-01	0.000000e+00
4.590000000000010e-08	4.560306e-01	2.118861e-01	0.000000e+00
4.630000000000010e-08	4.540132e-01	2.064357e-01	0.000000e+00
4.670000000000011e-08	4.519249e-01	2.006051e-01	0.000000e+00
4.710000000000011e-08	4.497362e-01	1.944854e-01	2.473308e-23
4.750000000000011e-08	4.474221e-01	1.881581e-01	9.849048e-09
4.770000000000012e-08	4.462112e-01	1.849394e-01	9.240433e-07
4.790000000000012e-08	4.449613e-01	1.816951e-01	8.911736e-06
4.810000000000012e-08	4.436704e-01	1.784326e-01	4.183804e-05
4.830000000000012e-08	4.423367e-01	1.751591e-01	1.328039e-04
4.850000000000012e-08	4.409586e-01	1.718809e-01	3.331540e-04
4.870000000000013e-08	4.395347e-01	1.686040e-01	7.102689e-04
4.890000000000013e-08	4.380636e-01	1.653338e-01	1.331146e-03
4.910000000000013e-08	4.365445e-01	1.620755e-01	2.247715e-03
4.930000000000013e-08	4.349763e-01	1.588336e-01	3.497651e-03
4.950000000000013e-08	4.333584e-01	1.556122e-01	5.109038e-03
4.970000000000013e-08	4.316902e-01	1.524152e-01	7.101399e-03
4.990000000000014e-08	4.299711e-01	1.492461e-01	9.486056e-03
5.010000000000014e-08	4.282009e-01	1.461078e-01	1.226694e-02
5.030000000000014e-08	4.263793e-01	1.430032e-01	1.544157e-02
5.050000000000014e-08	4.245062e-01	1.399349e-01	1.900204e-02
5.070000000000014e-08	4.225816e-01	1.369049e-01	2.293598e-02
5.090000000000014e-08	4.206056e-01	1.339153e-01	2.722752e-02
5.110000000000015e-08	4.185782e-01	1.309677e-01	3.185808e-02
5.130000000000015e-08	4.164998e-01	1.280637e-01	3.680533e-02
5.150000000000015e-08	4.143705e-01	1.252046e-01	4.203260e-02
5.190000000000015e-08	4.099612e-01	1.196250e-01	5.318966e-02
5.230000000000016e-08	4.053536e-01	1.142358e-01	6.528596e-02
5.270000000000016e-08	4.005520e-01	1.090413e-01	7.818672e-02
5.310000000000016e-08	3.955612e-01	1.040437e-01	9.167874e-02
5.350000000000017e-08	3.903866e-01	9.924366e-02	1.055841e-01
5.410000000000017e-08	3.822920e-01	9.241179e-02	1.268907e-01
5.470000000000018e-08	3.738163e-01	8.601452e-02	1.483670e-01
5.530000000000018e-08	3.649800e-01	8.003967e-02	1.696815e-01
5.564285714285733e-08	3.597675e-01	7.674815e-02	1.817474e-01
5.598571428571447e-08	3.544575e-01	7.362602e-02	1.935738e-01
5.632857142857162e-08	3.490499e-01	7.067327e-02	2.051606e-01
5.667142857142877e-08	3.435448e-01	6.788991e-02	2.165078e-01
5.701428571428592e-08	3.379423e-01	6.527594e-02	2.276155e-01
5.735714285714306e-08	3.322422e-01	6.283135e-02	2.384835e-01
5.770000000000021e-08	3.264446e-01	6.055615e-02	2.491120e-01
5.830000000000021e-08	3.161132e-01	5.778496e-02	2.669102e-01
5.861428571428593e-08	3.105981e-01	5.672568e-02	2.758586e-01
5.892857142857164e-08	3.050254e-01	5.564464e-02	2.845485e-01
5.924285714285736e-08	2.993948e-01	5.454182e-02	2.929801e-01
5.955714285714308e-08	2.937065e-01	5.341723e-02	3.011533e-01
5.987142857142879e-08	2.879604e-01	5.227087e-02	3.090680e-01
6.018571428571451e-08	2.821565e-01	5.110275e-02	3.167244e-01
6.050000000000023e-08	2.762949e-01	4.991285e-02	3.241224e-01
6.070000000000023e-08	2.725576e-01	4.902110e-02	3.287027e-01
6.090000000000023e-08	2.688734e-01	4.809817e-02	3.331831e-01
6.110000000000024e-08	2.653224e-01	4.722019e-02	3.375647e-01
6.170000000000024e-08	2.558360e-01	4.458839e-02	3.501294e-01
6.190000000000024e-08	2.530605e-01	4.366561e-02	3.541287e-01
6.210000000000025e-08	2.504459e-01	4.273278e-02	3.580361e-01
6.230000000000025e-08	2.479639e-01	4.179562e-02	3.618529e-01
6.250000000000025e-08	2.455852e-01	4.085943e-02	3.655806e-01
6.270000000000025e-08	2.432809e-01	3.992904e-02	3.692209e-01
6.290000000000025e-08	2.410240e-01	3.900885e-02	3.727752e-01
6.310000000000025e-08	2.387898e-01	3.810279e-02	3.762451e-01
6.330000000000026e-08	2.365570e-01	3.721437e-02	3.796322e-01
6.350000000000026e-08	2.343070e-01	3.634664e-02	3.829382e-01
6.390000000000026e-08	2.296979e-01	3.468346e-02	3.893129e-01
6.450000000000027e-08	2.223684e-01	3.239758e-02	3.983057e-01
6.478571428571455e-08	2.186445e-01	3.140727e-02	4.023477e-01
6.507142857142884e-08	2.148022e-01	3.048085e-02	4.062589e-01
6.535714285714313e-08	2.108415e-01	2.961833e-02	4.100394e-01
6.564285714285743e-08	2.067626e-01	2.881970e-02	4.136891e-01
6.592857142857171e-08	2.025652e-01	2.808496e-02	4.172080e-01
6.621428571428600e-08	1.982496e-01	2.741411e-02	4.205961e-01
6.650000000000028e-08	1.938156e-01	2.680715e-02	4.238534e-01
6.710000000000029e-08	1.843610e-01	2.570918e-02	4.303432e-01
6.770000000000030e-08	1.747469e-01	2.483593e-02	4.363576e-01
6.830000000000030e-08	1.651108e-01	2.415620e-02	4.419310e-01
6.850000000000030e-08	1.619069e-01	2.396986e-02	4.436940e-01
6.870000000000030e-08	1.587264e-01	2.379754e-02	4.454153e-01
6.890000000000031e-08	1.555692e-01	2.363924e-02	4.470951e-01
6.910000000000031e-08	1.524353e-01	2.349496e-02	4.487333e-01
6.930000000000031e-08	1.493248e-01	2.336470e-02	4.503300e-01
6.950000000000031e-08	1.462376e-01	2.324846e-02	4.518851e-01
6.970000000000031e-08	1.431737e-01	2.314624e-02	4.533987e-01
6.990000000000031e-08	1.401505e-01	2.305171e-02	4.548684e-01
7.010000000000032e-08	1.371626e-01	2.296660e-02	4.562720e-01
7.030000000000032e-08	1.342119e-01	2.289001e-02	4.575713e-01
7.050000000000032e-08	1.313003e-01	2.282106e-02	4.587137e-01
7.070000000000032e-08	1.284292e-01	2.275892e-02	4.596419e-01
7.090000000000032e-08	1.256001e-01	2.270281e-02	4.603010e-01
7.110000000000033e-08	1.228141e-01	2.265196e-02	4.606429e-01
7.130000000000033e-08	1.200724e-01	2.260569e-02	4.606282e-01
7.150000000000033e-08	1.173756e-01	2.256331e-02	4.602271e-01
7.170000000000033e-08	1.147247e-01	2.252420e-02	4.594192e-01
7.230000000000034e-08	1.070521e-01	2.242083e-02	4.544740e-01
7.250000000000034e-08	1.045891e-01	2.238931e-02	4.519928e-01
7.270000000000034e-08	1.021738e-01	2.235849e-02	4.491123e-01
7.290000000000034e-08	9.980606e-02	2.232797e-02	4.458490e-01
7.310000000000034e-08	9.748597e-02	2.229737e-02	4.422221e-01
7.330000000000035e-08	9.521338e-02	2.226635e-02	4.382527e-01
7.350000000000035e-08	9.298813e-02	2.223460e-02	4.339634e-01
7.370000000000035e-08	9.080994e-02	2.220184e-02	4.293776e-01
7.410000000000035e-08	8.659351e-02	2.213225e-02	4.194120e-01
7.450000000000036e-08	8.256099e-02	2.205585e-02	4.085455e-01
7.490000000000036e-08	7.870856e-02	2.197126e-02	3.969602e-01
7.510000000000036e-08	7.684603e-02	2.192549e-02	3.909515e-01
7.530000000000036e-08	7.500743e-02	2.187670e-02	3.848255e-01
7.550000000000037e-08	7.315233e-02	2.182334e-02	3.786008e-01
7.570000000000037e-08	7.125006e-02	2.176296e-02	3.722952e-01
7.590000000000037e-08	6.928948e-02	2.169256e-02	3.659252e-01
7.610000000000037e-08	6.722340e-02	2.160948e-02	3.595065e-01
7.630000000000037e-08	6.505514e-02	2.151359e-02	3.530534e-01
7.650000000000037e-08	6.290942e-02	2.140898e-02	3.465795e-01
7.670000000000038e-08	6.085004e-02	2.130339e-02	3.400973e-01
7.690000000000038e-08	5.887665e-02	2.120667e-02	3.336184e-01
7.710000000000038e-08	5.701312e-02	2.112993e-02	3.271534e-01
7.730000000000038e-08	5.527184e-02	2.108503e-02	3.207121e-01
7.750000000000038e-08	5.365901e-02	2.108409e-02	3.143034e-01
7.770000000000038e-08	5.217523e-02	2.113904e-02	3.079356e-01
7.790000000000039e-08	5.081649e-02	2.126120e-02	3.016160e-01
7.810000000000039e-08	4.957527e-02	2.146105e-02	2.953514e-01
7.830000000000039e-08	4.844149e-02	2.174792e-02	2.891479e-01
7.850000000000039e-08	4.740342e-02	2.212987e-02	2.830109e-01
7.870000000000039e-08	4.645202e-02	2.261282e-02	2.769454e-01
7.890000000000040e-08	4.561677e-02	2.319689e-02	2.709557e-01
7.910000000000040e-08	4.492456e-02	2.386819e-02	2.650456e-01
7.930000000000040e-08	4.420010e-02	2.459604e-02	2.592185e-01
7.950000000000040e-08	4.330219e-02	2.534908e-02	2.534775e-01
7.970000000000040e-08	4.244686e-02	2.611457e-02	2.478250e-01
7.990000000000040e-08	4.170990e-02	2.689826e-02	2.422632e-01
8.010000000000041e-08	4.098985e-02	2.771408e-02	2.367938e-01
8.030000000000041e-08	4.028974e-02	2.857850e-02	2.314186e-01
8.050000000000041e-08	3.959845e-02	2.950824e-02	2.261385e-01
8.070000000000041e-08	3.890828e-02	3.051869e-02	2.209547e-01
8.110000000000042e-08	3.751068e-02	3.283089e-02	2.108780e-01
8.150000000000042e-08	3.607116e-02	3.558314e-02	2.011912e-01
8.190000000000042e-08	3.458280e-02	3.879486e-02	1.918942e-01
8.250000000000043e-08	3.227198e-02	4.441521e-02	1.786726e-01
8.290000000000043e-08	3.069850e-02	4.860973e-02	1.703327e-01
8.330000000000043e-08	2.911766e-02	5.306892e-02	1.623640e-01
8.390000000000044e-08	2.676868e-02	6.005924e-02	1.510875e-01
8.450000000000045e-08	2.449044e-02	6.714862e-02	1.406058e-01
8.470000000000045e-08	2.375389e-02	6.948649e-02	1.373097e-01
8.490000000000045e-08	2.303081e-02	7.179664e-02	1.341419e-01
8.510000000000045e-08	2.232219e-02	7.407094e-02	1.311305e-01
8.530000000000045e-08	2.162885e-02	7.630190e-02	1.283092e-01
8.570000000000046e-08	2.029065e-02	8.060720e-02	1.233226e-01
8.590000000000046e-08	1.964674e-02	8.266988e-02	1.211473e-01
8.610000000000046e-08	1.902005e-02	8.466584e-02	1.191561e-01
8.630000000000046e-08	1.841074e-02	8.659083e-02	1.173225e-01
8.650000000000046e-08	1.781890e-02	8.844118e-02	1.156184e-01
8.670000000000047e-08	1.724448e-02	9.021375e-02	1.140147e-01
8.690000000000047e-08	1.668736e-02	9.190594e-02	1.124835e-01
8.710000000000047e-08	1.614735e-02	9.351566e-02	1.109987e-01
8.730000000000047e-08	1.562419e-02	9.504129e-02	1.095373e-01
8.750000000000047e-08	1.511755e-02	9.648161e-02	1.080794e-01
8.770000000000047e-08	1.462705e-02	9.783586e-02	1.066086e-01
8.790000000000048e-08	1.415226e-02	9.910360e-02	1.051085e-01
8.830000000000048e-08	1.324794e-02	1.013795e-01	1.019417e-01
8.850000000000048e-08	1.281741e-02	1.023885e-01	1.002743e-01
8.890000000000049e-08	1.199691e-02	1.041523e-01	9.689178e-02
8.950000000000049e-08	1.085924e-02	1.061805e-01	9.166014e-02
8.990000000000049e-08	1.015626e-02	1.071390e-01	8.804464e-02
9.030000000000050e-08	9.492498e-03	1.077999e-01	8.437658e-02
9.070000000000050e-08	8.863704e-03	1.081795e-01	8.071515e-02
9.110000000000050e-08	8.265858e-03	1.082952e-01	7.712000e-02
9.150000000000051e-08	7.695205e-03	1.081650e-01	7.364470e-02
9.210000000000051e-08	6.882739e-03	1.075485e-01	6.875095e-02
9.270000000000052e-08	6.113409e-03	1.064808e-01	6.433187e-02
9.290000000000052e-08	5.865901e-03	1.060083e-01	6.297575e-02
9.310000000000052e-08	5.621082e-03	1.055175e-01	6.168069e-02
9.330000000000052e-08	5.378954e-03	1.050081e-01	6.044671e-02
9.350000000000053e-08	5.139516e-03	1.044804e-01	5.927378e-02
9.370000000000053e-08	4.902768e-03	1.039342e-01	5.816193e-02
9.390000000000053e-08	4.668710e-03	1.033695e-01	5.711113e-02
9.410000000000053e-08	4.437342e-03	1.027864e-01	5.612141e-02
9.430000000000053e-08	4.204714e-03	1.022618e-01	5.518964e-02
9.490000000000054e-08	3.493313e-03	1.006988e-01	5.273242e-02
9.510000000000054e-08	3.250856e-03	1.000731e-01	5.202024e-02
9.530000000000054e-08	3.008704e-03	9.937604e-02	5.135826e-02
9.550000000000054e-08	2.770818e-03	9.860576e-02	5.074437e-02
9.570000000000055e-08	2.542482e-03	9.776260e-02	5.017640e-02
9.590000000000055e-08	2.330119e-03	9.685092e-02	4.965214e-02
9.610000000000055e-08	2.141060e-03	9.587747e-02	4.916931e-02
9.630000000000055e-08	1.983295e-03	9.485066e-02	4.872566e-02
9.650000000000055e-08	1.865209e-03	9.377991e-02	4.831891e-02
9.670000000000055e-08	1.795327e-03	9.267484e-02	4.794681e-02
9.690000000000056e-08	1.782103e-03	9.154194e-02	4.760712e-02
9.710000000000056e-08	1.836269e-03	9.037898e-02	4.729766e-02
9.730000000000056e-08	1.982505e-03	8.918796e-02	4.701628e-02
9.750000000000056e-08	2.271215e-03	8.801029e-02	4.676087e-02
9.770000000000056e-08	2.758197e-03	8.690338e-02	4.652940e-02
9.790000000000057e-08	3.464079e-03	8.585791e-02	4.631989e-02
9.810000000000057e-08	4.369217e-03	8.481795e-02	4.613044e-02
9.830000000000057e-08	5.437835e-03	8.377177e-02	4.595922e-02
9.850000000000057e-08	6.632042e-03	8.273879e-02	4.580445e-02
9.870000000000057e-08	7.916342e-03	8.172109e-02	4.566447e-02
9.890000000000057e-08	9.260660e-03	8.071110e-02	4.553767e-02
9.910000000000058e-08	1.064156e-02	7.970085e-02	4.542251e-02
9.930000000000058e-08	1.204235e-02	7.867982e-02	4.531755e-02
9.950000000000058e-08	1.345257e-02	7.763623e-02	4.522142e-02
9.970000000000058e-08	1.486703e-02	7.655770e-02	4.513283e-02
9.990000000000058e-08	1.628479e-02	7.543188e-02	4.505057e-02
1.001000000000006e-07	1.770809e-02	7.424693e-02	4.497348e-02
1.003000000000006e-07	1.914136e-02	7.299186e-02	4.490051e-02
1.005000000000006e-07	2.059030e-02	7.165682e-02	4.483067e-02
1.007000000000006e-07	2.206120e-02	7.023334e-02	4.476302e-02
1.009000000000006e-07	2.356031e-02	6.871434e-02	4.469672e-02
1.011000000000006e-07	2.509340e-02	6.709425e-02	4.463097e-02
1.013000000000006e-07	2.666540e-02	6.536904e-02	4.456505e-02
1.015000000000006e-07	2.828021e-02	6.353612e-02	4.449829e-02
1.017000000000006e-07	2.994057e-02	6.159435e-02	4.443008e-02
1.019000000000006e-07	3.164796e-02	5.954389e-02	4.435988e-02
1.021000000000006e-07	3.340266e-02	5.738616e-02	4.428718e-02
1.025000000000006e-07	3.704927e-02	5.276003e-02	4.413294e-02
1.027000000000006e-07	3.893623e-02	5.029962e-02	4.405365e-02
1.029000000000006e-07	4.086080e-02	4.774766e-02	4.398067e-02
1.031000000000006e-07	4.281842e-02	4.511005e-02	4.392517e-02
1.033000000000006e-07	4.480395e-02	4.239319e-02	4.389954e-02
1.035000000000006e-07	4.681176e-02	3.960396e-02	4.391219e-02
1.037000000000006e-07	4.883590e-02	3.674959e-02	4.395656e-02
1.039000000000006e-07	5.087017e-02	3.383754e-02	4.400301e-02
1.041000000000006e-07	5.290826e-02	3.087546e-02	4.400538e-02
1.043000000000006e-07	5.494384e-02	2.787110e-02	4.391412e-02
1.045000000000006e-07	5.697063e-02	2.483222e-02	4.368369e-02
1.047000000000006e-07	5.898248e-02	2.176655e-02	4.327474e-02
1.049000000000006e-07	6.097344e-02	1.868173e-02	4.265524e-02
1.051000000000006e-07	6.293780e-02	1.558524e-02	4.180131e-02
1.053000000000006e-07	6.487012e-02	1.248441e-02	4.069743e-02
1.055000000000006e-07	6.676530e-02	9.386317e-03	3.933612e-02
1.057000000000006e-07	6.861860e-02	6.297810e-03	3.771725e-02
1.059000000000006e-07	7.042561e-02	3.225453e-03	3.584716e-02
1.061000000000006e-07	7.218230e-02	1.755135e-04	3.373667e-02
1.063000000000006e-07	7.388505e-02	-2.846052e-03	3.139383e-02
1.065000000000006e-07	7.553059e-02	-5.833613e-03	2.882288e-02
1.067000000000006e-07	7.711604e-02	-8.781874e-03	2.604028e-02
1.069000000000006e-07	7.863890e-02	-1.168588e-02	2.307003e-02
1.071000000000006e-07	8.009700e-02	-1.454101e-02	1.991265e-02
1.073000000000006e-07	8.148856e-02	-1.734301e-02	1.654680e-02
1.075000000000007e-07	8.281211e-02	-2.008793e-02	1.296054e-02
1.077000000000007e-07	8.406650e-02	-2.277219e-02	9.163951e-03
1.079000000000007e-07	8.525088e-02	-2.539252e-02	5.182775e-03
1.081000000000007e-07	8.636469e-02	-2.794599e-02	1.052045e-03
1.083000000000007e-07	8.740765e-02	-3.042997e-02	-3.187826e-03
1.085000000000007e-07	8.837970e-02	-3.284214e-02	-7.494293e-03
1.087000000000007e-07	8.928102e-02	-3.518049e-02	-1.182531e-02
1.089000000000007e-07	9.011202e-02	-3.744327e-02	-1.614126e-02
1.091000000000007e-07	9.087329e-02	-3.962902e-02	-2.040636e-02
1.093000000000007e-07	9.156559e-02	-4.173654e-02	-2.458951e-02
1.097000000000007e-07	9.274716e-02	-4.571328e-02	-3.261137e-02
1.101000000000007e-07	9.366580e-02	-4.936862e-02	-4.006181e-02
1.105000000000007e-07	9.433245e-02	-5.270106e-02	-4.687342e-02
1.107000000000007e-07	9.457508e-02	-5.424654e-02	-5.003666e-02
1.109000000000007e-07	9.475943e-02	-5.571207e-02	-5.304325e-02
1.111000000000007e-07	9.488720e-02	-5.709823e-02	-5.590028e-02
1.113000000000007e-07	9.496015e-02	-5.840576e-02	-5.861683e-02
1.115000000000007e-07	9.497960e-02	-5.963552e-02	-6.120360e-02
1.117000000000007e-07	9.494338e-02	-6.078862e-02	-6.367246e-02
1.119000000000007e-07	9.483823e-02	-6.186669e-02	-6.603608e-02
1.121000000000007e-07	9.464037e-02	-6.287197e-02	-6.830759e-02
1.123000000000007e-07	9.433636e-02	-6.380690e-02	-7.050037e-02
1.125000000000007e-07	9.392801e-02	-6.467360e-02	-7.262773e-02
1.127000000000007e-07	9.341216e-02	-6.547353e-02	-7.470275e-02
1.129000000000007e-07	9.282041e-02	-6.620635e-02	-7.673812e-02
1.131000000000007e-07	9.225253e-02	-6.686889e-02	-7.874599e-02
1.133000000000007e-07	9.177100e-02	-6.745616e-02	-8.073789e-02
1.135000000000007e-07	9.135513e-02	-6.796376e-02	-8.272462e-02
1.137000000000007e-07	9.098903e-02	-6.838915e-02	-8.471625e-02
1.139000000000007e-07	9.066900e-02	-6.873171e-02	-8.672199e-02
1.141000000000007e-07	9.037907e-02	-6.899267e-02	-8.875029e-02
1.143000000000007e-07	9.010291e-02	-6.917512e-02	-9.080876e-02
1.145000000000007e-07	8.982387e-02	-6.928372e-02	-9.290417e-02
1.147000000000007e-07	8.952636e-02	-6.932454e-02	-9.504252e-02
1.149000000000007e-07	8.919674e-02	-6.930466e-02	-9.722902e-02
1.151000000000007e-07	8.882449e-02	-6.923202e-02	-9.946812e-02
1.153000000000007e-07	8.840995e-02	-6.911597e-02	-1.017636e-01
1.155000000000007e-07	8.797489e-02	-6.897023e-02	-1.041184e-01
1.157000000000007e-07	8.751296e-02	-6.881746e-02	-1.065352e-01
1.159000000000007e-07	8.691360e-02	-6.868739e-02	-1.090156e-01
1.161000000000007e-07	8.611050e-02	-6.860210e-02	-1.115609e-01
1.163000000000007e-07	8.526190e-02	-6.856167e-02	-1.141720e-01
1.165000000000007e-07	8.449087e-02	-6.854802e-02	-1.168491e-01
1.167000000000007e-07	8.371673e-02	-6.853884e-02	-1.195921e-01
1.169000000000007e-07	8.289976e-02	-6.851529e-02	-1.224005e-01
1.175000000000007e-07	8.029664e-02	-6.823814e-02	-1.312072e-01
1.181000000000007e-07	7.743057e-02	-6.757153e-02	-1.405530e-01
1.185000000000008e-07	7.534899e-02	-6.694420e-02	-1.470552e-01
1.189000000000008e-07	7.309476e-02	-6.622120e-02	-1.537516e-01
1.193000000000008e-07	7.062749e-02	-6.544307e-02	-1.606206e-01
1.197000000000007e-07	6.790504e-02	-6.463771e-02	-1.676397e-01
1.203000000000007e-07	6.326179e-02	-6.340209e-02	-1.783997e-01
1.209000000000007e-07	5.787079e-02	-6.211566e-02	-1.893657e-01
1.213000000000006e-07	5.384376e-02	-6.120108e-02	-1.967157e-01
1.215000000000006e-07	5.170169e-02	-6.071826e-02	-2.003615e-01
1.221000000000006e-07	4.478662e-02	-5.913302e-02	-2.109735e-01
1.223000000000006e-07	4.232949e-02	-5.855023e-02	-2.143914e-01
1.225000000000006e-07	3.980315e-02	-5.793644e-02	-2.177838e-01
1.227000000000006e-07	3.721241e-02	-5.728984e-02	-2.211801e-01
1.231000000000005e-07	3.185885e-02	-5.589262e-02	-2.280718e-01
1.237000000000005e-07	2.348490e-02	-5.352512e-02	-2.388429e-01
1.243000000000005e-07	1.484570e-02	-5.083200e-02	-2.501552e-01
1.249000000000004e-07	6.109667e-03	-4.783685e-02	-2.618351e-01
1.251000000000004e-07	3.204486e-03	-4.677847e-02	-2.657769e-01
1.255000000000004e-07	-2.561146e-03	-4.458349e-02	-2.736138e-01
1.257000000000004e-07	-5.410790e-03	-4.345134e-02	-2.774890e-01
1.259000000000004e-07	-8.231496e-03	-4.229920e-02	-2.813126e-01
1.261000000000004e-07	-1.101845e-02	-4.112953e-02	-2.850435e-01
1.263000000000004e-07	-1.376711e-02	-3.994480e-02	-2.886328e-01
1.265000000000003e-07	-1.647318e-02	-3.874752e-02	-2.920328e-01
1.267000000000003e-07	-1.913265e-02	-3.754022e-02	-2.952006e-01
1.269000000000003e-07	-2.174178e-02	-3.632540e-02	-2.981002e-01
1.271000000000003e-07	-2.429712e-02	-3.510553e-02	-3.007049e-01
1.277000000000003e-07	-3.160989e-02	-3.143971e-02	-3.066183e-01
1.279000000000003e-07	-3.392094e-02	-3.022340e-02	-3.079549e-01
1.281000000000003e-07	-3.616499e-02	-2.901355e-02	-3.089914e-01
1.283000000000002e-07	-3.834017e-02	-2.781222e-02	-3.097464e-01
1.285000000000002e-07	-4.044488e-02	-2.662138e-02	-3.102418e-01
1.287000000000002e-07	-4.247775e-02	-2.544287e-02	-3.105024e-01
1.289000000000002e-07	-4.443764e-02	-2.427845e-02	-3.105544e-01
1.291000000000002e-07	-4.632362e-02	-2.312975e-02	-3.104245e-01
1.293000000000002e-07	-4.813498e-02	-2.199831e-02	-3.101395e-01
1.295000000000002e-07	-4.987122e-02	-2.088550e-02	-3.097254e-01
1.297000000000002e-07	-5.153200e-02	-1.979233e-02	-3.092068e-01
1.299000000000002e-07	-5.311721e-02	-1.871823e-02	-3.086068e-01
1.301000000000001e-07	-5.462691e-02	-1.765918e-02	-3.079468e-01
1.303000000000001e-07	-5.606151e-02	-1.660761e-02	-3.072459e-01
1.305000000000001e-07	-5.742193e-02	-1.555697e-02	-3.065214e-01
1.307000000000001e-07	-5.870968e-02	-1.450580e-02	-3.057880e-01
1.309000000000001e-07	-5.992670e-02	-1.345715e-02	-3.050586e-01
1.311000000000001e-07	-6.107502e-02	-1.242272e-02	-3.043439e-01
1.313000000000001e-07	-6.215607e-02	-1.143004e-02	-3.036526e-01
1.315000000000001e-07	-6.316962e-02	-1.050792e-02	-3.029914e-01
1.317000000000000e-07	-6.411327e-02	-9.661674e-03	-3.023655e-01
1.319000000000000e-07	-6.498287e-02	-8.878127e-03	-3.017783e-01
1.321000000000000e-07	-6.577322e-02	-8.146365e-03	-3.012317e-01
1.323000000000000e-07	-6.647871e-02	-7.460615e-03	-3.007264e-01
1.325000000000000e-07	-6.709389e-02	-6.815570e-03	-3.002621e-01
1.327000000000000e-07	-6.761392e-02	-6.207279e-03	-2.998371e-01
1.329000000000000e-07	-6.803500e-02	-5.634112e-03	-2.994491e-01
1.331000000000000e-07	-6.835464e-02	-5.096537e-03	-2.990950e-01
1.333000000000000e-07	-6.857188e-02	-4.597490e-03	-2.987711e-01
1.334999999999999e-07	-6.868687e-02	-4.144207e-03	-2.984731e-01
1.336999999999999e-07	-6.869768e-02	-3.748052e-03	-2.981964e-01
1.338999999999999e-07	-6.859196e-02	-3.411970e-03	-2.979361e-01
1.340999999999999e-07	-6.834391e-02	-3.115025e-03	-2.976872e-01
1.342999999999999e-07	-6.793387e-02	-2.835451e-03	-2.974443e-01
1.344999999999999e-07	-6.737779e-02	-2.599362e-03	-2.972021e-01
1.346999999999999e-07	-6.672601e-02	-2.463048e-03	-2.969555e-01
1.348999999999999e-07	-6.603419e-02	-2.443305e-03	-2.966992e-01
1.350999999999999e-07	-6.534509e-02	-2.518777e-03	-2.964280e-01
1.352999999999998e-07	-6.468773e-02	-2.680389e-03	-2.961372e-01
1.354999999999998e-07	-6.407890e-02	-2.934060e-03	-2.958217e-01
1.356999999999998e-07	-6.352481e-02	-3.282475e-03	-2.954773e-01
1.358999999999998e-07	-6.302354e-02	-3.725250e-03	-2.950995e-01
1.360999999999998e-07	-6.256772e-02	-4.260608e-03	-2.946844e-01
1.362999999999998e-07	-6.214666e-02	-4.884309e-03	-2.942281e-01
1.364999999999998e-07	-6.174836e-02	-5.589862e-03	-2.937272e-01
1.366999999999998e-07	-6.136082e-02	-6.368761e-03	-2.931786e-01
1.368999999999998e-07	-6.097312e-02	-7.210868e-03	-2.925793e-01
1.370999999999997e-07	-6.057604e-02	-8.104842e-03	-2.919268e-01
1.372999999999997e-07	-6.016233e-02	-9.038587e-03	-2.912187e-01
1.374999999999997e-07	-5.972685e-02	-9.999690e-03	-2.904531e-01
1.376999999999997e-07	-5.926646e-02	-1.097581e-02	-2.896282e-01
1.378999999999997e-07	-5.877983e-02	-1.195505e-02	-2.887427e-01
1.380999999999997e-07	-5.826716e-02	-1.292622e-02	-2.877953e-01
1.382999999999997e-07	-5.772986e-02	-1.387909e-02	-2.867852e-01
1.384999999999997e-07	-5.717027e-02	-1.480454e-02	-2.857116e-01
1.386999999999996e-07	-5.659133e-02	-1.569473e-02	-2.845742e-01
1.388999999999996e-07	-5.599634e-02	-1.654313e-02	-2.833728e-01
1.390999999999996e-07	-5.538869e-02	-1.734454e-02	-2.821065e-01
1.394999999999996e-07	-5.414850e-02	-1.879234e-02	-2.793665e-01
1.398999999999996e-07	-5.289396e-02	-2.002256e-02	-2.763135e-01
1.400999999999996e-07	-5.226683e-02	-2.055627e-02	-2.746645e-01
1.402999999999996e-07	-5.164180e-02	-2.103784e-02	-2.729451e-01
1.404999999999995e-07	-5.101977e-02	-2.146990e-02	-2.711830e-01
1.406999999999995e-07	-5.040120e-02	-2.185579e-02	-2.694160e-01
1.408999999999995e-07	-4.978614e-02	-2.219946e-02	-2.676774e-01
1.414999999999995e-07	-4.795713e-02	-2.302287e-02	-2.627761e-01
1.416999999999995e-07	-4.734989e-02	-2.324481e-02	-2.612476e-01
1.418999999999995e-07	-4.674190e-02	-2.344920e-02	-2.597557e-01
1.420999999999995e-07	-4.613180e-02	-2.364129e-02	-2.582852e-01
1.422999999999994e-07	-4.551822e-02	-2.382629e-02	-2.568194e-01
1.424999999999994e-07	-4.489975e-02	-2.400923e-02	-2.553421e-01
1.430999999999994e-07	-4.300190e-02	-2.459315e-02	-2.507416e-01
1.434999999999994e-07	-4.168995e-02	-2.505426e-02	-2.474812e-01
1.436999999999994e-07	-4.101728e-02	-2.531746e-02	-2.457895e-01
1.440999999999993e-07	-3.963565e-02	-2.592413e-02	-2.424005e-01
1.442999999999993e-07	-3.892608e-02	-2.627249e-02	-2.407137e-01
1.444999999999993e-07	-3.820385e-02	-2.665351e-02	-2.390090e-01
1.446999999999993e-07	-3.746908e-02	-2.706873e-02	-2.372636e-01
1.448999999999993e-07	-3.672204e-02	-2.751931e-02	-2.354568e-01
1.452999999999993e-07	-3.519293e-02	-2.852960e-02	-2.315984e-01
1.456999999999992e-07	-3.362145e-02	-2.968723e-02	-2.273706e-01
1.460999999999992e-07	-3.201438e-02	-3.099034e-02	-2.227962e-01
1.462999999999992e-07	-3.120001e-02	-3.169473e-02	-2.204035e-01
1.464999999999992e-07	-3.037990e-02	-3.243294e-02	-2.179580e-01
1.466999999999992e-07	-2.955524e-02	-3.320371e-02	-2.154740e-01
1.468999999999992e-07	-2.872723e-02	-3.400556e-02	-2.129658e-01
1.472999999999992e-07	-2.706617e-02	-3.569585e-02	-2.079293e-01
1.476999999999991e-07	-2.540677e-02	-3.748922e-02	-2.029392e-01
1.480999999999991e-07	-2.376011e-02	-3.936945e-02	-1.980580e-01
1.482999999999991e-07	-2.295009e-02	-4.033691e-02	-1.956694e-01
1.484999999999991e-07	-2.216394e-02	-4.132009e-02	-1.933179e-01
1.488999999999991e-07	-2.071960e-02	-4.332675e-02	-1.887239e-01
1.490999999999991e-07	-2.006018e-02	-4.434591e-02	-1.864772e-01
1.492999999999990e-07	-1.942780e-02	-4.537147e-02	-1.842595e-01
1.494999999999990e-07	-1.878694e-02	-4.639880e-02	-1.820666e-01
1.496999999999990e-07	-1.806916e-02	-4.742191e-02	-1.798937e-01
1.498999999999990e-07	-1.724054e-02	-4.843485e-02	-1.777358e-01
1.500999999999990e-07	-1.634112e-02	-4.943386e-02	-1.755876e-01
1.502999999999990e-07	-1.541765e-02	-5.041810e-02	-1.734439e-01
1.504999999999990e-07	-1.448856e-02	-5.138890e-02	-1.712997e-01
1.506999999999990e-07	-1.357307e-02	-5.234887e-02	-1.691504e-01
1.508999999999989e-07	-1.269249e-02	-5.330140e-02	-1.669913e-01
1.510999999999989e-07	-1.186195e-02	-5.425003e-02	-1.648187e-01
1.512999999999989e-07	-1.109312e-02	-5.519802e-02	-1.626289e-01
1.514999999999989e-07	-1.039377e-02	-5.614798e-02	-1.604191e-01
1.516999999999989e-07	-9.766830e-03	-5.710178e-02	-1.581867e-01
1.520999999999989e-07	-8.695883e-03	-5.903122e-02	-1.536475e-01
1.522999999999989e-07	-8.255621e-03	-6.001977e-02	-1.513384e-01
1.524999999999989e-07	-7.957710e-03	-6.103625e-02	-1.490025e-01
1.526999999999988e-07	-7.825002e-03	-6.207950e-02	-1.466400e-01
1.528999999999988e-07	-7.732957e-03	-6.313054e-02	-1.442515e-01
1.530999999999988e-07	-7.577138e-03	-6.416014e-02	-1.418382e-01
1.532999999999988e-07	-7.424597e-03	-6.514335e-02	-1.394014e-01
1.534999999999988e-07	-7.352549e-03	-6.606592e-02	-1.369430e-01
1.536999999999988e-07	-7.350213e-03	-6.692174e-02	-1.344652e-01
1.538999999999988e-07	-7.412777e-03	-6.770942e-02	-1.319703e-01
1.540999999999988e-07	-7.551040e-03	-6.843023e-02	-1.294609e-01
1.542999999999988e-07	-7.767388e-03	-6.908645e-02	-1.269399e-01
1.544999999999987e-07	-8.065529e-03	-6.968009e-02	-1.244101e-01
1.546999999999987e-07	-8.448463e-03	-7.021211e-02	-1.218748e-01
1.548999999999987e-07	-8.918416e-03	-7.068200e-02	-1.193370e-01
1.550999999999987e-07	-9.476559e-03	-7.108773e-02	-1.167999e-01
1.552999999999987e-07	-1.012278e-02	-7.142597e-02	-1.142668e-01
1.554999999999987e-07	-1.085551e-02	-7.169232e-02	-1.117408e-01
1.556999999999987e-07	-1.167169e-02	-7.188176e-02	-1.092252e-01
1.558999999999987e-07	-1.256676e-02	-7.198907e-02	-1.067231e-01
1.560999999999987e-07	-1.353476e-02	-7.200917e-02	-1.042375e-01
1.562999999999986e-07	-1.456847e-02	-7.193752e-02	-1.017715e-01
1.564999999999986e-07	-1.565963e-02	-7.177036e-02	-9.932783e-02
1.566999999999986e-07	-1.679914e-02	-7.150498e-02	-9.690928e-02
1.568999999999986e-07	-1.797731e-02	-7.113983e-02	-9.451847e-02
1.570999999999986e-07	-1.918410e-02	-7.067460e-02	-9.215780e-02
1.572999999999986e-07	-2.040938e-02	-7.011024e-02	-8.982895e-02
1.574999999999986e-07	-2.164310e-02	-6.944893e-02	-8.753100e-02
1.576999999999986e-07	-2.287556e-02	-6.869404e-02	-8.525810e-02
1.578999999999985e-07	-2.409752e-02	-6.784995e-02	-8.300021e-02
1.580999999999985e-07	-2.530038e-02	-6.692198e-02	-8.074820e-02
1.582999999999985e-07	-2.647630e-02	-6.591622e-02	-7.850008e-02
1.584999999999985e-07	-2.761828e-02	-6.483936e-02	-7.626833e-02
1.586999999999985e-07	-2.872021e-02	-6.369855e-02	-7.408622e-02
1.588999999999985e-07	-2.977696e-02	-6.250126e-02	-7.200160e-02
1.592999999999985e-07	-3.173909e-02	-5.996766e-02	-6.826477e-02
1.594999999999985e-07	-3.263891e-02	-5.864649e-02	-6.661705e-02
1.596999999999984e-07	-3.348241e-02	-5.729889e-02	-6.508283e-02
1.598999999999984e-07	-3.426901e-02	-5.593184e-02	-6.362211e-02
1.600999999999984e-07	-3.499892e-02	-5.455194e-02	-6.218981e-02
1.602999999999984e-07	-3.567308e-02	-5.316534e-02	-6.074021e-02
1.604999999999984e-07	-3.629304e-02	-5.177767e-02	-5.923089e-02
1.606999999999984e-07	-3.686097e-02	-5.039405e-02	-5.762563e-02
1.608999999999984e-07	-3.737948e-02	-4.901902e-02	-5.589744e-02
1.610999999999984e-07	-3.785163e-02	-4.765656e-02	-5.403343e-02
1.612999999999984e-07	-3.828081e-02	-4.631005e-02	-5.203360e-02
1.614999999999983e-07	-3.867067e-02	-4.498234e-02	-4.989260e-02
1.616999999999983e-07	-3.902508e-02	-4.367571e-02	-4.759154e-02
1.618999999999983e-07	-3.934801e-02	-4.239193e-02	-4.512790e-02
1.620999999999983e-07	-3.964355e-02	-4.113226e-02	-4.253848e-02
1.622999999999983e-07	-3.991578e-02	-3.989751e-02	-3.987105e-02
1.624999999999983e-07	-4.016875e-02	-3.868804e-02	-3.714563e-02
1.626999999999983e-07	-4.040645e-02	-3.750383e-02	-3.435468e-02
1.628999999999983e-07	-4.063276e-02	-3.634452e-02	-3.148655e-02
1.630999999999983e-07	-4.085138e-02	-3.520940e-02	-2.853866e-02
1.632999999999982e-07	-4.106586e-02	-3.409752e-02	-2.551837e-02
1.634999999999982e-07	-4.127955e-02	-3.300767e-02	-2.244158e-02
1.636999999999982e-07	-4.149557e-02	-3.193846e-02	-1.933117e-02
1.638999999999982e-07	-4.171678e-02	-3.088832e-02	-1.621460e-02
1.640999999999982e-07	-4.194584e-02	-2.985556e-02	-1.312141e-02
1.642999999999982e-07	-4.218512e-02	-2.883841e-02	-1.008093e-02
1.644999999999982e-07	-4.243674e-02	-2.783500e-02	-7.120376e-03
1.646999999999982e-07	-4.270254e-02	-2.684345e-02	-4.263474e-03
1.648999999999981e-07	-4.298413e-02	-2.586188e-02	-1.529493e-03
1.650999999999981e-07	-4.328284e-02	-2.488838e-02	1.067265e-03
1.652999999999981e-07	-4.359974e-02	-2.392112e-02	3.517611e-03
1.654999999999981e-07	-4.393569e-02	-2.295828e-02	5.817319e-03
1.656999999999981e-07	-4.429127e-02	-2.199814e-02	7.966760e-03
1.658999999999981e-07	-4.466688e-02	-2.103904e-02	9.970374e-03
1.660999999999981e-07	-4.506268e-02	-2.007937e-02	1.183606e-02
1.662999999999981e-07	-4.547862e-02	-1.911723e-02	1.357449e-02
1.664999999999981e-07	-4.591451e-02	-1.814955e-02	1.519849e-02
1.666999999999980e-07	-4.637003e-02	-1.717114e-02	1.672232e-02
1.668999999999980e-07	-4.684493e-02	-1.617546e-02	1.816115e-02
1.670999999999980e-07	-4.733920e-02	-1.515833e-02	1.953050e-02
1.672999999999980e-07	-4.785304e-02	-1.412088e-02	2.084576e-02
1.674999999999980e-07	-4.838658e-02	-1.306962e-02	2.212181e-02
1.676999999999980e-07	-4.893939e-02	-1.201795e-02	2.337272e-02
1.678999999999980e-07	-4.950967e-02	-1.098681e-02	2.461151e-02
1.680999999999980e-07	-5.009340e-02	-9.992057e-03	2.584991e-02
1.682999999999980e-07	-5.068424e-02	-9.027836e-03	2.709833e-02
1.684999999999979e-07	-5.127469e-02	-8.072642e-03	2.836573e-02
1.686999999999979e-07	-5.185743e-02	-7.109756e-03	2.965961e-02
1.688999999999979e-07	-5.242634e-02	-6.132302e-03	3.098607e-02
1.692999999999979e-07	-5.350680e-02	-4.119286e-03	3.375419e-02
1.696999999999979e-07	-5.450390e-02	-2.022441e-03	3.669256e-02
1.700999999999979e-07	-5.543311e-02	1.375855e-04	3.980598e-02
1.702999999999978e-07	-5.587724e-02	1.227332e-03	4.142591e-02
1.704999999999978e-07	-5.629976e-02	2.324533e-03	4.308528e-02
1.706999999999978e-07	-5.668598e-02	3.446917e-03	4.478140e-02
1.708999999999978e-07	-5.703201e-02	4.605986e-03	4.651116e-02
1.710999999999978e-07	-5.736414e-02	5.776417e-03	4.827116e-02
1.712999999999978e-07	-5.773145e-02	6.914214e-03	5.005778e-02
1.714999999999978e-07	-5.817635e-02	8.010490e-03	5.186729e-02
1.716999999999978e-07	-5.871730e-02	9.092787e-03	5.369593e-02
1.718999999999977e-07	-5.935308e-02	1.017852e-02	5.553996e-02
1.720999999999977e-07	-6.007076e-02	1.126404e-02	5.739573e-02
1.722999999999977e-07	-6.085001e-02	1.234592e-02	5.925974e-02
1.724999999999977e-07	-6.166695e-02	1.342600e-02	6.112868e-02
1.726999999999977e-07	-6.249726e-02	1.450646e-02	6.299945e-02
1.728999999999977e-07	-6.331827e-02	1.558976e-02	6.486921e-02
1.730999999999977e-07	-6.411017e-02	1.667889e-02	6.673539e-02
1.732999999999977e-07	-6.485650e-02	1.777656e-02	6.859573e-02
1.734999999999977e-07	-6.554428e-02	1.888489e-02	7.044823e-02
1.736999999999976e-07	-6.616372e-02	2.000503e-02	7.229123e-02
1.738999999999976e-07	-6.670776e-02	2.113697e-02	7.412335e-02
1.740999999999976e-07	-6.717161e-02	2.227944e-02	7.594352e-02
1.744999999999976e-07	-6.784779e-02	2.458480e-02	7.954519e-02
1.750999999999976e-07	-6.821877e-02	2.802584e-02	8.484757e-02
1.752999999999976e-07	-6.817089e-02	2.914556e-02	8.658917e-02
1.756999999999975e-07	-6.782106e-02	3.130710e-02	9.003880e-02
1.760999999999975e-07	-6.713832e-02	3.332647e-02	9.346399e-02
1.764999999999975e-07	-6.613254e-02	3.516551e-02	9.690137e-02
1.766999999999975e-07	-6.551278e-02	3.600873e-02	9.862594e-02
1.768999999999975e-07	-6.481807e-02	3.679812e-02	1.003429e-01
1.770999999999974e-07	-6.405108e-02	3.753256e-02	1.020320e-01
1.774999999999974e-07	-6.231299e-02	3.883639e-02	1.052457e-01
1.776999999999974e-07	-6.134915e-02	3.940762e-02	1.067608e-01
1.778999999999974e-07	-6.032753e-02	3.992750e-02	1.082301e-01
1.780999999999974e-07	-5.925259e-02	4.039862e-02	1.096724e-01
1.782999999999974e-07	-5.812901e-02	4.082410e-02	1.111076e-01
1.784999999999974e-07	-5.696166e-02	4.120748e-02	1.125550e-01
1.786999999999974e-07	-5.575554e-02	4.155264e-02	1.140314e-01
1.790999999999973e-07	-5.324728e-02	4.214496e-02	1.171210e-01
1.794999999999973e-07	-5.064451e-02	4.263547e-02	1.204234e-01
1.798999999999973e-07	-4.798580e-02	4.305861e-02	1.238983e-01
1.800999999999973e-07	-4.664666e-02	4.325516e-02	1.256901e-01
1.804999999999973e-07	-4.396888e-02	4.363683e-02	1.293581e-01
1.806999999999972e-07	-4.263733e-02	4.382857e-02	1.312399e-01
1.808999999999972e-07	-4.131482e-02	4.402477e-02	1.331878e-01
1.812999999999972e-07	-3.870726e-02	4.444016e-02	1.373858e-01
1.814999999999972e-07	-3.742649e-02	4.466323e-02	1.396437e-01
1.816999999999972e-07	-3.616329e-02	4.489854e-02	1.419836e-01
1.818999999999972e-07	-3.491893e-02	4.514715e-02	1.443720e-01
1.820999999999972e-07	-3.369433e-02	4.540977e-02	1.467685e-01
1.822999999999972e-07	-3.249012e-02	4.568676e-02	1.491307e-01
1.824999999999971e-07	-3.130661e-02	4.597820e-02	1.514188e-01
1.826999999999971e-07	-3.014385e-02	4.628386e-02	1.535981e-01
1.828999999999971e-07	-2.900164e-02	4.660323e-02	1.556415e-01
1.834999999999971e-07	-2.569307e-02	4.763493e-02	1.608180e-01
1.836999999999971e-07	-2.462691e-02	4.799944e-02	1.622221e-01
1.838999999999971e-07	-2.357741e-02	4.837185e-02	1.634824e-01
1.840999999999970e-07	-2.254338e-02	4.875051e-02	1.646176e-01
1.842999999999970e-07	-2.152355e-02	4.913367e-02	1.656501e-01
1.844999999999970e-07	-2.051678e-02	4.951949e-02	1.666048e-01
1.846999999999970e-07	-1.952288e-02	4.990600e-02	1.675077e-01
1.848999999999970e-07	-1.854469e-02	5.029104e-02	1.683848e-01
1.850999999999970e-07	-1.758952e-02	5.067215e-02	1.692610e-01
1.852999999999970e-07	-1.666436e-02	5.104684e-02	1.701597e-01
1.854999999999970e-07	-1.576627e-02	5.141333e-02	1.711017e-01
1.856999999999970e-07	-1.488067e-02	5.177106e-02	1.721053e-01
1.858999999999969e-07	-1.398698e-02	5.212101e-02	1.731857e-01
1.860999999999969e-07	-1.305214e-02	5.246535e-02	1.743550e-01
1.862999999999969e-07	-1.203295e-02	5.280584e-02	1.756221e-01
1.864999999999969e-07	-1.092086e-02	5.314085e-02	1.769929e-01
1.866999999999969e-07	-9.765764e-03	5.346374e-02	1.784706e-01
1.868999999999969e-07	-8.622760e-03	5.376421e-02	1.800554e-01
1.870999999999969e-07	-7.510559e-03	5.403120e-02	1.817455e-01
1.872999999999969e-07	-6.435175e-03	5.425529e-02	1.835367e-01
1.874999999999969e-07	-5.405915e-03	5.442984e-02	1.854233e-01
1.876999999999968e-07	-4.426232e-03	5.455157e-02	1.873978e-01
1.878999999999968e-07	-3.494026e-03	5.462077e-02	1.894517e-01
1.880999999999968e-07	-2.604706e-03	5.464102e-02	1.915756e-01
1.882999999999968e-07	-1.749795e-03	5.461849e-02	1.937594e-01
1.886999999999968e-07	-9.083907e-05	5.447338e-02	1.982647e-01
1.888999999999968e-07	7.081170e-04	5.435975e-02	2.005648e-01
1.890999999999968e-07	1.437750e-03	5.422300e-02	2.028826e-01
1.892999999999968e-07	2.104028e-03	5.407764e-02	2.052080e-01
1.894999999999967e-07	2.810059e-03	5.395310e-02	2.075312e-01
1.896999999999967e-07	3.632873e-03	5.388109e-02	2.098432e-01
1.898999999999967e-07	4.509889e-03	5.387937e-02	2.121353e-01
1.900999999999967e-07	5.352472e-03	5.394859e-02	2.143998e-01
1.902999999999967e-07	6.160511e-03	5.407971e-02	2.166293e-01
1.904999999999967e-07	6.955212e-03	5.426062e-02	2.188175e-01
1.910999999999966e-07	9.215524e-03	5.498180e-02	2.250804e-01
1.914999999999966e-07	1.062389e-02	5.551424e-02	2.289628e-01
1.916999999999966e-07	1.130568e-02	5.577504e-02	2.308072e-01
1.918999999999966e-07	1.197802e-02	5.602560e-02	2.325843e-01
1.920999999999966e-07	1.264607e-02	5.626170e-02	2.342930e-01
1.922999999999966e-07	1.331550e-02	5.647932e-02	2.359326e-01
1.924999999999966e-07	1.399217e-02	5.667457e-02	2.375025e-01
1.926999999999966e-07	1.468179e-02	5.684350e-02	2.390030e-01
1.928999999999965e-07	1.538967e-02	5.698223e-02	2.404343e-01
1.932999999999965e-07	1.687748e-02	5.715383e-02	2.430927e-01
1.938999999999965e-07	1.932708e-02	5.709736e-02	2.465889e-01
1.940999999999965e-07	2.020365e-02	5.698522e-02	2.476336e-01
1.942999999999965e-07	2.110772e-02	5.682442e-02	2.486284e-01
1.946999999999964e-07	2.298533e-02	5.635774e-02	2.504996e-01
1.948999999999964e-07	2.395047e-02	5.605443e-02	2.513790e-01
1.950999999999964e-07	2.492663e-02	5.570756e-02	2.522082e-01
1.952999999999964e-07	2.590844e-02	5.532037e-02	2.529612e-01
1.954999999999964e-07	2.689042e-02	5.489677e-02	2.536049e-01
1.956999999999964e-07	2.786704e-02	5.444123e-02	2.541189e-01
1.958999999999964e-07	2.883296e-02	5.395864e-02	2.545112e-01
1.960999999999964e-07	2.978308e-02	5.345424e-02	2.548140e-01
1.962999999999964e-07	3.071269e-02	5.293349e-02	2.550693e-01
1.964999999999963e-07	3.161753e-02	5.240193e-02	2.553169e-01
1.966999999999963e-07	3.249387e-02	5.186509e-02	2.555907e-01
1.968999999999963e-07	3.333854e-02	5.132839e-02	2.559166e-01
1.972999999999963e-07	3.492324e-02	5.027596e-02	2.567804e-01
1.974999999999963e-07	3.565996e-02	4.976970e-02	2.573217e-01
1.976999999999963e-07	3.635835e-02	4.928242e-02	2.579216e-01
1.980999999999962e-07	3.763978e-02	4.837902e-02	2.592347e-01
1.982999999999962e-07	3.822386e-02	4.796879e-02	2.599425e-01
1.984999999999962e-07	3.877162e-02	4.758928e-02	2.606755e-01
1.986999999999962e-07	3.928459e-02	4.724215e-02	2.613970e-01
1.988999999999962e-07	3.976461e-02	4.692852e-02	2.620699e-01
1.990999999999962e-07	4.021376e-02	4.664909e-02	2.626894e-01
1.992999999999962e-07	4.063433e-02	4.640405e-02	2.632789e-01
1.994999999999962e-07	4.102875e-02	4.619317e-02	2.638619e-01
1.996999999999962e-07	4.139951e-02	4.601584e-02	2.644475e-01
1.998999999999961e-07	4.174916e-02	4.587109e-02	2.650323e-01
2.000999999999961e-07	4.208023e-02	4.575761e-02	2.656062e-01
2.002999999999961e-07	4.239523e-02	4.567385e-02	2.661551e-01
2.004999999999961e-07	4.269656e-02	4.561801e-02	2.666639e-01
2.006999999999961e-07	4.298652e-02	4.558811e-02	2.671192e-01
2.008999999999961e-07	4.326726e-02	4.558203e-02	2.675102e-01
2.010999999999961e-07	4.354077e-02	4.559752e-02	2.678299e-01
2.012999999999961e-07	4.380889e-02	4.563229e-02	2.680749e-01
2.014999999999961e-07	4.407322e-02	4.568398e-02	2.682454e-01
2.016999999999960e-07	4.433520e-02	4.575028e-02	2.683440e-01
2.018999999999960e-07	4.459603e-02	4.582885e-02	2.683756e-01
2.020999999999960e-07	4.485673e-02	4.591746e-02	2.683460e-01
2.022999999999960e-07	4.511809e-02	4.601393e-02	2.682613e-01
2.024999999999960e-07	4.538071e-02	4.611620e-02	2.681274e-01
2.026999999999960e-07	4.564498e-02	4.622244e-02	2.679493e-01
2.028999999999960e-07	4.591111e-02	4.633133e-02	2.677310e-01
2.032999999999960e-07	4.644860e-02	4.655806e-02	2.671818e-01
2.034999999999959e-07	4.671894e-02	4.667901e-02	2.668514e-01
2.036999999999959e-07	4.698889e-02	4.680468e-02	2.664818e-01
2.038999999999959e-07	4.725694e-02	4.692971e-02	2.660699e-01
2.040999999999959e-07	4.752186e-02	4.704466e-02	2.656120e-01
2.042999999999959e-07	4.778339e-02	4.713663e-02	2.651035e-01
2.044999999999959e-07	4.804305e-02	4.719156e-02	2.645395e-01
2.046999999999959e-07	4.830437e-02	4.720409e-02	2.639150e-01
2.048999999999959e-07	4.857209e-02	4.718745e-02	2.632252e-01
2.052999999999958e-07	4.913945e-02	4.715495e-02	2.616321e-01
2.054999999999958e-07	4.943813e-02	4.715874e-02	2.607216e-01
2.056999999999958e-07	4.974118e-02	4.717594e-02	2.597316e-01
2.058999999999958e-07	5.004160e-02	4.720546e-02	2.586604e-01
2.060999999999958e-07	5.033122e-02	4.724511e-02	2.575075e-01
2.062999999999958e-07	5.060162e-02	4.729155e-02	2.562729e-01
2.064999999999958e-07	5.084519e-02	4.734089e-02	2.549580e-01
2.066999999999958e-07	5.105672e-02	4.738870e-02	2.535647e-01
2.068999999999957e-07	5.123634e-02	4.743270e-02	2.520959e-01
2.070999999999957e-07	5.139197e-02	4.747893e-02	2.505551e-01
2.072999999999957e-07	5.153472e-02	4.754152e-02	2.489466e-01
2.074999999999957e-07	5.166402e-02	4.762436e-02	2.472751e-01
2.076999999999957e-07	5.175666e-02	4.770255e-02	2.455460e-01
2.078999999999957e-07	5.177876e-02	4.774180e-02	2.437647e-01
2.080999999999957e-07	5.171252e-02	4.774060e-02	2.419371e-01
2.082999999999957e-07	5.156805e-02	4.773036e-02	2.400692e-01
2.084999999999957e-07	5.137310e-02	4.773443e-02	2.381671e-01
2.086999999999956e-07	5.115973e-02	4.775342e-02	2.362368e-01
2.088999999999956e-07	5.095841e-02	4.778592e-02	2.342843e-01
2.090999999999956e-07	5.079538e-02	4.783781e-02	2.323152e-01
2.092999999999956e-07	5.069070e-02	4.791534e-02	2.303351e-01
2.094999999999956e-07	5.065768e-02	4.802206e-02	2.283492e-01
2.096999999999956e-07	5.070334e-02	4.815954e-02	2.263625e-01
2.098999999999956e-07	5.082921e-02	4.832683e-02	2.243795e-01
2.100999999999956e-07	5.103251e-02	4.852020e-02	2.224042e-01
2.102999999999956e-07	5.130726e-02	4.873353e-02	2.204406e-01
2.104999999999955e-07	5.164527e-02	4.895873e-02	2.184918e-01
2.106999999999955e-07	5.203707e-02	4.918643e-02	2.165607e-01
2.108999999999955e-07	5.247255e-02	4.940666e-02	2.146497e-01
2.110999999999955e-07	5.294151e-02	4.960951e-02	2.127610e-01
2.112999999999955e-07	5.343397e-02	4.978580e-02	2.108960e-01
2.114999999999955e-07	5.394047e-02	4.992753e-02	2.090560e-01
2.116999999999955e-07	5.445214e-02	5.002826e-02	2.072418e-01
2.118999999999955e-07	5.496085e-02	5.008341e-02	2.054539e-01
2.120999999999954e-07	5.545915e-02	5.009035e-02	2.036927e-01
2.122999999999954e-07	5.594032e-02	5.004841e-02	2.019595e-01
2.124999999999954e-07	5.639837e-02	4.995880e-02	2.002567e-01
2.126999999999954e-07	5.682798e-02	4.982445e-02	1.985876e-01
2.128999999999954e-07	5.722451e-02	4.964979e-02	1.969517e-01
2.130999999999954e-07	5.758398e-02	4.944049e-02	1.953420e-01
2.132999999999954e-07	5.790308e-02	4.920315e-02	1.937429e-01
2.134999999999954e-07	5.817914e-02	4.894505e-02	1.921317e-01
2.136999999999954e-07	5.841012e-02	4.867382e-02	1.904866e-01
2.138999999999953e-07	5.859465e-02	4.839723e-02	1.888018e-01
2.140999999999953e-07	5.873197e-02	4.812288e-02	1.870974e-01
2.142999999999953e-07	5.882195e-02	4.785806e-02	1.854118e-01
2.144999999999953e-07	5.886506e-02	4.760950e-02	1.837840e-01
2.146999999999953e-07	5.886232e-02	4.738326e-02	1.822403e-01
2.148999999999953e-07	5.881533e-02	4.718464e-02	1.807903e-01
2.150999999999953e-07	5.872614e-02	4.701806e-02	1.794282e-01
2.152999999999953e-07	5.859729e-02	4.688704e-02	1.781348e-01
2.154999999999953e-07	5.843166e-02	4.679416e-02	1.768811e-01
2.156999999999952e-07	5.823252e-02	4.674111e-02	1.756321e-01
2.158999999999952e-07	5.800337e-02	4.672868e-02	1.743482e-01
2.160999999999952e-07	5.774794e-02	4.675682e-02	1.729889e-01
2.162999999999952e-07	5.747008e-02	4.682471e-02	1.715246e-01
2.164999999999952e-07	5.717376e-02	4.693082e-02	1.699428e-01
2.166999999999952e-07	5.686291e-02	4.707301e-02	1.682324e-01
2.168999999999952e-07	5.654145e-02	4.724859e-02	1.663695e-01
2.170999999999952e-07	5.621322e-02	4.745442e-02	1.643395e-01
2.172999999999951e-07	5.588189e-02	4.768702e-02	1.621675e-01
2.174999999999951e-07	5.555094e-02	4.794260e-02	1.599096e-01
2.176999999999951e-07	5.522365e-02	4.821720e-02	1.576176e-01
2.178999999999951e-07	5.490302e-02	4.850675e-02	1.553173e-01
2.180999999999951e-07	5.459178e-02	4.880713e-02	1.530112e-01
2.182999999999951e-07	5.429236e-02	4.911423e-02	1.506885e-01
2.184999999999951e-07	5.400688e-02	4.942405e-02	1.483335e-01
2.186999999999951e-07	5.373714e-02	4.973268e-02	1.459310e-01
2.190999999999950e-07	5.325051e-02	5.033178e-02	1.409477e-01
2.194999999999950e-07	5.284065e-02	5.088453e-02	1.357358e-01
2.196999999999950e-07	5.266577e-02	5.113623e-02	1.330709e-01
2.198999999999950e-07	5.251106e-02	5.136813e-02	1.303892e-01
2.200999999999950e-07	5.237633e-02	5.157813e-02	1.277098e-01
2.202999999999950e-07	5.226116e-02	5.176439e-02	1.250511e-01
2.204999999999950e-07	5.216493e-02	5.192537e-02	1.224298e-01
2.206999999999950e-07	5.208689e-02	5.205983e-02	1.198594e-01
2.208999999999949e-07	5.202608e-02	5.216677e-02	1.173501e-01
2.210999999999949e-07	5.198118e-02	5.224551e-02	1.149080e-01
2.212999999999949e-07	5.194976e-02	5.229549e-02	1.125354e-01
2.214999999999949e-07	5.192704e-02	5.231630e-02	1.102307e-01
2.216999999999949e-07	5.190601e-02	5.230765e-02	1.079895e-01
2.218999999999949e-07	5.188204e-02	5.226965e-02	1.058045e-01
2.220999999999949e-07	5.185938e-02	5.220330e-02	1.036665e-01
2.222999999999949e-07	5.185132e-02	5.211052e-02	1.015649e-01
2.224999999999949e-07	5.187508e-02	5.199379e-02	9.948856e-02
2.226999999999948e-07	5.195183e-02	5.185581e-02	9.742603e-02
2.228999999999948e-07	5.209966e-02	5.169814e-02	9.536642e-02
2.230999999999948e-07	5.230490e-02	5.151927e-02	9.329963e-02
2.232999999999948e-07	5.251247e-02	5.131390e-02	9.121679e-02
2.234999999999948e-07	5.267045e-02	5.107528e-02	8.911041e-02
2.236999999999948e-07	5.276754e-02	5.079859e-02	8.697462e-02
2.238999999999948e-07	5.281315e-02	5.048277e-02	8.480524e-02
2.240999999999948e-07	5.281250e-02	5.013051e-02	8.259974e-02
2.242999999999947e-07	5.277138e-02	4.974746e-02	8.035726e-02
2.244999999999947e-07	5.270040e-02	4.934135e-02	7.807843e-02
2.246999999999947e-07	5.261075e-02	4.892082e-02	7.576530e-02
2.248999999999947e-07	5.251420e-02	4.849425e-02	7.342114e-02
2.250999999999947e-07	5.242326e-02	4.806820e-02	7.105019e-02
2.252999999999947e-07	5.234290e-02	4.764573e-02	6.865758e-02
2.254999999999947e-07	5.225674e-02	4.722612e-02	6.624906e-02
2.256999999999947e-07	5.213869e-02	4.680962e-02	6.383076e-02
2.258999999999947e-07	5.200736e-02	4.640515e-02	6.140911e-02
2.260999999999946e-07	5.194309e-02	4.603051e-02	5.899057e-02
2.262999999999946e-07	5.199187e-02	4.570005e-02	5.658151e-02
2.264999999999946e-07	5.208716e-02	4.541198e-02	5.418809e-02
2.266999999999946e-07	5.213972e-02	4.514930e-02	5.181609e-02
2.268999999999946e-07	5.214466e-02	4.489042e-02	4.947086e-02
2.270999999999946e-07	5.213605e-02	4.461717e-02	4.715721e-02
2.272999999999946e-07	5.212018e-02	4.431671e-02	4.487936e-02
2.274999999999946e-07	5.209482e-02	4.398101e-02	4.264089e-02
2.276999999999946e-07	5.206745e-02	4.360628e-02	4.044474e-02
2.278999999999945e-07	5.204540e-02	4.319216e-02	3.829315e-02
2.280999999999945e-07	5.203470e-02	4.274080e-02	3.618773e-02
2.282999999999945e-07	5.204179e-02	4.225587e-02	3.412943e-02
2.284999999999945e-07	5.207212e-02	4.174193e-02	3.211858e-02
2.286999999999945e-07	5.212989e-02	4.120385e-02	3.015492e-02
2.290999999999945e-07	5.233621e-02	4.007446e-02	2.636549e-02
2.292999999999945e-07	5.248422e-02	3.949204e-02	2.453668e-02
2.294999999999945e-07	5.265857e-02	3.890317e-02	2.274910e-02
2.296999999999944e-07	5.285445e-02	3.831140e-02	2.100030e-02
2.298999999999944e-07	5.306561e-02	3.771996e-02	1.928751e-02
2.300999999999944e-07	5.328482e-02	3.713178e-02	1.760780e-02
2.302999999999944e-07	5.350418e-02	3.654947e-02	1.595824e-02
2.304999999999944e-07	5.371563e-02	3.597535e-02	1.433651e-02
2.306999999999944e-07	5.391128e-02	3.541140e-02	1.274176e-02
2.308999999999944e-07	5.408380e-02	3.485925e-02	1.117476e-02
2.310999999999944e-07	5.422671e-02	3.432018e-02	9.635692e-03
2.312999999999943e-07	5.433462e-02	3.379498e-02	8.120511e-03
2.314999999999943e-07	5.440342e-02	3.328403e-02	6.618664e-03
2.316999999999943e-07	5.443034e-02	3.278724e-02	5.112095e-03
2.318999999999943e-07	5.441405e-02	3.230399e-02	3.575949e-03
2.320999999999943e-07	5.435458e-02	3.183319e-02	1.986531e-03
2.322999999999943e-07	5.425326e-02	3.137328e-02	3.368391e-04
2.324999999999943e-07	5.411264e-02	3.092225e-02	-1.354540e-03
2.326999999999943e-07	5.393631e-02	3.047767e-02	-3.052235e-03
2.328999999999943e-07	5.372871e-02	3.003678e-02	-4.721427e-03
2.330999999999942e-07	5.349502e-02	2.959655e-02	-6.338414e-03
2.332999999999942e-07	5.324088e-02	2.915372e-02	-7.891865e-03
2.334999999999942e-07	5.297227e-02	2.870491e-02	-9.380911e-03
2.336999999999942e-07	5.269528e-02	2.824669e-02	-1.081325e-02
2.338999999999942e-07	5.241598e-02	2.777567e-02	-1.220322e-02
2.340999999999942e-07	5.214023e-02	2.728855e-02	-1.357020e-02
2.342999999999942e-07	5.187360e-02	2.678222e-02	-1.493687e-02
2.344999999999942e-07	5.162117e-02	2.625380e-02	-1.632355e-02
2.346999999999942e-07	5.138754e-02	2.570074e-02	-1.773848e-02
2.348999999999941e-07	5.117667e-02	2.512080e-02	-1.917749e-02
2.350999999999941e-07	5.099190e-02	2.451216e-02	-2.064054e-02
2.352999999999941e-07	5.083584e-02	2.387340e-02	-2.214245e-02
2.354999999999941e-07	5.071047e-02	2.320355e-02	-2.369660e-02
2.356999999999941e-07	5.061703e-02	2.250207e-02	-2.529523e-02
2.358999999999941e-07	5.055610e-02	2.176887e-02	-2.691877e-02
2.360999999999941e-07	5.052763e-02	2.100430e-02	-2.856082e-02
2.362999999999941e-07	5.053096e-02	2.020914e-02	-3.023593e-02
2.364999999999941e-07	5.056490e-02	1.938454e-02	-3.196796e-02
2.366999999999940e-07	5.062774e-02	1.853204e-02	-3.377699e-02
2.368999999999940e-07	5.071736e-02	1.765352e-02	-3.567319e-02
2.370999999999940e-07	5.083124e-02	1.675113e-02	-3.765482e-02
2.372999999999940e-07	5.096659e-02	1.582731e-02	-3.970842e-02
2.374999999999940e-07	5.112035e-02	1.488470e-02	-4.181089e-02
2.376999999999940e-07	5.128928e-02	1.392611e-02	-4.393278e-02
2.378999999999940e-07	5.147003e-02	1.295449e-02	-4.604192e-02
2.380999999999940e-07	5.165917e-02	1.197286e-02	-4.810690e-02
2.382999999999939e-07	5.185325e-02	1.098430e-02	-5.009986e-02
2.384999999999939e-07	5.204887e-02	9.991897e-03	-5.199865e-02
2.386999999999940e-07	5.224268e-02	8.998709e-03	-5.378811e-02
2.388999999999940e-07	5.243148e-02	8.007729e-03	-5.546055e-02
2.390999999999940e-07	5.261217e-02	7.021880e-03	-5.701566e-02
2.392999999999940e-07	5.278186e-02	6.044075e-03	-5.845981e-02
2.394999999999940e-07	5.293781e-02	5.077449e-03	-5.980501e-02
2.396999999999940e-07	5.307749e-02	4.125680e-03	-6.106768e-02
2.398999999999940e-07	5.319842e-02	3.192884e-03	-6.226733e-02
2.400999999999941e-07	5.329810e-02	2.282403e-03	-6.342517e-02
2.402999999999941e-07	5.337404e-02	1.394854e-03	-6.456290e-02
2.404999999999941e-07	5.342413e-02	5.272224e-04	-6.570163e-02
2.406999999999941e-07	5.344723e-02	-3.261408e-04	-6.686096e-02
2.408999999999941e-07	5.344381e-02	-1.172030e-03	-6.805828e-02
2.410999999999941e-07	5.341629e-02	-2.015901e-03	-6.930828e-02
2.412999999999941e-07	5.336877e-02	-2.855614e-03	-7.062262e-02
2.414999999999942e-07	5.330532e-02	-3.676610e-03	-7.200982e-02
2.416999999999942e-07	5.322753e-02	-4.459290e-03	-7.347526e-02
2.418999999999942e-07	5.313304e-02	-5.193295e-03	-7.502130e-02
2.420999999999942e-07	5.301603e-02	-5.880455e-03	-7.664756e-02
2.422999999999942e-07	5.286889e-02	-6.525610e-03	-7.835117e-02
2.424999999999942e-07	5.268397e-02	-7.130922e-03	-8.012717e-02
2.426999999999943e-07	5.245490e-02	-7.697613e-03	-8.196887e-02
2.430999999999943e-07	5.185097e-02	-8.724073e-03	-8.581626e-02
2.432999999999943e-07	5.147823e-02	-9.189975e-03	-8.780330e-02
2.434999999999943e-07	5.106802e-02	-9.627284e-03	-8.981947e-02
2.436999999999943e-07	5.063432e-02	-1.003366e-02	-9.185486e-02
2.438999999999943e-07	5.019010e-02	-1.040553e-02	-9.389982e-02
2.440999999999944e-07	4.973567e-02	-1.075048e-02	-9.594520e-02
2.442999999999944e-07	4.925415e-02	-1.109529e-02	-9.798246e-02
2.444999999999944e-07	4.872590e-02	-1.146860e-02	-1.000038e-01
2.446999999999944e-07	4.815070e-02	-1.187151e-02	-1.020024e-01
2.448999999999944e-07	4.755311e-02	-1.228020e-02	-1.039723e-01
2.450999999999944e-07	4.696762e-02	-1.267983e-02	-1.059085e-01
2.452999999999944e-07	4.642299e-02	-1.307796e-02	-1.078067e-01
2.454999999999945e-07	4.593759e-02	-1.348513e-02	-1.096641e-01
2.456999999999945e-07	4.552032e-02	-1.390243e-02	-1.114782e-01
2.458999999999945e-07	4.517160e-02	-1.432835e-02	-1.132478e-01
2.460999999999945e-07	4.488501e-02	-1.476412e-02	-1.149720e-01
2.462999999999945e-07	4.464937e-02	-1.521236e-02	-1.166510e-01
2.464999999999945e-07	4.445091e-02	-1.567622e-02	-1.182855e-01
2.466999999999946e-07	4.427488e-02	-1.615929e-02	-1.198765e-01
2.468999999999946e-07	4.410696e-02	-1.666494e-02	-1.214257e-01
2.470999999999946e-07	4.393412e-02	-1.719566e-02	-1.229350e-01
2.472999999999946e-07	4.374522e-02	-1.775258e-02	-1.244067e-01
2.474999999999946e-07	4.353122e-02	-1.833513e-02	-1.258433e-01
2.476999999999946e-07	4.328527e-02	-1.894097e-02	-1.272474e-01
2.478999999999946e-07	4.300255e-02	-1.956603e-02	-1.286215e-01
2.484999999999947e-07	4.191211e-02	-2.149581e-02	-1.325908e-01
2.488999999999947e-07	4.098529e-02	-2.275479e-02	-1.351320e-01
2.490999999999947e-07	4.046756e-02	-2.335401e-02	-1.363740e-01
2.492999999999947e-07	3.991759e-02	-2.392471e-02	-1.375973e-01
2.494999999999948e-07	3.933876e-02	-2.446198e-02	-1.388055e-01
2.496999999999948e-07	3.873464e-02	-2.496226e-02	-1.400068e-01
2.498999999999948e-07	3.810885e-02	-2.542338e-02	-1.412131e-01
2.500999999999948e-07	3.746500e-02	-2.584459e-02	-1.424388e-01
2.502999999999948e-07	3.680657e-02	-2.622654e-02	-1.436954e-01
2.504999999999948e-07	3.613686e-02	-2.657109e-02	-1.449790e-01
2.506999999999949e-07	3.545894e-02	-2.688125e-02	-1.462644e-01
2.508999999999949e-07	3.477558e-02	-2.716091e-02	-1.475146e-01
2.512999999999949e-07	3.340202e-02	-2.764761e-02	-1.498123e-01
2.514999999999949e-07	3.271564e-02	-2.786509e-02	-1.508569e-01
2.516999999999949e-07	3.203146e-02	-2.807252e-02	-1.518533e-01
2.518999999999949e-07	3.135042e-02	-2.827519e-02	-1.528265e-01
2.520999999999950e-07	3.067311e-02	-2.847809e-02	-1.538027e-01
2.522999999999950e-07	2.999975e-02	-2.868577e-02	-1.548068e-01
2.524999999999950e-07	2.933020e-02	-2.890222e-02	-1.558605e-01
2.528999999999950e-07	2.800050e-02	-2.937413e-02	-1.581657e-01
2.532999999999950e-07	2.667736e-02	-2.991198e-02	-1.607067e-01
2.534999999999951e-07	2.601526e-02	-3.020808e-02	-1.620577e-01
2.536999999999951e-07	2.535096e-02	-3.052215e-02	-1.634606e-01
2.538999999999951e-07	2.468298e-02	-3.085326e-02	-1.648834e-01
2.540999999999951e-07	2.400983e-02	-3.119987e-02	-1.662773e-01
2.542999999999951e-07	2.333003e-02	-3.155994e-02	-1.676102e-01
2.544999999999951e-07	2.264220e-02	-3.193097e-02	-1.688837e-01
2.546999999999952e-07	2.194504e-02	-3.231008e-02	-1.701230e-01
2.548999999999952e-07	2.123740e-02	-3.269413e-02	-1.713596e-01
2.550999999999952e-07	2.051831e-02	-3.307979e-02	-1.726214e-01
2.556999999999952e-07	1.828535e-02	-3.421167e-02	-1.767059e-01
2.558999999999952e-07	1.751458e-02	-3.456911e-02	-1.781698e-01
2.560999999999953e-07	1.673053e-02	-3.491117e-02	-1.796681e-01
2.562999999999953e-07	1.593352e-02	-3.523483e-02	-1.811848e-01
2.564999999999953e-07	1.512408e-02	-3.553735e-02	-1.827033e-01
2.566999999999953e-07	1.430294e-02	-3.581626e-02	-1.842078e-01
2.568999999999953e-07	1.347105e-02	-3.606939e-02	-1.856844e-01
2.572999999999953e-07	1.177962e-02	-3.649142e-02	-1.885127e-01
2.582999999999954e-07	7.434380e-03	-3.701125e-02	-1.946261e-01
2.584999999999954e-07	6.545184e-03	-3.702222e-02	-1.956740e-01
2.586999999999955e-07	5.658669e-03	-3.700260e-02	-1.966638e-01
2.588999999999955e-07	4.790080e-03	-3.695231e-02	-1.975952e-01
2.590999999999955e-07	3.955646e-03	-3.687157e-02	-1.984675e-01
2.592999999999955e-07	3.169403e-03	-3.676144e-02	-1.992796e-01
2.594999999999955e-07	2.435666e-03	-3.662467e-02	-2.000299e-01
2.596999999999955e-07	1.732052e-03	-3.646665e-02	-2.007165e-01
2.598999999999955e-07	1.010197e-03	-3.629489e-02	-2.013374e-01
2.600999999999956e-07	2.332790e-04	-3.611626e-02	-2.018908e-01
2.602999999999956e-07	-5.945893e-04	-3.593415e-02	-2.023749e-01
2.604999999999956e-07	-1.447390e-03	-3.574777e-02	-2.027887e-01
2.606999999999956e-07	-2.306015e-03	-3.555338e-02	-2.031315e-01
2.608999999999956e-07	-3.157757e-03	-3.534622e-02	-2.034034e-01
2.610999999999956e-07	-3.988285e-03	-3.512177e-02	-2.036055e-01
2.612999999999956e-07	-4.784128e-03	-3.487694e-02	-2.037394e-01
2.614999999999957e-07	-5.534632e-03	-3.461083e-02	-2.038079e-01
2.616999999999957e-07	-6.232236e-03	-3.432557e-02	-2.038145e-01
2.618999999999957e-07	-6.878695e-03	-3.402664e-02	-2.037635e-01
2.620999999999957e-07	-7.491110e-03	-3.372155e-02	-2.036598e-01
2.622999999999957e-07	-8.086461e-03	-3.341546e-02	-2.035093e-01
2.624999999999957e-07	-8.644696e-03	-3.310620e-02	-2.033178e-01
2.626999999999958e-07	-9.109745e-03	-3.278619e-02	-2.030918e-01
2.628999999999958e-07	-9.465242e-03	-3.245272e-02	-2.028381e-01
2.630999999999958e-07	-9.784048e-03	-3.211614e-02	-2.025632e-01
2.632999999999958e-07	-1.015124e-02	-3.179593e-02	-2.022739e-01
2.634999999999958e-07	-1.057219e-02	-3.150976e-02	-2.019766e-01
2.636999999999958e-07	-1.100638e-02	-3.126708e-02	-2.016774e-01
2.638999999999958e-07	-1.143945e-02	-3.107017e-02	-2.013821e-01
2.640999999999959e-07	-1.187660e-02	-3.091733e-02	-2.010959e-01
2.642999999999959e-07	-1.231436e-02	-3.080488e-02	-2.008235e-01
2.644999999999959e-07	-1.274624e-02	-3.072824e-02	-2.005689e-01
2.646999999999959e-07	-1.316963e-02	-3.068257e-02	-2.003355e-01
2.648999999999959e-07	-1.358309e-02	-3.066317e-02	-2.001259e-01
2.650999999999959e-07	-1.398649e-02	-3.066548e-02	-1.999423e-01
2.652999999999960e-07	-1.438162e-02	-3.068499e-02	-1.997857e-01
2.654999999999960e-07	-1.477192e-02	-3.071710e-02	-1.996569e-01
2.656999999999960e-07	-1.516212e-02	-3.075700e-02	-1.995558e-01
2.658999999999960e-07	-1.555788e-02	-3.079966e-02	-1.994817e-01
2.660999999999960e-07	-1.596521e-02	-3.083993e-02	-1.994334e-01
2.662999999999960e-07	-1.638996e-02	-3.087261e-02	-1.994091e-01
2.664999999999960e-07	-1.683730e-02	-3.089272e-02	-1.994067e-01
2.666999999999961e-07	-1.731131e-02	-3.089568e-02	-1.994234e-01
2.668999999999961e-07	-1.781467e-02	-3.087756e-02	-1.994559e-01
2.670999999999961e-07	-1.834847e-02	-3.083524e-02	-1.995001e-01
2.672999999999961e-07	-1.891216e-02	-3.076660e-02	-1.995498e-01
2.674999999999961e-07	-1.950357e-02	-3.067059e-02	-1.995987e-01
2.676999999999961e-07	-2.011909e-02	-3.054727e-02	-1.996428e-01
2.678999999999961e-07	-2.075388e-02	-3.039780e-02	-1.996843e-01
2.680999999999962e-07	-2.140213e-02	-3.022435e-02	-1.997313e-01
2.682999999999962e-07	-2.205741e-02	-3.002999e-02	-1.997954e-01
2.684999999999962e-07	-2.271296e-02	-2.981853e-02	-1.998848e-01
2.686999999999962e-07	-2.336200e-02	-2.959434e-02	-1.999935e-01
2.688999999999962e-07	-2.399802e-02	-2.936215e-02	-2.000932e-01
2.690999999999962e-07	-2.461503e-02	-2.912687e-02	-2.001413e-01
2.692999999999963e-07	-2.520776e-02	-2.889339e-02	-2.001008e-01
2.694999999999963e-07	-2.577179e-02	-2.866643e-02	-1.999582e-01
2.696999999999963e-07	-2.630370e-02	-2.845035e-02	-1.997251e-01
2.698999999999963e-07	-2.680108e-02	-2.824906e-02	-1.994285e-01
2.700999999999963e-07	-2.726259e-02	-2.806591e-02	-1.990996e-01
2.702999999999963e-07	-2.768785e-02	-2.790361e-02	-1.987663e-01
2.704999999999963e-07	-2.807747e-02	-2.776420e-02	-1.984490e-01
2.706999999999964e-07	-2.843287e-02	-2.764904e-02	-1.981590e-01
2.708999999999964e-07	-2.875623e-02	-2.755878e-02	-1.978973e-01
2.710999999999964e-07	-2.905032e-02	-2.749343e-02	-1.976499e-01
2.712999999999964e-07	-2.931839e-02	-2.745241e-02	-1.973846e-01
2.714999999999964e-07	-2.956400e-02	-2.743457e-02	-1.970670e-01
2.716999999999964e-07	-2.979091e-02	-2.743830e-02	-1.966820e-01
2.718999999999964e-07	-3.000296e-02	-2.746159e-02	-1.962282e-01
2.720999999999965e-07	-3.020392e-02	-2.750212e-02	-1.956887e-01
2.722999999999965e-07	-3.039739e-02	-2.755732e-02	-1.950229e-01
2.724999999999965e-07	-3.058673e-02	-2.762451e-02	-1.941952e-01
2.726999999999965e-07	-3.077499e-02	-2.770090e-02	-1.932043e-01
2.728999999999965e-07	-3.096481e-02	-2.778374e-02	-1.920828e-01
2.730999999999965e-07	-3.115841e-02	-2.787031e-02	-1.908742e-01
2.732999999999966e-07	-3.135756e-02	-2.795804e-02	-1.896148e-01
2.738999999999966e-07	-3.199911e-02	-2.820517e-02	-1.857044e-01
2.742999999999966e-07	-3.246650e-02	-2.833771e-02	-1.830030e-01
2.746999999999967e-07	-3.296100e-02	-2.843193e-02	-1.801857e-01
2.748999999999967e-07	-3.321553e-02	-2.846271e-02	-1.787320e-01
2.750999999999967e-07	-3.347287e-02	-2.848207e-02	-1.772548e-01
2.752999999999967e-07	-3.373129e-02	-2.848995e-02	-1.757629e-01
2.754999999999967e-07	-3.398892e-02	-2.848648e-02	-1.742669e-01
2.756999999999967e-07	-3.424384e-02	-2.847196e-02	-1.727780e-01
2.758999999999967e-07	-3.449409e-02	-2.844676e-02	-1.713065e-01
2.760999999999968e-07	-3.473776e-02	-2.841108e-02	-1.698609e-01
2.762999999999968e-07	-3.497304e-02	-2.836479e-02	-1.684472e-01
2.764999999999968e-07	-3.519836e-02	-2.830767e-02	-1.670684e-01
2.766999999999968e-07	-3.541250e-02	-2.824048e-02	-1.657243e-01
2.768999999999968e-07	-3.561443e-02	-2.816624e-02	-1.644118e-01
2.770999999999968e-07	-3.580294e-02	-2.809051e-02	-1.631251e-01
2.772999999999969e-07	-3.597605e-02	-2.802006e-02	-1.618562e-01
2.774999999999969e-07	-3.613064e-02	-2.796063e-02	-1.605956e-01
2.776999999999969e-07	-3.626255e-02	-2.791413e-02	-1.593332e-01
2.778999999999969e-07	-3.636743e-02	-2.787481e-02	-1.580584e-01
2.780999999999969e-07	-3.644273e-02	-2.782855e-02	-1.567611e-01
2.782999999999969e-07	-3.648994e-02	-2.776075e-02	-1.554322e-01
2.784999999999969e-07	-3.651506e-02	-2.766750e-02	-1.540640e-01
2.786999999999970e-07	-3.652681e-02	-2.755647e-02	-1.526502e-01
2.788999999999970e-07	-3.653381e-02	-2.743733e-02	-1.511865e-01
2.790999999999970e-07	-3.654252e-02	-2.731546e-02	-1.496706e-01
2.792999999999970e-07	-3.655613e-02	-2.719380e-02	-1.481021e-01
2.794999999999970e-07	-3.657437e-02	-2.707553e-02	-1.464823e-01
2.796999999999970e-07	-3.659350e-02	-2.696399e-02	-1.448143e-01
2.798999999999970e-07	-3.660633e-02	-2.686166e-02	-1.431026e-01
2.800999999999971e-07	-3.660236e-02	-2.676864e-02	-1.413529e-01
2.804999999999971e-07	-3.650176e-02	-2.659729e-02	-1.377665e-01
2.806999999999971e-07	-3.640478e-02	-2.652176e-02	-1.359445e-01
2.808999999999971e-07	-3.629766e-02	-2.647265e-02	-1.341136e-01
2.810999999999971e-07	-3.619657e-02	-2.646316e-02	-1.322812e-01
2.812999999999972e-07	-3.609780e-02	-2.648146e-02	-1.304542e-01
2.814999999999972e-07	-3.597806e-02	-2.649719e-02	-1.286393e-01
2.816999999999972e-07	-3.581178e-02	-2.649156e-02	-1.268421e-01
2.818999999999972e-07	-3.558599e-02	-2.646896e-02	-1.250676e-01
2.820999999999972e-07	-3.530186e-02	-2.643884e-02	-1.233196e-01
2.822999999999972e-07	-3.496972e-02	-2.640156e-02	-1.216013e-01
2.824999999999972e-07	-3.460533e-02	-2.635433e-02	-1.199145e-01
2.826999999999973e-07	-3.422724e-02	-2.629831e-02	-1.182602e-01
2.828999999999973e-07	-3.385430e-02	-2.623716e-02	-1.166386e-01
2.830999999999973e-07	-3.350363e-02	-2.617464e-02	-1.150488e-01
2.832999999999973e-07	-3.318940e-02	-2.611428e-02	-1.134891e-01
2.834999999999973e-07	-3.292220e-02	-2.605888e-02	-1.119571e-01
2.836999999999973e-07	-3.270878e-02	-2.600996e-02	-1.104499e-01
2.838999999999973e-07	-3.255229e-02	-2.596761e-02	-1.089638e-01
2.840999999999974e-07	-3.245253e-02	-2.593056e-02	-1.074950e-01
2.842999999999974e-07	-3.240656e-02	-2.589650e-02	-1.060391e-01
2.844999999999974e-07	-3.240915e-02	-2.586239e-02	-1.045916e-01
2.846999999999974e-07	-3.245340e-02	-2.582490e-02	-1.031479e-01
2.848999999999974e-07	-3.253129e-02	-2.578086e-02	-1.017033e-01
2.850999999999974e-07	-3.263415e-02	-2.572751e-02	-1.002533e-01
2.852999999999975e-07	-3.275313e-02	-2.566282e-02	-9.879284e-02
2.854999999999975e-07	-3.287958e-02	-2.558557e-02	-9.731685e-02
2.856999999999975e-07	-3.300536e-02	-2.549544e-02	-9.581991e-02
2.858999999999975e-07	-3.312312e-02	-2.539292e-02	-9.429808e-02
2.860999999999975e-07	-3.322651e-02	-2.527921e-02	-9.275081e-02
2.862999999999975e-07	-3.331026e-02	-2.515603e-02	-9.118143e-02
2.864999999999975e-07	-3.337033e-02	-2.502543e-02	-8.959568e-02
2.866999999999976e-07	-3.340392e-02	-2.488955e-02	-8.799928e-02
2.868999999999976e-07	-3.340943e-02	-2.475046e-02	-8.639283e-02
2.870999999999976e-07	-3.338645e-02	-2.460995e-02	-8.476416e-02
2.872999999999976e-07	-3.333567e-02	-2.446936e-02	-8.308686e-02
2.874999999999976e-07	-3.325873e-02	-2.432952e-02	-8.133194e-02
2.876999999999976e-07	-3.315814e-02	-2.419065e-02	-7.948448e-02
2.878999999999976e-07	-3.303709e-02	-2.405234e-02	-7.755019e-02
2.880999999999977e-07	-3.289930e-02	-2.391356e-02	-7.554950e-02
2.882999999999977e-07	-3.274889e-02	-2.377273e-02	-7.350797e-02
2.884999999999977e-07	-3.259020e-02	-2.362778e-02	-7.144986e-02
2.886999999999977e-07	-3.242761e-02	-2.347624e-02	-6.939488e-02
2.888999999999977e-07	-3.226548e-02	-2.331538e-02	-6.735713e-02
2.890999999999977e-07	-3.210793e-02	-2.314231e-02	-6.534520e-02
2.892999999999978e-07	-3.195881e-02	-2.295413e-02	-6.336124e-02
2.894999999999978e-07	-3.182158e-02	-2.274800e-02	-6.139807e-02
2.896999999999978e-07	-3.169920e-02	-2.252131e-02	-5.944087e-02
2.898999999999978e-07	-3.159415e-02	-2.227173e-02	-5.747790e-02
2.900999999999978e-07	-3.150834e-02	-2.199733e-02	-5.550773e-02
2.902999999999978e-07	-3.144312e-02	-2.169663e-02	-5.352873e-02
2.904999999999978e-07	-3.139926e-02	-2.136861e-02	-5.152655e-02
2.906999999999979e-07	-3.137701e-02	-2.101281e-02	-4.948449e-02
2.908999999999979e-07	-3.137607e-02	-2.062929e-02	-4.740635e-02
2.910999999999979e-07	-3.139566e-02	-2.021864e-02	-4.532063e-02
2.912999999999979e-07	-3.143457e-02	-1.978195e-02	-4.326170e-02
2.914999999999979e-07	-3.149122e-02	-1.932079e-02	-4.125049e-02
2.916999999999979e-07	-3.156370e-02	-1.883713e-02	-3.928886e-02
2.918999999999979e-07	-3.164984e-02	-1.833335e-02	-3.736361e-02
2.920999999999980e-07	-3.174728e-02	-1.781212e-02	-3.545308e-02
2.922999999999980e-07	-3.185353e-02	-1.727634e-02	-3.353354e-02
2.924999999999980e-07	-3.196603e-02	-1.672911e-02	-3.158484e-02
2.926999999999980e-07	-3.208220e-02	-1.617362e-02	-2.959412e-02
2.928999999999980e-07	-3.219948e-02	-1.561310e-02	-2.755761e-02
2.930999999999980e-07	-3.231543e-02	-1.505078e-02	-2.548050e-02
2.932999999999981e-07	-3.242770e-02	-1.448977e-02	-2.337551e-02
2.934999999999981e-07	-3.253412e-02	-1.393308e-02	-2.126065e-02
2.936999999999981e-07	-3.263271e-02	-1.338350e-02	-1.915652e-02
2.938999999999981e-07	-3.272170e-02	-1.284362e-02	-1.708383e-02
2.940999999999981e-07	-3.279964e-02	-1.231575e-02	-1.506108e-02
2.942999999999981e-07	-3.286560e-02	-1.180194e-02	-1.310294e-02
2.944999999999981e-07	-3.291960e-02	-1.130395e-02	-1.121916e-02
2.946999999999982e-07	-3.296279e-02	-1.082330e-02	-9.414037e-03
2.948999999999982e-07	-3.299615e-02	-1.036103e-02	-7.686497e-03
2.950999999999982e-07	-3.301745e-02	-9.917476e-03	-6.030564e-03
2.952999999999982e-07	-3.301905e-02	-9.492137e-03	-4.436160e-03
2.954999999999982e-07	-3.299005e-02	-9.084116e-03	-2.890100e-03
2.956999999999982e-07	-3.292141e-02	-8.692867e-03	-1.377184e-03
2.958999999999982e-07	-3.281005e-02	-8.319071e-03	1.187219e-04
2.960999999999983e-07	-3.266450e-02	-7.965315e-03	1.613676e-03
2.962999999999983e-07	-3.251303e-02	-7.635634e-03	3.122789e-03
2.964999999999983e-07	-3.239638e-02	-7.333081e-03	4.659513e-03
2.966999999999983e-07	-3.233701e-02	-7.056443e-03	6.235112e-03
2.968999999999983e-07	-3.231915e-02	-6.798875e-03	7.858325e-03
2.970999999999983e-07	-3.230882e-02	-6.549762e-03	9.535185e-03
2.972999999999984e-07	-3.228333e-02	-6.298289e-03	1.126901e-02
2.974999999999984e-07	-3.223300e-02	-6.036352e-03	1.306051e-02
2.976999999999984e-07	-3.215016e-02	-5.759887e-03	1.490804e-02
2.980999999999984e-07	-3.186598e-02	-5.167685e-03	1.875444e-02
2.982999999999984e-07	-3.166553e-02	-4.862721e-03	2.074100e-02
2.984999999999984e-07	-3.143796e-02	-4.563024e-03	2.275975e-02
2.986999999999985e-07	-3.120278e-02	-4.276823e-03	2.480228e-02
2.988999999999985e-07	-3.097277e-02	-4.006548e-03	2.685995e-02
2.990999999999985e-07	-3.073057e-02	-3.745529e-03	2.892419e-02
2.992999999999985e-07	-3.043991e-02	-3.483239e-03	3.098674e-02
2.994999999999985e-07	-3.010428e-02	-3.216350e-03	3.303992e-02
2.996999999999985e-07	-2.979407e-02	-2.953050e-03	3.507677e-02
2.998999999999985e-07	-2.957811e-02	-2.704829e-03	3.709118e-02
3.000999999999986e-07	-2.944921e-02	-2.475114e-03	3.907798e-02
3.002999999999986e-07	-2.935462e-02	-2.256133e-03	4.103296e-02
3.004999999999986e-07	-2.926747e-02	-2.033893e-03	4.295292e-02
3.006999999999986e-07	-2.918930e-02	-1.793954e-03	4.483560e-02
3.008999999999986e-07	-2.911722e-02	-1.524101e-03	4.667964e-02
3.010999999999986e-07	-2.904252e-02	-1.214964e-03	4.848450e-02
3.012999999999987e-07	-2.896156e-02	-8.600923e-04	5.025039e-02
3.014999999999987e-07	-2.887448e-02	-4.557541e-04	5.197816e-02
3.016999999999987e-07	-2.878278e-02	-5.186512e-07	5.366920e-02
3.018999999999987e-07	-2.868981e-02	5.051886e-04	5.532533e-02
3.020999999999987e-07	-2.860024e-02	1.059451e-03	5.694872e-02
3.022999999999987e-07	-2.851905e-02	1.659128e-03	5.854175e-02
3.024999999999987e-07	-2.845099e-02	2.300049e-03	6.010696e-02
3.026999999999988e-07	-2.839988e-02	2.977161e-03	6.164696e-02
3.030999999999988e-07	-2.835667e-02	4.416100e-03	6.466161e-02
3.032999999999988e-07	-2.836451e-02	5.164642e-03	6.614124e-02
3.034999999999988e-07	-2.838918e-02	5.923176e-03	6.760581e-02
3.036999999999988e-07	-2.842679e-02	6.684583e-03	6.905831e-02
3.038999999999989e-07	-2.847238e-02	7.441978e-03	7.050227e-02
3.040999999999989e-07	-2.852032e-02	8.188950e-03	7.194044e-02
3.042999999999989e-07	-2.856469e-02	8.919786e-03	7.337239e-02
3.044999999999989e-07	-2.859967e-02	9.629670e-03	7.479327e-02
3.046999999999989e-07	-2.861987e-02	1.031484e-02	7.619502e-02
3.048999999999989e-07	-2.862058e-02	1.097267e-02	7.756897e-02
3.050999999999989e-07	-2.859797e-02	1.160174e-02	7.891073e-02
3.052999999999990e-07	-2.854922e-02	1.220184e-02	8.022866e-02
3.054999999999990e-07	-2.847255e-02	1.277385e-02	8.154858e-02
3.056999999999990e-07	-2.836718e-02	1.331969e-02	8.290421e-02
3.058999999999990e-07	-2.823330e-02	1.384216e-02	8.431686e-02
3.060999999999990e-07	-2.807189e-02	1.434475e-02	8.578200e-02
3.062999999999990e-07	-2.788459e-02	1.483147e-02	8.727320e-02
3.064999999999990e-07	-2.767354e-02	1.530666e-02	8.875658e-02
3.066999999999991e-07	-2.744123e-02	1.577475e-02	9.020308e-02
3.068999999999991e-07	-2.719027e-02	1.624012e-02	9.159383e-02
3.070999999999991e-07	-2.692328e-02	1.670691e-02	9.292075e-02
3.072999999999991e-07	-2.664276e-02	1.717887e-02	9.418510e-02
3.074999999999991e-07	-2.635097e-02	1.765924e-02	9.539673e-02
3.076999999999991e-07	-2.604982e-02	1.815066e-02	9.657563e-02
3.078999999999992e-07	-2.574088e-02	1.865510e-02	9.774971e-02
3.080999999999992e-07	-2.542529e-02	1.917383e-02	9.894089e-02
3.084999999999992e-07	-2.477666e-02	2.025569e-02	1.013739e-01
3.086999999999992e-07	-2.444392e-02	2.081788e-02	1.026159e-01
3.090999999999992e-07	-2.375996e-02	2.197787e-02	1.052573e-01
3.092999999999993e-07	-2.340735e-02	2.257138e-02	1.066636e-01
3.094999999999993e-07	-2.304646e-02	2.317039e-02	1.080865e-01
3.098999999999993e-07	-2.229603e-02	2.437283e-02	1.108598e-01
3.100999999999993e-07	-2.190464e-02	2.496991e-02	1.121949e-01
3.102999999999993e-07	-2.150140e-02	2.555996e-02	1.135097e-01
3.104999999999993e-07	-2.108572e-02	2.613990e-02	1.148229e-01
3.106999999999994e-07	-2.065720e-02	2.670680e-02	1.161537e-01
3.110999999999994e-07	-1.976119e-02	2.779108e-02	1.189247e-01
3.114999999999994e-07	-1.881492e-02	2.879508e-02	1.218783e-01
3.116999999999994e-07	-1.832449e-02	2.926300e-02	1.234171e-01
3.118999999999995e-07	-1.782380e-02	2.970685e-02	1.249866e-01
3.120999999999995e-07	-1.731407e-02	3.012612e-02	1.265766e-01
3.122999999999995e-07	-1.679668e-02	3.052074e-02	1.281771e-01
3.126999999999995e-07	-1.574512e-02	3.123813e-02	1.313736e-01
3.130999999999995e-07	-1.468286e-02	3.186869e-02	1.345180e-01
3.134999999999996e-07	-1.362575e-02	3.242129e-02	1.375728e-01
3.140999999999996e-07	-1.207220e-02	3.308503e-02	1.419326e-01
3.144999999999996e-07	-1.105092e-02	3.343628e-02	1.446559e-01
3.146999999999997e-07	-1.054432e-02	3.361548e-02	1.459520e-01
3.148999999999997e-07	-1.004669e-02	3.381398e-02	1.471993e-01
3.150999999999997e-07	-9.566582e-03	3.403233e-02	1.483937e-01
3.152999999999997e-07	-9.112302e-03	3.426103e-02	1.495317e-01
3.154999999999997e-07	-8.688750e-03	3.449027e-02	1.506102e-01
3.156999999999997e-07	-8.295981e-03	3.471606e-02	1.516268e-01
3.158999999999998e-07	-7.929627e-03	3.493805e-02	1.525801e-01
3.160999999999998e-07	-7.582142e-03	3.515601e-02	1.534698e-01
3.162999999999998e-07	-7.244108e-03	3.536966e-02	1.542966e-01
3.164999999999998e-07	-6.905244e-03	3.558001e-02	1.550627e-01
3.166999999999998e-07	-6.555445e-03	3.579037e-02	1.557713e-01
3.168999999999998e-07	-6.187363e-03	3.600606e-02	1.564271e-01
3.170999999999998e-07	-5.801425e-03	3.623038e-02	1.570355e-01
3.172999999999999e-07	-5.409667e-03	3.645850e-02	1.576030e-01
3.174999999999999e-07	-5.030869e-03	3.667869e-02	1.581367e-01
3.176999999999999e-07	-4.675966e-03	3.688692e-02	1.586445e-01
3.178999999999999e-07	-4.336422e-03	3.710049e-02	1.591343e-01
3.180999999999999e-07	-3.989449e-03	3.734789e-02	1.596143e-01
3.182999999999999e-07	-3.615687e-03	3.764205e-02	1.600925e-01
3.184999999999999e-07	-3.211028e-03	3.797137e-02	1.605766e-01
3.187000000000000e-07	-2.784249e-03	3.831777e-02	1.610737e-01
3.189000000000000e-07	-2.348876e-03	3.867220e-02	1.615906e-01
3.191000000000000e-07	-1.918205e-03	3.903065e-02	1.621328e-01
3.193000000000000e-07	-1.503450e-03	3.938671e-02	1.627052e-01
3.195000000000000e-07	-1.112512e-03	3.973317e-02	1.633117e-01
3.197000000000000e-07	-7.492046e-04	4.006568e-02	1.639553e-01
3.199000000000001e-07	-4.132836e-04	4.038319e-02	1.646376e-01
3.201000000000001e-07	-1.009819e-04	4.068730e-02	1.653595e-01
3.203000000000001e-07	1.942354e-04	4.098182e-02	1.661208e-01
3.205000000000001e-07	4.808066e-04	4.127189e-02	1.669204e-01
3.207000000000001e-07	7.682021e-04	4.156296e-02	1.677561e-01
3.209000000000001e-07	1.066120e-03	4.185985e-02	1.686254e-01
3.211000000000001e-07	1.383791e-03	4.216596e-02	1.695245e-01
3.213000000000002e-07	1.729411e-03	4.248285e-02	1.704496e-01
3.215000000000002e-07	2.109718e-03	4.280996e-02	1.713960e-01
3.217000000000002e-07	2.529705e-03	4.314474e-02	1.723590e-01
3.219000000000002e-07	2.992472e-03	4.348289e-02	1.733339e-01
3.221000000000002e-07	3.499191e-03	4.381881e-02	1.743163e-01
3.223000000000002e-07	4.049179e-03	4.414615e-02	1.753017e-01
3.225000000000002e-07	4.640056e-03	4.445830e-02	1.762835e-01
3.227000000000003e-07	5.267977e-03	4.474900e-02	1.772522e-01
3.229000000000003e-07	5.927903e-03	4.501269e-02	1.781963e-01
3.231000000000003e-07	6.613904e-03	4.524494e-02	1.791058e-01
3.233000000000003e-07	7.319480e-03	4.544269e-02	1.799770e-01
3.235000000000003e-07	8.037870e-03	4.560429e-02	1.808166e-01
3.237000000000003e-07	8.762344e-03	4.572964e-02	1.816424e-01
3.239000000000004e-07	9.486468e-03	4.582002e-02	1.824739e-01
3.241000000000004e-07	1.020433e-02	4.587797e-02	1.833160e-01
3.243000000000004e-07	1.091072e-02	4.590707e-02	1.841504e-01
3.245000000000004e-07	1.160128e-02	4.591170e-02	1.849426e-01
3.247000000000004e-07	1.227256e-02	4.589676e-02	1.856585e-01
3.249000000000004e-07	1.292210e-02	4.586742e-02	1.862786e-01
3.251000000000004e-07	1.354839e-02	4.582884e-02	1.868008e-01
3.253000000000005e-07	1.415086e-02	4.578599e-02	1.872380e-01
3.255000000000005e-07	1.472981e-02	4.574341e-02	1.876113e-01
3.257000000000005e-07	1.528630e-02	4.570511e-02	1.879451e-01
3.259000000000005e-07	1.582202e-02	4.567441e-02	1.882642e-01
3.261000000000005e-07	1.633921e-02	4.565392e-02	1.885928e-01
3.263000000000005e-07	1.684047e-02	4.564547e-02	1.889453e-01
3.265000000000005e-07	1.732865e-02	4.565017e-02	1.893149e-01
3.267000000000006e-07	1.780674e-02	4.566838e-02	1.896815e-01
3.269000000000006e-07	1.827770e-02	4.569983e-02	1.900354e-01
3.271000000000006e-07	1.874437e-02	4.574370e-02	1.903829e-01
3.273000000000006e-07	1.920941e-02	4.579864e-02	1.907219e-01
3.275000000000006e-07	1.967516e-02	4.586297e-02	1.910183e-01
3.277000000000006e-07	2.014361e-02	4.593471e-02	1.912159e-01
3.279000000000007e-07	2.061635e-02	4.601173e-02	1.912685e-01
3.281000000000007e-07	2.109456e-02	4.609182e-02	1.911612e-01
3.283000000000007e-07	2.157898e-02	4.617278e-02	1.909105e-01
3.285000000000007e-07	2.206990e-02	4.625250e-02	1.905517e-01
3.287000000000007e-07	2.256722e-02	4.632903e-02	1.901267e-01
3.289000000000007e-07	2.307045e-02	4.640063e-02	1.896759e-01
3.291000000000007e-07	2.357876e-02	4.646578e-02	1.892319e-01
3.293000000000008e-07	2.409101e-02	4.652326e-02	1.888177e-01
3.295000000000008e-07	2.460582e-02	4.657212e-02	1.884464e-01
3.297000000000008e-07	2.512163e-02	4.661170e-02	1.881228e-01
3.299000000000008e-07	2.563674e-02	4.664162e-02	1.878463e-01
3.301000000000008e-07	2.614935e-02	4.666176e-02	1.876125e-01
3.303000000000008e-07	2.665765e-02	4.667224e-02	1.874161e-01
3.305000000000008e-07	2.715984e-02	4.667341e-02	1.872518e-01
3.307000000000009e-07	2.765408e-02	4.666576e-02	1.871156e-01
3.309000000000009e-07	2.813840e-02	4.664996e-02	1.870047e-01
3.311000000000009e-07	2.861045e-02	4.662674e-02	1.869176e-01
3.313000000000009e-07	2.906775e-02	4.659692e-02	1.868532e-01
3.315000000000009e-07	2.950891e-02	4.656152e-02	1.868107e-01
3.317000000000009e-07	2.993588e-02	4.652188e-02	1.867887e-01
3.319000000000010e-07	3.035474e-02	4.647949e-02	1.867848e-01
3.321000000000010e-07	3.077299e-02	4.643552e-02	1.867954e-01
3.323000000000010e-07	3.119473e-02	4.639029e-02	1.868151e-01
3.325000000000010e-07	3.161709e-02	4.634297e-02	1.868375e-01
3.327000000000010e-07	3.202703e-02	4.629144e-02	1.868547e-01
3.329000000000010e-07	3.239946e-02	4.623302e-02	1.868584e-01
3.331000000000010e-07	3.270763e-02	4.616664e-02	1.868394e-01
3.333000000000011e-07	3.294681e-02	4.609521e-02	1.867891e-01
3.335000000000011e-07	3.314508e-02	4.602568e-02	1.866993e-01
3.337000000000011e-07	3.334181e-02	4.596615e-02	1.865626e-01
3.339000000000011e-07	3.355987e-02	4.592215e-02	1.863732e-01
3.341000000000011e-07	3.380419e-02	4.589460e-02	1.861270e-01
3.343000000000011e-07	3.407522e-02	4.587998e-02	1.858214e-01
3.345000000000011e-07	3.437304e-02	4.587165e-02	1.854558e-01
3.347000000000012e-07	3.469412e-02	4.586136e-02	1.850315e-01
3.349000000000012e-07	3.503031e-02	4.584054e-02	1.845513e-01
3.351000000000012e-07	3.536856e-02	4.580169e-02	1.840197e-01
3.353000000000012e-07	3.569334e-02	4.574071e-02	1.834423e-01
3.355000000000012e-07	3.599961e-02	4.566003e-02	1.828257e-01
3.357000000000012e-07	3.630570e-02	4.556879e-02	1.821772e-01
3.359000000000013e-07	3.663706e-02	4.547634e-02	1.815044e-01
3.361000000000013e-07	3.698216e-02	4.538341e-02	1.808149e-01
3.363000000000013e-07	3.728213e-02	4.528084e-02	1.801162e-01
3.365000000000013e-07	3.749146e-02	4.515879e-02	1.794151e-01
3.367000000000013e-07	3.763474e-02	4.501651e-02	1.787178e-01
3.369000000000013e-07	3.777481e-02	4.486300e-02	1.780296e-01
3.371000000000013e-07	3.794475e-02	4.471031e-02	1.773546e-01
3.377000000000014e-07	3.860275e-02	4.432664e-02	1.754351e-01
3.379000000000014e-07	3.886936e-02	4.422842e-02	1.748331e-01
3.381000000000014e-07	3.915261e-02	4.414202e-02	1.742487e-01
3.383000000000014e-07	3.944529e-02	4.406417e-02	1.736797e-01
3.385000000000014e-07	3.974047e-02	4.399150e-02	1.731228e-01
3.387000000000015e-07	4.003182e-02	4.392085e-02	1.725743e-01
3.389000000000015e-07	4.031467e-02	4.384945e-02	1.720298e-01
3.391000000000015e-07	4.058638e-02	4.377488e-02	1.714845e-01
3.393000000000015e-07	4.084646e-02	4.369519e-02	1.709332e-01
3.395000000000015e-07	4.109634e-02	4.360883e-02	1.703709e-01
3.397000000000015e-07	4.133897e-02	4.351471e-02	1.697922e-01
3.399000000000016e-07	4.157827e-02	4.341219e-02	1.691922e-01
3.401000000000016e-07	4.181852e-02	4.330117e-02	1.685663e-01
3.403000000000016e-07	4.206381e-02	4.318207e-02	1.679108e-01
3.405000000000016e-07	4.231750e-02	4.305586e-02	1.672226e-01
3.407000000000016e-07	4.258192e-02	4.292403e-02	1.664983e-01
3.409000000000016e-07	4.285812e-02	4.278849e-02	1.657322e-01
3.411000000000016e-07	4.314581e-02	4.265152e-02	1.649164e-01
3.413000000000017e-07	4.344337e-02	4.251561e-02	1.640423e-01
3.415000000000017e-07	4.374810e-02	4.238328e-02	1.631037e-01
3.417000000000017e-07	4.405642e-02	4.225697e-02	1.621009e-01
3.419000000000017e-07	4.436413e-02	4.213886e-02	1.610458e-01
3.421000000000017e-07	4.466680e-02	4.203072e-02	1.599624e-01
3.423000000000017e-07	4.496005e-02	4.193379e-02	1.588752e-01
3.425000000000018e-07	4.523979e-02	4.184867e-02	1.577929e-01
3.427000000000018e-07	4.550251e-02	4.177533e-02	1.567011e-01
3.429000000000018e-07	4.574543e-02	4.171302e-02	1.555702e-01
3.431000000000018e-07	4.596663e-02	4.166032e-02	1.543724e-01
3.435000000000018e-07	4.634067e-02	4.157522e-02	1.517248e-01
3.437000000000018e-07	4.649416e-02	4.153732e-02	1.502802e-01
3.439000000000019e-07	4.662707e-02	4.149832e-02	1.487721e-01
3.441000000000019e-07	4.674155e-02	4.145482e-02	1.472192e-01
3.443000000000019e-07	4.684025e-02	4.140345e-02	1.456444e-01
3.445000000000019e-07	4.692616e-02	4.134096e-02	1.440723e-01
3.447000000000019e-07	4.700245e-02	4.126434e-02	1.425188e-01
3.449000000000019e-07	4.707230e-02	4.117095e-02	1.409825e-01
3.451000000000019e-07	4.713878e-02	4.105863e-02	1.394530e-01
3.453000000000020e-07	4.720474e-02	4.092573e-02	1.379299e-01
3.455000000000020e-07	4.727267e-02	4.077118e-02	1.364269e-01
3.457000000000020e-07	4.734467e-02	4.059451e-02	1.349529e-01
3.459000000000020e-07	4.742234e-02	4.039589e-02	1.334980e-01
3.463000000000020e-07	4.759868e-02	3.993626e-02	1.305775e-01
3.465000000000021e-07	4.769809e-02	3.967836e-02	1.291140e-01
3.467000000000021e-07	4.780471e-02	3.940456e-02	1.276719e-01
3.469000000000021e-07	4.791779e-02	3.911748e-02	1.262688e-01
3.471000000000021e-07	4.803624e-02	3.881998e-02	1.249122e-01
3.473000000000021e-07	4.815865e-02	3.851515e-02	1.235981e-01
3.475000000000021e-07	4.828340e-02	3.820616e-02	1.223134e-01
3.477000000000021e-07	4.840872e-02	3.789620e-02	1.210387e-01
3.479000000000022e-07	4.853275e-02	3.758842e-02	1.197538e-01
3.481000000000022e-07	4.865360e-02	3.728581e-02	1.184408e-01
3.483000000000022e-07	4.876943e-02	3.699117e-02	1.170876e-01
3.485000000000022e-07	4.887849e-02	3.670704e-02	1.156894e-01
3.487000000000022e-07	4.897917e-02	3.643563e-02	1.142488e-01
3.489000000000022e-07	4.907003e-02	3.617887e-02	1.127746e-01
3.491000000000022e-07	4.914983e-02	3.593838e-02	1.112803e-01
3.493000000000023e-07	4.921754e-02	3.571554e-02	1.097820e-01
3.495000000000023e-07	4.927229e-02	3.551142e-02	1.082957e-01
3.497000000000023e-07	4.931334e-02	3.532639e-02	1.068362e-01
3.499000000000023e-07	4.934018e-02	3.515960e-02	1.054145e-01
3.501000000000023e-07	4.935276e-02	3.500858e-02	1.040376e-01
3.503000000000023e-07	4.935189e-02	3.486973e-02	1.027078e-01
3.505000000000024e-07	4.933945e-02	3.473978e-02	1.014222e-01
3.507000000000024e-07	4.931809e-02	3.461754e-02	1.001741e-01
3.509000000000024e-07	4.929027e-02	3.450515e-02	9.895299e-02
3.511000000000024e-07	4.925688e-02	3.440872e-02	9.774569e-02
3.513000000000024e-07	4.921572e-02	3.433625e-02	9.653764e-02
3.515000000000024e-07	4.916137e-02	3.429151e-02	9.531379e-02
3.517000000000024e-07	4.908739e-02	3.426827e-02	9.405957e-02
3.519000000000025e-07	4.898998e-02	3.425226e-02	9.276184e-02
3.521000000000025e-07	4.887058e-02	3.422982e-02	9.140942e-02
3.523000000000025e-07	4.873583e-02	3.419328e-02	8.999369e-02
3.525000000000025e-07	4.859547e-02	3.413887e-02	8.850877e-02
3.527000000000025e-07	4.845980e-02	3.406326e-02	8.695165e-02
3.529000000000025e-07	4.833787e-02	3.396387e-02	8.532209e-02
3.531000000000025e-07	4.823643e-02	3.384081e-02	8.362246e-02
3.533000000000026e-07	4.815913e-02	3.369746e-02	8.185732e-02
3.535000000000026e-07	4.810472e-02	3.353924e-02	8.003318e-02
3.537000000000026e-07	4.806425e-02	3.337023e-02	7.815792e-02
3.539000000000026e-07	4.802098e-02	3.318942e-02	7.624044e-02
3.541000000000026e-07	4.795756e-02	3.299240e-02	7.429022e-02
3.543000000000026e-07	4.786838e-02	3.278141e-02	7.231686e-02
3.545000000000027e-07	4.776565e-02	3.257347e-02	7.032979e-02
3.547000000000027e-07	4.767022e-02	3.239053e-02	6.833793e-02
3.549000000000027e-07	4.759491e-02	3.223826e-02	6.634945e-02
3.551000000000027e-07	4.753656e-02	3.210004e-02	6.437156e-02
3.553000000000027e-07	4.748195e-02	3.195403e-02	6.241046e-02
3.555000000000027e-07	4.741769e-02	3.178824e-02	6.047118e-02
3.557000000000027e-07	4.733483e-02	3.159767e-02	5.855766e-02
3.559000000000028e-07	4.722901e-02	3.137638e-02	5.667270e-02
3.561000000000028e-07	4.709984e-02	3.111841e-02	5.481805e-02
3.563000000000028e-07	4.695050e-02	3.082177e-02	5.299452e-02
3.565000000000028e-07	4.678689e-02	3.048881e-02	5.120208e-02
3.567000000000028e-07	4.661658e-02	3.012443e-02	4.944001e-02
3.569000000000028e-07	4.644773e-02	2.973496e-02	4.770696e-02
3.571000000000028e-07	4.628829e-02	2.932712e-02	4.600118e-02
3.573000000000029e-07	4.614529e-02	2.890708e-02	4.432058e-02
3.575000000000029e-07	4.602430e-02	2.847980e-02	4.266287e-02
3.577000000000029e-07	4.592918e-02	2.804876e-02	4.102568e-02
3.579000000000029e-07	4.586186e-02	2.761604e-02	3.940665e-02
3.581000000000029e-07	4.582241e-02	2.718256e-02	3.780351e-02
3.583000000000029e-07	4.580916e-02	2.674850e-02	3.621427e-02
3.585000000000030e-07	4.581895e-02	2.631374e-02	3.463738e-02
3.587000000000030e-07	4.584749e-02	2.587824e-02	3.307172e-02
3.589000000000030e-07	4.588964e-02	2.544240e-02	3.151591e-02
3.591000000000030e-07	4.593986e-02	2.500720e-02	2.996701e-02
3.593000000000030e-07	4.599254e-02	2.457429e-02	2.842036e-02
3.595000000000030e-07	4.604232e-02	2.414590e-02	2.687126e-02
3.597000000000030e-07	4.608437e-02	2.372473e-02	2.531739e-02
3.599000000000031e-07	4.611460e-02	2.331369e-02	2.376113e-02
3.601000000000031e-07	4.612980e-02	2.291569e-02	2.221234e-02
3.603000000000031e-07	4.612771e-02	2.253335e-02	2.068810e-02
3.605000000000031e-07	4.610705e-02	2.216881e-02	1.920381e-02
3.607000000000031e-07	4.606746e-02	2.182350e-02	1.775920e-02
3.609000000000031e-07	4.600937e-02	2.149807e-02	1.633300e-02
3.611000000000031e-07	4.593394e-02	2.119226e-02	1.489359e-02
3.613000000000032e-07	4.584283e-02	2.090495e-02	1.341665e-02
3.615000000000032e-07	4.573811e-02	2.063418e-02	1.189560e-02
3.617000000000032e-07	4.562202e-02	2.037728e-02	1.034052e-02
3.619000000000032e-07	4.549685e-02	2.013102e-02	8.770711e-03
3.621000000000032e-07	4.536482e-02	1.989174e-02	7.207149e-03
3.623000000000032e-07	4.522787e-02	1.965559e-02	5.667801e-03
3.625000000000033e-07	4.508768e-02	1.941868e-02	4.166654e-03
3.627000000000033e-07	4.494553e-02	1.917728e-02	2.712877e-03
3.629000000000033e-07	4.480229e-02	1.892797e-02	1.305221e-03
3.631000000000033e-07	4.465837e-02	1.866777e-02	-7.240479e-05
3.635000000000033e-07	4.436821e-02	1.810569e-02	-2.807183e-03
3.637000000000033e-07	4.422093e-02	1.780090e-02	-4.163700e-03
3.639000000000034e-07	4.407098e-02	1.747948e-02	-5.511587e-03
3.641000000000034e-07	4.391724e-02	1.714164e-02	-6.878446e-03
3.643000000000034e-07	4.375846e-02	1.678825e-02	-8.305057e-03
3.645000000000034e-07	4.359336e-02	1.642068e-02	-9.815676e-03
3.647000000000034e-07	4.342070e-02	1.604081e-02	-1.140286e-02
3.649000000000034e-07	4.323936e-02	1.565085e-02	-1.303566e-02
3.651000000000034e-07	4.304838e-02	1.525331e-02	-1.467707e-02
3.653000000000035e-07	4.284705e-02	1.485085e-02	-1.629676e-02
3.657000000000035e-07	4.241170e-02	1.404198e-02	-1.941202e-02
3.659000000000035e-07	4.217761e-02	1.364079e-02	-2.090918e-02
3.661000000000035e-07	4.193300e-02	1.324496e-02	-2.238237e-02
3.663000000000035e-07	4.167859e-02	1.285656e-02	-2.384951e-02
3.665000000000036e-07	4.141531e-02	1.247731e-02	-2.532875e-02
3.667000000000036e-07	4.114436e-02	1.210861e-02	-2.683580e-02
3.669000000000036e-07	4.086714e-02	1.175142e-02	-2.838239e-02
3.671000000000036e-07	4.058518e-02	1.140635e-02	-2.997566e-02
3.675000000000036e-07	4.001311e-02	1.075287e-02	-3.330897e-02
3.677000000000036e-07	3.972555e-02	1.044367e-02	-3.504356e-02
3.679000000000037e-07	3.943847e-02	1.014511e-02	-3.681568e-02
3.681000000000037e-07	3.915409e-02	9.856157e-03	-3.861768e-02
3.683000000000037e-07	3.887704e-02	9.575716e-03	-4.044123e-02
3.685000000000037e-07	3.861422e-02	9.302491e-03	-4.227782e-02
3.687000000000037e-07	3.837178e-02	9.034619e-03	-4.411903e-02
3.689000000000037e-07	3.815109e-02	8.769407e-03	-4.595667e-02
3.691000000000037e-07	3.794621e-02	8.503376e-03	-4.778284e-02
3.693000000000038e-07	3.774305e-02	8.232621e-03	-4.958989e-02
3.695000000000038e-07	3.752166e-02	7.953832e-03	-5.137045e-02
3.697000000000038e-07	3.726727e-02	7.666003e-03	-5.311742e-02
3.699000000000038e-07	3.698726e-02	7.371637e-03	-5.482400e-02
3.701000000000038e-07	3.671415e-02	7.075619e-03	-5.648380e-02
3.703000000000038e-07	3.648326e-02	6.781959e-03	-5.809096e-02
3.705000000000039e-07	3.630840e-02	6.490782e-03	-5.964029e-02
3.707000000000039e-07	3.618239e-02	6.197720e-03	-6.112750e-02
3.709000000000039e-07	3.609297e-02	5.895506e-03	-6.254935e-02
3.711000000000039e-07	3.602961e-02	5.576244e-03	-6.390382e-02
3.713000000000039e-07	3.598061e-02	5.233172e-03	-6.519021e-02
3.715000000000039e-07	3.593163e-02	4.861726e-03	-6.640928e-02
3.717000000000039e-07	3.586722e-02	4.460323e-03	-6.756326e-02
3.719000000000040e-07	3.577496e-02	4.031525e-03	-6.865581e-02
3.721000000000040e-07	3.565497e-02	3.583044e-03	-6.969196e-02
3.723000000000040e-07	3.552506e-02	3.126049e-03	-7.067798e-02
3.725000000000040e-07	3.540279e-02	2.669113e-03	-7.162119e-02
3.727000000000040e-07	3.527330e-02	2.212019e-03	-7.252973e-02
3.729000000000040e-07	3.509038e-02	1.746789e-03	-7.341236e-02
3.731000000000040e-07	3.482924e-02	1.266433e-03	-7.427812e-02
3.733000000000041e-07	3.452679e-02	7.724727e-04	-7.513616e-02
3.735000000000041e-07	3.424712e-02	2.737986e-04	-7.599541e-02
3.737000000000041e-07	3.401890e-02	-2.202010e-04	-7.686434e-02
3.739000000000041e-07	3.382889e-02	-7.043567e-04	-7.775076e-02
3.741000000000041e-07	3.365915e-02	-1.177439e-03	-7.866166e-02
3.743000000000041e-07	3.350198e-02	-1.639831e-03	-7.960295e-02
3.745000000000042e-07	3.334874e-02	-2.092096e-03	-8.057944e-02
3.747000000000042e-07	3.318624e-02	-2.534698e-03	-8.159474e-02
3.749000000000042e-07	3.300279e-02	-2.968161e-03	-8.265118e-02
3.751000000000042e-07	3.279037e-02	-3.393312e-03	-8.374985e-02
3.755000000000042e-07	3.226247e-02	-4.224772e-03	-8.607219e-02
3.757000000000042e-07	3.194720e-02	-4.635632e-03	-8.729224e-02
3.759000000000043e-07	3.160250e-02	-5.046901e-03	-8.854746e-02
3.761000000000043e-07	3.123419e-02	-5.461260e-03	-8.983373e-02
3.763000000000043e-07	3.084879e-02	-5.880845e-03	-9.114625e-02
3.765000000000043e-07	3.045270e-02	-6.306884e-03	-9.247961e-02
3.767000000000043e-07	3.005156e-02	-6.739441e-03	-9.382778e-02
3.769000000000043e-07	2.964978e-02	-7.177306e-03	-9.518424e-02
3.775000000000044e-07	2.846351e-02	-8.493381e-03	-9.924716e-02
3.779000000000044e-07	2.768991e-02	-9.330571e-03	-1.019258e-01
3.781000000000044e-07	2.730452e-02	-9.723535e-03	-1.032470e-01
3.783000000000044e-07	2.691779e-02	-1.009433e-02	-1.045414e-01
3.785000000000045e-07	2.652828e-02	-1.044027e-02	-1.057900e-01
3.789000000000045e-07	2.573760e-02	-1.105240e-02	-1.080919e-01
3.791000000000045e-07	2.533628e-02	-1.131900e-02	-1.091547e-01
3.793000000000045e-07	2.493189e-02	-1.156145e-02	-1.101912e-01
3.797000000000045e-07	2.411954e-02	-1.198611e-02	-1.122645e-01
3.799000000000046e-07	2.371520e-02	-1.217607e-02	-1.132975e-01
3.801000000000046e-07	2.331472e-02	-1.235696e-02	-1.143038e-01
3.803000000000046e-07	2.291996e-02	-1.253326e-02	-1.152641e-01
3.807000000000046e-07	2.215383e-02	-1.288920e-02	-1.170070e-01
3.809000000000046e-07	2.178461e-02	-1.307634e-02	-1.177874e-01
3.811000000000047e-07	2.142531e-02	-1.327365e-02	-1.185179e-01
3.813000000000047e-07	2.107581e-02	-1.348332e-02	-1.192219e-01
3.815000000000047e-07	2.073556e-02	-1.370684e-02	-1.199308e-01
3.817000000000047e-07	2.040357e-02	-1.394497e-02	-1.206639e-01
3.819000000000047e-07	2.007848e-02	-1.419778e-02	-1.214163e-01
3.821000000000047e-07	1.975867e-02	-1.446474e-02	-1.221728e-01
3.823000000000047e-07	1.944234e-02	-1.474475e-02	-1.229324e-01
3.825000000000048e-07	1.912760e-02	-1.503630e-02	-1.237101e-01
3.827000000000048e-07	1.881256e-02	-1.533753e-02	-1.245155e-01
3.829000000000048e-07	1.849543e-02	-1.564636e-02	-1.253333e-01
3.831000000000048e-07	1.817459e-02	-1.596058e-02	-1.261254e-01
3.833000000000048e-07	1.784864e-02	-1.627794e-02	-1.268505e-01
3.837000000000048e-07	1.717727e-02	-1.691352e-02	-1.280093e-01
3.839000000000049e-07	1.683057e-02	-1.722783e-02	-1.284456e-01
3.841000000000049e-07	1.647622e-02	-1.753760e-02	-1.288122e-01
3.843000000000049e-07	1.611439e-02	-1.784146e-02	-1.291370e-01
3.845000000000049e-07	1.574552e-02	-1.813835e-02	-1.294480e-01
3.847000000000049e-07	1.537034e-02	-1.842748e-02	-1.297694e-01
3.849000000000049e-07	1.498975e-02	-1.870834e-02	-1.301189e-01
3.851000000000050e-07	1.460484e-02	-1.898066e-02	-1.305081e-01
3.855000000000050e-07	1.382692e-02	-1.949971e-02	-1.314230e-01
3.857000000000050e-07	1.343641e-02	-1.974675e-02	-1.319481e-01
3.859000000000050e-07	1.304646e-02	-1.998578e-02	-1.325146e-01
3.863000000000050e-07	1.227229e-02	-2.044154e-02	-1.337587e-01
3.867000000000051e-07	1.151119e-02	-2.087603e-02	-1.351331e-01
3.871000000000051e-07	1.077243e-02	-2.130580e-02	-1.366195e-01
3.873000000000051e-07	1.041550e-02	-2.151953e-02	-1.373972e-01
3.875000000000051e-07	1.006787e-02	-2.172738e-02	-1.381920e-01
3.877000000000051e-07	9.727709e-03	-2.192259e-02	-1.389975e-01
3.879000000000052e-07	9.390182e-03	-2.209908e-02	-1.398058e-01
3.881000000000052e-07	9.048344e-03	-2.225622e-02	-1.406081e-01
3.883000000000052e-07	8.696131e-03	-2.240177e-02	-1.413943e-01
3.885000000000052e-07	8.331854e-03	-2.254820e-02	-1.421542e-01
3.887000000000052e-07	7.959609e-03	-2.270465e-02	-1.428775e-01
3.889000000000052e-07	7.587552e-03	-2.287265e-02	-1.435546e-01
3.891000000000053e-07	7.224443e-03	-2.304897e-02	-1.441770e-01
3.893000000000053e-07	6.876697e-03	-2.322989e-02	-1.447378e-01
3.895000000000053e-07	6.546998e-03	-2.341161e-02	-1.452320e-01
3.897000000000053e-07	6.234180e-03	-2.358885e-02	-1.456568e-01
3.899000000000053e-07	5.933392e-03	-2.375484e-02	-1.460116e-01
3.901000000000053e-07	5.635605e-03	-2.390330e-02	-1.462981e-01
3.903000000000053e-07	5.326972e-03	-2.403137e-02	-1.465199e-01
3.905000000000054e-07	4.991045e-03	-2.414149e-02	-1.466826e-01
3.907000000000054e-07	4.616311e-03	-2.423838e-02	-1.467934e-01
3.909000000000054e-07	4.205187e-03	-2.432057e-02	-1.468606e-01
3.911000000000054e-07	3.774821e-03	-2.437612e-02	-1.468931e-01
3.913000000000054e-07	3.345447e-03	-2.439269e-02	-1.469005e-01
3.915000000000054e-07	2.925685e-03	-2.437419e-02	-1.468922e-01
3.917000000000054e-07	2.508676e-03	-2.434235e-02	-1.468771e-01
3.919000000000055e-07	2.080837e-03	-2.431943e-02	-1.468636e-01
3.921000000000055e-07	1.632237e-03	-2.431390e-02	-1.468590e-01
3.923000000000055e-07	1.159977e-03	-2.432411e-02	-1.468693e-01
3.925000000000055e-07	6.663459e-04	-2.434759e-02	-1.468994e-01
3.927000000000055e-07	1.567737e-04	-2.438225e-02	-1.469525e-01
3.929000000000055e-07	-3.611983e-04	-2.442317e-02	-1.470304e-01
3.931000000000056e-07	-8.789382e-04	-2.446277e-02	-1.471336e-01
3.933000000000056e-07	-1.387914e-03	-2.449358e-02	-1.472610e-01
3.935000000000056e-07	-1.880675e-03	-2.450988e-02	-1.474105e-01
3.937000000000056e-07	-2.351537e-03	-2.450828e-02	-1.475787e-01
3.939000000000056e-07	-2.797014e-03	-2.448806e-02	-1.477613e-01
3.941000000000056e-07	-3.215992e-03	-2.445106e-02	-1.479535e-01
3.943000000000056e-07	-3.609652e-03	-2.440111e-02	-1.481495e-01
3.945000000000057e-07	-3.981169e-03	-2.434336e-02	-1.483437e-01
3.947000000000057e-07	-4.335262e-03	-2.428348e-02	-1.485300e-01
3.949000000000057e-07	-4.677634e-03	-2.422697e-02	-1.487024e-01
3.951000000000057e-07	-5.014369e-03	-2.417868e-02	-1.488547e-01
3.953000000000057e-07	-5.351354e-03	-2.414238e-02	-1.489813e-01
3.955000000000057e-07	-5.693776e-03	-2.412068e-02	-1.490775e-01
3.957000000000057e-07	-6.045711e-03	-2.411500e-02	-1.491409e-01
3.959000000000058e-07	-6.409866e-03	-2.412572e-02	-1.491705e-01
3.961000000000058e-07	-6.787444e-03	-2.415234e-02	-1.491658e-01
3.963000000000058e-07	-7.178152e-03	-2.419379e-02	-1.491242e-01
3.965000000000058e-07	-7.580329e-03	-2.424862e-02	-1.490397e-01
3.967000000000058e-07	-7.991166e-03	-2.431519e-02	-1.489021e-01
3.969000000000058e-07	-8.406999e-03	-2.439186e-02	-1.486986e-01
3.971000000000059e-07	-8.823635e-03	-2.447706e-02	-1.484226e-01
3.973000000000059e-07	-9.236696e-03	-2.456935e-02	-1.480826e-01
3.975000000000059e-07	-9.641933e-03	-2.466738e-02	-1.477036e-01
3.977000000000059e-07	-1.003552e-02	-2.476991e-02	-1.473138e-01
3.979000000000059e-07	-1.041427e-02	-2.487569e-02	-1.469298e-01
3.981000000000059e-07	-1.077584e-02	-2.498344e-02	-1.465501e-01
3.983000000000059e-07	-1.111880e-02	-2.509172e-02	-1.461604e-01
3.985000000000060e-07	-1.144266e-02	-2.519899e-02	-1.457432e-01
3.987000000000060e-07	-1.174791e-02	-2.530348e-02	-1.452852e-01
3.989000000000060e-07	-1.203587e-02	-2.540322e-02	-1.447793e-01
3.991000000000060e-07	-1.230861e-02	-2.549610e-02	-1.442238e-01
3.993000000000060e-07	-1.256880e-02	-2.557986e-02	-1.436214e-01
3.995000000000060e-07	-1.281951e-02	-2.565221e-02	-1.429814e-01
3.997000000000060e-07	-1.306407e-02	-2.571086e-02	-1.423221e-01
3.999000000000061e-07	-1.330587e-02	-2.575364e-02	-1.416626e-01
4.001000000000061e-07	-1.354817e-02	-2.577861e-02	-1.410103e-01
4.003000000000061e-07	-1.379403e-02	-2.578408e-02	-1.403600e-01
4.005000000000061e-07	-1.404610e-02	-2.576878e-02	-1.397117e-01
4.007000000000061e-07	-1.430658e-02	-2.573182e-02	-1.390807e-01
4.009000000000061e-07	-1.457714e-02	-2.567285e-02	-1.384870e-01
4.011000000000062e-07	-1.485887e-02	-2.559198e-02	-1.379338e-01
4.013000000000062e-07	-1.515227e-02	-2.548986e-02	-1.374031e-01
4.015000000000062e-07	-1.545729e-02	-2.536763e-02	-1.368695e-01
4.017000000000062e-07	-1.577334e-02	-2.522691e-02	-1.363169e-01
4.019000000000062e-07	-1.609938e-02	-2.506974e-02	-1.357452e-01
4.021000000000062e-07	-1.643393e-02	-2.489849e-02	-1.351657e-01
4.023000000000062e-07	-1.677521e-02	-2.471584e-02	-1.345952e-01
4.025000000000063e-07	-1.712118e-02	-2.452465e-02	-1.340488e-01
4.027000000000063e-07	-1.746967e-02	-2.432790e-02	-1.335355e-01
4.029000000000063e-07	-1.781840e-02	-2.412858e-02	-1.330565e-01
4.031000000000063e-07	-1.816514e-02	-2.392962e-02	-1.326052e-01
4.033000000000063e-07	-1.850771e-02	-2.373383e-02	-1.321692e-01
4.035000000000063e-07	-1.884408e-02	-2.354378e-02	-1.317335e-01
4.037000000000063e-07	-1.917246e-02	-2.336178e-02	-1.312833e-01
4.039000000000064e-07	-1.949134e-02	-2.318980e-02	-1.308066e-01
4.041000000000064e-07	-1.979967e-02	-2.302946e-02	-1.302958e-01
4.043000000000064e-07	-2.009679e-02	-2.288198e-02	-1.297485e-01
4.045000000000064e-07	-2.038211e-02	-2.274811e-02	-1.291673e-01
4.047000000000064e-07	-2.065419e-02	-2.262807e-02	-1.285585e-01
4.049000000000064e-07	-2.090999e-02	-2.252154e-02	-1.279313e-01
4.051000000000065e-07	-2.114561e-02	-2.242803e-02	-1.272957e-01
4.053000000000065e-07	-2.135906e-02	-2.234727e-02	-1.266611e-01
4.055000000000065e-07	-2.155336e-02	-2.227938e-02	-1.260352e-01
4.057000000000065e-07	-2.173767e-02	-2.222458e-02	-1.254228e-01
4.059000000000065e-07	-2.192600e-02	-2.218236e-02	-1.248254e-01
4.061000000000065e-07	-2.213282e-02	-2.215027e-02	-1.242410e-01
4.063000000000065e-07	-2.236321e-02	-2.212291e-02	-1.236644e-01
4.065000000000066e-07	-2.260216e-02	-2.209277e-02	-1.230875e-01
4.067000000000066e-07	-2.281775e-02	-2.205311e-02	-1.225005e-01
4.069000000000066e-07	-2.298280e-02	-2.200140e-02	-1.218921e-01
4.071000000000066e-07	-2.309446e-02	-2.194046e-02	-1.212510e-01
4.073000000000066e-07	-2.317019e-02	-2.187664e-02	-1.205661e-01
4.075000000000066e-07	-2.322999e-02	-2.181626e-02	-1.198279e-01
4.077000000000066e-07	-2.328785e-02	-2.176282e-02	-1.190283e-01
4.079000000000067e-07	-2.335482e-02	-2.171593e-02	-1.181615e-01
4.081000000000067e-07	-2.344166e-02	-2.167168e-02	-1.172244e-01
4.083000000000067e-07	-2.355690e-02	-2.162342e-02	-1.162159e-01
4.085000000000067e-07	-2.370268e-02	-2.156211e-02	-1.151375e-01
4.087000000000067e-07	-2.386918e-02	-2.147691e-02	-1.139929e-01
4.089000000000067e-07	-2.403526e-02	-2.135880e-02	-1.127874e-01
4.091000000000068e-07	-2.418608e-02	-2.120652e-02	-1.115280e-01
4.093000000000068e-07	-2.433503e-02	-2.102917e-02	-1.102227e-01
4.095000000000068e-07	-2.451518e-02	-2.084068e-02	-1.088800e-01
4.097000000000068e-07	-2.473459e-02	-2.065014e-02	-1.075088e-01
4.099000000000068e-07	-2.495035e-02	-2.045740e-02	-1.061179e-01
4.101000000000068e-07	-2.510515e-02	-2.025749e-02	-1.047156e-01
4.103000000000068e-07	-2.518231e-02	-2.004782e-02	-1.033095e-01
4.105000000000069e-07	-2.520827e-02	-1.983081e-02	-1.019065e-01
4.107000000000069e-07	-2.521341e-02	-1.961130e-02	-1.005123e-01
4.109000000000069e-07	-2.521262e-02	-1.939308e-02	-9.913168e-02
4.111000000000069e-07	-2.521578e-02	-1.917747e-02	-9.776819e-02
4.113000000000069e-07	-2.523451e-02	-1.896392e-02	-9.642445e-02
4.115000000000069e-07	-2.527693e-02	-1.875098e-02	-9.510201e-02
4.117000000000069e-07	-2.534476e-02	-1.853707e-02	-9.380157e-02
4.119000000000070e-07	-2.543525e-02	-1.832100e-02	-9.252299e-02
4.121000000000070e-07	-2.554265e-02	-1.810214e-02	-9.126554e-02
4.123000000000070e-07	-2.565916e-02	-1.788044e-02	-9.002795e-02
4.125000000000070e-07	-2.577637e-02	-1.765609e-02	-8.880854e-02
4.127000000000070e-07	-2.588656e-02	-1.742939e-02	-8.760539e-02
4.129000000000070e-07	-2.598363e-02	-1.720044e-02	-8.641641e-02
4.131000000000071e-07	-2.606364e-02	-1.696913e-02	-8.523936e-02
4.133000000000071e-07	-2.612498e-02	-1.673513e-02	-8.407189e-02
4.135000000000071e-07	-2.616827e-02	-1.649803e-02	-8.291162e-02
4.137000000000071e-07	-2.619598e-02	-1.625755e-02	-8.175670e-02
4.139000000000071e-07	-2.621186e-02	-1.601375e-02	-8.060674e-02
4.141000000000071e-07	-2.622047e-02	-1.576717e-02	-7.946303e-02
4.143000000000071e-07	-2.622649e-02	-1.551901e-02	-7.832724e-02
4.145000000000072e-07	-2.623434e-02	-1.527107e-02	-7.719921e-02
4.147000000000072e-07	-2.624778e-02	-1.502577e-02	-7.607513e-02
4.149000000000072e-07	-2.626965e-02	-1.478595e-02	-7.494621e-02
4.151000000000072e-07	-2.630178e-02	-1.455469e-02	-7.379951e-02
4.153000000000072e-07	-2.634496e-02	-1.433506e-02	-7.262454e-02
4.155000000000072e-07	-2.639905e-02	-1.412985e-02	-7.142354e-02
4.157000000000072e-07	-2.646312e-02	-1.394136e-02	-7.021562e-02
4.159000000000073e-07	-2.653564e-02	-1.377114e-02	-6.902733e-02
4.161000000000073e-07	-2.661468e-02	-1.361989e-02	-6.787600e-02
4.163000000000073e-07	-2.669808e-02	-1.348733e-02	-6.675941e-02
4.165000000000073e-07	-2.678368e-02	-1.337222e-02	-6.565906e-02
4.167000000000073e-07	-2.686936e-02	-1.327234e-02	-6.455159e-02
4.169000000000073e-07	-2.695323e-02	-1.318467e-02	-6.341912e-02
4.171000000000074e-07	-2.703363e-02	-1.310551e-02	-6.225307e-02
4.173000000000074e-07	-2.710920e-02	-1.303064e-02	-6.105225e-02
4.175000000000074e-07	-2.717883e-02	-1.295560e-02	-5.981982e-02
4.177000000000074e-07	-2.724166e-02	-1.287586e-02	-5.856439e-02
4.179000000000074e-07	-2.729704e-02	-1.278706e-02	-5.730224e-02
4.181000000000074e-07	-2.734447e-02	-1.268521e-02	-5.605094e-02
4.183000000000074e-07	-2.738356e-02	-1.256681e-02	-5.481441e-02
4.185000000000075e-07	-2.741398e-02	-1.242908e-02	-5.357787e-02
4.187000000000075e-07	-2.743540e-02	-1.226995e-02	-5.232409e-02
4.189000000000075e-07	-2.744751e-02	-1.208821e-02	-5.105314e-02
4.191000000000075e-07	-2.744998e-02	-1.188347e-02	-4.978054e-02
4.193000000000075e-07	-2.744246e-02	-1.165613e-02	-4.851554e-02
4.195000000000075e-07	-2.742457e-02	-1.140736e-02	-4.724518e-02
4.197000000000075e-07	-2.739599e-02	-1.113902e-02	-4.594062e-02
4.201000000000076e-07	-2.730553e-02	-1.055369e-02	-4.314395e-02
4.203000000000076e-07	-2.724325e-02	-1.024270e-02	-4.165285e-02
4.205000000000076e-07	-2.716954e-02	-9.923900e-03	-4.012284e-02
4.207000000000076e-07	-2.708453e-02	-9.600669e-03	-3.857609e-02
4.209000000000076e-07	-2.698852e-02	-9.276319e-03	-3.703121e-02
4.211000000000077e-07	-2.688200e-02	-8.953969e-03	-3.549989e-02
4.213000000000077e-07	-2.676565e-02	-8.636454e-03	-3.398588e-02
4.215000000000077e-07	-2.664034e-02	-8.326245e-03	-3.248591e-02
4.217000000000077e-07	-2.650710e-02	-8.025386e-03	-3.099182e-02
4.219000000000077e-07	-2.636716e-02	-7.735444e-03	-2.949306e-02
4.221000000000077e-07	-2.622183e-02	-7.457468e-03	-2.797895e-02
4.223000000000077e-07	-2.607257e-02	-7.191968e-03	-2.644047e-02
4.225000000000078e-07	-2.592093e-02	-6.938936e-03	-2.487130e-02
4.227000000000078e-07	-2.576851e-02	-6.697994e-03	-2.326827e-02
4.229000000000078e-07	-2.561695e-02	-6.468675e-03	-2.163116e-02
4.233000000000078e-07	-2.532175e-02	-6.043962e-03	-1.826590e-02
4.237000000000079e-07	-2.504087e-02	-5.659903e-03	-1.481253e-02
4.239000000000079e-07	-2.490607e-02	-5.475727e-03	-1.306773e-02
4.241000000000079e-07	-2.477641e-02	-5.288652e-03	-1.131895e-02
4.243000000000079e-07	-2.465506e-02	-5.091674e-03	-9.572043e-03
4.245000000000079e-07	-2.454689e-02	-4.880291e-03	-7.832608e-03
4.247000000000079e-07	-2.445668e-02	-4.655840e-03	-6.106078e-03
4.249000000000079e-07	-2.438612e-02	-4.426214e-03	-4.397800e-03
4.251000000000080e-07	-2.433148e-02	-4.201192e-03	-2.713098e-03
4.253000000000080e-07	-2.428402e-02	-3.985246e-03	-1.057299e-03
4.255000000000080e-07	-2.423340e-02	-3.774849e-03	5.643127e-04
4.257000000000080e-07	-2.417170e-02	-3.562382e-03	2.146603e-03
4.259000000000080e-07	-2.409573e-02	-3.341015e-03	3.684752e-03
4.261000000000080e-07	-2.400696e-02	-3.105646e-03	5.174463e-03
4.263000000000080e-07	-2.391013e-02	-2.851592e-03	6.612197e-03
4.265000000000081e-07	-2.381200e-02	-2.574619e-03	7.995402e-03
4.267000000000081e-07	-2.372086e-02	-2.272789e-03	9.322721e-03
4.269000000000081e-07	-2.364609e-02	-1.948452e-03	1.059416e-02
4.271000000000081e-07	-2.359521e-02	-1.608170e-03	1.181120e-02
4.273000000000081e-07	-2.356796e-02	-1.258489e-03	1.297685e-02
4.275000000000081e-07	-2.355168e-02	-8.993137e-04	1.409557e-02
4.277000000000082e-07	-2.352498e-02	-5.229219e-04	1.517324e-02
4.279000000000082e-07	-2.347007e-02	-1.242748e-04	1.621694e-02
4.281000000000082e-07	-2.338390e-02	2.865718e-04	1.723477e-02
4.283000000000082e-07	-2.327762e-02	6.869504e-04	1.823553e-02
4.285000000000082e-07	-2.316589e-02	1.059120e-03	1.922846e-02
4.287000000000082e-07	-2.305719e-02	1.402493e-03	2.022295e-02
4.289000000000082e-07	-2.295223e-02	1.728153e-03	2.122819e-02
4.291000000000083e-07	-2.284743e-02	2.047233e-03	2.225287e-02
4.293000000000083e-07	-2.273767e-02	2.367477e-03	2.330495e-02
4.295000000000083e-07	-2.261720e-02	2.695625e-03	2.439142e-02
4.297000000000083e-07	-2.248023e-02	3.037374e-03	2.551806e-02
4.299000000000083e-07	-2.232181e-02	3.394995e-03	2.668937e-02
4.303000000000083e-07	-2.192948e-02	4.146737e-03	2.917683e-02
4.305000000000084e-07	-2.169518e-02	4.528630e-03	3.049482e-02
4.307000000000084e-07	-2.143867e-02	4.904658e-03	3.186122e-02
4.309000000000084e-07	-2.116450e-02	5.268086e-03	3.327358e-02
4.311000000000084e-07	-2.087831e-02	5.613989e-03	3.472830e-02
4.313000000000084e-07	-2.058620e-02	5.939781e-03	3.622083e-02
4.315000000000084e-07	-2.029404e-02	6.245313e-03	3.774591e-02
4.317000000000085e-07	-2.000699e-02	6.532589e-03	3.929776e-02
4.319000000000085e-07	-1.972902e-02	6.805225e-03	4.087000e-02
4.321000000000085e-07	-1.946271e-02	7.067761e-03	4.245520e-02
4.323000000000085e-07	-1.920918e-02	7.324972e-03	4.404477e-02
4.325000000000085e-07	-1.896816e-02	7.581240e-03	4.563008e-02
4.327000000000085e-07	-1.873825e-02	7.840092e-03	4.720461e-02
4.329000000000085e-07	-1.851724e-02	8.103902e-03	4.876575e-02
4.331000000000086e-07	-1.830245e-02	8.373780e-03	5.031476e-02
4.333000000000086e-07	-1.809110e-02	8.649639e-03	5.185470e-02
4.335000000000086e-07	-1.788065e-02	8.930369e-03	5.338533e-02
4.337000000000086e-07	-1.766904e-02	9.214120e-03	5.489712e-02
4.339000000000086e-07	-1.745488e-02	9.498619e-03	5.637056e-02
4.343000000000086e-07	-1.701721e-02	1.006057e-02	5.913163e-02
4.345000000000087e-07	-1.679469e-02	1.033411e-02	6.042127e-02
4.347000000000087e-07	-1.657142e-02	1.060097e-02	6.167715e-02
4.349000000000087e-07	-1.634922e-02	1.086072e-02	6.292186e-02
4.351000000000087e-07	-1.613010e-02	1.111364e-02	6.416644e-02
4.353000000000087e-07	-1.591610e-02	1.136070e-02	6.540813e-02
4.355000000000087e-07	-1.570905e-02	1.160343e-02	6.663541e-02
4.357000000000088e-07	-1.551044e-02	1.184383e-02	6.783552e-02
4.359000000000088e-07	-1.532129e-02	1.208416e-02	6.899787e-02
4.363000000000088e-07	-1.497256e-02	1.257413e-02	7.117736e-02
4.365000000000088e-07	-1.481208e-02	1.282828e-02	7.220090e-02
4.367000000000088e-07	-1.465930e-02	1.309112e-02	7.321259e-02
4.369000000000088e-07	-1.451242e-02	1.336412e-02	7.424182e-02
4.371000000000089e-07	-1.436926e-02	1.364830e-02	7.529712e-02
4.373000000000089e-07	-1.422737e-02	1.394418e-02	7.636686e-02
4.375000000000089e-07	-1.408415e-02	1.425184e-02	7.744255e-02
4.377000000000089e-07	-1.393699e-02	1.457090e-02	7.853699e-02
4.379000000000089e-07	-1.378338e-02	1.490057e-02	7.967742e-02
4.381000000000089e-07	-1.362104e-02	1.523977e-02	8.088285e-02
4.383000000000089e-07	-1.344799e-02	1.558714e-02	8.214808e-02
4.385000000000090e-07	-1.326262e-02	1.594116e-02	8.344459e-02
4.387000000000090e-07	-1.306379e-02	1.630022e-02	8.473270e-02
4.389000000000090e-07	-1.285080e-02	1.666270e-02	8.597422e-02
4.391000000000090e-07	-1.262342e-02	1.702701e-02	8.714102e-02
4.393000000000090e-07	-1.238189e-02	1.739171e-02	8.821882e-02
4.395000000000090e-07	-1.212685e-02	1.775547e-02	8.920722e-02
4.397000000000091e-07	-1.185934e-02	1.811717e-02	9.011714e-02
4.399000000000091e-07	-1.158071e-02	1.847588e-02	9.096678e-02
4.401000000000091e-07	-1.129256e-02	1.883089e-02	9.177761e-02
4.403000000000091e-07	-1.099670e-02	1.918167e-02	9.257088e-02
4.405000000000091e-07	-1.069510e-02	1.952791e-02	9.336538e-02
4.407000000000091e-07	-1.038987e-02	1.986943e-02	9.417610e-02
4.409000000000091e-07	-1.008310e-02	2.020624e-02	9.501399e-02
4.413000000000092e-07	-9.470236e-03	2.086649e-02	9.679713e-02
4.417000000000092e-07	-8.855368e-03	2.151090e-02	9.874061e-02
4.419000000000092e-07	-8.545951e-03	2.182703e-02	9.977271e-02
4.421000000000092e-07	-8.240167e-03	2.213823e-02	1.008430e-01
4.423000000000092e-07	-7.946760e-03	2.244383e-02	1.019490e-01
4.427000000000093e-07	-7.434327e-03	2.303942e-02	1.042521e-01
4.429000000000093e-07	-7.217496e-03	2.333405e-02	1.054387e-01
4.431000000000093e-07	-7.004849e-03	2.363159e-02	1.066393e-01
4.433000000000093e-07	-6.766931e-03	2.393396e-02	1.078453e-01
4.435000000000093e-07	-6.485174e-03	2.423861e-02	1.090472e-01
4.437000000000094e-07	-6.165754e-03	2.453878e-02	1.102346e-01
4.439000000000094e-07	-5.831854e-03	2.482648e-02	1.113970e-01
4.441000000000094e-07	-5.504800e-03	2.509603e-02	1.125239e-01
4.443000000000094e-07	-5.195399e-03	2.534609e-02	1.136057e-01
4.445000000000094e-07	-4.908076e-03	2.557933e-02	1.146339e-01
4.447000000000094e-07	-4.645185e-03	2.580101e-02	1.156018e-01
4.449000000000094e-07	-4.405897e-03	2.601752e-02	1.165047e-01
4.451000000000095e-07	-4.182856e-03	2.623567e-02	1.173401e-01
4.453000000000095e-07	-3.959994e-03	2.646166e-02	1.181080e-01
4.455000000000095e-07	-3.716945e-03	2.669812e-02	1.188107e-01
4.457000000000095e-07	-3.444315e-03	2.694055e-02	1.194526e-01
4.459000000000095e-07	-3.156937e-03	2.717768e-02	1.200402e-01
4.461000000000095e-07	-2.880467e-03	2.739798e-02	1.205814e-01
4.463000000000095e-07	-2.614818e-03	2.759767e-02	1.210857e-01
4.465000000000096e-07	-2.320094e-03	2.778225e-02	1.215629e-01
4.467000000000096e-07	-1.953523e-03	2.796043e-02	1.220234e-01
4.469000000000096e-07	-1.515324e-03	2.813706e-02	1.224774e-01
4.471000000000096e-07	-1.045106e-03	2.831155e-02	1.229345e-01
4.473000000000096e-07	-5.810150e-04	2.848123e-02	1.234033e-01
4.475000000000096e-07	-1.386449e-04	2.864485e-02	1.238913e-01
4.477000000000097e-07	2.778510e-04	2.880322e-02	1.244046e-01
4.479000000000097e-07	6.649549e-04	2.895812e-02	1.249476e-01
4.481000000000097e-07	1.022608e-03	2.911107e-02	1.255231e-01
4.483000000000097e-07	1.356950e-03	2.926289e-02	1.261321e-01
4.485000000000097e-07	1.677268e-03	2.941380e-02	1.267740e-01
4.487000000000097e-07	1.992934e-03	2.956366e-02	1.274468e-01
4.489000000000097e-07	2.312168e-03	2.971241e-02	1.281471e-01
4.491000000000098e-07	2.641034e-03	2.986045e-02	1.288704e-01
4.493000000000098e-07	2.982719e-03	3.000883e-02	1.296111e-01
4.495000000000098e-07	3.337502e-03	3.015924e-02	1.303631e-01
4.497000000000098e-07	3.703191e-03	3.031389e-02	1.311201e-01
4.499000000000098e-07	4.075800e-03	3.047518e-02	1.318753e-01
4.501000000000098e-07	4.450359e-03	3.064541e-02	1.326225e-01
4.503000000000098e-07	4.821710e-03	3.082648e-02	1.333547e-01
4.505000000000099e-07	5.185175e-03	3.101966e-02	1.340647e-01
4.507000000000099e-07	5.537032e-03	3.122550e-02	1.347449e-01
4.511000000000099e-07	6.197304e-03	3.167372e-02	1.359934e-01
4.513000000000099e-07	6.504596e-03	3.191395e-02	1.365592e-01
4.515000000000099e-07	6.797740e-03	3.216286e-02	1.370916e-01
4.517000000000100e-07	7.078536e-03	3.241872e-02	1.375981e-01
4.519000000000100e-07	7.349225e-03	3.267989e-02	1.380820e-01
4.521000000000100e-07	7.612202e-03	3.294491e-02	1.385360e-01
4.523000000000100e-07	7.869782e-03	3.321259e-02	1.389411e-01
4.525000000000100e-07	8.124025e-03	3.348203e-02	1.392777e-01
4.527000000000100e-07	8.376634e-03	3.375258e-02	1.395390e-01
4.529000000000100e-07	8.628912e-03	3.402375e-02	1.397373e-01
4.531000000000101e-07	8.881787e-03	3.429514e-02	1.398972e-01
4.533000000000101e-07	9.135864e-03	3.456626e-02	1.400428e-01
4.535000000000101e-07	9.391519e-03	3.483649e-02	1.401893e-01
4.537000000000101e-07	9.648999e-03	3.510495e-02	1.403419e-01
4.539000000000101e-07	9.908520e-03	3.537044e-02	1.404999e-01
4.541000000000101e-07	1.017035e-02	3.563140e-02	1.406602e-01
4.543000000000101e-07	1.043487e-02	3.588595e-02	1.408169e-01
4.545000000000102e-07	1.070263e-02	3.613188e-02	1.409595e-01
4.547000000000102e-07	1.097434e-02	3.636677e-02	1.410778e-01
4.549000000000102e-07	1.125084e-02	3.658807e-02	1.411725e-01
4.551000000000102e-07	1.153313e-02	3.679321e-02	1.412583e-01
4.553000000000102e-07	1.182223e-02	3.697974e-02	1.413509e-01
4.555000000000102e-07	1.211918e-02	3.714545e-02	1.414521e-01
4.557000000000103e-07	1.242494e-02	3.728850e-02	1.415506e-01
4.559000000000103e-07	1.274034e-02	3.740750e-02	1.416389e-01
4.561000000000103e-07	1.306600e-02	3.750160e-02	1.417232e-01
4.565000000000103e-07	1.374932e-02	3.761474e-02	1.419281e-01
4.567000000000103e-07	1.410684e-02	3.763520e-02	1.420499e-01
4.569000000000103e-07	1.447434e-02	3.763352e-02	1.421703e-01
4.571000000000104e-07	1.485097e-02	3.761189e-02	1.422799e-01
4.573000000000104e-07	1.523564e-02	3.757295e-02	1.423779e-01
4.575000000000104e-07	1.562700e-02	3.751973e-02	1.424717e-01
4.577000000000104e-07	1.602351e-02	3.745556e-02	1.425740e-01
4.579000000000104e-07	1.642349e-02	3.738392e-02	1.426981e-01
4.581000000000104e-07	1.682520e-02	3.730837e-02	1.428538e-01
4.583000000000104e-07	1.722686e-02	3.723241e-02	1.430445e-01
4.585000000000105e-07	1.762673e-02	3.715939e-02	1.432660e-01
4.587000000000105e-07	1.802317e-02	3.709243e-02	1.435077e-01
4.589000000000105e-07	1.841463e-02	3.703436e-02	1.437545e-01
4.591000000000105e-07	1.879975e-02	3.698758e-02	1.439894e-01
4.593000000000105e-07	1.917730e-02	3.695393e-02	1.441963e-01
4.595000000000105e-07	1.954632e-02	3.693450e-02	1.443624e-01
4.597000000000106e-07	1.990624e-02	3.692950e-02	1.444800e-01
4.599000000000106e-07	2.025705e-02	3.693842e-02	1.445469e-01
4.601000000000106e-07	2.059933e-02	3.696075e-02	1.445661e-01
4.603000000000106e-07	2.093380e-02	3.699684e-02	1.445452e-01
4.605000000000106e-07	2.126067e-02	3.704833e-02	1.444951e-01
4.607000000000106e-07	2.157891e-02	3.711768e-02	1.444279e-01
4.609000000000106e-07	2.188599e-02	3.720658e-02	1.443554e-01
4.611000000000107e-07	2.217868e-02	3.731349e-02	1.442883e-01
4.613000000000107e-07	2.245514e-02	3.743121e-02	1.442340e-01
4.615000000000107e-07	2.271743e-02	3.754744e-02	1.441969e-01
4.617000000000107e-07	2.297251e-02	3.764989e-02	1.441774e-01
4.619000000000107e-07	2.323004e-02	3.773322e-02	1.441723e-01
4.621000000000107e-07	2.349825e-02	3.780094e-02	1.441754e-01
4.623000000000108e-07	2.378022e-02	3.786104e-02	1.441777e-01
4.625000000000108e-07	2.407318e-02	3.792051e-02	1.441690e-01
4.627000000000108e-07	2.437031e-02	3.798368e-02	1.441378e-01
4.629000000000108e-07	2.466341e-02	3.805295e-02	1.440732e-01
4.631000000000108e-07	2.494479e-02	3.812869e-02	1.439649e-01
4.633000000000108e-07	2.520786e-02	3.820787e-02	1.438043e-01
4.635000000000108e-07	2.544777e-02	3.828341e-02	1.435849e-01
4.637000000000109e-07	2.566373e-02	3.834550e-02	1.433022e-01
4.639000000000109e-07	2.586279e-02	3.838585e-02	1.429546e-01
4.641000000000109e-07	2.606067e-02	3.840320e-02	1.425426e-01
4.643000000000109e-07	2.627559e-02	3.840387e-02	1.420689e-01
4.645000000000109e-07	2.651719e-02	3.839281e-02	1.415382e-01
4.647000000000109e-07	2.677990e-02	3.836359e-02	1.409567e-01
4.649000000000109e-07	2.704749e-02	3.830157e-02	1.403318e-01
4.651000000000110e-07	2.730470e-02	3.819954e-02	1.396715e-01
4.653000000000110e-07	2.754526e-02	3.806761e-02	1.389841e-01
4.655000000000110e-07	2.777117e-02	3.792629e-02	1.382780e-01
4.657000000000110e-07	2.798778e-02	3.779356e-02	1.375609e-01
4.659000000000110e-07	2.820058e-02	3.768038e-02	1.368400e-01
4.661000000000110e-07	2.841462e-02	3.759307e-02	1.361216e-01
4.663000000000111e-07	2.863437e-02	3.753431e-02	1.354111e-01
4.667000000000111e-07	2.910163e-02	3.748846e-02	1.340296e-01
4.669000000000111e-07	2.934950e-02	3.748449e-02	1.333639e-01
4.671000000000111e-07	2.960386e-02	3.747980e-02	1.327169e-01
4.673000000000111e-07	2.986059e-02	3.746558e-02	1.320888e-01
4.675000000000111e-07	3.011486e-02	3.743539e-02	1.314792e-01
4.677000000000112e-07	3.036189e-02	3.738570e-02	1.308873e-01
4.679000000000112e-07	3.059765e-02	3.731586e-02	1.303116e-01
4.683000000000112e-07	3.102596e-02	3.712434e-02	1.292021e-01
4.685000000000112e-07	3.121787e-02	3.701042e-02	1.286643e-01
4.687000000000112e-07	3.139718e-02	3.689039e-02	1.281341e-01
4.689000000000112e-07	3.156715e-02	3.676850e-02	1.276082e-01
4.691000000000113e-07	3.173183e-02	3.664831e-02	1.270837e-01
4.693000000000113e-07	3.189556e-02	3.653257e-02	1.265596e-01
4.695000000000113e-07	3.206254e-02	3.642317e-02	1.260373e-01
4.697000000000113e-07	3.223642e-02	3.632129e-02	1.255203e-01
4.699000000000113e-07	3.242002e-02	3.622752e-02	1.250124e-01
4.701000000000113e-07	3.261517e-02	3.614209e-02	1.245138e-01
4.703000000000114e-07	3.282262e-02	3.606499e-02	1.240160e-01
4.705000000000114e-07	3.304216e-02	3.599609e-02	1.235019e-01
4.707000000000114e-07	3.327269e-02	3.593520e-02	1.229553e-01
4.709000000000114e-07	3.351245e-02	3.588211e-02	1.223734e-01
4.711000000000114e-07	3.375924e-02	3.583648e-02	1.217698e-01
4.713000000000114e-07	3.401063e-02	3.579785e-02	1.211662e-01
4.715000000000114e-07	3.426420e-02	3.576551e-02	1.205782e-01
4.717000000000115e-07	3.451765e-02	3.573847e-02	1.200077e-01
4.719000000000115e-07	3.476903e-02	3.571536e-02	1.194441e-01
4.721000000000115e-07	3.501672e-02	3.569445e-02	1.188718e-01
4.723000000000115e-07	3.525950e-02	3.567364e-02	1.182774e-01
4.725000000000115e-07	3.549656e-02	3.565053e-02	1.176514e-01
4.729000000000115e-07	3.595183e-02	3.558663e-02	1.162827e-01
4.731000000000116e-07	3.616978e-02	3.554030e-02	1.155476e-01
4.733000000000116e-07	3.638130e-02	3.548083e-02	1.148006e-01
4.735000000000116e-07	3.658643e-02	3.540584e-02	1.140549e-01
4.737000000000116e-07	3.678514e-02	3.531337e-02	1.133035e-01
4.741000000000116e-07	3.716254e-02	3.507067e-02	1.117103e-01
4.743000000000117e-07	3.734040e-02	3.491929e-02	1.108683e-01
4.745000000000117e-07	3.751023e-02	3.474817e-02	1.100237e-01
4.747000000000117e-07	3.767121e-02	3.455834e-02	1.091905e-01
4.749000000000117e-07	3.782248e-02	3.435140e-02	1.083609e-01
4.751000000000117e-07	3.796311e-02	3.412947e-02	1.075110e-01
4.753000000000117e-07	3.809221e-02	3.389512e-02	1.066142e-01
4.757000000000118e-07	3.831277e-02	3.340086e-02	1.046209e-01
4.759000000000118e-07	3.840313e-02	3.314723e-02	1.035254e-01
4.761000000000118e-07	3.847986e-02	3.289346e-02	1.023804e-01
4.763000000000118e-07	3.854303e-02	3.264258e-02	1.012037e-01
4.765000000000118e-07	3.859303e-02	3.239732e-02	1.000123e-01
4.767000000000118e-07	3.863052e-02	3.216014e-02	9.881963e-02
4.769000000000118e-07	3.865644e-02	3.193306e-02	9.763434e-02
4.771000000000118e-07	3.867193e-02	3.171766e-02	9.645999e-02
4.773000000000118e-07	3.867832e-02	3.151504e-02	9.529608e-02
4.775000000000118e-07	3.867720e-02	3.132584e-02	9.413925e-02
4.777000000000119e-07	3.867067e-02	3.115024e-02	9.298480e-02
4.779000000000119e-07	3.866167e-02	3.098799e-02	9.182784e-02
4.781000000000119e-07	3.865387e-02	3.083835e-02	9.066419e-02
4.783000000000119e-07	3.865038e-02	3.069992e-02	8.949081e-02
4.785000000000119e-07	3.865182e-02	3.057071e-02	8.830603e-02
4.787000000000119e-07	3.865511e-02	3.044836e-02	8.710942e-02
4.789000000000119e-07	3.865443e-02	3.033068e-02	8.590153e-02
4.791000000000120e-07	3.864450e-02	3.021621e-02	8.468368e-02
4.793000000000120e-07	3.862518e-02	3.010467e-02	8.345769e-02
4.795000000000120e-07	3.860638e-02	2.999679e-02	8.222567e-02
4.797000000000120e-07	3.860868e-02	2.989299e-02	8.099005e-02
4.799000000000120e-07	3.865377e-02	2.979116e-02	7.975342e-02
4.801000000000120e-07	3.874784e-02	2.968558e-02	7.851872e-02
4.803000000000120e-07	3.887380e-02	2.956833e-02	7.728917e-02
4.805000000000121e-07	3.900265e-02	2.943261e-02	7.606840e-02
4.807000000000121e-07	3.911257e-02	2.927571e-02	7.486042e-02
4.809000000000121e-07	3.919644e-02	2.909958e-02	7.366950e-02
4.811000000000121e-07	3.925581e-02	2.890931e-02	7.250012e-02
4.813000000000121e-07	3.929460e-02	2.871094e-02	7.135674e-02
4.815000000000121e-07	3.931885e-02	2.850984e-02	7.024352e-02
4.817000000000122e-07	3.933902e-02	2.831022e-02	6.916411e-02
4.819000000000122e-07	3.936987e-02	2.811437e-02	6.812131e-02
4.821000000000122e-07	3.942434e-02	2.792102e-02	6.711685e-02
4.823000000000122e-07	3.950170e-02	2.772363e-02	6.615115e-02
4.825000000000122e-07	3.958169e-02	2.751229e-02	6.522316e-02
4.827000000000122e-07	3.964088e-02	2.727967e-02	6.433031e-02
4.829000000000122e-07	3.968186e-02	2.702681e-02	6.346848e-02
4.831000000000123e-07	3.973800e-02	2.676262e-02	6.263208e-02
4.833000000000123e-07	3.983759e-02	2.649729e-02	6.181424e-02
4.835000000000123e-07	3.996740e-02	2.623608e-02	6.100702e-02
4.837000000000123e-07	4.008266e-02	2.597873e-02	6.020171e-02
4.839000000000123e-07	4.014812e-02	2.572286e-02	5.938915e-02
4.841000000000123e-07	4.015795e-02	2.546696e-02	5.856005e-02
4.843000000000124e-07	4.012216e-02	2.521052e-02	5.770541e-02
4.845000000000124e-07	4.005132e-02	2.495279e-02	5.681676e-02
4.847000000000124e-07	3.995643e-02	2.469234e-02	5.588654e-02
4.849000000000124e-07	3.985140e-02	2.442761e-02	5.490831e-02
4.851000000000124e-07	3.974986e-02	2.415779e-02	5.387700e-02
4.853000000000124e-07	3.966142e-02	2.388352e-02	5.278902e-02
4.855000000000124e-07	3.959104e-02	2.360710e-02	5.164238e-02
4.857000000000125e-07	3.953929e-02	2.333226e-02	5.043668e-02
4.859000000000125e-07	3.950297e-02	2.306358e-02	4.917313e-02
4.861000000000125e-07	3.947619e-02	2.280565e-02	4.785443e-02
4.863000000000125e-07	3.945174e-02	2.256227e-02	4.648470e-02
4.865000000000125e-07	3.942235e-02	2.233580e-02	4.506927e-02
4.867000000000125e-07	3.938175e-02	2.212675e-02	4.361434e-02
4.869000000000125e-07	3.932533e-02	2.193373e-02	4.212629e-02
4.873000000000126e-07	3.915688e-02	2.158220e-02	3.907546e-02
4.875000000000126e-07	3.904566e-02	2.141440e-02	3.752660e-02
4.877000000000126e-07	3.891964e-02	2.124525e-02	3.597457e-02
4.879000000000126e-07	3.878254e-02	2.107029e-02	3.443114e-02
4.881000000000126e-07	3.863853e-02	2.088604e-02	3.290798e-02
4.883000000000127e-07	3.849185e-02	2.069031e-02	3.141308e-02
4.885000000000127e-07	3.834643e-02	2.048232e-02	2.994697e-02
4.887000000000127e-07	3.820564e-02	2.026262e-02	2.850225e-02
4.889000000000127e-07	3.807219e-02	2.003295e-02	2.706937e-02
4.891000000000127e-07	3.794806e-02	1.979592e-02	2.564586e-02
4.893000000000127e-07	3.783451e-02	1.955466e-02	2.424113e-02
4.895000000000127e-07	3.773218e-02	1.931246e-02	2.287175e-02
4.897000000000128e-07	3.764118e-02	1.907247e-02	2.155067e-02
4.899000000000128e-07	3.756120e-02	1.883733e-02	2.027904e-02
4.901000000000128e-07	3.749160e-02	1.860905e-02	1.904647e-02
4.903000000000128e-07	3.743152e-02	1.838879e-02	1.783849e-02
4.905000000000128e-07	3.737992e-02	1.817687e-02	1.664473e-02
4.907000000000128e-07	3.733566e-02	1.797277e-02	1.546159e-02
4.909000000000128e-07	3.729745e-02	1.777523e-02	1.428875e-02
4.911000000000129e-07	3.726397e-02	1.758239e-02	1.312694e-02
4.913000000000129e-07	3.723375e-02	1.739199e-02	1.198167e-02
4.915000000000129e-07	3.720530e-02	1.720151e-02	1.086555e-02
4.917000000000129e-07	3.717698e-02	1.700840e-02	9.788552e-03
4.919000000000129e-07	3.714711e-02	1.681023e-02	8.743242e-03
4.921000000000129e-07	3.711396e-02	1.660486e-02	7.703663e-03
4.923000000000130e-07	3.707576e-02	1.639051e-02	6.642227e-03
4.925000000000130e-07	3.703076e-02	1.616589e-02	5.546885e-03
4.927000000000130e-07	3.697728e-02	1.593020e-02	4.421021e-03
4.929000000000130e-07	3.691376e-02	1.568314e-02	3.268783e-03
4.931000000000130e-07	3.683879e-02	1.542490e-02	2.082871e-03
4.933000000000130e-07	3.675122e-02	1.515608e-02	8.464428e-04
4.935000000000130e-07	3.665013e-02	1.487766e-02	-4.545200e-04
4.937000000000131e-07	3.653494e-02	1.459086e-02	-1.820022e-03
4.939000000000131e-07	3.640538e-02	1.429710e-02	-3.233378e-03
4.941000000000131e-07	3.626155e-02	1.399789e-02	-4.666115e-03
4.943000000000131e-07	3.610389e-02	1.369472e-02	-6.085803e-03
4.945000000000131e-07	3.593317e-02	1.338907e-02	-7.463272e-03
4.947000000000131e-07	3.575047e-02	1.308224e-02	-8.777638e-03
4.949000000000131e-07	3.555712e-02	1.277539e-02	-1.001864e-02
4.951000000000132e-07	3.535470e-02	1.246950e-02	-1.118644e-02
4.953000000000132e-07	3.514493e-02	1.216532e-02	-1.228961e-02
4.955000000000132e-07	3.492960e-02	1.186342e-02	-1.334220e-02
4.957000000000132e-07	3.471055e-02	1.156412e-02	-1.436063e-02
4.959000000000132e-07	3.448955e-02	1.126748e-02	-1.536119e-02
4.961000000000132e-07	3.426838e-02	1.097316e-02	-1.635819e-02
4.963000000000133e-07	3.404881e-02	1.068048e-02	-1.736305e-02
4.965000000000133e-07	3.383272e-02	1.038870e-02	-1.838405e-02
4.971000000000133e-07	3.322009e-02	9.523385e-03	-2.158892e-02
4.973000000000133e-07	3.302775e-02	9.244845e-03	-2.271117e-02
4.975000000000133e-07	3.283799e-02	8.973938e-03	-2.386150e-02
4.977000000000134e-07	3.264805e-02	8.708614e-03	-2.503984e-02
4.979000000000134e-07	3.245722e-02	8.442895e-03	-2.624568e-02
4.981000000000134e-07	3.226857e-02	8.168608e-03	-2.747783e-02
4.983000000000134e-07	3.208852e-02	7.880257e-03	-2.873424e-02
4.987000000000134e-07	3.177691e-02	7.276667e-03	-3.130567e-02
4.989000000000134e-07	3.164439e-02	6.981938e-03	-3.261033e-02
4.991000000000135e-07	3.151732e-02	6.703147e-03	-3.391862e-02
4.993000000000135e-07	3.138509e-02	6.442938e-03	-3.522249e-02
4.995000000000135e-07	3.123856e-02	6.200765e-03	-3.651333e-02
4.997000000000135e-07	3.107174e-02	5.973888e-03	-3.778243e-02
4.999000000000135e-07	3.088176e-02	5.757107e-03	-3.902148e-02
5.001000000000135e-07	3.066888e-02	5.543025e-03	-4.022310e-02
5.003000000000136e-07	3.043770e-02	5.324106e-03	-4.138127e-02
5.005000000000136e-07	3.019877e-02	5.096474e-03	-4.249178e-02
5.007000000000136e-07	2.996696e-02	4.863210e-03	-4.355243e-02
5.009000000000136e-07	2.975450e-02	4.632393e-03	-4.456321e-02
5.011000000000136e-07	2.956251e-02	4.408467e-03	-4.552629e-02
5.013000000000136e-07	2.937877e-02	4.185119e-03	-4.644589e-02
5.015000000000136e-07	2.918533e-02	3.950315e-03	-4.732803e-02
5.017000000000137e-07	2.896986e-02	3.700310e-03	-4.818024e-02
5.019000000000137e-07	2.873116e-02	3.446331e-03	-4.901106e-02
5.021000000000137e-07	2.847587e-02	3.205883e-03	-4.982969e-02
5.023000000000137e-07	2.821231e-02	2.989920e-03	-5.064546e-02
5.025000000000137e-07	2.794711e-02	2.799318e-03	-5.146741e-02
5.027000000000137e-07	2.768502e-02	2.629273e-03	-5.230386e-02
5.029000000000137e-07	2.742921e-02	2.472666e-03	-5.316208e-02
5.031000000000138e-07	2.718091e-02	2.320317e-03	-5.404799e-02
5.033000000000138e-07	2.693908e-02	2.161797e-03	-5.496595e-02
5.035000000000138e-07	2.670079e-02	1.987814e-03	-5.591862e-02
5.037000000000138e-07	2.646204e-02	1.792170e-03	-5.690696e-02
5.039000000000138e-07	2.621870e-02	1.572371e-03	-5.793025e-02
5.043000000000139e-07	2.570605e-02	1.066868e-03	-6.007094e-02
5.045000000000139e-07	2.543472e-02	7.902409e-04	-6.117964e-02
5.047000000000139e-07	2.515511e-02	5.054317e-04	-6.230628e-02
5.049000000000139e-07	2.487057e-02	2.179563e-04	-6.344426e-02
5.051000000000139e-07	2.458550e-02	-6.779772e-05	-6.458680e-02
5.053000000000139e-07	2.430469e-02	-3.489575e-04	-6.572744e-02
5.055000000000139e-07	2.403266e-02	-6.242486e-04	-6.686011e-02
5.057000000000140e-07	2.377311e-02	-8.938385e-04	-6.797844e-02
5.059000000000140e-07	2.352853e-02	-1.159020e-03	-6.907500e-02
5.061000000000140e-07	2.329994e-02	-1.421822e-03	-7.014133e-02
5.063000000000140e-07	2.308695e-02	-1.684609e-03	-7.116898e-02
5.065000000000140e-07	2.288783e-02	-1.949741e-03	-7.215147e-02
5.067000000000140e-07	2.269991e-02	-2.219302e-03	-7.308756e-02
5.069000000000140e-07	2.251982e-02	-2.494931e-03	-7.398399e-02
5.071000000000141e-07	2.234402e-02	-2.777727e-03	-7.485329e-02
5.073000000000141e-07	2.216903e-02	-3.068243e-03	-7.570500e-02
5.075000000000141e-07	2.199185e-02	-3.366516e-03	-7.653656e-02
5.077000000000141e-07	2.181010e-02	-3.672137e-03	-7.733315e-02
5.081000000000141e-07	2.142732e-02	-4.302020e-03	-7.876252e-02
5.083000000000142e-07	2.122544e-02	-4.623909e-03	-7.939423e-02
5.085000000000142e-07	2.101711e-02	-4.948507e-03	-7.998872e-02
5.087000000000142e-07	2.080333e-02	-5.274165e-03	-8.056301e-02
5.089000000000142e-07	2.058534e-02	-5.599102e-03	-8.112949e-02
5.091000000000142e-07	2.036444e-02	-5.921401e-03	-8.169563e-02
5.095000000000142e-07	1.991826e-02	-6.549879e-03	-8.284415e-02
5.097000000000143e-07	1.969438e-02	-6.851742e-03	-8.342414e-02
5.101000000000143e-07	1.924536e-02	-7.419697e-03	-8.455467e-02
5.103000000000143e-07	1.901905e-02	-7.681531e-03	-8.510867e-02
5.105000000000143e-07	1.879013e-02	-7.926014e-03	-8.567575e-02
5.107000000000143e-07	1.855721e-02	-8.151517e-03	-8.626490e-02
5.109000000000143e-07	1.831876e-02	-8.356753e-03	-8.686770e-02
5.111000000000144e-07	1.807320e-02	-8.540858e-03	-8.746795e-02
5.113000000000144e-07	1.781910e-02	-8.703449e-03	-8.805811e-02
5.115000000000144e-07	1.755519e-02	-8.844670e-03	-8.864474e-02
5.119000000000144e-07	1.699442e-02	-9.066349e-03	-8.985242e-02
5.121000000000144e-07	1.669674e-02	-9.149840e-03	-9.047860e-02
5.123000000000145e-07	1.638766e-02	-9.217970e-03	-9.111023e-02
5.127000000000145e-07	1.573819e-02	-9.319290e-03	-9.235627e-02
5.129000000000145e-07	1.540012e-02	-9.358815e-03	-9.296586e-02
5.131000000000145e-07	1.505520e-02	-9.395448e-03	-9.357280e-02
5.133000000000145e-07	1.470523e-02	-9.432657e-03	-9.418630e-02
5.135000000000145e-07	1.435211e-02	-9.473829e-03	-9.481559e-02
5.137000000000146e-07	1.399773e-02	-9.522171e-03	-9.546689e-02
5.139000000000146e-07	1.364394e-02	-9.580606e-03	-9.614141e-02
5.141000000000146e-07	1.329261e-02	-9.651668e-03	-9.683469e-02
5.143000000000146e-07	1.294577e-02	-9.737429e-03	-9.753723e-02
5.145000000000146e-07	1.260581e-02	-9.839469e-03	-9.823605e-02
5.147000000000146e-07	1.227508e-02	-9.958972e-03	-9.891687e-02
5.149000000000146e-07	1.195480e-02	-1.009684e-02	-9.956641e-02
5.151000000000147e-07	1.164365e-02	-1.025361e-02	-1.001743e-01
5.153000000000147e-07	1.133745e-02	-1.042915e-02	-1.007344e-01
5.155000000000147e-07	1.103089e-02	-1.062218e-02	-1.012454e-01
5.157000000000147e-07	1.072076e-02	-1.083003e-02	-1.017110e-01
5.159000000000147e-07	1.040974e-02	-1.104886e-02	-1.021388e-01
5.161000000000147e-07	1.010867e-02	-1.127473e-02	-1.025393e-01
5.163000000000148e-07	9.834197e-03	-1.150535e-02	-1.029242e-01
5.165000000000148e-07	9.598699e-03	-1.174130e-02	-1.033055e-01
5.167000000000148e-07	9.397781e-03	-1.198530e-02	-1.036936e-01
5.169000000000148e-07	9.208068e-03	-1.223951e-02	-1.040964e-01
5.171000000000148e-07	9.001138e-03	-1.250251e-02	-1.045188e-01
5.173000000000148e-07	8.761247e-03	-1.276838e-02	-1.049620e-01
5.175000000000148e-07	8.490046e-03	-1.302846e-02	-1.054238e-01
5.177000000000149e-07	8.198088e-03	-1.327443e-02	-1.058988e-01
5.179000000000149e-07	7.896396e-03	-1.350079e-02	-1.063792e-01
5.181000000000149e-07	7.595256e-03	-1.370544e-02	-1.068555e-01
5.183000000000149e-07	7.306009e-03	-1.388891e-02	-1.073171e-01
5.185000000000149e-07	7.040048e-03	-1.405401e-02	-1.077535e-01
5.187000000000149e-07	6.802958e-03	-1.420630e-02	-1.081548e-01
5.189000000000149e-07	6.586572e-03	-1.435375e-02	-1.085127e-01
5.191000000000150e-07	6.369126e-03	-1.450320e-02	-1.088204e-01
5.193000000000150e-07	6.132376e-03	-1.465525e-02	-1.090733e-01
5.195000000000150e-07	5.883457e-03	-1.480261e-02	-1.092694e-01
5.197000000000150e-07	5.652125e-03	-1.493446e-02	-1.094084e-01
5.199000000000150e-07	5.457026e-03	-1.504351e-02	-1.094926e-01
5.201000000000150e-07	5.278497e-03	-1.512956e-02	-1.095257e-01
5.203000000000151e-07	5.073911e-03	-1.519752e-02	-1.095132e-01
5.205000000000151e-07	4.817198e-03	-1.525319e-02	-1.094614e-01
5.207000000000151e-07	4.514978e-03	-1.530105e-02	-1.093774e-01
5.209000000000151e-07	4.189445e-03	-1.534491e-02	-1.092687e-01
5.211000000000151e-07	3.859391e-03	-1.538930e-02	-1.091425e-01
5.213000000000151e-07	3.538131e-03	-1.543939e-02	-1.090060e-01
5.215000000000151e-07	3.237043e-03	-1.549971e-02	-1.088654e-01
5.217000000000152e-07	2.963884e-03	-1.557285e-02	-1.087264e-01
5.219000000000152e-07	2.719980e-03	-1.565886e-02	-1.085938e-01
5.221000000000152e-07	2.500833e-03	-1.575536e-02	-1.084713e-01
5.223000000000152e-07	2.298313e-03	-1.585829e-02	-1.083617e-01
5.225000000000152e-07	2.102520e-03	-1.596278e-02	-1.082671e-01
5.227000000000152e-07	1.903492e-03	-1.606425e-02	-1.081886e-01
5.229000000000153e-07	1.692757e-03	-1.615908e-02	-1.081264e-01
5.231000000000153e-07	1.464338e-03	-1.624511e-02	-1.080803e-01
5.233000000000153e-07	1.215170e-03	-1.632167e-02	-1.080498e-01
5.235000000000153e-07	9.450227e-04	-1.638940e-02	-1.080343e-01
5.237000000000153e-07	6.560590e-04	-1.644984e-02	-1.080334e-01
5.239000000000153e-07	3.521545e-04	-1.650492e-02	-1.080463e-01
5.241000000000153e-07	3.814146e-05	-1.655657e-02	-1.080708e-01
5.243000000000154e-07	-2.809128e-04	-1.660634e-02	-1.081029e-01
5.245000000000154e-07	-6.003061e-04	-1.665522e-02	-1.081374e-01
5.247000000000154e-07	-9.161331e-04	-1.670359e-02	-1.081694e-01
5.249000000000154e-07	-1.225537e-03	-1.675132e-02	-1.081967e-01
5.251000000000154e-07	-1.526790e-03	-1.679793e-02	-1.082232e-01
5.253000000000154e-07	-1.819245e-03	-1.684282e-02	-1.082590e-01
5.255000000000154e-07	-2.103172e-03	-1.688545e-02	-1.083133e-01
5.257000000000155e-07	-2.379557e-03	-1.692556e-02	-1.083858e-01
5.259000000000155e-07	-2.649863e-03	-1.696324e-02	-1.084635e-01
5.261000000000155e-07	-2.915805e-03	-1.699899e-02	-1.085279e-01
5.263000000000155e-07	-3.179155e-03	-1.703364e-02	-1.085657e-01
5.265000000000155e-07	-3.441582e-03	-1.706829e-02	-1.085758e-01
5.267000000000155e-07	-3.704541e-03	-1.710411e-02	-1.085664e-01
5.269000000000156e-07	-3.969197e-03	-1.714221e-02	-1.085468e-01
5.271000000000156e-07	-4.236398e-03	-1.718344e-02	-1.085209e-01
5.273000000000156e-07	-4.506657e-03	-1.722826e-02	-1.084867e-01
5.275000000000156e-07	-4.780176e-03	-1.727661e-02	-1.084403e-01
5.277000000000156e-07	-5.056864e-03	-1.732789e-02	-1.083777e-01
5.279000000000156e-07	-5.336368e-03	-1.738092e-02	-1.082921e-01
5.281000000000156e-07	-5.618110e-03	-1.743398e-02	-1.081727e-01
5.283000000000157e-07	-5.901313e-03	-1.748494e-02	-1.080128e-01
5.285000000000157e-07	-6.185032e-03	-1.753136e-02	-1.078196e-01
5.287000000000157e-07	-6.468181e-03	-1.757069e-02	-1.076113e-01
5.289000000000157e-07	-6.749555e-03	-1.760038e-02	-1.074012e-01
5.291000000000157e-07	-7.027862e-03	-1.761810e-02	-1.071853e-01
5.293000000000157e-07	-7.301748e-03	-1.762188e-02	-1.069475e-01
5.295000000000157e-07	-7.569834e-03	-1.761021e-02	-1.066751e-01
5.297000000000158e-07	-7.830744e-03	-1.758218e-02	-1.063698e-01
5.299000000000158e-07	-8.083152e-03	-1.753752e-02	-1.060435e-01
5.301000000000158e-07	-8.325824e-03	-1.747664e-02	-1.057064e-01
5.303000000000158e-07	-8.557657e-03	-1.740057e-02	-1.053578e-01
5.305000000000158e-07	-8.777730e-03	-1.731096e-02	-1.049872e-01
5.307000000000158e-07	-8.985338e-03	-1.720998e-02	-1.045795e-01
5.311000000000159e-07	-9.361643e-03	-1.698448e-02	-1.036123e-01
5.313000000000159e-07	-9.530313e-03	-1.686583e-02	-1.030507e-01
5.315000000000159e-07	-9.686491e-03	-1.674730e-02	-1.024477e-01
5.317000000000159e-07	-9.830939e-03	-1.663180e-02	-1.018167e-01
5.319000000000159e-07	-9.964721e-03	-1.652202e-02	-1.011720e-01
5.321000000000159e-07	-1.008919e-02	-1.642031e-02	-1.005257e-01
5.323000000000160e-07	-1.020593e-02	-1.632866e-02	-9.988638e-02
5.325000000000160e-07	-1.031673e-02	-1.624866e-02	-9.925834e-02
5.327000000000160e-07	-1.042344e-02	-1.618158e-02	-9.864195e-02
5.329000000000160e-07	-1.052784e-02	-1.612823e-02	-9.803460e-02
5.331000000000160e-07	-1.063154e-02	-1.608875e-02	-9.743197e-02
5.333000000000160e-07	-1.073615e-02	-1.606212e-02	-9.682930e-02
5.335000000000160e-07	-1.084363e-02	-1.604594e-02	-9.622235e-02
5.337000000000161e-07	-1.095666e-02	-1.603678e-02	-9.560810e-02
5.339000000000161e-07	-1.107861e-02	-1.603143e-02	-9.498503e-02
5.343000000000161e-07	-1.136156e-02	-1.602832e-02	-9.371334e-02
5.345000000000161e-07	-1.152370e-02	-1.603518e-02	-9.306780e-02
5.347000000000161e-07	-1.169486e-02	-1.605248e-02	-9.241880e-02
5.349000000000162e-07	-1.186858e-02	-1.607984e-02	-9.176874e-02
5.351000000000162e-07	-1.203998e-02	-1.610997e-02	-9.111987e-02
5.353000000000162e-07	-1.220913e-02	-1.613077e-02	-9.047409e-02
5.355000000000162e-07	-1.238151e-02	-1.613132e-02	-8.983301e-02
5.357000000000162e-07	-1.256533e-02	-1.610676e-02	-8.919795e-02
5.361000000000162e-07	-1.299060e-02	-1.598993e-02	-8.795077e-02
5.363000000000163e-07	-1.323324e-02	-1.590719e-02	-8.734120e-02
5.365000000000163e-07	-1.349069e-02	-1.581591e-02	-8.674286e-02
5.367000000000163e-07	-1.375613e-02	-1.572204e-02	-8.615737e-02
5.369000000000163e-07	-1.402033e-02	-1.562958e-02	-8.558639e-02
5.371000000000163e-07	-1.427153e-02	-1.553801e-02	-8.503147e-02
5.375000000000163e-07	-1.469408e-02	-1.533197e-02	-8.397433e-02
5.377000000000164e-07	-1.486497e-02	-1.520797e-02	-8.347288e-02
5.379000000000164e-07	-1.502530e-02	-1.507686e-02	-8.298860e-02
5.381000000000164e-07	-1.519023e-02	-1.494873e-02	-8.251953e-02
5.383000000000164e-07	-1.536607e-02	-1.482423e-02	-8.206258e-02
5.385000000000164e-07	-1.554805e-02	-1.469154e-02	-8.161349e-02
5.387000000000164e-07	-1.572577e-02	-1.453672e-02	-8.116694e-02
5.389000000000165e-07	-1.589001e-02	-1.435585e-02	-8.071667e-02
5.391000000000165e-07	-1.603559e-02	-1.415630e-02	-8.025573e-02
5.393000000000165e-07	-1.616080e-02	-1.394983e-02	-7.977670e-02
5.395000000000165e-07	-1.626653e-02	-1.374693e-02	-7.927198e-02
5.397000000000165e-07	-1.635612e-02	-1.355568e-02	-7.873417e-02
5.399000000000165e-07	-1.643513e-02	-1.338149e-02	-7.815634e-02
5.401000000000165e-07	-1.651032e-02	-1.322600e-02	-7.753233e-02
5.403000000000166e-07	-1.658824e-02	-1.308670e-02	-7.685701e-02
5.405000000000166e-07	-1.667396e-02	-1.295813e-02	-7.612652e-02
5.407000000000166e-07	-1.677023e-02	-1.283365e-02	-7.533842e-02
5.409000000000166e-07	-1.687714e-02	-1.270710e-02	-7.449176e-02
5.411000000000166e-07	-1.699229e-02	-1.257391e-02	-7.358712e-02
5.413000000000166e-07	-1.711135e-02	-1.243177e-02	-7.262656e-02
5.415000000000166e-07	-1.722898e-02	-1.228076e-02	-7.161368e-02
5.417000000000167e-07	-1.733972e-02	-1.212291e-02	-7.055360e-02
5.419000000000167e-07	-1.743883e-02	-1.196152e-02	-6.945287e-02
5.421000000000167e-07	-1.752296e-02	-1.180034e-02	-6.831880e-02
5.423000000000167e-07	-1.759042e-02	-1.164285e-02	-6.715829e-02
5.425000000000167e-07	-1.764130e-02	-1.149169e-02	-6.597726e-02
5.427000000000167e-07	-1.767727e-02	-1.134826e-02	-6.478105e-02
5.429000000000168e-07	-1.770119e-02	-1.121275e-02	-6.357575e-02
5.431000000000168e-07	-1.771667e-02	-1.108415e-02	-6.236980e-02
5.433000000000168e-07	-1.772758e-02	-1.096062e-02	-6.117485e-02
5.435000000000168e-07	-1.773758e-02	-1.083983e-02	-6.000431e-02
5.437000000000168e-07	-1.774982e-02	-1.071933e-02	-5.886847e-02
5.439000000000168e-07	-1.776667e-02	-1.059694e-02	-5.776904e-02
5.441000000000168e-07	-1.778967e-02	-1.047095e-02	-5.669861e-02
5.443000000000169e-07	-1.781947e-02	-1.034033e-02	-5.564723e-02
5.445000000000169e-07	-1.785600e-02	-1.020477e-02	-5.461140e-02
5.447000000000169e-07	-1.789862e-02	-1.006461e-02	-5.359786e-02
5.449000000000169e-07	-1.794630e-02	-9.920709e-03	-5.261873e-02
5.451000000000169e-07	-1.799784e-02	-9.774305e-03	-5.168214e-02
5.453000000000169e-07	-1.805204e-02	-9.626782e-03	-5.078570e-02
5.455000000000169e-07	-1.810784e-02	-9.479486e-03	-4.991730e-02
5.457000000000170e-07	-1.816439e-02	-9.333557e-03	-4.906197e-02
5.459000000000170e-07	-1.822112e-02	-9.189790e-03	-4.820773e-02
5.461000000000170e-07	-1.827772e-02	-9.048560e-03	-4.734572e-02
5.463000000000170e-07	-1.833408e-02	-8.909789e-03	-4.646907e-02
5.465000000000170e-07	-1.839020e-02	-8.772962e-03	-4.557813e-02
5.467000000000170e-07	-1.844615e-02	-8.637187e-03	-4.468738e-02
5.469000000000171e-07	-1.850195e-02	-8.501276e-03	-4.382052e-02
5.471000000000171e-07	-1.855750e-02	-8.363857e-03	-4.299214e-02
5.473000000000171e-07	-1.861250e-02	-8.223480e-03	-4.219351e-02
5.475000000000171e-07	-1.866644e-02	-8.078726e-03	-4.139811e-02
5.477000000000171e-07	-1.871855e-02	-7.928310e-03	-4.058123e-02
5.479000000000171e-07	-1.876788e-02	-7.771148e-03	-3.973417e-02
5.481000000000171e-07	-1.881326e-02	-7.606418e-03	-3.886123e-02
5.483000000000172e-07	-1.885342e-02	-7.433588e-03	-3.796604e-02
5.485000000000172e-07	-1.888705e-02	-7.252424e-03	-3.704167e-02
5.487000000000172e-07	-1.891285e-02	-7.062976e-03	-3.607169e-02
5.489000000000172e-07	-1.892965e-02	-6.865544e-03	-3.503895e-02
5.491000000000172e-07	-1.893646e-02	-6.660638e-03	-3.393434e-02
5.493000000000172e-07	-1.893254e-02	-6.448921e-03	-3.276117e-02
5.495000000000172e-07	-1.891747e-02	-6.231156e-03	-3.153474e-02
5.497000000000173e-07	-1.889115e-02	-6.008151e-03	-3.027862e-02
5.499000000000173e-07	-1.885385e-02	-5.780710e-03	-2.901953e-02
5.501000000000173e-07	-1.880621e-02	-5.549593e-03	-2.778231e-02
5.503000000000173e-07	-1.874918e-02	-5.315481e-03	-2.658625e-02
5.505000000000173e-07	-1.868399e-02	-5.078954e-03	-2.544313e-02
5.507000000000173e-07	-1.861199e-02	-4.840467e-03	-2.435697e-02
5.509000000000174e-07	-1.853436e-02	-4.600355e-03	-2.332518e-02
5.511000000000174e-07	-1.845209e-02	-4.358890e-03	-2.234035e-02
5.513000000000174e-07	-1.836625e-02	-4.116392e-03	-2.139232e-02
5.515000000000174e-07	-1.827886e-02	-3.873283e-03	-2.046999e-02
5.517000000000174e-07	-1.819372e-02	-3.629956e-03	-1.956266e-02
5.519000000000174e-07	-1.811601e-02	-3.386511e-03	-1.866086e-02
5.521000000000174e-07	-1.805031e-02	-3.142525e-03	-1.775660e-02
5.523000000000175e-07	-1.799762e-02	-2.897015e-03	-1.684333e-02
5.525000000000175e-07	-1.795302e-02	-2.648761e-03	-1.591566e-02
5.527000000000175e-07	-1.790549e-02	-2.397200e-03	-1.496901e-02
5.529000000000175e-07	-1.784218e-02	-2.143692e-03	-1.399940e-02
5.531000000000175e-07	-1.775760e-02	-1.892057e-03	-1.300330e-02
5.533000000000175e-07	-1.766186e-02	-1.647255e-03	-1.197772e-02
5.535000000000175e-07	-1.757830e-02	-1.412567e-03	-1.092039e-02
5.537000000000176e-07	-1.752855e-02	-1.187323e-03	-9.830044e-03
5.539000000000176e-07	-1.751769e-02	-9.670706e-04	-8.706721e-03
5.541000000000176e-07	-1.753331e-02	-7.461088e-04	-7.552014e-03
5.543000000000176e-07	-1.755662e-02	-5.205250e-04	-6.369212e-03
5.545000000000176e-07	-1.757216e-02	-2.897723e-04	-5.163303e-03
5.547000000000176e-07	-1.756916e-02	-5.623553e-05	-3.940812e-03
5.549000000000177e-07	-1.753926e-02	1.761553e-04	-2.709493e-03
5.551000000000177e-07	-1.747699e-02	4.027159e-04	-1.477884e-03
5.553000000000177e-07	-1.738426e-02	6.179687e-04	-2.547840e-04
5.555000000000177e-07	-1.727442e-02	8.164435e-04	9.513201e-04
5.557000000000177e-07	-1.716807e-02	9.956253e-04	2.132810e-03
5.559000000000177e-07	-1.707708e-02	1.159152e-03	3.283438e-03
5.561000000000177e-07	-1.698999e-02	1.316371e-03	4.398737e-03
5.563000000000178e-07	-1.688039e-02	1.477219e-03	5.476298e-03
5.565000000000178e-07	-1.673730e-02	1.646398e-03	6.515912e-03
5.567000000000178e-07	-1.658374e-02	1.821851e-03	7.519563e-03
5.569000000000178e-07	-1.645711e-02	1.998209e-03	8.491282e-03
5.571000000000178e-07	-1.637309e-02	2.171316e-03	9.436877e-03
5.573000000000178e-07	-1.631481e-02	2.339946e-03	1.036356e-02
5.575000000000178e-07	-1.625366e-02	2.504583e-03	1.127952e-02
5.577000000000179e-07	-1.617042e-02	2.665833e-03	1.219342e-02
5.579000000000179e-07	-1.605731e-02	2.824296e-03	1.311395e-02
5.581000000000179e-07	-1.591190e-02	2.981460e-03	1.404933e-02
5.583000000000179e-07	-1.573605e-02	3.140302e-03	1.500690e-02
5.585000000000179e-07	-1.553708e-02	3.305011e-03	1.599279e-02
5.587000000000179e-07	-1.532608e-02	3.480108e-03	1.701164e-02
5.589000000000180e-07	-1.511460e-02	3.669418e-03	1.806641e-02
5.591000000000180e-07	-1.491253e-02	3.875253e-03	1.915834e-02
5.593000000000180e-07	-1.472692e-02	4.097962e-03	2.028691e-02
5.595000000000180e-07	-1.456146e-02	4.335952e-03	2.144998e-02
5.597000000000180e-07	-1.441646e-02	4.586091e-03	2.264388e-02
5.599000000000180e-07	-1.428954e-02	4.844371e-03	2.386347e-02
5.601000000000180e-07	-1.417652e-02	5.106640e-03	2.510227e-02
5.603000000000181e-07	-1.407231e-02	5.369266e-03	2.635291e-02
5.605000000000181e-07	-1.397184e-02	5.629614e-03	2.760801e-02
5.607000000000181e-07	-1.387064e-02	5.886284e-03	2.886123e-02
5.609000000000181e-07	-1.376530e-02	6.139112e-03	3.010765e-02
5.611000000000181e-07	-1.365355e-02	6.388980e-03	3.134324e-02
5.613000000000181e-07	-1.353432e-02	6.637499e-03	3.256365e-02
5.615000000000182e-07	-1.340750e-02	6.886632e-03	3.376212e-02
5.617000000000182e-07	-1.327371e-02	7.138330e-03	3.492797e-02
5.619000000000182e-07	-1.313406e-02	7.394237e-03	3.604826e-02
5.621000000000182e-07	-1.298987e-02	7.655479e-03	3.711408e-02
5.623000000000182e-07	-1.284253e-02	7.922562e-03	3.812733e-02
5.625000000000182e-07	-1.269332e-02	8.195378e-03	3.910099e-02
5.627000000000182e-07	-1.254334e-02	8.473275e-03	4.005130e-02
5.629000000000183e-07	-1.239351e-02	8.755191e-03	4.098778e-02
5.631000000000183e-07	-1.224455e-02	9.039808e-03	4.190927e-02
5.637000000000183e-07	-1.180759e-02	9.895878e-03	4.451747e-02
5.639000000000183e-07	-1.166614e-02	1.017779e-02	4.533233e-02
5.641000000000183e-07	-1.152694e-02	1.045632e-02	4.612747e-02
5.643000000000184e-07	-1.138987e-02	1.073071e-02	4.690744e-02
5.645000000000184e-07	-1.125466e-02	1.100035e-02	4.767886e-02
5.647000000000184e-07	-1.112087e-02	1.126468e-02	4.845201e-02
5.649000000000184e-07	-1.098785e-02	1.152311e-02	4.923522e-02
5.651000000000184e-07	-1.085475e-02	1.177502e-02	5.002720e-02
5.653000000000184e-07	-1.072057e-02	1.201971e-02	5.081842e-02
5.655000000000185e-07	-1.058408e-02	1.225638e-02	5.160293e-02
5.657000000000185e-07	-1.044399e-02	1.248413e-02	5.238747e-02
5.659000000000185e-07	-1.029890e-02	1.270205e-02	5.318768e-02
5.661000000000185e-07	-1.014742e-02	1.290924e-02	5.401591e-02
5.663000000000185e-07	-9.988215e-03	1.310489e-02	5.487385e-02
5.667000000000185e-07	-9.642070e-03	1.345930e-02	5.665693e-02
5.671000000000186e-07	-9.253646e-03	1.376374e-02	5.851591e-02
5.673000000000186e-07	-9.042711e-03	1.389834e-02	5.947215e-02
5.675000000000186e-07	-8.820829e-03	1.402264e-02	6.043677e-02
5.677000000000186e-07	-8.588574e-03	1.413827e-02	6.139732e-02
5.679000000000186e-07	-8.346832e-03	1.424725e-02	6.234162e-02
5.681000000000186e-07	-8.096767e-03	1.435195e-02	6.326185e-02
5.683000000000187e-07	-7.839764e-03	1.445497e-02	6.415708e-02
5.685000000000187e-07	-7.577384e-03	1.455912e-02	6.503358e-02
5.687000000000187e-07	-7.311294e-03	1.466725e-02	6.590324e-02
5.689000000000187e-07	-7.043200e-03	1.478214e-02	6.678054e-02
5.691000000000187e-07	-6.774757e-03	1.490634e-02	6.767911e-02
5.695000000000188e-07	-6.242493e-03	1.519114e-02	6.957268e-02
5.697000000000188e-07	-5.980815e-03	1.535525e-02	7.056824e-02
5.699000000000188e-07	-5.723289e-03	1.553616e-02	7.158598e-02
5.701000000000188e-07	-5.471049e-03	1.573584e-02	7.261197e-02
5.703000000000188e-07	-5.225691e-03	1.595594e-02	7.362988e-02
5.705000000000188e-07	-4.989043e-03	1.619676e-02	7.462342e-02
5.707000000000188e-07	-4.762368e-03	1.645613e-02	7.557862e-02
5.709000000000189e-07	-4.545154e-03	1.672894e-02	7.648545e-02
5.711000000000189e-07	-4.334171e-03	1.700812e-02	7.733892e-02
5.713000000000189e-07	-4.123874e-03	1.728767e-02	7.813933e-02
5.715000000000189e-07	-3.908743e-03	1.756656e-02	7.889184e-02
5.717000000000189e-07	-3.686641e-03	1.785026e-02	7.960553e-02
5.719000000000189e-07	-3.460801e-03	1.814714e-02	8.029204e-02
5.721000000000189e-07	-3.238622e-03	1.846179e-02	8.096410e-02
5.723000000000190e-07	-3.027789e-03	1.879095e-02	8.163404e-02
5.725000000000190e-07	-2.832354e-03	1.912489e-02	8.231256e-02
5.727000000000190e-07	-2.651226e-03	1.945204e-02	8.300775e-02
5.729000000000190e-07	-2.479392e-03	1.976249e-02	8.372444e-02
5.731000000000190e-07	-2.310208e-03	2.004919e-02	8.446398e-02
5.733000000000190e-07	-2.136817e-03	2.030839e-02	8.522440e-02
5.735000000000191e-07	-1.952234e-03	2.054054e-02	8.600073e-02
5.737000000000191e-07	-1.749650e-03	2.075130e-02	8.678566e-02
5.739000000000191e-07	-1.524910e-03	2.095078e-02	8.757037e-02
5.741000000000191e-07	-1.280597e-03	2.114875e-02	8.834521e-02
5.743000000000191e-07	-1.027843e-03	2.134740e-02	8.910057e-02
5.745000000000191e-07	-7.822394e-04	2.153918e-02	8.982759e-02
5.747000000000191e-07	-5.552556e-04	2.171468e-02	9.051868e-02
5.749000000000192e-07	-3.477237e-04	2.187414e-02	9.116796e-02
5.751000000000192e-07	-1.508020e-04	2.202902e-02	9.177155e-02
5.753000000000192e-07	4.706881e-05	2.219096e-02	9.232762e-02
5.755000000000192e-07	2.537144e-04	2.236073e-02	9.283635e-02
5.757000000000192e-07	4.715427e-04	2.252845e-02	9.329978e-02
5.759000000000192e-07	6.992411e-04	2.268231e-02	9.372153e-02
5.761000000000192e-07	9.334370e-04	2.281522e-02	9.410649e-02
5.763000000000193e-07	1.169287e-03	2.292573e-02	9.446044e-02
5.765000000000193e-07	1.401098e-03	2.301694e-02	9.478973e-02
5.767000000000193e-07	1.623622e-03	2.309595e-02	9.510092e-02
5.769000000000193e-07	1.833497e-03	2.317281e-02	9.540050e-02
5.771000000000193e-07	2.030128e-03	2.325825e-02	9.569461e-02
5.773000000000193e-07	2.215846e-03	2.336131e-02	9.598885e-02
5.775000000000194e-07	2.395428e-03	2.348784e-02	9.628819e-02
5.777000000000194e-07	2.575151e-03	2.363987e-02	9.659681e-02
5.779000000000194e-07	2.761635e-03	2.381581e-02	9.691811e-02
5.781000000000194e-07	2.960725e-03	2.401121e-02	9.725462e-02
5.785000000000194e-07	3.411368e-03	2.443457e-02	9.797859e-02
5.787000000000194e-07	3.664794e-03	2.464894e-02	9.836718e-02
5.789000000000195e-07	3.934729e-03	2.485727e-02	9.877434e-02
5.791000000000195e-07	4.217539e-03	2.505535e-02	9.920119e-02
5.793000000000195e-07	4.508759e-03	2.524048e-02	9.964856e-02
5.795000000000195e-07	4.803767e-03	2.541144e-02	1.001162e-01
5.797000000000195e-07	5.098357e-03	2.556816e-02	1.006014e-01
5.799000000000195e-07	5.389172e-03	2.571150e-02	1.010982e-01
5.801000000000195e-07	5.673954e-03	2.584286e-02	1.015985e-01
5.803000000000196e-07	5.951615e-03	2.596401e-02	1.020968e-01
5.805000000000196e-07	6.222147e-03	2.607686e-02	1.025954e-01
5.807000000000196e-07	6.486418e-03	2.618336e-02	1.031035e-01
5.809000000000196e-07	6.745900e-03	2.628542e-02	1.036302e-01
5.811000000000196e-07	7.002370e-03	2.638491e-02	1.041754e-01
5.813000000000196e-07	7.257637e-03	2.648361e-02	1.047285e-01
5.815000000000197e-07	7.513309e-03	2.658325e-02	1.052744e-01
5.817000000000197e-07	7.770631e-03	2.668545e-02	1.058027e-01
5.819000000000197e-07	8.030388e-03	2.679168e-02	1.063123e-01
5.821000000000197e-07	8.292887e-03	2.690318e-02	1.068083e-01
5.825000000000197e-07	8.825190e-03	2.714545e-02	1.077764e-01
5.827000000000197e-07	9.093710e-03	2.727696e-02	1.082478e-01
5.829000000000198e-07	9.362618e-03	2.741506e-02	1.087071e-01
5.831000000000198e-07	9.630932e-03	2.755889e-02	1.091466e-01
5.833000000000198e-07	9.897705e-03	2.770711e-02	1.095509e-01
5.835000000000198e-07	1.016210e-02	2.785788e-02	1.099021e-01
5.837000000000198e-07	1.042341e-02	2.800906e-02	1.101948e-01
5.839000000000198e-07	1.068110e-02	2.815824e-02	1.104430e-01
5.841000000000198e-07	1.093477e-02	2.830290e-02	1.106709e-01
5.843000000000199e-07	1.118416e-02	2.844058e-02	1.108934e-01
5.845000000000199e-07	1.142909e-02	2.856901e-02	1.111068e-01
5.847000000000199e-07	1.166945e-02	2.868624e-02	1.112961e-01
5.849000000000199e-07	1.190513e-02	2.879078e-02	1.114498e-01
5.851000000000199e-07	1.213603e-02	2.888167e-02	1.115684e-01
5.853000000000199e-07	1.236201e-02	2.895855e-02	1.116623e-01
5.855000000000200e-07	1.258290e-02	2.902167e-02	1.117426e-01
5.857000000000200e-07	1.279852e-02	2.907191e-02	1.118144e-01
5.859000000000200e-07	1.300869e-02	2.911068e-02	1.118755e-01
5.861000000000200e-07	1.321324e-02	2.913990e-02	1.119184e-01
5.863000000000200e-07	1.341205e-02	2.916186e-02	1.119344e-01
5.865000000000200e-07	1.360510e-02	2.917911e-02	1.119176e-01
5.867000000000200e-07	1.379249e-02	2.919437e-02	1.118660e-01
5.869000000000201e-07	1.397447e-02	2.921034e-02	1.117829e-01
5.871000000000201e-07	1.415148e-02	2.922965e-02	1.116754e-01
5.873000000000201e-07	1.432430e-02	2.925467e-02	1.115525e-01
5.875000000000201e-07	1.449412e-02	2.928748e-02	1.114233e-01
5.877000000000201e-07	1.466245e-02	2.932968e-02	1.112955e-01
5.879000000000201e-07	1.483069e-02	2.938232e-02	1.111740e-01
5.881000000000201e-07	1.499937e-02	2.944586e-02	1.110607e-01
5.883000000000202e-07	1.516771e-02	2.952035e-02	1.109555e-01
5.885000000000202e-07	1.533432e-02	2.960563e-02	1.108560e-01
5.887000000000202e-07	1.549904e-02	2.970155e-02	1.107593e-01
5.889000000000202e-07	1.566522e-02	2.980783e-02	1.106625e-01
5.891000000000202e-07	1.584066e-02	2.992374e-02	1.105632e-01
5.893000000000202e-07	1.603609e-02	3.004738e-02	1.104605e-01
5.895000000000203e-07	1.626010e-02	3.017499e-02	1.103541e-01
5.897000000000203e-07	1.651178e-02	3.030118e-02	1.102450e-01
5.899000000000203e-07	1.677663e-02	3.042069e-02	1.101348e-01
5.901000000000203e-07	1.703257e-02	3.053076e-02	1.100253e-01
5.903000000000203e-07	1.726446e-02	3.063238e-02	1.099183e-01
5.905000000000203e-07	1.747508e-02	3.072916e-02	1.098149e-01
5.907000000000203e-07	1.768194e-02	3.082447e-02	1.097161e-01
5.909000000000204e-07	1.790408e-02	3.091898e-02	1.096219e-01
5.911000000000204e-07	1.815233e-02	3.101009e-02	1.095320e-01
5.913000000000204e-07	1.842922e-02	3.109329e-02	1.094458e-01
5.915000000000204e-07	1.873290e-02	3.116388e-02	1.093625e-01
5.917000000000204e-07	1.905823e-02	3.121779e-02	1.092815e-01
5.919000000000204e-07	1.939433e-02	3.125161e-02	1.092024e-01
5.921000000000204e-07	1.972349e-02	3.126303e-02	1.091251e-01
5.923000000000205e-07	2.002757e-02	3.125298e-02	1.090501e-01
5.925000000000205e-07	2.030131e-02	3.122733e-02	1.089780e-01
5.927000000000205e-07	2.056005e-02	3.119546e-02	1.089098e-01
5.929000000000205e-07	2.082701e-02	3.116540e-02	1.088462e-01
5.931000000000205e-07	2.110680e-02	3.113933e-02	1.087879e-01
5.933000000000205e-07	2.137492e-02	3.111333e-02	1.087350e-01
5.935000000000206e-07	2.160024e-02	3.108144e-02	1.086868e-01
5.937000000000206e-07	2.177689e-02	3.103998e-02	1.086419e-01
5.939000000000206e-07	2.192906e-02	3.098893e-02	1.085978e-01
5.941000000000206e-07	2.208710e-02	3.093055e-02	1.085509e-01
5.943000000000206e-07	2.226618e-02	3.086784e-02	1.084969e-01
5.945000000000206e-07	2.246604e-02	3.080414e-02	1.084304e-01
5.947000000000206e-07	2.268041e-02	3.074338e-02	1.083457e-01
5.949000000000207e-07	2.290118e-02	3.068977e-02	1.082364e-01
5.951000000000207e-07	2.311844e-02	3.064670e-02	1.080963e-01
5.953000000000207e-07	2.332223e-02	3.061562e-02	1.079193e-01
5.955000000000207e-07	2.350569e-02	3.059544e-02	1.077001e-01
5.957000000000207e-07	2.366638e-02	3.058265e-02	1.074339e-01
5.959000000000207e-07	2.380594e-02	3.057213e-02	1.071174e-01
5.961000000000207e-07	2.392916e-02	3.055828e-02	1.067483e-01
5.963000000000208e-07	2.404276e-02	3.053623e-02	1.063260e-01
5.965000000000208e-07	2.415399e-02	3.050279e-02	1.058507e-01
5.967000000000208e-07	2.426936e-02	3.045705e-02	1.053245e-01
5.969000000000208e-07	2.439387e-02	3.040039e-02	1.047505e-01
5.971000000000208e-07	2.453048e-02	3.033615e-02	1.041340e-01
5.973000000000208e-07	2.468011e-02	3.026892e-02	1.034822e-01
5.975000000000209e-07	2.484187e-02	3.020371e-02	1.028037e-01
5.977000000000209e-07	2.501346e-02	3.014509e-02	1.021069e-01
5.979000000000209e-07	2.519175e-02	3.009654e-02	1.013991e-01
5.981000000000209e-07	2.537325e-02	3.006000e-02	1.006850e-01
5.983000000000209e-07	2.555454e-02	3.003569e-02	9.996720e-02
5.985000000000209e-07	2.573264e-02	3.002219e-02	9.924919e-02
5.987000000000209e-07	2.590513e-02	3.001681e-02	9.853794e-02
5.989000000000210e-07	2.607033e-02	3.001594e-02	9.784462e-02
5.991000000000210e-07	2.622725e-02	3.001564e-02	9.718084e-02
5.993000000000210e-07	2.637554e-02	3.001211e-02	9.655362e-02
5.995000000000210e-07	2.651542e-02	3.000210e-02	9.596303e-02
5.997000000000210e-07	2.664754e-02	2.998326e-02	9.540523e-02
5.999000000000210e-07	2.677288e-02	2.995425e-02	9.487765e-02
6.001000000000211e-07	2.689267e-02	2.991483e-02	9.438213e-02
6.003000000000211e-07	2.700830e-02	2.986575e-02	9.392255e-02
6.005000000000211e-07	2.712123e-02	2.980854e-02	9.349893e-02
6.007000000000211e-07	2.723296e-02	2.974531e-02	9.310355e-02
6.009000000000211e-07	2.734496e-02	2.967843e-02	9.272326e-02
6.011000000000211e-07	2.745862e-02	2.961026e-02	9.234496e-02
6.013000000000211e-07	2.757519e-02	2.954294e-02	9.195711e-02
6.015000000000212e-07	2.769576e-02	2.947816e-02	9.154718e-02
6.017000000000212e-07	2.782117e-02	2.941704e-02	9.110343e-02
6.019000000000212e-07	2.795199e-02	2.936008e-02	9.062347e-02
6.021000000000212e-07	2.808848e-02	2.930715e-02	9.012037e-02
6.023000000000212e-07	2.823056e-02	2.925754e-02	8.961655e-02
6.025000000000212e-07	2.837778e-02	2.921003e-02	8.912957e-02
6.027000000000212e-07	2.852939e-02	2.916310e-02	8.866244e-02
6.029000000000213e-07	2.868428e-02	2.911495e-02	8.820590e-02
6.031000000000213e-07	2.884109e-02	2.906375e-02	8.774810e-02
6.033000000000213e-07	2.899825e-02	2.900769e-02	8.728178e-02
6.035000000000213e-07	2.915405e-02	2.894515e-02	8.680368e-02
6.037000000000213e-07	2.930674e-02	2.887473e-02	8.630841e-02
6.039000000000213e-07	2.945460e-02	2.879538e-02	8.578362e-02
6.041000000000214e-07	2.959603e-02	2.870635e-02	8.521080e-02
6.043000000000214e-07	2.972964e-02	2.860725e-02	8.457090e-02
6.045000000000214e-07	2.985430e-02	2.849802e-02	8.385102e-02
6.047000000000214e-07	2.996923e-02	2.837889e-02	8.304887e-02
6.049000000000214e-07	3.007400e-02	2.825033e-02	8.217408e-02
6.051000000000214e-07	3.016854e-02	2.811300e-02	8.124626e-02
6.053000000000214e-07	3.025318e-02	2.796769e-02	8.029122e-02
6.055000000000215e-07	3.032858e-02	2.781521e-02	7.933619e-02
6.057000000000215e-07	3.039577e-02	2.765635e-02	7.840558e-02
6.059000000000215e-07	3.045611e-02	2.749185e-02	7.751787e-02
6.061000000000215e-07	3.051122e-02	2.732244e-02	7.668399e-02
6.063000000000215e-07	3.056289e-02	2.714906e-02	7.590732e-02
6.065000000000215e-07	3.061270e-02	2.697307e-02	7.518472e-02
6.067000000000215e-07	3.066171e-02	2.679618e-02	7.450826e-02
6.069000000000216e-07	3.071041e-02	2.661980e-02	7.386729e-02
6.071000000000216e-07	3.075903e-02	2.644425e-02	7.325014e-02
6.073000000000216e-07	3.080832e-02	2.626810e-02	7.264557e-02
6.075000000000216e-07	3.086047e-02	2.608846e-02	7.204363e-02
6.077000000000216e-07	3.091938e-02	2.590232e-02	7.143608e-02
6.079000000000216e-07	3.098957e-02	2.570907e-02	7.081633e-02
6.081000000000217e-07	3.107366e-02	2.551291e-02	7.017919e-02
6.083000000000217e-07	3.116977e-02	2.532257e-02	6.952059e-02
6.085000000000217e-07	3.127110e-02	2.514711e-02	6.883718e-02
6.087000000000217e-07	3.136858e-02	2.499017e-02	6.812615e-02
6.089000000000217e-07	3.145521e-02	2.484764e-02	6.738514e-02
6.091000000000217e-07	3.152910e-02	2.471073e-02	6.661241e-02
6.093000000000217e-07	3.159352e-02	2.457123e-02	6.580689e-02
6.095000000000218e-07	3.165431e-02	2.442466e-02	6.496856e-02
6.097000000000218e-07	3.171702e-02	2.427049e-02	6.409860e-02
6.099000000000218e-07	3.178561e-02	2.411121e-02	6.319954e-02
6.101000000000218e-07	3.186263e-02	2.395202e-02	6.227538e-02
6.103000000000218e-07	3.194910e-02	2.380063e-02	6.133143e-02
6.105000000000218e-07	3.204278e-02	2.366550e-02	6.037411e-02
6.107000000000218e-07	3.213589e-02	2.355143e-02	5.941060e-02
6.109000000000219e-07	3.221564e-02	2.345488e-02	5.844839e-02
6.111000000000219e-07	3.226947e-02	2.336491e-02	5.749479e-02
6.113000000000219e-07	3.229220e-02	2.327182e-02	5.655640e-02
6.115000000000219e-07	3.228933e-02	2.317625e-02	5.563871e-02
6.117000000000219e-07	3.227334e-02	2.308802e-02	5.474564e-02
6.119000000000219e-07	3.225602e-02	2.301464e-02	5.387931e-02
6.121000000000220e-07	3.224307e-02	2.295217e-02	5.303990e-02
6.123000000000220e-07	3.223414e-02	2.288763e-02	5.222565e-02
6.125000000000220e-07	3.222580e-02	2.280871e-02	5.143293e-02
6.127000000000220e-07	3.221384e-02	2.271000e-02	5.065655e-02
6.129000000000220e-07	3.219419e-02	2.259248e-02	4.989010e-02
6.131000000000220e-07	3.216349e-02	2.246059e-02	4.912630e-02
6.133000000000220e-07	3.212015e-02	2.232042e-02	4.835752e-02
6.135000000000221e-07	3.206520e-02	2.217839e-02	4.757619e-02
6.137000000000221e-07	3.200234e-02	2.203947e-02	4.677529e-02
6.139000000000221e-07	3.193708e-02	2.190576e-02	4.594865e-02
6.141000000000221e-07	3.187560e-02	2.177620e-02	4.509139e-02
6.143000000000221e-07	3.182345e-02	2.164726e-02	4.420005e-02
6.145000000000221e-07	3.178450e-02	2.151407e-02	4.327277e-02
6.147000000000221e-07	3.176036e-02	2.137156e-02	4.230930e-02
6.149000000000222e-07	3.175028e-02	2.121550e-02	4.131081e-02
6.151000000000222e-07	3.175150e-02	2.104318e-02	4.028001e-02
6.153000000000222e-07	3.175992e-02	2.085370e-02	3.922127e-02
6.155000000000222e-07	3.177096e-02	2.064787e-02	3.814071e-02
6.157000000000222e-07	3.178025e-02	2.042786e-02	3.704580e-02
6.159000000000222e-07	3.178435e-02	2.019673e-02	3.594432e-02
6.161000000000223e-07	3.178105e-02	1.995789e-02	3.484314e-02
6.163000000000223e-07	3.176951e-02	1.971466e-02	3.374711e-02
6.165000000000223e-07	3.175016e-02	1.946996e-02	3.265852e-02
6.167000000000223e-07	3.172443e-02	1.922611e-02	3.157863e-02
6.169000000000223e-07	3.169429e-02	1.898477e-02	3.051139e-02
6.171000000000223e-07	3.166190e-02	1.874698e-02	2.946654e-02
6.173000000000223e-07	3.162923e-02	1.851325e-02	2.845762e-02
6.175000000000224e-07	3.159779e-02	1.828373e-02	2.749473e-02
6.177000000000224e-07	3.156843e-02	1.805829e-02	2.657809e-02
6.179000000000224e-07	3.154134e-02	1.783667e-02	2.569810e-02
6.181000000000224e-07	3.151607e-02	1.761852e-02	2.484235e-02
6.183000000000224e-07	3.149170e-02	1.740349e-02	2.400320e-02
6.185000000000224e-07	3.146700e-02	1.719120e-02	2.318030e-02
6.187000000000224e-07	3.144065e-02	1.698127e-02	2.237686e-02
6.189000000000225e-07	3.141140e-02	1.677333e-02	2.159399e-02
6.191000000000225e-07	3.137825e-02	1.656698e-02	2.082832e-02
6.193000000000225e-07	3.134052e-02	1.636184e-02	2.007455e-02
6.195000000000225e-07	3.129794e-02	1.615755e-02	1.932796e-02
6.197000000000225e-07	3.125057e-02	1.595384e-02	1.858253e-02
6.199000000000225e-07	3.119880e-02	1.575051e-02	1.782771e-02
6.201000000000226e-07	3.114324e-02	1.554756e-02	1.705180e-02
6.203000000000226e-07	3.108459e-02	1.534515e-02	1.625155e-02
6.205000000000226e-07	3.102357e-02	1.514367e-02	1.543702e-02
6.209000000000226e-07	3.089663e-02	1.474613e-02	1.381848e-02
6.211000000000226e-07	3.083127e-02	1.455189e-02	1.301374e-02
6.213000000000226e-07	3.076459e-02	1.436211e-02	1.219388e-02
6.215000000000227e-07	3.069619e-02	1.417794e-02	1.134678e-02
6.217000000000227e-07	3.062542e-02	1.400048e-02	1.046897e-02
6.219000000000227e-07	3.055145e-02	1.383069e-02	9.562518e-03
6.221000000000227e-07	3.047334e-02	1.366930e-02	8.629453e-03
6.223000000000227e-07	3.039010e-02	1.351673e-02	7.669651e-03
6.225000000000227e-07	3.030078e-02	1.337300e-02	6.683056e-03
6.227000000000227e-07	3.020457e-02	1.323773e-02	5.673036e-03
6.229000000000228e-07	3.010083e-02	1.311009e-02	4.647952e-03
6.231000000000228e-07	2.998915e-02	1.298881e-02	3.620088e-03
6.233000000000228e-07	2.986939e-02	1.287220e-02	2.602702e-03
6.237000000000228e-07	2.960647e-02	1.264465e-02	6.364241e-04
6.239000000000228e-07	2.946458e-02	1.252892e-02	-3.093242e-04
6.241000000000229e-07	2.931717e-02	1.240852e-02	-1.239458e-03
6.243000000000229e-07	2.916559e-02	1.228085e-02	-2.167419e-03
6.245000000000229e-07	2.901092e-02	1.214340e-02	-3.108480e-03
6.247000000000229e-07	2.885341e-02	1.199388e-02	-4.076523e-03
6.251000000000229e-07	2.852729e-02	1.165234e-02	-6.126204e-03
6.253000000000229e-07	2.835897e-02	1.145906e-02	-7.208310e-03
6.255000000000230e-07	2.819151e-02	1.125096e-02	-8.318157e-03
6.257000000000230e-07	2.803198e-02	1.102825e-02	-9.441597e-03
6.259000000000230e-07	2.788793e-02	1.079050e-02	-1.056185e-02
6.261000000000230e-07	2.776263e-02	1.053665e-02	-1.166184e-02
6.263000000000230e-07	2.764997e-02	1.026598e-02	-1.272647e-02
6.265000000000230e-07	2.753401e-02	9.979757e-03	-1.374434e-02
6.267000000000230e-07	2.739695e-02	9.682339e-03	-1.470896e-02
6.269000000000231e-07	2.723196e-02	9.380497e-03	-1.561916e-02
6.271000000000231e-07	2.704970e-02	9.081005e-03	-1.647885e-02
6.273000000000231e-07	2.687146e-02	8.788083e-03	-1.729624e-02
6.275000000000231e-07	2.671498e-02	8.502457e-03	-1.808259e-02
6.277000000000231e-07	2.658615e-02	8.222560e-03	-1.885081e-02
6.279000000000231e-07	2.648103e-02	7.946766e-03	-1.961395e-02
6.281000000000232e-07	2.639186e-02	7.674852e-03	-2.038395e-02
6.283000000000232e-07	2.630952e-02	7.407859e-03	-2.117047e-02
6.285000000000232e-07	2.622244e-02	7.147252e-03	-2.198025e-02
6.287000000000232e-07	2.611700e-02	6.895031e-03	-2.281662e-02
6.289000000000232e-07	2.598387e-02	6.654797e-03	-2.367955e-02
6.291000000000232e-07	2.582768e-02	6.431730e-03	-2.456592e-02
6.293000000000232e-07	2.566862e-02	6.230107e-03	-2.547000e-02
6.295000000000233e-07	2.552746e-02	6.049957e-03	-2.638419e-02
6.297000000000233e-07	2.540402e-02	5.886047e-03	-2.729975e-02
6.299000000000233e-07	2.527398e-02	5.730439e-03	-2.820759e-02
6.301000000000233e-07	2.511300e-02	5.576588e-03	-2.909901e-02
6.303000000000233e-07	2.492342e-02	5.421818e-03	-2.996626e-02
6.305000000000233e-07	2.473313e-02	5.266871e-03	-3.080307e-02
6.307000000000233e-07	2.456971e-02	5.113916e-03	-3.160492e-02
6.309000000000234e-07	2.444063e-02	4.965163e-03	-3.236920e-02
6.311000000000234e-07	2.433616e-02	4.822736e-03	-3.309525e-02
6.313000000000234e-07	2.424211e-02	4.688796e-03	-3.378421e-02
6.315000000000234e-07	2.414634e-02	4.564908e-03	-3.443881e-02
6.317000000000234e-07	2.403887e-02	4.450835e-03	-3.506313e-02
6.319000000000234e-07	2.391260e-02	4.343669e-03	-3.566220e-02
6.321000000000235e-07	2.376519e-02	4.237891e-03	-3.624173e-02
6.323000000000235e-07	2.359916e-02	4.126328e-03	-3.680776e-02
6.325000000000235e-07	2.342020e-02	4.001592e-03	-3.736635e-02
6.327000000000235e-07	2.323520e-02	3.857536e-03	-3.792333e-02
6.329000000000235e-07	2.305068e-02	3.690375e-03	-3.848420e-02
6.331000000000235e-07	2.287159e-02	3.499251e-03	-3.905402e-02
6.335000000000236e-07	2.253803e-02	3.055554e-03	-4.023736e-02
6.337000000000236e-07	2.238209e-02	2.813180e-03	-4.085667e-02
6.339000000000236e-07	2.222959e-02	2.565410e-03	-4.149606e-02
6.341000000000236e-07	2.207663e-02	2.318216e-03	-4.215568e-02
6.343000000000236e-07	2.191924e-02	2.076534e-03	-4.283562e-02
6.345000000000236e-07	2.175397e-02	1.843887e-03	-4.353692e-02
6.347000000000236e-07	2.157822e-02	1.622292e-03	-4.426226e-02
6.351000000000237e-07	2.119004e-02	1.213758e-03	-4.579783e-02
6.353000000000237e-07	2.097750e-02	1.025245e-03	-4.660599e-02
6.355000000000237e-07	2.075395e-02	8.453625e-04	-4.743053e-02
6.357000000000237e-07	2.052107e-02	6.725674e-04	-4.826140e-02
6.359000000000237e-07	2.028088e-02	5.054724e-04	-4.909358e-02
6.361000000000238e-07	2.003551e-02	3.429450e-04	-4.992854e-02
6.363000000000238e-07	1.978711e-02	1.841148e-04	-5.077036e-02
6.365000000000238e-07	1.953770e-02	2.831212e-05	-5.162019e-02
6.367000000000238e-07	1.928910e-02	-1.250325e-04	-5.247404e-02
6.371000000000238e-07	1.880051e-02	-4.267440e-04	-5.417018e-02
6.377000000000239e-07	1.810513e-02	-8.790418e-04	-5.667377e-02
6.381000000000239e-07	1.767267e-02	-1.192249e-03	-5.830955e-02
6.383000000000239e-07	1.746578e-02	-1.355222e-03	-5.911000e-02
6.385000000000239e-07	1.726454e-02	-1.523202e-03	-5.988963e-02
6.387000000000240e-07	1.706831e-02	-1.696290e-03	-6.063179e-02
6.391000000000240e-07	1.668761e-02	-2.055961e-03	-6.194115e-02
6.393000000000240e-07	1.650136e-02	-2.240526e-03	-6.250674e-02
6.395000000000240e-07	1.631667e-02	-2.426262e-03	-6.303044e-02
6.399000000000240e-07	1.594902e-02	-2.793833e-03	-6.399773e-02
6.403000000000241e-07	1.558026e-02	-3.143434e-03	-6.487152e-02
6.405000000000241e-07	1.539494e-02	-3.307273e-03	-6.527817e-02
6.407000000000241e-07	1.520912e-02	-3.462194e-03	-6.567485e-02
6.411000000000241e-07	1.483734e-02	-3.743223e-03	-6.646483e-02
6.413000000000241e-07	1.465238e-02	-3.869592e-03	-6.685813e-02
6.415000000000242e-07	1.446877e-02	-3.987556e-03	-6.724163e-02
6.417000000000242e-07	1.428706e-02	-4.098458e-03	-6.760615e-02
6.421000000000242e-07	1.393092e-02	-4.306271e-03	-6.825230e-02
6.423000000000242e-07	1.375696e-02	-4.407424e-03	-6.853225e-02
6.425000000000242e-07	1.358580e-02	-4.509751e-03	-6.879056e-02
6.427000000000243e-07	1.341723e-02	-4.615356e-03	-6.903701e-02
6.429000000000243e-07	1.325079e-02	-4.725907e-03	-6.928266e-02
6.431000000000243e-07	1.308547e-02	-4.842451e-03	-6.953777e-02
6.433000000000243e-07	1.291972e-02	-4.965537e-03	-6.981020e-02
6.435000000000243e-07	1.275154e-02	-5.095736e-03	-7.010447e-02
6.437000000000243e-07	1.257909e-02	-5.234255e-03	-7.042158e-02
6.439000000000243e-07	1.240142e-02	-5.383129e-03	-7.075938e-02
6.441000000000244e-07	1.221909e-02	-5.544601e-03	-7.111351e-02
6.443000000000244e-07	1.203392e-02	-5.719671e-03	-7.147837e-02
6.445000000000244e-07	1.184761e-02	-5.906198e-03	-7.184820e-02
6.447000000000244e-07	1.165956e-02	-6.097850e-03	-7.221789e-02
6.449000000000244e-07	1.146545e-02	-6.285678e-03	-7.258356e-02
6.451000000000244e-07	1.125812e-02	-6.462522e-03	-7.294277e-02
6.455000000000245e-07	1.078151e-02	-6.785826e-03	-7.363904e-02
6.457000000000245e-07	1.051327e-02	-6.945587e-03	-7.397730e-02
6.459000000000245e-07	1.023376e-02	-7.111438e-03	-7.431073e-02
6.461000000000245e-07	9.951292e-03	-7.282990e-03	-7.464081e-02
6.463000000000245e-07	9.672154e-03	-7.455929e-03	-7.496884e-02
6.469000000000246e-07	8.882206e-03	-7.919031e-03	-7.594801e-02
6.471000000000246e-07	8.633943e-03	-8.034278e-03	-7.627359e-02
6.473000000000246e-07	8.385471e-03	-8.126548e-03	-7.659872e-02
6.475000000000246e-07	8.128270e-03	-8.202804e-03	-7.692342e-02
6.477000000000246e-07	7.856554e-03	-8.273770e-03	-7.724783e-02
6.479000000000246e-07	7.572212e-03	-8.345965e-03	-7.757232e-02
6.481000000000247e-07	7.285332e-03	-8.415939e-03	-7.789741e-02
6.483000000000247e-07	7.009029e-03	-8.474164e-03	-7.822367e-02
6.485000000000247e-07	6.752416e-03	-8.515945e-03	-7.855157e-02
6.487000000000247e-07	6.517113e-03	-8.547782e-03	-7.888131e-02
6.489000000000247e-07	6.298969e-03	-8.582425e-03	-7.921263e-02
6.491000000000247e-07	6.092004e-03	-8.628791e-03	-7.954462e-02
6.493000000000247e-07	5.891046e-03	-8.687160e-03	-7.987563e-02
6.495000000000248e-07	5.692474e-03	-8.751983e-03	-8.020314e-02
6.497000000000248e-07	5.494446e-03	-8.816735e-03	-8.052381e-02
6.499000000000248e-07	5.297347e-03	-8.876487e-03	-8.083352e-02
6.501000000000248e-07	5.103839e-03	-8.928634e-03	-8.112752e-02
6.503000000000248e-07	4.918023e-03	-8.973267e-03	-8.140063e-02
6.505000000000248e-07	4.743992e-03	-9.013056e-03	-8.164748e-02
6.507000000000249e-07	4.584411e-03	-9.052196e-03	-8.186281e-02
6.509000000000249e-07	4.439569e-03	-9.094899e-03	-8.204176e-02
6.511000000000249e-07	4.307075e-03	-9.144171e-03	-8.218013e-02
6.513000000000249e-07	4.182212e-03	-9.201190e-03	-8.227481e-02
6.515000000000249e-07	4.058771e-03	-9.265257e-03	-8.232383e-02
6.517000000000249e-07	3.930162e-03	-9.334238e-03	-8.232649e-02
6.519000000000249e-07	3.790501e-03	-9.405277e-03	-8.228301e-02
6.521000000000250e-07	3.635483e-03	-9.475575e-03	-8.219457e-02
6.523000000000250e-07	3.462901e-03	-9.543031e-03	-8.206365e-02
6.525000000000250e-07	3.272769e-03	-9.606624e-03	-8.189471e-02
6.527000000000250e-07	3.067100e-03	-9.666507e-03	-8.169437e-02
6.529000000000250e-07	2.849409e-03	-9.723825e-03	-8.147120e-02
6.531000000000250e-07	2.624085e-03	-9.780357e-03	-8.123447e-02
6.533000000000250e-07	2.395738e-03	-9.838063e-03	-8.099226e-02
6.535000000000251e-07	2.168618e-03	-9.898661e-03	-8.074971e-02
6.537000000000251e-07	1.946189e-03	-9.963271e-03	-8.050946e-02
6.539000000000251e-07	1.730871e-03	-1.003223e-02	-8.027445e-02
6.541000000000251e-07	1.523964e-03	-1.010502e-02	-8.005077e-02
6.543000000000251e-07	1.325731e-03	-1.018041e-02	-7.984732e-02
6.545000000000251e-07	1.135575e-03	-1.025662e-02	-7.967182e-02
6.547000000000252e-07	9.522960e-04	-1.033162e-02	-7.952664e-02
6.549000000000252e-07	7.743572e-04	-1.040342e-02	-7.940842e-02
6.551000000000252e-07	6.001278e-04	-1.047033e-02	-7.931220e-02
6.553000000000252e-07	4.280812e-04	-1.053113e-02	-7.923712e-02
6.555000000000252e-07	2.569291e-04	-1.058525e-02	-7.918850e-02
6.559000000000252e-07	-8.630496e-05	-1.067425e-02	-7.919687e-02
6.561000000000253e-07	-2.594398e-04	-1.071091e-02	-7.925452e-02
6.563000000000253e-07	-4.338872e-04	-1.074415e-02	-7.933991e-02
6.565000000000253e-07	-6.096809e-04	-1.077553e-02	-7.944265e-02
6.567000000000253e-07	-7.867911e-04	-1.080655e-02	-7.954502e-02
6.569000000000253e-07	-9.651836e-04	-1.083848e-02	-7.962097e-02
6.571000000000253e-07	-1.144858e-03	-1.087225e-02	-7.964496e-02
6.573000000000253e-07	-1.325861e-03	-1.090833e-02	-7.960600e-02
6.575000000000254e-07	-1.508279e-03	-1.094675e-02	-7.951383e-02
6.577000000000254e-07	-1.692211e-03	-1.098706e-02	-7.939117e-02
6.579000000000254e-07	-1.877727e-03	-1.102842e-02	-7.925913e-02
6.581000000000254e-07	-2.064829e-03	-1.106964e-02	-7.912778e-02
6.583000000000254e-07	-2.253412e-03	-1.110935e-02	-7.899724e-02
6.585000000000254e-07	-2.443228e-03	-1.114602e-02	-7.886482e-02
6.587000000000255e-07	-2.633876e-03	-1.117817e-02	-7.873027e-02
6.589000000000255e-07	-2.824798e-03	-1.120438e-02	-7.859502e-02
6.591000000000255e-07	-3.015299e-03	-1.122343e-02	-7.845742e-02
6.593000000000255e-07	-3.204579e-03	-1.123432e-02	-7.830898e-02
6.595000000000255e-07	-3.391779e-03	-1.123635e-02	-7.813442e-02
6.597000000000255e-07	-3.576041e-03	-1.122909e-02	-7.791530e-02
6.599000000000255e-07	-3.756558e-03	-1.121241e-02	-7.763521e-02
6.601000000000256e-07	-3.932623e-03	-1.118644e-02	-7.728447e-02
6.603000000000256e-07	-4.103647e-03	-1.115151e-02	-7.686283e-02
6.605000000000256e-07	-4.269161e-03	-1.110816e-02	-7.637987e-02
6.607000000000256e-07	-4.428842e-03	-1.105706e-02	-7.585310e-02
6.609000000000256e-07	-4.582684e-03	-1.099905e-02	-7.530471e-02
6.611000000000256e-07	-4.731311e-03	-1.093502e-02	-7.475775e-02
6.613000000000256e-07	-4.876248e-03	-1.086584e-02	-7.423273e-02
6.615000000000257e-07	-5.019662e-03	-1.079222e-02	-7.374520e-02
6.617000000000257e-07	-5.163354e-03	-1.071455e-02	-7.330444e-02
6.619000000000257e-07	-5.307339e-03	-1.063313e-02	-7.291348e-02
6.621000000000257e-07	-5.449075e-03	-1.054834e-02	-7.256989e-02
6.623000000000257e-07	-5.584282e-03	-1.046114e-02	-7.226725e-02
6.625000000000257e-07	-5.709712e-03	-1.037330e-02	-7.199673e-02
6.627000000000258e-07	-5.827093e-03	-1.028730e-02	-7.174855e-02
6.629000000000258e-07	-5.945849e-03	-1.020528e-02	-7.151322e-02
6.631000000000258e-07	-6.080921e-03	-1.012755e-02	-7.128213e-02
6.633000000000258e-07	-6.244174e-03	-1.005199e-02	-7.104796e-02
6.635000000000258e-07	-6.434368e-03	-9.975221e-03	-7.080463e-02
6.637000000000258e-07	-6.635044e-03	-9.895012e-03	-7.054707e-02
6.639000000000258e-07	-6.824195e-03	-9.812173e-03	-7.027095e-02
6.641000000000259e-07	-6.987923e-03	-9.730542e-03	-6.997239e-02
6.643000000000259e-07	-7.126300e-03	-9.655100e-03	-6.964784e-02
6.645000000000259e-07	-7.248599e-03	-9.589698e-03	-6.929404e-02
6.647000000000259e-07	-7.365561e-03	-9.536013e-03	-6.890821e-02
6.649000000000259e-07	-7.486159e-03	-9.494050e-03	-6.848823e-02
6.651000000000259e-07	-7.618431e-03	-9.463019e-03	-6.803299e-02
6.653000000000259e-07	-7.768983e-03	-9.441273e-03	-6.754264e-02
6.655000000000260e-07	-7.938000e-03	-9.425632e-03	-6.701879e-02
6.657000000000260e-07	-8.113562e-03	-9.411792e-03	-6.646460e-02
6.659000000000260e-07	-8.274352e-03	-9.396601e-03	-6.588477e-02
6.661000000000260e-07	-8.404776e-03	-9.380441e-03	-6.528525e-02
6.663000000000260e-07	-8.510802e-03	-9.367201e-03	-6.467298e-02
6.665000000000260e-07	-8.616884e-03	-9.361445e-03	-6.405541e-02
6.667000000000261e-07	-8.741735e-03	-9.365031e-03	-6.343995e-02
6.669000000000261e-07	-8.877444e-03	-9.375876e-03	-6.283354e-02
6.671000000000261e-07	-8.996069e-03	-9.389363e-03	-6.224204e-02
6.673000000000261e-07	-9.075987e-03	-9.400686e-03	-6.166990e-02
6.675000000000261e-07	-9.118515e-03	-9.406147e-03	-6.111982e-02
6.677000000000261e-07	-9.141251e-03	-9.403083e-03	-6.059254e-02
6.679000000000261e-07	-9.162503e-03	-9.389510e-03	-6.008686e-02
6.681000000000262e-07	-9.193952e-03	-9.364390e-03	-5.959970e-02
6.683000000000262e-07	-9.241692e-03	-9.328227e-03	-5.912635e-02
6.685000000000262e-07	-9.307621e-03	-9.283218e-03	-5.866082e-02
6.687000000000262e-07	-9.389251e-03	-9.232564e-03	-5.819621e-02
6.689000000000262e-07	-9.480590e-03	-9.179290e-03	-5.772520e-02
6.691000000000262e-07	-9.574506e-03	-9.125122e-03	-5.724053e-02
6.693000000000262e-07	-9.664815e-03	-9.069830e-03	-5.673542e-02
6.695000000000263e-07	-9.747368e-03	-9.011174e-03	-5.620402e-02
6.697000000000263e-07	-9.820420e-03	-8.945400e-03	-5.564182e-02
6.699000000000263e-07	-9.884496e-03	-8.868113e-03	-5.504576e-02
6.701000000000263e-07	-9.941841e-03	-8.775260e-03	-5.441416e-02
6.703000000000263e-07	-9.995668e-03	-8.663979e-03	-5.374651e-02
6.705000000000263e-07	-1.004943e-02	-8.533154e-03	-5.304359e-02
6.707000000000264e-07	-1.010627e-02	-8.383599e-03	-5.230774e-02
6.709000000000264e-07	-1.016861e-02	-8.217890e-03	-5.154340e-02
6.711000000000264e-07	-1.023801e-02	-8.039916e-03	-5.075744e-02
6.713000000000264e-07	-1.031516e-02	-7.854280e-03	-4.995893e-02
6.715000000000264e-07	-1.039999e-02	-7.665676e-03	-4.915778e-02
6.717000000000264e-07	-1.049182e-02	-7.478334e-03	-4.836167e-02
6.719000000000264e-07	-1.058953e-02	-7.295616e-03	-4.757339e-02
6.721000000000265e-07	-1.069171e-02	-7.119803e-03	-4.679151e-02
6.723000000000265e-07	-1.079676e-02	-6.952053e-03	-4.601488e-02
6.725000000000265e-07	-1.090298e-02	-6.792513e-03	-4.524719e-02
6.727000000000265e-07	-1.100863e-02	-6.640533e-03	-4.449730e-02
6.729000000000265e-07	-1.111198e-02	-6.494944e-03	-4.377493e-02
6.731000000000265e-07	-1.121135e-02	-6.354320e-03	-4.308571e-02
6.733000000000265e-07	-1.130519e-02	-6.217230e-03	-4.242955e-02
6.735000000000266e-07	-1.139214e-02	-6.082405e-03	-4.180320e-02
6.737000000000266e-07	-1.147111e-02	-5.948858e-03	-4.120401e-02
6.739000000000266e-07	-1.154135e-02	-5.815921e-03	-4.063098e-02
6.741000000000266e-07	-1.160250e-02	-5.683232e-03	-4.008203e-02
6.743000000000266e-07	-1.165463e-02	-5.550676e-03	-3.955103e-02
6.745000000000266e-07	-1.169823e-02	-5.418320e-03	-3.902918e-02
6.747000000000267e-07	-1.173421e-02	-5.286321e-03	-3.850931e-02
6.749000000000267e-07	-1.176379e-02	-5.154870e-03	-3.798715e-02
6.751000000000267e-07	-1.178846e-02	-5.024137e-03	-3.745734e-02
6.753000000000267e-07	-1.180982e-02	-4.894256e-03	-3.691000e-02
6.755000000000267e-07	-1.182948e-02	-4.765318e-03	-3.633412e-02
6.757000000000267e-07	-1.184893e-02	-4.637394e-03	-3.572497e-02
6.759000000000267e-07	-1.186942e-02	-4.510567e-03	-3.508779e-02
6.761000000000268e-07	-1.189191e-02	-4.384962e-03	-3.443373e-02
6.765000000000268e-07	-1.194457e-02	-4.138305e-03	-3.310777e-02
6.767000000000268e-07	-1.197457e-02	-4.017918e-03	-3.243823e-02
6.769000000000268e-07	-1.200623e-02	-3.900069e-03	-3.176064e-02
6.771000000000268e-07	-1.203855e-02	-3.785246e-03	-3.107155e-02
6.773000000000269e-07	-1.207024e-02	-3.673923e-03	-3.036634e-02
6.775000000000269e-07	-1.209991e-02	-3.566502e-03	-2.963772e-02
6.777000000000269e-07	-1.212609e-02	-3.463251e-03	-2.887655e-02
6.779000000000269e-07	-1.214739e-02	-3.364236e-03	-2.807497e-02
6.781000000000269e-07	-1.216254e-02	-3.269275e-03	-2.723016e-02
6.783000000000269e-07	-1.217051e-02	-3.177903e-03	-2.634673e-02
6.785000000000269e-07	-1.217055e-02	-3.089359e-03	-2.543664e-02
6.787000000000270e-07	-1.216223e-02	-3.002596e-03	-2.451678e-02
6.789000000000270e-07	-1.214541e-02	-2.916308e-03	-2.360521e-02
6.791000000000270e-07	-1.212025e-02	-2.828941e-03	-2.271701e-02
6.793000000000270e-07	-1.208719e-02	-2.738665e-03	-2.186102e-02
6.795000000000270e-07	-1.204706e-02	-2.643337e-03	-2.103809e-02
6.797000000000270e-07	-1.200114e-02	-2.540569e-03	-2.024115e-02
6.799000000000270e-07	-1.195113e-02	-2.428075e-03	-1.945705e-02
6.801000000000271e-07	-1.189884e-02	-2.304284e-03	-1.866929e-02
6.803000000000271e-07	-1.184563e-02	-2.168877e-03	-1.786140e-02
6.805000000000271e-07	-1.179186e-02	-2.022778e-03	-1.701996e-02
6.807000000000271e-07	-1.173664e-02	-1.867327e-03	-1.613692e-02
6.809000000000271e-07	-1.167850e-02	-1.702746e-03	-1.521077e-02
6.811000000000271e-07	-1.161693e-02	-1.526675e-03	-1.424667e-02
6.813000000000272e-07	-1.155398e-02	-1.334169e-03	-1.325543e-02
6.815000000000272e-07	-1.149472e-02	-1.120345e-03	-1.225177e-02
6.817000000000272e-07	-1.144531e-02	-8.847559e-04	-1.125218e-02
6.819000000000272e-07	-1.140968e-02	-6.340967e-04	-1.027272e-02
6.821000000000272e-07	-1.138676e-02	-3.801619e-04	-9.327021e-03
6.823000000000272e-07	-1.137062e-02	-1.339498e-04	-8.424829e-03
6.825000000000272e-07	-1.135331e-02	9.951372e-05	-7.571156e-03
6.827000000000273e-07	-1.132849e-02	3.219149e-04	-6.766075e-03
6.829000000000273e-07	-1.129341e-02	5.385273e-04	-6.005100e-03
6.831000000000273e-07	-1.124854e-02	7.545883e-04	-5.280049e-03
6.833000000000273e-07	-1.119612e-02	9.735052e-04	-4.580217e-03
6.835000000000273e-07	-1.113954e-02	1.196478e-03	-3.893689e-03
6.837000000000273e-07	-1.108383e-02	1.421744e-03	-3.208638e-03
6.839000000000273e-07	-1.103575e-02	1.642997e-03	-2.514467e-03
6.841000000000274e-07	-1.100171e-02	1.849491e-03	-1.802699e-03
6.843000000000274e-07	-1.098379e-02	2.030894e-03	-1.067564e-03
6.845000000000274e-07	-1.097699e-02	2.185124e-03	-3.062600e-04
6.847000000000274e-07	-1.097069e-02	2.321570e-03	4.810846e-04
6.849000000000274e-07	-1.095433e-02	2.454264e-03	1.291714e-03
6.851000000000274e-07	-1.092310e-02	2.590229e-03	2.120740e-03
6.853000000000275e-07	-1.087942e-02	2.724739e-03	2.961759e-03
6.855000000000275e-07	-1.082979e-02	2.848152e-03	3.807529e-03
6.857000000000275e-07	-1.078048e-02	2.956357e-03	4.650631e-03
6.859000000000275e-07	-1.073521e-02	3.054340e-03	5.484070e-03
6.861000000000275e-07	-1.069501e-02	3.151626e-03	6.301765e-03
6.863000000000275e-07	-1.065868e-02	3.256227e-03	7.098923e-03
6.865000000000275e-07	-1.062308e-02	3.372034e-03	7.872270e-03
6.867000000000276e-07	-1.058367e-02	3.499119e-03	8.620154e-03
6.869000000000276e-07	-1.053585e-02	3.634745e-03	9.342515e-03
6.871000000000276e-07	-1.047642e-02	3.774593e-03	1.004077e-02
6.873000000000276e-07	-1.040464e-02	3.914425e-03	1.071762e-02
6.875000000000276e-07	-1.032243e-02	4.051663e-03	1.137678e-02
6.877000000000276e-07	-1.023375e-02	4.186211e-03	1.202269e-02
6.879000000000276e-07	-1.014362e-02	4.320342e-03	1.266019e-02
6.881000000000277e-07	-1.005683e-02	4.457968e-03	1.329430e-02
6.883000000000277e-07	-9.976888e-03	4.603615e-03	1.393017e-02
6.885000000000277e-07	-9.905290e-03	4.761386e-03	1.457302e-02
6.887000000000277e-07	-9.841297e-03	4.934152e-03	1.522791e-02
6.889000000000277e-07	-9.782170e-03	5.123096e-03	1.589925e-02
6.891000000000277e-07	-9.723743e-03	5.327644e-03	1.659031e-02
6.893000000000278e-07	-9.661203e-03	5.545700e-03	1.730283e-02
6.895000000000278e-07	-9.589877e-03	5.774073e-03	1.803708e-02
6.897000000000278e-07	-9.505915e-03	6.008996e-03	1.879246e-02
6.899000000000278e-07	-9.406755e-03	6.246597e-03	1.956940e-02
6.901000000000278e-07	-9.291350e-03	6.483285e-03	2.037095e-02
6.903000000000278e-07	-9.160136e-03	6.715993e-03	2.120198e-02
6.905000000000278e-07	-9.014824e-03	6.942295e-03	2.206540e-02
6.907000000000279e-07	-8.858046e-03	7.160407e-03	2.295875e-02
6.909000000000279e-07	-8.692950e-03	7.369129e-03	2.387491e-02
6.911000000000279e-07	-8.522806e-03	7.567749e-03	2.480669e-02
6.913000000000279e-07	-8.350661e-03	7.755959e-03	2.575095e-02
6.915000000000279e-07	-8.179098e-03	7.933779e-03	2.670865e-02
6.917000000000279e-07	-8.010092e-03	8.101528e-03	2.768060e-02
6.919000000000279e-07	-7.844963e-03	8.259821e-03	2.866309e-02
6.921000000000280e-07	-7.684420e-03	8.409576e-03	2.964734e-02
6.925000000000280e-07	-7.377503e-03	8.688729e-03	3.158614e-02
6.929000000000280e-07	-7.087211e-03	8.952465e-03	3.346575e-02
6.931000000000280e-07	-6.947022e-03	9.083766e-03	3.438412e-02
6.933000000000281e-07	-6.809500e-03	9.217628e-03	3.529314e-02
6.937000000000281e-07	-6.541157e-03	9.501057e-03	3.711353e-02
6.939000000000281e-07	-6.409954e-03	9.653801e-03	3.802289e-02
6.941000000000281e-07	-6.280612e-03	9.815224e-03	3.890872e-02
6.943000000000281e-07	-6.153089e-03	9.985598e-03	3.974722e-02
6.945000000000281e-07	-6.027349e-03	1.016457e-02	4.052411e-02
6.947000000000282e-07	-5.903322e-03	1.035120e-02	4.123991e-02
6.949000000000282e-07	-5.780899e-03	1.054400e-02	4.190511e-02
6.951000000000282e-07	-5.659923e-03	1.074107e-02	4.253111e-02
6.955000000000282e-07	-5.421491e-03	1.113904e-02	4.368975e-02
6.957000000000282e-07	-5.303579e-03	1.133531e-02	4.422958e-02
6.959000000000282e-07	-5.186245e-03	1.152688e-02	4.475143e-02
6.961000000000283e-07	-5.069301e-03	1.171195e-02	4.526487e-02
6.963000000000283e-07	-4.952610e-03	1.188917e-02	4.577904e-02
6.967000000000283e-07	-4.719631e-03	1.221733e-02	4.682770e-02
6.969000000000283e-07	-4.603201e-03	1.236832e-02	4.735944e-02
6.971000000000283e-07	-4.486660e-03	1.251153e-02	4.788875e-02
6.977000000000284e-07	-4.135353e-03	1.290912e-02	4.941295e-02
6.979000000000284e-07	-4.018476e-03	1.303728e-02	4.989991e-02
6.981000000000284e-07	-3.902621e-03	1.316693e-02	5.038584e-02
6.983000000000284e-07	-3.787458e-03	1.330042e-02	5.088016e-02
6.985000000000284e-07	-3.670803e-03	1.343988e-02	5.139232e-02
6.987000000000285e-07	-3.548556e-03	1.358684e-02	5.193017e-02
6.991000000000285e-07	-3.271120e-03	1.390476e-02	5.309908e-02
6.993000000000285e-07	-3.116322e-03	1.407420e-02	5.372951e-02
6.995000000000285e-07	-2.960275e-03	1.424952e-02	5.438498e-02
6.997000000000285e-07	-2.813545e-03	1.443131e-02	5.505865e-02
6.999000000000285e-07	-2.680787e-03	1.462153e-02	5.574286e-02
7.001000000000286e-07	-2.554146e-03	1.482208e-02	5.643016e-02
7.003000000000286e-07	-2.415105e-03	1.503275e-02	5.711419e-02
7.005000000000286e-07	-2.245609e-03	1.525019e-02	5.779015e-02
7.007000000000286e-07	-2.039773e-03	1.546873e-02	5.845507e-02
7.009000000000286e-07	-1.806161e-03	1.568263e-02	5.910770e-02
7.011000000000286e-07	-1.560163e-03	1.588802e-02	5.974822e-02
7.013000000000287e-07	-1.315135e-03	1.608342e-02	6.037785e-02
7.015000000000287e-07	-1.079411e-03	1.626882e-02	6.099832e-02
7.019000000000287e-07	-6.526746e-04	1.661243e-02	6.221914e-02
7.021000000000287e-07	-4.596369e-04	1.677396e-02	6.282247e-02
7.023000000000287e-07	-2.662930e-04	1.693218e-02	6.342232e-02
7.025000000000287e-07	-5.685705e-05	1.708853e-02	6.401911e-02
7.027000000000288e-07	1.744155e-04	1.724124e-02	6.461293e-02
7.029000000000288e-07	4.136484e-04	1.738583e-02	6.520375e-02
7.031000000000288e-07	6.356584e-04	1.751797e-02	6.579154e-02
7.033000000000288e-07	8.269473e-04	1.763648e-02	6.637642e-02
7.035000000000288e-07	1.000153e-03	1.774409e-02	6.695872e-02
7.037000000000288e-07	1.182502e-03	1.784567e-02	6.753898e-02
7.039000000000288e-07	1.389985e-03	1.794570e-02	6.811790e-02
7.041000000000289e-07	1.614864e-03	1.804679e-02	6.869616e-02
7.043000000000289e-07	1.836184e-03	1.814974e-02	6.927431e-02
7.045000000000289e-07	2.037043e-03	1.825403e-02	6.985252e-02
7.047000000000289e-07	2.211335e-03	1.835811e-02	7.043047e-02
7.049000000000289e-07	2.360479e-03	1.845969e-02	7.100715e-02
7.051000000000289e-07	2.489517e-03	1.855638e-02	7.158083e-02
7.053000000000290e-07	2.605796e-03	1.864680e-02	7.214897e-02
7.055000000000290e-07	2.717693e-03	1.873155e-02	7.270830e-02
7.057000000000290e-07	2.832463e-03	1.881343e-02	7.325496e-02
7.059000000000290e-07	2.954739e-03	1.889696e-02	7.378460e-02
7.061000000000290e-07	3.086406e-03	1.898716e-02	7.429265e-02
7.063000000000290e-07	3.227207e-03	1.908840e-02	7.477456e-02
7.065000000000290e-07	3.375569e-03	1.920321e-02	7.522617e-02
7.067000000000291e-07	3.529430e-03	1.933172e-02	7.564424e-02
7.069000000000291e-07	3.686937e-03	1.947164e-02	7.602664e-02
7.075000000000291e-07	4.172578e-03	1.991382e-02	7.695363e-02
7.077000000000291e-07	4.339082e-03	2.005220e-02	7.719026e-02
7.079000000000291e-07	4.508909e-03	2.018039e-02	7.739298e-02
7.081000000000292e-07	4.682703e-03	2.029768e-02	7.756537e-02
7.083000000000292e-07	4.860886e-03	2.040526e-02	7.771359e-02
7.085000000000292e-07	5.043598e-03	2.050588e-02	7.784630e-02
7.087000000000292e-07	5.230705e-03	2.060328e-02	7.797308e-02
7.089000000000292e-07	5.421854e-03	2.070152e-02	7.810258e-02
7.091000000000292e-07	5.616546e-03	2.080435e-02	7.824183e-02
7.093000000000293e-07	5.814205e-03	2.091463e-02	7.839668e-02
7.095000000000293e-07	6.014224e-03	2.103409e-02	7.857220e-02
7.097000000000293e-07	6.215989e-03	2.116307e-02	7.877174e-02
7.099000000000293e-07	6.418874e-03	2.130067e-02	7.899524e-02
7.101000000000293e-07	6.622235e-03	2.144489e-02	7.923838e-02
7.103000000000293e-07	6.825382e-03	2.159304e-02	7.949439e-02
7.105000000000293e-07	7.027585e-03	2.174207e-02	7.975882e-02
7.107000000000294e-07	7.228078e-03	2.188897e-02	8.003391e-02
7.109000000000294e-07	7.426092e-03	2.203109e-02	8.032855e-02
7.111000000000294e-07	7.620904e-03	2.216640e-02	8.065318e-02
7.115000000000294e-07	7.998629e-03	2.241234e-02	8.141651e-02
7.117000000000294e-07	8.180890e-03	2.252282e-02	8.185665e-02
7.119000000000294e-07	8.358744e-03	2.262599e-02	8.232676e-02
7.121000000000295e-07	8.532552e-03	2.272324e-02	8.280757e-02
7.123000000000295e-07	8.702965e-03	2.281619e-02	8.327173e-02
7.125000000000295e-07	8.870887e-03	2.290652e-02	8.369321e-02
7.127000000000295e-07	9.037419e-03	2.299577e-02	8.405656e-02
7.129000000000295e-07	9.203777e-03	2.308519e-02	8.435945e-02
7.131000000000295e-07	9.371193e-03	2.317565e-02	8.460854e-02
7.133000000000296e-07	9.540829e-03	2.326757e-02	8.481330e-02
7.135000000000296e-07	9.713678e-03	2.336094e-02	8.498279e-02
7.137000000000296e-07	9.890487e-03	2.345533e-02	8.512603e-02
7.139000000000296e-07	1.007171e-02	2.354997e-02	8.525421e-02
7.141000000000296e-07	1.025745e-02	2.364383e-02	8.538106e-02
7.143000000000296e-07	1.044748e-02	2.373575e-02	8.552001e-02
7.145000000000296e-07	1.064127e-02	2.382448e-02	8.567929e-02
7.147000000000297e-07	1.083798e-02	2.390884e-02	8.585796e-02
7.149000000000297e-07	1.103660e-02	2.398773e-02	8.604491e-02
7.151000000000297e-07	1.123594e-02	2.406025e-02	8.622132e-02
7.153000000000297e-07	1.143483e-02	2.412567e-02	8.636543e-02
7.155000000000297e-07	1.163213e-02	2.418352e-02	8.645783e-02
7.157000000000297e-07	1.182687e-02	2.423358e-02	8.648604e-02
7.159000000000298e-07	1.201820e-02	2.427595e-02	8.644709e-02
7.161000000000298e-07	1.220544e-02	2.431114e-02	8.634790e-02
7.163000000000298e-07	1.238793e-02	2.433990e-02	8.620368e-02
7.165000000000298e-07	1.256519e-02	2.436297e-02	8.603492e-02
7.167000000000298e-07	1.273714e-02	2.438064e-02	8.586387e-02
7.169000000000298e-07	1.290451e-02	2.439254e-02	8.571129e-02
7.171000000000298e-07	1.306910e-02	2.439795e-02	8.559379e-02
7.173000000000299e-07	1.323359e-02	2.439673e-02	8.552241e-02
7.175000000000299e-07	1.340049e-02	2.439040e-02	8.550215e-02
7.177000000000299e-07	1.357079e-02	2.438280e-02	8.553246e-02
7.179000000000299e-07	1.374281e-02	2.437942e-02	8.560829e-02
7.181000000000299e-07	1.391272e-02	2.438467e-02	8.572152e-02
7.183000000000299e-07	1.407685e-02	2.439858e-02	8.586235e-02
7.185000000000299e-07	1.423464e-02	2.441564e-02	8.602045e-02
7.187000000000300e-07	1.439009e-02	2.442789e-02	8.618592e-02
7.189000000000300e-07	1.455025e-02	2.443050e-02	8.634975e-02
7.191000000000300e-07	1.472173e-02	2.442533e-02	8.650403e-02
7.193000000000300e-07	1.490750e-02	2.441978e-02	8.664201e-02
7.195000000000300e-07	1.510607e-02	2.442258e-02	8.675791e-02
7.197000000000300e-07	1.531298e-02	2.444001e-02	8.684679e-02
7.199000000000301e-07	1.552286e-02	2.447481e-02	8.690446e-02
7.201000000000301e-07	1.573025e-02	2.452665e-02	8.692743e-02
7.203000000000301e-07	1.592945e-02	2.459235e-02	8.691303e-02
7.205000000000301e-07	1.611479e-02	2.466548e-02	8.685958e-02
7.207000000000301e-07	1.628265e-02	2.473757e-02	8.676653e-02
7.209000000000301e-07	1.643426e-02	2.480270e-02	8.663473e-02
7.211000000000301e-07	1.657657e-02	2.486291e-02	8.646651e-02
7.213000000000302e-07	1.671935e-02	2.492825e-02	8.626570e-02
7.215000000000302e-07	1.686974e-02	2.500881e-02	8.603758e-02
7.217000000000302e-07	1.702829e-02	2.510513e-02	8.578864e-02
7.219000000000302e-07	1.718944e-02	2.520674e-02	8.552618e-02
7.221000000000302e-07	1.734572e-02	2.530090e-02	8.525793e-02
7.223000000000302e-07	1.749193e-02	2.538241e-02	8.499149e-02
7.225000000000302e-07	1.762664e-02	2.545535e-02	8.473390e-02
7.227000000000303e-07	1.775141e-02	2.552708e-02	8.449110e-02
7.229000000000303e-07	1.786946e-02	2.560191e-02	8.426753e-02
7.231000000000303e-07	1.798493e-02	2.567929e-02	8.406588e-02
7.233000000000303e-07	1.810194e-02	2.575541e-02	8.388685e-02
7.235000000000303e-07	1.822354e-02	2.582511e-02	8.372920e-02
7.237000000000303e-07	1.835062e-02	2.588331e-02	8.358983e-02
7.239000000000304e-07	1.848179e-02	2.592615e-02	8.346400e-02
7.241000000000304e-07	1.861397e-02	2.595192e-02	8.334573e-02
7.243000000000304e-07	1.874350e-02	2.596101e-02	8.322811e-02
7.245000000000304e-07	1.886739e-02	2.595532e-02	8.310381e-02
7.247000000000304e-07	1.898415e-02	2.593733e-02	8.296558e-02
7.249000000000304e-07	1.909423e-02	2.590927e-02	8.280684e-02
7.251000000000304e-07	1.919988e-02	2.587273e-02	8.262216e-02
7.253000000000305e-07	1.930462e-02	2.582840e-02	8.240746e-02
7.255000000000305e-07	1.941244e-02	2.577635e-02	8.215992e-02
7.257000000000305e-07	1.952702e-02	2.571632e-02	8.187772e-02
7.261000000000305e-07	1.978596e-02	2.557206e-02	8.120704e-02
7.263000000000305e-07	1.993153e-02	2.548896e-02	8.082078e-02
7.265000000000305e-07	2.008637e-02	2.540032e-02	8.040626e-02
7.267000000000306e-07	2.024812e-02	2.530812e-02	7.997205e-02
7.269000000000306e-07	2.041395e-02	2.521459e-02	7.952871e-02
7.271000000000306e-07	2.058099e-02	2.512193e-02	7.908502e-02
7.273000000000306e-07	2.074675e-02	2.503213e-02	7.864513e-02
7.275000000000306e-07	2.090932e-02	2.494669e-02	7.820953e-02
7.277000000000306e-07	2.106753e-02	2.486663e-02	7.777900e-02
7.279000000000307e-07	2.122091e-02	2.479242e-02	7.735772e-02
7.281000000000307e-07	2.136955e-02	2.472409e-02	7.695269e-02
7.285000000000307e-07	2.165476e-02	2.460361e-02	7.621093e-02
7.287000000000307e-07	2.179261e-02	2.455038e-02	7.587352e-02
7.291000000000307e-07	2.206112e-02	2.445532e-02	7.525440e-02
7.293000000000308e-07	2.219193e-02	2.441270e-02	7.497406e-02
7.295000000000308e-07	2.232016e-02	2.437302e-02	7.471371e-02
7.297000000000308e-07	2.244532e-02	2.433608e-02	7.447047e-02
7.301000000000308e-07	2.268449e-02	2.426953e-02	7.402592e-02
7.303000000000308e-07	2.279769e-02	2.423928e-02	7.382190e-02
7.305000000000308e-07	2.290638e-02	2.421044e-02	7.362036e-02
7.307000000000309e-07	2.301069e-02	2.418237e-02	7.340433e-02
7.309000000000309e-07	2.311096e-02	2.415438e-02	7.315589e-02
7.311000000000309e-07	2.320773e-02	2.412576e-02	7.286507e-02
7.313000000000309e-07	2.330171e-02	2.409580e-02	7.253330e-02
7.315000000000309e-07	2.339364e-02	2.406392e-02	7.216968e-02
7.317000000000309e-07	2.348427e-02	2.402970e-02	7.178444e-02
7.319000000000310e-07	2.357426e-02	2.399292e-02	7.138505e-02
7.321000000000310e-07	2.366409e-02	2.395361e-02	7.097603e-02
7.325000000000310e-07	2.384412e-02	2.386861e-02	7.013843e-02
7.327000000000310e-07	2.393418e-02	2.382402e-02	6.970809e-02
7.329000000000310e-07	2.402378e-02	2.377894e-02	6.926183e-02
7.331000000000310e-07	2.411235e-02	2.373410e-02	6.878871e-02
7.333000000000311e-07	2.419920e-02	2.369015e-02	6.827730e-02
7.335000000000311e-07	2.428361e-02	2.364756e-02	6.771975e-02
7.337000000000311e-07	2.436491e-02	2.360659e-02	6.711499e-02
7.339000000000311e-07	2.444248e-02	2.356718e-02	6.647014e-02
7.341000000000311e-07	2.451568e-02	2.352894e-02	6.579956e-02
7.343000000000311e-07	2.458375e-02	2.349118e-02	6.512203e-02
7.345000000000311e-07	2.464583e-02	2.345299e-02	6.445679e-02
7.347000000000312e-07	2.470143e-02	2.341332e-02	6.381951e-02
7.349000000000312e-07	2.475115e-02	2.337099e-02	6.321923e-02
7.351000000000312e-07	2.479720e-02	2.332451e-02	6.265670e-02
7.353000000000312e-07	2.484296e-02	2.327203e-02	6.212454e-02
7.355000000000312e-07	2.489135e-02	2.321128e-02	6.160893e-02
7.357000000000312e-07	2.494257e-02	2.313995e-02	6.109234e-02
7.359000000000313e-07	2.499240e-02	2.305635e-02	6.055683e-02
7.361000000000313e-07	2.503308e-02	2.296020e-02	5.998707e-02
7.363000000000313e-07	2.505788e-02	2.285286e-02	5.937282e-02
7.365000000000313e-07	2.506755e-02	2.273651e-02	5.871035e-02
7.367000000000313e-07	2.507367e-02	2.261274e-02	5.800277e-02
7.369000000000313e-07	2.509391e-02	2.248149e-02	5.725934e-02
7.371000000000313e-07	2.514087e-02	2.234126e-02	5.649394e-02
7.373000000000314e-07	2.521335e-02	2.219063e-02	5.572303e-02
7.375000000000314e-07	2.529771e-02	2.202981e-02	5.496346e-02
7.377000000000314e-07	2.537762e-02	2.186118e-02	5.423044e-02
7.379000000000314e-07	2.544280e-02	2.168841e-02	5.353585e-02
7.381000000000314e-07	2.549065e-02	2.151499e-02	5.288713e-02
7.383000000000314e-07	2.552304e-02	2.134372e-02	5.228685e-02
7.385000000000314e-07	2.554450e-02	2.117721e-02	5.173277e-02
7.387000000000315e-07	2.556355e-02	2.101847e-02	5.121852e-02
7.389000000000315e-07	2.559304e-02	2.087037e-02	5.073458e-02
7.391000000000315e-07	2.564420e-02	2.073428e-02	5.026951e-02
7.393000000000315e-07	2.571619e-02	2.060963e-02	4.981123e-02
7.395000000000315e-07	2.579221e-02	2.049471e-02	4.934823e-02
7.397000000000315e-07	2.585096e-02	2.038834e-02	4.887053e-02
7.399000000000316e-07	2.588666e-02	2.029066e-02	4.837047e-02
7.401000000000316e-07	2.591693e-02	2.020272e-02	4.784310e-02
7.403000000000316e-07	2.596729e-02	2.012525e-02	4.728632e-02
7.405000000000316e-07	2.604732e-02	2.005757e-02	4.670074e-02
7.407000000000316e-07	2.614310e-02	1.999734e-02	4.608933e-02
7.409000000000316e-07	2.623136e-02	1.994111e-02	4.545687e-02
7.411000000000316e-07	2.629733e-02	1.988487e-02	4.480937e-02
7.413000000000317e-07	2.633975e-02	1.982447e-02	4.415343e-02
7.415000000000317e-07	2.636500e-02	1.975607e-02	4.349565e-02
7.417000000000317e-07	2.638096e-02	1.967703e-02	4.284207e-02
7.419000000000317e-07	2.639495e-02	1.958681e-02	4.219782e-02
7.421000000000317e-07	2.641287e-02	1.948742e-02	4.156675e-02
7.423000000000317e-07	2.643797e-02	1.938288e-02	4.095132e-02
7.425000000000317e-07	2.647024e-02	1.927800e-02	4.035249e-02
7.427000000000318e-07	2.650721e-02	1.917684e-02	3.976981e-02
7.429000000000318e-07	2.654523e-02	1.908148e-02	3.920151e-02
7.431000000000318e-07	2.658057e-02	1.899143e-02	3.864487e-02
7.433000000000318e-07	2.661010e-02	1.890364e-02	3.809656e-02
7.435000000000318e-07	2.663173e-02	1.881324e-02	3.755282e-02
7.437000000000318e-07	2.664441e-02	1.871459e-02	3.700950e-02
7.439000000000319e-07	2.664796e-02	1.860244e-02	3.646196e-02
7.441000000000319e-07	2.664273e-02	1.847290e-02	3.590512e-02
7.443000000000319e-07	2.662938e-02	1.832409e-02	3.533349e-02
7.445000000000319e-07	2.660858e-02	1.815633e-02	3.474180e-02
7.447000000000319e-07	2.658099e-02	1.797200e-02	3.412620e-02
7.449000000000319e-07	2.654718e-02	1.777501e-02	3.348568e-02
7.451000000000319e-07	2.650773e-02	1.757022e-02	3.282184e-02
7.453000000000320e-07	2.646323e-02	1.736272e-02	3.213670e-02
7.455000000000320e-07	2.641434e-02	1.715728e-02	3.143027e-02
7.457000000000320e-07	2.636182e-02	1.695788e-02	3.070025e-02
7.459000000000320e-07	2.630651e-02	1.676748e-02	2.994403e-02
7.461000000000320e-07	2.624921e-02	1.658794e-02	2.916041e-02
7.463000000000320e-07	2.619068e-02	1.642012e-02	2.834953e-02
7.465000000000320e-07	2.613153e-02	1.626401e-02	2.751151e-02
7.469000000000321e-07	2.601293e-02	1.598414e-02	2.575254e-02
7.471000000000321e-07	2.595378e-02	1.585813e-02	2.483598e-02
7.473000000000321e-07	2.589467e-02	1.573969e-02	2.390596e-02
7.475000000000321e-07	2.583547e-02	1.562749e-02	2.297610e-02
7.477000000000321e-07	2.577607e-02	1.552022e-02	2.205873e-02
7.481000000000322e-07	2.565668e-02	1.531508e-02	2.028736e-02
7.483000000000322e-07	2.559708e-02	1.521443e-02	1.943715e-02
7.485000000000322e-07	2.553807e-02	1.511309e-02	1.860743e-02
7.487000000000322e-07	2.548023e-02	1.500952e-02	1.778969e-02
7.489000000000322e-07	2.542421e-02	1.490220e-02	1.697326e-02
7.491000000000322e-07	2.537069e-02	1.478967e-02	1.615232e-02
7.493000000000323e-07	2.532029e-02	1.467066e-02	1.533088e-02
7.495000000000323e-07	2.527348e-02	1.454416e-02	1.452126e-02
7.497000000000323e-07	2.523058e-02	1.440953e-02	1.373782e-02
7.499000000000323e-07	2.519163e-02	1.426656e-02	1.299125e-02
7.501000000000323e-07	2.515649e-02	1.411549e-02	1.228660e-02
7.503000000000323e-07	2.512475e-02	1.395705e-02	1.162518e-02
7.505000000000323e-07	2.509577e-02	1.379239e-02	1.100728e-02
7.507000000000324e-07	2.506881e-02	1.362303e-02	1.043320e-02
7.509000000000324e-07	2.504297e-02	1.345076e-02	9.901699e-03
7.511000000000324e-07	2.501735e-02	1.327749e-02	9.407461e-03
7.513000000000324e-07	2.499106e-02	1.310516e-02	8.939832e-03
7.515000000000324e-07	2.496329e-02	1.293555e-02	8.484087e-03
7.517000000000324e-07	2.493338e-02	1.277022e-02	8.024601e-03
7.519000000000325e-07	2.490083e-02	1.261033e-02	7.548420e-03
7.523000000000325e-07	2.482674e-02	1.230945e-02	6.521351e-03
7.525000000000325e-07	2.478503e-02	1.216869e-02	5.972655e-03
7.527000000000325e-07	2.474016e-02	1.203390e-02	5.408661e-03
7.529000000000325e-07	2.469201e-02	1.190424e-02	4.836783e-03
7.531000000000325e-07	2.464049e-02	1.177830e-02	4.262584e-03
7.533000000000326e-07	2.458570e-02	1.165391e-02	3.688202e-03
7.535000000000326e-07	2.452825e-02	1.152832e-02	3.111858e-03
7.537000000000326e-07	2.446929e-02	1.139875e-02	2.528363e-03
7.539000000000326e-07	2.441005e-02	1.126330e-02	1.930391e-03
7.541000000000326e-07	2.435098e-02	1.112183e-02	1.310101e-03
7.543000000000326e-07	2.429067e-02	1.097606e-02	6.607391e-04
7.545000000000327e-07	2.422558e-02	1.082850e-02	-2.210827e-05
7.547000000000327e-07	2.415122e-02	1.067998e-02	-7.397852e-04
7.549000000000327e-07	2.406452e-02	1.052756e-02	-1.490429e-03
7.551000000000327e-07	2.396609e-02	1.036482e-02	-2.269351e-03
7.553000000000327e-07	2.386041e-02	1.018561e-02	-3.069798e-03
7.555000000000327e-07	2.375362e-02	9.988669e-03	-3.883903e-03
7.557000000000327e-07	2.364999e-02	9.779386e-03	-4.703654e-03
7.559000000000328e-07	2.354981e-02	9.567111e-03	-5.521728e-03
7.561000000000328e-07	2.344965e-02	9.360371e-03	-6.332081e-03
7.563000000000328e-07	2.334460e-02	9.163750e-03	-7.130282e-03
7.565000000000328e-07	2.323030e-02	8.977835e-03	-7.913567e-03
7.567000000000328e-07	2.310355e-02	8.800713e-03	-8.680684e-03
7.571000000000328e-07	2.280480e-02	8.458051e-03	-1.016709e-02
7.573000000000329e-07	2.263328e-02	8.283650e-03	-1.088848e-02
7.575000000000329e-07	2.245343e-02	8.105130e-03	-1.159720e-02
7.577000000000329e-07	2.227499e-02	7.928347e-03	-1.229471e-02
7.579000000000329e-07	2.210803e-02	7.763541e-03	-1.298229e-02
7.581000000000329e-07	2.195825e-02	7.617808e-03	-1.366111e-02
7.583000000000329e-07	2.182450e-02	7.488455e-03	-1.433220e-02
7.585000000000330e-07	2.170058e-02	7.364594e-03	-1.499663e-02
7.587000000000330e-07	2.157978e-02	7.236325e-03	-1.565554e-02
7.589000000000330e-07	2.145849e-02	7.102534e-03	-1.631026e-02
7.591000000000330e-07	2.133688e-02	6.970059e-03	-1.696230e-02
7.593000000000330e-07	2.121729e-02	6.846488e-03	-1.761332e-02
7.595000000000330e-07	2.110251e-02	6.734412e-03	-1.826505e-02
7.599000000000331e-07	2.089531e-02	6.532292e-03	-1.957691e-02
7.601000000000331e-07	2.080345e-02	6.433315e-03	-2.023935e-02
7.603000000000331e-07	2.071672e-02	6.331491e-03	-2.090671e-02
7.605000000000331e-07	2.063130e-02	6.225552e-03	-2.157852e-02
7.607000000000331e-07	2.054323e-02	6.115539e-03	-2.225349e-02
7.611000000000331e-07	2.034941e-02	5.885913e-03	-2.360350e-02
7.613000000000332e-07	2.024351e-02	5.766645e-03	-2.427198e-02
7.615000000000332e-07	2.013436e-02	5.643420e-03	-2.493062e-02
7.617000000000332e-07	2.002505e-02	5.514950e-03	-2.557479e-02
7.619000000000332e-07	1.991845e-02	5.380137e-03	-2.619996e-02
7.621000000000332e-07	1.981635e-02	5.238608e-03	-2.680228e-02
7.623000000000332e-07	1.971900e-02	5.091034e-03	-2.737892e-02
7.625000000000333e-07	1.962501e-02	4.939154e-03	-2.792815e-02
7.627000000000333e-07	1.953167e-02	4.785492e-03	-2.844913e-02
7.629000000000333e-07	1.943545e-02	4.632869e-03	-2.894162e-02
7.631000000000333e-07	1.933264e-02	4.483835e-03	-2.940567e-02
7.633000000000333e-07	1.922004e-02	4.340151e-03	-2.984190e-02
7.635000000000333e-07	1.909538e-02	4.202434e-03	-3.025228e-02
7.637000000000333e-07	1.895766e-02	4.070034e-03	-3.064082e-02
7.639000000000334e-07	1.880722e-02	3.941135e-03	-3.101313e-02
7.641000000000334e-07	1.864555e-02	3.813071e-03	-3.137542e-02
7.643000000000334e-07	1.847506e-02	3.682762e-03	-3.173405e-02
7.645000000000334e-07	1.829869e-02	3.547208e-03	-3.209628e-02
7.647000000000334e-07	1.811954e-02	3.403938e-03	-3.247134e-02
7.649000000000334e-07	1.794050e-02	3.251365e-03	-3.286973e-02
7.651000000000334e-07	1.776402e-02	3.088993e-03	-3.330037e-02
7.653000000000335e-07	1.759194e-02	2.917459e-03	-3.376644e-02
7.655000000000335e-07	1.742540e-02	2.738429e-03	-3.426307e-02
7.657000000000335e-07	1.726491e-02	2.554360e-03	-3.477960e-02
7.661000000000335e-07	1.696146e-02	2.183016e-03	-3.583639e-02
7.663000000000335e-07	1.681726e-02	2.001712e-03	-3.637179e-02
7.665000000000336e-07	1.667692e-02	1.826706e-03	-3.691528e-02
7.667000000000336e-07	1.653949e-02	1.659749e-03	-3.747334e-02
7.669000000000336e-07	1.640406e-02	1.501820e-03	-3.805660e-02
7.673000000000336e-07	1.613607e-02	1.213087e-03	-3.933727e-02
7.675000000000336e-07	1.600216e-02	1.080642e-03	-4.002894e-02
7.677000000000336e-07	1.586754e-02	9.542599e-04	-4.072906e-02
7.679000000000337e-07	1.573172e-02	8.322195e-04	-4.141096e-02
7.681000000000337e-07	1.559423e-02	7.127894e-04	-4.205292e-02
7.685000000000337e-07	1.531247e-02	4.757726e-04	-4.317524e-02
7.687000000000337e-07	1.516740e-02	3.560235e-04	-4.365172e-02
7.689000000000337e-07	1.501911e-02	2.346944e-04	-4.407517e-02
7.691000000000337e-07	1.486736e-02	1.117572e-04	-4.445248e-02
7.693000000000338e-07	1.471207e-02	-1.242608e-05	-4.479584e-02
7.695000000000338e-07	1.455327e-02	-1.371734e-04	-4.512266e-02
7.697000000000338e-07	1.439119e-02	-2.615704e-04	-4.545247e-02
7.699000000000338e-07	1.422621e-02	-3.845681e-04	-4.580193e-02
7.701000000000338e-07	1.405888e-02	-5.050807e-04	-4.618011e-02
7.703000000000338e-07	1.388992e-02	-6.220791e-04	-4.658587e-02
7.705000000000339e-07	1.372006e-02	-7.346700e-04	-4.700823e-02
7.707000000000339e-07	1.354995e-02	-8.421422e-04	-4.742925e-02
7.709000000000339e-07	1.338001e-02	-9.439641e-04	-4.782857e-02
7.711000000000339e-07	1.321048e-02	-1.039754e-03	-4.818822e-02
7.713000000000339e-07	1.304182e-02	-1.129283e-03	-4.849643e-02
7.715000000000339e-07	1.287517e-02	-1.212556e-03	-4.874990e-02
7.717000000000339e-07	1.271251e-02	-1.289930e-03	-4.895404e-02
7.719000000000340e-07	1.255596e-02	-1.362207e-03	-4.912160e-02
7.721000000000340e-07	1.240624e-02	-1.430596e-03	-4.927008e-02
7.723000000000340e-07	1.226104e-02	-1.496438e-03	-4.941872e-02
7.725000000000340e-07	1.211454e-02	-1.560646e-03	-4.958561e-02
7.727000000000340e-07	1.195942e-02	-1.623151e-03	-4.978539e-02
7.729000000000340e-07	1.179133e-02	-1.682930e-03	-5.002791e-02
7.731000000000340e-07	1.161368e-02	-1.738971e-03	-5.031770e-02
7.733000000000341e-07	1.143809e-02	-1.791632e-03	-5.065435e-02
7.735000000000341e-07	1.127803e-02	-1.843306e-03	-5.103339e-02
7.737000000000341e-07	1.113887e-02	-1.897699e-03	-5.144745e-02
7.739000000000341e-07	1.101264e-02	-1.958139e-03	-5.188756e-02
7.741000000000341e-07	1.088262e-02	-2.026145e-03	-5.234419e-02
7.743000000000341e-07	1.073406e-02	-2.101264e-03	-5.280804e-02
7.745000000000342e-07	1.056166e-02	-2.182127e-03	-5.327059e-02
7.747000000000342e-07	1.036900e-02	-2.267668e-03	-5.372427e-02
7.749000000000342e-07	1.016363e-02	-2.357429e-03	-5.416252e-02
7.751000000000342e-07	9.954005e-03	-2.451003e-03	-5.457966e-02
7.753000000000342e-07	9.749824e-03	-2.547666e-03	-5.497075e-02
7.755000000000342e-07	9.561481e-03	-2.646995e-03	-5.533152e-02
7.757000000000342e-07	9.394728e-03	-2.749872e-03	-5.565835e-02
7.759000000000343e-07	9.243659e-03	-2.858584e-03	-5.594835e-02
7.761000000000343e-07	9.091101e-03	-2.975640e-03	-5.619955e-02
7.763000000000343e-07	8.921339e-03	-3.102207e-03	-5.641112e-02
7.765000000000343e-07	8.736025e-03	-3.237412e-03	-5.658354e-02
7.767000000000343e-07	8.555914e-03	-3.378890e-03	-5.671880e-02
7.769000000000343e-07	8.403186e-03	-3.524013e-03	-5.682045e-02
7.771000000000343e-07	8.280869e-03	-3.670880e-03	-5.689351e-02
7.773000000000344e-07	8.170557e-03	-3.818512e-03	-5.694429e-02
7.775000000000344e-07	8.049319e-03	-3.966431e-03	-5.698008e-02
7.777000000000344e-07	7.906783e-03	-4.114189e-03	-5.700872e-02
7.779000000000344e-07	7.747465e-03	-4.261132e-03	-5.703807e-02
7.781000000000344e-07	7.582109e-03	-4.406189e-03	-5.707552e-02
7.783000000000344e-07	7.420105e-03	-4.547491e-03	-5.712750e-02
7.785000000000345e-07	7.267503e-03	-4.682053e-03	-5.719902e-02
7.787000000000345e-07	7.127326e-03	-4.805963e-03	-5.729335e-02
7.789000000000345e-07	6.999505e-03	-4.915219e-03	-5.741186e-02
7.791000000000345e-07	6.881120e-03	-5.006846e-03	-5.755389e-02
7.793000000000345e-07	6.767621e-03	-5.079780e-03	-5.771693e-02
7.795000000000345e-07	6.654295e-03	-5.135160e-03	-5.789671e-02
7.797000000000345e-07	6.537186e-03	-5.175982e-03	-5.808753e-02
7.799000000000346e-07	6.413472e-03	-5.206283e-03	-5.828252e-02
7.801000000000346e-07	6.281524e-03	-5.230144e-03	-5.847424e-02
7.803000000000346e-07	6.140762e-03	-5.250787e-03	-5.865533e-02
7.805000000000346e-07	5.991410e-03	-5.270006e-03	-5.881927e-02
7.807000000000346e-07	5.834267e-03	-5.288010e-03	-5.896085e-02
7.809000000000346e-07	5.670520e-03	-5.303676e-03	-5.907644e-02
7.811000000000346e-07	5.501636e-03	-5.315077e-03	-5.916363e-02
7.813000000000347e-07	5.329269e-03	-5.320144e-03	-5.922047e-02
7.815000000000347e-07	5.155168e-03	-5.317291e-03	-5.924467e-02
7.817000000000347e-07	4.981061e-03	-5.305879e-03	-5.923426e-02
7.819000000000347e-07	4.808520e-03	-5.286455e-03	-5.918966e-02
7.821000000000347e-07	4.638805e-03	-5.260734e-03	-5.911551e-02
7.823000000000347e-07	4.472726e-03	-5.231387e-03	-5.902022e-02
7.825000000000348e-07	4.310552e-03	-5.201667e-03	-5.891357e-02
7.827000000000348e-07	4.151975e-03	-5.174988e-03	-5.880426e-02
7.829000000000348e-07	3.996165e-03	-5.154512e-03	-5.869932e-02
7.831000000000348e-07	3.841889e-03	-5.142816e-03	-5.860460e-02
7.833000000000348e-07	3.687686e-03	-5.141673e-03	-5.852506e-02
7.835000000000348e-07	3.532091e-03	-5.151958e-03	-5.846383e-02
7.837000000000348e-07	3.373837e-03	-5.173679e-03	-5.842067e-02
7.839000000000349e-07	3.212049e-03	-5.206097e-03	-5.839168e-02
7.841000000000349e-07	3.046369e-03	-5.247906e-03	-5.837189e-02
7.843000000000349e-07	2.877021e-03	-5.297439e-03	-5.835932e-02
7.845000000000349e-07	2.704795e-03	-5.352869e-03	-5.835664e-02
7.847000000000349e-07	2.530966e-03	-5.412375e-03	-5.836865e-02
7.849000000000349e-07	2.357151e-03	-5.474266e-03	-5.839863e-02
7.851000000000349e-07	2.185134e-03	-5.537060e-03	-5.844742e-02
7.853000000000350e-07	2.016681e-03	-5.599507e-03	-5.851508e-02
7.855000000000350e-07	1.853353e-03	-5.660591e-03	-5.860126e-02
7.857000000000350e-07	1.696364e-03	-5.719495e-03	-5.870298e-02
7.859000000000350e-07	1.546469e-03	-5.775570e-03	-5.881249e-02
7.861000000000350e-07	1.403913e-03	-5.828293e-03	-5.891797e-02
7.863000000000350e-07	1.268435e-03	-5.877243e-03	-5.900653e-02
7.865000000000351e-07	1.139314e-03	-5.922090e-03	-5.906710e-02
7.867000000000351e-07	1.015463e-03	-5.962594e-03	-5.909196e-02
7.869000000000351e-07	8.955529e-04	-5.998622e-03	-5.907711e-02
7.871000000000351e-07	7.781428e-04	-6.030165e-03	-5.902221e-02
7.873000000000351e-07	6.618191e-04	-6.057359e-03	-5.893086e-02
7.875000000000351e-07	5.453165e-04	-6.080500e-03	-5.881057e-02
7.877000000000351e-07	4.276180e-04	-6.100043e-03	-5.867170e-02
7.879000000000352e-07	3.080247e-04	-6.116593e-03	-5.852466e-02
7.881000000000352e-07	1.861928e-04	-6.130877e-03	-5.837626e-02
7.883000000000352e-07	6.213984e-05	-6.143698e-03	-5.822673e-02
7.885000000000352e-07	-6.377774e-05	-6.155878e-03	-5.806918e-02
7.887000000000352e-07	-1.909184e-04	-6.168178e-03	-5.789159e-02
7.889000000000352e-07	-3.184475e-04	-6.181204e-03	-5.768071e-02
7.891000000000352e-07	-4.454679e-04	-6.195305e-03	-5.742642e-02
7.893000000000353e-07	-5.711517e-04	-6.210531e-03	-5.712516e-02
7.895000000000353e-07	-6.948010e-04	-6.226707e-03	-5.678155e-02
7.897000000000353e-07	-8.157769e-04	-6.243631e-03	-5.640775e-02
7.899000000000353e-07	-9.333249e-04	-6.261224e-03	-5.602107e-02
7.901000000000353e-07	-1.046442e-03	-6.279403e-03	-5.564030e-02
7.903000000000353e-07	-1.153994e-03	-6.297580e-03	-5.528196e-02
7.905000000000354e-07	-1.255220e-03	-6.314018e-03	-5.495711e-02
7.907000000000354e-07	-1.350523e-03	-6.325501e-03	-5.466947e-02
7.909000000000354e-07	-1.442060e-03	-6.327915e-03	-5.441507e-02
7.911000000000354e-07	-1.533440e-03	-6.317949e-03	-5.418332e-02
7.913000000000354e-07	-1.628200e-03	-6.295280e-03	-5.395923e-02
7.915000000000354e-07	-1.727680e-03	-6.263508e-03	-5.372623e-02
7.917000000000354e-07	-1.829756e-03	-6.228328e-03	-5.346903e-02
7.919000000000355e-07	-1.929671e-03	-6.193422e-03	-5.317607e-02
7.921000000000355e-07	-2.022793e-03	-6.157116e-03	-5.284118e-02
7.923000000000355e-07	-2.107561e-03	-6.112874e-03	-5.246430e-02
7.925000000000355e-07	-2.186579e-03	-6.053622e-03	-5.205123e-02
7.927000000000355e-07	-2.265239e-03	-5.976507e-03	-5.161261e-02
7.929000000000355e-07	-2.349135e-03	-5.884469e-03	-5.116223e-02
7.931000000000356e-07	-2.442215e-03	-5.784189e-03	-5.071518e-02
7.933000000000356e-07	-2.546523e-03	-5.682990e-03	-5.028589e-02
7.935000000000356e-07	-2.662721e-03	-5.587195e-03	-4.988649e-02
7.937000000000356e-07	-2.790001e-03	-5.501810e-03	-4.952557e-02
7.939000000000356e-07	-2.925095e-03	-5.429519e-03	-4.920749e-02
7.941000000000356e-07	-3.061652e-03	-5.368438e-03	-4.893221e-02
7.943000000000356e-07	-3.191588e-03	-5.311477e-03	-4.869559e-02
7.945000000000357e-07	-3.308552e-03	-5.250551e-03	-4.849020e-02
7.947000000000357e-07	-3.411477e-03	-5.183977e-03	-4.830625e-02
7.949000000000357e-07	-3.505406e-03	-5.120150e-03	-4.813277e-02
7.951000000000357e-07	-3.598578e-03	-5.072402e-03	-4.795866e-02
7.953000000000357e-07	-3.697823e-03	-5.048647e-03	-4.777373e-02
7.955000000000357e-07	-3.805630e-03	-5.045356e-03	-4.756951e-02
7.957000000000357e-07	-3.920420e-03	-5.051178e-03	-4.733971e-02
7.959000000000358e-07	-4.038780e-03	-5.055710e-03	-4.708055e-02
7.961000000000358e-07	-4.157451e-03	-5.054983e-03	-4.679077e-02
7.963000000000358e-07	-4.274225e-03	-5.050408e-03	-4.647138e-02
7.965000000000358e-07	-4.388224e-03	-5.044614e-03	-4.612534e-02
7.967000000000358e-07	-4.499973e-03	-5.038637e-03	-4.575702e-02
7.969000000000358e-07	-4.611096e-03	-5.031535e-03	-4.537170e-02
7.971000000000359e-07	-4.723412e-03	-5.021140e-03	-4.497501e-02
7.973000000000359e-07	-4.837807e-03	-5.004982e-03	-4.457244e-02
7.975000000000359e-07	-4.953476e-03	-4.981178e-03	-4.416896e-02
7.977000000000359e-07	-5.067870e-03	-4.949098e-03	-4.376863e-02
7.979000000000359e-07	-5.177290e-03	-4.909493e-03	-4.337440e-02
7.981000000000359e-07	-5.277840e-03	-4.864025e-03	-4.298788e-02
7.983000000000359e-07	-5.366415e-03	-4.814510e-03	-4.260945e-02
7.985000000000360e-07	-5.441430e-03	-4.762202e-03	-4.223842e-02
7.987000000000360e-07	-5.503131e-03	-4.707339e-03	-4.187341e-02
7.989000000000360e-07	-5.553447e-03	-4.649058e-03	-4.151247e-02
7.991000000000360e-07	-5.595488e-03	-4.585643e-03	-4.115326e-02
7.993000000000360e-07	-5.632836e-03	-4.515018e-03	-4.079291e-02
7.995000000000360e-07	-5.668830e-03	-4.435296e-03	-4.042769e-02
7.997000000000360e-07	-5.705982e-03	-4.345274e-03	-4.005260e-02
7.999000000000361e-07	-5.745635e-03	-4.244739e-03	-3.966194e-02
8.001000000000361e-07	-5.787885e-03	-4.134560e-03	-3.925104e-02
8.003000000000361e-07	-5.831747e-03	-4.016559e-03	-3.881766e-02
8.005000000000361e-07	-5.875492e-03	-3.893234e-03	-3.836165e-02
8.007000000000361e-07	-5.917071e-03	-3.767399e-03	-3.788310e-02
8.009000000000361e-07	-5.954534e-03	-3.641824e-03	-3.738135e-02
8.011000000000362e-07	-5.986379e-03	-3.518937e-03	-3.685575e-02
8.013000000000362e-07	-6.011781e-03	-3.400634e-03	-3.630715e-02
8.015000000000362e-07	-6.030685e-03	-3.288202e-03	-3.573805e-02
8.017000000000362e-07	-6.043770e-03	-3.182348e-03	-3.515060e-02
8.019000000000362e-07	-6.052317e-03	-3.083304e-03	-3.454397e-02
8.021000000000362e-07	-6.058005e-03	-2.990971e-03	-3.391372e-02
8.023000000000362e-07	-6.062694e-03	-2.905062e-03	-3.325470e-02
8.025000000000363e-07	-6.068207e-03	-2.825220e-03	-3.256563e-02
8.027000000000363e-07	-6.076155e-03	-2.751088e-03	-3.185156e-02
8.029000000000363e-07	-6.087819e-03	-2.682324e-03	-3.112190e-02
8.031000000000363e-07	-6.104080e-03	-2.618570e-03	-3.038743e-02
8.033000000000363e-07	-6.125421e-03	-2.559392e-03	-2.965952e-02
8.035000000000363e-07	-6.151949e-03	-2.504196e-03	-2.895068e-02
8.037000000000363e-07	-6.183468e-03	-2.452163e-03	-2.827196e-02
8.039000000000364e-07	-6.219554e-03	-2.402206e-03	-2.762751e-02
8.041000000000364e-07	-6.259638e-03	-2.352961e-03	-2.701148e-02
8.043000000000364e-07	-6.303071e-03	-2.302821e-03	-2.641138e-02
8.045000000000364e-07	-6.349184e-03	-2.250020e-03	-2.581591e-02
8.047000000000364e-07	-6.397321e-03	-2.192744e-03	-2.522096e-02
8.049000000000364e-07	-6.446862e-03	-2.129263e-03	-2.463030e-02
8.051000000000365e-07	-6.497225e-03	-2.058072e-03	-2.405186e-02
8.053000000000365e-07	-6.547863e-03	-1.978025e-03	-2.349337e-02
8.055000000000365e-07	-6.598259e-03	-1.888434e-03	-2.296034e-02
8.057000000000365e-07	-6.647917e-03	-1.789141e-03	-2.245669e-02
8.059000000000365e-07	-6.696362e-03	-1.680543e-03	-2.198628e-02
8.061000000000365e-07	-6.743137e-03	-1.563575e-03	-2.155293e-02
8.063000000000365e-07	-6.787812e-03	-1.439637e-03	-2.115856e-02
8.065000000000366e-07	-6.829994e-03	-1.310500e-03	-2.080073e-02
8.067000000000366e-07	-6.869334e-03	-1.178175e-03	-2.047122e-02
8.069000000000366e-07	-6.905564e-03	-1.044767e-03	-2.015674e-02
8.071000000000366e-07	-6.938556e-03	-9.123298e-04	-1.984143e-02
8.073000000000366e-07	-6.968404e-03	-7.827102e-04	-1.951013e-02
8.075000000000366e-07	-6.995439e-03	-6.573929e-04	-1.915143e-02
8.077000000000366e-07	-7.020055e-03	-5.373822e-04	-1.875945e-02
8.079000000000367e-07	-7.042342e-03	-4.231662e-04	-1.833408e-02
8.081000000000367e-07	-7.061718e-03	-3.147848e-04	-1.787983e-02
8.083000000000367e-07	-7.077001e-03	-2.119554e-04	-1.740364e-02
8.085000000000367e-07	-7.087191e-03	-1.141710e-04	-1.691250e-02
8.087000000000367e-07	-7.092739e-03	-2.068752e-05	-1.641138e-02
8.089000000000367e-07	-7.096479e-03	6.966155e-05	-1.590197e-02
8.091000000000368e-07	-7.103210e-03	1.587789e-04	-1.538235e-02
8.093000000000368e-07	-7.117242e-03	2.494579e-04	-1.484762e-02
8.095000000000368e-07	-7.138593e-03	3.449575e-04	-1.429114e-02
8.097000000000368e-07	-7.160351e-03	4.479201e-04	-1.370607e-02
8.099000000000368e-07	-7.170461e-03	5.592428e-04	-1.308687e-02
8.101000000000368e-07	-7.158719e-03	6.778199e-04	-1.243046e-02
8.103000000000368e-07	-7.124624e-03	8.015186e-04	-1.173689e-02
8.105000000000369e-07	-7.079196e-03	9.287479e-04	-1.100941e-02
8.107000000000369e-07	-7.038056e-03	1.059472e-03	-1.025407e-02
8.109000000000369e-07	-7.011168e-03	1.194972e-03	-9.478938e-03
8.111000000000369e-07	-6.997780e-03	1.336681e-03	-8.693119e-03
8.113000000000369e-07	-6.989525e-03	1.485150e-03	-7.905734e-03
8.115000000000369e-07	-6.976774e-03	1.639936e-03	-7.125064e-03
8.117000000000369e-07	-6.951984e-03	1.800177e-03	-6.357886e-03
8.119000000000370e-07	-6.909294e-03	1.964859e-03	-5.609112e-03
8.121000000000370e-07	-6.844749e-03	2.132228e-03	-4.881689e-03
8.123000000000370e-07	-6.760048e-03	2.299039e-03	-4.176748e-03
8.125000000000370e-07	-6.666296e-03	2.460836e-03	-3.493910e-03
8.127000000000370e-07	-6.580590e-03	2.613513e-03	-2.831683e-03
8.129000000000370e-07	-6.513880e-03	2.755086e-03	-2.187883e-03
8.131000000000371e-07	-6.460004e-03	2.886310e-03	-1.559994e-03
8.133000000000371e-07	-6.399178e-03	3.009724e-03	-9.454527e-04
8.135000000000371e-07	-6.316215e-03	3.127880e-03	-3.418240e-04
8.137000000000371e-07	-6.216408e-03	3.242007e-03	2.531267e-04
8.139000000000371e-07	-6.122393e-03	3.351850e-03	8.414427e-04
8.141000000000371e-07	-6.055374e-03	3.456493e-03	1.425041e-03
8.143000000000371e-07	-6.020103e-03	3.555386e-03	2.005794e-03
8.145000000000372e-07	-6.006054e-03	3.648928e-03	2.585607e-03
8.147000000000372e-07	-5.998672e-03	3.738600e-03	3.166456e-03
8.149000000000372e-07	-5.987729e-03	3.826794e-03	3.750373e-03
8.153000000000372e-07	-5.939705e-03	4.009934e-03	4.935364e-03
8.155000000000372e-07	-5.902851e-03	4.108823e-03	5.539931e-03
8.157000000000372e-07	-5.861062e-03	4.212623e-03	6.154216e-03
8.159000000000373e-07	-5.818096e-03	4.319192e-03	6.778730e-03
8.161000000000373e-07	-5.777089e-03	4.425451e-03	7.413269e-03
8.163000000000373e-07	-5.740021e-03	4.528496e-03	8.056892e-03
8.165000000000373e-07	-5.707753e-03	4.626666e-03	8.707902e-03
8.167000000000373e-07	-5.680223e-03	4.720185e-03	9.363775e-03
8.169000000000373e-07	-5.656641e-03	4.811238e-03	1.002110e-02
8.171000000000374e-07	-5.635662e-03	4.903475e-03	1.067567e-02
8.173000000000374e-07	-5.615500e-03	5.001148e-03	1.132283e-02
8.175000000000374e-07	-5.594025e-03	5.108112e-03	1.195792e-02
8.177000000000374e-07	-5.568863e-03	5.226966e-03	1.257682e-02
8.179000000000374e-07	-5.537556e-03	5.358519e-03	1.317664e-02
8.181000000000374e-07	-5.497783e-03	5.501673e-03	1.375609e-02
8.183000000000374e-07	-5.447611e-03	5.653698e-03	1.431540e-02
8.187000000000375e-07	-5.311725e-03	5.968976e-03	1.537887e-02
8.189000000000375e-07	-5.226011e-03	6.124520e-03	1.588585e-02
8.191000000000375e-07	-5.129971e-03	6.274852e-03	1.637690e-02
8.193000000000375e-07	-5.025732e-03	6.418771e-03	1.685082e-02
8.195000000000375e-07	-4.915946e-03	6.556569e-03	1.730643e-02
8.197000000000375e-07	-4.803488e-03	6.689876e-03	1.774559e-02
8.199000000000376e-07	-4.691151e-03	6.821292e-03	1.817605e-02
8.201000000000376e-07	-4.581357e-03	6.953913e-03	1.861214e-02
8.203000000000376e-07	-4.475958e-03	7.090805e-03	1.907187e-02
8.207000000000376e-07	-4.282200e-03	7.386861e-03	2.011648e-02
8.209000000000376e-07	-4.194016e-03	7.548423e-03	2.070450e-02
8.211000000000377e-07	-4.110767e-03	7.718790e-03	2.132277e-02
8.213000000000377e-07	-4.031314e-03	7.896514e-03	2.195660e-02
8.215000000000377e-07	-3.954351e-03	8.079346e-03	2.259307e-02
8.217000000000377e-07	-3.878581e-03	8.264531e-03	2.322331e-02
8.219000000000377e-07	-3.802860e-03	8.449126e-03	2.384537e-02
8.221000000000377e-07	-3.726300e-03	8.630306e-03	2.446690e-02
8.223000000000377e-07	-3.648309e-03	8.805633e-03	2.510330e-02
8.227000000000378e-07	-3.487092e-03	9.131950e-03	2.647249e-02
8.229000000000378e-07	-3.403943e-03	9.281299e-03	2.720564e-02
8.231000000000378e-07	-3.319354e-03	9.421494e-03	2.795550e-02
8.233000000000378e-07	-3.233536e-03	9.553302e-03	2.870671e-02
8.235000000000378e-07	-3.146627e-03	9.677916e-03	2.944590e-02
8.237000000000378e-07	-3.058638e-03	9.796780e-03	3.016178e-02
8.239000000000379e-07	-2.969431e-03	9.911433e-03	3.084356e-02
8.241000000000379e-07	-2.878722e-03	1.002336e-02	3.148032e-02
8.245000000000379e-07	-2.691122e-03	1.024404e-02	3.258544e-02
8.247000000000379e-07	-2.593283e-03	1.035458e-02	3.305257e-02
8.249000000000379e-07	-2.492161e-03	1.046592e-02	3.347690e-02
8.251000000000380e-07	-2.387433e-03	1.057820e-02	3.387897e-02
8.253000000000380e-07	-2.278929e-03	1.069129e-02	3.428223e-02
8.255000000000380e-07	-2.166691e-03	1.080489e-02	3.470738e-02
8.257000000000380e-07	-2.051010e-03	1.091863e-02	3.516758e-02
8.259000000000380e-07	-1.932444e-03	1.103208e-02	3.566584e-02
8.261000000000380e-07	-1.811733e-03	1.114471e-02	3.619507e-02
8.263000000000380e-07	-1.689612e-03	1.125578e-02	3.674056e-02
8.265000000000381e-07	-1.566590e-03	1.136437e-02	3.728391e-02
8.267000000000381e-07	-1.442831e-03	1.146962e-02	3.780730e-02
8.269000000000381e-07	-1.318314e-03	1.157124e-02	3.829724e-02
8.271000000000381e-07	-1.193297e-03	1.166994e-02	3.874686e-02
8.273000000000381e-07	-1.068892e-03	1.176745e-02	3.915673e-02
8.275000000000381e-07	-9.472494e-04	1.186588e-02	3.953419e-02
8.277000000000381e-07	-8.308807e-04	1.196625e-02	3.989149e-02
8.279000000000382e-07	-7.211241e-04	1.206712e-02	4.024353e-02
8.281000000000382e-07	-6.166014e-04	1.216448e-02	4.060535e-02
8.283000000000382e-07	-5.129531e-04	1.225407e-02	4.099011e-02
8.285000000000382e-07	-4.045170e-04	1.233494e-02	4.140771e-02
8.287000000000382e-07	-2.871998e-04	1.241141e-02	4.186400e-02
8.289000000000382e-07	-1.606918e-04	1.249136e-02	4.236084e-02
8.291000000000383e-07	-2.847552e-05	1.258162e-02	4.289647e-02
8.293000000000383e-07	1.043063e-04	1.268420e-02	4.346638e-02
8.295000000000383e-07	2.334810e-04	1.279602e-02	4.406415e-02
8.297000000000383e-07	3.572095e-04	1.291186e-02	4.468232e-02
8.299000000000383e-07	4.756967e-04	1.302750e-02	4.531307e-02
8.301000000000383e-07	5.903475e-04	1.314084e-02	4.594864e-02
8.303000000000383e-07	7.035924e-04	1.325163e-02	4.658166e-02
8.305000000000384e-07	8.193653e-04	1.336170e-02	4.720522e-02
8.307000000000384e-07	9.430039e-04	1.347601e-02	4.781292e-02
8.309000000000384e-07	1.079502e-03	1.360203e-02	4.839883e-02
8.311000000000384e-07	1.230567e-03	1.374547e-02	4.895758e-02
8.313000000000384e-07	1.392510e-03	1.390489e-02	4.948442e-02
8.315000000000384e-07	1.557033e-03	1.407075e-02	4.997544e-02
8.317000000000385e-07	1.714935e-03	1.423185e-02	5.042773e-02
8.319000000000385e-07	1.860345e-03	1.438417e-02	5.083975e-02
8.321000000000385e-07	1.992554e-03	1.453388e-02	5.121145e-02
8.323000000000385e-07	2.114643e-03	1.469151e-02	5.154451e-02
8.325000000000385e-07	2.230686e-03	1.486319e-02	5.184237e-02
8.327000000000385e-07	2.343750e-03	1.504676e-02	5.211017e-02
8.329000000000385e-07	2.455372e-03	1.523472e-02	5.235450e-02
8.331000000000386e-07	2.565815e-03	1.541946e-02	5.258312e-02
8.333000000000386e-07	2.674466e-03	1.559619e-02	5.280443e-02
8.335000000000386e-07	2.780388e-03	1.576284e-02	5.302699e-02
8.337000000000386e-07	2.883135e-03	1.591890e-02	5.325892e-02
8.339000000000386e-07	2.983456e-03	1.606449e-02	5.350741e-02
8.341000000000386e-07	3.083452e-03	1.619976e-02	5.377821e-02
8.343000000000386e-07	3.186067e-03	1.632453e-02	5.407528e-02
8.345000000000387e-07	3.294215e-03	1.643838e-02	5.440062e-02
8.347000000000387e-07	3.409930e-03	1.654100e-02	5.475418e-02
8.349000000000387e-07	3.533840e-03	1.663259e-02	5.513389e-02
8.351000000000387e-07	3.665084e-03	1.671398e-02	5.553572e-02
8.353000000000387e-07	3.801651e-03	1.678657e-02	5.595386e-02
8.355000000000387e-07	3.940982e-03	1.685197e-02	5.638116e-02
8.357000000000388e-07	4.080646e-03	1.691163e-02	5.680978e-02
8.359000000000388e-07	4.218895e-03	1.696648e-02	5.723202e-02
8.361000000000388e-07	4.354985e-03	1.701687e-02	5.764122e-02
8.363000000000388e-07	4.489216e-03	1.706254e-02	5.803246e-02
8.365000000000388e-07	4.622723e-03	1.710292e-02	5.840233e-02
8.367000000000388e-07	4.757115e-03	1.713748e-02	5.874776e-02
8.369000000000388e-07	4.894051e-03	1.716607e-02	5.906523e-02
8.373000000000389e-07	5.180328e-03	1.720845e-02	5.960543e-02
8.375000000000389e-07	5.330503e-03	1.722584e-02	5.982896e-02
8.377000000000389e-07	5.484829e-03	1.724426e-02	6.002646e-02
8.379000000000389e-07	5.642264e-03	1.726687e-02	6.020327e-02
8.381000000000389e-07	5.801520e-03	1.729676e-02	6.036512e-02
8.383000000000389e-07	5.961308e-03	1.733668e-02	6.051883e-02
8.385000000000390e-07	6.120546e-03	1.738863e-02	6.067315e-02
8.387000000000390e-07	6.278505e-03	1.745377e-02	6.083809e-02
8.391000000000390e-07	6.589690e-03	1.762351e-02	6.122858e-02
8.393000000000390e-07	6.743354e-03	1.772592e-02	6.145575e-02
8.395000000000390e-07	6.896390e-03	1.783753e-02	6.169920e-02
8.399000000000391e-07	7.202703e-03	1.807887e-02	6.222413e-02
8.401000000000391e-07	7.356669e-03	1.820390e-02	6.250259e-02
8.405000000000391e-07	7.666100e-03	1.845270e-02	6.308087e-02
8.407000000000391e-07	7.820750e-03	1.857356e-02	6.338155e-02
8.409000000000391e-07	7.974501e-03	1.869076e-02	6.369533e-02
8.411000000000392e-07	8.126614e-03	1.880373e-02	6.402569e-02
8.413000000000392e-07	8.276386e-03	1.891214e-02	6.437159e-02
8.415000000000392e-07	8.423242e-03	1.901583e-02	6.472670e-02
8.417000000000392e-07	8.566798e-03	1.911470e-02	6.508081e-02
8.419000000000392e-07	8.706910e-03	1.920871e-02	6.542214e-02
8.421000000000392e-07	8.843677e-03	1.929782e-02	6.573919e-02
8.423000000000392e-07	8.977422e-03	1.938200e-02	6.602214e-02
8.427000000000393e-07	9.237965e-03	1.953561e-02	6.646387e-02
8.429000000000393e-07	9.366040e-03	1.960523e-02	6.662518e-02
8.431000000000393e-07	9.493513e-03	1.967037e-02	6.675817e-02
8.433000000000393e-07	9.620938e-03	1.973145e-02	6.687565e-02
8.435000000000393e-07	9.748713e-03	1.978901e-02	6.698906e-02
8.437000000000394e-07	9.877012e-03	1.984376e-02	6.710447e-02
8.439000000000394e-07	1.000573e-02	1.989650e-02	6.722035e-02
8.441000000000394e-07	1.013451e-02	1.994813e-02	6.732789e-02
8.443000000000394e-07	1.026298e-02	1.999960e-02	6.741372e-02
8.445000000000394e-07	1.039101e-02	2.005173e-02	6.746395e-02
8.447000000000394e-07	1.051897e-02	2.010516e-02	6.746841e-02
8.449000000000394e-07	1.064747e-02	2.016011e-02	6.742391e-02
8.451000000000395e-07	1.077663e-02	2.021644e-02	6.733555e-02
8.453000000000395e-07	1.090514e-02	2.027378e-02	6.721611e-02
8.455000000000395e-07	1.102991e-02	2.033179e-02	6.708361e-02
8.457000000000395e-07	1.114712e-02	2.039034e-02	6.695783e-02
8.459000000000395e-07	1.125468e-02	2.044949e-02	6.685662e-02
8.461000000000395e-07	1.135503e-02	2.050902e-02	6.679268e-02
8.463000000000395e-07	1.145597e-02	2.056780e-02	6.677160e-02
8.465000000000396e-07	1.156748e-02	2.062359e-02	6.679118e-02
8.467000000000396e-07	1.169508e-02	2.067355e-02	6.684229e-02
8.469000000000396e-07	1.183451e-02	2.071521e-02	6.691076e-02
8.471000000000396e-07	1.197300e-02	2.074733e-02	6.697998e-02
8.473000000000396e-07	1.209740e-02	2.077009e-02	6.703375e-02
8.475000000000396e-07	1.220306e-02	2.078451e-02	6.705874e-02
8.477000000000397e-07	1.229612e-02	2.079177e-02	6.704639e-02
8.479000000000397e-07	1.238808e-02	2.079303e-02	6.699391e-02
8.481000000000397e-07	1.248891e-02	2.078975e-02	6.690436e-02
8.483000000000397e-07	1.260411e-02	2.078398e-02	6.678598e-02
8.485000000000397e-07	1.273589e-02	2.077791e-02	6.665075e-02
8.487000000000397e-07	1.288384e-02	2.077279e-02	6.651271e-02
8.489000000000397e-07	1.304275e-02	2.076841e-02	6.638606e-02
8.491000000000398e-07	1.320131e-02	2.076348e-02	6.628349e-02
8.493000000000398e-07	1.334690e-02	2.075672e-02	6.621477e-02
8.495000000000398e-07	1.347576e-02	2.074795e-02	6.618586e-02
8.497000000000398e-07	1.359918e-02	2.073873e-02	6.619851e-02
8.499000000000398e-07	1.373618e-02	2.073218e-02	6.625031e-02
8.501000000000398e-07	1.389645e-02	2.073201e-02	6.633528e-02
8.503000000000398e-07	1.406965e-02	2.074123e-02	6.644464e-02
8.505000000000399e-07	1.423312e-02	2.076119e-02	6.656788e-02
8.507000000000399e-07	1.437091e-02	2.079169e-02	6.669380e-02
8.509000000000399e-07	1.448544e-02	2.083164e-02	6.681155e-02
8.511000000000399e-07	1.459238e-02	2.087984e-02	6.691149e-02
8.513000000000399e-07	1.470744e-02	2.093534e-02	6.698588e-02
8.515000000000399e-07	1.483823e-02	2.099741e-02	6.702924e-02
8.517000000000400e-07	1.498479e-02	2.106510e-02	6.703854e-02
8.519000000000400e-07	1.514337e-02	2.113660e-02	6.701312e-02
8.521000000000400e-07	1.530866e-02	2.120873e-02	6.695446e-02
8.523000000000400e-07	1.547482e-02	2.127698e-02	6.686577e-02
8.525000000000400e-07	1.563656e-02	2.133624e-02	6.675151e-02
8.527000000000400e-07	1.579000e-02	2.138205e-02	6.661692e-02
8.529000000000400e-07	1.593298e-02	2.141172e-02	6.646760e-02
8.531000000000401e-07	1.606466e-02	2.142508e-02	6.630900e-02
8.533000000000401e-07	1.618523e-02	2.142445e-02	6.614594e-02
8.535000000000401e-07	1.629563e-02	2.141400e-02	6.598230e-02
8.537000000000401e-07	1.639740e-02	2.139867e-02	6.582066e-02
8.539000000000401e-07	1.649247e-02	2.138302e-02	6.566244e-02
8.541000000000401e-07	1.658300e-02	2.137028e-02	6.550791e-02
8.543000000000401e-07	1.667115e-02	2.136179e-02	6.535679e-02
8.545000000000402e-07	1.675884e-02	2.135693e-02	6.520883e-02
8.547000000000402e-07	1.684746e-02	2.135349e-02	6.506389e-02
8.549000000000402e-07	1.693767e-02	2.134831e-02	6.492113e-02
8.551000000000402e-07	1.702934e-02	2.133804e-02	6.477799e-02
8.553000000000402e-07	1.712156e-02	2.131982e-02	6.463014e-02
8.555000000000402e-07	1.721283e-02	2.129184e-02	6.447218e-02
8.557000000000403e-07	1.730130e-02	2.125358e-02	6.429845e-02
8.559000000000403e-07	1.738514e-02	2.120582e-02	6.410343e-02
8.561000000000403e-07	1.746285e-02	2.115045e-02	6.388259e-02
8.563000000000403e-07	1.753354e-02	2.109010e-02	6.363422e-02
8.565000000000403e-07	1.759709e-02	2.102778e-02	6.336112e-02
8.567000000000403e-07	1.765422e-02	2.096644e-02	6.307015e-02
8.569000000000403e-07	1.770641e-02	2.090869e-02	6.276932e-02
8.571000000000404e-07	1.775572e-02	2.085659e-02	6.246326e-02
8.573000000000404e-07	1.780457e-02	2.081155e-02	6.214989e-02
8.575000000000404e-07	1.785543e-02	2.077435e-02	6.182081e-02
8.577000000000404e-07	1.791058e-02	2.074522e-02	6.146575e-02
8.579000000000404e-07	1.797191e-02	2.072395e-02	6.107765e-02
8.581000000000404e-07	1.804071e-02	2.071002e-02	6.065518e-02
8.583000000000404e-07	1.811763e-02	2.070273e-02	6.020280e-02
8.585000000000405e-07	1.820268e-02	2.070123e-02	5.973076e-02
8.587000000000405e-07	1.829529e-02	2.070458e-02	5.925496e-02
8.589000000000405e-07	1.839444e-02	2.071178e-02	5.879349e-02
8.591000000000405e-07	1.849880e-02	2.072173e-02	5.836010e-02
8.593000000000405e-07	1.860690e-02	2.073320e-02	5.795901e-02
8.595000000000405e-07	1.871729e-02	2.074483e-02	5.758579e-02
8.597000000000406e-07	1.882861e-02	2.075515e-02	5.723307e-02
8.599000000000406e-07	1.893972e-02	2.076257e-02	5.689603e-02
8.603000000000406e-07	1.915805e-02	2.076233e-02	5.626699e-02
8.605000000000406e-07	1.926425e-02	2.075170e-02	5.597582e-02
8.607000000000406e-07	1.936814e-02	2.073242e-02	5.569835e-02
8.611000000000407e-07	1.956883e-02	2.066515e-02	5.517598e-02
8.613000000000407e-07	1.966569e-02	2.061687e-02	5.493264e-02
8.615000000000407e-07	1.976025e-02	2.055946e-02	5.470767e-02
8.617000000000407e-07	1.985250e-02	2.049397e-02	5.450768e-02
8.619000000000407e-07	1.994240e-02	2.042187e-02	5.433697e-02
8.621000000000407e-07	2.002979e-02	2.034498e-02	5.419485e-02
8.623000000000407e-07	2.011448e-02	2.026531e-02	5.407452e-02
8.625000000000408e-07	2.019622e-02	2.018492e-02	5.396408e-02
8.627000000000408e-07	2.027480e-02	2.010569e-02	5.384887e-02
8.629000000000408e-07	2.035022e-02	2.002907e-02	5.371457e-02
8.631000000000408e-07	2.042278e-02	1.995605e-02	5.354984e-02
8.633000000000408e-07	2.049307e-02	1.988733e-02	5.334805e-02
8.635000000000408e-07	2.056168e-02	1.982361e-02	5.310763e-02
8.637000000000409e-07	2.062875e-02	1.976584e-02	5.283121e-02
8.639000000000409e-07	2.069356e-02	1.971498e-02	5.252397e-02
8.641000000000409e-07	2.075462e-02	1.967134e-02	5.219167e-02
8.643000000000409e-07	2.081050e-02	1.963346e-02	5.183891e-02
8.645000000000409e-07	2.086110e-02	1.959749e-02	5.146807e-02
8.647000000000409e-07	2.090864e-02	1.955795e-02	5.107889e-02
8.649000000000409e-07	2.095713e-02	1.951022e-02	5.066891e-02
8.651000000000410e-07	2.101046e-02	1.945336e-02	5.023431e-02
8.653000000000410e-07	2.106994e-02	1.939079e-02	4.977120e-02
8.655000000000410e-07	2.113302e-02	1.932784e-02	4.927670e-02
8.657000000000410e-07	2.119427e-02	1.926749e-02	4.874995e-02
8.659000000000410e-07	2.124789e-02	1.920799e-02	4.819257e-02
8.661000000000410e-07	2.129019e-02	1.914393e-02	4.760874e-02
8.663000000000410e-07	2.132046e-02	1.906978e-02	4.700482e-02
8.665000000000411e-07	2.134026e-02	1.898271e-02	4.638871e-02
8.667000000000411e-07	2.135243e-02	1.888297e-02	4.576894e-02
8.669000000000411e-07	2.136065e-02	1.877293e-02	4.515385e-02
8.671000000000411e-07	2.136947e-02	1.865658e-02	4.455080e-02
8.673000000000411e-07	2.138370e-02	1.853974e-02	4.396562e-02
8.675000000000411e-07	2.140657e-02	1.842898e-02	4.340229e-02
8.677000000000412e-07	2.143751e-02	1.832818e-02	4.286290e-02
8.679000000000412e-07	2.147120e-02	1.823510e-02	4.234779e-02
8.681000000000412e-07	2.149951e-02	1.814229e-02	4.185585e-02
8.683000000000412e-07	2.151552e-02	1.804332e-02	4.138495e-02
8.685000000000412e-07	2.151722e-02	1.793933e-02	4.093230e-02
8.687000000000412e-07	2.150811e-02	1.783928e-02	4.049483e-02
8.689000000000412e-07	2.149477e-02	1.775329e-02	4.006945e-02
8.691000000000413e-07	2.148351e-02	1.768512e-02	3.965328e-02
8.693000000000413e-07	2.147838e-02	1.763051e-02	3.924363e-02
8.695000000000413e-07	2.148105e-02	1.758164e-02	3.883808e-02
8.697000000000413e-07	2.149154e-02	1.753235e-02	3.843433e-02
8.699000000000413e-07	2.150903e-02	1.748010e-02	3.803018e-02
8.701000000000413e-07	2.153247e-02	1.742484e-02	3.762341e-02
8.703000000000414e-07	2.156118e-02	1.736726e-02	3.721175e-02
8.705000000000414e-07	2.159515e-02	1.730799e-02	3.679287e-02
8.707000000000414e-07	2.163479e-02	1.724753e-02	3.636444e-02
8.709000000000414e-07	2.168032e-02	1.718641e-02	3.592432e-02
8.711000000000414e-07	2.173108e-02	1.712533e-02	3.547064e-02
8.713000000000414e-07	2.178520e-02	1.706527e-02	3.500209e-02
8.715000000000414e-07	2.183984e-02	1.700732e-02	3.451791e-02
8.717000000000415e-07	2.189166e-02	1.695226e-02	3.401799e-02
8.719000000000415e-07	2.193763e-02	1.690010e-02	3.350292e-02
8.721000000000415e-07	2.197557e-02	1.684966e-02	3.297414e-02
8.723000000000415e-07	2.200466e-02	1.679850e-02	3.243405e-02
8.725000000000415e-07	2.202537e-02	1.674327e-02	3.188597e-02
8.727000000000415e-07	2.203925e-02	1.668025e-02	3.133414e-02
8.729000000000415e-07	2.204842e-02	1.660608e-02	3.078344e-02
8.731000000000416e-07	2.205501e-02	1.651848e-02	3.023903e-02
8.733000000000416e-07	2.206062e-02	1.641673e-02	2.970562e-02
8.735000000000416e-07	2.206604e-02	1.630190e-02	2.918681e-02
8.737000000000416e-07	2.207112e-02	1.617666e-02	2.868450e-02
8.739000000000416e-07	2.207490e-02	1.604484e-02	2.819832e-02
8.741000000000416e-07	2.207587e-02	1.591080e-02	2.772558e-02
8.743000000000417e-07	2.207232e-02	1.577871e-02	2.726267e-02
8.745000000000417e-07	2.206277e-02	1.565189e-02	2.680759e-02
8.747000000000417e-07	2.204622e-02	1.553235e-02	2.636194e-02
8.749000000000417e-07	2.202235e-02	1.542051e-02	2.593049e-02
8.751000000000417e-07	2.199161e-02	1.531531e-02	2.551780e-02
8.753000000000417e-07	2.195514e-02	1.521434e-02	2.512334e-02
8.755000000000417e-07	2.191462e-02	1.511439e-02	2.473815e-02
8.757000000000418e-07	2.187202e-02	1.501188e-02	2.434590e-02
8.759000000000418e-07	2.182935e-02	1.490346e-02	2.392848e-02
8.761000000000418e-07	2.178850e-02	1.478643e-02	2.347264e-02
8.763000000000418e-07	2.175097e-02	1.465912e-02	2.297319e-02
8.765000000000418e-07	2.171784e-02	1.452107e-02	2.243229e-02
8.767000000000418e-07	2.168966e-02	1.437304e-02	2.185807e-02
8.769000000000418e-07	2.166653e-02	1.421690e-02	2.126365e-02
8.771000000000419e-07	2.164811e-02	1.405538e-02	2.066421e-02
8.773000000000419e-07	2.163376e-02	1.389173e-02	2.007081e-02
8.775000000000419e-07	2.162261e-02	1.372939e-02	1.948472e-02
8.777000000000419e-07	2.161370e-02	1.357163e-02	1.889756e-02
8.779000000000419e-07	2.160603e-02	1.342128e-02	1.829749e-02
8.781000000000419e-07	2.159864e-02	1.328049e-02	1.767627e-02
8.783000000000420e-07	2.159068e-02	1.315061e-02	1.703242e-02
8.785000000000420e-07	2.158135e-02	1.303216e-02	1.636987e-02
8.787000000000420e-07	2.156996e-02	1.292486e-02	1.569501e-02
8.789000000000420e-07	2.155592e-02	1.282774e-02	1.501494e-02
8.791000000000420e-07	2.153868e-02	1.273931e-02	1.433780e-02
8.793000000000420e-07	2.151775e-02	1.265772e-02	1.367415e-02
8.795000000000420e-07	2.149272e-02	1.258097e-02	1.303753e-02
8.797000000000421e-07	2.146322e-02	1.250706e-02	1.244273e-02
8.801000000000421e-07	2.138974e-02	1.236067e-02	1.142000e-02
8.803000000000421e-07	2.134542e-02	1.228536e-02	1.099219e-02
8.805000000000421e-07	2.129596e-02	1.220736e-02	1.060353e-02
8.807000000000421e-07	2.124145e-02	1.212619e-02	1.023213e-02
8.809000000000421e-07	2.118230e-02	1.204172e-02	9.853984e-03
8.811000000000422e-07	2.111943e-02	1.195408e-02	9.448334e-03
8.813000000000422e-07	2.105423e-02	1.186350e-02	9.001899e-03
8.815000000000422e-07	2.098821e-02	1.177025e-02	8.511074e-03
8.817000000000422e-07	2.092220e-02	1.167463e-02	7.981751e-03
8.819000000000422e-07	2.085574e-02	1.157705e-02	7.427105e-03
8.821000000000422e-07	2.078708e-02	1.147818e-02	6.864107e-03
8.823000000000423e-07	2.071447e-02	1.137906e-02	6.309696e-03
8.825000000000423e-07	2.063825e-02	1.128092e-02	5.777462e-03
8.827000000000423e-07	2.056255e-02	1.118460e-02	5.275409e-03
8.829000000000423e-07	2.049474e-02	1.108992e-02	4.805075e-03
8.831000000000423e-07	2.044150e-02	1.099562e-02	4.361931e-03
8.833000000000423e-07	2.040339e-02	1.089994e-02	3.936769e-03
8.835000000000423e-07	2.037211e-02	1.080169e-02	3.517645e-03
8.837000000000424e-07	2.033408e-02	1.070090e-02	3.091952e-03
8.839000000000424e-07	2.027888e-02	1.059867e-02	2.648235e-03
8.841000000000424e-07	2.020594e-02	1.049639e-02	2.177524e-03
8.843000000000424e-07	2.012413e-02	1.039494e-02	1.674062e-03
8.845000000000424e-07	2.004478e-02	1.029449e-02	1.135466e-03
8.847000000000424e-07	1.997499e-02	1.019479e-02	5.624254e-04
8.849000000000424e-07	1.991595e-02	1.009533e-02	-4.189093e-05
8.851000000000425e-07	1.986532e-02	9.995117e-03	-6.725560e-04
8.853000000000425e-07	1.981885e-02	9.892110e-03	-1.323580e-03
8.855000000000425e-07	1.976958e-02	9.783347e-03	-1.988484e-03
8.857000000000425e-07	1.970786e-02	9.665816e-03	-2.660702e-03
8.859000000000425e-07	1.962628e-02	9.537690e-03	-3.333814e-03
8.861000000000425e-07	1.952731e-02	9.399164e-03	-4.001647e-03
8.863000000000426e-07	1.942532e-02	9.252474e-03	-4.658299e-03
8.865000000000426e-07	1.933713e-02	9.101052e-03	-5.298149e-03
8.867000000000426e-07	1.926732e-02	8.948107e-03	-5.915909e-03
8.869000000000426e-07	1.920265e-02	8.795315e-03	-6.506735e-03
8.871000000000426e-07	1.912299e-02	8.642415e-03	-7.066428e-03
8.873000000000426e-07	1.901919e-02	8.487937e-03	-7.591687e-03
8.875000000000426e-07	1.890054e-02	8.330458e-03	-8.080396e-03
8.877000000000427e-07	1.878616e-02	8.169512e-03	-8.531892e-03
8.879000000000427e-07	1.869081e-02	8.005809e-03	-8.947176e-03
8.881000000000427e-07	1.861816e-02	7.840874e-03	-9.329023e-03
8.883000000000427e-07	1.856354e-02	7.676423e-03	-9.681957e-03
8.885000000000427e-07	1.851949e-02	7.513748e-03	-1.001208e-02
8.887000000000427e-07	1.847875e-02	7.353366e-03	-1.032679e-02
8.889000000000427e-07	1.843521e-02	7.195187e-03	-1.063431e-02
8.891000000000428e-07	1.838436e-02	7.039133e-03	-1.094320e-02
8.893000000000428e-07	1.832387e-02	6.885870e-03	-1.126176e-02
8.895000000000428e-07	1.825349e-02	6.737242e-03	-1.159747e-02
8.897000000000428e-07	1.817440e-02	6.596156e-03	-1.195651e-02
8.899000000000428e-07	1.808870e-02	6.465997e-03	-1.234347e-02
8.901000000000428e-07	1.799893e-02	6.349772e-03	-1.276116e-02
8.903000000000429e-07	1.790773e-02	6.249337e-03	-1.321042e-02
8.905000000000429e-07	1.781743e-02	6.164895e-03	-1.369012e-02
8.907000000000429e-07	1.772976e-02	6.094936e-03	-1.419704e-02
8.909000000000429e-07	1.764552e-02	6.036565e-03	-1.472581e-02
8.911000000000429e-07	1.756453e-02	5.986113e-03	-1.526907e-02
8.913000000000429e-07	1.748554e-02	5.939846e-03	-1.581823e-02
8.915000000000429e-07	1.740648e-02	5.894582e-03	-1.636492e-02
8.917000000000430e-07	1.732478e-02	5.848099e-03	-1.690253e-02
8.919000000000430e-07	1.723779e-02	5.799269e-03	-1.742655e-02
8.921000000000430e-07	1.714323e-02	5.747926e-03	-1.793407e-02
8.925000000000430e-07	1.692641e-02	5.639821e-03	-1.889174e-02
8.927000000000430e-07	1.680431e-02	5.584277e-03	-1.933863e-02
8.929000000000430e-07	1.667497e-02	5.527945e-03	-1.976139e-02
8.931000000000431e-07	1.654081e-02	5.470206e-03	-2.015694e-02
8.933000000000431e-07	1.640469e-02	5.409795e-03	-2.052282e-02
8.935000000000431e-07	1.626947e-02	5.344943e-03	-2.085961e-02
8.937000000000431e-07	1.613763e-02	5.273627e-03	-2.117346e-02
8.939000000000431e-07	1.601099e-02	5.193859e-03	-2.147646e-02
8.941000000000431e-07	1.589047e-02	5.103971e-03	-2.178397e-02
8.943000000000432e-07	1.577611e-02	5.002843e-03	-2.210962e-02
8.945000000000432e-07	1.566706e-02	4.890047e-03	-2.246098e-02
8.947000000000432e-07	1.556182e-02	4.765893e-03	-2.283881e-02
8.949000000000432e-07	1.545849e-02	4.631386e-03	-2.323942e-02
8.951000000000432e-07	1.535500e-02	4.488105e-03	-2.365736e-02
8.953000000000432e-07	1.524947e-02	4.338038e-03	-2.408696e-02
8.955000000000432e-07	1.514039e-02	4.183392e-03	-2.452357e-02
8.957000000000433e-07	1.502678e-02	4.026415e-03	-2.496533e-02
8.959000000000433e-07	1.490829e-02	3.869243e-03	-2.541361e-02
8.961000000000433e-07	1.478521e-02	3.713784e-03	-2.587116e-02
8.963000000000433e-07	1.465834e-02	3.561651e-03	-2.633937e-02
8.965000000000433e-07	1.452893e-02	3.414138e-03	-2.681733e-02
8.967000000000433e-07	1.439846e-02	3.272222e-03	-2.730316e-02
8.969000000000433e-07	1.426848e-02	3.136602e-03	-2.779537e-02
8.971000000000434e-07	1.414043e-02	3.007737e-03	-2.829260e-02
8.973000000000434e-07	1.401552e-02	2.885893e-03	-2.879174e-02
8.975000000000434e-07	1.389463e-02	2.771176e-03	-2.928621e-02
8.977000000000434e-07	1.377822e-02	2.663556e-03	-2.976592e-02
8.979000000000434e-07	1.366638e-02	2.562875e-03	-3.021925e-02
8.981000000000434e-07	1.355882e-02	2.468848e-03	-3.063655e-02
8.983000000000435e-07	1.345496e-02	2.381055e-03	-3.101350e-02
8.985000000000435e-07	1.335399e-02	2.298936e-03	-3.135284e-02
8.987000000000435e-07	1.325499e-02	2.221798e-03	-3.166354e-02
8.989000000000435e-07	1.315697e-02	2.148807e-03	-3.195762e-02
8.991000000000435e-07	1.305901e-02	2.078958e-03	-3.224593e-02
8.993000000000435e-07	1.296038e-02	2.011034e-03	-3.253447e-02
8.995000000000435e-07	1.286067e-02	1.943611e-03	-3.282242e-02
8.997000000000436e-07	1.275988e-02	1.875223e-03	-3.310249e-02
8.999000000000436e-07	1.265826e-02	1.804690e-03	-3.336328e-02
9.001000000000436e-07	1.255607e-02	1.731460e-03	-3.359282e-02
9.003000000000436e-07	1.245312e-02	1.655718e-03	-3.378235e-02
9.005000000000436e-07	1.234865e-02	1.578024e-03	-3.392909e-02
9.007000000000436e-07	1.224155e-02	1.498537e-03	-3.403762e-02
9.009000000000436e-07	1.213123e-02	1.416245e-03	-3.411937e-02
9.011000000000437e-07	1.201865e-02	1.328966e-03	-3.419070e-02
9.013000000000437e-07	1.190656e-02	1.234641e-03	-3.426984e-02
9.015000000000437e-07	1.179855e-02	1.133476e-03	-3.437367e-02
9.017000000000437e-07	1.169707e-02	1.029331e-03	-3.451480e-02
9.019000000000437e-07	1.160155e-02	9.287039e-04	-3.469958e-02
9.021000000000437e-07	1.150808e-02	8.374180e-04	-3.492735e-02
9.023000000000438e-07	1.141109e-02	7.572772e-04	-3.519093e-02
9.025000000000438e-07	1.130593e-02	6.854375e-04	-3.547810e-02
9.027000000000438e-07	1.119087e-02	6.170544e-04	-3.577389e-02
9.029000000000438e-07	1.106719e-02	5.489089e-04	-3.606303e-02
9.031000000000438e-07	1.093807e-02	4.810458e-04	-3.633228e-02
9.033000000000438e-07	1.080725e-02	4.156836e-04	-3.657236e-02
9.035000000000438e-07	1.067839e-02	3.553069e-04	-3.677895e-02
9.037000000000439e-07	1.055484e-02	3.019696e-04	-3.695312e-02
9.039000000000439e-07	1.043894e-02	2.574780e-04	-3.710082e-02
9.041000000000439e-07	1.033054e-02	2.224942e-04	-3.723182e-02
9.043000000000439e-07	1.022572e-02	1.941902e-04	-3.735822e-02
9.045000000000439e-07	1.011716e-02	1.651734e-04	-3.749277e-02
9.047000000000439e-07	9.996781e-03	1.266327e-04	-3.764727e-02
9.049000000000439e-07	9.859761e-03	7.453682e-05	-3.783122e-02
9.051000000000440e-07	9.707049e-03	1.339723e-05	-3.805079e-02
9.053000000000440e-07	9.544693e-03	-4.683708e-05	-3.830838e-02
9.055000000000440e-07	9.380417e-03	-9.880598e-05	-3.860246e-02
9.057000000000440e-07	9.220071e-03	-1.436725e-04	-3.892801e-02
9.059000000000440e-07	9.066120e-03	-1.899699e-04	-3.927713e-02
9.061000000000440e-07	8.918278e-03	-2.472461e-04	-3.963996e-02
9.063000000000441e-07	8.774946e-03	-3.205466e-04	-4.000570e-02
9.065000000000441e-07	8.634347e-03	-4.094551e-04	-4.036355e-02
9.067000000000441e-07	8.495171e-03	-5.104701e-04	-4.070360e-02
9.069000000000441e-07	8.356904e-03	-6.194792e-04	-4.101754e-02
9.071000000000441e-07	8.219782e-03	-7.327312e-04	-4.129913e-02
9.075000000000441e-07	7.950795e-03	-9.582138e-04	-4.175195e-02
9.077000000000442e-07	7.818582e-03	-1.063711e-03	-4.192220e-02
9.079000000000442e-07	7.686491e-03	-1.160114e-03	-4.205768e-02
9.081000000000442e-07	7.553110e-03	-1.244871e-03	-4.216239e-02
9.083000000000442e-07	7.417475e-03	-1.316530e-03	-4.224144e-02
9.085000000000442e-07	7.279583e-03	-1.375159e-03	-4.230062e-02
9.087000000000442e-07	7.140609e-03	-1.422422e-03	-4.234580e-02
9.089000000000443e-07	7.002757e-03	-1.461270e-03	-4.238252e-02
9.091000000000443e-07	6.868813e-03	-1.495313e-03	-4.241545e-02
9.093000000000443e-07	6.741531e-03	-1.528042e-03	-4.244794e-02
9.095000000000443e-07	6.623055e-03	-1.562119e-03	-4.248202e-02
9.097000000000443e-07	6.514488e-03	-1.598888e-03	-4.251897e-02
9.099000000000443e-07	6.415725e-03	-1.638210e-03	-4.255998e-02
9.101000000000443e-07	6.325536e-03	-1.678640e-03	-4.260626e-02
9.103000000000444e-07	6.241865e-03	-1.717861e-03	-4.265847e-02
9.105000000000444e-07	6.162247e-03	-1.753263e-03	-4.271641e-02
9.107000000000444e-07	6.084249e-03	-1.782532e-03	-4.277916e-02
9.109000000000444e-07	6.005838e-03	-1.804127e-03	-4.284487e-02
9.111000000000444e-07	5.925613e-03	-1.817568e-03	-4.290970e-02
9.113000000000444e-07	5.842894e-03	-1.823504e-03	-4.296700e-02
9.115000000000444e-07	5.757650e-03	-1.823574e-03	-4.300831e-02
9.117000000000445e-07	5.670333e-03	-1.820120e-03	-4.302648e-02
9.119000000000445e-07	5.581638e-03	-1.815815e-03	-4.301930e-02
9.121000000000445e-07	5.492265e-03	-1.813292e-03	-4.299090e-02
9.123000000000445e-07	5.402721e-03	-1.814823e-03	-4.294965e-02
9.125000000000445e-07	5.313179e-03	-1.822099e-03	-4.290316e-02
9.127000000000445e-07	5.223429e-03	-1.836135e-03	-4.285407e-02
9.129000000000446e-07	5.132900e-03	-1.857276e-03	-4.279951e-02
9.131000000000446e-07	5.040752e-03	-1.885304e-03	-4.273349e-02
9.133000000000446e-07	4.946001e-03	-1.919592e-03	-4.264934e-02
9.135000000000446e-07	4.847660e-03	-1.959283e-03	-4.254074e-02
9.137000000000446e-07	4.744872e-03	-2.003446e-03	-4.240368e-02
9.139000000000446e-07	4.637013e-03	-2.051201e-03	-4.223985e-02
9.141000000000446e-07	4.523755e-03	-2.101780e-03	-4.205875e-02
9.143000000000447e-07	4.405093e-03	-2.154543e-03	-4.187503e-02
9.145000000000447e-07	4.281326e-03	-2.208940e-03	-4.170246e-02
9.147000000000447e-07	4.153012e-03	-2.264447e-03	-4.154916e-02
9.149000000000447e-07	4.020904e-03	-2.320483e-03	-4.141744e-02
9.151000000000447e-07	3.885874e-03	-2.376347e-03	-4.130676e-02
9.153000000000447e-07	3.748847e-03	-2.431166e-03	-4.121685e-02
9.155000000000447e-07	3.610743e-03	-2.483883e-03	-4.114834e-02
9.157000000000448e-07	3.472426e-03	-2.533289e-03	-4.110154e-02
9.159000000000448e-07	3.334690e-03	-2.578079e-03	-4.107465e-02
9.161000000000448e-07	3.198237e-03	-2.616952e-03	-4.106330e-02
9.163000000000448e-07	3.063689e-03	-2.648718e-03	-4.106187e-02
9.165000000000448e-07	2.931580e-03	-2.672414e-03	-4.106607e-02
9.167000000000448e-07	2.802360e-03	-2.687405e-03	-4.107518e-02
9.169000000000449e-07	2.676378e-03	-2.693458e-03	-4.109257e-02
9.171000000000449e-07	2.553892e-03	-2.690777e-03	-4.112426e-02
9.175000000000449e-07	2.320414e-03	-2.662215e-03	-4.125034e-02
9.177000000000449e-07	2.210248e-03	-2.638869e-03	-4.134463e-02
9.179000000000449e-07	2.105220e-03	-2.611767e-03	-4.145076e-02
9.181000000000449e-07	2.005599e-03	-2.582916e-03	-4.155651e-02
9.183000000000450e-07	1.910779e-03	-2.554323e-03	-4.164796e-02
9.185000000000450e-07	1.818997e-03	-2.527728e-03	-4.171224e-02
9.187000000000450e-07	1.727790e-03	-2.504344e-03	-4.173984e-02
9.189000000000450e-07	1.635344e-03	-2.484737e-03	-4.172588e-02
9.191000000000450e-07	1.542169e-03	-2.469001e-03	-4.167023e-02
9.193000000000450e-07	1.451853e-03	-2.457222e-03	-4.157656e-02
9.195000000000450e-07	1.369596e-03	-2.449881e-03	-4.145077e-02
9.197000000000451e-07	1.298427e-03	-2.447766e-03	-4.129913e-02
9.199000000000451e-07	1.235309e-03	-2.451302e-03	-4.112677e-02
9.201000000000451e-07	1.170699e-03	-2.459731e-03	-4.093658e-02
9.203000000000451e-07	1.093436e-03	-2.470808e-03	-4.072898e-02
9.205000000000451e-07	9.982222e-04	-2.481283e-03	-4.050224e-02
9.207000000000451e-07	8.897657e-04	-2.487889e-03	-4.025333e-02
9.209000000000452e-07	7.797854e-04	-2.488198e-03	-3.997909e-02
9.211000000000452e-07	6.794244e-04	-2.480897e-03	-3.967729e-02
9.213000000000452e-07	5.935424e-04	-2.465584e-03	-3.934754e-02
9.215000000000452e-07	5.206947e-04	-2.442581e-03	-3.899183e-02
9.217000000000452e-07	4.565621e-04	-2.413040e-03	-3.861453e-02
9.219000000000452e-07	3.961411e-04	-2.379071e-03	-3.822212e-02
9.221000000000452e-07	3.334592e-04	-2.343302e-03	-3.782252e-02
9.223000000000453e-07	2.620895e-04	-2.307798e-03	-3.742427e-02
9.225000000000453e-07	1.792745e-04	-2.272973e-03	-3.703566e-02
9.227000000000453e-07	9.088306e-05	-2.237309e-03	-3.666393e-02
9.229000000000453e-07	1.038863e-05	-2.198181e-03	-3.631473e-02
9.231000000000453e-07	-5.087312e-05	-2.153433e-03	-3.599174e-02
9.233000000000453e-07	-9.491372e-05	-2.102879e-03	-3.569658e-02
9.235000000000453e-07	-1.378919e-04	-2.048838e-03	-3.542900e-02
9.237000000000454e-07	-1.973146e-04	-1.995304e-03	-3.518708e-02
9.239000000000454e-07	-2.768695e-04	-1.946238e-03	-3.496775e-02
9.241000000000454e-07	-3.635386e-04	-1.904108e-03	-3.476714e-02
9.243000000000454e-07	-4.390612e-04	-1.869513e-03	-3.458105e-02
9.245000000000454e-07	-4.937102e-04	-1.841820e-03	-3.440524e-02
9.247000000000454e-07	-5.305019e-04	-1.820127e-03	-3.423571e-02
9.249000000000455e-07	-5.597493e-04	-1.803925e-03	-3.406880e-02
9.251000000000455e-07	-5.920017e-04	-1.793236e-03	-3.390123e-02
9.253000000000455e-07	-6.348138e-04	-1.788289e-03	-3.373007e-02
9.255000000000455e-07	-6.925667e-04	-1.788927e-03	-3.355269e-02
9.257000000000455e-07	-7.667646e-04	-1.794026e-03	-3.336661e-02
9.259000000000455e-07	-8.561703e-04	-1.801293e-03	-3.316950e-02
9.261000000000455e-07	-9.573305e-04	-1.807616e-03	-3.295908e-02
9.263000000000456e-07	-1.065501e-03	-1.809862e-03	-3.273328e-02
9.265000000000456e-07	-1.175529e-03	-1.805781e-03	-3.249031e-02
9.267000000000456e-07	-1.282518e-03	-1.794644e-03	-3.222885e-02
9.269000000000456e-07	-1.382384e-03	-1.777376e-03	-3.194809e-02
9.273000000000456e-07	-1.551086e-03	-1.733680e-03	-3.132845e-02
9.275000000000456e-07	-1.619125e-03	-1.712186e-03	-3.099092e-02
9.277000000000457e-07	-1.678332e-03	-1.692787e-03	-3.063655e-02
9.279000000000457e-07	-1.731659e-03	-1.675035e-03	-3.026709e-02
9.281000000000457e-07	-1.782529e-03	-1.656959e-03	-2.988512e-02
9.283000000000457e-07	-1.834181e-03	-1.635496e-03	-2.949461e-02
9.285000000000457e-07	-1.889081e-03	-1.607177e-03	-2.910140e-02
9.287000000000457e-07	-1.948499e-03	-1.568896e-03	-2.871308e-02
9.289000000000458e-07	-2.012311e-03	-1.518570e-03	-2.833776e-02
9.291000000000458e-07	-2.079067e-03	-1.455570e-03	-2.798121e-02
9.293000000000458e-07	-2.146280e-03	-1.380836e-03	-2.764389e-02
9.295000000000458e-07	-2.210887e-03	-1.296686e-03	-2.731994e-02
9.297000000000458e-07	-2.269777e-03	-1.206381e-03	-2.700018e-02
9.299000000000458e-07	-2.320299e-03	-1.113546e-03	-2.667782e-02
9.301000000000458e-07	-2.360675e-03	-1.021570e-03	-2.635334e-02
9.303000000000459e-07	-2.390251e-03	-9.330907e-04	-2.603527e-02
9.305000000000459e-07	-2.409569e-03	-8.496422e-04	-2.573543e-02
9.307000000000459e-07	-2.420269e-03	-7.715115e-04	-2.546154e-02
9.309000000000459e-07	-2.424840e-03	-6.978061e-04	-2.521147e-02
9.311000000000459e-07	-2.426288e-03	-6.267003e-04	-2.497292e-02
9.313000000000459e-07	-2.427758e-03	-5.558042e-04	-2.472774e-02
9.315000000000459e-07	-2.432181e-03	-4.825885e-04	-2.445691e-02
9.317000000000460e-07	-2.441979e-03	-4.047967e-04	-2.414455e-02
9.319000000000460e-07	-2.458862e-03	-3.207869e-04	-2.378197e-02
9.321000000000460e-07	-2.483728e-03	-2.297633e-04	-2.337205e-02
9.323000000000460e-07	-2.516671e-03	-1.318783e-04	-2.292985e-02
9.325000000000460e-07	-2.557061e-03	-2.820314e-05	-2.247595e-02
9.327000000000460e-07	-2.603706e-03	7.941330e-05	-2.202542e-02
9.329000000000461e-07	-2.655028e-03	1.885696e-04	-2.158099e-02
9.331000000000461e-07	-2.709265e-03	2.965841e-04	-2.113515e-02
9.333000000000461e-07	-2.764642e-03	4.007777e-04	-2.067843e-02
9.335000000000461e-07	-2.819516e-03	4.987340e-04	-2.020628e-02
9.337000000000461e-07	-2.872481e-03	5.885101e-04	-1.972022e-02
9.339000000000461e-07	-2.922417e-03	6.687819e-04	-1.922444e-02
9.341000000000461e-07	-2.968506e-03	7.389165e-04	-1.872206e-02
9.343000000000462e-07	-3.010210e-03	7.989735e-04	-1.821389e-02
9.345000000000462e-07	-3.047228e-03	8.496453e-04	-1.770019e-02
9.347000000000462e-07	-3.079437e-03	8.921500e-04	-1.718391e-02
9.349000000000462e-07	-3.106839e-03	9.280973e-04	-1.667301e-02
9.351000000000462e-07	-3.129524e-03	9.593419e-04	-1.618040e-02
9.353000000000462e-07	-3.147644e-03	9.878370e-04	-1.572107e-02
9.355000000000462e-07	-3.161395e-03	1.015484e-03	-1.530756e-02
9.357000000000463e-07	-3.170986e-03	1.043981e-03	-1.494560e-02
9.359000000000463e-07	-3.176587e-03	1.074691e-03	-1.463158e-02
9.361000000000463e-07	-3.178281e-03	1.108600e-03	-1.435271e-02
9.363000000000463e-07	-3.176103e-03	1.146422e-03	-1.408962e-02
9.365000000000463e-07	-3.170188e-03	1.188801e-03	-1.382066e-02
9.367000000000463e-07	-3.161034e-03	1.236481e-03	-1.352641e-02
9.369000000000464e-07	-3.149731e-03	1.290243e-03	-1.319342e-02
9.371000000000464e-07	-3.137905e-03	1.350541e-03	-1.281627e-02
9.373000000000464e-07	-3.127228e-03	1.416916e-03	-1.239769e-02
9.375000000000464e-07	-3.118557e-03	1.487595e-03	-1.194701e-02
9.377000000000464e-07	-3.111247e-03	1.559831e-03	-1.147752e-02
9.379000000000464e-07	-3.103278e-03	1.631293e-03	-1.100338e-02
9.381000000000464e-07	-3.092467e-03	1.701855e-03	-1.053691e-02
9.383000000000465e-07	-3.078221e-03	1.774291e-03	-1.008655e-02
9.385000000000465e-07	-3.062647e-03	1.852771e-03	-9.655929e-03
9.387000000000465e-07	-3.050043e-03	1.939769e-03	-9.243918e-03
9.389000000000465e-07	-3.044846e-03	2.033727e-03	-8.845476e-03
9.391000000000465e-07	-3.049253e-03	2.129586e-03	-8.453020e-03
9.393000000000465e-07	-3.062040e-03	2.221941e-03	-8.057945e-03
9.395000000000465e-07	-3.079186e-03	2.308266e-03	-7.652016e-03
9.397000000000466e-07	-3.095575e-03	2.389722e-03	-7.228418e-03
9.399000000000466e-07	-3.106521e-03	2.469497e-03	-6.782385e-03
9.401000000000466e-07	-3.108465e-03	2.550793e-03	-6.311396e-03
9.403000000000466e-07	-3.099239e-03	2.636177e-03	-5.815031e-03
9.405000000000466e-07	-3.078575e-03	2.727742e-03	-5.294597e-03
9.407000000000466e-07	-3.048918e-03	2.826371e-03	-4.752673e-03
9.409000000000467e-07	-3.015713e-03	2.930119e-03	-4.192667e-03
9.411000000000467e-07	-2.986115e-03	3.034070e-03	-3.618476e-03
9.413000000000467e-07	-2.966040e-03	3.133564e-03	-3.034277e-03
9.415000000000467e-07	-2.957015e-03	3.228955e-03	-2.444436e-03
9.417000000000467e-07	-2.955073e-03	3.327170e-03	-1.853505e-03
9.419000000000467e-07	-2.952806e-03	3.437388e-03	-1.266256e-03
9.421000000000467e-07	-2.943313e-03	3.563893e-03	-6.876749e-04
9.423000000000468e-07	-2.923301e-03	3.702470e-03	-1.229063e-04
9.425000000000468e-07	-2.893595e-03	3.843558e-03	4.229143e-04
9.427000000000468e-07	-2.857513e-03	3.979002e-03	9.449174e-04
9.429000000000468e-07	-2.818859e-03	4.106457e-03	1.438835e-03
9.431000000000468e-07	-2.780709e-03	4.228756e-03	1.901379e-03
9.433000000000468e-07	-2.745038e-03	4.350391e-03	2.330602e-03
9.435000000000468e-07	-2.712769e-03	4.474684e-03	2.726210e-03
9.437000000000469e-07	-2.684063e-03	4.603036e-03	3.089754e-03
9.439000000000469e-07	-2.658795e-03	4.735386e-03	3.424698e-03
9.441000000000469e-07	-2.636994e-03	4.870742e-03	3.736331e-03
9.443000000000469e-07	-2.618963e-03	5.007457e-03	4.031508e-03
9.445000000000469e-07	-2.605014e-03	5.143356e-03	4.318225e-03
9.447000000000469e-07	-2.595012e-03	5.275814e-03	4.605053e-03
9.449000000000470e-07	-2.588020e-03	5.401869e-03	4.900535e-03
9.451000000000470e-07	-2.582244e-03	5.518439e-03	5.212616e-03
9.453000000000470e-07	-2.575283e-03	5.622736e-03	5.548187e-03
9.455000000000470e-07	-2.564608e-03	5.712784e-03	5.912725e-03
9.457000000000470e-07	-2.548087e-03	5.787880e-03	6.310104e-03
9.459000000000470e-07	-2.524405e-03	5.848842e-03	6.742465e-03
9.461000000000470e-07	-2.493250e-03	5.897961e-03	7.209931e-03
9.463000000000471e-07	-2.455249e-03	5.938644e-03	7.710113e-03
9.465000000000471e-07	-2.411689e-03	5.974847e-03	8.237869e-03
9.467000000000471e-07	-2.364125e-03	6.010413e-03	8.785877e-03
9.469000000000471e-07	-2.313988e-03	6.048481e-03	9.345863e-03
9.471000000000471e-07	-2.262278e-03	6.091083e-03	9.909720e-03
9.473000000000471e-07	-2.209421e-03	6.138993e-03	1.047014e-02
9.475000000000472e-07	-2.155286e-03	6.191850e-03	1.102119e-02
9.477000000000472e-07	-2.099338e-03	6.248490e-03	1.155905e-02
9.479000000000472e-07	-2.040880e-03	6.307406e-03	1.208229e-02
9.483000000000472e-07	-1.914294e-03	6.427155e-03	1.308379e-02
9.485000000000472e-07	-1.845962e-03	6.487176e-03	1.355807e-02
9.487000000000472e-07	-1.774849e-03	6.548194e-03	1.400852e-02
9.489000000000473e-07	-1.701853e-03	6.611914e-03	1.443079e-02
9.491000000000473e-07	-1.628066e-03	6.680603e-03	1.482512e-02
9.493000000000473e-07	-1.554593e-03	6.756750e-03	1.519816e-02
9.495000000000473e-07	-1.482358e-03	6.842704e-03	1.556138e-02
9.497000000000473e-07	-1.411960e-03	6.940336e-03	1.592687e-02
9.499000000000473e-07	-1.343588e-03	7.050781e-03	1.630411e-02
9.501000000000473e-07	-1.277009e-03	7.174286e-03	1.669931e-02
9.503000000000474e-07	-1.211628e-03	7.310177e-03	1.711597e-02
9.505000000000474e-07	-1.146600e-03	7.456939e-03	1.755500e-02
9.507000000000474e-07	-1.080981e-03	7.612381e-03	1.801472e-02
9.509000000000474e-07	-1.013874e-03	7.773852e-03	1.849199e-02
9.513000000000474e-07	-8.726846e-04	8.103476e-03	1.948844e-02
9.515000000000475e-07	-7.981359e-04	8.266184e-03	2.000341e-02
9.517000000000475e-07	-7.212305e-04	8.424383e-03	2.052591e-02
9.519000000000475e-07	-6.425797e-04	8.576302e-03	2.105294e-02
9.521000000000475e-07	-5.630267e-04	8.720667e-03	2.158301e-02
9.523000000000475e-07	-4.835401e-04	8.856690e-03	2.211693e-02
9.525000000000475e-07	-4.050981e-04	8.984010e-03	2.265677e-02
9.527000000000475e-07	-3.285783e-04	9.102626e-03	2.320343e-02
9.529000000000476e-07	-2.546679e-04	9.212814e-03	2.375405e-02
9.531000000000476e-07	-1.838067e-04	9.315053e-03	2.430089e-02
9.533000000000476e-07	-1.161680e-04	9.409961e-03	2.483246e-02
9.535000000000476e-07	-5.167023e-05	9.498263e-03	2.533668e-02
9.537000000000475e-07	1.000717e-05	9.580761e-03	2.580499e-02
9.539000000000475e-07	6.943382e-05	9.658334e-03	2.623525e-02
9.541000000000475e-07	1.274538e-04	9.731898e-03	2.663262e-02
9.543000000000476e-07	1.851457e-04	9.802385e-03	2.700777e-02
9.545000000000476e-07	2.436045e-04	9.870724e-03	2.737331e-02
9.547000000000476e-07	3.035280e-04	9.937874e-03	2.773970e-02
9.549000000000476e-07	3.648017e-04	1.000489e-02	2.811198e-02
9.551000000000476e-07	4.264543e-04	1.007300e-02	2.848823e-02
9.553000000000476e-07	4.872844e-04	1.014355e-02	2.886024e-02
9.555000000000476e-07	5.470685e-04	1.021793e-02	2.921595e-02
9.557000000000477e-07	6.076684e-04	1.029720e-02	2.954290e-02
9.559000000000477e-07	6.729677e-04	1.038180e-02	2.983180e-02
9.561000000000477e-07	7.469022e-04	1.047141e-02	3.007934e-02
9.563000000000477e-07	8.301761e-04	1.056522e-02	3.028942e-02
9.565000000000477e-07	9.179496e-04	1.066233e-02	3.047289e-02
9.567000000000477e-07	1.001165e-03	1.076219e-02	3.064578e-02
9.569000000000478e-07	1.071903e-03	1.086467e-02	3.082648e-02
9.571000000000478e-07	1.129371e-03	1.096992e-02	3.103267e-02
9.573000000000478e-07	1.181466e-03	1.107801e-02	3.127836e-02
9.575000000000478e-07	1.240008e-03	1.118865e-02	3.157185e-02
9.577000000000478e-07	1.313335e-03	1.130100e-02	3.191464e-02
9.579000000000478e-07	1.402268e-03	1.141349e-02	3.230165e-02
9.581000000000478e-07	1.501863e-03	1.152372e-02	3.272233e-02
9.583000000000479e-07	1.605753e-03	1.162853e-02	3.316263e-02
9.585000000000479e-07	1.708579e-03	1.172457e-02	3.360732e-02
9.587000000000479e-07	1.805809e-03	1.180935e-02	3.404228e-02
9.589000000000479e-07	1.894145e-03	1.188239e-02	3.445641e-02
9.591000000000479e-07	1.974511e-03	1.194574e-02	3.484301e-02
9.593000000000479e-07	2.054702e-03	1.200380e-02	3.520032e-02
9.595000000000479e-07	2.146447e-03	1.206221e-02	3.553146e-02
9.597000000000480e-07	2.256407e-03	1.212600e-02	3.584358e-02
9.599000000000480e-07	2.378593e-03	1.219761e-02	3.614669e-02
9.601000000000480e-07	2.497235e-03	1.227591e-02	3.645212e-02
9.603000000000480e-07	2.599856e-03	1.235714e-02	3.677099e-02
9.605000000000480e-07	2.688908e-03	1.243741e-02	3.711285e-02
9.607000000000480e-07	2.780362e-03	1.251489e-02	3.748456e-02
9.609000000000481e-07	2.890576e-03	1.259044e-02	3.788967e-02
9.611000000000481e-07	3.024157e-03	1.266655e-02	3.832806e-02
9.613000000000481e-07	3.172882e-03	1.274588e-02	3.879621e-02
9.615000000000481e-07	3.323569e-03	1.283016e-02	3.928758e-02
9.617000000000481e-07	3.465879e-03	1.291998e-02	3.979344e-02
9.619000000000481e-07	3.594838e-03	1.301525e-02	4.030371e-02
9.621000000000481e-07	3.709695e-03	1.311585e-02	4.080792e-02
9.623000000000482e-07	3.812436e-03	1.322203e-02	4.129609e-02
9.625000000000482e-07	3.906940e-03	1.333441e-02	4.175951e-02
9.627000000000482e-07	3.998111e-03	1.345342e-02	4.219123e-02
9.629000000000482e-07	4.090798e-03	1.357851e-02	4.258647e-02
9.631000000000482e-07	4.188908e-03	1.370764e-02	4.294265e-02
9.633000000000482e-07	4.294878e-03	1.383722e-02	4.325940e-02
9.635000000000482e-07	4.409421e-03	1.396263e-02	4.353833e-02
9.637000000000483e-07	4.531460e-03	1.407913e-02	4.378282e-02
9.639000000000483e-07	4.658305e-03	1.418289e-02	4.399774e-02
9.641000000000483e-07	4.786094e-03	1.427182e-02	4.418923e-02
9.643000000000483e-07	4.910446e-03	1.434591e-02	4.436419e-02
9.645000000000483e-07	5.027189e-03	1.440716e-02	4.452946e-02
9.647000000000483e-07	5.133066e-03	1.445904e-02	4.469076e-02
9.649000000000484e-07	5.226256e-03	1.450568e-02	4.485209e-02
9.651000000000484e-07	5.306646e-03	1.455106e-02	4.501586e-02
9.653000000000484e-07	5.375788e-03	1.459829e-02	4.518330e-02
9.655000000000484e-07	5.436589e-03	1.464922e-02	4.535510e-02
9.657000000000484e-07	5.492788e-03	1.470432e-02	4.553268e-02
9.659000000000484e-07	5.548334e-03	1.476284e-02	4.571947e-02
9.661000000000484e-07	5.606798e-03	1.482324e-02	4.592093e-02
9.663000000000485e-07	5.670888e-03	1.488364e-02	4.614183e-02
9.665000000000485e-07	5.742163e-03	1.494231e-02	4.638215e-02
9.667000000000485e-07	5.820957e-03	1.499800e-02	4.663445e-02
9.669000000000485e-07	5.906510e-03	1.505016e-02	4.688537e-02
9.671000000000485e-07	5.997250e-03	1.509898e-02	4.712096e-02
9.673000000000485e-07	6.091175e-03	1.514528e-02	4.733287e-02
9.675000000000485e-07	6.186253e-03	1.519035e-02	4.752148e-02
9.677000000000486e-07	6.280774e-03	1.523564e-02	4.769408e-02
9.679000000000486e-07	6.373615e-03	1.528259e-02	4.786020e-02
9.681000000000486e-07	6.464379e-03	1.533244e-02	4.802748e-02
9.683000000000486e-07	6.553412e-03	1.538607e-02	4.819961e-02
9.685000000000486e-07	6.641701e-03	1.544403e-02	4.837484e-02
9.687000000000486e-07	6.730697e-03	1.550652e-02	4.854482e-02
9.689000000000487e-07	6.822081e-03	1.557348e-02	4.869649e-02
9.691000000000487e-07	6.917527e-03	1.564470e-02	4.881855e-02
9.693000000000487e-07	7.018485e-03	1.571987e-02	4.890899e-02
9.695000000000487e-07	7.126010e-03	1.579866e-02	4.897706e-02
9.697000000000487e-07	7.240663e-03	1.588078e-02	4.903772e-02
9.699000000000487e-07	7.362468e-03	1.596592e-02	4.910313e-02
9.701000000000487e-07	7.490940e-03	1.605373e-02	4.917826e-02
9.703000000000488e-07	7.625162e-03	1.614379e-02	4.926261e-02
9.705000000000488e-07	7.763894e-03	1.623550e-02	4.935527e-02
9.707000000000488e-07	7.905700e-03	1.632807e-02	4.945847e-02
9.709000000000488e-07	8.049075e-03	1.642048e-02	4.957760e-02
9.711000000000488e-07	8.192557e-03	1.651149e-02	4.971855e-02
9.713000000000488e-07	8.334817e-03	1.659971e-02	4.988449e-02
9.715000000000488e-07	8.474723e-03	1.668363e-02	5.007418e-02
9.717000000000489e-07	8.611358e-03	1.676180e-02	5.028245e-02
9.719000000000489e-07	8.744026e-03	1.683287e-02	5.050262e-02
9.723000000000489e-07	8.995761e-03	1.694966e-02	5.096042e-02
9.725000000000489e-07	9.114545e-03	1.699418e-02	5.119718e-02
9.727000000000489e-07	9.228804e-03	1.702934e-02	5.144287e-02
9.729000000000490e-07	9.338898e-03	1.705573e-02	5.170042e-02
9.731000000000490e-07	9.445168e-03	1.707464e-02	5.197020e-02
9.733000000000490e-07	9.547734e-03	1.708801e-02	5.224869e-02
9.735000000000490e-07	9.646373e-03	1.709815e-02	5.252850e-02
9.737000000000490e-07	9.740687e-03	1.710724e-02	5.279954e-02
9.739000000000490e-07	9.830602e-03	1.711673e-02	5.305097e-02
9.741000000000490e-07	9.917006e-03	1.712706e-02	5.327331e-02
9.743000000000491e-07	1.000204e-02	1.713808e-02	5.346003e-02
9.745000000000491e-07	1.008861e-02	1.715025e-02	5.360849e-02
9.747000000000491e-07	1.017900e-02	1.716570e-02	5.371974e-02
9.749000000000491e-07	1.027351e-02	1.718817e-02	5.379768e-02
9.751000000000491e-07	1.036986e-02	1.722116e-02	5.384767e-02
9.753000000000491e-07	1.046428e-02	1.726529e-02	5.387503e-02
9.755000000000491e-07	1.055363e-02	1.731713e-02	5.388384e-02
9.757000000000492e-07	1.063740e-02	1.737059e-02	5.387616e-02
9.759000000000492e-07	1.071823e-02	1.742020e-02	5.385197e-02
9.761000000000492e-07	1.080067e-02	1.746373e-02	5.380955e-02
9.763000000000492e-07	1.088923e-02	1.750216e-02	5.374629e-02
9.765000000000492e-07	1.098680e-02	1.753769e-02	5.365981e-02
9.767000000000492e-07	1.109412e-02	1.757186e-02	5.354885e-02
9.769000000000493e-07	1.120982e-02	1.760523e-02	5.341405e-02
9.771000000000493e-07	1.133054e-02	1.763780e-02	5.325837e-02
9.773000000000493e-07	1.145095e-02	1.766874e-02	5.308703e-02
9.775000000000493e-07	1.156440e-02	1.769540e-02	5.290710e-02
9.777000000000493e-07	1.166479e-02	1.771372e-02	5.272688e-02
9.779000000000493e-07	1.174929e-02	1.772098e-02	5.255496e-02
9.781000000000493e-07	1.182046e-02	1.771932e-02	5.239943e-02
9.783000000000494e-07	1.188568e-02	1.771585e-02	5.226709e-02
9.785000000000494e-07	1.195386e-02	1.771828e-02	5.216287e-02
9.787000000000494e-07	1.203117e-02	1.772913e-02	5.208952e-02
9.789000000000494e-07	1.211875e-02	1.774405e-02	5.204757e-02
9.791000000000494e-07	1.221346e-02	1.775582e-02	5.203550e-02
9.793000000000494e-07	1.231058e-02	1.776032e-02	5.205007e-02
9.795000000000494e-07	1.240625e-02	1.775934e-02	5.208685e-02
9.797000000000495e-07	1.249849e-02	1.775863e-02	5.214065e-02
9.799000000000495e-07	1.258700e-02	1.776406e-02	5.220604e-02
9.801000000000495e-07	1.267257e-02	1.777918e-02	5.227771e-02
9.803000000000495e-07	1.275651e-02	1.780517e-02	5.235079e-02
9.805000000000495e-07	1.284009e-02	1.784164e-02	5.242098e-02
9.807000000000495e-07	1.292427e-02	1.788719e-02	5.248463e-02
9.809000000000496e-07	1.300975e-02	1.793948e-02	5.253871e-02
9.811000000000496e-07	1.309718e-02	1.799533e-02	5.258067e-02
9.813000000000496e-07	1.318745e-02	1.805105e-02	5.260831e-02
9.815000000000496e-07	1.328168e-02	1.810296e-02	5.261971e-02
9.817000000000496e-07	1.338096e-02	1.814801e-02	5.261315e-02
9.819000000000496e-07	1.348594e-02	1.818451e-02	5.258717e-02
9.821000000000496e-07	1.359642e-02	1.821243e-02	5.254065e-02
9.823000000000497e-07	1.371120e-02	1.823352e-02	5.247289e-02
9.825000000000497e-07	1.382818e-02	1.825080e-02	5.238389e-02
9.827000000000497e-07	1.394467e-02	1.826781e-02	5.227429e-02
9.829000000000497e-07	1.405798e-02	1.828768e-02	5.214525e-02
9.831000000000497e-07	1.416588e-02	1.831227e-02	5.199798e-02
9.835000000000497e-07	1.436100e-02	1.837391e-02	5.165263e-02
9.837000000000498e-07	1.444857e-02	1.840565e-02	5.145685e-02
9.839000000000498e-07	1.453110e-02	1.843243e-02	5.124985e-02
9.841000000000498e-07	1.461029e-02	1.844976e-02	5.103889e-02
9.843000000000498e-07	1.468779e-02	1.845390e-02	5.083431e-02
9.845000000000498e-07	1.476484e-02	1.844254e-02	5.064618e-02
9.847000000000498e-07	1.484204e-02	1.841523e-02	5.047962e-02
9.849000000000499e-07	1.491929e-02	1.837344e-02	5.033201e-02
9.851000000000499e-07	1.499594e-02	1.832022e-02	5.019453e-02
9.853000000000499e-07	1.507096e-02	1.825977e-02	5.005763e-02
9.855000000000499e-07	1.514320e-02	1.819672e-02	4.991726e-02
9.857000000000499e-07	1.521169e-02	1.813542e-02	4.977757e-02
9.859000000000499e-07	1.527587e-02	1.807942e-02	4.964817e-02
9.861000000000499e-07	1.533568e-02	1.803098e-02	4.953795e-02
9.863000000000500e-07	1.539162e-02	1.799092e-02	4.945007e-02
9.865000000000500e-07	1.544471e-02	1.795865e-02	4.938058e-02
9.867000000000500e-07	1.549632e-02	1.793238e-02	4.931908e-02
9.869000000000500e-07	1.554799e-02	1.790955e-02	4.924998e-02
9.871000000000500e-07	1.560127e-02	1.788723e-02	4.915521e-02
9.873000000000500e-07	1.565751e-02	1.786264e-02	4.902036e-02
9.875000000000500e-07	1.571772e-02	1.783352e-02	4.884160e-02
9.877000000000501e-07	1.578253e-02	1.779842e-02	4.862748e-02
9.879000000000501e-07	1.585211e-02	1.775688e-02	4.839301e-02
9.881000000000501e-07	1.592624e-02	1.770945e-02	4.815045e-02
9.883000000000501e-07	1.600435e-02	1.765758e-02	4.790379e-02
9.885000000000501e-07	1.608563e-02	1.760340e-02	4.765026e-02
9.887000000000501e-07	1.616915e-02	1.754949e-02	4.738579e-02
9.889000000000502e-07	1.625390e-02	1.749855e-02	4.710937e-02
9.891000000000502e-07	1.633893e-02	1.745313e-02	4.682356e-02
9.893000000000502e-07	1.642337e-02	1.741537e-02	4.653197e-02
9.895000000000502e-07	1.650646e-02	1.738682e-02	4.623624e-02
9.897000000000502e-07	1.658758e-02	1.736834e-02	4.593485e-02
9.899000000000502e-07	1.666618e-02	1.736004e-02	4.562466e-02
9.901000000000502e-07	1.674182e-02	1.736133e-02	4.530415e-02
9.903000000000503e-07	1.681411e-02	1.737102e-02	4.497667e-02
9.905000000000503e-07	1.688279e-02	1.738741e-02	4.465172e-02
9.907000000000503e-07	1.694773e-02	1.740849e-02	4.434358e-02
9.909000000000503e-07	1.700898e-02	1.743201e-02	4.406764e-02
9.911000000000503e-07	1.706653e-02	1.745568e-02	4.383588e-02
9.913000000000503e-07	1.712012e-02	1.747734e-02	4.365306e-02
9.915000000000503e-07	1.716900e-02	1.749513e-02	4.351480e-02
9.917000000000504e-07	1.721217e-02	1.750764e-02	4.340819e-02
9.919000000000504e-07	1.724906e-02	1.751397e-02	4.331431e-02
9.921000000000504e-07	1.728054e-02	1.751362e-02	4.321225e-02
9.923000000000504e-07	1.730940e-02	1.750623e-02	4.308318e-02
9.925000000000504e-07	1.733969e-02	1.749130e-02	4.291365e-02
9.927000000000504e-07	1.737459e-02	1.746821e-02	4.269752e-02
9.929000000000505e-07	1.741377e-02	1.743653e-02	4.243613e-02
9.931000000000505e-07	1.745250e-02	1.739654e-02	4.213714e-02
9.933000000000505e-07	1.748401e-02	1.734946e-02	4.181221e-02
9.935000000000505e-07	1.750456e-02	1.729727e-02	4.147441e-02
9.937000000000505e-07	1.751756e-02	1.724217e-02	4.113578e-02
9.939000000000505e-07	1.753281e-02	1.718600e-02	4.080543e-02
9.941000000000505e-07	1.756078e-02	1.712986e-02	4.048857e-02
9.943000000000506e-07	1.760603e-02	1.707400e-02	4.018635e-02
9.945000000000506e-07	1.766522e-02	1.701786e-02	3.989637e-02
9.947000000000506e-07	1.773048e-02	1.696025e-02	3.961374e-02
9.949000000000506e-07	1.779424e-02	1.689973e-02	3.933229e-02
9.951000000000506e-07	1.785147e-02	1.683519e-02	3.904568e-02
9.953000000000506e-07	1.789921e-02	1.676666e-02	3.874838e-02
9.955000000000507e-07	1.793649e-02	1.669568e-02	3.843614e-02
9.957000000000507e-07	1.796621e-02	1.662521e-02	3.810631e-02
9.959000000000507e-07	1.799600e-02	1.655879e-02	3.775776e-02
9.961000000000507e-07	1.803445e-02	1.649924e-02	3.739061e-02
9.963000000000507e-07	1.808352e-02	1.644726e-02	3.700596e-02
9.965000000000507e-07	1.813434e-02	1.640043e-02	3.660555e-02
9.967000000000507e-07	1.817261e-02	1.635365e-02	3.619158e-02
9.969000000000508e-07	1.819088e-02	1.630116e-02	3.576658e-02
9.971000000000508e-07	1.819636e-02	1.623909e-02	3.533340e-02
9.973000000000508e-07	1.820607e-02	1.616696e-02	3.489530e-02
9.975000000000508e-07	1.823329e-02	1.608714e-02	3.445598e-02
9.977000000000508e-07	1.827785e-02	1.600298e-02	3.401963e-02
9.979000000000508e-07	1.832826e-02	1.591705e-02	3.359092e-02
9.981000000000508e-07	1.837136e-02	1.583047e-02	3.317477e-02
9.983000000000509e-07	1.839985e-02	1.574316e-02	3.277617e-02
9.985000000000509e-07	1.841349e-02	1.565474e-02	3.239974e-02
9.987000000000509e-07	1.841631e-02	1.556521e-02	3.204938e-02
9.989000000000509e-07	1.841401e-02	1.547528e-02	3.172784e-02
9.991000000000509e-07	1.841265e-02	1.538619e-02	3.143634e-02
9.993000000000509e-07	1.841772e-02	1.529919e-02	3.117432e-02
9.995000000000510e-07	1.843312e-02	1.521500e-02	3.093925e-02
9.997000000000510e-07	1.846056e-02	1.513362e-02	3.072665e-02
9.999000000000510e-07	1.849944e-02	1.505432e-02	3.052946e-02
1.000000000000000e-06	1.852256e-02	1.501525e-02	3.043498e-02
